"casenum","date","weight_","hhcode","pid","reltype","relid","relde","s10_3q4","s10_3q5","s10_3q6","s10_3q7","s10_3q8","s10_3q9"
308,"6/06/99",1,110111,2,1,2,"Brother",1,0,1,0,0,1
309,"6/06/99",1,110111,2,1,3,"Sister",1,0,1,0,0,1
310,"6/06/99",1,110111,2,2,2,"Brother",2,0,2,0,0,2
311,"6/06/99",1,110112,2,1,1,"Parents",1,0,1,0,0,0
312,"6/06/99",1,110112,2,1,2,"Brother",3,0,3,0,0,1
313,"6/06/99",1,110112,2,1,4,"Uncle",3,0,3,0,0,0
314,"6/06/99",1,110112,2,2,1,"Parents",1,0,1,0,0,0
315,"6/06/99",1,110112,2,2,2,"Brother",1,1,1,0,0,0
316,"6/06/99",1,110112,2,2,3,"Sister",6,6,3,1,2,1
317,"6/06/99",1,110112,2,2,4,"Uncle",3,3,0,0,3,0
318,"6/06/99",1,110112,2,2,5,"Aunt",3,3,0,0,3,0
395,"6/06/99",1,110141,1,1,2,"Brother",1,1,1,0,0,0
396,"6/06/99",1,110141,1,1,3,"Sister",5,3,0,3,2,0
397,"6/06/99",1,110141,1,1,4,"Uncle",1,1,0,1,0,0
398,"6/06/99",1,110141,1,2,1,"Parents",2,2,0,0,2,1
399,"6/06/99",1,110141,1,2,2,"Brother",2,2,0,0,2,0
400,"6/06/99",1,110141,1,2,4,"Uncle",5,5,0,0,5,0
401,"6/06/99",1,110141,1,2,5,"Aunt",2,2,0,0,2,0
435,"6/06/99",1,110151,1,1,2,"Brother",3,3,2,1,0,0
436,"6/06/99",1,110151,1,1,3,"Sister",3,3,1,2,0,0
437,"6/06/99",1,110151,1,1,4,"Uncle",1,1,0,1,0,0
438,"6/06/99",1,110151,1,2,1,"Parents",2,2,0,2,0,0
439,"6/06/99",1,110151,1,2,2,"Brother",2,2,0,2,0,1
440,"6/06/99",1,110151,1,2,3,"Sister",2,2,0,1,1,0
441,"6/06/99",1,110151,1,2,4,"Uncle",4,4,0,2,2,0
442,"6/06/99",1,110151,1,2,5,"Aunt",2,2,0,0,2,0
319,"6/06/99",1,110211,2,1,1,"Parents",1,0,1,0,0,0
320,"6/06/99",1,110211,2,1,2,"Brother",2,1,2,0,0,1
321,"6/06/99",1,110211,2,1,3,"Sister",1,1,0,0,1,0
322,"6/06/99",1,110211,2,1,4,"Uncle",2,1,0,2,0,1
323,"6/06/99",1,110211,2,2,1,"Parents",1,0,0,1,0,0
324,"6/06/99",1,110211,2,2,2,"Brother",2,2,0,2,0,0
325,"6/06/99",1,110211,2,2,3,"Sister",1,0,0,1,0,0
402,"6/06/99",1,110241,2,2,2,"Brother",1,0,0,1,0,0
403,"6/06/99",1,110241,2,2,3,"Sister",2,0,0,1,1,0
404,"6/06/99",1,110241,2,2,5,"Aunt",2,2,0,0,2,0
443,"6/06/99",1,110251,1,1,2,"Brother",2,2,2,0,0,0
444,"6/06/99",1,110251,1,1,7,"Daughter",2,2,1,0,1,0
445,"6/06/99",1,110251,2,2,1,"Parents",2,2,0,0,2,0
446,"6/06/99",1,110251,2,2,2,"Brother",4,4,0,0,4,0
447,"6/06/99",1,110251,2,2,3,"Sister",2,2,0,0,2,0
448,"6/06/99",1,110251,2,2,4,"Uncle",2,2,0,0,2,0
326,"6/06/99",1,110311,2,2,1,"Parents",1,0,1,0,0,0
327,"6/06/99",1,110311,2,2,7,"Daughter",3,0,2,0,1,3
405,"6/06/99",1,110341,1,1,1,"Parents",2,2,2,0,0,0
406,"6/06/99",1,110341,1,1,2,"Brother",1,1,1,0,0,0
407,"6/06/99",1,110341,1,1,3,"Sister",3,1,2,1,0,0
408,"6/06/99",1,110341,1,2,1,"Parents",2,2,0,2,0,0
409,"6/06/99",1,110341,1,2,2,"Brother",3,3,0,3,0,0
410,"6/06/99",1,110341,1,2,3,"Sister",1,1,0,1,0,0
411,"6/06/99",1,110341,1,2,4,"Uncle",4,4,0,1,3,0
412,"6/06/99",1,110341,1,2,5,"Aunt",4,4,0,3,1,0
449,"6/06/99",1,110351,1,1,1,"Parents",2,2,2,0,0,0
450,"6/06/99",1,110351,1,1,2,"Brother",3,3,3,0,0,0
451,"6/06/99",1,110351,1,1,3,"Sister",4,4,0,2,2,0
452,"6/06/99",1,110351,1,1,4,"Uncle",4,4,0,4,0,0
453,"6/06/99",1,110351,1,1,5,"Aunt",3,3,0,0,3,0
454,"6/06/99",1,110351,2,2,1,"Parents",1,1,0,0,1,0
455,"6/06/99",1,110351,2,2,2,"Brother",3,3,0,0,3,0
456,"6/06/99",1,110351,2,2,3,"Sister",3,3,0,0,3,0
457,"6/06/99",1,110351,2,2,4,"Uncle",5,5,0,0,5,0
458,"6/06/99",1,110351,2,2,5,"Aunt",4,0,0,0,4,0
459,"6/06/99",1,110352,2,1,1,"Parents",2,2,2,0,0,0
460,"6/06/99",1,110352,2,1,2,"Brother",3,3,3,0,0,0
461,"6/06/99",1,110352,2,1,3,"Sister",4,4,0,2,2,0
462,"6/06/99",1,110352,2,1,4,"Uncle",4,4,0,4,0,0
463,"6/06/99",1,110352,2,1,5,"Aunt",3,3,0,0,3,0
464,"6/06/99",1,110352,2,2,1,"Parents",2,2,0,2,0,0
465,"6/06/99",1,110352,2,2,2,"Brother",4,4,0,4,0,0
466,"6/06/99",1,110352,2,2,4,"Uncle",7,7,0,7,0,0
467,"6/06/99",1,110352,2,2,5,"Aunt",4,4,0,2,2,0
328,"6/06/99",1,110411,1,1,2,"Brother",1,1,1,0,0,1
329,"6/06/99",1,110411,1,1,3,"Sister",2,2,1,0,1,0
330,"6/06/99",1,110411,1,2,2,"Brother",2,2,0,0,2,1
331,"6/06/99",1,110411,1,2,3,"Sister",1,1,0,0,1,0
413,"6/06/99",1,110441,2,1,1,"Parents",1,0,1,0,0,0
414,"6/06/99",1,110441,2,1,4,"Uncle",1,0,0,1,0,0
415,"6/06/99",1,110441,2,1,5,"Aunt",1,0,1,0,0,0
416,"6/06/99",1,110441,3,2,1,"Parents",2,0,0,0,2,0
417,"6/06/99",1,110441,3,2,2,"Brother",1,0,0,0,1,0
418,"6/06/99",1,110441,3,2,3,"Sister",4,0,0,0,4,0
419,"6/06/99",1,110441,3,2,4,"Uncle",6,6,0,0,6,0
420,"6/06/99",1,110441,3,2,5,"Aunt",6,6,0,0,6,0
468,"6/06/99",1,110459,1,1,1,"Parents",1,1,1,0,0,0
469,"6/06/99",1,110459,1,1,2,"Brother",3,3,3,0,0,0
470,"6/06/99",1,110459,1,1,3,"Sister",2,2,0,0,2,0
471,"6/06/99",1,110459,1,1,7,"Daughter",1,1,1,0,0,0
472,"6/06/99",1,110459,1,2,2,"Brother",2,2,2,0,0,0
473,"6/06/99",1,110459,1,2,3,"Sister",4,4,0,3,1,0
332,"6/06/99",1,110511,1,1,2,"Brother",1,1,1,0,0,0
333,"6/06/99",1,110511,1,1,3,"Sister",5,5,1,4,0,2
334,"6/06/99",1,110511,1,2,1,"Parents",1,1,0,0,1,1
335,"6/06/99",1,110511,1,2,2,"Brother",2,2,0,0,2,1
336,"6/06/99",1,110511,1,2,3,"Sister",2,2,0,1,1,0
337,"6/06/99",1,110511,1,2,4,"Uncle",2,2,0,0,2,0
338,"6/06/99",1,110511,1,2,5,"Aunt",7,3,0,7,0,0
421,"6/06/99",1,110541,1,1,2,"Brother",2,2,0,2,0,0
422,"6/06/99",1,110541,1,1,3,"Sister",1,1,0,1,0,0
423,"6/06/99",1,110541,1,1,6,"Son",2,0,1,1,0,0
424,"6/06/99",1,110541,1,1,7,"Daughter",1,1,0,1,0,0
425,"6/06/99",1,110541,1,2,2,"Brother",2,2,0,2,0,0
426,"6/06/99",1,110542,2,1,1,"Parents",2,0,0,2,0,0
427,"6/06/99",1,110542,2,1,2,"Brother",3,0,0,3,0,0
428,"6/06/99",1,110542,2,1,3,"Sister",1,1,0,1,0,0
429,"6/06/99",1,110542,2,1,4,"Uncle",2,2,0,2,0,0
430,"6/06/99",1,110542,2,1,5,"Aunt",1,1,0,1,0,0
431,"6/06/99",1,110542,2,2,1,"Parents",2,0,0,2,0,0
432,"6/06/99",1,110542,2,2,3,"Sister",1,0,0,1,0,0
433,"6/06/99",1,110542,2,2,4,"Uncle",3,0,0,3,0,0
434,"6/06/99",1,110542,2,2,5,"Aunt",2,1,0,2,0,0
339,"6/06/99",1,110611,1,1,2,"Brother",1,1,1,0,0,1
340,"6/06/99",1,110611,1,1,3,"Sister",2,0,1,1,0,1
341,"6/06/99",1,110611,1,1,4,"Uncle",1,0,1,0,0,1
342,"6/06/99",1,110611,1,1,5,"Aunt",1,0,0,1,0,0
343,"6/06/99",1,110611,1,2,1,"Parents",1,0,0,0,1,0
344,"6/06/99",1,110611,1,2,2,"Brother",2,2,0,0,2,0
345,"6/06/99",1,110611,1,2,3,"Sister",5,5,0,0,5,0
346,"6/06/99",1,110611,1,2,4,"Uncle",1,1,0,0,1,0
347,"6/06/99",1,110611,1,2,5,"Aunt",3,3,0,0,3,0
348,"6/06/99",1,110612,1,1,2,"Brother",1,1,1,0,0,0
349,"6/06/99",1,110612,1,1,3,"Sister",2,1,1,1,0,1
350,"6/06/99",1,110612,1,1,4,"Uncle",1,1,1,0,0,0
351,"6/06/99",1,110612,1,1,5,"Aunt",1,1,0,1,0,0
352,"6/06/99",1,110612,1,1,7,"Daughter",1,1,0,1,0,0
353,"6/06/99",1,110612,1,2,1,"Parents",2,2,0,0,2,0
354,"6/06/99",1,110612,1,2,2,"Brother",3,3,0,0,3,2
355,"6/06/99",1,110612,1,2,3,"Sister",2,0,0,2,0,0
356,"6/06/99",1,110612,1,2,4,"Uncle",1,0,0,0,1,0
357,"6/06/99",1,110612,1,2,5,"Aunt",1,0,0,0,1,0
358,"6/06/99",1,110711,3,1,3,"Sister",1,0,0,1,0,0
359,"6/06/99",1,110811,2,1,1,"Parents",1,1,0,0,1,0
360,"6/06/99",1,110811,2,1,2,"Brother",2,2,0,0,2,0
361,"6/06/99",1,110811,2,1,3,"Sister",3,3,0,2,1,0
362,"6/06/99",1,110811,2,1,4,"Uncle",6,6,0,2,4,0
363,"6/06/99",1,110811,2,2,2,"Brother",2,2,2,0,0,0
364,"6/06/99",1,110811,2,2,3,"Sister",1,1,0,1,0,0
365,"6/06/99",1,110911,1,1,1,"Parents",1,0,1,0,0,0
366,"6/06/99",1,110911,1,1,2,"Brother",2,0,1,0,1,2
367,"6/06/99",1,110911,1,1,3,"Sister",2,0,1,0,1,2
368,"6/06/99",1,110911,1,1,4,"Uncle",1,0,0,1,0,1
369,"6/06/99",1,110911,1,2,1,"Parents",1,0,0,1,0,0
370,"6/06/99",1,110911,1,2,2,"Brother",1,0,0,1,0,0
371,"6/06/99",1,110911,1,2,3,"Sister",2,0,0,0,2,0
372,"6/06/99",1,111011,1,1,1,"Parents",1,0,1,0,0,0
373,"6/06/99",1,111011,1,1,2,"Brother",1,1,1,0,0,0
374,"6/06/99",1,111011,1,1,3,"Sister",2,1,1,0,1,0
375,"6/06/99",1,111011,1,1,4,"Uncle",1,1,0,1,0,0
376,"6/06/99",1,111011,1,2,1,"Parents",1,0,1,0,0,0
377,"6/06/99",1,111011,1,2,2,"Brother",1,0,0,0,1,0
378,"6/06/99",1,111011,1,2,3,"Sister",2,0,1,0,1,1
379,"6/06/99",1,111111,4,1,2,"Brother",3,0,3,0,0,0
380,"6/06/99",1,111111,4,1,3,"Sister",2,1,0,0,2,0
381,"6/06/99",1,111111,4,1,4,"Uncle",1,1,1,0,0,0
382,"6/06/99",1,111111,4,2,1,"Parents",2,1,0,0,2,0
383,"6/06/99",1,111111,4,2,2,"Brother",2,0,0,0,2,0
384,"6/06/99",1,111111,4,2,3,"Sister",2,1,0,0,2,0
385,"6/06/99",1,111111,4,2,4,"Uncle",3,3,0,0,3,0
386,"6/06/99",1,111111,4,2,5,"Aunt",2,2,0,0,2,0
387,"6/06/99",1,111211,2,1,2,"Brother",2,2,2,0,0,0
388,"6/06/99",1,111211,2,1,3,"Sister",4,4,1,2,1,0
389,"6/06/99",1,111211,2,1,5,"Aunt",1,0,0,1,0,0
390,"6/06/99",1,111211,2,2,1,"Parents",1,1,0,0,1,0
391,"6/06/99",1,111211,2,2,2,"Brother",3,3,0,0,3,0
392,"6/06/99",1,111211,2,2,3,"Sister",2,2,0,0,2,0
393,"6/06/99",1,111211,2,2,4,"Uncle",6,6,0,0,6,0
394,"6/06/99",1,111211,2,2,5,"Aunt",3,3,0,0,3,0
182,"7/22/99",1,120111,1,1,2,"Brother",1,0,1,1,0,0
183,"7/22/99",1,120111,1,1,3,"Sister",1,1,0,0,1,0
184,"7/22/99",1,120111,1,1,7,"Daughter",2,2,1,1,0,0
185,"7/22/99",1,120111,1,2,1,"Parents",1,1,0,0,1,0
186,"7/22/99",1,120111,1,2,2,"Brother",2,2,0,0,2,0
187,"7/22/99",1,120111,1,2,3,"Sister",2,2,0,0,2,0
188,"7/22/99",1,120111,1,2,4,"Uncle",2,2,0,0,2,0
189,"7/22/99",1,120111,1,2,5,"Aunt",1,1,0,0,1,0
190,"7/22/99",1,120111,1,2,7,"Daughter",2,2,1,1,0,0
280,"7/22/99",1,120141,1,1,3,"Sister",2,2,1,1,1,0
281,"7/22/99",1,120141,1,1,7,"Daughter",4,3,1,1,2,0
282,"7/22/99",1,120141,2,2,1,"Parents",2,0,0,2,0,0
283,"7/22/99",1,120141,2,2,2,"Brother",1,0,0,0,1,0
284,"7/22/99",1,120141,2,2,3,"Sister",2,1,0,2,0,0
285,"7/22/99",1,120141,2,2,4,"Uncle",4,4,0,0,4,0
286,"7/22/99",1,120141,2,2,7,"Daughter",4,3,1,1,2,0
319,"7/22/99",1,120151,1,1,1,"Parents",1,1,1,1,0,0
320,"7/22/99",1,120151,1,1,2,"Brother",3,1,3,3,0,0
321,"7/22/99",1,120151,1,1,3,"Sister",2,0,1,1,1,0
322,"7/22/99",1,120151,6,2,1,"Parents",2,2,0,2,0,1
323,"7/22/99",1,120151,6,2,2,"Brother",2,2,0,2,0,0
324,"7/22/99",1,120151,6,2,3,"Sister",4,4,0,4,0,1
325,"7/22/99",1,120151,6,2,4,"Uncle",5,5,0,2,3,0
326,"7/22/99",1,120151,6,2,5,"Aunt",1,1,0,0,1,0
327,"7/22/99",1,120152,1,1,1,"Parents",1,1,1,1,0,0
328,"7/22/99",1,120152,1,1,2,"Brother",3,1,3,3,0,0
329,"7/22/99",1,120152,1,1,3,"Sister",2,0,1,1,1,0
191,"7/22/99",1,120211,1,1,1,"Parents",1,0,1,1,0,0
192,"7/22/99",1,120211,1,1,2,"Brother",3,0,2,2,1,0
193,"7/22/99",1,120211,1,1,4,"Uncle",5,2,2,2,3,1
194,"7/22/99",1,120211,1,1,5,"Aunt",5,2,0,0,5,0
195,"7/22/99",1,120212,1,1,1,"Parents",1,0,1,1,0,0
196,"7/22/99",1,120212,1,1,2,"Brother",3,0,2,2,1,1
197,"7/22/99",1,120212,1,1,4,"Uncle",5,2,2,2,3,0
198,"7/22/99",1,120212,1,1,5,"Aunt",5,2,0,0,5,1
199,"7/22/99",1,120212,2,2,1,"Parents",2,0,0,0,2,0
200,"7/22/99",1,120212,2,2,2,"Brother",5,0,0,0,5,0
201,"7/22/99",1,120212,2,2,4,"Uncle",4,0,0,0,4,0
202,"7/22/99",1,120212,2,2,5,"Aunt",3,0,0,0,3,0
287,"7/22/99",1,120241,1,1,1,"Parents",1,0,1,1,0,0
288,"7/22/99",1,120241,1,1,2,"Brother",1,1,1,1,0,0
289,"7/22/99",1,120241,1,1,3,"Sister",2,2,0,1,1,1
290,"7/22/99",1,120241,1,1,4,"Uncle",3,3,1,2,0,0
291,"7/22/99",1,120241,1,1,5,"Aunt",2,2,0,1,1,0
292,"7/22/99",1,120241,2,2,1,"Parents",2,0,2,2,0,0
293,"7/22/99",1,120241,2,2,2,"Brother",3,0,3,3,0,0
294,"7/22/99",1,120241,2,2,3,"Sister",5,5,0,3,2,0
295,"7/22/99",1,120241,2,2,5,"Aunt",3,3,0,2,1,0
296,"7/22/99",1,120242,1,1,1,"Parents",1,0,1,1,0,0
297,"7/22/99",1,120242,1,1,2,"Brother",1,1,1,1,0,0
298,"7/22/99",1,120242,1,1,3,"Sister",2,2,0,0,2,1
299,"7/22/99",1,120242,1,1,4,"Uncle",1,1,0,1,0,0
300,"7/22/99",1,120242,1,1,5,"Aunt",2,2,0,1,1,0
301,"7/22/99",1,120242,2,2,1,"Parents",1,0,0,0,1,0
302,"7/22/99",1,120242,2,2,2,"Brother",6,0,0,0,6,0
303,"7/22/99",1,120242,2,2,3,"Sister",2,2,0,0,2,0
304,"7/22/99",1,120242,2,2,4,"Uncle",2,2,0,0,2,0
330,"7/22/99",1,120251,1,1,1,"Parents",1,1,1,1,0,0
331,"7/22/99",1,120251,1,1,2,"Brother",5,3,5,5,0,0
332,"7/22/99",1,120251,1,1,3,"Sister",2,2,0,1,1,0
333,"7/22/99",1,120251,1,1,5,"Aunt",2,2,0,2,0,0
334,"7/22/99",1,120251,2,2,1,"Parents",1,1,0,1,0,0
335,"7/22/99",1,120251,2,2,2,"Brother",6,6,0,6,0,0
336,"7/22/99",1,120251,2,2,3,"Sister",6,6,0,0,6,0
337,"7/22/99",1,120351,1,1,2,"Brother",1,0,1,1,0,0
338,"7/22/99",1,120351,1,1,3,"Sister",7,5,0,3,4,1
339,"7/22/99",1,120351,1,1,4,"Uncle",5,5,0,5,0,0
340,"7/22/99",1,120351,1,1,5,"Aunt",1,1,0,1,0,0
341,"7/22/99",1,120351,2,2,1,"Parents",1,0,0,1,0,0
342,"7/22/99",1,120351,2,2,2,"Brother",4,0,0,4,0,0
343,"7/22/99",1,120351,2,2,3,"Sister",1,1,0,0,1,0
344,"7/22/99",1,120351,2,2,4,"Uncle",2,0,0,2,0,0
345,"7/22/99",1,120351,2,2,5,"Aunt",2,0,0,2,0,0
203,"7/22/99",1,120411,1,1,2,"Brother",1,1,1,1,0,0
204,"7/22/99",1,120411,1,1,3,"Sister",2,2,0,0,2,0
205,"7/22/99",1,120411,1,1,5,"Aunt",1,1,0,0,1,0
206,"7/22/99",1,120411,1,1,7,"Daughter",1,1,0,0,1,0
207,"7/22/99",1,120411,2,2,2,"Brother",3,3,0,0,3,1
208,"7/22/99",1,120411,2,2,3,"Sister",5,5,0,0,5,0
209,"7/22/99",1,120411,2,2,4,"Uncle",2,2,0,0,2,0
210,"7/22/99",1,120411,2,2,7,"Daughter",1,1,0,0,1,0
305,"7/22/99",1,120441,1,1,1,"Parents",1,0,1,1,0,0
306,"7/22/99",1,120441,1,1,3,"Sister",3,1,0,2,1,0
307,"7/22/99",1,120441,2,2,2,"Brother",1,1,0,1,0,0
308,"7/22/99",1,120441,2,2,3,"Sister",1,0,0,1,0,0
309,"7/22/99",1,120441,2,2,4,"Uncle",1,1,0,1,0,0
346,"7/22/99",1,120459,1,1,6,"Son",2,0,2,2,0,0
347,"7/22/99",1,120459,1,1,7,"Daughter",3,2,0,3,0,0
211,"7/22/99",1,120511,1,1,1,"Parents",1,0,1,1,0,0
212,"7/22/99",1,120511,1,1,2,"Brother",5,2,5,5,0,0
213,"7/22/99",1,120511,1,1,5,"Aunt",2,2,0,2,0,0
214,"7/22/99",1,120511,1,1,6,"Son",1,0,1,1,0,0
215,"7/22/99",1,120511,1,1,7,"Daughter",2,2,0,2,0,0
216,"7/22/99",1,120511,2,2,2,"Brother",2,2,0,0,2,0
217,"7/22/99",1,120511,2,2,3,"Sister",2,2,0,0,2,0
218,"7/22/99",1,120511,2,2,4,"Uncle",5,5,0,0,5,0
219,"7/22/99",1,120511,2,2,5,"Aunt",3,3,0,0,3,0
228,"7/22/99",1,120512,1,1,1,"Parents",2,0,2,2,0,0
229,"7/22/99",1,120512,1,1,2,"Brother",2,0,2,2,0,0
230,"7/22/99",1,120512,1,1,3,"Sister",4,0,2,2,0,0
231,"7/22/99",1,120512,1,1,4,"Uncle",7,4,5,5,2,0
232,"7/22/99",1,120512,1,1,5,"Aunt",4,2,0,4,0,0
233,"7/22/99",1,120512,2,2,1,"Parents",1,0,0,0,1,0
234,"7/22/99",1,120512,2,2,2,"Brother",4,0,0,0,4,0
235,"7/22/99",1,120512,2,2,3,"Sister",3,3,0,0,3,0
236,"7/22/99",1,120512,2,2,4,"Uncle",3,3,0,0,3,0
237,"7/22/99",1,120512,2,2,5,"Aunt",1,1,0,0,1,0
310,"7/22/99",1,120541,1,1,1,"Parents",2,2,2,2,0,0
311,"7/22/99",1,120541,1,1,2,"Brother",3,0,3,3,0,0
312,"7/22/99",1,120541,1,1,3,"Sister",2,1,0,1,1,0
313,"7/22/99",1,120541,1,1,5,"Aunt",2,0,0,0,2,0
314,"7/22/99",1,120541,2,2,1,"Parents",2,2,0,2,0,0
315,"7/22/99",1,120541,2,2,2,"Brother",1,0,0,1,0,0
316,"7/22/99",1,120541,2,2,3,"Sister",3,2,0,1,2,0
317,"7/22/99",1,120541,2,2,4,"Uncle",2,1,0,1,1,0
318,"7/22/99",1,120541,2,2,5,"Aunt",2,0,0,1,1,0
220,"7/22/99",1,120611,1,1,1,"Parents",1,1,1,1,0,0
221,"7/22/99",1,120611,1,1,3,"Sister",5,5,2,2,3,0
222,"7/22/99",1,120611,1,1,4,"Uncle",2,2,1,1,0,0
223,"7/22/99",1,120611,2,2,1,"Parents",2,2,0,2,0,0
224,"7/22/99",1,120611,2,2,2,"Brother",3,3,0,3,0,0
225,"7/22/99",1,120611,2,2,3,"Sister",3,3,0,3,0,0
226,"7/22/99",1,120611,2,2,4,"Uncle",4,4,0,4,0,0
227,"7/22/99",1,120611,2,2,5,"Aunt",1,1,0,1,0,0
238,"7/22/99",1,120711,1,1,2,"Brother",1,1,1,1,0,0
239,"7/22/99",1,120711,1,1,3,"Sister",2,0,0,2,0,0
240,"7/22/99",1,120711,2,2,1,"Parents",1,0,0,1,0,0
241,"7/22/99",1,120711,2,2,2,"Brother",3,0,0,3,0,0
242,"7/22/99",1,120711,2,2,3,"Sister",2,1,0,2,0,0
243,"7/22/99",1,120711,2,2,4,"Uncle",1,1,0,1,0,0
244,"7/22/99",1,120811,1,1,1,"Parents",1,0,1,1,0,0
245,"7/22/99",1,120811,1,1,4,"Uncle",3,0,0,3,0,0
246,"7/22/99",1,120811,1,1,5,"Aunt",1,0,0,0,1,0
247,"7/22/99",1,120811,2,2,1,"Parents",2,2,0,2,0,0
248,"7/22/99",1,120811,2,2,3,"Sister",1,1,0,1,0,0
249,"7/22/99",1,120811,2,2,4,"Uncle",5,5,0,5,0,0
250,"7/22/99",1,120911,1,1,2,"Brother",2,0,1,1,1,0
251,"7/22/99",1,120911,1,1,3,"Sister",2,2,0,0,2,0
252,"7/22/99",1,120911,1,1,4,"Uncle",1,0,0,1,0,0
253,"7/22/99",1,120911,1,1,5,"Aunt",1,1,0,0,1,0
254,"7/22/99",1,120911,2,2,1,"Parents",2,1,0,0,2,0
255,"7/22/99",1,120911,2,2,2,"Brother",2,0,0,0,2,0
256,"7/22/99",1,120911,2,2,3,"Sister",4,4,1,1,3,0
257,"7/22/99",1,121011,1,1,1,"Parents",1,0,1,1,0,0
258,"7/22/99",1,121011,1,1,2,"Brother",3,3,3,3,0,0
259,"7/22/99",1,121011,1,1,3,"Sister",3,3,0,3,0,0
260,"7/22/99",1,121011,1,1,4,"Uncle",4,3,0,4,0,0
261,"7/22/99",1,121011,1,1,5,"Aunt",2,2,0,0,2,0
262,"7/22/99",1,121011,2,2,1,"Parents",2,2,0,2,0,0
263,"7/22/99",1,121011,2,2,2,"Brother",3,0,0,3,0,0
264,"7/22/99",1,121011,2,2,3,"Sister",1,0,0,1,0,0
265,"7/22/99",1,121011,2,2,5,"Aunt",2,1,0,2,0,0
266,"7/22/99",1,121111,1,1,6,"Son",4,0,4,4,0,0
267,"7/22/99",1,121111,1,1,7,"Daughter",2,1,0,2,0,0
268,"7/22/99",1,121111,2,2,2,"Brother",3,0,0,0,3,0
269,"7/22/99",1,121111,2,2,3,"Sister",6,2,0,0,6,0
270,"7/22/99",1,121211,1,1,1,"Parents",2,0,2,2,0,0
271,"7/22/99",1,121211,1,1,2,"Brother",4,4,4,4,0,0
272,"7/22/99",1,121211,1,1,3,"Sister",1,1,0,1,0,0
273,"7/22/99",1,121211,1,1,4,"Uncle",2,2,0,0,2,0
274,"7/22/99",1,121211,1,1,5,"Aunt",1,1,0,0,1,0
275,"7/22/99",1,121211,1,1,7,"Daughter",1,1,0,1,0,0
276,"7/22/99",1,121211,2,2,1,"Parents",1,1,0,0,1,0
277,"7/22/99",1,121211,2,2,2,"Brother",2,2,0,0,2,1
278,"7/22/99",1,121211,2,2,3,"Sister",2,2,0,2,0,0
279,"7/22/99",1,121211,2,2,5,"Aunt",1,1,0,0,1,0
69,"8/03/99",1,130141,1,1,3,"Sister",3,2,0,2,1,2
70,"8/03/99",1,130141,1,1,4,"Uncle",2,2,0,2,0,0
71,"8/03/99",1,130141,1,1,5,"Aunt",2,2,0,1,1,0
72,"8/03/99",1,130141,1,1,7,"Daughter",1,0,0,0,1,1
73,"8/03/99",1,130141,2,2,1,"Parents",1,1,0,1,0,1
74,"8/03/99",1,130141,2,2,2,"Brother",2,2,0,2,0,2
75,"8/03/99",1,130141,2,2,3,"Sister",3,2,0,1,2,1
76,"8/03/99",1,130141,2,2,4,"Uncle",3,3,0,3,0,0
77,"8/03/99",1,130141,2,2,5,"Aunt",4,4,0,4,0,0
78,"8/03/99",1,130141,2,2,7,"Daughter",1,0,0,0,1,1
109,"8/03/99",1,130151,1,1,2,"Brother",1,1,0,1,0,0
110,"8/03/99",1,130151,1,1,4,"Uncle",2,2,1,1,1,0
111,"8/03/99",1,130151,2,2,1,"Parents",2,0,0,2,0,0
112,"8/03/99",1,130151,2,2,2,"Brother",2,0,0,2,0,0
113,"8/03/99",1,130151,2,2,4,"Uncle",2,2,0,2,0,0
114,"8/03/99",1,130151,2,2,5,"Aunt",4,2,1,2,2,0
1,"8/03/99",1,130211,1,1,2,"Brother",1,1,1,1,0,0
2,"8/03/99",1,130211,1,1,3,"Sister",1,1,1,1,0,0
3,"8/03/99",1,130211,1,1,7,"Daughter",2,2,1,1,1,0
4,"8/03/99",1,130211,2,2,1,"Parents",1,1,0,1,0,0
5,"8/03/99",1,130211,2,2,2,"Brother",3,3,0,3,0,0
6,"8/03/99",1,130211,2,2,3,"Sister",2,2,1,1,0,0
7,"8/03/99",1,130211,2,2,7,"Daughter",2,2,1,1,1,0
79,"8/03/99",1,130241,1,1,1,"Parents",2,0,2,2,0,0
80,"8/03/99",1,130241,1,1,2,"Brother",1,0,1,1,0,0
81,"8/03/99",1,130241,1,1,3,"Sister",1,1,0,0,1,0
82,"8/03/99",1,130241,1,1,4,"Uncle",2,1,2,2,0,0
83,"8/03/99",1,130241,2,2,1,"Parents",1,1,0,1,0,0
84,"8/03/99",1,130241,2,2,2,"Brother",2,2,0,2,0,0
85,"8/03/99",1,130241,2,2,3,"Sister",2,0,0,1,1,0
86,"8/03/99",1,130241,2,2,4,"Uncle",3,3,0,1,2,0
87,"8/03/99",1,130241,2,2,5,"Aunt",2,1,0,1,1,0
115,"8/03/99",1,130251,1,1,1,"Parents",1,1,1,1,0,0
116,"8/03/99",1,130251,1,1,3,"Sister",3,3,1,1,2,1
117,"8/03/99",1,130251,1,1,7,"Daughter",1,1,0,0,1,0
118,"8/03/99",1,130251,2,2,1,"Parents",1,0,0,1,0,0
119,"8/03/99",1,130251,2,2,2,"Brother",3,3,0,3,0,0
120,"8/03/99",1,130251,2,2,3,"Sister",2,2,0,2,0,0
121,"8/03/99",1,130251,2,2,4,"Uncle",1,1,0,1,0,0
122,"8/03/99",1,130251,2,2,7,"Daughter",1,1,0,0,1,0
8,"8/03/99",1,130311,1,1,2,"Brother",2,2,2,2,0,0
9,"8/03/99",1,130311,1,1,7,"Daughter",1,1,0,1,0,0
10,"8/03/99",1,130311,2,2,3,"Sister",2,2,0,2,0,0
11,"8/03/99",1,130311,2,2,7,"Daughter",1,1,0,1,0,0
123,"8/03/99",1,130351,1,1,1,"Parents",1,1,1,1,0,0
124,"8/03/99",1,130351,1,1,2,"Brother",4,4,4,4,0,0
125,"8/03/99",1,130351,1,1,3,"Sister",3,3,0,2,1,0
126,"8/03/99",1,130351,1,1,5,"Aunt",1,1,0,1,0,0
127,"8/03/99",1,130351,2,2,1,"Parents",2,2,0,1,1,0
128,"8/03/99",1,130351,2,2,2,"Brother",3,3,0,0,3,0
129,"8/03/99",1,130351,2,2,5,"Aunt",3,3,0,0,3,0
130,"8/03/99",1,130352,1,1,1,"Parents",1,1,1,1,0,0
131,"8/03/99",1,130352,1,1,2,"Brother",4,4,4,4,0,0
132,"8/03/99",1,130352,1,1,3,"Sister",3,0,0,2,1,0
133,"8/03/99",1,130352,1,1,5,"Aunt",1,1,0,1,0,0
134,"8/03/99",1,130352,2,2,1,"Parents",2,2,0,0,2,0
135,"8/03/99",1,130352,2,2,2,"Brother",4,4,0,0,4,0
136,"8/03/99",1,130352,2,2,3,"Sister",1,1,0,0,1,0
137,"8/03/99",1,130352,2,2,4,"Uncle",3,3,0,0,3,0
138,"8/03/99",1,130352,2,2,5,"Aunt",7,7,0,0,7,0
139,"8/03/99",1,130353,1,1,1,"Parents",1,1,1,1,0,0
140,"8/03/99",1,130353,1,1,2,"Brother",4,4,4,4,0,0
141,"8/03/99",1,130353,1,1,3,"Sister",3,3,0,2,1,0
142,"8/03/99",1,130353,1,1,5,"Aunt",1,1,0,1,0,0
143,"8/03/99",1,130353,2,2,1,"Parents",2,2,0,2,0,0
144,"8/03/99",1,130353,2,2,2,"Brother",1,1,0,1,0,0
145,"8/03/99",1,130353,2,2,3,"Sister",1,1,0,1,0,0
146,"8/03/99",1,130353,2,2,5,"Aunt",1,1,0,1,0,0
147,"8/03/99",1,130354,1,1,1,"Parents",1,1,1,1,0,0
148,"8/03/99",1,130354,1,1,2,"Brother",4,4,4,4,0,0
149,"8/03/99",1,130354,1,1,3,"Sister",3,3,0,2,1,1
150,"8/03/99",1,130354,1,1,5,"Aunt",1,1,0,1,0,0
151,"8/03/99",1,130354,2,2,1,"Parents",2,0,0,2,0,0
152,"8/03/99",1,130354,2,2,2,"Brother",2,2,0,2,0,0
153,"8/03/99",1,130354,2,2,3,"Sister",3,3,0,2,1,0
154,"8/03/99",1,130355,1,1,1,"Parents",1,1,1,1,0,0
155,"8/03/99",1,130355,1,1,2,"Brother",4,4,4,4,0,0
156,"8/03/99",1,130355,1,1,3,"Sister",3,3,0,2,1,0
157,"8/03/99",1,130355,1,1,5,"Aunt",1,1,0,1,0,0
158,"8/03/99",1,130355,2,2,1,"Parents",2,2,0,2,0,0
159,"8/03/99",1,130355,2,2,2,"Brother",3,3,0,3,0,0
160,"8/03/99",1,130355,2,2,3,"Sister",4,4,0,4,0,2
12,"8/03/99",1,130411,1,1,7,"Daughter",1,1,0,0,1,0
13,"8/03/99",1,130411,2,2,1,"Parents",1,1,0,1,0,0
14,"8/03/99",1,130411,2,2,2,"Brother",3,3,0,3,0,0
15,"8/03/99",1,130411,2,2,3,"Sister",3,3,0,3,0,0
16,"8/03/99",1,130411,2,2,7,"Daughter",1,1,0,0,1,0
88,"8/03/99",1,130441,1,1,1,"Parents",1,0,1,1,0,0
89,"8/03/99",1,130441,1,1,3,"Sister",3,0,0,3,0,0
90,"8/03/99",1,130441,2,2,1,"Parents",1,0,0,0,1,0
91,"8/03/99",1,130441,2,2,2,"Brother",5,5,0,0,5,0
92,"8/03/99",1,130441,2,2,3,"Sister",1,1,0,0,1,0
93,"8/03/99",1,130441,2,2,4,"Uncle",3,3,0,0,3,0
94,"8/03/99",1,130441,2,2,5,"Aunt",6,3,0,3,3,0
161,"8/03/99",1,130459,1,1,1,"Parents",1,0,1,1,0,0
162,"8/03/99",1,130459,1,1,2,"Brother",2,0,1,2,0,0
163,"8/03/99",1,130459,1,1,3,"Sister",1,0,1,1,0,0
164,"8/03/99",1,130459,1,1,5,"Aunt",1,0,0,1,0,0
165,"8/03/99",1,130459,1,1,7,"Daughter",1,1,0,1,0,0
166,"8/03/99",1,130459,2,2,1,"Parents",2,2,2,2,0,0
167,"8/03/99",1,130459,2,2,2,"Brother",1,1,1,1,0,0
168,"8/03/99",1,130459,2,2,3,"Sister",4,0,0,2,2,0
169,"8/03/99",1,130459,2,2,4,"Uncle",2,2,0,2,0,0
170,"8/03/99",1,130459,2,2,7,"Daughter",1,1,0,1,0,0
95,"8/03/99",1,130541,2,2,1,"Parents",1,0,0,0,1,0
96,"8/03/99",1,130541,2,2,2,"Brother",1,1,0,0,1,0
97,"8/03/99",1,130541,2,2,3,"Sister",4,1,0,2,2,0
98,"8/03/99",1,130541,2,2,4,"Uncle",1,1,0,0,1,0
99,"8/03/99",1,130541,2,2,7,"Daughter",1,0,0,0,1,1
100,"8/03/99",1,130542,1,1,1,"Parents",1,0,1,1,0,0
101,"8/03/99",1,130542,1,1,2,"Brother",2,0,2,2,0,0
102,"8/03/99",1,130542,1,1,3,"Sister",1,0,0,0,1,0
103,"8/03/99",1,130542,1,1,4,"Uncle",1,1,0,0,1,0
104,"8/03/99",1,130542,1,1,5,"Aunt",1,0,1,1,0,0
105,"8/03/99",1,130542,2,2,1,"Parents",1,0,0,1,0,0
106,"8/03/99",1,130542,2,2,2,"Brother",5,0,0,5,0,0
107,"8/03/99",1,130542,2,2,3,"Sister",3,0,0,3,0,0
108,"8/03/99",1,130542,2,2,4,"Uncle",1,1,0,1,0,0
17,"8/03/99",1,130611,2,2,2,"Brother",1,1,0,0,1,0
18,"8/03/99",1,130611,2,2,4,"Uncle",1,1,0,0,1,0
19,"8/03/99",1,130611,2,2,5,"Aunt",1,0,0,0,1,0
20,"8/03/99",1,130611,2,2,7,"Daughter",3,0,0,2,1,0
21,"8/03/99",1,130711,1,1,3,"Sister",2,0,0,0,2,0
22,"8/03/99",1,130711,1,1,7,"Daughter",2,0,0,0,2,0
23,"8/03/99",1,130711,2,2,1,"Parents",1,0,0,0,1,0
24,"8/03/99",1,130711,2,2,2,"Brother",3,2,0,0,3,0
25,"8/03/99",1,130711,2,2,5,"Aunt",2,2,1,2,0,0
26,"8/03/99",1,130711,2,2,7,"Daughter",2,0,0,0,2,0
27,"8/03/99",1,130712,1,1,1,"Parents",2,0,2,2,0,0
28,"8/03/99",1,130712,1,1,2,"Brother",2,0,2,2,0,0
29,"8/03/99",1,130712,1,1,3,"Sister",2,0,0,1,1,0
30,"8/03/99",1,130712,1,1,5,"Aunt",2,0,0,0,2,0
31,"8/03/99",1,130712,2,2,1,"Parents",1,1,0,1,0,0
32,"8/03/99",1,130712,2,2,2,"Brother",1,1,0,1,0,0
33,"8/03/99",1,130712,2,2,3,"Sister",1,1,0,1,0,0
34,"8/03/99",1,130712,2,2,4,"Uncle",3,3,0,3,0,0
35,"8/03/99",1,130712,2,2,5,"Aunt",3,3,0,3,0,2
36,"8/03/99",1,130811,1,1,2,"Brother",2,2,2,2,0,0
37,"8/03/99",1,130811,2,2,1,"Parents",1,0,0,1,0,0
38,"8/03/99",1,130811,2,2,2,"Brother",2,2,0,2,0,0
39,"8/03/99",1,130811,2,2,4,"Uncle",5,5,0,5,0,0
40,"8/03/99",1,130911,1,1,7,"Daughter",1,1,0,1,0,1
41,"8/03/99",1,130911,2,2,2,"Brother",1,0,0,1,0,0
42,"8/03/99",1,130911,2,2,3,"Sister",2,1,0,2,0,1
43,"8/03/99",1,130911,2,2,7,"Daughter",1,1,0,1,0,1
44,"8/03/99",1,131011,1,1,2,"Brother",1,0,1,1,0,0
45,"8/03/99",1,131011,1,1,3,"Sister",1,0,0,1,0,0
46,"8/03/99",1,131011,1,1,7,"Daughter",2,2,0,1,1,0
47,"8/03/99",1,131011,2,2,1,"Parents",1,0,0,0,1,0
48,"8/03/99",1,131011,2,2,2,"Brother",2,2,0,0,2,0
49,"8/03/99",1,131011,2,2,7,"Daughter",2,2,0,1,1,0
50,"8/03/99",1,131111,1,1,1,"Parents",1,0,1,1,0,0
51,"8/03/99",1,131111,1,1,2,"Brother",1,1,1,1,0,0
52,"8/03/99",1,131111,1,1,3,"Sister",2,1,0,0,2,0
53,"8/03/99",1,131111,1,1,4,"Uncle",1,1,0,1,0,0
54,"8/03/99",1,131111,1,1,5,"Aunt",2,1,0,1,1,0
55,"8/03/99",1,131111,2,2,1,"Parents",1,0,0,1,0,0
56,"8/03/99",1,131111,2,2,3,"Sister",1,0,1,1,0,0
57,"8/03/99",1,131111,2,2,4,"Uncle",3,1,3,3,0,0
58,"8/03/99",1,131111,2,2,5,"Aunt",1,0,0,0,1,0
59,"8/03/99",1,131211,1,1,1,"Parents",2,1,2,2,0,0
60,"8/03/99",1,131211,1,1,2,"Brother",4,1,4,4,0,0
61,"8/03/99",1,131211,1,1,3,"Sister",3,1,0,2,1,0
62,"8/03/99",1,131211,1,1,4,"Uncle",5,3,0,0,5,0
63,"8/03/99",1,131211,1,1,5,"Aunt",2,2,0,1,1,0
64,"8/03/99",1,131211,2,2,1,"Parents",2,1,0,0,2,0
65,"8/03/99",1,131211,2,2,2,"Brother",7,1,0,0,7,0
66,"8/03/99",1,131211,2,2,3,"Sister",3,3,0,0,3,0
67,"8/03/99",1,131211,2,2,4,"Uncle",3,3,0,0,3,0
68,"8/03/99",1,131211,2,2,5,"Aunt",2,0,0,0,2,0
190,"6/18/99",1,210131,1,1,1,"Parents",1,0,1,0,0,0
191,"6/18/99",1,210131,1,1,2,"Brother",2,0,2,0,0,0
192,"6/18/99",1,210131,1,1,3,"Sister",1,0,0,0,1,0
193,"6/18/99",1,210131,1,1,4,"Uncle",3,0,0,1,2,0
194,"6/18/99",1,210131,1,1,5,"Aunt",4,0,0,2,2,0
195,"6/18/99",1,210131,1,1,7,"Daughter",1,0,0,1,0,0
196,"6/18/99",1,210131,5,2,1,"Prents",1,0,0,1,0,0
197,"6/18/99",1,210131,5,2,2,"Brother",3,0,0,2,1,0
198,"6/18/99",1,210131,5,2,3,"Sister",2,0,0,1,1,0
199,"6/18/99",1,210131,5,2,4,"Uncle",5,0,0,3,2,0
200,"6/18/99",1,210131,5,2,5,"Aunt",3,0,0,2,1,0
201,"6/18/99",1,210131,5,2,7,"Daughter",1,0,0,1,0,0
301,"6/18/99",1,210141,1,1,1,"Parents",1,0,1,0,0,0
302,"6/18/99",1,210141,1,1,2,"Brother",3,0,3,0,0,0
303,"6/18/99",1,210141,1,1,6,"Son",1,0,1,0,0,0
304,"6/18/99",1,210141,1,1,7,"Daughter",1,0,1,0,0,0
305,"6/18/99",1,210141,2,2,1,"Prents",1,0,0,1,0,0
306,"6/18/99",1,210141,2,2,2,"Brother",1,0,0,1,0,0
307,"6/18/99",1,210141,2,2,3,"Sister",3,0,0,1,2,0
308,"6/18/99",1,210141,2,2,5,"Aunt",1,1,0,1,0,0
309,"6/18/99",1,210141,2,2,6,"Son",1,0,1,0,0,0
310,"6/18/99",1,210141,2,2,7,"Daughter",1,0,1,0,0,0
343,"6/18/99",1,210151,1,1,1,"Parents",1,0,1,0,0,0
344,"6/18/99",1,210151,1,1,2,"Brother",5,5,5,0,0,0
345,"6/18/99",1,210151,1,1,3,"Sister",1,0,0,0,1,0
346,"6/18/99",1,210151,1,1,4,"Uncle",1,0,0,0,1,0
347,"6/18/99",1,210151,1,1,7,"Daughter",1,0,0,0,1,0
348,"6/18/99",1,210151,2,2,2,"Brother",1,1,0,0,1,0
349,"6/18/99",1,210151,2,2,4,"Uncle",1,1,0,0,1,0
202,"6/18/99",1,210231,1,1,1,"Parents",1,0,1,0,0,0
203,"6/18/99",1,210231,1,1,2,"Brother",3,0,3,0,0,0
204,"6/18/99",1,210231,1,1,3,"Sister",2,0,1,1,0,0
205,"6/18/99",1,210231,1,1,5,"Aunt",3,0,2,1,0,0
206,"6/18/99",1,210231,2,2,1,"Prents",1,0,0,1,0,0
207,"6/18/99",1,210231,2,2,2,"Brother",2,0,0,2,0,0
208,"6/18/99",1,210231,2,2,3,"Sister",6,0,0,4,2,0
209,"6/18/99",1,210231,2,2,4,"Uncle",2,0,0,2,0,0
210,"6/18/99",1,210231,2,2,5,"Aunt",1,0,0,1,0,0
311,"6/18/99",1,210241,2,1,1,"Parents",1,0,1,0,0,0
312,"6/18/99",1,210241,2,1,3,"Sister",3,0,2,1,0,0
313,"6/18/99",1,210241,2,1,4,"Uncle",4,4,2,2,0,0
314,"6/18/99",1,210241,2,1,5,"Aunt",4,0,1,0,3,0
350,"6/18/99",1,210251,1,1,2,"Brother",3,3,0,0,0,0
351,"6/18/99",1,210251,1,1,3,"Sister",2,2,0,0,0,0
352,"6/18/99",1,210251,1,1,7,"Daughter",1,0,0,0,1,0
353,"6/18/99",1,210251,2,2,1,"Prents",1,1,0,0,1,0
354,"6/18/99",1,210251,2,2,3,"Sister",5,5,0,0,5,0
355,"6/18/99",1,210251,2,2,5,"Aunt",1,1,1,0,0,0
356,"6/18/99",1,210251,2,2,7,"Daughter",1,0,0,0,1,0
211,"6/18/99",1,210331,1,1,2,"Brother",3,0,3,0,0,0
212,"6/18/99",1,210331,1,1,3,"Sister",5,0,2,3,0,0
213,"6/18/99",1,210331,2,2,1,"Prents",1,0,0,1,0,0
214,"6/18/99",1,210331,2,2,2,"Brother",3,0,0,3,0,0
215,"6/18/99",1,210331,2,2,3,"Sister",4,0,0,4,0,0
216,"6/18/99",1,210331,2,2,4,"Uncle",1,0,0,1,0,0
217,"6/18/99",1,210331,2,2,5,"Aunt",2,0,0,2,0,0
218,"6/18/99",1,210332,1,1,1,"Parents",1,0,1,0,0,0
219,"6/18/99",1,210332,1,1,2,"Brother",3,0,3,0,0,0
220,"6/18/99",1,210332,1,1,3,"Sister",5,0,3,2,0,0
221,"6/18/99",1,210332,1,1,4,"Uncle",3,1,3,0,0,0
222,"6/18/99",1,210332,1,1,5,"Aunt",1,0,1,0,0,0
223,"6/18/99",1,210332,2,2,1,"Prents",1,0,0,1,0,0
224,"6/18/99",1,210332,2,2,2,"Brother",3,0,0,3,0,0
225,"6/18/99",1,210332,2,2,3,"Sister",4,0,0,4,0,0
226,"6/18/99",1,210332,2,2,4,"Uncle",5,0,0,4,1,0
227,"6/18/99",1,210332,2,2,5,"Aunt",2,0,0,2,0,0
315,"6/18/99",1,210341,1,1,1,"Parents",1,0,0,0,0,0
316,"6/18/99",1,210341,1,1,3,"Sister",2,2,0,0,2,0
317,"6/18/99",1,210341,1,1,7,"Daughter",1,0,0,0,1,0
318,"6/18/99",1,210341,2,2,1,"Prents",1,0,0,1,0,0
319,"6/18/99",1,210341,2,2,2,"Brother",1,0,0,1,0,0
320,"6/18/99",1,210341,2,2,3,"Sister",3,0,0,0,3,0
321,"6/18/99",1,210341,2,2,4,"Uncle",3,1,0,0,2,0
322,"6/18/99",1,210341,2,2,5,"Aunt",2,0,0,2,0,0
323,"6/18/99",1,210341,2,2,7,"Daughter",1,0,0,0,1,0
357,"6/18/99",1,210351,1,1,1,"Parents",1,0,0,0,0,0
358,"6/18/99",1,210351,1,1,2,"Brother",3,0,3,0,0,0
359,"6/18/99",1,210351,1,1,3,"Sister",2,1,0,2,0,0
360,"6/18/99",1,210351,1,1,4,"Uncle",1,1,0,0,1,0
361,"6/18/99",1,210351,1,1,5,"Aunt",2,0,0,1,1,0
362,"6/18/99",1,210351,1,1,7,"Daughter",1,1,0,0,1,0
363,"6/18/99",1,210351,2,2,1,"Prents",1,0,0,1,0,0
364,"6/18/99",1,210351,2,2,2,"Brother",2,1,0,2,0,0
365,"6/18/99",1,210351,2,2,3,"Sister",1,1,0,1,0,0
366,"6/18/99",1,210351,2,2,5,"Aunt",1,1,0,0,1,0
367,"6/18/99",1,210351,2,2,7,"Daughter",1,1,0,0,1,0
228,"6/18/99",1,210411,1,1,1,"Parents",1,1,1,0,0,0
229,"6/18/99",1,210411,1,1,2,"Brother",8,0,8,0,0,0
230,"6/18/99",1,210411,1,1,3,"Sister",2,0,1,1,0,0
231,"6/18/99",1,210411,2,2,1,"Prents",1,0,1,0,0,0
232,"6/18/99",1,210411,2,2,2,"Brother",3,0,2,0,1,0
233,"6/18/99",1,210411,2,2,3,"Sister",3,0,1,1,1,0
234,"6/18/99",1,210411,2,2,4,"Uncle",2,0,0,2,0,0
235,"6/18/99",1,210411,2,2,5,"Aunt",3,0,0,3,0,0
324,"6/18/99",1,210441,2,1,1,"Parents",1,0,1,0,0,0
325,"6/18/99",1,210441,2,1,2,"Brother",3,0,3,0,0,0
326,"6/18/99",1,210441,2,1,3,"Sister",4,0,0,3,1,0
327,"6/18/99",1,210441,2,1,4,"Uncle",1,0,0,0,1,0
328,"6/18/99",1,210441,2,1,7,"Daughter",1,0,0,0,1,0
329,"6/18/99",1,210441,2,2,1,"Prents",1,0,0,1,0,0
330,"6/18/99",1,210441,2,2,3,"Sister",1,0,0,1,0,0
331,"6/18/99",1,210441,2,2,4,"Uncle",1,0,0,0,1,0
332,"6/18/99",1,210441,2,2,5,"Aunt",2,0,0,2,0,0
333,"6/18/99",1,210441,2,2,7,"Daughter",1,0,0,0,1,0
368,"6/18/99",1,210459,1,1,1,"Parents",1,0,0,0,0,0
369,"6/18/99",1,210459,1,1,3,"Sister",1,1,0,1,0,0
370,"6/18/99",1,210459,1,1,6,"Son",3,0,3,0,0,0
371,"6/18/99",1,210459,1,1,7,"Daughter",2,0,1,0,1,0
372,"6/18/99",1,210459,2,2,1,"Prents",1,0,0,0,0,0
373,"6/18/99",1,210459,2,2,2,"Brother",1,0,0,0,1,0
374,"6/18/99",1,210459,2,2,3,"Sister",2,0,0,0,2,0
375,"6/18/99",1,210459,2,2,6,"Son",3,0,3,0,0,0
376,"6/18/99",1,210459,2,2,7,"Daughter",2,0,0,0,1,0
236,"6/18/99",1,210511,4,1,3,"Sister",4,0,1,3,0,0
237,"6/18/99",1,210511,4,1,5,"Aunt",2,0,1,1,0,0
238,"6/18/99",1,210511,4,2,2,"Brother",2,0,0,2,0,0
239,"6/18/99",1,210511,4,2,3,"Sister",2,0,0,2,0,0
240,"6/18/99",1,210511,4,2,4,"Uncle",1,0,0,0,1,0
241,"6/18/99",1,210511,4,2,5,"Aunt",4,0,0,3,1,0
334,"6/18/99",1,210541,1,1,1,"Parents",1,0,1,0,0,0
335,"6/18/99",1,210541,1,1,2,"Brother",3,0,3,0,0,0
336,"6/18/99",1,210541,1,1,4,"Uncle",1,0,0,1,0,0
337,"6/18/99",1,210541,1,1,5,"Aunt",1,0,0,1,0,0
338,"6/18/99",1,210541,2,2,1,"Prents",1,0,1,0,0,0
339,"6/18/99",1,210541,2,2,2,"Brother",1,0,0,0,1,0
340,"6/18/99",1,210541,2,2,3,"Sister",4,3,0,0,4,0
341,"6/18/99",1,210541,2,2,4,"Uncle",1,0,0,0,1,0
342,"6/18/99",1,210541,2,2,5,"Aunt",1,0,0,0,0,0
242,"6/18/99",1,210611,1,1,1,"Parents",1,0,1,0,0,0
243,"6/18/99",1,210611,1,1,2,"Brother",5,0,5,0,0,0
244,"6/18/99",1,210611,1,1,3,"Sister",4,0,1,3,0,0
245,"6/18/99",1,210611,2,2,1,"Prents",1,0,0,1,0,0
246,"6/18/99",1,210611,2,2,2,"Brother",1,0,0,1,0,0
247,"6/18/99",1,210611,2,2,3,"Sister",2,0,0,2,0,0
248,"6/18/99",1,210611,2,2,4,"Uncle",2,0,0,1,0,0
249,"6/18/99",1,210611,2,2,5,"Aunt",4,0,0,4,0,0
250,"6/18/99",1,210731,1,1,1,"Parents",1,0,1,0,0,0
251,"6/18/99",1,210731,1,1,2,"Brother",3,0,3,0,0,0
252,"6/18/99",1,210731,1,1,3,"Sister",5,0,2,3,0,0
253,"6/18/99",1,210731,1,1,4,"Uncle",3,0,3,0,0,0
254,"6/18/99",1,210731,1,1,5,"Aunt",4,0,0,0,0,0
255,"6/18/99",1,210731,1,2,1,"Prents",1,0,0,1,0,0
256,"6/18/99",1,210731,1,2,2,"Brother",3,0,0,3,0,0
257,"6/18/99",1,210731,1,2,3,"Sister",1,0,0,1,0,0
258,"6/18/99",1,210731,1,2,4,"Uncle",1,0,0,1,0,0
259,"6/18/99",1,210731,1,2,7,"Daughter",1,0,0,1,0,0
260,"6/18/99",1,210811,1,1,1,"Parents",1,0,0,0,0,0
261,"6/18/99",1,210811,1,1,2,"Brother",3,0,3,0,0,0
262,"6/18/99",1,210811,1,1,6,"Son",2,0,1,1,0,0
263,"6/18/99",1,210811,1,1,7,"Daughter",2,0,0,2,0,0
264,"6/18/99",1,210931,1,1,1,"Parents",1,0,1,0,0,0
265,"6/18/99",1,210931,1,1,2,"Brother",4,0,4,0,0,0
266,"6/18/99",1,210931,1,1,3,"Sister",5,0,2,3,0,0
267,"6/18/99",1,210931,1,1,5,"Aunt",1,0,1,0,0,0
268,"6/18/99",1,210931,2,2,1,"Prents",1,0,0,0,1,0
269,"6/18/99",1,210931,2,2,2,"Brother",2,0,0,0,2,0
270,"6/18/99",1,210931,2,2,3,"Sister",3,0,0,0,3,0
271,"6/18/99",1,210931,2,2,4,"Uncle",4,1,0,0,4,0
272,"6/18/99",1,210931,2,2,5,"Aunt",2,0,0,0,2,0
273,"6/18/99",1,211031,1,1,1,"Parents",1,0,1,0,0,0
274,"6/18/99",1,211031,1,1,4,"Uncle",3,1,0,2,1,0
275,"6/18/99",1,211031,1,1,7,"Daughter",2,0,0,2,0,0
276,"6/18/99",1,211031,2,2,1,"Prents",1,0,1,0,0,0
277,"6/18/99",1,211031,2,2,2,"Brother",2,0,0,2,0,0
278,"6/18/99",1,211031,2,2,3,"Sister",3,0,1,0,2,0
279,"6/18/99",1,211031,2,2,7,"Daughter",2,0,0,2,0,0
280,"6/18/99",1,211131,1,1,1,"Parents",1,0,0,0,1,0
281,"6/18/99",1,211131,1,1,2,"Brother",3,3,0,0,3,0
282,"6/18/99",1,211131,1,1,3,"Sister",1,0,0,1,0,0
283,"6/18/99",1,211131,1,1,4,"Uncle",2,0,0,1,1,0
284,"6/18/99",1,211131,1,1,5,"Aunt",3,0,0,0,3,0
285,"6/18/99",1,211131,1,1,6,"Son",2,0,2,0,0,0
286,"6/18/99",1,211131,1,1,7,"Daughter",1,0,0,1,0,0
287,"6/18/99",1,211131,2,2,1,"Prents",1,0,1,0,0,0
288,"6/18/99",1,211131,2,2,2,"Brother",3,1,3,0,0,0
289,"6/18/99",1,211131,2,2,3,"Sister",5,0,2,3,0,0
290,"6/18/99",1,211131,2,2,4,"Uncle",2,0,1,1,0,0
291,"6/18/99",1,211131,2,2,6,"Son",2,0,2,0,0,0
292,"6/18/99",1,211131,2,2,7,"Daughter",1,0,0,1,0,0
293,"6/18/99",1,211231,1,1,1,"Parents",1,0,1,0,0,0
294,"6/18/99",1,211231,1,1,2,"Brother",3,0,3,0,0,0
295,"6/18/99",1,211231,1,1,3,"Sister",1,0,0,1,0,0
296,"6/18/99",1,211231,1,1,5,"Aunt",2,0,2,0,0,0
297,"6/18/99",1,211231,2,2,1,"Prents",1,0,0,1,0,0
298,"6/18/99",1,211231,2,2,2,"Brother",1,0,0,1,0,0
299,"6/18/99",1,211231,2,2,3,"Sister",1,0,0,1,0,0
300,"6/18/99",1,211231,2,2,5,"Aunt",2,0,0,1,1,0
161,"7/29/99",1,220111,2,1,2,"Brother",4,0,4,4,0,0
162,"8/04/99",1,220111,2,1,3,"Sister",3,1,0,0,3,0
163,"8/04/99",1,220111,2,1,4,"Uncle",2,2,0,0,2,0
164,"8/04/99",1,220111,2,1,5,"Aunt",2,2,0,0,2,0
165,"8/04/99",1,220111,2,2,2,"Brother",2,0,0,0,2,0
166,"8/04/99",1,220111,2,2,3,"Sister",1,0,0,0,1,0
167,"8/04/99",1,220111,2,2,5,"Aunt",2,2,0,0,2,0
256,"8/04/99",1,220141,1,1,3,"Sister",1,0,0,1,0,0
257,"8/04/99",1,220141,1,1,6,"Son",1,0,0,0,0,0
258,"8/04/99",1,220141,1,1,7,"Daughter",1,0,0,0,0,0
290,"8/04/99",1,220151,1,1,1,"Parents",2,2,2,2,0,0
291,"8/04/99",1,220151,1,1,2,"Brother",2,2,1,1,0,0
292,"8/04/99",1,220151,1,1,3,"Sister",2,2,0,1,1,0
293,"8/04/99",1,220151,2,2,1,"Parents",1,1,0,0,1,0
294,"8/04/99",1,220151,2,2,2,"Brother",5,5,0,5,0,0
295,"8/04/99",1,220151,2,2,3,"Sister",4,4,0,4,0,0
296,"8/04/99",1,220151,2,2,4,"Uncle",1,1,0,1,0,0
168,"8/04/99",1,220211,1,1,1,"Parents",1,0,1,1,0,0
169,"8/04/99",1,220211,1,1,2,"Brother",4,0,4,4,0,0
170,"8/04/99",1,220211,1,1,3,"Sister",3,0,0,0,3,0
171,"8/04/99",1,220211,1,1,4,"Uncle",1,1,0,0,1,0
172,"8/04/99",1,220211,1,1,5,"Aunt",2,2,1,1,1,0
173,"8/04/99",1,220211,2,2,1,"Parents",1,0,0,1,0,0
174,"8/04/99",1,220211,2,2,3,"Sister",2,0,0,0,2,0
175,"8/04/99",1,220211,2,2,4,"Uncle",4,2,0,0,4,0
262,"8/04/99",1,220241,1,1,3,"Sister",1,0,0,0,1,0
263,"8/04/99",1,220241,2,2,1,"Parents",1,0,0,0,0,0
264,"8/04/99",1,220241,2,2,2,"Brother",6,0,0,0,6,0
265,"8/04/99",1,220241,2,2,3,"Sister",2,0,0,0,2,0
297,"8/04/99",1,220251,1,1,2,"Brother",2,2,2,2,0,0
298,"8/04/99",1,220251,1,1,3,"Sister",2,2,0,1,1,0
299,"8/04/99",1,220251,1,1,4,"Uncle",1,1,1,1,0,0
176,"8/04/99",1,220311,1,1,1,"Parents",1,0,1,1,0,0
177,"8/04/99",1,220311,1,1,2,"Brother",2,0,2,2,0,0
178,"8/04/99",1,220311,1,1,4,"Uncle",3,3,0,0,3,0
179,"8/04/99",1,220311,1,1,5,"Aunt",1,0,0,0,1,0
180,"8/04/99",1,220311,2,2,1,"Parents",1,0,0,0,1,0
181,"8/04/99",1,220311,2,2,2,"Brother",3,0,0,0,3,0
182,"8/04/99",1,220311,2,2,3,"Sister",1,0,0,0,1,0
183,"8/04/99",1,220311,2,2,4,"Uncle",2,0,0,0,2,0
184,"8/04/99",1,220311,2,2,5,"Aunt",4,0,0,0,4,0
266,"8/04/99",1,220341,1,1,2,"Brother",4,0,4,4,0,0
267,"8/04/99",1,220341,1,1,3,"Sister",2,0,1,1,1,0
268,"8/04/99",1,220341,1,1,4,"Uncle",5,5,0,0,5,1
269,"8/04/99",1,220341,1,1,5,"Aunt",5,2,0,0,5,0
270,"8/04/99",1,220341,2,2,1,"Parents",1,0,0,1,0,0
271,"8/04/99",1,220341,2,2,2,"Brother",1,0,0,1,0,0
272,"8/04/99",1,220341,2,2,3,"Sister",3,0,0,3,0,0
273,"8/04/99",1,220341,2,2,4,"Uncle",10,0,0,4,6,0
274,"8/04/99",1,220341,2,2,5,"Aunt",3,0,0,0,3,0
305,"8/04/99",1,220351,1,1,1,"Parents",1,0,1,1,0,0
306,"8/04/99",1,220351,1,1,3,"Sister",1,1,0,0,1,0
307,"8/04/99",1,220351,2,2,2,"Brother",3,3,3,3,0,0
185,"8/04/99",1,220411,2,1,4,"Uncle",1,0,0,1,0,0
186,"8/04/99",1,220411,2,1,6,"Son",2,0,2,2,0,0
187,"8/04/99",1,220411,2,1,7,"Daughter",2,0,0,2,0,0
188,"8/04/99",1,220411,2,2,3,"Sister",2,0,0,2,0,0
189,"8/04/99",1,220411,2,2,6,"Son",2,0,2,2,0,0
190,"8/04/99",1,220411,2,2,7,"Daughter",2,0,0,2,0,0
191,"8/04/99",1,220412,2,1,1,"Parents",1,0,1,1,0,0
192,"8/04/99",1,220412,2,1,2,"Brother",1,0,1,1,0,0
193,"8/04/99",1,220412,2,1,3,"Sister",2,0,0,2,0,0
194,"8/04/99",1,220412,2,1,4,"Uncle",1,0,1,1,0,0
195,"8/04/99",1,220412,2,1,5,"Aunt",2,0,2,2,0,0
196,"8/04/99",1,220412,2,2,1,"Parents",1,0,0,1,0,0
197,"8/04/99",1,220412,2,2,3,"Sister",1,0,0,0,1,0
275,"8/04/99",1,220441,1,1,2,"Brother",3,0,3,3,0,0
276,"8/04/99",1,220441,1,1,3,"Sister",2,0,1,1,1,0
277,"8/04/99",1,220441,1,1,4,"Uncle",1,1,0,0,0,0
278,"8/04/99",1,220441,1,1,5,"Aunt",3,0,0,3,0,0
279,"8/04/99",1,220441,2,2,1,"Parents",1,0,0,1,0,0
280,"8/04/99",1,220441,2,2,2,"Brother",5,0,0,0,5,0
281,"8/04/99",1,220441,2,2,3,"Sister",6,0,0,0,3,0
282,"8/04/99",1,220441,2,2,4,"Uncle",2,0,0,0,2,0
283,"8/04/99",1,220441,2,2,5,"Aunt",1,0,0,0,1,0
308,"8/04/99",1,220459,1,1,1,"Parents",1,0,0,0,0,0
309,"8/04/99",1,220459,1,1,2,"Brother",1,1,1,1,0,0
310,"8/04/99",1,220459,1,1,3,"Sister",3,1,0,3,0,0
311,"8/04/99",1,220459,1,1,4,"Uncle",3,3,0,3,0,0
312,"8/04/99",1,220459,1,1,5,"Aunt",4,4,0,3,1,0
313,"8/04/99",1,220459,2,2,1,"Parents",1,0,0,0,0,0
314,"8/04/99",1,220459,2,2,2,"Brother",3,0,0,0,3,0
315,"8/04/99",1,220459,2,2,3,"Sister",1,0,0,0,1,0
198,"8/04/99",1,220511,1,1,1,"Parents",1,0,0,0,0,0
199,"8/04/99",1,220511,1,1,3,"Sister",2,0,1,1,0,0
200,"8/04/99",1,220511,1,1,4,"Uncle",1,0,1,1,0,0
201,"8/04/99",1,220511,1,1,5,"Aunt",1,0,1,1,0,0
202,"8/04/99",1,220511,3,2,1,"Parents",2,0,0,2,0,0
203,"8/04/99",1,220511,3,2,2,"Brother",4,0,0,4,0,0
204,"8/04/99",1,220511,3,2,3,"Sister",2,0,0,1,1,0
284,"8/04/99",1,220541,1,1,2,"Brother",1,0,1,1,0,0
285,"8/04/99",1,220541,1,1,3,"Sister",3,0,0,3,0,0
286,"8/04/99",1,220541,1,1,7,"Daughter",1,0,0,1,0,0
287,"8/04/99",1,220541,2,2,2,"Brother",2,0,1,1,0,0
288,"8/04/99",1,220541,2,2,3,"Sister",4,0,0,4,0,0
289,"8/04/99",1,220541,2,2,7,"Daughter",1,0,0,1,0,0
205,"8/04/99",1,220611,1,1,1,"Parents",1,0,0,0,0,0
206,"8/04/99",1,220611,1,1,3,"Sister",1,1,0,1,0,0
207,"8/04/99",1,220611,1,1,5,"Aunt",1,1,0,0,1,0
208,"8/04/99",1,220611,2,2,1,"Parents",1,0,0,0,0,0
209,"8/04/99",1,220611,2,2,2,"Brother",6,0,0,0,6,1
210,"8/04/99",1,220611,2,2,3,"Sister",2,0,0,0,2,0
211,"8/04/99",1,220611,2,2,4,"Uncle",3,3,0,0,3,0
212,"8/04/99",1,220611,2,2,5,"Aunt",8,8,0,0,8,0
213,"8/04/99",1,220711,2,1,7,"Daughter",3,0,2,2,0,0
214,"8/04/99",1,220711,2,2,4,"Uncle",2,0,0,0,2,0
215,"8/04/99",1,220711,2,2,7,"Daughter",3,0,2,2,0,0
216,"8/04/99",1,220911,1,1,1,"Parents",1,0,0,0,0,0
217,"8/04/99",1,220911,1,1,2,"Brother",1,0,0,0,1,0
218,"8/04/99",1,220911,1,1,3,"Sister",1,0,1,1,0,0
219,"8/04/99",1,220911,1,1,4,"Uncle",1,0,1,1,0,0
220,"8/04/99",1,220911,2,2,1,"Parents",1,0,0,1,0,0
221,"8/04/99",1,220911,2,2,2,"Brother",1,1,0,1,0,0
222,"8/04/99",1,220911,2,2,3,"Sister",3,1,0,2,1,0
223,"8/04/99",1,220911,2,2,4,"Uncle",2,0,0,2,0,0
224,"8/04/99",1,220911,2,2,5,"Aunt",4,0,0,4,0,0
225,"8/04/99",1,221011,1,1,1,"Parents",1,0,0,1,0,0
226,"8/04/99",1,221011,1,1,2,"Brother",1,0,0,1,0,0
227,"8/04/99",1,221011,1,1,3,"Sister",2,0,0,2,0,0
228,"8/04/99",1,221011,1,1,4,"Uncle",2,0,0,2,0,0
229,"8/04/99",1,221011,1,1,5,"Aunt",1,0,0,1,0,0
230,"8/04/99",1,221011,1,1,7,"Daughter",1,0,0,1,0,0
231,"8/04/99",1,221111,1,1,4,"Uncle",1,0,1,1,0,0
232,"8/04/99",1,221111,1,1,6,"Son",3,0,3,3,0,0
233,"8/04/99",1,221111,1,1,7,"Daughter",1,0,0,1,0,0
234,"8/04/99",1,221111,2,2,2,"Brother",1,0,1,1,0,0
235,"8/04/99",1,221111,2,2,3,"Sister",2,0,1,1,0,0
236,"8/04/99",1,221111,2,2,6,"Son",3,0,3,3,0,0
237,"8/04/99",1,221111,2,2,7,"Daughter",1,0,0,1,0,0
238,"8/04/99",1,221112,1,1,1,"Parents",1,0,1,1,0,0
239,"8/04/99",1,221112,1,1,2,"Brother",2,0,2,2,0,0
240,"8/04/99",1,221112,1,1,3,"Sister",1,0,0,1,0,0
241,"8/04/99",1,221112,1,1,4,"Uncle",1,0,1,1,0,0
242,"8/04/99",1,221112,1,1,7,"Daughter",3,0,0,0,0,0
243,"8/04/99",1,221112,2,2,1,"Parents",1,0,0,0,1,0
244,"8/04/99",1,221112,2,2,2,"Brother",3,0,0,0,3,0
245,"8/04/99",1,221112,2,2,3,"Sister",1,0,0,0,1,0
246,"8/04/99",1,221112,2,2,4,"Uncle",3,3,0,0,3,0
247,"8/04/99",1,221112,2,2,5,"Aunt",5,2,0,0,5,0
248,"8/04/99",1,221112,2,2,7,"Daughter",3,0,0,0,0,0
249,"8/04/99",1,221211,2,1,2,"Brother",6,6,0,0,6,0
250,"8/04/99",1,221211,2,1,3,"Sister",3,2,0,1,2,0
251,"8/04/99",1,221211,2,1,4,"Uncle",2,2,0,0,2,0
252,"8/04/99",1,221211,2,1,6,"Son",2,0,1,1,1,0
253,"8/04/99",1,221211,2,1,7,"Daughter",2,0,1,1,1,0
254,"8/04/99",1,221211,2,2,2,"Brother",2,0,2,2,0,0
255,"8/04/99",1,221211,2,2,4,"Uncle",3,0,2,2,0,0
1129,"6/19/99",1,230111,2,2,1,"Parents",1,0,0,0,0,0
1130,"6/19/99",1,230111,2,2,2,"Brother",3,0,2,0,1,0
1131,"6/19/99",1,230111,2,2,3,"Sister",1,0,0,0,0,0
1132,"6/19/99",1,230111,2,2,6,"Son",1,0,0,0,1,0
1133,"6/19/99",1,230111,2,2,7,"Daughter",2,0,0,2,0,0
1243,"6/19/99",1,230141,1,1,1,"Parents",1,0,0,0,0,0
1244,"6/19/99",1,230141,1,1,2,"Brother",4,0,4,0,0,0
1245,"6/19/99",1,230141,1,1,6,"Son",1,0,0,0,0,0
1246,"6/19/99",1,230141,1,1,7,"Daughter",1,0,0,0,0,0
1247,"6/19/99",1,230141,2,2,1,"Parents",1,0,0,0,0,0
1248,"6/19/99",1,230141,2,2,2,"Brother",6,0,6,0,0,0
1249,"6/19/99",1,230141,2,2,3,"Sister",1,0,0,1,0,0
1250,"6/19/99",1,230141,2,2,4,"Uncle",2,0,0,2,0,0
1251,"6/19/99",1,230141,2,2,5,"Aunt",1,0,0,0,0,0
1252,"6/19/99",1,230141,2,2,6,"Son",1,0,0,0,0,0
1253,"6/19/99",1,230141,2,2,7,"Daughter",1,0,0,0,0,0
1284,"6/19/99",1,230151,1,1,1,"Parents",1,0,0,0,0,0
1285,"6/19/99",1,230151,1,1,3,"Sister",1,0,0,1,0,0
1286,"6/19/99",1,230151,1,1,6,"Son",1,0,0,0,0,0
1287,"6/19/99",1,230151,1,1,7,"Daughter",1,0,0,0,1,0
1288,"6/19/99",1,230151,2,2,2,"Brother",1,0,0,0,0,0
1289,"6/19/99",1,230151,2,2,6,"Son",1,0,0,0,0,0
1290,"6/19/99",1,230151,2,2,7,"Daughter",1,0,0,0,1,0
1291,"6/19/99",1,230152,1,1,1,"Parents",1,1,1,0,0,0
1292,"6/19/99",1,230152,1,1,2,"Brother",2,0,1,0,0,0
1293,"6/19/99",1,230152,1,1,3,"Sister",3,0,1,2,0,0
1294,"6/19/99",1,230152,1,1,4,"Uncle",1,0,1,0,0,0
1295,"6/19/99",1,230152,1,1,5,"Aunt",1,1,0,1,0,0
1296,"6/19/99",1,230152,2,2,1,"Parents",1,0,0,0,1,0
1297,"6/19/99",1,230152,2,2,2,"Brother",5,0,0,0,5,0
1298,"6/19/99",1,230152,2,2,3,"Sister",1,0,0,0,1,0
1299,"6/19/99",1,230152,2,2,4,"Uncle",4,4,0,0,4,0
1300,"6/19/99",1,230152,2,2,5,"Aunt",2,2,0,0,2,0
1134,"6/19/99",1,230211,1,1,1,"Parents",1,0,1,0,0,0
1135,"6/19/99",1,230211,1,1,2,"Brother",4,0,4,0,0,0
1136,"6/19/99",1,230211,1,1,3,"Sister",5,0,4,1,0,0
1137,"6/19/99",1,230211,1,1,4,"Uncle",4,0,4,0,0,0
1138,"6/19/99",1,230211,1,1,5,"Aunt",4,0,4,0,0,0
1139,"6/19/99",1,230211,1,1,6,"Son",1,0,1,0,0,0
1140,"6/19/99",1,230211,2,2,1,"Parents",1,1,0,1,0,0
1141,"6/19/99",1,230211,2,2,2,"Brother",2,2,0,2,0,0
1142,"6/19/99",1,230211,2,2,4,"Uncle",7,7,0,7,0,0
1143,"6/19/99",1,230211,2,2,5,"Aunt",5,0,0,5,0,0
1144,"6/19/99",1,230211,2,2,6,"Son",1,0,1,0,0,0
1254,"6/19/99",1,230241,1,1,2,"Brother",3,0,1,0,2,0
1255,"6/19/99",1,230241,1,1,3,"Sister",2,0,0,1,1,0
1256,"6/19/99",1,230241,1,1,6,"Son",1,0,0,0,1,0
1257,"6/19/99",1,230241,1,1,7,"Daughter",1,0,0,1,0,0
1258,"6/19/99",1,230241,2,2,2,"Brother",1,0,0,0,1,0
1259,"6/19/99",1,230241,2,2,3,"Sister",1,0,0,0,1,0
1260,"6/19/99",1,230241,2,2,6,"Son",1,0,0,0,1,0
1261,"6/19/99",1,230241,2,2,7,"Daughter",1,0,0,1,0,0
1301,"6/19/99",1,230251,1,1,1,"Parents",1,0,1,0,0,0
1302,"6/19/99",1,230251,1,1,2,"Brother",3,3,3,0,0,0
1303,"6/19/99",1,230251,1,1,3,"Sister",5,5,0,0,5,0
1304,"6/19/99",1,230251,1,1,5,"Aunt",1,0,0,1,0,0
1305,"6/19/99",1,230251,2,2,1,"Parents",1,0,0,0,1,0
1306,"6/19/99",1,230251,2,2,2,"Brother",1,0,0,0,1,0
1307,"6/19/99",1,230251,2,2,3,"Sister",4,0,0,0,4,0
1308,"6/19/99",1,230251,2,2,4,"Uncle",1,0,0,0,1,0
1309,"6/19/99",1,230251,2,2,5,"Aunt",4,0,0,0,4,0
1145,"6/19/99",1,230311,1,1,1,"Parents",1,0,1,0,0,0
1146,"6/19/99",1,230311,1,1,2,"Brother",2,0,2,0,0,0
1147,"6/19/99",1,230311,1,1,3,"Sister",2,0,1,1,0,0
1148,"6/19/99",1,230311,1,1,4,"Uncle",4,2,0,0,0,0
1149,"6/19/99",1,230311,1,1,5,"Aunt",4,0,0,0,4,0
1150,"6/19/99",1,230311,2,2,1,"Parents",1,0,0,1,0,0
1151,"6/19/99",1,230311,2,2,2,"Brother",3,0,0,3,0,0
1152,"6/19/99",1,230311,2,2,3,"Sister",3,0,0,3,0,0
1153,"6/19/99",1,230311,2,2,4,"Uncle",4,1,0,3,0,0
1154,"6/19/99",1,230311,2,2,5,"Aunt",2,0,0,2,0,0
1310,"6/19/99",1,230351,2,1,1,"Parents",1,0,0,0,0,0
1311,"6/19/99",1,230351,2,1,2,"Brother",3,0,3,3,0,0
1312,"6/19/99",1,230351,2,1,3,"Sister",2,0,2,2,0,0
1313,"6/19/99",1,230351,2,1,4,"Uncle",4,0,0,4,0,0
1314,"6/19/99",1,230351,2,1,5,"Aunt",1,0,0,0,0,0
1315,"6/19/99",1,230352,1,1,1,"Parents",1,0,1,1,0,0
1316,"6/19/99",1,230352,1,1,2,"Brother",2,0,2,2,0,0
1317,"6/19/99",1,230352,1,1,3,"Sister",2,0,0,2,0,0
1318,"6/19/99",1,230352,1,1,4,"Uncle",3,0,0,3,0,0
1319,"6/19/99",1,230352,1,1,5,"Aunt",1,0,0,1,0,0
1320,"6/19/99",1,230352,2,2,1,"Parents",1,0,0,1,0,0
1321,"6/19/99",1,230352,2,2,2,"Brother",2,1,0,2,0,0
1322,"6/19/99",1,230352,2,2,3,"Sister",3,0,0,2,1,0
1323,"6/19/99",1,230352,2,2,4,"Uncle",1,0,0,1,0,0
1155,"6/19/99",1,230411,1,1,1,"Parents",1,0,1,0,0,0
1156,"6/19/99",1,230411,1,1,2,"Brother",4,0,4,0,0,0
1157,"6/19/99",1,230411,1,1,3,"Sister",3,0,1,1,0,0
1158,"6/19/99",1,230411,1,1,4,"Uncle",2,2,2,0,0,0
1159,"6/19/99",1,230411,1,1,5,"Aunt",1,0,0,1,0,0
1160,"6/19/99",1,230411,1,1,6,"Son",1,0,1,0,0,0
1161,"6/19/99",1,230411,1,1,7,"Daughter",1,0,1,0,0,0
1162,"6/19/99",1,230411,2,2,1,"Parents",1,1,0,1,0,1
1163,"6/19/99",1,230411,2,2,2,"Brother",4,0,0,4,0,0
1164,"6/19/99",1,230411,2,2,3,"Sister",3,0,0,1,2,0
1165,"6/19/99",1,230411,2,2,4,"Uncle",3,3,0,3,0,0
1166,"6/19/99",1,230411,2,2,5,"Aunt",1,0,0,1,0,0
1167,"6/19/99",1,230411,2,2,6,"Son",1,0,1,0,0,0
1168,"6/19/99",1,230411,2,2,7,"Daughter",1,0,1,0,0,0
1262,"6/19/99",1,230441,1,1,1,"Parents",1,0,0,0,0,0
1263,"6/19/99",1,230441,1,1,2,"Brother",2,0,2,0,0,0
1264,"6/19/99",1,230441,1,1,6,"Son",3,0,2,1,0,0
1265,"6/19/99",1,230441,1,1,7,"Daughter",5,0,4,1,0,0
1266,"6/19/99",1,230441,2,2,1,"Parents",1,0,0,0,0,0
1267,"6/19/99",1,230441,2,2,2,"Brother",3,0,0,0,0,0
1268,"6/19/99",1,230441,2,2,3,"Sister",3,0,0,1,2,0
1269,"6/19/99",1,230441,2,2,4,"Uncle",2,0,0,2,0,0
1270,"6/19/99",1,230441,2,2,5,"Aunt",1,0,0,1,0,0
1271,"6/19/99",1,230441,2,2,6,"Son",1,0,1,0,0,0
1272,"6/19/99",1,230441,2,2,7,"Daughter",2,0,2,0,0,0
1324,"6/19/99",1,230459,1,1,1,"Parents",1,0,0,0,0,0
1325,"6/19/99",1,230459,1,1,2,"Brother",1,0,1,0,0,0
1326,"6/19/99",1,230459,1,1,3,"Sister",1,0,0,1,0,0
1327,"6/19/99",1,230459,1,1,4,"Uncle",1,0,0,0,1,0
1328,"6/19/99",1,230459,1,1,5,"Aunt",1,1,0,1,0,0
1329,"6/19/99",1,230459,2,2,1,"Parents",1,0,1,0,0,0
1330,"6/19/99",1,230459,2,2,2,"Brother",3,0,3,0,0,0
1169,"6/19/99",1,230511,1,1,1,"Parents",1,0,0,0,0,0
1170,"6/19/99",1,230511,1,1,2,"Brother",4,0,4,0,0,0
1171,"6/19/99",1,230511,1,1,4,"Uncle",4,0,0,4,0,0
1172,"6/19/99",1,230511,1,1,5,"Aunt",2,0,2,0,0,0
1173,"6/19/99",1,230511,2,2,1,"Parents",1,0,0,1,0,0
1174,"6/19/99",1,230511,2,2,2,"Brother",4,0,0,4,0,0
1175,"6/19/99",1,230511,2,2,3,"Sister",2,0,0,2,0,0
1176,"6/19/99",1,230511,2,2,4,"Uncle",5,0,0,5,0,0
1177,"6/19/99",1,230511,2,2,5,"Aunt",6,0,0,4,2,0
1273,"6/19/99",1,230541,1,1,1,"Parents",1,0,0,0,0,0
1274,"6/19/99",1,230541,1,1,2,"Brother",5,0,5,0,0,0
1275,"6/19/99",1,230541,1,1,3,"Sister",1,0,0,1,0,0
1276,"6/19/99",1,230541,1,1,4,"Uncle",7,0,7,0,0,0
1277,"6/19/99",1,230541,1,1,6,"Son",1,0,1,0,0,0
1278,"6/19/99",1,230541,2,2,1,"Parents",1,0,0,0,0,0
1279,"6/19/99",1,230541,2,2,2,"Brother",1,0,0,1,0,0
1280,"6/19/99",1,230541,2,2,3,"Sister",1,0,0,1,0,0
1281,"6/19/99",1,230541,2,2,4,"Uncle",5,0,0,5,0,0
1282,"6/19/99",1,230541,2,2,5,"Aunt",6,0,0,6,0,0
1283,"6/19/99",1,230541,2,2,6,"Son",1,0,1,0,0,0
1178,"6/19/99",1,230611,1,1,1,"Parents",1,0,0,0,0,0
1179,"6/19/99",1,230611,1,1,2,"Brother",2,0,2,0,0,0
1180,"6/19/99",1,230611,1,1,3,"Sister",2,1,0,2,0,0
1181,"6/19/99",1,230611,1,1,6,"Son",1,0,1,1,0,0
1182,"6/19/99",1,230611,1,1,7,"Daughter",2,1,1,0,1,0
1183,"6/19/99",1,230611,2,2,1,"Parents",1,1,0,0,1,0
1184,"6/19/99",1,230611,2,2,2,"Brother",3,0,0,0,3,0
1185,"6/19/99",1,230611,2,2,3,"Sister",4,4,0,0,4,0
1186,"6/19/99",1,230611,2,2,6,"Son",1,0,1,0,0,0
1187,"6/19/99",1,230611,2,2,7,"Daughter",2,1,1,0,1,0
1188,"6/19/99",1,230612,1,1,1,"Parents",1,1,1,0,0,0
1189,"6/19/99",1,230612,1,1,2,"Brother",1,0,1,0,0,0
1190,"6/19/99",1,230612,1,1,3,"Sister",2,1,1,0,1,0
1191,"6/19/99",1,230612,1,1,4,"Uncle",5,1,1,0,0,0
1192,"6/19/99",1,230612,1,1,5,"Aunt",6,1,0,1,0,0
1193,"6/19/99",1,230612,2,2,1,"Parents",1,0,0,1,0,0
1194,"6/19/99",1,230612,2,2,2,"Brother",1,0,0,1,0,0
1195,"6/19/99",1,230612,2,2,3,"Sister",3,1,0,3,0,0
1196,"6/19/99",1,230612,2,2,4,"Uncle",1,1,0,1,0,0
1197,"6/19/99",1,230612,2,2,5,"Aunt",5,1,0,5,0,0
1198,"6/19/99",1,230711,1,1,3,"Sister",2,0,1,1,0,0
1199,"6/19/99",1,230711,1,1,4,"Uncle",2,1,1,1,0,0
1200,"6/19/99",1,230711,1,1,5,"Aunt",2,0,2,0,0,0
1201,"6/19/99",1,230711,2,2,2,"Brother",1,0,0,1,0,0
1202,"6/19/99",1,230711,2,2,3,"Sister",4,0,0,4,0,0
1203,"6/19/99",1,230711,2,2,4,"Uncle",1,1,0,1,0,0
1204,"6/19/99",1,230711,2,2,5,"Aunt",1,0,0,1,0,0
1205,"6/19/99",1,230811,1,1,1,"Parents",1,0,0,0,0,0
1206,"6/19/99",1,230811,1,1,3,"Sister",4,0,0,4,0,0
1207,"6/19/99",1,230811,1,1,4,"Uncle",4,0,0,4,0,0
1208,"6/19/99",1,230811,1,1,5,"Aunt",4,3,0,4,0,0
1209,"6/19/99",1,230811,1,1,6,"Son",4,0,4,0,0,0
1210,"6/19/99",1,230811,1,1,7,"Daughter",1,0,0,1,0,0
1211,"6/19/99",1,230811,2,2,1,"Parents",1,0,0,0,0,0
1212,"6/19/99",1,230811,2,2,4,"Uncle",4,0,0,4,0,0
1213,"6/19/99",1,230811,2,2,6,"Son",3,0,3,0,0,0
1214,"6/19/99",1,230811,2,2,7,"Daughter",1,0,0,1,0,0
1215,"6/19/99",1,231011,1,1,1,"Parents",1,0,0,0,0,0
1216,"6/19/99",1,231011,1,1,3,"Sister",7,0,2,5,2,0
1217,"6/19/99",1,231011,1,1,4,"Uncle",3,1,2,3,0,0
1218,"6/19/99",1,231011,1,1,5,"Aunt",3,0,0,1,2,0
1219,"6/19/99",1,231011,2,2,1,"Parents",1,0,1,1,0,0
1220,"6/19/99",1,231011,2,2,2,"Brother",2,0,2,2,0,0
1221,"6/19/99",1,231011,2,2,3,"Sister",2,0,2,2,0,0
1222,"6/19/99",1,231111,1,1,1,"Parents",1,0,1,0,0,0
1223,"6/19/99",1,231111,1,1,2,"Brother",4,1,4,0,0,0
1224,"6/19/99",1,231111,1,1,3,"Sister",2,0,0,2,0,0
1225,"6/19/99",1,231111,2,2,1,"Parents",1,0,0,0,0,0
1226,"6/19/99",1,231111,2,2,2,"Brother",2,0,0,2,0,0
1227,"6/19/99",1,231111,2,2,4,"Uncle",4,1,0,4,0,0
1228,"6/19/99",1,231111,2,2,5,"Aunt",2,0,0,2,0,0
1229,"6/19/99",1,231211,1,1,1,"Parents",1,0,0,0,0,0
1230,"6/19/99",1,231211,1,1,2,"Brother",2,2,2,0,0,0
1231,"6/19/99",1,231211,1,1,3,"Sister",8,0,0,8,0,0
1232,"6/19/99",1,231211,1,1,4,"Uncle",2,0,2,0,0,0
1233,"6/19/99",1,231211,1,1,5,"Aunt",3,0,1,2,0,0
1234,"6/19/99",1,231211,6,2,1,"Parents",1,0,0,0,0,0
1235,"6/19/99",1,231211,6,2,3,"Sister",8,0,2,6,0,0
1236,"6/19/99",1,231211,6,2,4,"Uncle",3,0,3,0,0,0
1237,"6/19/99",1,231211,6,2,5,"Aunt",1,0,0,1,0,0
1238,"6/19/99",1,231212,1,1,1,"Parents",1,0,0,0,0,0
1239,"6/19/99",1,231212,1,1,2,"Brother",2,2,2,0,0,0
1240,"6/19/99",1,231212,1,1,3,"Sister",8,0,0,8,0,0
1241,"6/19/99",1,231212,1,1,4,"Uncle",2,0,2,0,0,0
1242,"6/19/99",1,231212,1,1,5,"Aunt",3,0,0,3,0,0
626,"9/06/99",1,240119,1,1,1,"Parents",1,0,1,1,0,0
627,"9/08/99",1,240119,1,1,2,"Brother",1,0,1,1,0,0
628,"9/08/99",1,240119,1,1,3,"Sister",3,0,3,3,0,0
629,"9/08/99",1,240119,1,1,5,"Aunt",1,0,0,1,0,0
630,"9/08/99",1,240119,2,2,2,"Brother",1,0,1,1,0,0
631,"9/08/99",1,240119,2,2,3,"Sister",1,0,1,1,0,0
632,"9/08/99",1,240119,2,2,4,"Uncle",1,0,1,1,0,0
633,"9/08/99",1,240119,2,2,5,"Aunt",2,0,2,2,0,0
707,"9/08/99",1,240149,1,1,1,"Parents",2,0,2,2,0,0
708,"9/08/99",1,240149,1,1,2,"Brother",2,0,2,2,0,0
709,"9/08/99",1,240149,1,1,3,"Sister",1,0,0,0,1,0
710,"9/08/99",1,240149,1,1,4,"Uncle",3,0,0,0,0,0
711,"9/08/99",1,240149,2,2,1,"Parents",2,0,0,0,2,0
712,"9/08/99",1,240149,2,2,2,"Brother",2,0,0,0,2,0
713,"9/08/99",1,240149,2,2,3,"Sister",3,0,0,0,3,0
714,"9/08/99",1,240149,2,2,4,"Uncle",5,0,0,0,5,0
715,"9/08/99",1,240149,2,2,5,"Aunt",4,0,0,0,4,0
748,"9/08/99",1,240159,1,1,2,"Brother",2,0,2,2,0,0
749,"9/08/99",1,240159,1,1,3,"Sister",3,3,1,1,2,0
750,"9/08/99",1,240159,1,1,4,"Uncle",2,0,1,1,1,0
751,"9/08/99",1,240159,1,2,2,"Brother",5,5,0,0,5,0
752,"9/08/99",1,240159,1,2,3,"Sister",2,0,0,0,2,0
753,"9/08/99",1,240159,1,2,4,"Uncle",1,0,0,0,1,0
754,"9/08/99",1,240159,1,2,5,"Aunt",2,0,0,1,1,0
634,"9/08/99",1,240219,1,1,2,"Brother",1,0,1,1,0,0
635,"9/08/99",1,240219,1,1,3,"Sister",2,2,0,2,0,0
636,"9/08/99",1,240219,1,1,5,"Aunt",2,0,0,2,0,0
637,"9/08/99",1,240219,1,1,7,"Daughter",2,0,0,0,0,0
638,"9/08/99",1,240219,2,2,1,"Parents",1,0,0,1,0,0
639,"9/08/99",1,240219,2,2,2,"Brother",4,2,0,4,0,0
640,"9/08/99",1,240219,2,2,3,"Sister",2,0,0,2,0,0
641,"9/08/99",1,240219,2,2,6,"Son",2,0,0,2,0,0
642,"9/08/99",1,240219,2,2,7,"Daughter",2,0,0,1,0,0
716,"9/08/99",1,240249,1,1,2,"Brother",2,0,2,2,0,0
717,"9/08/99",1,240249,1,1,3,"Sister",8,0,0,5,3,0
718,"9/08/99",1,240249,1,1,4,"Uncle",1,0,1,1,0,0
719,"9/08/99",1,240249,1,1,5,"Aunt",1,0,1,1,0,0
720,"9/08/99",1,240249,2,2,1,"Parents",1,0,0,0,0,0
721,"9/08/99",1,240249,2,2,2,"Brother",2,0,0,2,0,0
722,"9/08/99",1,240249,2,2,3,"Sister",2,0,0,2,0,0
723,"9/08/99",1,240249,2,2,4,"Uncle",2,0,0,1,0,0
724,"9/08/99",1,240249,2,2,5,"Aunt",1,0,0,0,0,0
755,"9/08/99",1,240259,2,1,2,"Brother",2,2,0,0,0,0
756,"9/08/99",1,240259,2,1,3,"Sister",3,0,3,3,0,0
757,"9/08/99",1,240259,2,1,4,"Uncle",4,0,0,0,4,0
758,"9/08/99",1,240259,2,1,5,"Aunt",3,0,0,0,3,0
759,"9/08/99",1,240259,2,1,6,"Son",1,0,1,1,0,0
760,"9/08/99",1,240259,2,1,7,"Daughter",5,0,0,4,1,0
761,"9/08/99",1,240259,3,2,2,"Brother",2,0,0,0,2,0
762,"9/08/99",1,240259,3,2,3,"Sister",3,0,0,0,3,0
763,"9/08/99",1,240259,3,2,4,"Uncle",2,0,0,0,2,0
764,"9/08/99",1,240259,3,2,6,"Son",1,0,1,1,0,0
765,"9/08/99",1,240259,3,2,7,"Daughter",5,0,0,4,1,0
643,"9/08/99",1,240319,1,1,2,"Brother",3,3,3,3,0,0
644,"9/08/99",1,240319,1,1,3,"Sister",1,1,1,1,0,0
645,"9/08/99",1,240319,1,1,4,"Uncle",2,0,0,2,0,0
646,"9/08/99",1,240319,1,1,5,"Aunt",3,1,1,1,2,0
647,"9/08/99",1,240319,1,1,6,"Son",1,0,1,1,0,0
648,"9/08/99",1,240319,2,2,2,"Brother",2,0,0,0,2,0
649,"9/08/99",1,240319,2,2,3,"Sister",4,0,0,1,3,0
650,"9/08/99",1,240319,2,2,5,"Aunt",1,0,0,0,1,0
725,"9/08/99",1,240349,1,1,1,"Parents",1,0,1,1,0,0
726,"9/08/99",1,240349,1,1,3,"Sister",4,0,1,1,2,0
727,"9/08/99",1,240349,1,1,4,"Uncle",5,2,0,2,3,0
728,"9/08/99",1,240349,1,1,5,"Aunt",4,2,0,1,3,0
729,"9/08/99",1,240349,2,2,1,"Parents",1,0,0,0,1,0
730,"9/08/99",1,240349,2,2,2,"Brother",3,0,0,3,0,0
731,"9/08/99",1,240349,2,2,3,"Sister",2,0,0,1,1,0
732,"9/08/99",1,240349,2,2,4,"Uncle",2,0,0,0,2,0
733,"9/08/99",1,240349,2,2,5,"Aunt",2,0,0,0,2,0
766,"9/08/99",1,240359,1,1,2,"Brother",1,0,1,1,0,0
767,"9/08/99",1,240359,1,1,3,"Sister",4,3,0,3,1,0
768,"9/08/99",1,240359,1,2,1,"Parents",1,1,0,0,1,0
769,"9/08/99",1,240359,1,2,2,"Brother",1,1,0,0,1,0
770,"9/08/99",1,240359,1,2,3,"Sister",1,1,0,0,1,0
771,"9/08/99",1,240359,1,2,5,"Aunt",1,1,0,0,1,0
651,"9/08/99",1,240419,1,1,1,"Parents",1,0,1,1,0,0
652,"9/08/99",1,240419,1,1,5,"Aunt",1,0,0,0,0,0
653,"9/08/99",1,240419,1,1,6,"Son",2,0,2,2,0,0
654,"9/08/99",1,240419,1,1,7,"Daughter",1,0,0,1,0,0
655,"9/08/99",1,240419,2,2,1,"Parents",1,0,0,1,0,0
656,"9/08/99",1,240419,2,2,2,"Brother",3,0,0,3,0,0
657,"9/08/99",1,240419,2,2,3,"Sister",3,0,0,2,1,0
658,"9/08/99",1,240419,2,2,4,"Uncle",1,0,0,0,0,0
659,"9/08/99",1,240419,2,2,6,"Son",1,0,1,1,0,0
660,"9/08/99",1,240419,2,2,7,"Daughter",1,0,0,1,0,0
734,"9/08/99",1,240449,1,1,2,"Brother",3,0,3,3,0,0
735,"9/08/99",1,240449,1,1,4,"Uncle",3,0,0,3,0,0
736,"9/08/99",1,240449,1,1,5,"Aunt",3,0,0,0,0,0
737,"9/08/99",1,240449,2,2,1,"Parents",2,0,0,2,0,0
738,"9/08/99",1,240449,2,2,2,"Brother",3,0,0,1,0,0
739,"9/08/99",1,240449,2,2,3,"Sister",3,0,0,1,2,0
740,"9/08/99",1,240449,2,2,4,"Uncle",3,0,0,2,1,0
741,"9/08/99",1,240449,2,2,5,"Aunt",2,0,0,2,0,0
772,"9/08/99",1,240459,1,1,2,"Brother",2,2,2,2,0,0
773,"9/08/99",1,240459,1,1,7,"Daughter",2,2,0,0,2,0
774,"9/08/99",1,240459,2,2,2,"Brother",1,1,0,0,1,0
775,"9/08/99",1,240459,2,2,3,"Sister",2,2,0,0,2,0
776,"9/08/99",1,240459,2,2,4,"Uncle",4,0,0,0,0,0
777,"9/08/99",1,240459,2,2,7,"Daughter",2,0,0,0,2,0
661,"9/08/99",1,240519,1,1,2,"Brother",2,0,2,2,0,0
662,"9/08/99",1,240519,1,1,3,"Sister",4,0,1,2,1,0
663,"9/08/99",1,240519,1,1,4,"Uncle",1,0,1,1,0,0
664,"9/08/99",1,240519,1,1,6,"Son",1,0,1,1,0,0
665,"9/08/99",1,240519,1,1,7,"Daughter",1,0,0,1,0,0
666,"9/08/99",1,240519,2,2,1,"Parents",1,0,0,1,0,0
667,"9/08/99",1,240519,2,2,2,"Brother",1,0,0,1,0,0
668,"9/08/99",1,240519,2,2,3,"Sister",2,0,0,2,0,0
669,"9/08/99",1,240519,2,2,6,"Son",1,0,0,1,0,0
670,"9/08/99",1,240519,2,2,7,"Daughter",1,0,0,1,0,0
742,"9/08/99",1,240549,1,1,2,"Brother",1,0,0,0,1,0
743,"9/08/99",1,240549,1,1,3,"Sister",1,0,0,1,0,0
744,"9/08/99",1,240549,2,2,1,"Parents",1,0,0,0,1,0
745,"9/08/99",1,240549,2,2,2,"Brother",2,0,0,0,1,0
746,"9/08/99",1,240549,2,2,3,"Sister",1,0,0,0,1,0
747,"9/08/99",1,240549,2,2,4,"Uncle",1,0,0,0,1,0
778,"9/08/99",1,240559,1,1,2,"Brother",2,0,1,1,1,0
779,"9/08/99",1,240559,1,1,3,"Sister",4,0,0,0,4,0
780,"9/08/99",1,240559,1,1,4,"Uncle",1,1,0,0,1,0
781,"9/08/99",1,240559,1,2,2,"Brother",2,0,0,0,2,0
671,"9/08/99",1,240619,1,1,1,"Parents",1,0,0,0,0,0
672,"9/08/99",1,240619,1,1,2,"Brother",1,0,1,1,0,0
673,"9/08/99",1,240619,1,1,7,"Daughter",2,0,0,0,0,0
674,"9/08/99",1,240619,2,2,1,"Parents",2,2,0,2,0,0
675,"9/08/99",1,240619,2,2,2,"Brother",2,0,0,2,0,0
676,"9/08/99",1,240619,2,2,3,"Sister",2,0,0,2,0,0
677,"9/08/99",1,240619,2,2,5,"Aunt",2,0,0,1,1,0
678,"9/08/99",1,240619,2,2,7,"Daughter",2,0,0,0,0,0
679,"9/08/99",1,240719,1,1,1,"Parents",1,0,1,1,0,0
680,"9/08/99",1,240719,1,1,2,"Brother",3,0,3,3,0,0
681,"9/08/99",1,240719,1,1,4,"Uncle",3,2,0,3,0,0
682,"9/08/99",1,240719,1,1,5,"Aunt",3,1,0,3,0,0
683,"9/08/99",1,240719,2,2,1,"Parents",2,0,0,2,0,0
684,"9/08/99",1,240719,2,2,2,"Brother",2,0,0,2,0,0
685,"9/08/99",1,240719,2,2,3,"Sister",4,0,0,4,0,0
686,"9/08/99",1,240719,2,2,4,"Uncle",4,2,0,4,0,0
687,"9/08/99",1,240719,2,2,5,"Aunt",1,0,0,1,0,0
688,"9/08/99",1,240819,1,1,2,"Brother",4,4,0,0,4,0
689,"9/08/99",1,240819,1,1,6,"Son",4,0,0,0,0,0
690,"9/08/99",1,240819,1,1,7,"Daughter",10,0,0,2,2,0
691,"9/08/99",1,240819,2,2,2,"Brother",4,4,3,3,1,0
692,"9/08/99",1,240819,2,2,4,"Uncle",1,0,0,0,1,0
693,"9/08/99",1,240819,2,2,6,"Son",3,0,0,0,0,0
694,"9/08/99",1,240819,2,2,7,"Daughter",7,0,0,2,2,0
695,"9/08/99",1,240919,1,1,1,"Parents",2,0,2,2,0,0
696,"9/08/99",1,240919,1,1,2,"Brother",4,0,4,4,0,0
697,"9/08/99",1,240919,1,1,3,"Sister",3,0,0,2,1,0
698,"9/08/99",1,240919,1,1,4,"Uncle",2,0,0,0,2,0
699,"9/08/99",1,241019,1,1,2,"Brother",1,0,1,1,0,0
700,"9/08/99",1,241019,1,1,3,"Sister",2,0,0,1,1,0
701,"9/08/99",1,241019,1,1,4,"Uncle",3,0,0,0,3,0
702,"9/08/99",1,241019,1,1,5,"Aunt",1,0,0,0,1,0
703,"9/08/99",1,241019,2,2,1,"Parents",2,2,0,0,2,0
704,"9/08/99",1,241019,2,2,2,"Brother",3,0,0,0,3,0
705,"9/08/99",1,241019,2,2,3,"Sister",1,0,0,0,1,0
706,"9/08/99",1,241019,2,2,4,"Uncle",5,3,0,0,5,0
1595,"6/22/99",1,310111,2,2,1,"Parents",1,0,0,1,0,0
1596,"6/27/99",1,310111,2,2,2,"Brother",1,0,0,1,0,0
1597,"6/27/99",1,310111,2,2,3,"Sister",1,1,0,1,0,0
1598,"6/27/99",1,310111,2,2,4,"Uncle",1,0,0,1,0,0
1599,"6/27/99",1,310111,2,2,5,"Aunt",1,0,0,0,0,0
1666,"6/27/99",1,310141,2,1,2,"Brother",2,0,2,2,0,0
1667,"6/27/99",1,310141,2,1,3,"Sister",3,2,0,3,0,0
1668,"6/27/99",1,310141,2,1,4,"Uncle",3,2,0,2,0,0
1669,"6/27/99",1,310141,2,1,5,"Aunt",1,0,1,0,0,0
1670,"6/27/99",1,310141,2,2,2,"Brother",2,0,0,2,0,0
1671,"6/27/99",1,310141,2,2,3,"Sister",2,1,0,0,0,0
1672,"6/27/99",1,310141,2,2,4,"Uncle",5,5,0,3,0,0
1673,"6/27/99",1,310141,2,2,5,"Aunt",3,2,0,0,0,0
1689,"6/27/99",1,310151,4,1,2,"Brother",2,1,2,2,0,0
1690,"6/27/99",1,310151,4,1,6,"Son",2,0,0,0,2,1
1691,"6/27/99",1,310151,4,2,1,"Parents",1,0,0,0,1,0
1692,"6/27/99",1,310151,4,2,2,"Brother",2,2,0,0,2,0
1693,"6/27/99",1,310151,4,2,6,"Son",2,0,0,0,2,1
1600,"6/27/99",1,310211,2,1,1,"Parents",1,0,0,1,0,0
1601,"6/27/99",1,310211,2,1,2,"Brother",3,0,0,3,0,0
1602,"6/27/99",1,310211,2,1,4,"Uncle",3,0,0,0,0,0
1603,"6/27/99",1,310211,2,2,1,"Parents",1,0,1,1,0,0
1604,"6/27/99",1,310211,2,2,2,"Brother",3,1,2,3,0,0
1674,"6/27/99",1,310241,1,1,1,"Parents",1,0,1,1,0,0
1675,"6/27/99",1,310241,1,2,1,"Parents",1,0,1,1,0,0
1676,"6/27/99",1,310241,1,2,2,"Brother",2,2,2,2,0,0
1677,"6/27/99",1,310241,1,2,3,"Sister",4,4,0,3,1,0
1678,"6/27/99",1,310241,1,2,4,"Uncle",3,3,1,2,1,0
1679,"6/27/99",1,310241,1,2,5,"Aunt",2,2,0,0,0,0
1694,"6/27/99",1,310251,2,1,1,"Parents",1,0,1,1,0,0
1695,"6/27/99",1,310251,2,1,2,"Brother",2,0,2,2,0,0
1696,"6/27/99",1,310251,2,1,3,"Sister",1,1,0,1,0,0
1697,"6/27/99",1,310251,2,2,1,"Parents",2,1,0,2,0,0
1698,"6/27/99",1,310251,2,2,2,"Brother",3,0,0,3,0,0
1699,"6/27/99",1,310251,2,2,3,"Sister",1,1,0,1,0,0
1605,"6/27/99",1,310311,1,1,2,"Brother",3,0,3,3,0,0
1606,"6/27/99",1,310311,1,1,3,"Sister",3,0,2,2,0,0
1700,"6/27/99",1,310351,1,1,6,"Son",1,0,0,0,0,1
1701,"6/27/99",1,310351,1,1,7,"Daughter",1,1,0,0,1,0
1702,"6/27/99",1,310351,1,2,2,"Brother",3,3,0,0,0,0
1703,"6/27/99",1,310351,1,2,3,"Sister",1,1,0,1,0,0
1704,"6/27/99",1,310351,1,2,6,"Son",1,0,0,0,1,1
1705,"6/27/99",1,310351,1,2,7,"Daughter",1,1,0,0,1,0
1680,"6/27/99",1,310441,4,1,1,"Parents",1,1,1,1,0,0
1681,"6/27/99",1,310441,4,1,2,"Brother",6,6,6,6,0,0
1682,"6/27/99",1,310441,4,1,3,"Sister",2,2,0,1,0,0
1683,"6/27/99",1,310441,4,1,4,"Uncle",1,1,0,0,0,0
1684,"6/27/99",1,310441,4,1,5,"Aunt",2,1,0,2,0,0
1685,"6/27/99",1,310441,4,2,3,"Sister",1,1,0,1,0,0
1686,"6/27/99",1,310441,4,2,5,"Aunt",1,1,0,1,0,0
1706,"6/27/99",1,310459,2,1,1,"Parents",1,0,1,1,0,0
1707,"6/27/99",1,310459,2,1,2,"Brother",4,0,4,4,0,0
1708,"6/27/99",1,310459,2,1,3,"Sister",1,1,0,1,0,0
1709,"6/27/99",1,310459,2,1,4,"Uncle",2,0,2,2,0,0
1710,"6/27/99",1,310459,2,2,1,"Parents",2,0,2,2,0,0
1711,"6/27/99",1,310459,2,2,2,"Brother",3,0,3,3,0,0
1712,"6/27/99",1,310459,2,2,3,"Sister",3,2,0,1,1,0
1713,"6/27/99",1,310459,2,2,5,"Aunt",2,1,1,1,0,0
1607,"6/27/99",1,310511,2,1,1,"Parents",2,0,0,2,0,0
1608,"6/27/99",1,310511,2,1,2,"Brother",4,0,0,4,0,0
1609,"6/27/99",1,310511,2,1,3,"Sister",1,1,0,1,0,0
1610,"6/27/99",1,310511,2,1,4,"Uncle",3,3,0,3,0,0
1611,"6/27/99",1,310511,2,1,5,"Aunt",4,4,0,4,0,0
1612,"6/27/99",1,310511,2,2,2,"Brother",2,0,1,1,1,0
574,"9/11/99",1,310541,1,1,3,"Sister",1,0,0,1,0,0
575,"9/11/99",1,310541,1,1,5,"Aunt",1,0,0,1,0,0
576,"9/11/99",1,310541,1,2,1,"Parents",1,0,0,1,0,0
577,"9/11/99",1,310541,1,2,2,"Brother",2,0,0,2,0,0
578,"9/11/99",1,310541,1,2,3,"Sister",1,0,0,1,0,0
1613,"6/27/99",1,310611,4,1,1,"Parents",1,0,1,1,0,0
1614,"6/27/99",1,310611,4,1,2,"Brother",1,0,1,1,0,0
1615,"6/27/99",1,310611,4,1,3,"Sister",1,0,0,0,1,0
1616,"6/27/99",1,310611,4,1,4,"Uncle",2,1,2,2,0,0
1617,"6/27/99",1,310611,4,1,5,"Aunt",6,0,1,6,0,0
1618,"6/27/99",1,310611,4,2,1,"Parents",2,2,0,0,2,0
1619,"6/27/99",1,310611,4,2,2,"Uncle",4,0,0,0,4,0
1620,"6/27/99",1,310611,4,2,3,"Sister",3,0,0,0,3,0
1621,"6/27/99",1,310611,4,2,4,"Uncle",2,2,0,0,2,0
1622,"6/27/99",1,310611,4,2,5,"Aunt",2,2,0,0,2,0
1687,"6/27/99",1,310641,2,1,3,"Sister",1,0,0,1,0,1
1688,"6/27/99",1,310641,2,2,1,"Parents",1,0,0,1,0,0
1623,"6/27/99",1,310711,1,1,3,"Sister",2,2,0,2,0,0
1624,"6/27/99",1,310711,1,1,7,"Daughter",1,0,1,0,0,0
1625,"6/27/99",1,310711,1,2,2,"Brother",1,0,0,1,0,0
1626,"6/27/99",1,310711,1,2,7,"Daughter",1,0,1,0,0,0
1627,"6/27/99",1,310811,1,1,2,"Brother",1,0,0,1,0,0
1628,"6/27/99",1,310811,1,1,3,"Sister",2,1,0,2,0,0
1629,"6/27/99",1,310811,1,1,7,"Daughter",1,0,0,1,0,0
1630,"6/27/99",1,310911,2,1,1,"Parents",1,0,0,1,0,0
1631,"6/27/99",1,310911,2,1,2,".",1,0,1,1,0,0
1632,"6/27/99",1,310911,2,2,1,"Parents",1,0,1,1,0,0
1633,"6/27/99",1,310911,2,2,2,"Brother",2,0,0,2,0,0
1634,"6/27/99",1,310911,2,2,3,"Sister",2,0,2,2,0,0
1635,"6/27/99",1,310911,2,2,4,"Uncle",3,0,0,3,0,0
1636,"6/27/99",1,310911,2,2,5,"Aunt",1,1,0,1,0,0
1637,"6/27/99",1,311011,2,1,1,"Parents",2,0,2,2,0,0
1638,"6/27/99",1,311011,2,1,2,"Brother",3,0,3,3,0,0
1639,"6/27/99",1,311011,2,1,3,"Sister",3,0,0,2,0,0
1640,"6/27/99",1,311011,2,1,4,"Uncle",3,0,2,2,0,0
1641,"6/27/99",1,311011,2,1,5,"Aunt",6,0,2,3,0,0
1642,"6/27/99",1,311011,2,2,3,"Sister",1,0,0,0,0,0
1643,"6/27/99",1,311011,2,2,4,"Uncle",2,0,0,2,0,0
1644,"6/27/99",1,311111,4,1,1,"Parents",2,0,2,2,0,0
1645,"6/27/99",1,311111,4,1,2,"Brother",2,0,2,2,0,0
1646,"6/27/99",1,311111,4,1,3,"Sister",4,0,0,4,0,0
1647,"6/27/99",1,311111,4,1,4,"Uncle",2,2,2,2,0,0
1648,"6/27/99",1,311111,4,2,1,"Parents",2,2,2,2,0,0
1649,"6/27/99",1,311111,4,2,2,"Brother",4,4,4,4,0,0
1650,"6/27/99",1,311111,4,2,3,"Sister",3,3,0,3,0,0
1651,"6/27/99",1,311111,4,2,4,"Uncle",3,3,3,3,0,0
1652,"6/27/99",1,311111,4,2,5,"Aunt",1,1,0,1,0,0
1653,"6/27/99",1,311211,1,1,1,"Parents",1,0,1,1,0,0
1654,"6/27/99",1,311211,1,1,2,"Brother",1,0,1,1,0,0
1655,"6/27/99",1,311211,1,1,3,"Sister",1,1,0,0,1,0
1656,"6/27/99",1,311211,1,1,5,"Aunt",2,2,0,0,2,0
1657,"6/27/99",1,311211,1,2,2,"Brother",1,1,1,1,0,0
1658,"6/27/99",1,311211,1,2,3,"Sister",3,3,0,0,0,0
1659,"6/27/99",1,311411,1,1,1,"Parents",1,0,1,1,0,0
1660,"6/27/99",1,311411,1,1,4,"Uncle",6,4,0,0,0,0
1661,"6/27/99",1,311411,1,1,5,"Aunt",2,2,0,0,0,0
1662,"6/27/99",1,311411,1,2,1,"Parents",1,0,0,0,0,0
1663,"6/27/99",1,311411,1,2,2,"Brother",3,0,0,0,2,0
1664,"6/27/99",1,311411,1,2,3,"Sister",2,0,0,0,2,0
1665,"6/27/99",1,311411,1,2,5,"Aunt",1,0,0,0,1,0
1,"7/07/99",1,320111,5,1,1,"Parents",1,0,1,1,0,0
2,"7/13/99",1,320111,5,1,2,"Brother",1,0,1,1,0,0
3,"7/13/99",1,320111,5,1,3,"Sister",3,1,2,3,0,0
4,"7/13/99",1,320111,5,1,4,"Uncle",2,0,2,2,0,0
5,"7/13/99",1,320111,5,1,5,"Aunt",1,0,1,1,0,1
78,"7/13/99",1,320141,2,1,3,"Sister",1,0,1,1,0,0
79,"7/13/99",1,320141,2,2,2,"Brother",2,0,0,2,0,0
80,"7/13/99",1,320141,2,2,4,"Uncle",3,3,0,3,0,1
81,"7/13/99",1,320141,2,2,6,"Son",1,0,1,1,0,0
82,"7/13/99",1,320141,2,2,7,"Daughter",1,0,0,1,0,1
83,"7/13/99",1,320142,2,1,1,"Parents",2,0,2,2,0,0
84,"7/13/99",1,320142,2,1,3,"Sister",3,3,0,2,1,0
85,"7/13/99",1,320142,2,1,5,"Aunt",1,0,1,1,0,0
86,"7/13/99",1,320142,2,2,2,"Brother",1,1,0,0,0,1
87,"7/13/99",1,320142,2,2,3,"Sister",2,2,0,2,0,0
88,"7/13/99",1,320142,2,2,4,"Uncle",3,3,0,0,0,0
89,"7/13/99",1,320142,2,2,5,"Aunt",1,1,0,0,0,0
144,"7/13/99",1,320151,1,1,2,"Brother",4,0,4,4,0,0
145,"7/13/99",1,320151,1,1,4,"Uncle",2,2,2,2,0,0
146,"7/13/99",1,320151,1,1,5,"Aunt",5,5,0,3,0,0
147,"7/13/99",1,320151,2,2,1,"Parents",2,1,0,0,0,0
148,"7/13/99",1,320151,2,2,2,"Brother",3,3,0,0,0,0
149,"7/13/99",1,320151,2,2,3,"Sister",4,2,0,0,0,0
150,"7/13/99",1,320151,2,2,4,"Uncle",3,3,0,0,0,0
151,"7/13/99",1,320151,2,2,5,"Aunt",2,2,0,0,0,0
152,"7/13/99",1,320152,1,1,2,"Brother",4,0,4,4,0,1
153,"7/13/99",1,320152,1,1,4,"Uncle",2,2,2,2,0,0
154,"7/13/99",1,320152,1,1,5,"Aunt",5,5,0,3,0,0
155,"7/13/99",1,320152,1,2,1,"Parents",1,1,0,1,0,1
156,"7/13/99",1,320152,1,2,2,"Brother",4,4,0,1,0,0
157,"7/13/99",1,320152,1,2,3,"Sister",1,0,0,1,0,0
158,"7/13/99",1,320152,1,2,4,"Uncle",5,0,0,5,0,0
159,"7/13/99",1,320152,1,2,5,"Aunt",5,5,0,5,0,0
160,"7/13/99",1,320153,1,1,2,"Brother",4,0,4,4,0,0
161,"7/13/99",1,320153,1,1,4,"Uncle",2,2,2,2,0,0
162,"7/13/99",1,320153,1,1,5,"Aunt",5,5,0,3,0,0
163,"7/13/99",1,320153,2,2,1,"Parents",1,1,0,0,0,1
164,"7/13/99",1,320153,2,2,2,"Brother",2,2,0,0,0,0
165,"7/13/99",1,320153,2,2,3,"Sister",4,2,0,0,0,0
166,"7/13/99",1,320153,2,2,4,"Uncle",3,3,0,0,0,0
167,"7/13/99",1,320153,2,2,5,"Aunt",5,4,0,0,0,0
168,"7/13/99",1,320154,1,1,2,"Brother",4,0,4,4,0,3
169,"7/13/99",1,320154,1,1,4,"Uncle",2,2,2,2,0,0
170,"7/13/99",1,320154,1,1,5,"Aunt",5,5,0,3,0,0
171,"7/13/99",1,320154,1,2,1,"Parents",2,1,0,0,0,2
172,"7/13/99",1,320154,1,2,2,"Brother",3,0,0,0,0,0
173,"7/13/99",1,320154,1,2,3,"Sister",1,0,0,0,0,0
174,"7/13/99",1,320154,1,2,4,"Uncle",3,3,0,0,0,0
175,"7/13/99",1,320154,1,2,5,"Aunt",3,3,0,0,0,0
6,"7/13/99",1,320211,2,1,1,"Parents",1,0,0,1,0,0
7,"7/13/99",1,320211,2,1,2,"Sister",3,0,3,3,0,0
8,"7/13/99",1,320211,2,1,3,"Sister",3,3,0,3,0,0
9,"7/13/99",1,320211,2,2,3,"Sister",1,0,1,1,0,0
90,"7/13/99",1,320241,2,1,2,"Brother",4,0,4,4,0,0
91,"7/13/99",1,320241,2,1,3,"Sister",4,4,0,4,0,0
92,"7/13/99",1,320241,2,1,4,"Uncle",1,0,1,1,0,0
93,"7/13/99",1,320241,2,2,1,"Parents",1,1,0,1,0,0
94,"7/13/99",1,320241,2,2,2,"Brother",3,3,0,3,0,2
95,"7/13/99",1,320241,2,2,3,"Sister",2,2,0,2,0,0
176,"7/13/99",1,320251,1,1,1,"Parents",2,2,2,2,0,0
177,"7/13/99",1,320251,1,1,2,"Brother",5,0,4,4,0,0
178,"7/13/99",1,320251,1,1,3,"Sister",1,1,0,1,0,0
179,"7/13/99",1,320251,1,1,4,"Uncle",1,0,0,1,0,0
180,"7/13/99",1,320251,1,2,1,"Parents",1,1,0,0,0,0
181,"7/13/99",1,320251,1,2,2,"Brother",3,0,0,0,0,0
182,"7/13/99",1,320251,1,2,3,"Sister",3,3,0,0,0,0
183,"7/13/99",1,320251,1,2,4,"Uncle",1,1,0,0,0,0
184,"7/13/99",1,320251,1,2,5,"Aunt",1,1,0,0,0,0
10,"7/13/99",1,320311,2,1,2,"Brother",2,1,1,1,0,0
11,"7/13/99",1,320311,2,1,3,"Sister",2,2,0,1,1,0
12,"7/13/99",1,320311,2,1,5,"Aunt",1,0,0,1,0,0
13,"7/13/99",1,320311,2,2,1,"Parents",1,1,0,1,0,0
14,"7/13/99",1,320311,2,2,2,"Brother",3,3,3,3,0,0
15,"7/13/99",1,320311,2,2,3,"Sister",1,1,0,1,0,0
16,"7/13/99",1,320311,2,2,4,"Uncle",3,3,0,3,0,0
17,"7/13/99",1,320311,2,2,5,"Aunt",1,1,0,1,0,0
96,"7/13/99",1,320341,1,1,1,"Parents",1,0,0,1,0,0
97,"7/13/99",1,320341,1,1,2,"Brother",1,0,1,1,0,0
98,"7/13/99",1,320341,1,1,4,"Uncle",2,2,0,0,0,0
99,"7/13/99",1,320341,1,1,5,"Aunt",1,1,0,0,0,0
100,"7/13/99",1,320341,1,2,1,"Parents",2,2,0,2,0,0
101,"7/13/99",1,320341,1,2,2,"Brother",2,2,0,2,0,0
102,"7/13/99",1,320341,1,2,3,"Sister",6,6,0,5,0,0
103,"7/13/99",1,320341,1,2,4,"Uncle",3,3,0,3,0,0
104,"7/13/99",1,320341,1,2,5,"Aunt",3,2,0,3,0,0
18,"7/13/99",1,320411,2,1,2,"Brother",2,2,1,1,0,0
19,"7/13/99",1,320411,2,1,3,"Sister",2,0,0,0,0,0
20,"7/13/99",1,320411,2,1,7,"Daughter",2,0,0,1,1,0
21,"7/13/99",1,320411,2,2,2,"Brother",3,0,0,3,0,0
22,"7/13/99",1,320411,2,2,3,"Sister",6,0,0,6,0,0
23,"7/13/99",1,320411,2,2,7,"Daughter",2,0,0,1,1,0
105,"7/13/99",1,320441,2,1,1,"Parents",1,0,1,1,0,0
106,"7/13/99",1,320441,2,1,3,"Sister",2,2,0,2,0,0
107,"7/13/99",1,320441,2,1,4,"Uncle",1,1,1,1,0,0
108,"7/13/99",1,320441,2,1,5,"Aunt",3,0,1,2,0,0
109,"7/13/99",1,320441,2,2,1,"Parents",1,1,0,1,0,0
110,"7/13/99",1,320441,2,2,2,"Brother",1,1,0,1,0,1
111,"7/13/99",1,320442,2,1,1,"Parents",2,0,2,2,0,0
112,"7/13/99",1,320442,2,1,2,"Brother",3,0,3,3,0,0
113,"7/13/99",1,320442,2,1,3,"Sister",1,0,1,1,0,0
114,"7/13/99",1,320442,2,1,5,"Aunt",2,2,0,2,0,0
115,"7/13/99",1,320442,2,2,1,"Parents",2,2,0,2,0,1
116,"7/13/99",1,320442,2,2,2,"Brother",3,3,0,3,0,1
117,"7/13/99",1,320442,2,2,3,"Sister",3,0,0,3,0,0
118,"7/13/99",1,320443,2,1,1,"Parents",2,0,2,2,0,0
119,"7/13/99",1,320443,2,1,2,"Brother",3,0,3,3,0,0
120,"7/13/99",1,320443,2,1,3,"Sister",1,0,1,1,0,0
121,"7/13/99",1,320443,2,1,5,"Aunt",2,2,0,2,0,0
122,"7/13/99",1,320443,2,2,1,"Parents",1,0,0,1,0,0
123,"7/13/99",1,320443,2,2,2,"Brother",1,0,0,1,0,0
124,"7/13/99",1,320443,2,2,3,"Sister",3,0,0,3,0,0
125,"7/13/99",1,320443,2,2,4,"Uncle",2,0,0,2,0,0
126,"7/13/99",1,320443,2,2,5,"Aunt",2,0,0,2,0,0
185,"7/13/99",1,320459,7,1,1,"Parents",1,1,1,1,0,0
186,"7/13/99",1,320459,7,1,2,"Brother",3,0,3,3,0,0
187,"7/13/99",1,320459,7,1,3,"Sister",5,5,0,3,0,0
188,"7/13/99",1,320459,7,1,4,"Uncle",2,2,0,2,0,0
189,"7/13/99",1,320459,7,2,1,"Parents",2,2,0,2,0,0
190,"7/13/99",1,320459,7,2,2,"Brother",5,0,0,5,0,0
191,"7/13/99",1,320459,7,2,3,"Sister",5,3,0,5,0,0
192,"7/13/99",1,320459,7,2,4,"Uncle",5,4,0,4,0,0
193,"7/13/99",1,320459,7,2,5,"Aunt",2,2,0,0,0,0
24,"7/13/99",1,320511,2,1,1,"Parents",2,1,1,1,0,0
25,"7/13/99",1,320511,2,1,2,"Brother",2,0,0,2,0,0
26,"7/13/99",1,320511,2,1,5,"Aunt",2,0,1,2,0,0
27,"7/13/99",1,320511,2,2,1,"Parents",2,1,0,0,0,0
28,"7/13/99",1,320511,2,2,2,"Brother",3,3,0,0,0,0
29,"7/13/99",1,320511,2,2,3,"Sister",3,0,0,0,0,0
30,"7/13/99",1,320511,2,2,4,"Uncle",2,2,0,0,0,0
31,"7/13/99",1,320511,2,2,5,"Aunt",2,0,0,0,0,0
127,"7/13/99",1,320541,1,1,1,"Parents",1,0,1,1,0,0
128,"7/13/99",1,320541,1,1,4,"Uncle",2,0,0,0,0,0
129,"7/13/99",1,320541,1,1,5,"Aunt",4,4,0,3,0,0
130,"7/13/99",1,320541,1,2,1,"Parents",2,2,0,0,0,1
131,"7/13/99",1,320541,1,2,2,"Brother",5,0,0,0,0,0
132,"7/13/99",1,320541,1,2,3,"Sister",4,0,0,0,0,0
133,"7/13/99",1,320541,1,2,4,"Uncle",3,0,0,0,0,0
134,"7/13/99",1,320541,1,2,5,"Aunt",2,0,0,0,0,0
32,"7/13/99",1,320611,2,1,2,"Brother",2,0,2,2,0,0
33,"7/13/99",1,320611,2,1,3,"Sister",1,0,0,1,0,0
34,"7/13/99",1,320611,2,1,4,"Uncle",3,2,3,3,0,0
35,"7/13/99",1,320611,2,2,1,"Parents",1,0,0,0,0,0
36,"7/13/99",1,320611,2,2,2,"Brother",2,2,0,0,0,0
37,"7/13/99",1,320611,2,2,3,"Sister",3,0,0,0,0,0
38,"7/13/99",1,320611,2,2,4,"Uncle",4,4,0,0,0,0
39,"7/13/99",1,320611,2,2,5,"Aunt",3,3,0,0,0,0
135,"7/13/99",1,320641,1,1,1,"Parents",1,0,1,1,0,0
136,"7/13/99",1,320641,1,1,2,"Brother",2,2,2,2,0,0
137,"7/13/99",1,320641,1,1,3,"Sister",3,2,0,0,0,0
138,"7/13/99",1,320641,1,1,5,"Aunt",3,3,0,3,0,0
139,"7/13/99",1,320641,7,2,1,"Parents",1,1,0,0,0,0
140,"7/13/99",1,320641,7,2,2,"Brother",4,4,0,0,0,0
141,"7/13/99",1,320641,7,2,3,"Sister",2,2,0,0,0,0
142,"7/13/99",1,320641,7,2,4,"Uncle",4,4,0,0,0,0
143,"7/13/99",1,320641,7,2,5,"Aunt",1,1,0,0,0,0
40,"7/13/99",1,320711,5,1,3,"Sister",1,0,0,1,0,0
41,"7/13/99",1,320711,5,2,2,"Brother",1,1,0,1,0,0
42,"7/13/99",1,321011,2,2,1,"Parents",1,0,1,1,0,0
43,"7/13/99",1,321011,2,2,2,"Brother",2,0,2,2,0,0
44,"7/13/99",1,321111,2,1,2,"Brother",1,0,1,1,0,0
45,"7/13/99",1,321111,2,1,3,"Sister",2,2,0,2,0,0
46,"7/13/99",1,321111,2,1,4,"Uncle",1,1,1,1,0,0
47,"7/13/99",1,321111,2,1,5,"Aunt",1,1,1,1,0,0
48,"7/13/99",1,321111,2,2,1,"Parents",2,2,0,2,0,0
49,"7/13/99",1,321111,2,2,2,"Brother",2,1,0,2,0,0
50,"7/13/99",1,321111,2,2,3,"Sister",5,5,0,5,0,0
51,"7/13/99",1,321111,2,2,4,"Uncle",2,2,0,2,0,0
52,"7/13/99",1,321211,5,1,1,"Parents",1,1,0,0,1,0
53,"7/13/99",1,321211,5,1,2,"Brother",2,2,0,0,0,0
54,"7/13/99",1,321211,5,1,3,"Sister",1,1,0,0,0,0
55,"7/13/99",1,321211,5,2,2,"Brother",1,0,0,0,0,0
56,"7/13/99",1,321211,5,2,3,"Sister",2,0,0,0,0,0
57,"7/13/99",1,321212,1,1,1,"Parents",1,0,1,1,0,0
58,"7/13/99",1,321212,1,1,2,"Brother",3,0,1,1,0,1
59,"7/13/99",1,321212,1,1,4,"Uncle",2,2,0,2,0,0
60,"7/13/99",1,321212,1,1,5,"Aunt",4,3,0,0,0,0
61,"7/13/99",1,321212,2,2,1,"Parents",1,1,0,0,0,0
62,"7/13/99",1,321212,2,2,2,"Brother",3,0,0,0,0,0
63,"7/13/99",1,321212,2,2,3,"Sister",2,1,0,0,0,0
64,"7/13/99",1,321212,2,2,4,"Uncle",4,4,0,0,0,0
65,"7/13/99",1,321212,2,2,5,"Aunt",2,0,0,0,0,0
66,"7/13/99",1,321311,1,2,2,"Brother",1,0,1,1,0,0
67,"7/13/99",1,321411,1,1,3,"Sister",5,0,0,5,0,0
68,"7/13/99",1,321411,1,2,1,"Parents",1,0,0,1,0,0
69,"7/13/99",1,321411,1,2,2,"Brother",2,2,0,2,0,0
70,"7/13/99",1,321411,1,2,3,"Sister",4,3,0,2,0,0
71,"7/13/99",1,321412,1,1,1,"Parents",2,0,2,2,0,0
72,"7/13/99",1,321412,1,1,2,"Brother",5,0,5,5,0,0
73,"7/13/99",1,321412,1,2,1,"Parents",2,2,0,2,0,0
74,"7/13/99",1,321412,1,2,2,"Brother",3,3,0,3,0,0
75,"7/13/99",1,321412,1,2,3,"Sister",4,0,0,4,0,0
76,"7/13/99",1,321412,1,2,4,"Uncle",6,6,0,6,0,0
77,"7/13/99",1,321412,1,2,5,"Aunt",1,1,0,1,0,0
1,"8/14/99",1,330111,1,1,3,"Sister",1,0,0,1,0,0
2,"8/22/99",1,330111,2,2,1,"Parents",1,0,0,1,0,0
3,"8/22/99",1,330111,2,2,2,"Brother",2,2,0,2,0,0
4,"8/22/99",1,330111,2,2,3,"Sister",5,5,0,2,0,0
88,"8/22/99",1,330141,2,1,3,"Sister",3,0,3,3,0,0
89,"8/22/99",1,330141,2,1,4,"Uncle",4,4,4,4,0,0
90,"8/22/99",1,330141,2,2,1,"Parents",1,0,1,1,0,0
91,"8/22/99",1,330141,2,2,2,"Brother",1,0,1,1,0,0
92,"8/22/99",1,330141,2,2,3,"Sister",4,0,0,4,0,0
93,"8/22/99",1,330141,2,2,4,"Uncle",3,1,1,2,0,0
94,"8/22/99",1,330141,2,2,5,"Aunt",3,0,0,3,0,0
115,"8/22/99",1,330151,3,1,3,"Sister",1,1,0,1,0,0
116,"8/22/99",1,330151,3,2,2,"Brother",2,2,0,2,0,0
117,"8/22/99",1,330151,3,2,3,"Sister",3,3,0,2,0,0
118,"8/22/99",1,330151,3,2,4,"Uncle",2,0,0,2,0,0
5,"8/22/99",1,330211,4,1,1,"Parents",1,0,1,1,0,0
6,"8/22/99",1,330211,4,1,2,"Brother",3,0,2,2,1,1
7,"8/22/99",1,330211,4,1,3,"Sister",1,0,1,1,0,0
8,"8/22/99",1,330211,4,1,4,"Uncle",2,0,2,2,0,0
9,"8/22/99",1,330211,4,1,5,"Aunt",6,2,0,6,0,0
10,"8/22/99",1,330211,4,2,1,"Parents",2,2,0,0,0,0
11,"8/22/99",1,330211,4,2,2,"Brother",3,3,0,0,0,0
12,"8/22/99",1,330211,4,2,3,"Sister",5,0,0,0,0,0
13,"8/22/99",1,330211,4,2,4,"Uncle",3,0,0,0,0,0
14,"8/22/99",1,330211,4,2,5,"Aunt",2,1,0,0,0,0
95,"8/22/99",1,330241,1,1,1,"Parents",1,0,1,1,0,0
96,"8/22/99",1,330241,1,1,3,"Sister",1,0,1,1,0,0
97,"8/22/99",1,330241,1,1,4,"Uncle",3,0,0,3,0,0
98,"8/22/99",1,330241,1,1,5,"Aunt",6,4,0,6,0,0
99,"8/22/99",1,330241,1,2,1,"Parents",2,2,0,2,0,0
100,"8/22/99",1,330241,1,2,2,"Brother",2,0,0,2,0,0
101,"8/22/99",1,330241,1,2,4,"Uncle",3,3,0,3,0,0
102,"8/22/99",1,330241,1,2,5,"Aunt",3,3,0,3,0,0
119,"8/22/99",1,330251,1,1,1,"Parents",1,1,1,1,0,0
120,"8/22/99",1,330251,1,1,4,"Uncle",1,1,0,1,0,0
121,"8/22/99",1,330251,1,1,5,"Aunt",4,4,0,4,0,0
122,"8/22/99",1,330251,2,2,1,"Parents",2,2,0,2,0,0
123,"8/22/99",1,330251,2,2,2,"Brother",6,6,0,6,0,0
124,"8/22/99",1,330251,2,2,3,"Sister",2,2,1,1,0,0
125,"8/22/99",1,330251,2,2,4,"Uncle",1,1,0,1,0,0
126,"8/22/99",1,330251,2,2,5,"Aunt",2,0,0,2,0,0
103,"8/22/99",1,330341,1,1,2,"Brother",1,0,1,1,0,0
104,"8/22/99",1,330341,1,1,3,"Sister",1,0,1,1,0,0
15,"8/22/99",1,330411,2,1,1,"Parents",1,1,1,1,0,0
16,"8/22/99",1,330411,2,1,2,"Brother",1,0,1,1,0,0
17,"8/22/99",1,330411,2,1,3,"Sister",1,1,0,0,0,0
18,"8/22/99",1,330411,2,1,4,"Uncle",3,3,0,0,0,0
19,"8/22/99",1,330411,2,1,5,"Aunt",3,2,1,1,0,0
20,"8/22/99",1,330411,2,2,1,"Parents",1,1,0,1,0,0
21,"8/22/99",1,330411,2,2,2,"Brother",3,0,0,3,0,0
22,"8/22/99",1,330411,2,2,3,"Sister",3,3,0,0,0,0
23,"8/22/99",1,330411,2,2,4,"Uncle",2,2,0,2,0,0
127,"8/22/99",1,330459,1,1,1,"Parents",1,0,1,1,0,0
128,"8/22/99",1,330459,1,1,2,"Brother",5,2,5,5,0,0
129,"8/22/99",1,330459,1,1,3,"Sister",1,1,1,1,0,0
130,"8/22/99",1,330459,2,2,1,"Parents",1,0,0,1,0,0
131,"8/22/99",1,330459,2,2,2,"Brother",4,4,0,4,0,0
132,"8/22/99",1,330459,2,2,4,"Uncle",1,0,0,1,0,0
24,"8/22/99",1,330511,1,1,1,"Parents",1,1,1,1,0,0
25,"8/22/99",1,330511,1,1,3,"Sister",5,0,0,5,0,0
26,"8/22/99",1,330511,1,1,4,"Uncle",2,0,0,2,0,0
27,"8/22/99",1,330511,1,1,5,"Aunt",4,0,0,4,0,0
28,"8/22/99",1,330511,2,2,1,"Parents",2,0,0,2,0,0
29,"8/22/99",1,330511,2,2,2,"Brother",4,4,0,4,0,0
30,"8/22/99",1,330511,2,2,3,"Sister",5,3,0,2,0,0
31,"8/22/99",1,330511,2,2,4,"Uncle",3,3,0,3,0,0
32,"8/22/99",1,330511,2,2,5,"Aunt",2,0,0,2,0,0
105,"8/22/99",1,330541,1,1,1,"Parents",1,0,0,0,0,0
106,"8/22/99",1,330541,1,1,4,"Uncle",1,0,1,1,0,0
107,"8/22/99",1,330541,1,1,5,"Aunt",1,0,1,1,0,0
108,"8/22/99",1,330541,2,2,1,"Parents",2,1,0,0,2,0
109,"8/22/99",1,330541,2,2,2,"Brother",2,0,0,0,2,0
110,"8/22/99",1,330541,2,2,3,"Sister",3,3,0,0,3,0
111,"8/22/99",1,330541,2,2,4,"Uncle",1,0,0,0,1,0
112,"8/22/99",1,330541,2,2,5,"Aunt",1,0,0,0,1,0
33,"8/22/99",1,330611,1,1,1,"Parents",1,1,1,1,0,0
34,"8/22/99",1,330611,1,1,2,"Brother",1,1,1,1,0,0
35,"8/22/99",1,330611,1,1,3,"Sister",1,1,0,0,0,0
36,"8/22/99",1,330611,1,1,4,"Uncle",4,4,4,4,0,0
37,"8/22/99",1,330611,1,1,5,"Aunt",2,2,0,0,0,0
38,"8/22/99",1,330611,2,2,1,"Parents",1,0,0,1,0,0
39,"8/22/99",1,330611,2,2,2,"Brother",2,2,0,2,0,0
40,"8/22/99",1,330611,2,2,4,"Uncle",2,2,0,2,0,0
41,"8/22/99",1,330611,2,2,5,"Aunt",1,0,0,1,0,0
113,"8/22/99",1,330641,4,1,3,"Sister",1,0,0,1,0,0
114,"8/22/99",1,330641,4,2,2,"Brother",1,0,0,1,0,0
42,"8/22/99",1,330731,1,1,1,"Parents",1,0,1,1,0,0
43,"8/22/99",1,330731,1,1,3,"Sister",1,0,1,1,0,0
44,"8/22/99",1,330731,1,1,4,"Uncle",1,0,1,1,0,0
45,"8/22/99",1,330731,2,2,2,"Brother",1,0,0,1,0,0
46,"8/22/99",1,330731,2,2,3,"Sister",1,0,0,1,0,0
47,"8/22/99",1,330811,1,1,4,"Uncle",1,0,1,1,0,0
48,"8/22/99",1,330811,1,1,5,"Aunt",1,0,1,1,0,0
49,"8/22/99",1,330811,1,2,2,"Brother",2,0,0,0,0,0
50,"8/22/99",1,330811,1,2,3,"Sister",1,0,0,0,0,0
51,"8/22/99",1,330811,1,2,4,"Uncle",3,1,0,0,0,0
52,"8/22/99",1,330911,1,1,2,"Brother",1,0,1,1,0,0
53,"8/22/99",1,330911,2,2,1,"Parents",1,0,0,1,0,0
54,"8/22/99",1,330911,2,2,2,"Brother",2,0,0,2,0,0
55,"8/22/99",1,330911,2,2,4,"Uncle",3,0,0,3,0,0
56,"8/22/99",1,330911,2,2,5,"Aunt",1,0,0,1,0,0
57,"8/22/99",1,331111,1,1,2,"Brother",1,0,1,1,0,0
58,"8/22/99",1,331111,3,2,2,"Brother",2,2,0,2,0,0
59,"8/22/99",1,331111,3,2,3,"Sister",1,1,0,0,0,0
60,"8/22/99",1,331111,3,2,4,"Uncle",1,1,0,1,0,0
61,"8/22/99",1,331211,2,1,1,"Parents",1,0,1,1,0,0
62,"8/22/99",1,331211,2,1,2,"Brother",1,0,1,1,0,0
63,"8/22/99",1,331211,2,1,4,"Uncle",2,0,2,2,0,0
64,"8/22/99",1,331211,2,2,2,"Brother",1,0,0,1,0,0
65,"8/22/99",1,331211,2,2,3,"Sister",1,0,0,1,0,0
66,"8/22/99",1,331311,2,1,1,"Parents",1,0,1,1,0,0
67,"8/22/99",1,331311,2,1,2,"Brother",1,0,0,0,1,0
68,"8/22/99",1,331311,2,1,3,"Sister",4,0,1,2,0,0
69,"8/22/99",1,331311,2,1,4,"Uncle",3,1,0,1,1,0
70,"8/22/99",1,331311,2,2,1,"Parents",1,0,1,1,0,0
71,"8/22/99",1,331311,2,2,2,"Brother",2,0,2,2,0,0
72,"8/22/99",1,331311,2,2,4,"Uncle",3,2,1,1,0,0
73,"8/22/99",1,331411,2,1,1,"Parents",1,0,1,1,0,0
74,"8/22/99",1,331411,2,1,2,"Brother",1,0,1,1,0,0
75,"8/22/99",1,331411,2,1,3,"Sister",1,0,1,1,0,0
76,"8/22/99",1,331411,2,1,4,"Uncle",3,1,0,1,1,0
77,"8/22/99",1,331411,2,2,1,"Parents",1,0,1,1,0,0
78,"8/22/99",1,331411,2,2,2,"Brother",1,0,1,1,0,0
79,"8/22/99",1,331411,2,2,4,"Uncle",3,3,0,3,0,0
80,"8/22/99",1,331411,2,2,5,"Aunt",2,2,0,0,0,0
81,"8/22/99",1,331412,1,1,1,"Parents",2,0,2,2,0,0
82,"8/22/99",1,331412,1,1,3,"Sister",4,0,4,4,0,0
83,"8/22/99",1,331412,1,1,4,"Uncle",1,0,1,1,0,0
84,"8/22/99",1,331412,1,1,5,"Aunt",1,0,1,1,0,0
85,"8/22/99",1,331412,2,2,1,"Parents",1,0,0,0,0,0
86,"8/22/99",1,331412,2,2,4,"Uncle",5,5,0,0,0,0
87,"8/22/99",1,331412,2,2,5,"Aunt",6,6,0,0,0,0
474,"6/26/99",1,410111,2,1,1,"Parents",1,1,1,1,0,0
475,"6/26/99",1,410111,2,1,2,"Brother",2,2,2,2,0,0
476,"6/26/99",1,410111,2,1,3,"Sister",3,3,0,1,0,0
477,"6/26/99",1,410111,2,1,5,"Aunt",4,4,0,0,0,0
478,"6/26/99",1,410111,2,2,1,"Parents",2,0,0,0,0,0
479,"6/26/99",1,410111,2,2,2,"Brother",2,0,0,0,0,0
480,"6/26/99",1,410111,2,2,3,"Sister",5,0,1,0,0,0
481,"6/26/99",1,410111,2,2,4,"Uncle",2,0,0,2,0,0
482,"6/26/99",1,410111,2,2,5,"Aunt",5,2,0,2,0,0
597,"6/28/99",1,410141,1,1,4,"Uncle",1,1,0,0,0,0
598,"6/28/99",1,410141,1,1,7,"Daughter",1,0,0,1,0,0
599,"6/28/99",1,410141,1,2,2,"Brother",3,3,0,0,0,1
600,"6/28/99",1,410141,1,2,3,"Sister",3,2,0,0,0,0
601,"6/28/99",1,410141,1,2,4,"Uncle",1,1,0,0,0,0
602,"6/28/99",1,410141,1,2,7,"Daughter",1,0,0,1,0,0
657,"6/28/99",1,410151,1,1,1,"Parents",2,2,2,2,0,1
658,"6/28/99",1,410151,1,1,2,"Brother",6,6,5,5,0,0
659,"6/28/99",1,410151,1,1,3,"Sister",4,4,0,1,0,0
660,"6/28/99",1,410151,1,1,4,"Uncle",1,1,1,1,0,0
661,"6/28/99",1,410151,1,1,5,"Aunt",1,1,1,1,0,0
662,"6/28/99",1,410151,1,1,7,"Daughter",1,0,0,0,0,0
663,"6/28/99",1,410151,1,2,1,"Parents",1,0,0,0,0,0
664,"6/28/99",1,410151,1,2,2,"Brother",4,4,0,0,0,0
665,"6/28/99",1,410151,1,2,3,"Sister",3,1,0,1,0,0
666,"6/28/99",1,410151,1,2,4,"Uncle",1,1,0,0,0,0
667,"6/28/99",1,410151,1,2,7,"Daughter",1,0,0,0,0,0
483,"6/26/99",1,410211,2,1,1,"Parents",2,0,2,2,0,0
484,"6/26/99",1,410211,2,1,2,"Brother",3,0,3,3,0,0
485,"6/26/99",1,410211,2,1,3,"Sister",5,1,4,5,0,0
486,"6/26/99",1,410211,2,1,4,"Uncle",4,4,0,0,0,0
487,"6/26/99",1,410211,2,2,1,"Parents",2,1,0,0,0,2
488,"6/26/99",1,410211,2,2,2,"Brother",1,1,0,0,0,0
489,"6/26/99",1,410211,2,2,3,"Sister",1,1,0,0,0,0
490,"6/26/99",1,410211,2,2,4,"Uncle",5,5,0,0,0,0
491,"6/26/99",1,410211,2,2,5,"Aunt",7,7,0,0,0,0
603,"6/28/99",1,410241,1,1,1,"Parents",1,0,0,1,0,0
604,"6/28/99",1,410241,1,1,2,"Brother",5,5,0,5,0,5
605,"6/28/99",1,410241,1,1,3,"Sister",2,2,0,2,0,0
606,"6/28/99",1,410241,1,1,4,"Uncle",2,2,0,2,0,0
607,"6/28/99",1,410241,1,1,7,"Daughter",1,0,0,1,0,0
608,"6/28/99",1,410241,1,2,1,"Parents",2,0,2,2,0,0
609,"6/28/99",1,410241,1,2,2,"Brother",2,0,2,2,0,0
610,"6/28/99",1,410241,1,2,3,"Sister",2,1,1,2,0,0
611,"6/28/99",1,410241,1,2,4,"Uncle",1,1,1,1,0,0
612,"6/28/99",1,410241,1,2,5,"Aunt",1,1,0,0,0,0
613,"6/28/99",1,410241,1,2,7,"Daughter",1,0,1,0,0,0
668,"6/28/99",1,410251,1,1,1,"Parents",1,1,1,1,0,0
669,"6/28/99",1,410251,1,1,2,"Brother",1,1,1,1,0,0
670,"6/28/99",1,410251,1,1,3,"Sister",2,2,1,1,0,0
671,"6/28/99",1,410251,1,1,4,"Uncle",1,1,0,0,0,0
672,"6/28/99",1,410251,1,2,1,"Parents",2,2,0,0,2,2
673,"6/28/99",1,410251,1,2,2,"Brother",5,5,0,0,3,0
674,"6/28/99",1,410251,1,2,3,"Sister",7,5,0,1,1,0
675,"6/28/99",1,410251,1,2,4,"Uncle",2,2,0,0,0,0
676,"6/28/99",1,410251,1,2,5,"Aunt",2,2,0,0,0,0
677,"6/28/99",1,410251,1,2,7,"Daughter",1,0,0,0,0,0
492,"6/26/99",1,410311,1,1,2,"Brother",3,0,1,2,0,0
493,"6/26/99",1,410311,1,1,3,"Sister",6,0,2,4,0,0
494,"6/26/99",1,410311,1,1,5,"Aunt",1,1,0,1,0,0
495,"6/26/99",1,410311,2,2,2,"Brother",3,3,2,2,1,0
496,"6/26/99",1,410311,2,2,3,"Sister",1,1,0,0,0,0
497,"6/26/99",1,410311,2,2,4,"Uncle",2,1,2,2,0,0
614,"6/28/99",1,410341,1,1,2,"Brother",5,0,4,4,0,0
615,"6/28/99",1,410341,1,1,3,"Sister",1,0,1,1,0,0
616,"6/28/99",1,410341,1,1,4,"Uncle",1,1,1,1,0,0
617,"6/28/99",1,410341,1,1,5,"Aunt",2,2,2,2,0,0
618,"6/28/99",1,410341,1,2,1,"Parents",2,2,0,0,0,0
619,"6/28/99",1,410341,1,2,2,"Brother",1,0,0,0,0,0
620,"6/28/99",1,410341,1,2,3,"Sister",2,0,0,0,0,0
621,"6/28/99",1,410341,1,2,4,"Uncle",4,4,0,0,0,0
622,"6/28/99",1,410341,1,2,5,"Aunt",2,2,0,0,0,0
623,"6/28/99",1,410342,2,1,2,"Brother",5,0,4,4,0,0
624,"6/28/99",1,410342,2,1,3,"Sister",1,0,1,1,0,0
625,"6/28/99",1,410342,2,1,4,"Uncle",1,1,1,1,0,0
626,"6/28/99",1,410342,2,1,5,"Aunt",2,2,2,2,0,0
627,"6/28/99",1,410342,2,2,1,"Parents",2,2,2,2,0,0
628,"6/28/99",1,410342,2,2,2,"Brother",3,0,3,3,0,0
629,"6/28/99",1,410342,2,2,4,"Uncle",4,2,2,2,0,0
630,"6/28/99",1,410342,2,2,5,"Aunt",5,3,0,0,0,0
631,"6/28/99",1,410343,1,1,2,"Brother",5,0,4,4,0,0
632,"6/28/99",1,410343,1,1,3,"Sister",1,0,1,1,0,0
633,"6/28/99",1,410343,1,1,4,"Uncle",1,1,1,1,0,0
634,"6/28/99",1,410343,1,1,5,"Aunt",2,2,2,2,0,0
635,"6/28/99",1,410343,1,2,1,"Parents",2,0,0,2,0,0
636,"6/28/99",1,410343,1,2,2,"Brother",1,0,0,1,0,0
637,"6/28/99",1,410343,1,2,3,"Sister",4,0,0,4,0,0
638,"6/28/99",1,410344,2,1,2,"Brother",5,0,4,4,0,0
639,"6/28/99",1,410344,2,1,3,"Sister",1,0,1,1,0,0
640,"6/28/99",1,410344,2,1,4,"Uncle",1,1,1,1,0,0
641,"6/28/99",1,410344,2,1,5,"Aunt",2,2,2,2,0,0
642,"6/28/99",1,410344,2,2,1,"Parents",2,2,0,0,0,2
643,"6/28/99",1,410344,2,2,4,"Uncle",5,5,0,0,0,0
644,"6/28/99",1,410344,2,2,5,"Aunt",2,1,0,0,0,0
678,"6/28/99",1,410351,1,1,1,"Parents",1,1,1,1,0,0
681,"6/28/99",1,410351,1,1,6,"Son",1,0,0,0,1,1
682,"6/28/99",1,410351,1,1,7,"Daughter",1,0,0,1,0,0
684,"6/28/99",1,410351,1,2,2,"Brother",3,0,0,0,0,0
685,"6/28/99",1,410351,1,2,3,"Sister",3,3,0,0,0,0
679,"6/28/99",1,410351,9,1,2,"Brother",3,3,3,3,0,0
680,"6/28/99",1,410351,9,1,3,"Sister",2,2,0,2,0,0
683,"6/28/99",1,410351,9,2,1,"Parents",1,0,0,0,0,0
686,"6/28/99",1,410351,9,2,4,"Uncle",5,5,0,0,0,0
687,"6/28/99",1,410351,9,2,5,"Aunt",5,5,0,0,0,0
498,"6/26/99",1,410411,1,1,7,"Daughter",1,0,0,1,0,0
499,"6/26/99",1,410411,1,2,1,"Parents",1,0,0,1,0,0
500,"6/26/99",1,410411,1,2,2,"Brother",1,1,0,1,0,0
501,"6/26/99",1,410411,1,2,3,"Sister",1,1,0,1,0,0
502,"6/26/99",1,410411,1,2,7,"Daughter",1,0,0,1,0,0
645,"6/28/99",1,410441,1,1,2,"Brother",4,4,4,4,0,0
646,"6/28/99",1,410441,1,1,3,"Sister",3,2,3,3,0,0
647,"6/28/99",1,410441,1,1,4,"Uncle",1,1,1,1,0,0
648,"6/28/99",1,410441,1,1,5,"Aunt",3,3,2,2,0,0
688,"6/28/99",1,410459,1,1,3,"Sister",1,1,0,1,0,0
689,"6/28/99",1,410459,2,2,1,"Parents",1,1,0,0,0,0
690,"6/28/99",1,410459,2,2,2,"Brother",3,3,0,0,0,0
691,"6/28/99",1,410459,2,2,4,"Uncle",4,4,0,0,0,0
692,"6/28/99",1,410459,2,2,5,"Aunt",1,1,0,0,0,0
503,"6/26/99",1,410511,3,1,1,"Parents",1,0,1,1,0,0
504,"6/26/99",1,410511,3,1,2,"Brother",1,1,0,0,1,0
505,"6/26/99",1,410511,3,1,3,"Sister",2,2,0,1,0,0
506,"6/26/99",1,410511,3,1,4,"Uncle",3,3,0,0,0,0
507,"6/26/99",1,410511,3,1,5,"Aunt",5,5,0,2,0,0
508,"6/26/99",1,410511,3,2,1,"Parents",2,2,0,2,0,0
509,"6/26/99",1,410511,3,2,2,"Brother",2,2,0,2,0,0
510,"6/26/99",1,410511,3,2,3,"Sister",4,4,0,4,0,0
511,"6/26/99",1,410511,3,2,4,"Uncle",4,4,0,4,0,0
512,"6/26/99",1,410511,3,2,5,"Aunt",3,3,0,1,0,0
649,"6/28/99",1,410541,1,1,1,"Parents",1,0,1,1,0,0
650,"6/28/99",1,410541,1,1,2,"Brother",1,1,1,1,0,0
651,"6/28/99",1,410541,1,1,5,"Aunt",1,0,0,0,0,0
652,"6/28/99",1,410541,1,2,1,"Parents",2,2,2,2,0,0
653,"6/28/99",1,410541,1,2,2,"Brother",2,0,2,2,0,0
654,"6/28/99",1,410541,1,2,3,"Sister",4,1,0,0,0,0
655,"6/28/99",1,410541,1,2,4,"Uncle",1,1,0,1,0,0
656,"6/28/99",1,410541,1,2,5,"Aunt",3,3,0,1,0,0
513,"6/26/99",1,410611,1,1,3,"Sister",1,0,0,1,0,0
514,"6/26/99",1,410611,1,1,6,"Son",1,0,1,1,0,1
515,"6/26/99",1,410611,1,1,7,"Daughter",2,0,0,1,0,0
516,"6/26/99",1,410611,2,2,1,"Parents",1,0,0,1,0,0
517,"6/26/99",1,410611,2,2,2,"Brother",2,1,0,2,0,0
518,"6/26/99",1,410611,2,2,4,"Uncle",1,1,0,1,0,0
519,"6/26/99",1,410611,2,2,5,"Aunt",1,1,0,1,0,0
520,"6/26/99",1,410611,2,2,6,"Son",1,0,1,1,0,0
521,"6/26/99",1,410611,2,2,7,"Daughter",2,0,0,1,0,0
522,"6/26/99",1,410612,1,1,1,"Parents",2,0,2,2,0,0
523,"6/26/99",1,410612,1,1,2,"Brother",3,0,3,3,0,0
524,"6/26/99",1,410612,1,1,3,"Sister",2,0,0,1,0,0
525,"6/26/99",1,410612,1,1,4,"Uncle",2,1,0,2,0,0
526,"6/26/99",1,410612,2,2,1,"Parents",2,0,0,0,0,0
527,"6/26/99",1,410612,2,2,2,"Brother",2,0,0,0,0,0
528,"6/26/99",1,410612,2,2,4,"Uncle",5,0,0,0,0,0
529,"6/26/99",1,410612,2,2,5,"Aunt",4,1,0,0,0,0
530,"6/26/99",1,410711,1,1,2,"Brother",1,1,1,1,0,0
531,"6/26/99",1,410711,1,1,4,"Uncle",1,0,0,1,0,0
532,"6/26/99",1,410711,1,1,6,"Son",4,0,4,4,0,0
533,"6/26/99",1,410711,1,1,7,"Daughter",2,0,0,2,0,0
534,"6/26/99",1,410711,2,2,1,"Parents",1,0,0,1,0,0
535,"6/26/99",1,410711,2,2,2,"Brother",2,2,0,2,0,0
536,"6/26/99",1,410711,2,2,3,"Sister",2,2,0,2,0,0
537,"6/26/99",1,410711,2,2,4,"Uncle",2,2,0,2,0,0
538,"6/26/99",1,410711,2,2,6,"Son",4,0,4,4,0,0
539,"6/26/99",1,410711,2,2,7,"Daughter",2,0,0,2,0,0
540,"6/26/99",1,410712,1,1,1,"Parents",2,0,2,2,0,0
541,"6/26/99",1,410712,1,1,2,"Brother",3,0,3,3,0,0
542,"6/26/99",1,410712,1,1,3,"Sister",3,0,1,2,0,0
543,"6/26/99",1,410712,1,1,4,"Uncle",3,2,1,3,0,0
544,"6/26/99",1,410712,1,1,5,"Aunt",2,2,0,2,0,0
545,"6/26/99",1,410712,2,2,1,"Parents",2,2,0,2,0,2
546,"6/26/99",1,410712,2,2,2,"Brother",3,0,0,3,0,0
547,"6/26/99",1,410712,2,2,3,"Sister",4,0,0,4,0,0
548,"6/26/99",1,410712,2,2,4,"Uncle",4,2,0,4,0,0
549,"6/26/99",1,410712,2,2,5,"Aunt",3,2,0,3,0,0
550,"6/26/99",1,410811,1,1,2,"Brother",1,1,1,1,0,0
551,"6/26/99",1,410811,1,1,4,"Uncle",1,0,0,1,0,0
552,"6/26/99",1,410811,1,1,6,"Son",8,0,8,8,0,0
553,"6/26/99",1,410811,1,1,7,"Daughter",5,1,1,5,0,0
554,"6/26/99",1,410811,2,2,1,"Parents",1,0,0,1,0,0
555,"6/26/99",1,410811,2,2,2,"Brother",2,0,0,2,0,0
556,"6/26/99",1,410811,2,2,3,"Sister",2,0,0,2,0,0
557,"6/26/99",1,410811,2,2,6,"Son",1,0,1,1,0,0
558,"6/26/99",1,410811,2,2,7,"Daughter",1,0,1,1,0,0
559,"6/26/99",1,410911,1,1,1,"Parents",2,1,0,0,2,0
560,"6/26/99",1,410911,1,1,2,"Brother",3,0,0,0,3,0
561,"6/26/99",1,410911,1,1,3,"Sister",4,3,0,3,0,0
562,"6/26/99",1,410911,1,1,4,"Uncle",3,3,0,0,0,0
563,"6/26/99",1,410911,1,1,5,"Aunt",2,0,0,1,0,0
569,"6/26/99",1,411011,2,1,1,"Parents",1,1,1,1,0,0
570,"6/26/99",1,411011,2,1,2,"Brother",4,4,4,4,0,0
571,"6/26/99",1,411011,2,1,3,"Sister",7,5,1,5,0,0
572,"6/26/99",1,411011,2,1,4,"Uncle",4,1,1,1,3,0
573,"6/26/99",1,411011,2,2,1,"Parents",2,1,0,2,0,0
574,"6/26/99",1,411011,2,2,2,"Brother",1,1,0,1,0,0
575,"6/26/99",1,411011,2,2,3,"Sister",2,1,0,2,0,0
576,"6/26/99",1,411011,2,2,4,"Uncle",3,3,0,3,0,0
577,"6/26/99",1,411011,2,2,5,"Aunt",4,3,0,2,0,0
578,"6/26/99",1,411111,2,1,1,"Parents",1,1,1,1,0,0
579,"6/26/99",1,411111,2,1,2,"Brother",4,4,3,3,0,0
580,"6/26/99",1,411111,2,1,3,"Sister",7,5,1,5,0,0
581,"6/26/99",1,411111,2,1,4,"Uncle",4,4,1,1,0,0
582,"6/26/99",1,411111,2,1,5,"Aunt",1,1,0,0,0,0
583,"6/26/99",1,411111,2,1,7,"Daughter",1,1,1,1,0,0
584,"6/26/99",1,411111,2,2,1,"Parents",2,2,0,2,0,2
585,"6/26/99",1,411111,2,2,2,"Brother",1,1,0,1,0,1
586,"6/26/99",1,411111,2,2,3,"Sister",2,1,0,1,0,0
587,"6/26/99",1,411111,2,2,4,"Uncle",5,1,0,1,0,0
588,"6/26/99",1,411111,2,2,5,"Aunt",2,1,0,0,0,0
589,"6/26/99",1,411111,2,2,7,"Daughter",1,1,1,1,0,0
590,"6/28/99",1,411211,1,1,1,"Parents",1,1,1,1,0,1
591,"6/28/99",1,411211,1,1,2,"Brother",2,2,2,2,0,0
592,"6/28/99",1,411211,1,1,3,"Sister",2,2,0,2,0,0
593,"6/28/99",1,411211,1,1,4,"Uncle",1,1,0,1,0,0
594,"6/28/99",1,411211,1,2,1,"Parents",1,1,1,1,0,0
595,"6/28/99",1,411211,1,2,2,"Brother",2,2,2,2,0,0
596,"6/28/99",1,411211,1,2,3,"Sister",1,1,0,0,0,0
1,"8/09/95",1,420111,1,1,1,"Parents",2,0,2,2,0,0
2,"8/09/95",1,420111,1,1,2,"Brother",9,3,9,9,0,0
3,"8/09/95",1,420111,1,1,3,"Sister",9,0,4,4,0,0
4,"8/09/95",1,420111,1,1,4,"Uncle",5,0,1,5,0,0
5,"8/09/95",1,420111,1,1,5,"Aunt",6,0,0,4,0,0
6,"8/09/95",1,420111,1,2,1,"Parents",1,0,0,1,0,0
7,"8/09/95",1,420111,1,2,2,"Brother",4,0,0,4,0,0
8,"8/09/95",1,420111,1,2,3,"Sister",4,0,0,4,0,0
9,"8/09/95",1,420111,1,2,5,"Aunt",2,1,0,2,0,0
147,"8/09/95",1,420141,3,1,2,"Brother",1,0,1,1,0,0
148,"8/09/95",1,420141,3,1,3,"Sister",2,0,1,2,0,0
149,"8/09/95",1,420141,3,1,5,"Aunt",1,0,0,1,0,0
150,"8/09/95",1,420141,3,2,1,"Parents",2,0,0,2,0,0
151,"8/09/95",1,420141,3,2,2,"Brother",2,0,0,2,0,0
152,"8/09/95",1,420141,3,2,3,"Sister",6,0,0,6,0,0
153,"8/09/95",1,420141,3,2,5,"Aunt",2,0,0,2,0,0
183,"8/09/95",1,420151,1,1,1,"Parents",1,0,1,1,0,0
184,"8/09/95",1,420151,1,1,2,"Brother",3,3,2,2,1,0
185,"8/09/95",1,420151,1,1,3,"Sister",4,4,1,3,0,0
186,"8/09/95",1,420151,1,1,4,"Uncle",7,7,0,0,0,0
187,"8/09/95",1,420151,1,2,1,"Parents",1,0,0,1,0,0
188,"8/09/95",1,420151,1,2,2,"Brother",3,2,0,3,0,0
189,"8/09/95",1,420151,1,2,3,"Sister",6,2,0,6,0,0
190,"8/09/95",1,420151,1,2,4,"Uncle",1,1,0,1,0,0
10,"8/09/95",1,420211,1,1,1,"Parents",2,0,2,2,0,0
11,"8/09/95",1,420211,1,1,2,"Brother",9,3,9,9,0,2
12,"8/09/95",1,420211,1,1,3,"Sister",9,0,4,5,0,0
13,"8/09/95",1,420211,1,1,4,"Uncle",5,0,1,4,0,0
14,"8/09/95",1,420211,1,1,5,"Aunt",6,0,0,4,0,0
15,"8/09/95",1,420211,1,2,1,"Parents",2,0,0,2,0,1
16,"8/09/95",1,420211,1,2,2,"Brother",4,0,0,4,0,0
17,"8/09/95",1,420211,1,2,3,"Sister",5,0,0,5,0,0
18,"8/09/95",1,420211,1,2,4,"Uncle",3,1,0,3,0,0
19,"8/09/95",1,420211,1,2,5,"Aunt",3,0,0,3,0,0
154,"8/09/95",1,420241,2,1,3,"Sister",5,0,2,5,0,0
155,"8/09/95",1,420241,2,1,6,"Son",2,0,0,2,0,0
156,"8/09/95",1,420241,2,2,1,"Parents",1,0,0,1,0,0
157,"8/09/95",1,420241,2,2,2,"Brother",4,4,0,4,0,0
158,"8/09/95",1,420241,2,2,3,"Sister",2,0,0,2,0,0
159,"8/09/95",1,420241,2,2,4,"Uncle",6,5,0,6,0,0
191,"8/09/95",1,420251,1,1,2,"Brother",6,3,6,6,0,2
192,"8/09/95",1,420251,1,1,3,"Sister",6,1,3,6,0,0
193,"8/09/95",1,420251,2,2,1,"Parents",1,0,0,1,0,1
194,"8/09/95",1,420251,2,2,2,"Brother",1,0,0,1,0,1
195,"8/09/95",1,420251,2,2,3,"Sister",4,1,0,4,0,0
196,"8/09/95",1,420251,2,2,5,"Aunt",1,0,0,1,0,0
20,"8/09/95",1,420311,1,1,1,"Parents",1,0,1,1,0,0
21,"8/09/95",1,420311,1,1,2,"Brother",4,4,3,3,1,1
22,"8/09/95",1,420311,1,1,4,"Uncle",2,1,1,2,0,0
23,"8/09/95",1,420311,1,1,5,"Aunt",3,3,0,3,0,0
24,"8/09/95",1,420311,1,1,6,"Son",1,0,1,1,0,0
25,"8/09/95",1,420311,1,1,7,"Daughter",3,0,3,3,0,0
26,"8/09/95",1,420311,1,2,1,"Parents",1,1,0,1,0,0
27,"8/09/95",1,420311,1,2,2,"Brother",1,1,0,1,0,0
28,"8/09/95",1,420311,1,2,3,"Sister",2,2,0,1,1,0
29,"8/09/95",1,420311,1,2,4,"Uncle",2,2,0,1,0,0
30,"8/09/95",1,420311,1,2,5,"Aunt",4,0,0,0,4,0
31,"8/09/95",1,420311,1,2,6,"Son",1,0,1,1,0,0
32,"8/09/95",1,420311,1,2,7,"Daughter",3,0,3,3,0,0
160,"8/09/95",1,420341,1,1,1,"Parents",1,0,1,1,0,0
161,"8/09/95",1,420341,1,1,2,"Brother",2,0,1,1,0,0
162,"8/09/95",1,420341,1,1,3,"Sister",2,0,0,2,0,0
163,"8/09/95",1,420341,1,1,4,"Uncle",2,0,2,2,0,0
164,"8/09/95",1,420341,1,1,6,"Son",7,0,3,5,2,4
165,"8/09/95",1,420341,1,1,7,"Daughter",2,0,0,1,0,0
166,"8/09/95",1,420341,2,2,1,"Parents",2,1,0,2,0,0
167,"8/09/95",1,420341,2,2,2,"Brother",1,1,0,1,0,0
168,"8/09/95",1,420341,2,2,3,"Sister",2,0,0,1,0,0
169,"8/09/95",1,420341,2,2,4,"Uncle",3,3,0,1,0,0
170,"8/09/95",1,420341,2,2,6,"Son",3,0,3,3,0,0
197,"8/09/95",1,420351,1,1,2,"Brother",1,1,1,1,0,0
198,"8/09/95",1,420351,1,1,3,"Sister",4,1,1,4,0,0
199,"8/09/95",1,420351,1,2,1,"Parents",2,0,0,2,0,0
200,"8/09/95",1,420351,1,2,2,"Brother",1,0,0,1,0,0
201,"8/09/95",1,420351,1,2,3,"Sister",2,0,0,2,0,0
202,"8/09/95",1,420351,1,2,4,"Uncle",4,1,0,4,0,0
203,"8/09/95",1,420351,1,2,5,"Aunt",3,1,0,3,0,0
33,"8/09/95",1,420411,2,1,1,"Parents",1,0,1,1,0,0
34,"8/09/95",1,420411,2,1,2,"Brother",2,0,2,2,0,0
35,"8/09/95",1,420411,2,1,3,"Sister",2,0,1,2,0,0
36,"8/09/95",1,420411,2,1,4,"Uncle",2,2,0,2,0,0
37,"8/09/95",1,420411,2,1,5,"Aunt",2,0,0,0,0,0
38,"8/09/95",1,420411,2,1,6,"Son",3,0,3,3,0,0
39,"8/09/95",1,420411,2,1,7,"Daughter",2,0,2,2,0,0
40,"8/09/95",1,420411,2,2,1,"Parents",2,1,0,2,0,0
41,"8/09/95",1,420411,2,2,2,"Brother",4,0,0,4,0,0
42,"8/09/95",1,420411,2,2,3,"Sister",1,0,0,1,0,0
43,"8/09/95",1,420411,2,2,4,"Uncle",3,2,0,3,0,0
44,"8/09/95",1,420411,2,2,5,"Aunt",3,3,0,3,0,0
45,"8/09/95",1,420411,2,2,6,"Son",3,0,3,3,0,0
46,"8/09/95",1,420411,2,2,7,"Daughter",2,0,2,2,0,0
171,"8/09/95",1,420441,1,1,2,"Brother",5,0,5,5,0,0
172,"8/09/95",1,420441,1,1,3,"Sister",3,0,3,3,0,0
173,"8/09/95",1,420441,1,1,4,"Uncle",1,0,0,1,0,0
174,"8/09/95",1,420441,1,1,5,"Aunt",2,0,0,0,0,0
175,"8/09/95",1,420441,2,2,2,"Brother",2,0,0,2,0,0
176,"8/09/95",1,420441,2,2,4,"Uncle",2,0,0,2,0,0
204,"8/09/95",1,420459,1,1,1,"Parents",1,1,1,1,0,0
205,"8/09/95",1,420459,1,1,2,"Brother",3,0,3,3,0,0
206,"8/09/95",1,420459,1,1,3,"Sister",3,0,1,2,0,0
207,"8/09/95",1,420459,1,1,4,"Uncle",1,1,1,1,0,1
208,"8/09/95",1,420459,1,1,5,"Aunt",2,2,0,1,0,0
47,"8/09/95",1,420521,1,1,2,"Brother",3,3,3,3,0,0
48,"8/09/95",1,420521,1,1,3,"Sister",1,1,0,1,0,0
49,"8/09/95",1,420521,1,1,4,"Uncle",4,4,0,4,0,0
50,"8/09/95",1,420521,1,1,5,"Aunt",2,2,0,2,0,0
51,"8/09/95",1,420521,1,1,6,"Son",4,0,4,4,0,0
52,"8/09/95",1,420521,1,1,7,"Daughter",4,3,1,3,0,0
53,"8/09/95",1,420521,2,2,2,"Brother",4,4,0,0,0,0
54,"8/09/95",1,420521,2,2,3,"Sister",2,2,0,0,0,0
55,"8/09/95",1,420521,2,2,6,"Son",4,0,4,4,0,0
56,"8/09/95",1,420521,2,2,7,"Daughter",4,3,1,3,0,0
57,"8/09/95",1,420522,1,1,1,"Parents",2,0,2,2,0,0
58,"8/09/95",1,420522,1,1,2,"Brother",4,0,4,4,0,0
59,"8/09/95",1,420522,1,1,3,"Sister",4,3,1,4,0,0
60,"8/09/95",1,420522,1,1,4,"Uncle",7,7,3,7,0,0
61,"8/09/95",1,420522,1,1,5,"Aunt",3,3,0,3,0,0
62,"8/09/95",1,420522,1,2,1,"Parents",2,1,2,2,0,0
63,"8/09/95",1,420522,1,2,2,"Brother",5,0,5,5,0,0
64,"8/09/95",1,420522,1,2,3,"Sister",6,3,2,5,0,0
65,"8/09/95",1,420522,1,2,4,"Uncle",3,3,1,3,0,0
66,"8/09/95",1,420522,1,2,5,"Aunt",4,2,0,3,0,0
177,"8/09/95",1,420541,5,1,6,"Son",2,0,2,2,0,0
178,"8/09/95",1,420541,5,1,7,"Daughter",3,0,1,2,0,0
179,"8/09/95",1,420541,5,2,2,"Brother",2,2,0,2,0,0
180,"8/09/95",1,420541,5,2,3,"Sister",5,4,0,1,0,0
181,"8/09/95",1,420541,5,2,6,"Son",2,0,2,2,0,0
182,"8/09/95",1,420541,5,2,7,"Daughter",3,0,1,2,0,0
67,"8/09/95",1,420611,1,1,1,"Parents",2,1,2,2,0,0
68,"8/09/95",1,420611,1,1,2,"Brother",4,0,4,4,0,0
69,"8/09/95",1,420611,1,1,3,"Sister",7,6,2,5,0,0
70,"8/09/95",1,420611,1,1,4,"Uncle",2,1,1,2,0,0
71,"8/09/95",1,420611,1,1,5,"Aunt",3,1,1,2,0,0
72,"8/09/95",1,420611,1,2,1,"Parents",1,1,0,1,0,0
73,"8/09/95",1,420611,1,2,2,"Brother",1,1,0,1,0,0
74,"8/09/95",1,420611,1,2,3,"Sister",6,6,0,3,0,0
75,"8/09/95",1,420611,1,2,4,"Uncle",1,1,0,1,0,0
81,"8/09/95",1,420711,2,2,2,"Brother",7,3,7,7,0,2
82,"8/09/95",1,420711,2,2,3,"Sister",5,0,2,2,0,0
83,"8/09/95",1,420711,2,2,7,"Daughter",1,0,0,1,0,0
84,"8/09/95",1,420821,1,1,1,"Parents",2,0,2,2,0,0
85,"8/09/95",1,420821,1,1,2,"Brother",4,0,4,4,0,0
86,"8/09/95",1,420821,1,1,3,"Sister",5,0,3,5,0,0
87,"8/09/95",1,420821,1,1,4,"Uncle",1,1,0,1,0,0
88,"8/09/95",1,420821,1,1,5,"Aunt",1,1,0,1,0,0
89,"8/09/95",1,420821,1,2,1,"Parents",1,0,0,1,0,0
90,"8/09/95",1,420821,1,2,2,"Brother",1,0,0,0,0,0
91,"8/09/95",1,420821,1,2,4,"Uncle",2,2,0,2,0,0
97,"8/09/95",1,420921,1,2,1,"Parents",1,1,1,1,0,0
98,"8/09/95",1,420921,1,2,2,"Brother",8,3,8,8,0,2
99,"8/09/95",1,420921,1,2,3,"Sister",3,2,0,3,0,0
100,"8/09/95",1,420921,1,2,4,"Uncle",3,3,3,3,0,0
101,"8/09/95",1,420921,1,2,5,"Aunt",2,2,0,2,0,0
92,"8/09/95",1,420921,2,1,1,"Parents",1,0,0,1,0,0
93,"8/09/95",1,420921,2,1,2,"Brother",8,6,0,8,0,3
94,"8/09/95",1,420921,2,1,3,"Sister",2,0,0,2,0,0
95,"8/09/95",1,420921,2,1,4,"Uncle",3,2,0,3,0,0
96,"8/09/95",1,420921,2,1,5,"Aunt",3,2,0,3,0,0
102,"8/09/95",1,421021,1,1,1,"Parents",2,0,2,2,0,0
103,"8/09/95",1,421021,1,1,2,"Brother",4,0,4,4,0,0
104,"8/09/95",1,421021,1,1,3,"Sister",5,0,3,5,0,0
105,"8/09/95",1,421021,1,1,4,"Uncle",1,1,0,1,0,0
106,"8/09/95",1,421021,1,1,5,"Aunt",1,1,0,1,0,0
107,"8/09/95",1,421021,2,2,1,"Parents",2,2,0,2,0,0
108,"8/09/95",1,421021,2,2,2,"Brother",3,3,0,3,0,0
109,"8/09/95",1,421021,2,2,3,"Sister",1,1,0,1,0,0
110,"8/09/95",1,421021,2,2,4,"Uncle",5,3,0,5,0,0
111,"8/09/95",1,421021,2,2,5,"Aunt",2,1,0,2,0,0
112,"8/09/95",1,421121,1,1,1,"Parents",1,0,1,1,0,0
113,"8/09/95",1,421121,1,1,2,"Brother",5,2,2,2,3,0
114,"8/09/95",1,421121,1,1,3,"Sister",5,3,1,5,0,0
115,"8/09/95",1,421121,1,1,4,"Uncle",3,2,2,3,0,0
116,"8/09/95",1,421121,1,1,5,"Aunt",4,2,1,4,0,0
117,"8/09/95",1,421121,1,2,1,"Parents",1,0,0,1,0,1
118,"8/09/95",1,421121,1,2,2,"Brother",1,1,0,1,0,0
119,"8/09/95",1,421121,1,2,3,"Sister",3,1,0,3,0,0
120,"8/09/95",1,421121,1,2,4,"Uncle",5,5,0,5,0,0
121,"8/09/95",1,421121,1,2,5,"Aunt",2,2,0,2,0,0
122,"8/09/95",1,421211,1,1,2,"Brother",5,5,0,5,0,0
123,"8/09/95",1,421211,1,1,3,"Sister",2,2,0,2,0,0
124,"8/09/95",1,421211,1,1,6,"Son",5,0,4,4,1,0
125,"8/09/95",1,421211,1,1,7,"Daughter",4,0,0,3,1,0
126,"8/09/95",1,421211,1,2,6,"Son",5,0,4,4,1,0
127,"8/09/95",1,421211,1,2,7,"Daughter",4,0,0,3,1,1
128,"8/09/95",1,421212,1,1,1,"Parents",1,0,1,1,0,0
129,"8/09/95",1,421212,1,1,2,"Brother",4,0,3,3,1,0
130,"8/09/95",1,421212,1,1,3,"Sister",4,0,0,3,1,0
131,"8/09/95",1,421212,1,1,4,"Uncle",5,3,0,5,0,0
132,"8/09/95",1,421212,1,1,5,"Aunt",2,2,0,2,0,0
133,"8/09/95",1,421212,1,2,1,"Parents",2,2,0,2,0,1
134,"8/09/95",1,421212,1,2,2,"Brother",2,2,0,2,0,1
135,"8/09/95",1,421212,1,2,3,"Sister",4,2,0,4,0,0
136,"8/09/95",1,421212,1,2,4,"Uncle",3,2,0,3,0,0
137,"8/09/95",1,421212,1,2,5,"Aunt",4,0,0,4,0,0
138,"8/09/95",1,421213,1,1,1,"Parents",1,0,1,1,0,0
139,"8/09/95",1,421213,1,1,2,"Brother",4,0,3,3,1,0
140,"8/09/95",1,421213,1,1,3,"Sister",4,0,0,3,1,0
141,"8/09/95",1,421213,1,1,4,"Uncle",5,3,0,5,0,0
142,"8/09/95",1,421213,1,1,5,"Aunt",2,2,0,2,0,0
143,"8/09/95",1,421213,1,2,1,"Parents",2,0,2,2,0,1
144,"8/09/95",1,421213,1,2,2,"Brother",1,0,1,1,0,0
145,"8/09/95",1,421213,1,2,4,"Uncle",9,0,4,9,0,0
146,"8/09/95",1,421213,1,2,5,"Aunt",6,2,0,6,0,0
1,"6/24/99",1,430111,1,1,3,"Sister",3,0,1,2,1,0
2,"6/24/99",1,430111,1,1,6,"Son",2,0,2,2,0,0
3,"6/24/99",1,430111,1,1,7,"Daughter",2,0,1,2,0,0
4,"6/24/99",1,430111,1,2,1,"Parents",2,0,0,2,0,0
5,"6/24/99",1,430111,1,2,2,"Brother",4,0,0,4,0,0
6,"6/24/99",1,430111,1,2,3,"Sister",1,0,0,1,0,0
7,"6/24/99",1,430111,1,2,5,"Aunt",1,0,0,1,0,0
110,"6/24/99",1,430141,2,1,1,"Parents",1,0,1,1,0,0
111,"6/24/99",1,430141,2,1,2,"Brother",2,0,2,2,0,0
112,"6/24/99",1,430141,2,1,3,"Sister",2,0,2,2,0,0
113,"6/24/99",1,430141,2,1,4,"Uncle",1,0,1,1,0,0
114,"6/24/99",1,430141,2,1,5,"Aunt",2,0,0,2,0,0
115,"6/24/99",1,430141,2,1,6,"Son",2,0,0,2,0,0
116,"6/24/99",1,430141,2,2,1,"Parents",1,0,0,0,0,0
117,"6/24/99",1,430141,2,2,2,"Brother",1,0,0,0,0,0
118,"6/24/99",1,430141,2,2,3,"Sister",2,2,0,0,0,2
119,"6/24/99",1,430141,2,2,4,"Uncle",2,0,0,0,0,0
120,"6/24/99",1,430141,2,2,5,"Aunt",4,2,0,0,0,0
157,"6/24/99",1,430151,2,1,1,"Parents",1,0,1,1,0,0
158,"6/24/99",1,430151,2,1,2,"Brother",3,1,3,3,0,0
159,"6/24/99",1,430151,2,1,3,"Sister",2,1,0,2,0,0
160,"6/24/99",1,430151,2,2,1,"Parents",1,0,0,0,0,0
161,"6/24/99",1,430151,2,2,2,"Brother",9,9,0,0,0,5
162,"6/24/99",1,430151,2,2,3,"Sister",3,2,0,0,0,0
163,"6/24/99",1,430151,2,2,4,"Uncle",1,1,0,0,0,0
164,"6/24/99",1,430151,2,2,5,"Aunt",3,2,0,0,0,0
8,"6/24/99",1,430211,2,1,1,"Parents",1,0,1,1,0,0
9,"6/24/99",1,430211,2,1,2,"Brother",3,0,2,2,1,1
10,"6/24/99",1,430211,2,1,3,"Sister",1,1,1,1,0,0
11,"6/24/99",1,430211,2,1,5,"Aunt",6,2,2,4,0,0
12,"6/24/99",1,430211,2,2,1,"Parents",2,2,0,2,0,2
13,"6/24/99",1,430211,2,2,2,"Brother",4,0,0,4,0,2
14,"6/24/99",1,430211,2,2,3,"Sister",3,2,0,3,0,0
15,"6/24/99",1,430211,2,2,4,"Uncle",7,3,0,0,0,0
16,"6/24/99",1,430211,2,2,5,"Aunt",2,2,0,0,0,0
121,"6/24/99",1,430241,1,1,1,"Parents",1,0,1,1,0,0
122,"6/24/99",1,430241,1,1,2,"Brother",2,1,2,2,0,0
123,"6/24/99",1,430241,1,1,3,"Sister",2,0,2,2,0,0
124,"6/24/99",1,430241,1,1,5,"Aunt",2,1,0,2,0,0
125,"6/24/99",1,430241,2,2,1,"Parents",2,0,0,0,0,2
126,"6/24/99",1,430241,2,2,2,"Brother",1,0,0,0,0,0
127,"6/24/99",1,430241,2,2,4,"Uncle",9,2,0,0,1,0
128,"6/24/99",1,430241,2,2,5,"Aunt",5,2,0,0,1,0
165,"6/24/99",1,430251,1,1,2,"Brother",3,3,3,3,0,0
166,"6/24/99",1,430251,1,1,6,"Son",5,0,5,5,0,0
167,"6/24/99",1,430251,1,1,7,"Daughter",1,1,0,1,0,0
168,"6/24/99",1,430251,2,2,2,"Brother",2,2,0,2,0,0
169,"6/24/99",1,430251,2,2,6,"Son",5,0,5,5,0,0
170,"6/24/99",1,430251,2,2,7,"Daughter",1,1,0,1,0,0
171,"6/24/99",1,430252,2,1,1,"Parents",2,1,2,2,0,2
172,"6/24/99",1,430252,2,1,2,"Brother",4,0,4,4,0,0
173,"6/24/99",1,430252,2,1,3,"Sister",1,0,0,1,0,0
174,"6/24/99",1,430252,2,1,4,"Uncle",2,2,2,2,0,0
175,"6/24/99",1,430252,2,2,1,"Parents",1,0,0,1,0,1
176,"6/24/99",1,430252,2,2,2,"Brother",3,3,0,3,0,3
177,"6/24/99",1,430252,2,2,3,"Sister",2,2,0,2,0,0
178,"6/24/99",1,430252,2,2,5,"Aunt",1,1,0,1,0,0
17,"6/24/99",1,430311,2,1,1,"Parents",2,1,2,2,0,0
18,"6/24/99",1,430311,2,1,2,"Brother",4,2,4,4,0,0
19,"6/24/99",1,430311,2,1,3,"Sister",1,1,0,1,0,0
20,"6/24/99",1,430311,2,1,4,"Uncle",4,3,0,4,0,0
21,"6/24/99",1,430311,2,2,1,"Parents",1,0,0,1,0,0
22,"6/24/99",1,430311,2,2,2,"Brother",1,1,0,1,0,1
23,"6/24/99",1,430311,2,2,3,"Sister",1,1,1,1,0,0
24,"6/24/99",1,430311,2,2,4,"Uncle",2,2,0,2,0,0
25,"6/24/99",1,430311,2,2,7,"Daughter",1,0,0,1,0,0
129,"6/24/99",1,430341,1,1,3,"Sister",2,0,1,2,0,0
130,"6/24/99",1,430341,1,1,7,"Daughter",3,2,0,2,0,0
131,"6/24/99",1,430341,1,2,2,"Brother",1,0,1,1,0,0
132,"6/24/99",1,430341,1,2,3,"Sister",1,1,0,0,0,0
133,"6/24/99",1,430341,1,2,7,"Daughter",3,2,0,2,0,0
26,"6/24/99",1,430411,2,1,2,"Brother",3,2,3,3,0,0
27,"6/24/99",1,430411,2,1,3,"Sister",2,0,0,2,0,0
28,"6/24/99",1,430411,2,1,5,"Aunt",2,0,0,0,0,0
134,"6/24/99",1,430441,1,1,2,"Brother",5,0,0,4,1,4
135,"6/24/99",1,430441,1,1,3,"Sister",1,0,0,0,0,0
136,"6/24/99",1,430441,1,1,4,"Uncle",1,0,0,0,0,0
137,"6/24/99",1,430441,1,1,6,"Son",2,0,2,2,0,2
138,"6/24/99",1,430441,1,2,1,"Parents",1,0,1,1,0,1
139,"6/24/99",1,430441,1,2,2,"Brother",2,0,2,2,0,0
140,"6/24/99",1,430441,1,2,3,"Sister",1,1,1,1,0,0
141,"6/24/99",1,430441,1,2,4,"Uncle",1,0,0,1,0,0
142,"6/24/99",1,430441,1,2,5,"Aunt",3,3,2,3,0,2
143,"6/24/99",1,430441,1,2,6,"Son",2,0,2,2,0,2
144,"6/24/99",1,430442,1,1,1,"Parents",1,0,1,1,0,1
145,"6/24/99",1,430442,1,1,2,"Brother",2,0,1,2,0,0
146,"6/24/99",1,430442,1,1,4,"Uncle",4,2,2,4,0,2
147,"6/24/99",1,430442,1,1,5,"Aunt",3,2,1,3,0,0
148,"6/24/99",1,430442,2,2,1,"Parents",1,1,1,1,0,1
149,"6/24/99",1,430442,2,2,2,"Brother",2,0,2,2,0,0
150,"6/24/99",1,430442,2,2,3,"Sister",2,0,2,2,0,0
179,"6/24/99",1,430459,2,1,1,"Parents",1,0,1,1,0,0
180,"6/24/99",1,430459,2,1,2,"Brother",3,2,3,3,0,0
181,"6/24/99",1,430459,2,1,3,"Sister",2,2,0,2,0,0
182,"6/24/99",1,430459,2,2,1,"Parents",2,2,2,2,0,2
183,"6/24/99",1,430459,2,2,2,"Brother",2,0,2,2,0,0
184,"6/24/99",1,430459,2,2,3,"Sister",3,0,1,3,0,0
185,"6/24/99",1,430459,2,2,4,"Uncle",2,0,2,2,0,0
186,"6/24/99",1,430459,2,2,5,"Aunt",1,0,1,1,0,0
29,"6/24/99",1,430511,2,1,1,"Parents",1,0,1,1,0,0
30,"6/24/99",1,430511,2,1,2,"Brother",3,3,3,3,0,0
31,"6/24/99",1,430511,2,1,4,"Uncle",6,4,3,3,0,0
32,"6/24/99",1,430511,2,1,5,"Aunt",1,1,0,0,0,0
33,"6/24/99",1,430511,2,1,7,"Daughter",1,0,0,1,0,0
34,"6/24/99",1,430511,2,2,2,"Brother",3,2,0,2,0,0
35,"6/24/99",1,430511,2,2,3,"Sister",1,0,0,0,0,0
36,"6/24/99",1,430511,2,2,7,"Daughter",1,0,0,1,0,0
151,"6/24/99",1,430541,2,1,1,"Parents",2,0,2,2,0,0
152,"6/24/99",1,430541,2,1,2,"Brother",5,0,5,5,0,0
153,"6/24/99",1,430541,2,1,3,"Sister",6,0,4,5,0,0
154,"6/24/99",1,430541,2,1,4,"Uncle",1,0,1,1,0,0
155,"6/24/99",1,430541,2,2,2,"Brother",4,2,0,4,0,2
156,"6/24/99",1,430541,2,2,3,"Sister",4,3,0,4,0,0
37,"6/24/99",1,430611,1,1,1,"Parents",2,2,2,2,0,0
38,"6/24/99",1,430611,1,1,2,"Brother",5,1,5,5,0,0
39,"6/24/99",1,430611,1,1,3,"Sister",2,2,0,2,0,0
40,"6/24/99",1,430611,1,1,4,"Uncle",1,1,0,0,0,0
41,"6/24/99",1,430611,1,1,5,"Aunt",3,1,0,0,0,0
42,"6/24/99",1,430611,1,2,1,"Parents",1,1,0,1,0,1
43,"6/24/99",1,430611,1,2,2,"Brother",1,1,0,1,0,1
44,"6/24/99",1,430611,1,2,3,"Sister",5,2,0,0,0,0
45,"6/24/99",1,430611,1,2,4,"Uncle",4,4,0,4,0,0
46,"6/24/99",1,430611,1,2,5,"Aunt",1,1,0,1,0,0
47,"6/24/99",1,430711,2,1,2,"Brother",6,1,6,6,0,2
48,"6/24/99",1,430711,2,1,3,"Sister",3,0,2,3,0,0
49,"6/24/99",1,430711,2,1,4,"Uncle",6,4,2,2,0,0
50,"6/24/99",1,430711,2,1,5,"Aunt",2,2,0,1,0,0
51,"6/24/99",1,430711,2,2,1,"Parents",2,0,0,0,2,0
52,"6/24/99",1,430711,2,2,2,"Brother",5,0,0,0,5,0
53,"6/24/99",1,430711,2,2,3,"Sister",3,1,0,1,0,0
54,"6/24/99",1,430711,2,2,4,"Uncle",6,2,0,0,0,0
55,"6/24/99",1,430711,2,2,5,"Aunt",4,4,0,1,0,0
56,"6/24/99",1,430811,3,1,3,"Sister",1,1,0,1,0,0
57,"6/24/99",1,430811,3,1,6,"Son",1,0,1,1,0,1
58,"6/24/99",1,430811,3,1,7,"Daughter",1,0,0,0,0,0
59,"6/24/99",1,430811,3,2,2,"Brother",4,0,0,0,0,1
60,"6/24/99",1,430811,3,2,3,"Sister",2,2,0,1,0,0
61,"6/24/99",1,430811,3,2,6,"Son",1,0,1,1,0,1
62,"6/24/99",1,430811,3,2,7,"Daughter",1,0,0,0,0,0
63,"6/24/99",1,430812,3,1,1,"Parents",2,0,2,2,0,0
64,"6/24/99",1,430812,3,1,2,"Brother",5,0,5,5,0,0
65,"6/24/99",1,430812,3,1,3,"Sister",3,0,3,3,0,0
66,"6/24/99",1,430812,3,1,4,"Uncle",1,0,0,1,0,0
67,"6/24/99",1,430812,3,1,5,"Aunt",2,1,0,2,0,0
68,"6/24/99",1,430812,3,2,1,"Parents",2,2,0,0,2,0
69,"6/24/99",1,430812,3,2,2,"Brother",1,1,0,0,0,0
70,"6/24/99",1,430812,3,2,3,"Sister",1,0,0,0,0,0
71,"6/24/99",1,430812,3,2,4,"Uncle",3,2,0,0,0,0
72,"6/24/99",1,430812,3,2,5,"Aunt",6,2,0,3,0,0
73,"6/24/99",1,430813,1,1,1,"Parents",3,0,3,3,0,0
74,"6/24/99",1,430813,1,1,2,"Brother",5,0,5,5,0,0
75,"6/24/99",1,430813,1,1,3,"Sister",2,0,2,2,0,0
76,"6/24/99",1,430813,1,1,4,"Uncle",4,0,0,4,0,0
77,"6/24/99",1,430813,1,1,5,"Aunt",3,2,0,2,0,0
78,"6/24/99",1,430813,2,2,1,"Parents",2,1,0,0,2,0
79,"6/24/99",1,430813,2,2,2,"Brother",2,0,0,0,2,0
80,"6/24/99",1,430813,2,2,3,"Sister",2,0,0,0,2,0
81,"6/24/99",1,430813,2,2,4,"Uncle",8,0,0,0,8,0
82,"6/24/99",1,430813,2,2,5,"Aunt",3,0,0,0,3,0
83,"6/24/99",1,430911,1,1,2,"Brother",7,3,0,0,0,0
84,"6/24/99",1,430911,1,1,3,"Sister",3,3,0,0,0,0
85,"6/24/99",1,430911,1,1,6,"Son",1,0,0,0,1,0
86,"6/24/99",1,430911,1,1,7,"Daughter",1,1,0,0,0,0
87,"6/24/99",1,430911,1,2,1,"Parents",2,2,0,2,0,0
88,"6/24/99",1,430911,1,2,2,"Brother",4,4,0,0,4,0
89,"6/24/99",1,430911,1,2,3,"Sister",3,3,0,3,0,0
90,"6/24/99",1,430911,1,2,4,"Uncle",1,1,0,1,0,0
91,"6/24/99",1,430911,1,2,5,"Aunt",2,1,0,2,0,0
92,"6/24/99",1,430911,1,2,6,"Son",1,0,0,0,0,0
93,"6/24/99",1,430911,1,2,7,"Daughter",1,1,0,0,0,0
94,"6/24/99",1,431011,2,1,1,"Parents",1,0,1,1,0,0
95,"6/24/99",1,431011,2,1,2,"Brother",1,0,1,1,0,0
96,"6/24/99",1,431011,2,1,3,"Sister",5,0,2,4,0,0
97,"6/24/99",1,431011,2,1,7,"Daughter",1,0,1,1,0,0
98,"6/24/99",1,431011,2,2,1,"Parents",1,0,1,1,0,0
99,"6/24/99",1,431011,2,2,5,"Aunt",2,0,0,2,0,0
100,"6/24/99",1,431111,2,1,1,"Parents",2,0,2,2,0,0
101,"6/24/99",1,431111,2,1,2,"Brother",4,4,2,3,1,0
102,"6/24/99",1,431111,2,1,4,"Uncle",1,1,1,1,0,0
103,"6/24/99",1,431111,2,1,5,"Aunt",5,3,0,3,0,0
104,"6/24/99",1,431111,2,2,1,"Parents",1,0,1,1,0,0
105,"6/24/99",1,431111,2,2,3,"Sister",5,0,4,4,1,0
106,"6/24/99",1,431111,2,2,5,"Aunt",2,1,0,2,0,0
107,"6/24/99",1,431211,2,1,1,"Parents",1,0,1,1,0,1
108,"6/24/99",1,431211,2,1,3,"Sister",5,0,4,4,0,5
109,"6/24/99",1,431211,2,1,5,"Aunt",2,2,0,2,0,2
334,"9/09/99",1,440119,1,1,2,"Brother",4,3,4,0,0,0
335,"9/09/99",1,440119,1,1,3,"Sister",4,0,0,4,0,0
336,"9/09/99",1,440119,1,1,4,"Uncle",1,0,1,0,0,0
337,"9/09/99",1,440119,1,1,5,"Aunt",1,0,0,1,0,0
338,"9/09/99",1,440119,2,2,1,"Parents",2,1,0,1,0,1
339,"9/09/99",1,440119,2,2,2,"Brother",2,1,0,2,0,0
340,"9/09/99",1,440119,2,2,3,"Sister",6,3,1,5,0,0
341,"9/09/99",1,440119,2,2,5,"Aunt",2,0,0,2,0,0
422,"9/09/99",1,440149,1,1,1,"Parents",2,1,2,0,0,1
423,"9/09/99",1,440149,1,1,2,"Brother",4,0,4,0,0,0
424,"9/09/99",1,440149,1,1,3,"Sister",3,0,1,0,2,0
425,"9/09/99",1,440149,1,1,4,"Uncle",7,0,5,2,0,0
427,"9/09/99",1,440149,1,2,1,"Parents",2,0,0,0,0,2
428,"9/09/99",1,440149,1,2,2,"Brother",2,0,0,2,0,0
429,"9/09/99",1,440149,1,2,4,"Uncle",6,0,0,2,4,0
430,"9/09/99",1,440149,1,2,5,"Aunt",4,0,0,2,2,0
463,"9/09/99",1,440159,2,1,1,"Parents",1,0,1,0,0,0
464,"9/09/99",1,440159,2,1,2,"Brother",4,4,4,0,0,4
465,"9/09/99",1,440159,2,1,3,"Sister",4,0,1,3,0,0
466,"9/09/99",1,440159,2,1,4,"Uncle",2,2,2,0,0,1
467,"9/09/99",1,440159,2,1,5,"Aunt",3,0,0,3,0,0
468,"9/09/99",1,440159,2,2,1,"Parents",1,0,0,1,0,1
469,"9/09/99",1,440159,2,2,2,"Brother",1,0,0,1,0,0
470,"9/09/99",1,440159,2,2,4,"Uncle",2,0,0,2,0,1
471,"9/09/99",1,440159,2,2,5,"Aunt",5,0,0,5,0,0
342,"9/09/99",1,440219,1,1,1,"Parents",1,0,1,0,0,0
343,"9/09/99",1,440219,1,1,2,"Brother",5,4,5,0,0,0
344,"9/09/99",1,440219,1,1,3,"Sister",1,0,0,1,0,0
345,"9/09/99",1,440219,1,1,6,"Son",1,0,1,0,0,0
346,"9/09/99",1,440219,1,1,7,"Daughter",2,0,0,1,1,0
347,"9/09/99",1,440219,2,2,1,"Parents",1,0,0,1,0,0
348,"9/09/99",1,440219,2,2,2,"Brother",1,1,0,1,0,0
349,"9/09/99",1,440219,2,2,3,"Sister",6,0,0,2,4,0
350,"9/09/99",1,440219,2,2,4,"Uncle",1,0,0,1,0,0
351,"9/09/99",1,440219,2,2,6,"Son",1,0,1,0,0,0
352,"9/09/99",1,440219,2,2,7,"Daughter",2,0,0,1,1,0
431,"9/09/99",1,440249,1,1,1,"Parents",2,1,2,0,0,2
432,"9/09/99",1,440249,1,1,2,"Brother",2,0,2,0,0,0
433,"9/09/99",1,440249,1,1,3,"Sister",7,0,5,2,0,0
434,"9/09/99",1,440249,1,1,4,"Uncle",9,0,0,9,0,0
435,"9/09/99",1,440249,1,1,5,"Aunt",2,0,0,2,0,0
436,"9/09/99",1,440249,2,2,1,"Parents",1,1,0,1,0,1
437,"9/09/99",1,440249,2,2,2,"Brother",5,5,0,5,0,2
438,"9/09/99",1,440249,2,2,3,"Sister",1,0,0,1,0,0
439,"9/09/99",1,440249,2,2,4,"Uncle",5,2,0,5,0,0
440,"9/09/99",1,440249,2,2,5,"Aunt",5,1,0,4,1,0
472,"9/09/99",1,440259,1,1,1,"Parents",2,1,2,0,0,1
473,"9/09/99",1,440259,1,1,2,"Brother",6,2,6,0,0,0
474,"9/09/99",1,440259,1,1,3,"Sister",4,4,0,4,0,0
475,"9/09/99",1,440259,1,1,4,"Uncle",2,2,2,0,0,0
476,"9/09/99",1,440259,1,1,5,"Aunt",3,2,1,2,0,0
477,"9/09/99",1,440259,1,2,1,"Parents",2,1,0,2,0,0
478,"9/09/99",1,440259,1,2,2,"Brother",4,0,0,4,0,0
479,"9/09/99",1,440259,1,2,3,"Sister",3,0,0,3,0,0
480,"9/09/99",1,440259,1,2,4,"Uncle",5,4,0,5,0,0
481,"9/09/99",1,440259,1,2,5,"Aunt",3,1,0,3,0,0
353,"9/09/99",1,440319,1,1,1,"Parents",1,0,1,0,0,0
354,"9/09/99",1,440319,1,1,2,"Brother",4,2,3,0,1,4
355,"9/09/99",1,440319,1,1,3,"Sister",2,0,1,1,0,2
356,"9/09/99",1,440319,1,1,4,"Uncle",3,3,1,2,0,3
357,"9/09/99",1,440319,1,1,5,"Aunt",2,0,0,1,1,0
358,"9/09/99",1,440319,1,1,7,"Daughter",1,0,0,1,0,1
359,"9/09/99",1,440319,2,2,2,"Brother",3,0,3,0,0,0
360,"9/09/99",1,440319,2,2,4,"Uncle",1,0,0,0,1,0
361,"9/09/99",1,440319,2,2,7,"Daughter",1,0,0,1,0,0
441,"9/09/99",1,440349,2,1,1,"Parents",2,1,2,0,0,1
442,"9/09/99",1,440349,2,1,2,"Brother",6,2,4,2,0,0
443,"9/09/99",1,440349,2,1,3,"Sister",4,0,0,4,0,0
444,"9/09/99",1,440349,2,1,4,"Uncle",2,2,2,0,0,0
445,"9/09/99",1,440349,2,2,1,"Parents",1,0,0,1,0,1
446,"9/09/99",1,440349,2,2,3,"Sister",3,0,0,3,0,0
447,"9/09/99",1,440349,2,2,4,"Uncle",4,4,0,4,0,0
448,"9/09/99",1,440349,2,2,5,"Aunt",3,3,0,2,1,0
482,"9/09/99",1,440359,1,1,2,"Brother",2,1,2,0,0,0
483,"9/09/99",1,440359,1,1,7,"Daughter",1,0,0,1,0,0
484,"9/09/99",1,440359,3,2,2,"Brother",1,1,0,1,0,0
485,"9/09/99",1,440359,3,2,3,"Sister",3,0,0,3,0,0
486,"9/09/99",1,440359,3,2,7,"Daughter",1,0,0,1,0,0
362,"9/09/99",1,440419,2,1,1,"Parents",1,0,1,0,0,0
363,"9/09/99",1,440419,2,1,2,"Brother",3,0,3,0,0,1
364,"9/09/99",1,440419,2,1,3,"Sister",3,0,3,0,0,0
365,"9/09/99",1,440419,2,1,4,"Uncle",4,0,4,0,0,0
366,"9/09/99",1,440419,2,1,5,"Aunt",1,0,0,1,0,0
367,"9/09/99",1,440419,2,2,1,"Parents",1,0,0,1,0,0
368,"9/09/99",1,440419,2,2,2,"Brother",4,0,0,4,0,0
369,"9/09/99",1,440419,2,2,4,"Uncle",5,0,0,5,0,2
370,"9/09/99",1,440419,2,2,5,"Aunt",3,0,0,2,1,0
449,"9/09/99",1,440449,1,1,1,"Parents",2,0,2,0,0,2
450,"9/09/99",1,440449,1,1,2,"Brother",3,0,3,0,0,3
451,"9/09/99",1,440449,1,1,3,"Sister",3,0,2,1,0,0
452,"9/09/99",1,440449,1,1,4,"Uncle",3,0,1,2,0,2
453,"9/09/99",1,440449,1,1,5,"Aunt",4,0,1,3,0,0
454,"9/09/99",1,440449,2,2,1,"Parents",2,1,0,2,0,2
455,"9/09/99",1,440449,2,2,2,"Brother",1,1,0,1,0,1
456,"9/09/99",1,440449,2,2,3,"Sister",3,0,3,0,0,0
457,"9/09/99",1,440449,2,2,4,"Uncle",10,10,0,10,0,1
458,"9/09/99",1,440449,2,2,5,"Aunt",1,0,0,1,0,0
487,"9/09/99",1,440459,1,1,1,"Parents",2,1,2,0,0,2
488,"9/09/99",1,440459,1,1,2,"Brother",3,3,3,0,0,3
489,"9/09/99",1,440459,1,1,3,"Sister",4,0,1,3,0,0
490,"9/09/99",1,440459,1,1,4,"Uncle",2,2,2,0,0,0
491,"9/09/99",1,440459,1,1,5,"Aunt",6,0,2,4,0,0
492,"9/09/99",1,440459,2,2,1,"Parents",2,1,0,2,0,2
493,"9/09/99",1,440459,2,2,2,"Brother",7,2,0,7,0,4
494,"9/09/99",1,440459,2,2,3,"Sister",4,0,0,4,0,0
495,"9/09/99",1,440459,2,2,4,"Uncle",2,0,0,2,0,0
496,"9/09/99",1,440459,2,2,5,"Aunt",5,0,0,5,0,0
371,"9/09/99",1,440519,2,1,2,"Brother",3,0,0,3,0,0
374,"9/09/99",1,440519,2,2,1,"Parents",1,0,0,1,0,0
375,"9/09/99",1,440519,2,2,2,"Brother",5,0,0,5,0,2
376,"9/09/99",1,440519,2,2,3,"Sister",5,0,0,5,0,0
377,"9/09/99",1,440519,2,2,4,"Uncle",1,0,0,1,0,0
378,"9/09/99",1,440519,2,2,5,"Aunt",3,0,0,3,0,0
373,"9/09/99",1,440519,2,2,6,"Son",1,0,1,0,0,0
459,"9/09/99",1,440549,1,1,2,"Brother",4,2,4,0,0,1
460,"9/09/99",1,440549,1,1,3,"Sister",4,0,2,0,0,0
461,"9/09/99",1,440549,1,1,4,"Uncle",3,0,2,1,0,0
462,"9/09/99",1,440549,1,1,5,"Aunt",4,0,0,4,0,0
497,"9/09/99",1,440559,1,1,2,"Brother",2,1,2,0,0,0
498,"9/09/99",1,440559,1,1,3,"Sister",3,0,1,2,0,0
499,"9/09/99",1,440559,1,1,4,"Uncle",1,0,1,0,0,0
500,"9/09/99",1,440559,1,2,1,"Parents",2,1,0,2,0,1
501,"9/09/99",1,440559,1,2,2,"Brother",4,0,0,4,0,0
502,"9/09/99",1,440559,1,2,3,"Sister",1,0,0,1,0,0
503,"9/09/99",1,440559,1,2,4,"Uncle",3,0,0,3,0,0
504,"9/09/99",1,440559,1,2,5,"Aunt",2,0,0,2,0,0
379,"9/09/99",1,440619,1,1,2,"Brother",5,5,5,0,0,0
380,"9/09/99",1,440619,1,1,3,"Sister",3,0,0,3,0,0
381,"9/09/99",1,440619,1,1,4,"Uncle",1,1,1,0,0,0
382,"9/09/99",1,440619,1,2,1,"Parents",1,0,0,1,0,1
383,"9/09/99",1,440619,1,2,2,"Brother",1,0,0,1,0,0
384,"9/09/99",1,440619,1,2,3,"Sister",4,0,0,3,1,0
385,"9/09/99",1,440619,1,2,4,"Uncle",3,0,0,3,0,0
386,"9/09/99",1,440619,1,2,5,"Aunt",1,0,0,1,0,0
387,"9/09/99",1,440719,2,1,1,"Parents",1,0,0,1,0,0
388,"9/09/99",1,440719,2,1,2,"Brother",3,0,0,3,0,0
389,"9/09/99",1,440719,2,1,3,"Sister",4,0,0,2,2,0
390,"9/09/99",1,440719,2,1,4,"Uncle",2,1,0,2,0,0
391,"9/09/99",1,440719,2,1,5,"Aunt",3,0,0,2,1,0
392,"9/09/99",1,440719,2,2,1,"Parents",2,1,0,0,0,1
393,"9/09/99",1,440719,2,2,2,"Brother",4,0,4,0,0,0
394,"9/09/99",1,440719,2,2,3,"Sister",2,0,1,1,0,0
395,"9/09/99",1,440719,2,2,4,"Uncle",1,1,1,0,0,0
396,"9/09/99",1,440719,2,2,5,"Aunt",3,0,1,2,0,0
397,"9/09/99",1,440819,2,1,1,"Parents",1,0,1,0,0,0
398,"9/09/99",1,440819,2,1,2,"Brother",2,1,2,0,0,0
399,"9/09/99",1,440819,2,1,3,"Sister",2,0,0,2,0,0
400,"9/09/99",1,440819,2,2,1,"Parents",2,1,0,2,0,1
401,"9/09/99",1,440819,2,2,2,"Brother",2,0,0,2,0,0
402,"9/09/99",1,440819,2,2,3,"Sister",2,0,0,2,0,0
403,"9/09/99",1,440819,2,2,4,"Uncle",2,0,0,2,0,0
404,"9/09/99",1,440919,1,1,1,"Parents",1,0,1,0,0,0
405,"9/09/99",1,440919,1,1,2,"Brother",5,2,5,0,0,0
406,"9/09/99",1,440919,1,1,3,"Sister",5,0,1,4,0,0
407,"9/09/99",1,440919,1,1,4,"Uncle",1,0,1,0,0,0
408,"9/09/99",1,440919,2,2,1,"Parents",2,0,2,0,0,2
409,"9/09/99",1,440919,2,2,2,"Brother",5,5,5,0,0,5
410,"9/09/99",1,440919,2,2,3,"Sister",1,0,1,0,0,0
411,"9/09/99",1,440919,2,2,4,"Uncle",1,0,1,0,0,0
412,"9/09/99",1,440919,2,2,5,"Aunt",4,0,2,2,0,0
413,"9/09/99",1,440919,2,2,7,"Daughter",1,0,0,0,1,0
414,"9/09/99",1,441019,1,1,1,"Parents",1,0,0,1,0,0
415,"9/09/99",1,441019,1,1,2,"Brother",4,0,0,4,0,0
416,"9/09/99",1,441019,1,1,3,"Sister",1,0,0,1,0,0
417,"9/09/99",1,441019,2,2,1,"Parents",1,1,1,0,0,0
418,"9/09/99",1,441019,2,2,2,"Brother",4,0,4,0,0,0
419,"9/09/99",1,441019,2,2,3,"Sister",2,0,1,1,0,0
420,"9/09/99",1,441019,2,2,4,"Uncle",4,4,4,0,0,0
421,"9/09/99",1,441019,2,2,5,"Aunt",1,0,0,1,0,0
391,"7/13/99",1,510111,1,1,1,"Parents",1,0,1,1,0,0
392,"7/20/99",1,510111,1,1,2,"Brother",1,0,1,1,0,0
393,"7/20/99",1,510111,1,1,3,"Sister",1,0,0,0,0,0
394,"7/20/99",1,510111,1,1,5,"Aunt",1,0,0,0,0,0
395,"7/20/99",1,510111,2,2,1,"Parents",2,0,2,2,0,2
396,"7/20/99",1,510111,2,2,2,"Brother",2,0,2,2,0,2
397,"7/20/99",1,510111,2,2,3,"Sister",7,0,2,5,0,0
398,"7/20/99",1,510111,2,2,4,"Uncle",1,0,0,0,0,0
399,"7/20/99",1,510111,2,2,5,"Aunt",2,0,0,2,0,0
490,"7/20/99",1,510141,1,1,1,"Parents",1,0,1,1,0,0
491,"7/20/99",1,510141,1,1,2,"Brother",4,0,4,4,0,0
492,"7/20/99",1,510141,1,1,4,"Uncle",1,0,1,1,0,0
493,"7/20/99",1,510141,2,2,1,"Parents",1,0,0,0,0,0
494,"7/20/99",1,510141,2,2,2,"Brother",3,0,0,0,0,0
495,"7/20/99",1,510141,2,2,3,"Sister",3,0,0,0,0,0
496,"7/20/99",1,510141,2,2,4,"Uncle",1,1,0,0,0,0
497,"7/20/99",1,510141,2,2,5,"Aunt",2,0,0,0,0,0
530,"7/20/99",1,510151,1,1,2,"Brother",2,2,2,2,0,0
531,"7/20/99",1,510151,1,1,3,"Sister",2,2,0,1,0,0
532,"7/20/99",1,510151,2,2,1,"Parents",2,2,0,0,0,1
533,"7/20/99",1,510151,2,2,2,"Brother",2,2,0,0,0,2
534,"7/20/99",1,510151,2,2,3,"Sister",3,0,0,0,0,0
535,"7/20/99",1,510151,2,2,4,"Uncle",2,2,0,0,0,0
536,"7/20/99",1,510151,2,2,5,"Aunt",2,0,0,1,0,0
537,"7/20/99",1,510152,1,1,2,"Brother",2,2,2,2,0,2
538,"7/20/99",1,510152,1,1,3,"Sister",2,2,0,1,0,0
539,"7/20/99",1,510152,1,1,7,"Daughter",1,0,0,0,0,0
540,"7/20/99",1,510152,2,2,2,"Brother",1,1,0,0,0,0
541,"7/20/99",1,510152,2,2,5,"Aunt",2,1,0,1,0,0
542,"7/20/99",1,510152,2,2,7,"Daughter",1,0,0,0,0,0
401,"7/20/99",1,510211,2,2,1,"Parents",2,1,2,2,0,0
402,"7/20/99",1,510211,2,2,2,"Brother",2,0,1,1,1,0
403,"7/20/99",1,510211,2,2,3,"Sister",5,0,2,2,0,0
404,"7/20/99",1,510211,2,2,4,"Uncle",1,0,0,0,0,0
405,"7/20/99",1,510211,2,2,5,"Aunt",3,0,0,1,0,0
406,"7/20/99",1,510211,2,2,7,"Daughter",2,0,0,2,0,0
498,"7/20/99",1,510241,1,1,1,"Parents",1,0,1,1,0,0
499,"7/20/99",1,510241,1,1,2,"Brother",4,0,4,4,0,0
500,"7/20/99",1,510241,1,1,3,"Sister",1,0,0,1,0,0
501,"7/20/99",1,510241,1,1,4,"Uncle",1,0,1,1,0,0
502,"7/20/99",1,510241,2,2,1,"Parents",2,0,0,0,0,0
503,"7/20/99",1,510241,2,2,2,"Brother",1,1,0,0,0,0
504,"7/20/99",1,510241,2,2,3,"Sister",6,0,1,4,0,0
505,"7/20/99",1,510241,2,2,4,"Uncle",6,5,0,0,0,0
506,"7/20/99",1,510241,2,2,5,"Aunt",2,0,0,0,0,0
543,"7/20/99",1,510251,1,1,2,"Brother",1,1,1,1,0,0
544,"7/20/99",1,510251,1,1,3,"Sister",3,3,0,1,0,0
545,"7/20/99",1,510251,1,1,4,"Uncle",1,1,1,1,0,0
546,"7/20/99",1,510251,2,2,1,"Parents",2,2,0,2,0,0
547,"7/20/99",1,510251,2,2,2,"Brother",4,4,0,0,4,0
548,"7/20/99",1,510251,2,2,3,"Sister",1,0,0,0,1,0
549,"7/20/99",1,510251,2,2,4,"Uncle",2,2,0,1,1,0
550,"7/20/99",1,510251,2,2,5,"Aunt",3,1,0,0,3,0
407,"7/20/99",1,510311,1,1,2,"Brother",2,0,1,2,0,0
408,"7/20/99",1,510311,1,1,3,"Sister",2,0,0,2,0,0
409,"7/20/99",1,510311,1,1,4,"Uncle",1,0,0,1,0,0
410,"7/20/99",1,510311,1,1,5,"Aunt",1,0,0,1,0,0
411,"7/20/99",1,510311,2,2,2,"Brother",1,0,0,0,1,0
412,"7/20/99",1,510311,2,2,4,"Uncle",1,0,0,0,0,0
507,"7/20/99",1,510341,1,1,1,"Parents",1,0,1,1,0,0
508,"7/20/99",1,510341,1,1,2,"Brother",1,1,1,1,0,0
509,"7/20/99",1,510341,2,2,2,"Brother",2,0,1,1,1,0
510,"7/20/99",1,510341,2,2,4,"Uncle",3,3,3,3,0,0
511,"7/20/99",1,510341,2,2,5,"Aunt",4,0,1,2,0,0
551,"7/20/99",1,510351,1,1,2,"Brother",2,2,0,0,2,0
552,"7/20/99",1,510351,1,1,3,"Sister",1,0,0,0,0,0
553,"7/20/99",1,510351,2,2,2,"Brother",1,0,0,0,0,0
554,"7/20/99",1,510351,2,2,3,"Sister",2,0,0,0,0,0
555,"7/20/99",1,510351,2,2,4,"Uncle",2,2,0,0,0,0
413,"7/20/99",1,510411,1,1,2,"Brother",2,0,2,2,0,0
414,"7/20/99",1,510411,1,1,3,"Sister",1,0,0,1,0,0
415,"7/20/99",1,510411,1,1,5,"Aunt",2,0,0,1,0,0
416,"7/20/99",1,510411,2,2,1,"Parents",2,0,0,2,0,0
417,"7/20/99",1,510411,2,2,2,"Brother",1,0,0,1,0,0
418,"7/20/99",1,510411,2,2,3,"Sister",2,0,0,2,0,0
419,"7/20/99",1,510411,2,2,4,"Uncle",2,1,0,1,1,0
512,"7/20/99",1,510441,1,1,1,"Parents",1,0,1,1,0,0
513,"7/20/99",1,510441,1,1,2,"Brother",2,0,2,2,0,0
514,"7/20/99",1,510441,1,1,4,"Uncle",1,0,1,1,0,0
515,"7/20/99",1,510441,1,1,5,"Aunt",2,0,1,1,0,0
516,"7/20/99",1,510441,2,2,1,"Parents",2,0,2,2,0,2
517,"7/20/99",1,510441,2,2,2,"Brother",2,0,2,2,0,0
518,"7/20/99",1,510441,2,2,3,"Sister",3,0,0,0,1,0
519,"7/20/99",1,510441,2,2,4,"Uncle",3,0,0,0,3,0
520,"7/20/99",1,510441,2,2,5,"Aunt",3,0,1,1,0,0
521,"7/20/99",1,510442,1,1,1,"Parents",1,0,1,1,0,0
522,"7/20/99",1,510442,1,1,2,"Brother",2,0,2,2,0,0
523,"7/20/99",1,510442,1,1,4,"Uncle",1,0,1,1,0,0
524,"7/20/99",1,510442,1,1,5,"Aunt",2,0,1,1,0,0
525,"7/20/99",1,510442,4,2,1,"Parents",2,1,0,2,0,1
526,"7/20/99",1,510442,4,2,2,"Brother",2,2,0,1,1,0
527,"7/20/99",1,510442,4,2,4,"Uncle",3,3,0,3,0,0
556,"7/20/99",1,510459,1,1,2,"Brother",1,0,0,1,0,0
557,"7/20/99",1,510459,1,1,3,"Sister",1,0,0,0,0,0
558,"7/20/99",1,510459,2,2,1,"Parents",1,0,0,0,0,0
559,"7/20/99",1,510459,2,2,2,"Brother",5,5,0,0,0,0
560,"7/20/99",1,510459,2,2,3,"Sister",2,2,0,1,1,0
561,"7/20/99",1,510459,2,2,4,"Uncle",2,0,0,1,0,0
562,"7/20/99",1,510459,2,2,5,"Aunt",2,0,0,2,0,0
420,"7/20/99",1,510511,1,1,3,"Sister",2,0,0,0,2,0
421,"7/20/99",1,510511,2,2,1,"Parents",2,1,2,2,0,1
422,"7/20/99",1,510511,2,2,2,"Brother",2,0,2,2,0,1
423,"7/20/99",1,510511,2,2,3,"Sister",4,0,2,2,1,0
424,"7/20/99",1,510511,2,2,4,"Uncle",1,1,0,0,1,0
425,"7/20/99",1,510511,2,2,5,"Aunt",4,0,0,0,4,0
528,"7/20/99",1,510541,2,2,2,"Brother",1,1,0,0,1,0
529,"7/20/99",1,510541,2,2,5,"Aunt",1,0,0,0,0,0
426,"7/20/99",1,510611,1,1,1,"Parents",1,0,0,0,0,0
427,"7/20/99",1,510611,1,1,2,"Brother",3,3,0,0,0,3
428,"7/20/99",1,510611,1,1,3,"Sister",2,0,0,0,0,0
429,"7/20/99",1,510611,1,1,4,"Uncle",2,2,0,0,0,0
430,"7/20/99",1,510711,1,1,6,"Son",1,0,1,1,0,0
431,"7/20/99",1,510711,1,1,7,"Daughter",2,0,1,2,0,0
432,"7/20/99",1,510711,2,2,3,"Sister",2,0,1,1,0,0
433,"7/20/99",1,510711,2,2,6,"Son",1,0,1,1,0,0
434,"7/20/99",1,510711,2,2,7,"Daughter",2,0,1,2,0,0
435,"7/20/99",1,510712,1,1,1,"Parents",2,1,2,2,0,0
436,"7/20/99",1,510712,1,1,2,"Brother",1,0,1,1,0,0
437,"7/20/99",1,510712,1,1,3,"Sister",2,0,1,2,0,0
438,"7/20/99",1,510712,1,1,5,"Aunt",2,0,1,1,0,0
439,"7/20/99",1,510712,2,2,1,"Parents",2,1,0,0,0,2
440,"7/20/99",1,510712,2,2,2,"Brother",3,0,0,0,2,2
441,"7/20/99",1,510712,2,2,3,"Sister",2,0,0,1,0,0
442,"7/20/99",1,510712,2,2,4,"Uncle",6,6,0,0,0,0
443,"7/20/99",1,510712,2,2,5,"Aunt",5,0,0,2,0,0
444,"7/20/99",1,510811,1,1,1,"Parents",1,0,1,1,0,0
445,"7/20/99",1,510811,1,1,2,"Brother",1,1,1,1,0,0
446,"7/20/99",1,510811,1,1,4,"Uncle",4,4,3,4,0,0
447,"7/20/99",1,510811,1,1,5,"Aunt",3,0,0,1,0,0
448,"7/20/99",1,510811,2,2,1,"Parents",2,2,0,0,0,0
449,"7/20/99",1,510811,2,2,2,"Brother",3,3,0,0,0,0
450,"7/20/99",1,510811,2,2,3,"Sister",2,0,0,2,0,0
451,"7/20/99",1,510811,2,2,4,"Uncle",3,3,0,0,0,0
452,"7/20/99",1,510811,2,2,5,"Aunt",1,0,0,0,0,0
453,"7/20/99",1,510911,1,1,1,"Parents",1,0,1,1,0,0
454,"7/20/99",1,510911,1,1,2,"Brother",1,0,1,1,0,0
455,"7/20/99",1,510911,1,1,3,"Sister",1,0,1,1,0,0
456,"7/20/99",1,510911,2,2,1,"Parents",2,0,0,0,0,0
457,"7/20/99",1,510911,2,2,2,"Brother",2,0,0,0,1,0
458,"7/20/99",1,510911,2,2,3,"Sister",5,0,0,0,2,0
459,"7/20/99",1,510911,2,2,4,"Uncle",2,0,0,0,0,0
460,"7/20/99",1,510911,2,2,5,"Aunt",1,0,0,0,0,0
461,"7/20/99",1,511011,1,1,1,"Parents",2,2,2,2,0,0
462,"7/20/99",1,511011,1,1,2,"Brother",3,3,3,3,0,3
463,"7/20/99",1,511011,1,1,4,"Uncle",3,3,1,2,0,0
464,"7/20/99",1,511011,1,1,5,"Aunt",5,0,0,1,0,0
465,"7/20/99",1,511011,2,2,1,"Parents",2,2,0,0,0,2
466,"7/20/99",1,511011,2,2,2,"Brother",2,0,0,0,0,0
467,"7/20/99",1,511011,2,2,3,"Sister",5,0,0,0,0,0
468,"7/20/99",1,511011,2,2,4,"Uncle",3,3,0,0,0,0
469,"7/20/99",1,511011,2,2,5,"Aunt",4,2,0,0,0,0
470,"7/20/99",1,511111,1,1,1,"Parents",1,0,0,0,0,0
471,"7/20/99",1,511111,1,1,2,"Brother",3,0,0,0,0,0
472,"7/20/99",1,511111,1,1,3,"Sister",1,0,0,0,0,0
473,"7/20/99",1,511111,1,1,4,"Uncle",6,0,0,0,0,0
474,"7/20/99",1,511111,1,1,5,"Aunt",4,0,0,0,0,0
475,"7/20/99",1,511111,2,2,1,"Parents",1,0,0,0,0,0
476,"7/20/99",1,511111,2,2,2,"Brother",4,0,0,0,0,0
477,"7/20/99",1,511111,2,2,3,"Sister",2,0,0,1,0,0
478,"7/20/99",1,511111,2,2,4,"Uncle",4,0,0,0,0,0
479,"7/20/99",1,511111,2,2,5,"Aunt",4,0,0,0,0,0
480,"7/20/99",1,511211,1,1,1,"Parents",2,0,0,0,0,0
481,"7/20/99",1,511211,1,1,2,"Brother",2,0,0,0,1,0
482,"7/20/99",1,511211,1,1,3,"Sister",4,1,1,1,0,0
483,"7/20/99",1,511211,1,1,4,"Uncle",1,0,0,0,0,0
484,"7/20/99",1,511211,1,1,5,"Aunt",1,0,0,0,0,0
485,"7/20/99",1,511211,2,2,1,"Parents",1,0,0,0,0,0
486,"7/20/99",1,511211,2,2,2,"Brother",2,0,0,0,0,0
487,"7/20/99",1,511211,2,2,3,"Sister",3,0,1,1,0,0
488,"7/20/99",1,511211,2,2,4,"Uncle",3,0,0,0,0,0
489,"7/20/99",1,511211,2,2,5,"Aunt",3,0,0,0,0,0
995,"6/19/99",1,520111,2,1,1,"Parents",1,0,0,0,1,0
996,"6/19/99",1,520111,2,1,2,"Brother",2,0,0,0,2,0
997,"6/19/99",1,520111,2,1,3,"Sister",4,0,0,0,4,0
998,"6/19/99",1,520111,2,1,4,"Uncle",5,1,3,1,1,0
999,"6/19/99",1,520111,2,1,5,"Aunt",2,0,0,0,2,0
1000,"6/19/99",1,520111,2,2,1,"Parents",2,1,2,2,0,2
1001,"6/19/99",1,520111,2,2,2,"Brother",2,0,2,2,0,2
1002,"6/19/99",1,520111,2,2,3,"Sister",1,0,0,0,1,1
1003,"6/19/99",1,520111,2,2,4,"Uncle",6,2,3,3,3,0
1004,"6/19/99",1,520111,2,2,5,"Aunt",4,3,0,0,4,0
1060,"6/19/99",1,520141,1,1,1,"Parents",1,0,1,1,0,0
1061,"6/19/99",1,520141,1,1,2,"Brother",8,0,8,8,0,0
1062,"6/19/99",1,520141,1,1,3,"Sister",1,0,0,0,1,0
1063,"6/19/99",1,520141,1,1,4,"Uncle",2,0,0,2,0,0
1064,"6/19/99",1,520141,1,1,7,"Daughter",3,0,3,3,0,0
1065,"6/19/99",1,520141,1,2,1,"Parents",2,1,0,2,0,0
1066,"6/19/99",1,520141,1,2,2,"Brother",3,0,0,3,0,0
1067,"6/19/99",1,520141,1,2,3,"Sister",3,0,0,3,0,0
1068,"6/19/99",1,520141,1,2,4,"Uncle",5,0,0,5,0,0
1069,"6/19/99",1,520141,1,2,5,"Aunt",2,0,0,2,0,0
1070,"6/19/99",1,520141,1,2,7,"Daughter",3,0,3,3,0,0
1102,"6/19/99",1,520151,2,1,2,"Brother",3,0,2,0,1,0
1107,"6/19/99",1,520151,2,2,6,"Son",2,2,2,2,0,2
1108,"6/19/99",1,520151,2,2,7,"Daughter",1,0,1,1,0,0
1005,"6/19/99",1,520211,3,1,1,"Parents",2,1,2,2,0,0
1006,"6/19/99",1,520211,3,1,3,"Sister",8,0,4,1,3,0
1007,"6/19/99",1,520211,3,1,4,"Uncle",5,0,0,3,2,0
1008,"6/19/99",1,520211,3,1,5,"Aunt",3,0,1,2,0,0
1009,"6/19/99",1,520211,3,1,6,"Son",2,0,2,2,0,0
1010,"6/19/99",1,520211,3,2,1,"Parents",2,0,0,0,2,0
1011,"6/19/99",1,520211,3,2,2,"Brother",1,0,0,0,1,0
1012,"6/19/99",1,520211,3,2,3,"Sister",3,0,0,0,3,0
1013,"6/19/99",1,520211,3,2,4,"Uncle",3,0,0,0,3,0
1014,"6/19/99",1,520211,3,2,5,"Aunt",4,1,0,0,4,0
1015,"6/19/99",1,520211,3,2,6,"Son",2,0,2,2,0,0
1071,"6/19/99",1,520241,2,1,1,"Parents",1,0,1,1,0,0
1072,"6/19/99",1,520241,2,1,2,"Brother",7,0,7,7,0,0
1073,"6/19/99",1,520241,2,1,3,"Sister",1,0,0,1,0,0
1074,"6/19/99",1,520241,2,1,4,"Uncle",2,0,0,0,2,0
1075,"6/19/99",1,520241,2,1,6,"Son",2,0,2,2,0,0
1076,"6/19/99",1,520241,2,2,1,"Parents",2,0,2,2,0,1
1077,"6/19/99",1,520241,2,2,2,"Brother",2,0,2,2,0,0
1078,"6/19/99",1,520241,2,2,3,"Sister",2,0,2,2,0,0
1079,"6/19/99",1,520241,2,2,6,"Son",2,0,2,2,0,0
1109,"6/19/99",1,520251,1,1,2,"Brother",3,1,2,2,1,0
1110,"6/19/99",1,520251,1,1,3,"Sister",4,0,2,2,2,0
1111,"6/19/99",1,520251,1,1,7,"Daughter",1,0,0,1,0,0
1112,"6/19/99",1,520251,1,2,1,"Parents",2,0,0,2,0,0
1113,"6/19/99",1,520251,1,2,2,"Brother",3,0,0,3,0,0
1114,"6/19/99",1,520251,1,2,3,"Sister",1,0,0,0,1,0
1115,"6/19/99",1,520251,1,2,4,"Uncle",4,1,0,0,4,0
1116,"6/19/99",1,520251,1,2,5,"Aunt",3,0,0,0,3,0
1117,"6/19/99",1,520251,1,2,7,"Daughter",1,0,0,1,0,0
1016,"6/19/99",1,520311,2,1,2,"Brother",1,0,0,1,0,0
1017,"6/19/99",1,520311,2,1,7,"Daughter",3,0,1,2,1,1
1080,"6/19/99",1,520341,10,1,2,"Brother",2,2,2,2,0,2
1081,"6/19/99",1,520341,10,1,3,"Sister",2,2,0,1,1,0
1082,"6/19/99",1,520341,10,1,7,"Daughter",1,0,1,1,0,1
1083,"6/19/99",1,520341,10,2,2,"Brother",3,0,0,0,3,0
1084,"6/19/99",1,520341,10,2,3,"Sister",2,0,0,0,2,0
1085,"6/19/99",1,520341,10,2,5,"Aunt",2,0,0,0,2,0
1086,"6/19/99",1,520341,10,2,7,"Daughter",1,0,1,1,0,1
1118,"6/19/99",1,520351,10,1,2,"Brother",3,1,0,0,3,0
1119,"6/19/99",1,520351,10,1,3,"Sister",1,0,1,1,0,0
1120,"6/19/99",1,520351,10,1,7,"Daughter",3,0,0,0,3,0
1121,"6/19/99",1,520351,10,2,7,"Daughter",3,0,0,0,3,0
1018,"6/19/99",1,520411,1,1,2,"Brother",1,0,0,0,1,0
1019,"6/19/99",1,520411,1,1,3,"Sister",3,0,0,0,3,0
1020,"6/19/99",1,520411,1,2,1,"Parents",1,0,0,0,1,0
1021,"6/19/99",1,520411,1,2,2,"Brother",1,0,0,0,1,0
1022,"6/19/99",1,520411,1,2,3,"Sister",4,0,0,0,4,0
1023,"6/19/99",1,520411,1,2,4,"Uncle",1,1,0,0,1,0
1024,"6/19/99",1,520411,1,2,5,"Aunt",1,0,0,0,1,0
1092,"6/19/99",1,520441,2,1,6,".",3,0,3,3,0,0
1093,"6/19/99",1,520441,2,2,3,"Sister",2,1,1,2,0,0
1.79769313486232e+308,".",1.79769313486232e+308,520441,2,1.79769313486232e+308,7,".",4,3,1,4,0,3
1122,"6/19/99",1,520459,2,1,2,"Brother",2,2,2,2,0,0
1123,"6/19/99",1,520459,2,1,3,"Sister",1,1,1,1,0,0
1124,"6/19/99",1,520459,2,2,1,"Parents",2,1,2,2,0,0
1125,"6/19/99",1,520459,2,2,2,"Brother",2,0,2,2,0,0
1126,"6/19/99",1,520459,2,2,3,"Sister",5,0,1,3,1,0
1127,"6/19/99",1,520459,2,2,4,"Uncle",2,1,1,2,0,0
1128,"6/19/99",1,520459,2,2,5,"Aunt",3,1,0,0,3,0
1095,"6/19/99",1,520541,4,1,7,"Daughter",3,2,2,1,1,3
1096,"6/19/99",1,520541,4,2,1,"Parents",1,0,0,1,0,0
1097,"6/19/99",1,520541,4,2,2,"Brother",1,1,0,1,0,0
1098,"6/19/99",1,520541,4,2,3,"Sister",2,2,0,1,1,0
1099,"6/19/99",1,520541,4,2,4,"Uncle",3,2,0,3,0,0
1100,"6/19/99",1,520541,4,2,5,"Aunt",3,1,0,3,0,0
1101,"6/19/99",1,520541,4,2,7,"Daughter",3,2,2,1,1,3
1025,"6/19/99",1,520611,2,2,2,"Brother",1,1,0,0,1,0
1026,"6/19/99",1,520611,2,2,3,"Sister",2,0,0,1,1,0
1028,"6/19/99",1,520711,9,1,3,"Sister",1,1,1,1,0,0
1029,"6/19/99",1,520711,9,1,4,"Uncle",1,1,1,1,0,0
1030,"6/19/99",1,520711,9,1,5,"Aunt",1,1,0,1,0,0
1031,"6/19/99",1,520711,9,2,2,"Brother",1,1,1,1,0,0
1032,"6/19/99",1,520711,9,2,3,"Sister",2,0,1,2,0,0
1035,"6/19/99",1,520811,2,2,2,"Brother",1,1,1,1,0,0
1036,"6/19/99",1,520811,2,2,3,"Sister",4,0,0,0,4,0
1037,"6/19/99",1,520811,2,2,6,"Son",1,0,1,1,0,0
1038,"6/19/99",1,520911,1,1,2,"Brother",1,0,0,0,1,0
1039,"6/19/99",1,520911,1,1,6,"Son",1,0,1,1,0,0
1040,"6/19/99",1,520911,1,1,7,"Daughter",3,0,2,2,1,0
1041,"6/19/99",1,520911,1,2,1,"Parents",1,0,0,0,1,0
1042,"6/19/99",1,520911,1,2,2,"Brother",2,0,0,0,2,0
1043,"6/19/99",1,520911,1,2,6,"Son",1,0,1,1,0,0
1044,"6/19/99",1,520911,1,2,7,"Daughter",3,0,2,2,1,0
1045,"6/19/99",1,521011,2,1,2,"Brother",2,0,2,2,0,0
1046,"6/19/99",1,521011,2,1,3,"Sister",3,0,2,2,1,0
1048,"6/19/99",1,521011,2,1,7,"Daughter",1,0,0,1,0,1
1049,"6/19/99",1,521011,2,2,1,"Parents",1,0,0,1,0,0
1050,"6/19/99",1,521011,2,2,2,"Brother",4,0,0,4,0,0
1051,"6/19/99",1,521011,2,2,3,"Sister",3,1,0,1,2,0
1052,"6/19/99",1,521011,2,2,4,"Uncle",3,3,0,0,3,0
1053,"6/19/99",1,521011,2,2,5,"Aunt",2,2,0,0,2,0
1055,"6/19/99",1,521011,2,2,7,"Daughter",1,0,0,1,0,1
1056,"6/19/99",1,521111,3,1,2,"Brother",1,0,0,0,1,0
1057,"6/19/99",1,521111,3,1,6,"Son",2,0,2,2,0,1
1058,"6/19/99",1,521111,3,2,6,"Son",2,0,2,2,0,0
1059,"6/19/99",1,521211,1,1,6,"Son",1,1,1,1,0,1
1134,"6/15/99",1,530111,1.79769313486232e+308,1,2,"Brother",3,1,0,3,0,0
1135,"6/19/99",1,530111,1.79769313486232e+308,1,3,"Sister",1,0,0,1,0,0
1136,"6/19/99",1,530111,1.79769313486232e+308,1,6,"Son",1,0,1,1,0,1
1137,"6/19/99",1,530111,1.79769313486232e+308,1,7,"Daughter",3,0,0,1,0,0
1138,"6/19/99",1,530111,1.79769313486232e+308,2,2,"Brother",2,0,0,0,0,0
1139,"6/19/99",1,530111,1.79769313486232e+308,2,6,"Son",1,0,1,1,0,1
1140,"6/19/99",1,530111,1.79769313486232e+308,2,7,"Daughter",3,0,0,1,0,0
1263,"6/20/99",1,530141,1.79769313486232e+308,1,1,"Parents",1,1,1,1,0,1
1264,"6/20/99",1,530141,1.79769313486232e+308,1,2,"Brother",2,0,2,2,0,0
1265,"6/20/99",1,530141,1.79769313486232e+308,1,3,"Sister",2,0,0,2,0,0
1266,"6/20/99",1,530141,1.79769313486232e+308,1,5,"Aunt",2,1,0,2,0,0
1267,"6/20/99",1,530141,1.79769313486232e+308,1,7,"Daughter",1,0,1,1,0,0
1268,"6/20/99",1,530141,1.79769313486232e+308,2,1,"Parents",1,1,0,1,0,1
1269,"6/20/99",1,530141,1.79769313486232e+308,2,2,"Brother",2,2,0,2,0,2
1270,"6/20/99",1,530141,1.79769313486232e+308,2,4,"Uncle",4,1,0,4,0,0
1271,"6/20/99",1,530141,1.79769313486232e+308,2,6,"Son",2,0,2,2,0,0
1308,"6/20/99",1,530151,1.79769313486232e+308,1,2,"Brother",1,1,1,1,0,0
1309,"6/20/99",1,530151,1.79769313486232e+308,1,6,"Son",3,3,3,3,0,3
1310,"6/20/99",1,530151,1.79769313486232e+308,1,7,"Daughter",2,2,1,2,0,0
1311,"6/20/99",1,530151,1.79769313486232e+308,2,2,"Brother",1,1,0,1,0,0
1312,"6/20/99",1,530151,1.79769313486232e+308,2,3,"Sister",2,2,0,2,0,0
1313,"6/20/99",1,530151,1.79769313486232e+308,2,6,"Son",3,3,3,3,0,3
1314,"6/20/99",1,530151,1.79769313486232e+308,2,7,"Daughter",2,2,1,2,0,0
1315,"6/20/99",1,530152,1.79769313486232e+308,1,1,"Parents",1,0,1,1,0,0
1316,"6/20/99",1,530152,1.79769313486232e+308,1,2,"Brother",2,2,2,2,0,2
1317,"6/20/99",1,530152,1.79769313486232e+308,1,3,"Sister",2,0,1,2,0,2
1318,"6/20/99",1,530152,1.79769313486232e+308,1,4,"Uncle",2,2,1,2,0,0
1319,"6/20/99",1,530152,1.79769313486232e+308,1,5,"Aunt",2,2,0,2,0,0
1320,"6/20/99",1,530152,1.79769313486232e+308,1,6,"Son",1,0,1,1,0,0
1322,"6/20/99",1,530152,1.79769313486232e+308,2,1,"Parents",2,2,0,2,0,2
1323,"6/20/99",1,530152,1.79769313486232e+308,2,2,"Brother",3,0,0,3,0,3
1324,"6/20/99",1,530152,1.79769313486232e+308,2,3,"Sister",1,0,0,1,0,0
1325,"6/20/99",1,530152,1.79769313486232e+308,2,4,"Uncle",1,1,0,1,0,0
1326,"6/20/99",1,530152,1.79769313486232e+308,2,6,"Son",1,0,1,1,0,0
1321,"6/20/99",1,530152,1.79769313486232e+308,2,7,"Daughter",2,0,2,2,0,0
1328,"6/20/99",1,530153,1,1,1,"Parents",1,0,1,1,0,0
1329,"6/20/99",1,530153,1,1,2,"Brother",2,2,2,2,0,2
1330,"6/20/99",1,530153,1,1,3,"Sister",2,0,1,2,0,2
1331,"6/20/99",1,530153,1,1,4,"Uncle",2,2,1,2,0,0
1332,"6/20/99",1,530153,1,1,5,"Aunt",2,2,0,2,0,0
1333,"6/20/99",1,530153,1,1,6,"Son",1,0,1,1,0,0
1334,"6/20/99",1,530153,1,1,7,"Daughter",2,0,2,2,0,0
1335,"6/20/99",1,530153,2,2,1,"Parents",2,2,2,2,0,0
1336,"6/20/99",1,530153,2,2,2,"Brother",7,7,7,7,0,0
1337,"6/20/99",1,530153,2,2,3,"Sister",2,2,1,2,0,0
1338,"6/20/99",1,530153,2,2,4,"Uncle",1,0,1,1,0,0
1339,"6/20/99",1,530153,2,2,5,"Aunt",3,0,0,1,0,0
1340,"6/20/99",1,530153,2,2,6,"Son",1,0,1,1,0,0
1341,"6/20/99",1,530153,2,2,7,"Daughter",2,0,2,2,0,0
1141,"6/19/99",1,530211,1.79769313486232e+308,1,1,"Parents",1,0,1,1,0,1
1142,"6/19/99",1,530211,1.79769313486232e+308,1,3,"Sister",1,0,1,1,0,0
1143,"6/19/99",1,530211,1.79769313486232e+308,1,4,"Uncle",3,0,0,3,0,0
1144,"6/19/99",1,530211,1.79769313486232e+308,1,5,"Aunt",3,0,2,3,0,0
1145,"6/19/99",1,530211,1.79769313486232e+308,1,6,"Son",2,0,2,2,0,0
1146,"6/19/99",1,530211,1.79769313486232e+308,1,7,"Daughter",1,0,1,1,0,0
1147,"6/19/99",1,530211,1.79769313486232e+308,2,3,"Sister",1,0,1,1,0,0
1148,"6/19/99",1,530211,1.79769313486232e+308,2,5,"Aunt",3,0,0,3,0,0
1149,"6/19/99",1,530211,1.79769313486232e+308,2,6,"Son",2,0,2,2,0,0
1150,"6/19/99",1,530211,1.79769313486232e+308,2,7,"Daughter",1,0,1,1,0,0
1272,"6/20/99",1,530241,1,1,1,"Parents",1,1,1,1,0,1
1273,"6/20/99",1,530241,1,1,2,"Brother",2,0,2,2,0,0
1274,"6/20/99",1,530241,1,1,3,"Sister",2,0,0,2,0,0
1275,"6/20/99",1,530241,1,1,5,"Aunt",2,1,0,2,0,0
1276,"6/20/99",1,530241,1,1,7,"Daughter",1,0,1,1,0,0
1277,"6/20/99",1,530241,1,2,1,"Parents",2,1,0,2,0,0
1278,"6/20/99",1,530241,1,2,2,"Brother",3,0,0,3,0,0
1279,"6/20/99",1,530241,1,2,3,"Sister",2,0,0,1,0,0
1280,"6/20/99",1,530241,1,2,4,"Uncle",3,3,0,0,0,0
1281,"6/20/99",1,530241,1,2,7,"Daughter",1,0,1,1,0,0
1342,"6/20/99",1,530251,1.79769313486232e+308,1,2,"Brother",2,2,2,2,0,2
1343,"6/20/99",1,530251,1.79769313486232e+308,1,3,"Sister",1,1,0,1,0,0
1344,"6/20/99",1,530251,1.79769313486232e+308,1,5,"Aunt",1,0,0,1,0,0
1345,"6/20/99",1,530251,1.79769313486232e+308,1,7,"Daughter",1,1,0,1,0,0
1346,"6/20/99",1,530251,1.79769313486232e+308,2,1,"Parents",1,0,0,1,0,0
1347,"6/20/99",1,530251,1.79769313486232e+308,2,2,"Brother",3,3,0,3,0,0
1348,"6/20/99",1,530251,1.79769313486232e+308,2,3,"Sister",1,0,0,1,0,0
1349,"6/20/99",1,530251,1.79769313486232e+308,2,7,"Daughter",1,1,0,1,0,0
1.79769313486232e+308,"",1.79769313486232e+308,530311,1.79769313486232e+308,1.79769313486232e+308,1.79769313486232e+308,"",1.79769313486232e+308,1.79769313486232e+308,1.79769313486232e+308,1.79769313486232e+308,1.79769313486232e+308,1.79769313486232e+308
1282,"6/20/99",1,530341,1.79769313486232e+308,1,6,"Son",1,0,1,1,0,0
1283,"6/20/99",1,530341,1.79769313486232e+308,1,7,"Daughter",4,0,0,1,0,0
1284,"6/20/99",1,530341,1.79769313486232e+308,2,2,"Brother",1,1,0,1,0,0
1285,"6/20/99",1,530341,1.79769313486232e+308,2,6,"Son",1,0,1,1,0,0
1286,"6/20/99",1,530341,1.79769313486232e+308,2,7,"Daughter",4,0,0,1,0,0
1350,"6/20/99",1,530351,1.79769313486232e+308,1,7,"Daughter",1,0,1,1,0,0
1351,"6/20/99",1,530351,1.79769313486232e+308,2,3,"Sister",1,0,0,1,0,0
1352,"6/20/99",1,530351,1.79769313486232e+308,2,7,"Daughter",1,0,1,1,0,0
1152,"6/20/99",1,530411,1.79769313486232e+308,1,1,"Parents",1,0,1,1,0,0
1153,"6/20/99",1,530411,1.79769313486232e+308,1,3,"Sister",1,0,0,1,0,0
1154,"6/20/99",1,530411,1.79769313486232e+308,1,4,"Uncle",1,1,1,1,0,0
1155,"6/20/99",1,530411,1.79769313486232e+308,1,7,"Daughter",2,0,2,2,0,0
1156,"6/20/99",1,530411,1.79769313486232e+308,2,1,"Parents",1,0,1,1,0,0
1157,"6/20/99",1,530411,1.79769313486232e+308,2,2,"Brother",1,0,0,1,0,0
1158,"6/20/99",1,530411,1.79769313486232e+308,2,4,"Uncle",3,3,0,3,0,0
1159,"6/20/99",1,530411,1.79769313486232e+308,2,5,"Aunt",1,0,0,1,0,0
1160,"6/20/99",1,530411,1.79769313486232e+308,2,7,"Daughter",2,0,2,2,0,0
1287,"6/20/99",1,530441,1.79769313486232e+308,1,1,"Parents",1,0,1,1,0,1
1288,"6/20/99",1,530441,1.79769313486232e+308,1,2,"Brother",3,3,2,3,0,0
1289,"6/20/99",1,530441,1.79769313486232e+308,1,3,"Sister",2,0,2,2,0,0
1290,"6/20/99",1,530441,1.79769313486232e+308,1,5,"Aunt",2,0,1,1,0,0
1291,"6/20/99",1,530441,1.79769313486232e+308,2,1,"Parents",1,0,0,1,0,1
1292,"6/20/99",1,530441,1.79769313486232e+308,2,2,"Brother",2,0,0,2,0,0
1293,"6/20/99",1,530441,1.79769313486232e+308,2,3,"Sister",1,0,0,1,0,0
1294,"6/20/99",1,530441,1.79769313486232e+308,2,4,"Uncle",4,4,0,4,0,0
1295,"6/20/99",1,530441,1.79769313486232e+308,2,5,"Aunt",2,0,0,2,0,0
1353,"6/20/99",1,530459,1,1,3,"Sister",1,0,0,1,0,0
1354,"6/20/99",1,530459,1,1,6,"Son",2,2,2,2,0,0
1355,"6/20/99",1,530459,1,1,7,"Daughter",3,0,0,2,0,0
1356,"6/20/99",1,530459,1,2,1,"Parents",1,0,0,1,0,0
1357,"6/20/99",1,530459,1,2,2,"Brother",2,2,0,2,0,0
1358,"6/20/99",1,530459,1,2,3,"Sister",2,0,0,1,1,0
1359,"6/20/99",1,530459,1,2,4,"Uncle",3,3,0,3,0,0
1360,"6/20/99",1,530459,1,2,5,"Aunt",2,2,0,2,0,0
1361,"6/20/99",1,530459,1,2,6,"Son",2,2,2,2,0,0
1362,"6/20/99",1,530459,1,2,7,"Daughter",3,0,0,2,0,0
1161,"6/20/99",1,530511,1,1,1,"Parents",2,1,2,2,0,2
1162,"6/20/99",1,530511,1,1,2,"Brother",1,0,1,1,0,1
1163,"6/20/99",1,530511,1,1,3,"Sister",3,0,2,3,0,0
1164,"6/20/99",1,530511,1,1,4,"Uncle",3,3,0,0,0,0
1165,"6/20/99",1,530511,1,1,5,"Aunt",2,0,0,1,0,0
1166,"6/20/99",1,530511,1,1,6,"Son",4,0,4,4,0,1
1167,"6/20/99",1,530511,1,2,1,"Parents",2,1,2,2,0,2
1168,"6/20/99",1,530511,1,2,2,"Brother",5,5,5,5,0,2
1169,"6/20/99",1,530511,1,2,3,"Sister",1,0,0,0,0,0
1170,"6/20/99",1,530511,1,2,4,"Uncle",2,2,0,2,0,0
1171,"6/20/99",1,530511,1,2,6,"Son",4,0,4,4,0,1
1296,"6/20/99",1,530541,1.79769313486232e+308,1,1,"Parents",2,1,2,2,0,0
1297,"6/20/99",1,530541,1.79769313486232e+308,1,2,"Brother",3,3,3,3,0,0
1298,"6/20/99",1,530541,1.79769313486232e+308,1,3,"Sister",1,0,0,1,0,0
1299,"6/20/99",1,530541,1.79769313486232e+308,1,4,"Uncle",1,0,1,1,0,0
1300,"6/20/99",1,530541,1.79769313486232e+308,1,5,"Aunt",1,0,0,1,0,0
1301,"6/20/99",1,530541,1.79769313486232e+308,1,7,"Daughter",1,0,0,1,0,0
1302,"6/20/99",1,530541,1.79769313486232e+308,2,1,"Parents",2,0,0,2,0,0
1303,"6/20/99",1,530541,1.79769313486232e+308,2,2,"Brother",3,0,0,3,0,0
1304,"6/20/99",1,530541,1.79769313486232e+308,2,3,"Sister",1,0,0,1,0,0
1305,"6/20/99",1,530541,1.79769313486232e+308,2,4,"Uncle",2,2,0,2,0,0
1306,"6/20/99",1,530541,1.79769313486232e+308,2,5,"Aunt",5,0,0,5,0,0
1307,"6/20/99",1,530541,1.79769313486232e+308,2,7,"Daughter",1,0,0,1,0,0
1172,"6/20/99",1,530611,1,1,1,"Parents",1,0,1,1,0,0
1173,"6/20/99",1,530611,1,1,2,"Brother",1,0,1,1,0,1
1174,"6/20/99",1,530611,1,1,3,"Sister",2,0,1,2,0,1
1175,"6/20/99",1,530611,1,1,4,"Uncle",3,1,1,3,0,0
1176,"6/20/99",1,530611,1,1,5,"Aunt",1,0,0,1,0,0
1177,"6/20/99",1,530611,1,1,6,"Son",1,0,1,1,0,0
1178,"6/20/99",1,530611,1,1,7,"Daughter",2,0,2,2,0,0
1179,"6/20/99",1,530611,1,2,1,"Parents",2,1,2,2,0,2
1180,"6/20/99",1,530611,1,2,2,"Brother",1,0,1,1,0,0
1181,"6/20/99",1,530611,1,2,3,"Sister",2,0,2,2,0,0
1183,"6/20/99",1,530611,1,2,4,"Uncle",1,0,1,1,0,0
1184,"6/20/99",1,530611,1,2,6,"Son",1,0,1,1,0,0
1185,"6/20/99",1,530611,1,2,7,"Daughter",2,0,2,2,0,0
1186,"6/20/99",1,530711,1.79769313486232e+308,1,2,"Brother",2,0,0,2,0,2
1187,"6/20/99",1,530711,1.79769313486232e+308,1,3,"Sister",1,0,0,1,0,0
1188,"6/20/99",1,530711,1.79769313486232e+308,2,2,"Brother",4,4,0,4,0,0
1189,"6/20/99",1,530711,1.79769313486232e+308,2,3,"Sister",3,0,0,2,0,0
1190,"6/20/99",1,530811,1.79769313486232e+308,1,3,"Sister",3,0,0,3,0,0
1191,"6/20/99",1,530811,1.79769313486232e+308,1,6,"Son",1,0,1,1,0,0
1192,"6/20/99",1,530811,1.79769313486232e+308,1,7,"Daughter",2,0,2,2,0,0
1193,"6/20/99",1,530811,1.79769313486232e+308,2,1,"Parents",1,0,1,1,0,0
1194,"6/20/99",1,530811,1.79769313486232e+308,2,2,"Brother",3,0,3,3,0,0
1195,"6/20/99",1,530811,1.79769313486232e+308,2,3,"Sister",2,0,0,2,0,0
1196,"6/20/99",1,530811,1.79769313486232e+308,2,4,"Uncle",1,1,0,1,0,0
1197,"6/20/99",1,530811,1.79769313486232e+308,2,5,"Aunt",1,0,0,1,0,0
1198,"6/20/99",1,530811,1.79769313486232e+308,2,6,"Son",1,0,1,1,0,0
1199,"6/20/99",1,530811,1.79769313486232e+308,2,7,"Daughter",2,0,2,2,0,0
1200,"6/20/99",1,530911,1.79769313486232e+308,1,2,"Brother",2,2,2,2,0,0
1201,"6/20/99",1,530911,1.79769313486232e+308,1,3,"Sister",3,0,1,2,0,0
1202,"6/20/99",1,530911,1.79769313486232e+308,1,4,"Uncle",1,0,0,1,0,0
1203,"6/20/99",1,530911,1.79769313486232e+308,1,5,"Aunt",1,0,0,0,0,0
1204,"6/20/99",1,530911,1.79769313486232e+308,1,6,"Son",3,0,3,3,0,0
1205,"6/20/99",1,530911,1.79769313486232e+308,1,7,"Daughter",1,0,1,1,0,0
1206,"6/20/99",1,530911,1.79769313486232e+308,2,2,"Brother",1,0,0,1,0,0
1207,"6/20/99",1,530911,1.79769313486232e+308,2,3,"Sister",4,0,0,2,0,0
1208,"6/20/99",1,530911,1.79769313486232e+308,2,4,"Uncle",1,1,0,1,0,0
1209,"6/20/99",1,530911,1.79769313486232e+308,2,5,"Aunt",2,0,0,2,0,0
1210,"6/20/99",1,530911,1.79769313486232e+308,2,6,"Son",3,0,3,3,0,0
1211,"6/20/99",1,530911,1.79769313486232e+308,2,7,"Daughter",1,0,1,1,0,0
1212,"6/20/99",1,531011,1.79769313486232e+308,1,6,"Son",3,3,0,3,0,0
1213,"6/20/99",1,531011,1.79769313486232e+308,1,7,"Daughter",2,0,0,1,0,0
1214,"6/20/99",1,531011,1.79769313486232e+308,2,2,"Brother",2,2,0,2,0,0
1215,"6/20/99",1,531011,1.79769313486232e+308,2,6,"Son",3,3,0,3,0,0
1216,"6/20/99",1,531011,1.79769313486232e+308,2,7,"Daughter",2,0,0,1,0,0
1217,"6/20/99",1,531012,1,1,1,"Parents",2,1,2,2,0,1
1218,"6/20/99",1,531012,1,1,2,"Brother",4,0,4,4,0,2
1219,"6/20/99",1,531012,1,1,3,"Sister",2,0,1,2,0,0
1220,"6/20/99",1,531012,1,1,4,"Uncle",2,0,0,2,0,0
1221,"6/20/99",1,531012,2,2,1,"Parents",2,1,0,2,0,0
1222,"6/20/99",1,531012,2,2,2,"Brother",2,0,0,2,0,0
1223,"6/20/99",1,531012,2,2,3,"Sister",2,0,0,2,0,0
1224,"6/20/99",1,531012,2,2,4,"Uncle",4,2,0,4,0,0
1225,"6/20/99",1,531013,1,1,1,"Parents",2,1,2,2,0,1
1226,"6/20/99",1,531013,1,1,2,"Brother",4,0,4,4,0,2
1227,"6/20/99",1,531013,1,1,3,"Sister",2,0,1,2,0,0
1228,"6/20/99",1,531013,1,1,4,"Uncle",2,0,0,2,0,0
1229,"6/20/99",1,531013,1,2,1,"Parents",1,0,0,1,0,0
1230,"6/20/99",1,531013,1,2,2,"Brother",1,0,0,1,0,0
1231,"6/20/99",1,531013,1,2,3,"Sister",3,0,0,2,0,0
1232,"6/20/99",1,531013,1,2,4,"Uncle",2,0,0,2,0,0
1233,"6/20/99",1,531013,1,2,5,"Aunt",1,0,1,1,0,0
1234,"6/20/99",1,531014,1.79769313486232e+308,1,1,"Parents",2,2,2,2,0,0
1235,"6/20/99",1,531014,1.79769313486232e+308,1,2,"Brother",4,0,4,4,0,0
1236,"6/20/99",1,531014,1.79769313486232e+308,1,3,"Sister",2,0,0,2,0,0
1237,"6/20/99",1,531014,1.79769313486232e+308,1,4,"Uncle",2,2,0,2,0,0
1238,"6/20/99",1,531014,1.79769313486232e+308,1,7,"Daughter",1,0,0,1,0,0
1239,"6/20/99",1,531014,1.79769313486232e+308,2,1,"Parents",2,1,0,2,0,0
1240,"6/20/99",1,531014,1.79769313486232e+308,2,2,"Brother",5,5,0,5,0,0
1241,"6/20/99",1,531014,1.79769313486232e+308,2,3,"Sister",5,0,1,5,0,0
1242,"6/20/99",1,531014,1.79769313486232e+308,2,7,"Daughter",1,0,0,1,0,0
1243,"6/20/99",1,531111,1.79769313486232e+308,1,1,"Parents",1,0,1,1,0,0
1244,"6/20/99",1,531111,1.79769313486232e+308,1,2,"Brother",3,0,1,3,0,0
1245,"6/20/99",1,531111,1.79769313486232e+308,1,3,"Sister",2,0,0,2,0,0
1246,"6/20/99",1,531111,1.79769313486232e+308,1,4,"Uncle",1,1,0,1,0,0
1247,"6/20/99",1,531111,1.79769313486232e+308,2,1,"Parents",1,1,0,1,0,0
1248,"6/20/99",1,531111,1.79769313486232e+308,2,2,"Brother",3,0,0,3,0,0
1249,"6/20/99",1,531111,1.79769313486232e+308,2,3,"Sister",1,0,0,1,0,0
1250,"6/20/99",1,531111,1.79769313486232e+308,2,4,"Uncle",3,2,0,3,0,0
1251,"6/20/99",1,531111,1.79769313486232e+308,2,5,"Aunt",1,0,0,1,0,0
1252,"6/20/99",1,531211,1.79769313486232e+308,1,2,"Brother",2,2,2,2,0,0
1253,"6/20/99",1,531211,1.79769313486232e+308,1,3,"Sister",1,1,0,1,0,0
1254,"6/20/99",1,531211,1.79769313486232e+308,1,4,"Uncle",2,2,0,2,0,0
1255,"6/20/99",1,531211,1.79769313486232e+308,1,5,"Aunt",1,1,0,1,0,0
1256,"6/20/99",1,531211,1.79769313486232e+308,1,7,"Daughter",2,0,0,2,0,0
1257,"6/20/99",1,531211,1.79769313486232e+308,2,1,"Parents",2,2,0,2,0,0
1258,"6/20/99",1,531211,1.79769313486232e+308,2,2,"Brother",1,1,0,0,1,0
1259,"6/20/99",1,531211,1.79769313486232e+308,2,3,"Sister",2,2,0,2,0,0
1260,"6/20/99",1,531211,1.79769313486232e+308,2,4,"Uncle",1,1,0,1,0,0
1261,"6/20/99",1,531211,1.79769313486232e+308,2,5,"Aunt",1,1,0,1,0,0
1262,"6/20/99",1,531211,1.79769313486232e+308,2,7,"Daughter",2,0,0,2,0,0
756,"8/10/99",1,610111,1,1,3,"Sister",1,0,1,1,0,1
829,"8/12/99",1,610141,4,1,2,"Brother",2,0,2,2,0,0
830,"8/12/99",1,610141,4,1,3,"Sister",2,0,1,1,1,0
831,"8/12/99",1,610141,4,1,4,"Uncle",1,0,1,1,0,0
832,"8/12/99",1,610141,4,1,5,"Brother",2,2,0,0,2,0
833,"8/12/99",1,610141,4,2,1,"Parents",1,0,1,1,0,0
834,"8/12/99",1,610141,4,2,2,"Brother",2,0,2,2,0,0
835,"8/12/99",1,610141,4,2,3,"Sister",2,0,1,1,1,0
836,"8/12/99",1,610141,4,2,4,"Uncle",1,0,1,1,0,0
837,"8/12/99",1,610141,4,2,5,"Aunt",2,2,0,0,2,0
838,"8/12/99",1,610142,1,1,1,"Parents",1,0,1,1,0,0
839,"8/12/99",1,610142,1,1,2,"Brother",2,0,2,2,0,0
840,"8/12/99",1,610142,1,1,3,"Sister",2,0,0,1,1,0
841,"8/12/99",1,610142,1,1,4,"Uncle",1,1,1,1,0,0
842,"8/12/99",1,610142,2,2,1,"Parents",2,0,0,2,0,0
843,"8/12/99",1,610142,2,2,2,"Brother",3,0,0,3,0,0
844,"8/12/99",1,610142,2,2,3,"Sister",3,0,0,3,0,0
845,"8/12/99",1,610142,2,2,4,"Uncle",1,1,0,1,0,0
885,"8/12/99",1,610151,1,1,6,"Son",2,0,2,2,0,0
886,"8/12/99",1,610151,1,1,7,"Daughter",1,0,0,1,0,0
846,"8/12/99",1,610241,1,1,2,"Brother",2,0,2,2,0,0
847,"8/12/99",1,610241,1,1,3,"Sister",1,0,1,1,0,0
848,"8/12/99",1,610241,1,1,6,"Son",2,0,2,2,0,0
849,"8/12/99",1,610241,1,1,7,"Daughter",2,0,0,2,0,0
850,"8/12/99",1,610242,1,1,1,"Parents",1,0,1,1,0,0
851,"8/12/99",1,610242,1,1,2,"Brother",1,0,1,1,0,0
852,"8/12/99",1,610242,1,1,3,"Sister",2,0,2,2,0,0
853,"8/12/99",1,610242,1,1,4,"Uncle",3,0,3,3,0,0
854,"8/12/99",1,610242,1,1,5,"Aunt",2,0,2,2,0,0
855,"8/12/99",1,610242,2,2,1,"Parents",2,0,0,0,2,0
856,"8/12/99",1,610242,2,2,2,"Brother",4,0,0,0,4,0
857,"8/12/99",1,610242,2,2,3,"Sister",4,0,0,0,4,0
858,"8/12/99",1,610242,2,2,4,"Uncle",3,0,0,0,3,0
859,"8/12/99",1,610242,2,2,5,"Aunt",6,0,0,0,6,0
860,"8/12/99",1,610243,1,1,1,"Parents",1,0,1,1,0,0
861,"8/12/99",1,610243,1,1,2,"Brother",1,0,1,1,0,0
862,"8/12/99",1,610243,1,1,3,"Sister",2,0,2,2,0,0
863,"8/12/99",1,610243,1,1,4,"Uncle",2,0,2,2,0,0
864,"8/12/99",1,610243,1,1,5,"Aunt",1,0,1,1,0,0
865,"8/12/99",1,610243,2,2,1,"Parents",1,0,0,0,1,0
866,"8/12/99",1,610243,2,2,2,"Brother",2,0,0,0,2,0
867,"8/12/99",1,610243,2,2,3,"Sister",3,0,0,0,3,0
868,"8/12/99",1,610243,2,2,4,"Uncle",2,0,0,0,2,0
869,"8/12/99",1,610243,2,2,5,"Aunt",5,0,0,0,5,0
887,"8/12/99",1,610251,1,1,1,"Parents",2,0,0,2,0,0
888,"8/12/99",1,610251,1,1,2,"Brother",2,0,0,2,0,0
889,"8/12/99",1,610251,1,1,3,"Sister",1,0,0,1,0,0
890,"8/12/99",1,610251,1,1,4,"Uncle",5,0,0,5,0,0
891,"8/12/99",1,610251,1,1,5,"Aunt",1,0,0,1,0,0
757,"8/12/99",1,610311,2,1,2,"Brother",1,1,1,1,0,0
758,"8/12/99",1,610311,2,1,3,"Sister",1,0,1,1,0,0
759,"8/12/99",1,610311,2,1,4,"Uncle",3,0,3,3,0,0
760,"8/12/99",1,610311,2,1,5,"Aunt",1,0,1,1,0,0
761,"8/12/99",1,610311,2,2,1,"Parents",2,0,0,0,2,0
762,"8/12/99",1,610311,2,2,2,"Brother",3,0,0,0,3,2
763,"8/12/99",1,610311,2,2,3,"Sister",1,0,0,0,1,0
870,"8/12/99",1,610341,1,1,1,"Parents",1,0,1,1,0,0
871,"8/12/99",1,610341,1,1,2,"Brother",3,0,3,3,0,0
872,"8/12/99",1,610341,1,1,3,"Sister",3,0,0,3,0,0
873,"8/12/99",1,610341,1,1,4,"Uncle",1,0,0,1,0,0
874,"8/12/99",1,610341,2,2,1,"Parents",1,0,1,1,0,0
875,"8/12/99",1,610341,2,2,2,"Brother",4,0,4,4,0,0
876,"8/12/99",1,610341,2,2,3,"Sister",4,0,4,4,0,0
877,"8/12/99",1,610341,2,2,4,"Uncle",2,0,2,2,0,0
892,"8/12/99",1,610351,2,1,2,"Brother",2,0,2,2,0,0
893,"8/12/99",1,610351,2,1,3,"Sister",3,0,0,3,0,0
894,"8/12/99",1,610351,2,1,4,"Uncle",2,0,2,2,0,0
895,"8/12/99",1,610351,2,1,5,"Aunt",1,0,0,0,1,0
896,"8/12/99",1,610351,2,1,6,"Son",1,0,1,1,0,0
897,"8/12/99",1,610351,2,1,7,"Daughter",3,0,0,3,0,0
898,"8/12/99",1,610351,2,2,2,"Brother",4,0,0,4,0,0
899,"8/12/99",1,610351,2,2,3,"Sister",2,0,0,2,0,0
900,"8/12/99",1,610351,2,2,4,"Uncle",3,0,0,3,0,0
901,"8/12/99",1,610351,2,2,6,"Son",1,0,1,1,0,0
902,"8/12/99",1,610351,2,2,7,"Daughter",3,0,0,3,0,0
765,"8/12/99",1,610411,3,1,2,"Brother",1,0,1,1,0,0
766,"8/12/99",1,610411,3,1,3,"Sister",3,0,2,2,1,0
878,"8/12/99",1,610441,1,1,2,"Brother",2,0,1,1,0,0
879,"8/12/99",1,610441,1,1,3,"Sister",4,0,4,4,0,0
880,"8/12/99",1,610441,1,1,4,"Uncle",1,0,1,1,0,0
881,"8/12/99",1,610441,7,2,1,"Parents",1,0,0,1,0,0
882,"8/12/99",1,610441,7,2,2,"Brother",4,0,0,4,0,0
883,"8/12/99",1,610441,7,2,3,"Sister",1,0,0,1,0,0
884,"8/12/99",1,610441,7,2,5,"Aunt",1,0,0,1,0,0
1.79769313486232e+308,"",1.79769313486232e+308,610459,1.79769313486232e+308,1.79769313486232e+308,1.79769313486232e+308,"",1.79769313486232e+308,1.79769313486232e+308,1.79769313486232e+308,1.79769313486232e+308,1.79769313486232e+308,1.79769313486232e+308
767,"8/12/99",1,610511,1,1,3,"Sister",3,3,0,3,0,0
768,"8/12/99",1,610511,2,2,2,"Brother",2,1,2,2,0,0
769,"8/12/99",1,610611,1,1,2,"Brother",2,0,2,2,0,0
770,"8/12/99",1,610611,1,1,3,"Sister",3,0,0,3,0,0
772,"8/12/99",1,610711,2,2,3,"Sister",1,0,0,1,0,0
773,"8/12/99",1,610811,1,1,2,"Brother",3,3,3,3,0,2
774,"8/12/99",1,610811,1,1,5,"Aunt",2,2,0,0,2,0
775,"8/12/99",1,610811,2,2,3,"Sister",2,0,0,0,2,0
776,"8/12/99",1,610911,1,1,2,"Brother",1,0,1,1,0,0
777,"8/12/99",1,610911,2,2,3,"Sister",1,0,0,1,0,0
778,"8/12/99",1,611011,1,1,3,"Sister",3,0,3,3,0,0
779,"8/12/99",1,611011,1,1,4,"Uncle",1,0,1,1,0,0
780,"8/12/99",1,611011,1,1,5,"Aunt",1,0,1,1,0,0
781,"8/12/99",1,611011,1,1,6,"Son",1,0,1,1,0,0
782,"8/12/99",1,611011,1,1,7,"Daughter",2,0,0,2,0,0
783,"8/12/99",1,611011,2,2,2,"Brother",1,0,0,1,0,0
784,"8/12/99",1,611011,2,2,3,"Sister",3,0,0,3,0,0
785,"8/12/99",1,611011,2,2,4,"Uncle",1,0,0,1,0,0
786,"8/12/99",1,611011,2,2,6,"Son",1,0,1,1,0,0
787,"8/12/99",1,611011,2,2,7,"Daughter",2,0,2,2,0,0
788,"8/12/99",1,611012,1,1,1,"Parents",2,0,2,2,0,0
789,"8/12/99",1,611012,1,1,3,"Sister",5,0,5,5,0,0
790,"8/12/99",1,611012,1,1,5,"Aunt",3,0,3,3,0,0
791,"8/12/99",1,611012,2,2,1,"Parents",2,0,0,2,0,0
792,"8/12/99",1,611012,2,2,2,"Brother",2,0,0,2,0,0
793,"8/12/99",1,611012,2,2,3,"Sister",2,0,0,2,0,0
794,"8/12/99",1,611012,2,2,4,"Uncle",4,0,0,4,0,0
795,"8/12/99",1,611012,2,2,5,"Aunt",4,0,0,4,0,0
796,"8/12/99",1,611111,1,1,2,"Brother",2,0,2,2,0,0
797,"8/12/99",1,611111,1,1,3,"Sister",1,0,1,1,0,0
798,"8/12/99",1,611111,2,2,1,"Parents",2,0,0,2,0,0
799,"8/12/99",1,611111,2,2,2,"Brother",3,0,0,3,0,0
800,"8/12/99",1,611111,2,2,4,"Uncle",3,0,0,3,0,0
801,"8/12/99",1,611111,2,2,5,"Aunt",1,0,0,1,0,0
802,"8/12/99",1,611211,1,1,2,"Brother",1,0,1,1,0,0
803,"8/12/99",1,611211,1,1,3,"Sister",1,0,1,1,0,0
804,"8/12/99",1,611211,1,1,6,"Son",2,0,2,2,0,0
805,"8/12/99",1,611211,2,2,2,"Brother",1,0,0,1,0,0
806,"8/12/99",1,611211,2,2,3,"Sister",2,0,0,2,0,0
807,"8/12/99",1,611211,2,2,4,"Uncle",1,0,0,1,0,0
808,"8/12/99",1,611211,2,2,5,"Aunt",3,0,0,3,0,0
809,"8/12/99",1,611211,2,2,6,"Son",2,0,2,2,0,0
810,"8/12/99",1,611212,1,1,1,"Parents",2,0,2,2,0,0
811,"8/12/99",1,611212,1,1,2,"Brother",4,0,4,4,0,0
812,"8/12/99",1,611212,1,1,3,"Sister",5,0,5,5,0,0
813,"8/12/99",1,611212,1,1,4,"Uncle",2,0,2,2,0,0
814,"8/12/99",1,611212,1,1,5,"Aunt",1,0,1,1,0,0
815,"8/12/99",1,611212,2,2,1,"Parents",2,0,0,2,0,0
816,"8/12/99",1,611212,2,2,2,"Brother",5,0,0,5,0,0
817,"8/12/99",1,611212,2,2,3,"Sister",4,0,0,4,0,0
818,"8/12/99",1,611212,2,2,4,"Uncle",7,4,0,7,0,0
819,"8/12/99",1,611212,2,2,5,"Aunt",4,4,0,4,0,0
820,"8/12/99",1,611213,1,1,1,"Parents",2,0,2,2,0,0
821,"8/12/99",1,611213,1,1,2,"Brother",4,0,4,4,0,0
822,"8/12/99",1,611213,1,1,3,"Sister",5,0,5,5,0,0
823,"8/12/99",1,611213,1,1,4,"Uncle",2,0,2,2,0,0
824,"8/12/99",1,611213,1,1,5,"Aunt",1,0,1,1,0,0
825,"8/12/99",1,611213,2,2,1,"Parents",2,0,0,2,0,0
826,"8/12/99",1,611213,2,2,2,"Brother",1,0,0,1,0,0
827,"8/12/99",1,611213,2,2,3,"Sister",5,0,0,5,0,0
828,"8/12/99",1,611213,2,2,4,"Uncle",4,0,0,4,0,0
1605,"6/23/99",1,620111,1,1,3,"Sister",2,0,0,2,0,0
1606,"6/23/99",1,620111,1,1,4,"Uncle",2,0,2,2,0,0
1607,"6/23/99",1,620111,1,1,7,"Daughter",1,1,1,1,0,0
1608,"6/23/99",1,620111,2,2,1,"Parents",1,0,0,0,1,0
1609,"6/23/99",1,620111,2,2,2,"Brother",3,0,0,0,3,0
1610,"6/23/99",1,620111,2,2,3,"Sister",3,0,0,0,3,0
1611,"6/23/99",1,620111,2,2,4,"Uncle",2,0,0,0,2,0
1612,"6/23/99",1,620111,2,2,5,"Aunt",5,0,0,0,5,0
1613,"6/23/99",1,620111,2,2,7,"Daughter",1,1,1,1,0,0
1676,"6/23/99",1,620141,1,1,1,"Parents",1,0,1,0,0,0
1677,"6/23/99",1,620141,1,1,2,"Brother",1,0,1,0,0,0
1678,"6/23/99",1,620141,2,2,2,"Brother",2,0,0,2,0,0
1679,"6/23/99",1,620141,2,2,3,"Sister",3,0,0,3,0,0
1680,"6/23/99",1,620141,2,2,4,"Uncle",3,0,0,3,0,0
1681,"6/23/99",1,620141,2,2,5,"Aunt",3,0,0,3,0,0
1717,"6/23/99",1,620151,2,2,1,"Parents",2,0,0,0,2,0
1718,"6/23/99",1,620151,2,2,2,"Brother",3,0,0,0,3,0
1719,"6/23/99",1,620151,2,2,3,"Sister",2,0,0,0,2,0
1720,"6/23/99",1,620151,2,2,4,"Uncle",2,0,0,0,2,0
1721,"6/23/99",1,620151,2,2,5,"Aunt",3,0,0,0,3,0
586,"9/11/99",1,620152,1,1,2,"Brother",2,0,2,2,0,0
587,"9/11/99",1,620152,1,1,3,"Sister",2,0,2,2,0,0
588,"9/11/99",1,620152,1,1,4,"Uncle",1,0,1,1,0,0
589,"9/11/99",1,620152,1,1,5,"Aunt",1,0,1,1,0,0
1614,"6/23/99",1,620211,1,1,1,"Parents",2,0,2,2,0,0
1615,"6/23/99",1,620211,1,1,2,"Brother",1,0,1,1,0,0
1616,"6/23/99",1,620211,1,1,3,"Sister",3,0,3,3,0,0
1617,"6/23/99",1,620211,1,1,4,"Uncle",3,0,3,3,0,0
1618,"6/23/99",1,620211,2,2,1,"Parents",2,0,0,2,0,0
1619,"6/23/99",1,620211,2,2,2,"Brother",3,0,0,3,0,0
1620,"6/23/99",1,620211,2,2,3,"Sister",3,0,0,3,0,0
1621,"6/23/99",1,620211,2,2,4,"Uncle",1,0,0,1,0,0
1682,"6/23/99",1,620241,1,1,2,"Brother",1,0,0,1,0,0
1683,"6/23/99",1,620241,1,1,3,"Sister",1,0,1,1,0,0
1684,"6/23/99",1,620241,1,1,6,"Son",1,0,1,1,0,0
1685,"6/23/99",1,620241,1,1,7,"Daughter",2,0,2,2,0,0
1686,"6/23/99",1,620241,2,2,2,"Brother",1,0,0,1,0,0
1687,"6/23/99",1,620241,2,2,3,"Sister",3,0,0,3,0,0
1688,"6/23/99",1,620241,2,2,4,"Uncle",1,0,0,1,0,0
1689,"6/23/99",1,620241,2,2,6,"Son",1,0,1,1,0,0
1690,"6/23/99",1,620241,2,2,7,"Daughter",2,0,2,2,0,0
595,"9/11/99",1,620251,1,1,2,"Brother",1,1,1,1,0,1
596,"9/11/99",1,620251,1,1,6,"Son",3,0,3,3,0,0
597,"9/11/99",1,620251,1,1,7,"Daughter",3,0,3,3,0,0
598,"9/11/99",1,620251,2,2,2,"Brother",2,0,0,2,0,2
599,"9/11/99",1,620251,2,2,3,"Sister",2,0,0,2,0,0
600,"9/11/99",1,620251,2,2,5,"Aunt",1,0,0,1,0,0
601,"9/11/99",1,620251,2,2,6,"Son",3,0,3,3,0,0
602,"9/11/99",1,620251,2,2,7,"Daughter",3,0,3,3,0,0
603,"9/11/99",1,620252,1,1,1,"Parents",2,0,2,2,0,0
604,"9/11/99",1,620252,1,1,2,"Brother",5,0,5,5,0,0
605,"9/11/99",1,620252,1,1,3,"Sister",4,0,4,4,0,0
606,"9/11/99",1,620252,1,1,4,"Uncle",3,3,1,1,2,0
607,"9/11/99",1,620252,1,1,5,"Aunt",1,0,0,1,0,0
608,"9/11/99",1,620252,2,2,1,"Parents",1,0,1,1,0,0
609,"9/11/99",1,620252,2,2,2,"Brother",5,1,0,0,5,1
610,"9/11/99",1,620252,2,2,3,"Sister",2,2,0,0,2,1
611,"9/11/99",1,620252,2,2,4,"Uncle",2,2,0,0,2,0
618,"9/11/99",1,620253,1,1,1,"Parents",2,0,2,2,0,0
619,"9/11/99",1,620253,1,1,2,"Brother",5,0,5,5,0,0
620,"9/11/99",1,620253,1,1,3,"Sister",4,0,1,4,0,0
621,"9/11/99",1,620253,1,1,4,"Uncle",3,1,3,3,0,0
622,"9/11/99",1,620253,1,1,5,"Aunt",2,0,0,2,0,0
623,"9/11/99",1,620253,2,2,1,"Parents",2,2,0,0,2,0
624,"9/11/99",1,620253,2,2,2,"Brother",2,0,0,0,2,0
625,"9/11/99",1,620253,2,2,3,"Sister",5,0,0,0,5,0
626,"9/11/99",1,620253,2,2,4,"Uncle",2,2,0,0,2,0
627,"9/11/99",1,620253,2,2,5,"Aunt",6,6,0,0,6,0
628,"9/11/99",1,620254,1,1,1,"Parents",2,0,2,0,0,0
629,"9/11/99",1,620254,1,1,2,"Brother",5,0,5,0,0,0
630,"9/11/99",1,620254,1,1,3,"Sister",4,0,4,0,0,0
631,"9/11/99",1,620254,1,1,4,"Uncle",2,1,2,0,0,0
632,"9/11/99",1,620254,1,1,5,"Aunt",1,0,1,0,0,0
633,"9/11/99",1,620254,2,2,1,"Parents",2,2,0,2,0,0
634,"9/11/99",1,620254,2,2,2,"Brother",5,0,0,5,0,0
635,"9/11/99",1,620254,2,2,3,"Sister",3,0,0,3,0,0
636,"9/11/99",1,620254,2,2,4,"Uncle",6,6,0,6,0,0
637,"9/11/99",1,620254,2,2,5,"Aunt",5,0,0,5,0,0
1622,"6/23/99",1,620311,1,1,2,"Brother",1,0,0,0,1,0
1623,"6/23/99",1,620311,1,1,3,"Sister",3,0,0,0,3,0
1624,"6/23/99",1,620311,1,1,4,"Uncle",2,0,0,0,2,0
1625,"6/23/99",1,620311,1,1,5,"Aunt",3,0,0,0,3,0
1626,"6/23/99",1,620311,2,2,1,"Parents",1,0,1,1,0,0
1627,"6/23/99",1,620311,2,2,2,"Brother",3,0,3,3,0,0
1628,"6/23/99",1,620311,2,2,4,"Uncle",1,0,1,1,0,0
1629,"6/23/99",1,620311,2,2,5,"Aunt",1,0,1,1,0,0
1691,"6/23/99",1,620341,1,1,1,"Parents",1,0,1,1,0,0
1692,"6/23/99",1,620341,1,1,2,"Brother",4,0,4,4,0,0
1693,"6/23/99",1,620341,1,1,3,"Sister",2,0,2,0,0,0
1694,"6/23/99",1,620341,2,2,1,"Parents",1,0,0,1,0,0
1695,"6/23/99",1,620341,2,2,2,"Brother",5,0,0,5,0,0
1696,"6/23/99",1,620341,2,2,3,"Sister",3,1,0,3,0,0
1697,"6/23/99",1,620341,2,2,4,"Uncle",1,1,0,1,0,0
638,"9/11/99",1,620351,1,1,3,"Sister",2,0,0,2,0,0
1630,"6/23/99",1,620411,1,1,2,"Brother",1,0,1,1,0,0
1631,"6/23/99",1,620411,1,1,3,"Sister",1,0,1,1,0,0
1632,"6/23/99",1,620411,1,1,4,"Uncle",1,0,1,1,0,0
1633,"6/23/99",1,620411,1,1,5,"Aunt",1,0,1,1,0,0
1634,"6/23/99",1,620411,2,2,1,"Parents",1,0,0,1,0,0
1635,"6/23/99",1,620411,2,2,2,"Brother",2,2,0,2,0,0
1636,"6/23/99",1,620411,2,2,4,"Uncle",1,1,0,1,0,0
1698,"6/23/99",1,620441,1,1,1,"Parents",2,0,2,2,0,0
1699,"6/23/99",1,620441,1,1,2,"Brother",2,0,2,2,0,0
1700,"6/23/99",1,620441,1,1,3,"Sister",1,0,1,0,0,0
1701,"6/23/99",1,620441,5,2,1,"Parents",2,0,0,2,0,0
1702,"6/23/99",1,620441,5,2,2,"Brother",4,0,0,4,0,0
1703,"6/23/99",1,620441,5,2,4,"Uncle",4,0,0,3,1,0
639,"9/11/99",1,620459,1,1,2,"Brother",5,3,5,5,0,0
640,"9/11/99",1,620459,1,1,3,"Sister",3,0,0,3,0,0
641,"9/11/99",1,620459,2,2,1,"Parents",1,0,1,1,0,0
642,"9/11/99",1,620459,2,2,2,"Brother",1,1,1,1,0,0
643,"9/11/99",1,620459,2,2,3,"Sister",2,0,2,2,0,0
644,"9/11/99",1,620459,2,2,4,"Uncle",3,0,3,3,0,0
1637,"6/23/99",1,620511,1,1,2,"Brother",1,0,1,1,0,0
1638,"6/23/99",1,620511,1,1,6,"Son",1,0,1,1,0,0
1639,"6/23/99",1,620511,1,1,7,"Daughter",3,0,3,3,0,0
1640,"6/23/99",1,620511,2,2,2,"Brother",1,0,1,1,0,0
1641,"6/23/99",1,620511,2,2,3,"Sister",4,0,0,4,0,1
1642,"6/23/99",1,620511,2,2,6,"Son",1,0,1,1,0,0
1643,"6/23/99",1,620511,2,2,7,"Daughter",3,0,3,3,0,0
1644,"6/23/99",1,620512,1,1,1,"Parents",2,0,2,2,0,0
1645,"6/23/99",1,620512,1,1,3,"Sister",3,0,3,3,0,0
1646,"6/23/99",1,620512,1,1,4,"Uncle",2,0,2,2,0,0
1647,"6/23/99",1,620512,1,1,5,"Aunt",4,0,4,4,0,0
1648,"6/23/99",1,620512,2,2,1,"Parents",2,2,0,2,0,2
1649,"6/23/99",1,620512,2,2,2,"Brother",2,2,0,2,0,0
1650,"6/23/99",1,620512,2,2,3,"Sister",3,3,0,3,0,0
1651,"6/23/99",1,620512,2,2,4,"Uncle",4,4,0,4,0,0
1704,"6/23/99",1,620541,1,1,1,"Parents",1,0,1,1,0,0
1705,"6/23/99",1,620541,1,1,2,"Brother",5,0,5,5,0,0
1706,"6/23/99",1,620541,1,1,5,"Aunt",2,0,1,2,0,0
1707,"6/23/99",1,620541,2,2,1,"Parents",2,2,0,2,0,0
1708,"6/23/99",1,620541,2,2,2,"Brother",3,0,0,3,0,0
1709,"6/23/99",1,620541,2,2,3,"Sister",3,0,0,3,0,0
1710,"6/23/99",1,620541,2,2,4,"Uncle",5,0,0,5,0,0
1711,"6/23/99",1,620541,2,2,5,"Aunt",3,0,3,3,0,0
527,"9/11/99",1,620611,1,1,1,"Parents",1,0,1,1,0,0
528,"9/11/99",1,620611,1,1,2,"Brother",1,1,1,1,0,0
529,"9/11/99",1,620611,1,1,3,"Sister",4,2,1,3,0,1
530,"9/11/99",1,620611,1,1,4,"Uncle",1,0,0,1,0,0
531,"9/11/99",1,620611,2,2,2,"Brother",2,0,0,2,0,1
532,"9/11/99",1,620611,2,2,3,"Sister",1,0,0,1,0,0
533,"9/11/99",1,620611,2,2,4,"Uncle",1,1,0,1,0,0
1652,"6/23/99",1,620711,1,1,2,"Brother",4,0,4,4,0,0
1653,"6/23/99",1,620711,1,1,3,"Sister",3,3,0,3,0,0
1654,"6/23/99",1,620711,1,1,4,"Uncle",1,0,1,1,0,0
1655,"6/23/99",1,620711,1,1,5,"Aunt",2,0,0,0,2,0
1656,"6/23/99",1,620711,1,1,6,"Son",1,0,1,1,0,0
1657,"6/23/99",1,620711,1,1,7,"Daughter",3,0,3,3,0,0
1658,"6/23/99",1,620711,2,2,1,"Parents",1,0,0,1,0,0
1659,"6/23/99",1,620711,2,2,2,"Brother",2,0,0,2,0,0
1660,"6/23/99",1,620711,2,2,3,"Sister",3,0,0,2,1,0
1661,"6/23/99",1,620711,2,2,4,"Uncle",2,2,0,2,0,0
1662,"6/23/99",1,620711,2,2,5,"Aunt",1,0,0,1,0,0
1663,"6/23/99",1,620711,2,2,6,"Son",1,0,1,1,0,0
1664,"6/23/99",1,620711,2,2,7,"Daughter",3,0,3,3,0,0
1667,"6/23/99",1,620811,2,2,2,"Brother",2,0,0,2,0,0
1668,"6/23/99",1,620811,2,2,3,"Sister",1,0,0,1,0,0
1669,"6/23/99",1,620811,2,2,7,"Daughter",1,0,1,1,0,0
1670,"6/23/99",1,620911,1,1,1,"Parents",1,0,0,0,0,0
1671,"6/23/99",1,620911,1,1,2,"Brother",5,1,5,5,0,0
1672,"6/23/99",1,620911,1,1,4,"Uncle",1,0,0,1,0,0
1673,"6/23/99",1,620911,1,1,5,"Aunt",1,0,0,0,1,0
1674,"6/23/99",1,620911,2,2,2,"Brother",2,0,2,2,0,0
1675,"6/23/99",1,620911,2,2,3,"Sister",2,0,2,2,0,0
534,"9/11/99",1,621011,1,1,1,"Parents",2,0,2,2,0,0
535,"9/11/99",1,621011,1,1,2,"Brother",3,0,3,3,0,0
536,"9/11/99",1,621011,1,1,3,"Sister",2,0,0,1,1,0
537,"9/11/99",1,621011,1,1,4,"Uncle",8,0,2,2,6,0
538,"9/11/99",1,621011,1,1,5,"Aunt",4,0,0,2,2,0
539,"9/11/99",1,621011,2,2,2,"Brother",2,0,2,2,0,1
540,"9/11/99",1,621011,2,2,3,"Sister",1,0,1,1,0,0
541,"9/11/99",1,621011,2,2,4,"Uncle",1,0,1,1,0,1
542,"9/11/99",1,621011,2,2,5,"Aunt",6,0,0,6,0,0
543,"9/11/99",1,621111,1,1,1,"Parents",2,0,2,2,0,0
544,"9/11/99",1,621111,1,1,2,"Brother",7,0,7,7,0,0
545,"9/11/99",1,621111,1,1,3,"Sister",2,0,2,2,0,0
546,"9/11/99",1,621111,1,1,4,"Uncle",1,0,1,1,0,0
547,"9/11/99",1,621111,1,1,5,"Aunt",1,0,1,1,0,0
548,"9/11/99",1,621111,2,2,1,"Parents",2,0,0,2,0,0
549,"9/11/99",1,621111,2,2,2,"Brother",4,0,0,4,0,0
550,"9/11/99",1,621111,2,2,3,"Sister",4,0,0,4,0,0
551,"9/11/99",1,621111,2,2,4,"Uncle",2,0,0,2,0,0
552,"9/11/99",1,621111,2,2,5,"Aunt",1,0,0,1,0,0
564,"9/11/99",1,621211,1,1,1,"Parents",1,0,1,1,0,0
565,"9/11/99",1,621211,1,1,2,"Brother",3,0,3,1,0,0
566,"9/11/99",1,621211,1,1,3,"Sister",3,0,3,3,0,0
567,"9/11/99",1,621211,1,1,4,"Uncle",3,0,0,3,0,0
568,"9/11/99",1,621211,1,1,5,"Aunt",1,0,0,1,0,0
569,"9/11/99",1,621211,2,2,1,"Parents",1,0,0,0,1,0
570,"9/11/99",1,621211,2,2,2,"Brother",6,6,0,0,6,6
571,"9/11/99",1,621211,2,2,3,"Sister",3,0,0,0,3,0
572,"9/11/99",1,621211,2,2,4,"Uncle",5,0,0,0,5,0
573,"9/11/99",1,621211,2,2,5,"Aunt",2,1,0,0,1,0
827,"7/21/99",1,630111,1,1,2,"Brother",3,0,3,3,0,0
828,"7/21/99",1,630111,1,1,3,"Sister",2,0,2,2,0,0
829,"7/21/99",1,630111,1,1,4,"Uncle",2,0,2,2,0,0
830,"7/21/99",1,630111,1,1,5,"Aunt",4,0,4,4,0,0
831,"7/21/99",1,630111,1,1,7,"Daughter",1,0,1,1,0,0
832,"7/21/99",1,630111,2,2,1,"Parents",1,0,0,0,0,0
833,"7/21/99",1,630111,2,2,2,"Brother",3,0,3,3,0,0
834,"7/21/99",1,630111,2,2,3,"Sister",2,0,2,2,0,0
835,"7/21/99",1,630111,2,2,4,"Uncle",3,1,2,2,1,0
836,"7/21/99",1,630111,2,2,5,"Aunt",5,0,2,3,0,0
837,"7/21/99",1,630111,2,2,7,"Daughter",1,0,0,1,0,0
907,"7/21/99",1,630141,1,1,2,"Brother",1,0,1,1,0,0
908,"7/21/99",1,630141,1,1,3,"Sister",2,0,2,2,0,0
909,"7/21/99",1,630141,1,1,4,"Uncle",2,0,1,1,1,0
910,"7/21/99",1,630141,1,1,5,"Aunt",8,1,0,8,0,0
911,"7/21/99",1,630141,1,1,6,"Son",2,0,2,2,0,0
912,"7/21/99",1,630141,1,1,7,"Daughter",1,0,1,1,0,0
913,"7/21/99",1,630141,2,2,2,"Brother",4,0,0,0,4,0
914,"7/21/99",1,630141,2,2,3,"Sister",1,0,0,0,1,1
915,"7/21/99",1,630141,2,2,5,"Aunt",2,0,0,0,2,0
916,"7/21/99",1,630141,2,2,6,"Son",2,0,2,2,0,0
917,"7/21/99",1,630141,2,2,7,"Daughter",1,0,1,1,0,0
973,"7/21/99",1,630151,1,1,7,"Daughter",1,0,0,0,1,0
838,"7/21/99",1,630211,1,1,2,"Brother",2,0,0,2,0,0
839,"7/21/99",1,630211,1,1,3,"Sister",1,0,0,0,1,0
840,"7/21/99",1,630211,1,1,7,"Daughter",2,0,2,2,0,0
841,"7/21/99",1,630211,2,2,2,"Brother",3,0,3,3,0,0
842,"7/21/99",1,630211,2,2,3,"Sister",1,0,0,1,0,0
843,"7/21/99",1,630211,2,2,7,"Daughter",2,0,2,2,0,0
918,"7/21/99",1,630241,1,1,1,"Parents",1,1,1,1,0,0
919,"7/21/99",1,630241,1,1,2,"Brother",2,0,2,2,0,1
920,"7/21/99",1,630241,1,1,3,"Sister",4,4,0,4,0,0
921,"7/21/99",1,630241,1,1,4,"Uncle",1,0,1,1,0,0
922,"7/21/99",1,630241,1,1,5,"Aunt",1,1,0,0,1,0
923,"7/21/99",1,630241,2,2,1,"Parents",1,1,0,0,1,0
924,"7/21/99",1,630241,2,2,3,"Sister",2,2,0,0,2,0
925,"7/21/99",1,630241,2,2,4,"Uncle",4,4,0,0,4,2
926,"7/21/99",1,630241,2,2,5,"Aunt",3,3,0,0,3,1
927,"7/21/99",1,630242,1,1,1,"Parents",1,0,1,1,0,0
928,"7/21/99",1,630242,1,1,2,"Brother",2,0,2,2,0,2
929,"7/21/99",1,630242,1,1,3,"Sister",4,2,1,3,1,2
930,"7/21/99",1,630242,1,1,4,"Uncle",3,0,0,2,1,0
931,"7/21/99",1,630242,1,1,5,"Aunt",1,0,0,0,1,0
932,"7/21/99",1,630242,2,2,1,"Parents",2,0,0,2,0,0
933,"7/21/99",1,630242,2,2,2,"Brother",5,0,0,5,0,0
934,"7/21/99",1,630242,2,2,4,"Uncle",1,1,0,1,0,0
935,"7/21/99",1,630242,2,2,5,"Aunt",7,2,0,7,0,0
976,"7/21/99",1,630251,1,1,2,"Brother",2,0,2,2,0,0
977,"7/21/99",1,630251,1,1,3,"Sister",2,0,1,1,1,0
978,"7/21/99",1,630251,1,1,4,"Uncle",2,0,1,1,0,0
979,"7/21/99",1,630251,1,1,5,"Aunt",3,0,3,3,0,0
980,"7/21/99",1,630251,2,2,1,"Parents",1,0,0,0,1,0
981,"7/21/99",1,630251,2,2,2,"Brother",3,0,0,3,0,0
982,"7/21/99",1,630251,2,2,3,"Sister",2,0,0,2,0,0
983,"7/21/99",1,630251,2,2,4,"Uncle",4,0,0,4,0,0
984,"7/21/99",1,630251,2,2,5,"Aunt",6,0,0,6,0,0
985,"7/21/99",1,630252,1,1,2,"Brother",2,0,2,2,0,0
986,"7/21/99",1,630252,1,1,3,"Sister",2,0,0,1,1,1
987,"7/21/99",1,630252,1,1,4,"Uncle",2,1,2,2,0,0
988,"7/21/99",1,630252,1,1,5,"Aunt",3,0,0,1,2,0
989,"7/21/99",1,630252,2,2,1,"Parents",2,1,2,2,0,0
990,"7/21/99",1,630252,2,2,2,"Brother",2,0,2,2,0,0
991,"7/21/99",1,630252,2,2,3,"Sister",3,0,0,2,1,0
992,"7/21/99",1,630252,2,2,4,"Uncle",6,4,4,4,0,2
993,"7/21/99",1,630252,2,2,5,"Aunt",8,0,8,8,0,0
171,"8/03/99",1,630311,1,1,2,"Brother",2,0,2,2,0,0
172,"8/03/99",1,630311,1,1,3,"Sister",2,0,2,2,0,0
173,"8/03/99",1,630311,1,1,4,"Uncle",2,0,2,2,0,0
174,"8/03/99",1,630311,1,1,5,"Aunt",2,0,2,2,0,0
175,"8/03/99",1,630311,2,2,3,"Sister",3,0,0,3,0,0
936,"7/21/99",1,630341,1,1,2,"Brother",6,1,6,6,0,1
937,"7/21/99",1,630341,1,1,3,"Sister",1,0,1,1,0,0
938,"7/21/99",1,630341,1,1,5,"Aunt",1,0,0,0,1,0
939,"7/21/99",1,630341,1,1,6,"Son",2,0,2,2,0,0
940,"7/21/99",1,630341,1,1,7,"Daughter",1,0,1,1,0,0
941,"7/21/99",1,630341,2,2,2,"Brother",1,0,0,1,0,0
942,"7/21/99",1,630341,2,2,3,"Sister",3,0,0,0,0,0
943,"7/21/99",1,630341,2,2,4,"Uncle",2,0,0,0,0,0
944,"7/21/99",1,630341,2,2,5,"Aunt",2,0,0,0,0,0
945,"7/21/99",1,630341,2,2,6,"Son",2,0,2,2,0,0
946,"7/21/99",1,630341,2,2,7,"Daughter",1,0,1,1,0,0
947,"7/21/99",1,630342,1,1,1,"Parents",2,0,2,2,0,0
948,"7/21/99",1,630342,1,1,2,"Brother",3,0,3,3,0,0
949,"7/21/99",1,630342,1,1,3,"Sister",7,2,4,5,1,0
950,"7/21/99",1,630342,1,1,4,"Uncle",3,0,3,3,0,0
951,"7/21/99",1,630342,1,1,5,"Aunt",3,0,3,3,0,0
952,"7/21/99",1,630342,2,2,1,"Parents",2,0,0,0,2,0
953,"7/21/99",1,630342,2,2,2,"Brother",2,0,0,0,2,0
954,"7/21/99",1,630342,2,2,3,"Sister",6,0,0,0,6,0
955,"7/21/99",1,630342,2,2,4,"Uncle",4,1,0,0,4,0
956,"7/21/99",1,630342,2,2,5,"Aunt",5,0,0,0,5,0
994,"7/21/99",1,630351,1,1,2,"Brother",4,0,4,4,0,1
995,"7/21/99",1,630351,1,1,3,"Sister",2,0,0,0,2,0
996,"7/21/99",1,630351,1,1,4,"Uncle",1,0,1,1,0,0
997,"7/21/99",1,630351,1,1,5,"Aunt",1,0,0,0,1,0
998,"7/21/99",1,630351,5,2,1,"Parents",2,2,0,2,0,0
999,"7/21/99",1,630351,5,2,2,"Brother",3,0,0,3,0,2
1000,"7/21/99",1,630351,5,2,3,"Sister",1,0,0,1,0,0
1001,"7/21/99",1,630351,5,2,4,"Uncle",5,4,0,5,0,1
1002,"7/21/99",1,630351,5,2,5,"Aunt",3,0,0,3,0,0
1003,"7/21/99",1,630352,1,1,2,"Brother",4,0,4,4,0,0
1004,"7/21/99",1,630352,1,1,3,"Sister",2,0,2,2,0,0
1005,"7/21/99",1,630352,1,1,5,"Aunt",1,0,1,1,0,0
176,"8/03/99",1,630411,1,1,1,"Parents",1,0,1,1,0,0
177,"8/03/99",1,630411,1,1,2,"Brother",3,3,0,0,3,0
178,"8/03/99",1,630411,1,1,3,"Sister",1,1,0,0,1,0
179,"8/03/99",1,630411,1,1,5,"Aunt",4,3,0,0,4,0
180,"8/03/99",1,630411,2,2,1,"Parents",1,1,0,1,0,0
181,"8/03/99",1,630411,2,2,2,"Brother",2,0,0,2,0,0
182,"8/03/99",1,630411,2,2,3,"Sister",1,0,0,1,0,0
183,"8/03/99",1,630411,2,2,4,"Uncle",4,4,0,4,0,0
184,"8/03/99",1,630411,2,2,5,"Aunt",3,3,0,3,0,0
957,"7/21/99",1,630441,1,1,1,"Parents",2,0,2,2,0,2
958,"7/21/99",1,630441,1,1,2,"Brother",3,0,3,3,0,0
959,"7/21/99",1,630441,1,1,3,"Sister",3,0,2,3,0,0
960,"7/21/99",1,630441,1,1,4,"Uncle",3,0,0,3,0,0
961,"7/21/99",1,630441,2,2,1,"Parents",2,0,0,0,2,0
962,"7/21/99",1,630441,2,2,2,"Brother",4,0,0,0,4,4
963,"7/21/99",1,630441,2,2,3,"Sister",2,0,0,0,2,0
964,"7/21/99",1,630441,2,2,4,"Uncle",1,0,0,0,1,0
1006,"7/21/99",1,630459,1,1,2,"Brother",1,0,1,1,0,0
1007,"7/21/99",1,630459,2,2,2,"Brother",1,0,0,1,0,0
844,"7/21/99",1,630511,1,1,2,"Brother",3,0,3,3,0,1
845,"7/21/99",1,630511,1,1,5,"Aunt",1,0,0,0,1,0
846,"7/21/99",1,630511,1,1,6,"Son",2,0,2,2,0,2
847,"7/21/99",1,630511,2,2,1,"Parents",1,0,0,0,1,0
848,"7/21/99",1,630511,2,2,2,"Brother",2,1,0,0,2,0
849,"7/21/99",1,630511,2,2,3,"Sister",4,0,0,0,4,0
850,"7/21/99",1,630511,2,2,4,"Uncle",1,0,0,0,1,0
851,"7/21/99",1,630511,2,2,5,"Aunt",1,0,0,0,0,0
852,"7/21/99",1,630511,2,2,6,"Son",2,0,2,2,0,2
853,"7/21/99",1,630511,2,2,7,"Daughter",1,0,0,1,0,0
854,"7/21/99",1,630512,1,1,1,"Parents",2,0,2,2,0,0
855,"7/21/99",1,630512,1,1,2,"Brother",2,0,1,2,0,0
856,"7/21/99",1,630512,1,1,3,"Sister",1,0,0,1,0,0
857,"7/21/99",1,630512,1,1,4,"Uncle",5,1,0,5,0,0
858,"7/21/99",1,630512,1,1,5,"Aunt",4,0,0,4,0,0
859,"7/21/99",1,630512,2,2,1,"Parents",2,0,0,2,0,0
860,"7/21/99",1,630512,2,2,2,"Brother",5,0,0,5,0,0
861,"7/21/99",1,630512,2,2,3,"Sister",2,0,0,2,0,0
862,"7/21/99",1,630512,2,2,4,"Uncle",1,1,0,1,0,0
863,"7/21/99",1,630512,2,2,5,"Aunt",1,0,0,1,0,0
864,"7/21/99",1,630513,1,1,1,"Parents",2,0,2,2,0,0
865,"7/21/99",1,630513,1,1,2,"Brother",2,0,2,2,0,0
866,"7/21/99",1,630513,1,1,3,"Sister",1,0,0,1,0,0
867,"7/21/99",1,630513,1,1,4,"Uncle",5,1,0,5,0,0
868,"7/21/99",1,630513,1,1,5,"Aunt",4,0,0,4,0,0
869,"7/21/99",1,630513,2,2,1,"Parents",2,1,0,2,0,0
870,"7/21/99",1,630513,2,2,2,"Brother",2,0,0,2,0,0
871,"7/21/99",1,630513,2,2,3,"Sister",2,1,0,2,0,0
872,"7/21/99",1,630513,2,2,4,"Uncle",4,3,0,3,0,0
873,"7/21/99",1,630513,2,2,5,"Aunt",3,0,0,3,0,0
965,"7/21/99",1,630541,1,1,1,"Parents",1,0,1,1,0,0
966,"7/21/99",1,630541,1,1,2,"Brother",1,0,1,1,0,0
967,"7/21/99",1,630541,1,1,4,"Uncle",1,0,0,1,0,0
971,"7/21/99",1,630541,2,2,1,"Parents",1,0,0,1,0,0
969,"7/21/99",1,630541,2,2,2,"Brother",3,0,0,3,0,1
970,"7/21/99",1,630541,2,2,3,"Sister",1,0,0,1,0,1
971,"7/21/99",1,630541,2,2,4,"Uncle",1,0,0,1,0,0
972,"7/21/99",1,630541,2,2,5,"Aunt",1,0,0,1,0,0
874,"7/21/99",1,630611,1,1,2,"Brother",1,0,0,0,1,1
875,"7/21/99",1,630611,1,1,3,"Sister",2,0,0,0,2,0
876,"7/21/99",1,630611,1,1,4,"Uncle",1,0,0,0,1,1
877,"7/21/99",1,630611,1,1,6,"Son",2,0,2,2,0,0
878,"7/21/99",1,630611,1,1,7,"Daughter",2,0,1,1,1,0
879,"7/21/99",1,630711,2,1,6,"Son",1,0,1,1,0,0
880,"7/21/99",1,630711,2,2,3,"Sister",1,0,1,1,0,0
881,"7/21/99",1,630711,2,2,6,"Son",1,0,1,1,0,0
185,"8/03/99",1,630811,1,1,2,"Brother",1,0,0,0,1,0
186,"8/03/99",1,630811,1,1,3,"Sister",1,0,0,0,1,0
187,"8/03/99",1,630811,1,1,4,"Uncle",2,0,0,0,2,0
188,"8/03/99",1,630811,1,1,5,"Aunt",2,0,0,0,2,0
189,"8/03/99",1,630811,1,1,6,"Son",3,0,3,3,0,0
190,"8/03/99",1,630811,2,2,1,"Parents",1,0,1,1,0,0
191,"8/03/99",1,630811,2,2,2,"Brother",2,0,2,2,0,0
192,"8/03/99",1,630811,2,2,3,"Sister",2,0,2,2,0,0
193,"8/03/99",1,630811,2,2,4,"Uncle",4,4,4,4,0,0
194,"8/03/99",1,630811,2,2,5,"Aunt",1,0,1,1,0,0
195,"8/03/99",1,630811,2,2,6,"Son",3,0,3,3,0,0
196,"8/03/99",1,630811,2,2,7,"Daughter",3,0,3,3,0,0
197,"8/03/99",1,630911,1,1,1,"Parents",1,0,0,1,0,0
199,"8/03/99",1,630911,1,1,4,"Uncle",1,0,0,0,0,0
200,"8/03/99",1,630911,2,2,1,"Parents",1,0,1,1,0,0
201,"8/03/99",1,630911,2,2,2,"Brother",2,0,2,2,0,0
202,"8/03/99",1,630911,2,2,3,"Sister",2,0,2,2,0,0
203,"8/03/99",1,630911,2,2,4,"Uncle",4,0,4,4,0,0
882,"7/21/99",1,631011,1,1,2,"Brother",1,0,1,1,0,0
883,"7/21/99",1,631011,1,1,3,"Sister",1,0,1,1,0,0
884,"7/21/99",1,631011,1,1,7,"Daughter",1,0,0,1,0,0
885,"7/21/99",1,631011,2,2,1,"Parents",1,0,1,1,0,0
886,"7/21/99",1,631011,2,2,2,"Brother",1,0,0,0,1,0
887,"7/21/99",1,631011,2,2,3,"Sister",2,0,1,1,0,0
888,"7/21/99",1,631011,2,2,5,"Aunt",3,1,0,0,3,0
889,"7/21/99",1,631011,2,2,7,"Daughter",1,0,0,1,0,0
890,"7/21/99",1,631111,1,1,1,"Parents",1,0,0,0,1,0
891,"7/21/99",1,631111,1,1,2,"Brother",3,0,0,0,3,0
892,"7/21/99",1,631111,1,1,3,"Sister",3,0,0,0,3,0
893,"7/21/99",1,631111,1,1,4,"Uncle",1,0,0,0,1,0
894,"7/21/99",1,631111,1,1,7,"Daughter",2,0,0,1,1,0
895,"7/21/99",1,631111,1,2,2,"Brother",1,0,1,1,0,0
896,"7/21/99",1,631111,1,2,3,"Sister",2,0,0,2,0,0
897,"7/21/99",1,631111,1,2,4,"Uncle",1,0,1,1,0,0
898,"7/21/99",1,631111,1,2,5,"Aunt",1,0,0,1,0,0
899,"7/21/99",1,631111,1,2,7,"Daughter",2,0,0,1,1,0
900,"7/21/99",1,631211,1,1,2,"Brother",1,0,1,1,0,0
901,"7/21/99",1,631211,1,1,3,"Sister",3,1,1,1,0,0
902,"7/21/99",1,631211,1,1,6,"Son",2,0,2,2,0,0
903,"7/21/99",1,631211,1,1,7,"Daughter",3,0,1,2,1,0
904,"7/21/99",1,631211,2,2,4,"Uncle",1,1,0,1,0,0
905,"7/21/99",1,631211,2,2,6,"Son",2,0,2,2,0,0
906,"7/21/99",1,631211,2,2,7,"Daughter",3,0,1,2,1,0
406,"6/06/99",1,710111,1.79769313486232e+308,1,1,"Parents",2,0,2,2,0,0
407,"6/06/99",1,710111,1.79769313486232e+308,1,2,"Brother",3,0,3,0,0,0
403,"6/06/99",1,710111,1.79769313486232e+308,1,3,"Sister",1,0,1,0,0,0
404,"6/06/99",1,710111,1.79769313486232e+308,2,1,"Parents",2,0,2,0,0,0
405,"6/06/99",1,710111,1.79769313486232e+308,2,2,"Brother",2,0,2,0,0,0
406,"6/06/99",1,710111,1.79769313486232e+308,2,3,"Sister",4,0,2,2,0,0
407,"6/06/99",1,710111,1.79769313486232e+308,2,4,"Uncle",8,8,0,0,0,0
408,"6/06/99",1,710111,1.79769313486232e+308,2,5,"Aunt",3,0,0,0,0,0
514,"6/06/99",1,710141,1.79769313486232e+308,1,3,"Sister",1,1,0,0,0,0
515,"6/06/99",1,710141,1.79769313486232e+308,1,6,"Son",1,0,1,0,0,1
516,"6/06/99",1,710141,1.79769313486232e+308,1,7,"Daughter",1,0,0,0,0,0
517,"6/06/99",1,710141,1.79769313486232e+308,2,3,"Sister",1,0,1,0,0,0
518,"6/06/99",1,710141,1.79769313486232e+308,2,6,"Son",1,0,1,0,0,1
519,"6/06/99",1,710141,1.79769313486232e+308,2,7,"Daughter",1,0,0,0,0,0
546,"6/06/99",1,710151,1.79769313486232e+308,1,1,"Parents",1,1,1,0,0,0
547,"6/06/99",1,710151,1.79769313486232e+308,1,2,"Brother",3,3,3,0,0,0
548,"6/06/99",1,710151,1.79769313486232e+308,1,3,"Sister",5,5,0,5,0,5
549,"6/06/99",1,710151,1.79769313486232e+308,1,4,"Uncle",7,7,2,5,0,0
550,"6/06/99",1,710151,1.79769313486232e+308,1,5,"Aunt",3,3,0,1,0,0
551,"6/06/99",1,710151,1.79769313486232e+308,2,1,"Parents",1,0,0,1,0,1
552,"6/06/99",1,710151,1.79769313486232e+308,2,3,"Sister",5,5,0,5,0,0
553,"6/06/99",1,710151,1.79769313486232e+308,2,4,"Uncle",1,1,0,0,0,0
554,"6/06/99",1,710151,1.79769313486232e+308,2,5,"Aunt",9,9,0,2,0,0
409,"6/06/99",1,710211,1.79769313486232e+308,1,2,"Brother",2,0,2,0,0,0
410,"6/06/99",1,710211,1.79769313486232e+308,1,3,"Sister",1,0,1,0,0,0
411,"6/06/99",1,710211,1.79769313486232e+308,1,4,"Uncle",1,0,0,1,0,0
412,"6/06/99",1,710211,1.79769313486232e+308,1,5,"Aunt",1,0,0,1,0,0
413,"6/06/99",1,710211,1.79769313486232e+308,1,7,"Daughter",1,0,0,1,0,0
414,"6/06/99",1,710211,1.79769313486232e+308,2,1,"Parents",1,0,0,1,0,0
415,"6/06/99",1,710211,1.79769313486232e+308,2,2,"Brother",3,0,0,3,0,0
416,"6/06/99",1,710211,1.79769313486232e+308,2,3,"Sister",3,0,0,3,0,0
417,"6/06/99",1,710211,1.79769313486232e+308,2,4,"Uncle",3,3,0,3,0,0
418,"6/06/99",1,710211,1.79769313486232e+308,2,5,"Aunt",1,0,0,1,0,0
419,"6/06/99",1,710211,1.79769313486232e+308,2,7,"Daughter",1,0,0,1,0,0
520,"6/06/99",1,710241,1.79769313486232e+308,1,2,"Brother",4,4,4,0,0,0
521,"6/06/99",1,710241,1.79769313486232e+308,1,3,"Sister",1,0,1,0,0,0
522,"6/06/99",1,710241,1.79769313486232e+308,2,1,"Parents",2,0,0,2,0,0
523,"6/06/99",1,710241,1.79769313486232e+308,2,2,"Brother",5,0,0,5,0,0
524,"6/06/99",1,710241,1.79769313486232e+308,2,3,"Sister",2,0,0,1,0,0
555,"6/06/99",1,710251,1.79769313486232e+308,1,1,"Parents",1,1,1,0,0,1
556,"6/06/99",1,710251,1.79769313486232e+308,1,3,"Sister",1,0,1,0,0,0
557,"6/06/99",1,710251,1.79769313486232e+308,1,4,"Uncle",2,0,2,0,0,0
558,"6/06/99",1,710251,1.79769313486232e+308,1,5,"Aunt",1,0,1,0,0,0
559,"6/06/99",1,710251,1.79769313486232e+308,1,6,"Son",2,0,0,1,1,0
560,"6/06/99",1,710251,1.79769313486232e+308,1,7,"Daughter",1,0,0,0,1,0
561,"6/06/99",1,710251,1.79769313486232e+308,2,1,"Parents",1,0,0,1,0,0
562,"6/06/99",1,710251,1.79769313486232e+308,2,2,"Brother",5,0,0,5,0,0
563,"6/06/99",1,710251,1.79769313486232e+308,2,3,"Sister",2,0,0,2,0,0
564,"6/06/99",1,710251,1.79769313486232e+308,2,4,"Uncle",4,0,0,4,0,0
565,"6/06/99",1,710251,1.79769313486232e+308,2,5,"Aunt",9,0,0,9,0,0
566,"6/06/99",1,710251,1.79769313486232e+308,2,6,"Son",2,0,1,1,1,0
567,"6/06/99",1,710251,1.79769313486232e+308,2,7,"Daughter",1,0,0,0,1,0
420,"6/06/99",1,710311,1.79769313486232e+308,1,6,"Son",3,0,3,0,0,2
421,"6/06/99",1,710311,1.79769313486232e+308,1,7,"Daughter",3,0,1,2,0,0
422,"6/06/99",1,710311,1.79769313486232e+308,2,2,"Brother",1,0,1,0,0,0
423,"6/06/99",1,710311,1.79769313486232e+308,2,3,"Sister",1,0,1,0,0,0
424,"6/06/99",1,710311,1.79769313486232e+308,2,6,"Son",3,0,3,0,0,0
425,"6/06/99",1,710311,1.79769313486232e+308,2,7,"Daughter",3,0,1,2,0,0
568,"6/06/99",1,710351,1.79769313486232e+308,1,2,"Brother",4,4,4,0,0,4
569,"6/06/99",1,710351,1.79769313486232e+308,1,4,"Uncle",4,4,0,0,2,0
570,"6/06/99",1,710351,1.79769313486232e+308,1,5,"Aunt",2,2,1,1,0,0
571,"6/06/99",1,710351,1.79769313486232e+308,1,7,"Daughter",2,0,1,1,0,0
572,"6/06/99",1,710351,1.79769313486232e+308,2,1,"Parents",2,1,0,2,0,2
573,"6/06/99",1,710351,1.79769313486232e+308,2,2,"Brother",5,5,0,2,3,0
574,"6/06/99",1,710351,1.79769313486232e+308,2,3,"Sister",3,0,0,0,1,0
575,"6/06/99",1,710351,1.79769313486232e+308,2,4,"Uncle",3,3,0,0,1,0
576,"6/06/99",1,710351,1.79769313486232e+308,2,5,"Aunt",3,0,1,0,1,0
577,"6/06/99",1,710351,1.79769313486232e+308,2,7,"Daughter",2,0,1,1,0,0
426,"6/06/99",1,710411,1.79769313486232e+308,1,1,"Parents",1,0,1,0,0,1
427,"6/06/99",1,710411,1.79769313486232e+308,1,2,"Brother",2,0,1,1,0,0
428,"6/06/99",1,710411,1.79769313486232e+308,1,3,"Sister",2,0,0,1,1,0
429,"6/06/99",1,710411,1.79769313486232e+308,1,4,"Uncle",3,0,3,0,0,0
430,"6/06/99",1,710411,1.79769313486232e+308,2,1,"Parents",2,1,0,2,0,0
431,"6/06/99",1,710411,1.79769313486232e+308,2,2,"Brother",3,0,0,3,0,0
432,"6/06/99",1,710411,1.79769313486232e+308,2,3,"Sister",5,0,0,5,0,0
433,"6/06/99",1,710411,1.79769313486232e+308,2,4,"Uncle",5,4,0,5,0,0
434,"6/06/99",1,710411,1.79769313486232e+308,2,5,"Aunt",7,0,0,7,0,0
578,"6/06/99",1,710459,1.79769313486232e+308,1,3,"Sister",2,0,0,2,0,0
579,"6/06/99",1,710459,1.79769313486232e+308,1,7,"Daughter",2,0,1,1,0,0
580,"6/06/99",1,710459,1.79769313486232e+308,2,1,"Parents",1,0,1,0,0,0
581,"6/06/99",1,710459,1.79769313486232e+308,2,2,"Brother",2,0,2,0,0,0
582,"6/06/99",1,710459,1.79769313486232e+308,2,7,"Daughter",2,0,1,1,0,0
525,"6/06/99",1,710541,1.79769313486232e+308,1,1,"Parents",1,0,1,0,0,0
526,"6/06/99",1,710541,1.79769313486232e+308,1,2,"Brother",1,0,0,0,0,0
527,"6/06/99",1,710541,1.79769313486232e+308,1,3,"Sister",3,1,1,0,0,0
528,"6/06/99",1,710541,1.79769313486232e+308,1,5,"Aunt",1,1,1,0,0,0
529,"6/06/99",1,710541,1.79769313486232e+308,1,6,"Son",1,0,1,1,0,0
530,"6/06/99",1,710541,1.79769313486232e+308,1,7,"Daughter",1,0,1,1,0,0
531,"6/06/99",1,710541,1.79769313486232e+308,2,1,"Parents",1,0,0,0,0,0
532,"6/06/99",1,710541,1.79769313486232e+308,2,2,"Brother",2,2,0,0,0,0
533,"6/06/99",1,710541,1.79769313486232e+308,2,3,"Sister",6,0,0,0,0,0
534,"6/06/99",1,710541,1.79769313486232e+308,2,6,"Son",1,0,1,0,0,0
535,"6/06/99",1,710541,1.79769313486232e+308,2,7,"Daughter",1,0,1,1,0,0
536,"6/06/99",1,710542,1.79769313486232e+308,1,1,"Parents",2,0,2,0,0,0
537,"6/06/99",1,710542,1.79769313486232e+308,1,2,"Brother",2,0,2,0,0,1
538,"6/06/99",1,710542,1.79769313486232e+308,1,3,"Sister",4,0,2,2,0,0
539,"6/06/99",1,710542,1.79769313486232e+308,1,4,"Uncle",1,0,0,0,0,0
540,"6/06/99",1,710542,1.79769313486232e+308,1,5,"Aunt",3,1,1,0,0,0
541,"6/06/99",1,710542,1.79769313486232e+308,2,1,"Parents",2,0,2,0,0,0
542,"6/06/99",1,710542,1.79769313486232e+308,2,2,"Brother",2,0,2,0,0,0
543,"6/06/99",1,710542,1.79769313486232e+308,2,3,"Sister",4,0,2,1,1,0
544,"6/06/99",1,710542,1.79769313486232e+308,2,4,"Uncle",7,0,0,7,0,0
545,"6/06/99",1,710542,1.79769313486232e+308,2,5,"Aunt",3,0,0,3,0,0
435,"6/06/99",1,710611,1.79769313486232e+308,1,1,"Parents",1,0,1,0,0,1
436,"6/06/99",1,710611,1.79769313486232e+308,1,2,"Brother",1,0,0,0,1,0
437,"6/06/99",1,710611,1.79769313486232e+308,1,3,"Sister",1,0,0,0,1,0
438,"6/06/99",1,710611,1.79769313486232e+308,2,2,"Brother",2,0,0,2,0,0
439,"6/06/99",1,710611,1.79769313486232e+308,2,3,"Sister",1,0,0,1,0,0
440,"6/06/99",1,710711,1.79769313486232e+308,1,2,"Brother",8,0,8,0,0,0
441,"6/06/99",1,710711,1.79769313486232e+308,1,3,"Sister",2,0,2,0,0,0
442,"6/06/99",1,710711,1.79769313486232e+308,2,1,"Parents",2,0,0,0,0,0
443,"6/06/99",1,710711,1.79769313486232e+308,2,2,"Brother",4,0,0,0,0,0
444,"6/06/99",1,710711,1.79769313486232e+308,2,3,"Sister",3,0,0,0,0,0
445,"6/06/99",1,710711,1.79769313486232e+308,2,4,"Uncle",1,0,0,0,0,0
446,"6/06/99",1,710811,1.79769313486232e+308,1,2,"Brother",4,0,4,0,0,0
447,"6/06/99",1,710811,1.79769313486232e+308,1,3,"Sister",3,0,3,0,0,0
448,"6/06/99",1,710811,1.79769313486232e+308,1,4,"Uncle",3,0,3,0,0,0
449,"6/06/99",1,710811,1.79769313486232e+308,2,1,"Parents",1,0,0,0,0,0
450,"6/06/99",1,710811,1.79769313486232e+308,2,2,"Brother",2,0,0,0,0,0
451,"6/06/99",1,710811,1.79769313486232e+308,2,3,"Sister",4,0,0,0,0,0
452,"6/06/99",1,710911,1.79769313486232e+308,1,2,"Brother",1,1,0,1,0,1
453,"6/06/99",1,710911,1.79769313486232e+308,1,3,"Sister",1,1,0,1,0,0
454,"6/06/99",1,710911,1.79769313486232e+308,1,6,"Son",1,0,1,0,0,1
455,"6/06/99",1,710911,1.79769313486232e+308,1,7,"Daughter",1,0,1,0,0,0
456,"6/06/99",1,710912,1.79769313486232e+308,1,1,"Parents",1,0,1,0,0,0
457,"6/06/99",1,710912,1.79769313486232e+308,1,2,"Brother",3,0,3,0,0,2
458,"6/06/99",1,710912,1.79769313486232e+308,1,3,"Sister",2,0,2,0,0,0
459,"6/06/99",1,710912,1.79769313486232e+308,1,4,"Uncle",3,3,2,1,0,0
460,"6/06/99",1,710912,1.79769313486232e+308,1,5,"Aunt",1,1,0,1,0,0
461,"6/06/99",1,710912,1.79769313486232e+308,2,1,"Parents",2,1,0,2,0,0
462,"6/06/99",1,710912,1.79769313486232e+308,2,2,"Brother",5,0,0,5,0,0
463,"6/06/99",1,710912,1.79769313486232e+308,2,4,"Uncle",6,6,0,6,0,0
464,"6/06/99",1,710912,1.79769313486232e+308,2,5,"Aunt",5,0,0,5,0,0
465,"6/06/99",1,711011,1.79769313486232e+308,1,1,"Parents",1,0,1,0,0,1
466,"6/06/99",1,711011,1.79769313486232e+308,1,2,"Brother",1,0,1,0,0,1
467,"6/06/99",1,711011,1.79769313486232e+308,1,3,"Sister",3,0,3,0,0,0
468,"6/06/99",1,711011,1.79769313486232e+308,1,6,"Son",1,0,0,1,0,0
469,"6/06/99",1,711011,1.79769313486232e+308,1,7,"Daughter",1,0,1,0,0,0
470,"6/06/99",1,711111,1.79769313486232e+308,1,2,"Brother",4,4,0,0,0,0
471,"6/06/99",1,711111,1.79769313486232e+308,1,3,"Sister",4,4,0,0,0,0
472,"6/06/99",1,711111,1.79769313486232e+308,1,4,"Uncle",3,3,0,0,0,0
473,"6/06/99",1,711111,1.79769313486232e+308,1,5,"Aunt",1,1,0,0,0,0
474,"6/06/99",1,711111,1.79769313486232e+308,1,7,"Daughter",1,0,0,1,0,0
475,"6/06/99",1,711111,1.79769313486232e+308,2,1,"Parents",1,0,0,1,0,1
476,"6/06/99",1,711111,1.79769313486232e+308,2,2,"Brother",3,0,0,3,0,0
477,"6/06/99",1,711111,1.79769313486232e+308,2,3,"Sister",1,0,0,1,0,0
478,"6/06/99",1,711111,1.79769313486232e+308,2,4,"Uncle",1,0,0,1,0,0
479,"6/06/99",1,711111,1.79769313486232e+308,2,5,"Aunt",1,0,0,1,0,0
480,"6/06/99",1,711111,1.79769313486232e+308,2,7,"Daughter",1,0,0,1,0,0
481,"6/06/99",1,711211,1,1,7,"Daughter",1,0,0,1,0,0
482,"6/06/99",1,711211,1.79769313486232e+308,2,2,"Brother",1,0,0,1,0,0
483,"6/06/99",1,711211,1.79769313486232e+308,2,4,"Uncle",1,0,0,0,0,0
484,"6/06/99",1,711211,1.79769313486232e+308,2,7,"Daughter",1,0,0,1,0,0
485,"6/06/99",1,711311,1.79769313486232e+308,1,1,"Parents",1,0,1,0,0,0
486,"6/06/99",1,711311,1.79769313486232e+308,1,2,"Brother",3,0,3,0,0,3
487,"6/06/99",1,711311,1.79769313486232e+308,1,3,"Sister",1,0,0,0,0,1
488,"6/06/99",1,711311,1.79769313486232e+308,1,5,"Aunt",1,0,0,0,0,0
489,"6/06/99",1,711311,1.79769313486232e+308,1,7,"Daughter",1,0,0,0,1,0
490,"6/06/99",1,711311,1.79769313486232e+308,2,1,"Parents",1,0,1,0,0,0
491,"6/06/99",1,711311,1.79769313486232e+308,2,2,"Brother",2,0,2,0,0,0
492,"6/06/99",1,711311,1.79769313486232e+308,2,3,"Sister",1,0,0,0,0,0
493,"6/06/99",1,711311,1.79769313486232e+308,2,4,"Uncle",1,0,0,0,0,0
494,"6/06/99",1,711311,1.79769313486232e+308,2,5,"Aunt",1,1,0,0,0,0
495,"6/06/99",1,711311,1.79769313486232e+308,2,7,"Daughter",1,0,0,0,1,0
496,"6/06/99",1,711411,1.79769313486232e+308,1,1,"Parents",1,0,1,0,0,1
497,"6/06/99",1,711411,1.79769313486232e+308,1,2,"Brother",2,0,1,1,0,1
498,"6/06/99",1,711411,1.79769313486232e+308,1,3,"Sister",3,0,2,1,0,0
499,"6/06/99",1,711411,1.79769313486232e+308,1,4,"Uncle",6,1,6,0,0,0
500,"6/06/99",1,711411,1.79769313486232e+308,1,5,"Aunt",9,0,0,9,0,0
501,"6/06/99",1,711411,1.79769313486232e+308,1,7,"Daughter",1,0,1,0,0,0
502,"6/06/99",1,711411,1.79769313486232e+308,2,1,"Parents",2,0,0,2,0,2
503,"6/06/99",1,711411,1.79769313486232e+308,2,2,"Brother",3,0,0,3,0,0
504,"6/06/99",1,711411,1.79769313486232e+308,2,3,"Sister",2,0,0,2,0,0
505,"6/06/99",1,711411,1.79769313486232e+308,2,4,"Uncle",9,9,0,9,0,0
506,"6/06/99",1,711411,1.79769313486232e+308,2,5,"Aunt",3,0,0,3,0,0
507,"6/06/99",1,711411,1.79769313486232e+308,2,7,"Daughter",1,0,1,0,0,0
508,"6/06/99",1,711412,1,1,1,"Parents",1,0,1,0,0,1
509,"6/06/99",1,711412,1,1,2,"Brother",3,0,2,1,0,3
510,"6/06/99",1,711412,1,1,3,"Sister",2,0,1,1,0,0
511,"6/06/99",1,711412,1,1,4,"Uncle",6,1,6,0,0,0
512,"6/06/99",1,711412,1,1,5,"Aunt",9,0,0,9,0,0
513,"6/06/99",1,711412,1,1,6,"Son",1,0,1,0,0,1
797,"6/09/99",1,720111,1,1,2,"Brother",3,3,3,0,0,0
798,"6/17/99",1,720111,1,1,3,"Sister",1,0,1,0,0,0
799,"6/17/99",1,720111,1,1,4,"Uncle",1,0,0,1,0,0
800,"6/17/99",1,720111,1,1,5,"Aunt",2,0,1,1,0,0
801,"6/17/99",1,720111,1,2,2,"Brother",3,0,0,3,0,0
802,"6/17/99",1,720111,1,2,3,"Sister",3,0,0,3,0,0
803,"6/17/99",1,720111,1,2,5,"Aunt",1,0,0,1,0,0
944,"6/17/99",1,720141,1,1,5,"Aunt",2,2,1,1,0,0
945,"6/17/99",1,720141,1,2,2,"Brother",3,0,0,3,0,0
946,"6/17/99",1,720141,1,2,3,"Sister",1,1,0,1,0,0
947,"6/17/99",1,720141,1,2,4,"Uncle",1,1,0,1,0,0
948,"6/17/99",1,720141,1,2,5,"Aunt",2,2,0,2,0,0
964,"6/17/99",1,720151,1,1,3,"Sister",1,0,0,1,0,0
965,"6/17/99",1,720151,1,1,6,"Son",4,0,4,0,0,0
966,"6/17/99",1,720151,1,1,7,"Daughter",3,0,1,0,0,0
967,"6/17/99",1,720151,1,2,6,"Son",4,0,4,0,0,0
968,"6/17/99",1,720151,1,2,7,"Daughter",3,0,1,0,0,0
804,"6/17/99",1,720212,1,1,1,"Parents",2,0,0,1,0,0
805,"6/17/99",1,720212,1,1,2,"Brother",1,0,0,0,1,0
806,"6/17/99",1,720212,1,1,3,"Sister",3,0,1,2,0,0
807,"6/17/99",1,720212,1,1,4,"Uncle",7,7,2,5,0,0
808,"6/17/99",1,720212,1,1,5,"Aunt",5,0,0,5,0,0
809,"6/17/99",1,720212,1,2,1,"Parents",2,1,0,0,0,2
810,"6/17/99",1,720212,1,2,2,"Brother",7,0,0,0,0,0
811,"6/17/99",1,720212,1,2,3,"Sister",1,0,0,0,0,0
812,"6/17/99",1,720212,1,2,4,"Uncle",5,5,0,1,0,0
813,"6/17/99",1,720212,1,2,5,"Aunt",6,0,0,4,0,0
949,"6/17/99",1,720241,2,1,3,"Sister",1,0,0,0,0,0
950,"6/17/99",1,720241,2,1,4,"Uncle",1,1,1,0,0,0
951,"6/17/99",1,720241,2,2,2,"Brother",1,0,0,1,0,0
952,"6/17/99",1,720241,2,2,3,"Sister",3,0,0,2,0,0
953,"6/17/99",1,720241,2,2,5,"Aunt",1,0,1,0,0,0
969,"6/17/99",1,720251,1,1,1,"Parents",1,0,0,0,0,0
970,"6/17/99",1,720251,1,1,3,"Sister",1,0,0,0,1,0
971,"6/17/99",1,720251,1,1,4,"Uncle",1,1,0,0,0,0
972,"6/17/99",1,720251,1,2,2,"Brother",2,2,2,0,0,1
973,"6/17/99",1,720251,1,2,3,"Sister",3,0,1,2,0,0
814,"6/17/99",1,720311,1,1,1,"Parents",1,0,1,0,0,0
815,"6/17/99",1,720311,1,1,2,"Brother",2,1,1,0,0,0
816,"6/17/99",1,720311,1,1,3,"Sister",1,0,0,1,0,0
817,"6/17/99",1,720311,1,1,5,"Aunt",1,1,0,0,0,0
818,"6/17/99",1,720311,1,1,6,"Son",5,0,5,0,0,3
819,"6/17/99",1,720311,1,2,1,"Parents",1,1,0,0,0,0
820,"6/17/99",1,720311,1,2,2,"Brother",4,0,0,0,0,0
821,"6/17/99",1,720311,1,2,3,"Sister",3,0,0,0,0,0
822,"6/17/99",1,720311,1,2,4,"Uncle",1,1,0,0,0,0
823,"6/17/99",1,720311,1,2,6,"Son",5,0,5,0,0,3
824,"6/17/99",1,720312,1,1,1,"Parents",2,1,2,0,0,2
825,"6/17/99",1,720312,1,1,2,"Brother",4,0,4,0,0,0
826,"6/17/99",1,720312,1,1,4,"Uncle",6,6,2,0,0,0
827,"6/17/99",1,720312,1,1,5,"Aunt",4,0,0,4,0,0
828,"6/17/99",1,720312,1,1,6,"Son",1,0,1,0,0,0
829,"6/17/99",1,720312,1,1,7,"Daughter",1,0,1,0,0,0
830,"6/17/99",1,720312,1,2,1,"Parents",2,1,0,2,0,2
831,"6/17/99",1,720312,1,2,2,"Brother",6,0,0,6,0,0
832,"6/17/99",1,720312,1,2,3,"Sister",2,0,0,1,0,0
833,"6/17/99",1,720312,1,2,4,"Uncle",4,4,0,4,0,0
834,"6/17/99",1,720312,1,2,5,"Aunt",5,0,0,5,0,0
835,"6/17/99",1,720312,1,2,6,"Son",1,0,1,0,0,0
836,"6/17/99",1,720312,1,2,7,"Daughter",1,0,1,0,0,0
837,"6/17/99",1,720313,1,1,1,"Parents",2,1,2,0,0,2
838,"6/17/99",1,720313,1,1,2,"Brother",4,0,4,0,0,1
839,"6/17/99",1,720313,1,1,4,"Uncle",6,6,2,0,0,0
840,"6/17/99",1,720313,1,1,5,"Aunt",4,0,0,4,0,0
841,"6/17/99",1,720313,1,2,1,"Parents",2,1,2,0,0,2
842,"6/17/99",1,720313,1,2,2,"Brother",1,0,1,0,0,0
843,"6/17/99",1,720313,1,2,3,"Sister",2,0,2,0,0,0
844,"6/17/99",1,720313,1,2,4,"Uncle",3,3,3,0,0,0
845,"6/17/99",1,720313,1,2,5,"Aunt",4,0,4,0,0,0
974,"6/17/99",1,720351,1,1,2,"Brother",1,0,1,0,0,0
975,"6/17/99",1,720351,1,1,3,"Sister",2,2,2,0,0,0
976,"6/17/99",1,720351,1,1,6,"Son",3,0,2,0,0,2
977,"6/17/99",1,720351,1,1,7,"Daughter",1,0,1,0,0,0
978,"6/17/99",1,720351,1,2,2,"Brother",3,0,0,2,0,0
979,"6/17/99",1,720351,1,2,3,"Sister",4,0,2,0,0,0
980,"6/17/99",1,720351,1,2,5,"Aunt",1,0,0,1,0,0
981,"6/17/99",1,720351,1,2,6,"Son",3,0,2,0,0,2
982,"6/17/99",1,720351,1,2,7,"Daughter",1,0,1,0,0,0
846,"6/17/99",1,720411,1,1,2,"Brother",2,0,2,0,0,0
847,"6/17/99",1,720411,1,1,3,"Sister",1,0,1,0,0,0
848,"6/17/99",1,720411,1,1,4,"Uncle",1,0,0,0,0,0
849,"6/17/99",1,720411,1,2,2,"Brother",3,0,3,0,0,0
850,"6/17/99",1,720411,1,2,3,"Sister",4,0,2,0,0,0
851,"6/17/99",1,720411,1,2,5,"Aunt",1,0,0,0,0,0
852,"6/17/99",1,720412,1,1,1,"Parents",2,0,2,0,0,2
853,"6/17/99",1,720412,1,1,2,"Brother",2,0,2,0,0,2
854,"6/17/99",1,720412,1,1,3,"Sister",1,0,1,0,0,0
855,"6/17/99",1,720412,1,1,4,"Uncle",5,3,5,0,0,0
856,"6/17/99",1,720412,1,1,5,"Aunt",5,0,2,3,0,0
857,"6/17/99",1,720412,1,2,1,"Parents",2,1,0,0,0,0
858,"6/17/99",1,720412,1,2,2,"Brother",2,0,0,0,0,0
859,"6/17/99",1,720412,1,2,3,"Sister",2,0,0,0,0,0
860,"6/17/99",1,720412,1,2,4,"Uncle",4,0,0,0,0,0
861,"6/17/99",1,720412,1,2,5,"Aunt",5,0,0,0,0,0
954,"6/17/99",1,720441,1,1,2,"Brother",2,0,2,0,0,0
955,"6/17/99",1,720441,1,1,7,"Daughter",1,0,0,0,0,0
956,"6/17/99",1,720441,1,2,2,"Brother",3,3,0,0,0,0
957,"6/17/99",1,720441,1,2,3,"Sister",1,0,0,0,0,0
958,"6/17/99",1,720441,1,2,4,"Uncle",3,0,0,0,0,0
959,"6/17/99",1,720441,1,2,7,"Daughter",1,0,0,0,0,0
983,"6/17/99",1,720459,1,2,2,"Brother",4,4,0,4,0,0
984,"6/17/99",1,720459,1,2,3,"Sister",4,0,0,4,0,0
862,"6/17/99",1,720511,2,1,1,"Parents",1,0,1,0,0,1
863,"6/17/99",1,720511,2,1,2,"Brother",2,0,2,0,0,1
864,"6/17/99",1,720511,2,1,3,"Sister",1,0,1,0,0,0
865,"6/17/99",1,720511,2,1,4,"Uncle",5,0,0,5,0,0
866,"6/17/99",1,720511,2,1,5,"Aunt",2,0,0,2,0,0
867,"6/17/99",1,720611,1,1,1,"Parents",2,1,2,0,0,0
868,"6/17/99",1,720611,1,1,2,"Brother",7,0,7,0,0,0
869,"6/17/99",1,720611,1,1,3,"Sister",3,0,2,0,0,0
870,"6/17/99",1,720611,1,1,4,"Uncle",4,4,0,4,0,0
871,"6/17/99",1,720611,1,1,5,"Aunt",5,0,0,5,0,0
872,"6/17/99",1,720611,1,2,1,"Parents",2,1,0,2,0,2
873,"6/17/99",1,720611,1,2,2,"Brother",3,3,0,3,0,2
874,"6/17/99",1,720611,1,2,3,"Sister",2,0,0,2,0,0
875,"6/17/99",1,720611,1,2,5,"Aunt",1,1,0,1,0,0
960,"6/17/99",1,720641,1,1,2,"Brother",3,0,3,0,0,0
961,"6/17/99",1,720641,1,1,4,"Uncle",2,2,0,2,0,0
962,"6/17/99",1,720641,1,2,2,"Brother",2,0,0,2,0,0
963,"6/17/99",1,720641,1,2,3,"Sister",2,0,0,1,0,0
876,"6/17/99",1,720711,1,1,2,"Brother",2,0,1,0,0,0
877,"6/17/99",1,720711,1,1,3,"Sister",5,0,1,2,0,0
878,"6/17/99",1,720711,1,1,6,"Son",2,0,2,0,0,0
879,"6/17/99",1,720711,1,1,7,"Daughter",1,0,1,0,0,0
880,"6/17/99",1,720711,1,2,1,"Parents",2,1,0,2,0,0
881,"6/17/99",1,720711,1,2,2,"Brother",1,0,0,1,0,0
882,"6/17/99",1,720711,1,2,3,"Sister",2,0,0,2,0,0
883,"6/17/99",1,720711,1,2,4,"Uncle",4,4,0,3,0,0
884,"6/17/99",1,720711,1,2,5,"Aunt",2,0,0,0,0,0
885,"6/17/99",1,720711,1,2,6,"Son",2,0,2,0,0,0
886,"6/17/99",1,720711,1,2,7,"Daughter",1,0,1,0,0,0
887,"6/17/99",1,720811,1,1,1,"Parents",1,0,0,0,0,0
888,"6/17/99",1,720811,1,1,2,"Brother",4,0,0,0,0,0
889,"6/17/99",1,720811,1,1,3,"Sister",2,0,0,0,0,0
890,"6/17/99",1,720811,1,1,5,"Aunt",1,0,0,0,0,0
891,"6/17/99",1,720811,1,1,6,"Son",1,0,1,0,0,1
892,"6/17/99",1,720811,1,1,7,"Daughter",1,0,1,0,0,0
893,"6/17/99",1,720812,1,1,1,"Parents",1,0,1,0,0,1
894,"6/17/99",1,720812,1,1,2,"Brother",3,0,3,0,0,1
895,"6/17/99",1,720812,1,1,3,"Sister",1,0,1,0,0,0
896,"6/17/99",1,720812,1,1,4,"Uncle",4,0,4,0,0,0
897,"6/17/99",1,720812,1,1,5,"Aunt",4,0,4,2,0,0
898,"6/17/99",1,720812,1,2,1,"Parents",2,0,0,0,0,2
899,"6/17/99",1,720812,1,2,2,"Brother",2,0,0,0,0,0
900,"6/17/99",1,720812,1,2,3,"Sister",3,0,0,0,0,0
901,"6/17/99",1,720812,1,2,4,"Uncle",3,3,0,0,0,0
902,"6/17/99",1,720812,1,2,5,"Aunt",4,0,2,0,0,0
903,"6/17/99",1,720911,2,1,2,"Brother",1,0,1,0,0,0
904,"6/17/99",1,720911,2,1,3,"Sister",5,0,2,1,0,0
905,"6/17/99",1,720911,2,2,1,"Parents",2,0,0,0,0,0
906,"6/17/99",1,720911,2,2,2,"Brother",2,0,0,0,0,0
907,"6/17/99",1,720911,2,2,3,"Sister",1,0,0,0,0,0
908,"6/17/99",1,720911,2,2,4,"Uncle",3,2,0,0,0,0
909,"6/17/99",1,720911,2,2,5,"Aunt",2,0,0,2,0,0
910,"6/17/99",1,721011,1,1,2,"Brother",2,0,0,2,0,0
911,"6/17/99",1,721011,1,1,3,"Sister",3,0,0,3,0,0
912,"6/17/99",1,721011,1,2,3,"Sister",1,0,1,0,0,0
913,"6/17/99",1,721011,1,2,5,"Aunt",2,2,0,2,0,0
914,"6/17/99",1,721111,1,1,2,"Brother",4,0,4,0,0,0
915,"6/17/99",1,721111,1,1,3,"Sister",2,0,0,2,0,0
916,"6/17/99",1,721111,1,2,1,"Parents",1,0,0,1,0,0
917,"6/17/99",1,721111,1,2,2,"Brother",4,0,0,4,0,0
918,"6/17/99",1,721111,1,2,3,"Sister",2,0,0,2,0,0
919,"6/17/99",1,721111,1,2,4,"Uncle",3,1,0,3,0,0
920,"6/17/99",1,721111,1,2,5,"Aunt",3,0,0,3,0,0
921,"6/17/99",1,721211,1,1,2,"Brother",2,1,1,1,0,1
922,"6/17/99",1,721211,1,1,3,"Sister",1,0,0,1,0,1
923,"6/17/99",1,721211,1,1,6,"Son",3,0,2,0,0,0
924,"6/17/99",1,721211,1,1,7,"Daughter",2,0,1,1,0,1
925,"6/17/99",1,721211,1,2,1,"Parents",1,0,0,1,0,0
926,"6/17/99",1,721211,1,2,2,"Brother",2,2,0,1,0,2
927,"6/17/99",1,721211,1,2,3,"Sister",5,0,0,5,0,0
928,"6/17/99",1,721211,1,2,6,"Son",1,0,0,1,0,0
929,"6/17/99",1,721211,1,2,7,"Daughter",2,0,1,1,0,1
930,"6/17/99",1,721311,1,1,1,"Parents",2,0,2,0,0,0
931,"6/17/99",1,721311,1,1,2,"Brother",2,0,1,0,0,0
932,"6/17/99",1,721311,1,1,4,"Uncle",1,1,1,0,0,0
933,"6/17/99",1,721311,1,2,1,"Parents",2,1,2,0,0,0
934,"6/17/99",1,721311,1,2,3,"Sister",4,0,3,1,0,0
935,"6/17/99",1,721311,1,2,5,"Aunt",2,0,2,0,0,0
936,"6/17/99",1,721411,1,1,2,"Brother",1,0,1,0,0,0
937,"6/17/99",1,721411,1,1,3,"Sister",1,0,1,0,0,0
938,"6/17/99",1,721411,1,1,4,"Uncle",1,0,1,0,0,0
939,"6/17/99",1,721411,1,1,5,"Aunt",1,0,0,1,0,0
940,"6/17/99",1,721411,1,1,7,"Daughter",1,0,0,1,0,0
941,"6/17/99",1,721411,1,2,2,"Brother",4,1,0,4,0,0
942,"6/17/99",1,721411,1,2,3,"Sister",2,0,0,2,0,0
943,"6/17/99",1,721411,1,2,7,"Daughter",1,0,0,1,0,0
316,"8/04/99",1,730111,1,1,1,"Parents",1,0,1,1,0,0
317,"8/08/99",1,730111,1,1,2,"Brother",2,0,2,2,0,0
318,"8/08/99",1,730111,1,1,3,"Sister",1,0,1,1,0,0
319,"8/08/99",1,730111,1,1,4,"Uncle",2,0,0,2,0,0
320,"8/08/99",1,730111,1,1,7,"Daughter",1,0,0,1,0,0
321,"8/08/99",1,730111,1,2,2,"Brother",3,3,0,3,0,0
322,"8/08/99",1,730111,1,2,3,"Sister",2,0,0,1,0,0
323,"8/08/99",1,730111,1,2,7,"Daughter",1,0,0,1,0,0
496,"8/08/99",1,730141,2,1,1,"Parents",1,0,1,1,0,0
497,"8/08/99",1,730141,2,1,2,"Brother",1,0,1,1,0,0
498,"8/08/99",1,730141,2,1,3,"Sister",2,0,0,2,0,0
499,"8/08/99",1,730141,2,1,4,"Uncle",2,0,1,1,0,0
500,"8/08/99",1,730141,2,2,1,"Parents",2,0,0,2,0,0
501,"8/08/99",1,730141,2,2,2,"Brother",5,0,0,5,0,0
502,"8/08/99",1,730141,2,2,3,"Sister",2,0,0,2,0,0
503,"8/08/99",1,730141,2,2,4,"Uncle",9,9,0,9,0,0
504,"8/08/99",1,730141,2,2,5,"Aunt",9,0,0,9,0,0
564,"8/08/99",1,730151,3,1,3,"Sister",1,0,0,1,0,0
565,"8/08/99",1,730151,3,1,4,"Uncle",6,0,0,6,0,0
566,"8/08/99",1,730151,3,1,5,"Aunt",1,0,0,1,0,0
567,"8/08/99",1,730151,3,2,1,"Parents",2,1,0,0,0,1
568,"8/08/99",1,730151,3,2,2,"Brother",3,0,0,0,0,0
569,"8/08/99",1,730151,3,2,3,"Sister",2,0,0,0,0,0
570,"8/08/99",1,730151,3,2,4,"Uncle",7,0,0,0,0,0
324,"8/08/99",1,730211,1,1,2,"Brother",2,0,2,2,0,0
325,"8/08/99",1,730211,1,1,3,"Sister",1,0,1,1,0,0
326,"8/08/99",1,730211,1,1,4,"Uncle",2,0,0,2,0,0
327,"8/08/99",1,730211,1,2,1,"Parents",1,0,0,1,0,0
328,"8/08/99",1,730211,1,2,2,"Brother",5,0,0,5,0,0
329,"8/08/99",1,730211,1,2,3,"Sister",5,0,0,5,0,0
330,"8/08/99",1,730211,1,2,4,"Uncle",8,0,0,8,0,0
331,"8/08/99",1,730211,1,2,5,"Aunt",8,0,0,8,0,0
505,"8/08/99",1,730241,1,1,1,"Parents",1,0,1,1,0,0
506,"8/08/99",1,730241,1,1,2,"Brother",9,0,9,9,0,0
507,"8/08/99",1,730241,1,1,3,"Sister",3,0,2,2,0,0
508,"8/08/99",1,730241,1,1,4,"Uncle",1,0,0,1,0,0
509,"8/08/99",1,730241,1,1,5,"Aunt",4,0,0,1,0,0
510,"8/08/99",1,730241,1,2,2,"Brother",3,0,0,3,0,0
511,"8/08/99",1,730241,1,2,4,"Uncle",3,1,0,3,0,0
512,"8/08/99",1,730241,1,2,5,"Aunt",2,0,0,2,0,0
571,"8/08/99",1,730251,1,1,2,"Brother",4,4,4,4,0,4
572,"8/08/99",1,730251,1,1,3,"Sister",3,0,0,2,0,0
573,"8/08/99",1,730251,1,1,4,"Uncle",4,2,2,2,0,0
574,"8/08/99",1,730251,1,1,5,"Aunt",3,0,0,3,0,0
575,"8/08/99",1,730251,1,2,1,"Parents",1,0,0,1,0,0
576,"8/08/99",1,730251,1,2,2,"Brother",2,0,0,2,0,0
577,"8/08/99",1,730251,1,2,3,"Sister",3,0,0,3,0,0
578,"8/08/99",1,730251,1,2,5,"Aunt",1,0,0,0,0,0
332,"8/08/99",1,730311,1,1,2,"Brother",2,1,2,2,0,0
333,"8/08/99",1,730311,1,1,3,"Sister",1,0,1,1,0,0
334,"8/08/99",1,730311,1,1,6,"Son",1,0,1,1,0,0
335,"8/08/99",1,730311,1,2,1,"Parents",2,0,0,2,0,0
336,"8/08/99",1,730311,1,2,2,"Brother",2,0,0,2,0,0
337,"8/08/99",1,730311,1,2,3,"Sister",1,0,0,0,1,0
338,"8/08/99",1,730311,1,2,4,"Uncle",7,6,0,7,0,0
339,"8/08/99",1,730311,1,2,5,"Aunt",2,0,0,2,0,0
340,"8/08/99",1,730311,1,2,6,"Son",1,0,1,1,0,0
513,"8/08/99",1,730341,2,1,1,"Parents",1,0,1,1,0,0
514,"8/08/99",1,730341,2,1,2,"Brother",6,0,6,6,0,0
515,"8/08/99",1,730341,2,1,3,"Sister",3,0,1,2,0,0
516,"8/08/99",1,730341,2,1,4,"Uncle",3,0,3,3,0,0
517,"8/08/99",1,730341,2,1,5,"Aunt",1,0,0,1,0,0
518,"8/08/99",1,730341,2,2,1,"Parents",1,0,0,0,0,0
519,"8/08/99",1,730341,2,2,2,"Brother",1,0,0,0,0,0
520,"8/08/99",1,730341,2,2,3,"Sister",2,0,0,0,0,0
521,"8/08/99",1,730341,2,2,4,"Uncle",1,0,0,0,0,0
579,"8/08/99",1,730351,1,1,2,"Brother",6,6,6,6,0,6
580,"8/08/99",1,730351,1,1,3,"Sister",7,0,0,1,0,0
581,"8/08/99",1,730351,1,1,4,"Uncle",1,1,1,1,0,1
582,"8/08/99",1,730351,1,1,5,"Aunt",3,0,0,0,0,0
583,"8/08/99",1,730351,1,2,1,"Parents",2,1,2,2,0,2
584,"8/08/99",1,730351,1,2,2,"Brother",3,0,3,3,0,0
585,"8/08/99",1,730351,1,2,4,"Uncle",7,1,1,1,0,0
586,"8/08/99",1,730351,1,2,5,"Aunt",2,0,1,1,0,0
341,"8/08/99",1,730411,1,1,1,"Parents",1,0,0,1,0,0
342,"8/08/99",1,730411,1,1,2,"Brother",2,0,2,2,0,2
343,"8/08/99",1,730411,1,1,3,"Sister",3,0,0,3,0,0
344,"8/08/99",1,730411,1,1,4,"Uncle",2,2,2,2,0,0
345,"8/08/99",1,730411,1,1,5,"Aunt",3,0,0,3,0,0
346,"8/08/99",1,730411,2,2,1,"Parents",1,0,0,1,0,1
347,"8/08/99",1,730411,2,2,2,"Brother",3,0,0,3,0,0
348,"8/08/99",1,730411,2,2,3,"Sister",2,0,0,2,0,0
349,"8/08/99",1,730411,2,2,4,"Uncle",6,0,0,6,0,0
350,"8/08/99",1,730411,2,2,5,"Aunt",3,0,0,3,0,0
522,"8/08/99",1,730441,1,1,2,"Brother",4,0,4,4,0,0
523,"8/08/99",1,730441,1,1,3,"Sister",2,0,1,1,0,0
524,"8/08/99",1,730441,1,1,4,"Uncle",3,0,2,2,0,0
525,"8/08/99",1,730441,1,1,5,"Aunt",3,0,0,0,0,0
526,"8/08/99",1,730441,1,2,1,"Parents",1,0,0,1,0,1
527,"8/08/99",1,730441,1,2,2,"Brother",4,0,0,4,0,0
528,"8/08/99",1,730441,1,2,3,"Sister",3,0,0,3,0,0
529,"8/08/99",1,730441,1,2,4,"Uncle",1,0,0,1,0,0
587,"8/08/99",1,730459,1,1,2,"Brother",4,4,4,4,0,4
588,"8/08/99",1,730459,1,1,3,"Sister",3,0,0,2,0,0
589,"8/08/99",1,730459,1,1,4,"Uncle",4,2,2,2,0,0
590,"8/08/99",1,730459,1,1,5,"Sister",3,0,0,3,0,0
591,"8/08/99",1,730459,1,2,1,"Parents",2,1,0,2,0,1
592,"8/08/99",1,730459,1,2,2,"Brother",3,0,0,3,0,0
593,"8/08/99",1,730459,1,2,3,"Sister",4,0,0,1,0,0
594,"8/08/99",1,730459,1,2,4,"Uncle",4,0,1,3,0,0
595,"8/08/99",1,730459,1,2,5,"Aunt",7,0,0,7,0,0
351,"8/08/99",1,730511,2,1,1,"Parents",2,0,2,2,0,0
352,"8/08/99",1,730511,2,1,2,"Brother",8,0,8,8,0,0
353,"8/08/99",1,730511,2,1,3,"Sister",7,0,0,7,0,0
354,"8/08/99",1,730511,2,1,4,"Uncle",2,1,1,1,0,0
355,"8/08/99",1,730511,2,1,5,"Aunt",1,0,1,1,0,0
356,"8/08/99",1,730511,2,1,7,"Daughter",1,0,0,1,0,0
357,"8/08/99",1,730511,2,2,1,"Parents",2,0,0,2,0,0
358,"8/08/99",1,730511,2,2,2,"Brother",2,0,0,2,0,0
359,"8/08/99",1,730511,2,2,3,"Sister",4,0,1,3,0,0
360,"8/08/99",1,730511,2,2,4,"Uncle",5,0,0,5,0,0
361,"8/08/99",1,730511,2,2,5,"Aunt",2,0,0,2,0,0
362,"8/08/99",1,730511,2,2,7,"Daughter",1,0,0,1,0,0
530,"8/08/99",1,730541,1,1,1,"Parents",1,0,1,1,0,0
531,"8/08/99",1,730541,1,1,2,"Brother",4,0,4,4,0,0
532,"8/08/99",1,730541,1,1,3,"Sister",2,0,1,1,0,0
533,"8/08/99",1,730541,1,1,4,"Uncle",3,0,2,2,0,0
534,"8/08/99",1,730541,1,1,5,"Aunt",4,0,0,4,0,0
535,"8/08/99",1,730541,1,2,1,"Parents",2,0,0,0,0,0
536,"8/08/99",1,730541,1,2,2,"Brother",3,0,0,0,0,0
537,"8/08/99",1,730541,1,2,3,"Sister",1,0,0,0,0,0
538,"8/08/99",1,730541,1,2,4,"Uncle",2,0,0,1,0,0
539,"8/08/99",1,730541,1,2,5,"Aunt",5,0,0,0,5,0
363,"8/08/99",1,730611,1,1,6,"Son",1,0,1,1,0,1
364,"8/08/99",1,730611,1,1,7,"Daughter",3,0,0,3,0,0
365,"8/08/99",1,730611,1,2,2,"Brother",4,0,0,4,0,0
366,"8/08/99",1,730611,1,2,3,"Sister",3,0,0,3,0,0
367,"8/08/99",1,730611,1,2,4,"Uncle",1,0,0,0,0,0
368,"8/08/99",1,730611,1,2,6,"Son",1,0,1,1,0,1
369,"8/08/99",1,730611,1,2,7,"Daughter",3,0,0,3,0,0
370,"8/08/99",1,730612,1,1,1,"Parents",2,0,2,2,0,2
371,"8/08/99",1,730612,1,1,2,"Brother",3,0,3,3,0,0
372,"8/08/99",1,730612,1,1,3,"Sister",4,0,2,2,0,0
373,"8/08/99",1,730612,1,1,4,"Uncle",4,0,2,2,0,0
374,"8/08/99",1,730612,1,1,5,"Aunt",3,0,1,1,0,0
375,"8/08/99",1,730612,1,2,1,"Parents",2,0,0,2,0,2
376,"8/08/99",1,730612,1,2,2,"Brother",2,0,0,2,0,0
377,"8/08/99",1,730612,1,2,3,"Sister",2,0,0,2,0,0
378,"8/08/99",1,730612,1,2,4,"Uncle",2,0,0,2,0,0
379,"8/08/99",1,730612,1,2,5,"Aunt",3,0,0,2,0,0
540,"8/08/99",1,730641,6,1,2,"Brother",1,1,0,1,0,0
541,"8/08/99",1,730641,6,1,6,"Son",2,1,2,2,0,0
542,"8/08/99",1,730641,6,1,7,"Daughter",1,0,0,1,0,0
543,"8/08/99",1,730641,6,2,3,"Sister",3,0,3,3,0,0
544,"8/08/99",1,730641,6,2,6,"Son",2,1,2,2,0,0
545,"8/08/99",1,730641,6,2,7,"Daughter",1,0,0,1,0,0
546,"8/08/99",1,730642,1,1,1,"Parents",1,0,1,1,0,0
547,"8/08/99",1,730642,1,1,2,"Brother",4,0,4,4,0,0
548,"8/08/99",1,730642,1,1,3,"Sister",2,0,1,1,0,0
549,"8/08/99",1,730642,1,1,5,"Aunt",3,0,2,2,0,0
550,"8/08/99",1,730642,1,2,1,"Parents",2,1,0,2,0,2
551,"8/08/99",1,730642,1,2,2,"Brother",3,0,0,3,0,0
552,"8/08/99",1,730642,1,2,4,"Uncle",2,0,0,0,2,0
553,"8/08/99",1,730642,1,2,5,"Aunt",1,0,0,1,0,0
554,"8/08/99",1,730643,1,1,1,"Parents",1,0,1,1,0,0
555,"8/08/99",1,730643,1,1,2,"Brother",4,0,4,4,0,0
556,"8/08/99",1,730643,1,1,3,"Sister",2,0,1,1,0,0
557,"8/08/99",1,730643,1,1,4,"Uncle",2,2,0,2,0,0
558,"8/08/99",1,730643,1,1,5,"Aunt",3,0,2,2,0,0
559,"8/08/99",1,730643,1,2,1,"Parents",2,1,0,2,0,2
560,"8/08/99",1,730643,1,2,2,"Brother",2,0,0,2,0,0
561,"8/08/99",1,730643,1,2,3,"Sister",2,0,0,2,0,0
562,"8/08/99",1,730643,1,2,4,"Uncle",6,3,0,3,3,0
563,"8/08/99",1,730643,1,2,5,"Aunt",12,0,0,12,0,0
380,"8/08/99",1,730711,1,1,3,"Sister",3,0,1,2,0,0
381,"8/08/99",1,730711,1,1,6,"Son",3,0,3,3,0,3
382,"8/08/99",1,730711,1,1,7,"Daughter",4,0,2,2,0,0
383,"8/08/99",1,730711,1,2,2,"Brother",4,0,0,4,0,0
384,"8/08/99",1,730711,1,2,3,"Sister",1,0,0,1,0,0
385,"8/08/99",1,730711,1,2,6,"Son",3,0,3,3,0,3
386,"8/08/99",1,730711,1,2,7,"Daughter",4,0,2,2,0,0
387,"8/08/99",1,730712,1,1,1,"Parents",2,0,2,2,0,0
388,"8/08/99",1,730712,1,1,2,"Brother",5,0,5,5,0,0
389,"8/08/99",1,730712,1,1,3,"Sister",4,0,3,3,0,0
390,"8/08/99",1,730712,1,1,4,"Uncle",4,2,0,4,0,0
391,"8/08/99",1,730712,1,1,5,"Aunt",2,0,1,1,0,0
392,"8/08/99",1,730712,1,2,1,"Parents",2,1,0,2,0,0
393,"8/08/99",1,730712,1,2,3,"Sister",2,0,0,2,0,0
394,"8/08/99",1,730712,1,2,4,"Uncle",3,3,0,2,0,0
395,"8/08/99",1,730712,1,2,5,"Aunt",6,0,0,4,0,0
396,"8/08/99",1,730811,2,1,1,"Parents",2,0,2,2,0,0
397,"8/08/99",1,730811,2,1,2,"Brother",5,0,5,5,0,0
398,"8/08/99",1,730811,2,1,3,"Sister",4,0,3,3,0,0
399,"8/08/99",1,730811,2,1,4,"Uncle",4,2,0,4,0,0
400,"8/08/99",1,730811,2,1,5,"Aunt",2,0,1,1,0,0
401,"8/08/99",1,730811,2,1,7,"Daughter",1,0,0,1,0,0
402,"8/08/99",1,730811,2,2,1,"Parents",2,0,2,2,0,0
403,"8/08/99",1,730811,2,2,2,"Brother",1,0,1,1,0,0
404,"8/08/99",1,730811,2,2,3,"Sister",1,0,0,1,0,0
405,"8/08/99",1,730811,2,2,5,"Aunt",3,0,2,2,0,0
406,"8/08/99",1,730811,2,2,7,"Daughter",1,0,0,1,0,0
407,"8/08/99",1,730911,2,1,1,"Parents",2,0,2,2,0,0
408,"8/08/99",1,730911,2,1,2,"Brother",5,0,5,5,0,0
409,"8/08/99",1,730911,2,1,3,"Sister",4,0,3,3,0,0
410,"8/08/99",1,730911,2,1,4,"Uncle",4,2,0,4,0,0
411,"8/08/99",1,730911,2,1,5,"Aunt",2,0,1,1,0,0
412,"8/08/99",1,730911,2,2,1,"Parents",2,0,0,0,2,0
413,"8/08/99",1,730911,2,2,2,"Brother",6,0,0,2,4,0
414,"8/08/99",1,730911,2,2,3,"Sister",1,0,0,0,1,0
415,"8/08/99",1,730911,2,2,4,"Uncle",1,0,0,0,1,0
416,"8/08/99",1,730911,2,2,5,"Aunt",2,0,0,1,1,0
417,"8/08/99",1,731011,1,1,2,"Brother",2,0,2,2,0,0
418,"8/08/99",1,731011,1,1,3,"Sister",3,0,0,3,0,0
419,"8/08/99",1,731011,1,1,4,"Uncle",2,2,2,2,0,0
420,"8/08/99",1,731011,1,1,5,"Aunt",3,0,0,3,0,0
421,"8/08/99",1,731011,1,2,1,"Parents",1,0,0,1,0,0
422,"8/08/99",1,731011,1,2,2,"Brother",2,0,0,2,0,0
423,"8/08/99",1,731011,1,2,4,"Uncle",9,6,0,4,2,0
424,"8/08/99",1,731011,1,2,5,"Aunt",2,0,0,0,0,0
425,"8/08/99",1,731111,1,1,1,"Parents",1,0,1,1,0,0
426,"8/08/99",1,731111,1,1,2,"Brother",1,0,1,1,0,0
427,"8/08/99",1,731111,1,1,3,"Sister",1,0,1,1,0,0
428,"8/08/99",1,731111,1,1,4,"Uncle",2,0,1,1,0,0
429,"8/08/99",1,731111,1,1,5,"Aunt",2,0,0,2,0,0
430,"8/08/99",1,731111,1,2,1,"Parents",1,0,0,1,0,1
431,"8/08/99",1,731111,1,2,2,"Brother",3,0,0,3,0,0
432,"8/08/99",1,731111,1,2,3,"Sister",5,0,0,5,0,0
433,"8/08/99",1,731111,1,2,4,"Uncle",1,0,0,1,0,0
434,"8/08/99",1,731111,1,2,5,"Aunt",1,0,0,1,0,0
435,"8/08/99",1,731211,1,1,3,"Sister",1,0,0,1,0,0
436,"8/08/99",1,731211,1,1,4,"Uncle",1,0,0,0,0,0
437,"8/08/99",1,731211,1,1,5,"Aunt",1,0,0,0,0,0
438,"8/08/99",1,731211,1,1,6,"Son",2,0,2,2,0,2
439,"8/08/99",1,731211,1,1,7,"Daughter",1,0,0,1,0,0
440,"8/08/99",1,731211,1,2,2,"Brother",4,0,0,4,0,0
441,"8/08/99",1,731211,1,2,3,"Sister",2,0,0,2,0,0
442,"8/08/99",1,731211,1,2,6,"Son",2,0,2,2,0,2
443,"8/08/99",1,731211,1,2,7,"Daughter",1,0,0,1,0,0
444,"8/08/99",1,731311,3,1,1,"Parents",1,0,1,1,0,0
445,"8/08/99",1,731311,3,1,2,"Brother",3,0,3,3,0,0
446,"8/08/99",1,731311,3,1,3,"Sister",3,0,2,2,0,0
447,"8/08/99",1,731311,3,1,4,"Uncle",5,0,0,5,0,0
448,"8/08/99",1,731311,3,1,5,"Aunt",4,0,0,4,0,0
449,"8/08/99",1,731311,3,2,1,"Parents",2,0,0,2,0,0
450,"8/08/99",1,731311,3,2,2,"Brother",4,0,0,4,0,0
451,"8/08/99",1,731311,3,2,3,"Sister",1,0,0,1,0,0
452,"8/08/99",1,731311,3,2,4,"Uncle",6,0,0,6,0,0
453,"8/08/99",1,731311,3,2,5,"Aunt",7,0,0,7,0,0
454,"8/08/99",1,731411,1,1,2,"Brother",2,2,2,2,0,0
455,"8/08/99",1,731411,1,1,3,"Sister",2,0,1,1,0,0
456,"8/08/99",1,731411,1,1,4,"Uncle",1,1,1,1,0,0
457,"8/08/99",1,731411,1,1,6,"Son",3,0,3,3,0,0
458,"8/08/99",1,731411,1,1,7,"Daughter",2,0,1,1,0,0
459,"8/08/99",1,731411,1,2,4,"Uncle",1,1,1,1,0,0
460,"8/08/99",1,731411,1,2,6,"Son",3,0,3,3,0,0
461,"8/08/99",1,731411,1,2,7,"Daughter",2,0,1,1,0,0
462,"8/08/99",1,731412,1,1,1,"Parents",1,1,1,1,0,1
463,"8/08/99",1,731412,1,1,2,"Brother",4,0,4,4,0,0
464,"8/08/99",1,731412,1,1,3,"Sister",4,0,3,3,0,0
465,"8/08/99",1,731412,1,1,4,"Uncle",2,2,2,2,0,0
466,"8/08/99",1,731412,1,1,5,"Aunt",2,0,1,1,0,0
467,"8/08/99",1,731412,1,2,1,"Parents",1,0,0,0,0,1
468,"8/08/99",1,731412,1,2,2,"Brother",3,0,0,0,0,0
469,"8/08/99",1,731412,1,2,3,"Sister",3,0,0,0,0,0
470,"8/08/99",1,731412,1,2,5,"Aunt",4,0,0,0,0,0
471,"8/08/99",1,731413,1,1,1,"Parents",1,1,1,1,0,1
472,"8/08/99",1,731413,1,1,2,"Brother",5,0,5,5,0,2
473,"8/08/99",1,731413,1,1,3,"Sister",3,0,3,3,0,0
474,"8/08/99",1,731413,1,1,4,"Uncle",2,2,2,2,0,0
475,"8/08/99",1,731413,1,1,5,"Aunt",2,0,1,1,0,0
476,"8/08/99",1,731414,1,1,1,"Parents",1,1,1,1,0,1
477,"8/08/99",1,731414,1,1,2,"Brother",4,0,4,4,0,0
478,"8/08/99",1,731414,1,1,3,"Sister",4,0,3,3,0,0
479,"8/08/99",1,731414,1,1,4,"Uncle",2,2,2,2,0,0
480,"8/08/99",1,731414,1,1,5,"Aunt",2,0,1,1,0,0
481,"8/08/99",1,731414,1,2,1,"Parents",2,0,0,0,0,0
482,"8/08/99",1,731414,1,2,2,"Brother",2,0,0,0,0,0
483,"8/08/99",1,731414,1,2,3,"Sister",4,0,0,0,0,0
484,"8/08/99",1,731414,1,2,4,"Uncle",4,2,0,0,0,0
485,"8/08/99",1,731414,1,2,5,"Aunt",5,0,0,0,0,0
486,"8/08/99",1,731415,1,1,1,"Parents",1,1,1,1,0,1
487,"8/08/99",1,731415,1,1,2,"Brother",4,0,4,4,0,0
488,"8/08/99",1,731415,1,1,3,"Sister",4,0,3,3,0,0
489,"8/08/99",1,731415,1,1,4,"Uncle",2,2,2,2,0,0
490,"8/08/99",1,731415,1,1,5,"Aunt",2,0,1,1,0,0
491,"8/08/99",1,731415,1,2,1,"Parents",2,0,0,2,0,0
492,"8/08/99",1,731415,1,2,2,"Brother",2,0,0,2,0,0
493,"8/08/99",1,731415,1,2,3,"Sister",2,0,0,2,0,0
494,"8/08/99",1,731415,1,2,4,"Uncle",8,0,0,8,0,0
495,"8/08/99",1,731415,1,2,5,"Aunt",11,0,1,10,0,0
327,"8/23/99",1,740119,1,1,2,"Brother",5,0,1,1,0,0
328,"9/01/99",1,740119,1,1,3,"Sister",2,0,0,0,0,0
329,"9/01/99",1,740119,1,1,7,"Daughter",1,0,0,1,0,0
330,"9/01/99",1,740119,2,2,1,"Parents",1,0,1,1,0,0
331,"9/01/99",1,740119,2,2,2,"Brother",6,0,6,6,0,0
332,"9/01/99",1,740119,2,2,3,"Sister",1,0,1,1,0,0
333,"9/01/99",1,740119,2,2,7,"Daughter",1,0,0,1,0,0
406,"9/01/99",1,740149,1,1,1,"Parents",2,1,2,2,0,0
407,"9/01/99",1,740149,1,1,2,"Brother",2,0,2,2,0,0
408,"9/01/99",1,740149,1,1,3,"Sister",4,0,2,2,0,0
409,"9/01/99",1,740149,1,1,4,"Uncle",2,2,0,1,0,0
410,"9/01/99",1,740149,1,1,5,"Aunt",4,0,0,2,0,0
411,"9/01/99",1,740149,2,2,1,"Parents",2,1,2,2,0,0
412,"9/01/99",1,740149,2,2,2,"Brother",2,0,2,2,0,0
413,"9/01/99",1,740149,2,2,3,"Sister",2,0,2,2,0,0
414,"9/01/99",1,740149,2,2,4,"Uncle",6,6,0,6,0,0
415,"9/01/99",1,740149,2,2,5,"Aunt",2,0,0,1,0,0
444,"9/01/99",1,740159,3,1,2,"Brother",4,4,4,4,0,0
445,"9/01/99",1,740159,3,2,1,"Parents",2,1,0,0,2,0
446,"9/01/99",1,740159,3,2,2,"Brother",3,3,0,0,3,0
447,"9/01/99",1,740159,3,2,3,"Sister",4,0,0,0,0,0
448,"9/01/99",1,740159,3,2,4,"Uncle",8,3,0,0,8,0
449,"9/01/99",1,740159,3,2,5,"Aunt",4,0,0,0,4,0
334,"9/01/99",1,740219,1,1,1,"Parents",1,0,1,1,0,0
335,"9/01/99",1,740219,1,1,2,"Brother",1,0,1,1,0,0
336,"9/01/99",1,740219,1,1,3,"Sister",7,0,3,4,0,0
337,"9/01/99",1,740219,1,1,4,"Uncle",8,5,5,5,0,0
338,"9/01/99",1,740219,1,1,5,"Aunt",4,0,1,1,0,0
339,"9/01/99",1,740219,1,2,2,"Brother",1,0,0,0,0,0
340,"9/01/99",1,740219,1,2,3,"Sister",1,0,0,0,0,0
416,"9/01/99",1,740249,1,1,2,"Brother",2,0,2,2,0,0
417,"9/01/99",1,740249,1,1,3,"Sister",2,0,0,2,0,0
418,"9/01/99",1,740249,1,1,4,"Uncle",2,0,1,1,0,0
419,"9/01/99",1,740249,2,2,1,"Parents",2,0,0,2,0,0
420,"9/01/99",1,740249,2,2,2,"Brother",2,0,0,2,0,0
421,"9/01/99",1,740249,2,2,4,"Uncle",2,1,0,2,0,0
450,"9/01/99",1,740259,2,1,1,"Parents",1,0,1,1,0,0
451,"9/01/99",1,740259,2,1,2,"Brother",1,1,1,1,0,1
452,"9/01/99",1,740259,2,1,3,"Sister",4,0,0,4,0,1
453,"9/01/99",1,740259,2,1,4,"Uncle",4,4,0,4,0,0
454,"9/01/99",1,740259,2,1,5,"Aunt",3,0,0,3,0,0
455,"9/01/99",1,740259,2,2,1,"Parents",2,0,0,2,0,1
456,"9/01/99",1,740259,2,2,2,"Brother",6,0,0,6,0,0
457,"9/01/99",1,740259,2,2,3,"Sister",2,0,0,2,0,0
458,"9/01/99",1,740259,2,2,4,"Uncle",3,0,0,0,0,0
459,"9/01/99",1,740259,2,2,5,"Aunt",5,0,0,0,0,0
341,"9/01/99",1,740319,1,1,3,"Sister",4,0,1,1,0,0
342,"9/01/99",1,740319,1,1,4,"Uncle",1,1,1,1,0,0
343,"9/01/99",1,740319,1,1,5,"Aunt",3,0,0,1,0,0
344,"9/01/99",1,740319,1,1,7,"Daughter",1,0,0,1,0,0
345,"9/01/99",1,740319,2,2,1,"Parents",1,0,0,0,0,0
346,"9/01/99",1,740319,2,2,2,"Brother",2,0,0,0,0,0
347,"9/01/99",1,740319,2,2,3,"Sister",5,0,0,2,0,0
348,"9/01/99",1,740319,2,2,5,"Aunt",6,0,0,0,0,0
349,"9/01/99",1,740319,2,2,7,"Daughter",1,0,0,1,0,0
422,"9/01/99",1,740349,1,1,2,"Brother",5,0,5,5,0,0
423,"9/01/99",1,740349,1,1,3,"Sister",4,0,0,4,0,0
424,"9/01/99",1,740349,1,1,7,"Daughter",1,0,0,0,0,0
425,"9/01/99",1,740349,2,2,1,"Parents",2,0,0,2,0,0
426,"9/01/99",1,740349,2,2,2,"Brother",4,0,0,4,0,0
427,"9/01/99",1,740349,2,2,7,"Daughter",1,0,0,0,0,0
460,"9/01/99",1,740359,1,1,2,"Brother",1,1,1,1,0,1
461,"9/01/99",1,740359,1,1,3,"Sister",1,0,0,0,0,0
462,"9/01/99",1,740359,1,1,6,"Son",1,1,1,1,0,0
463,"9/01/99",1,740359,1,1,7,"Daughter",1,0,0,1,0,0
464,"9/01/99",1,740359,2,2,2,"Brother",1,0,0,0,0,0
465,"9/01/99",1,740359,2,2,3,"Sister",1,0,0,0,0,0
466,"9/01/99",1,740359,2,2,6,"Son",1,1,1,1,0,0
467,"9/01/99",1,740359,2,2,7,"Daughter",1,0,0,1,0,0
350,"9/01/99",1,740419,1,1,1,"Parents",1,0,1,1,0,0
351,"9/01/99",1,740419,1,1,2,"Brother",2,0,2,2,0,0
352,"9/01/99",1,740419,1,1,3,"Sister",2,0,1,1,0,0
353,"9/01/99",1,740419,1,1,4,"Uncle",1,0,1,1,0,0
354,"9/01/99",1,740419,2,2,1,"Parents",2,0,2,2,0,0
355,"9/01/99",1,740419,2,2,2,"Brother",2,0,2,2,0,0
356,"9/01/99",1,740419,2,2,3,"Sister",3,0,1,2,0,0
357,"9/01/99",1,740419,2,2,4,"Uncle",5,2,2,3,0,0
358,"9/01/99",1,740419,2,2,5,"Aunt",3,0,0,1,0,0
428,"9/01/99",1,740449,1,1,2,"Brother",2,0,2,2,0,0
429,"9/01/99",1,740449,1,1,3,"Sister",4,0,0,4,0,0
430,"9/01/99",1,740449,1,1,4,"Uncle",3,0,0,0,0,0
431,"9/01/99",1,740449,1,1,5,"Aunt",2,0,0,0,0,0
432,"9/01/99",1,740449,2,2,1,"Parents",1,1,0,0,0,1
433,"9/01/99",1,740449,2,2,2,"Brother",1,0,0,0,0,0
434,"9/01/99",1,740449,2,2,3,"Sister",4,0,0,0,0,0
435,"9/01/99",1,740449,2,2,4,"Uncle",4,1,0,0,0,0
436,"9/01/99",1,740449,2,2,5,"Aunt",4,0,0,0,0,0
468,"9/01/99",1,740459,1,1,1,"Parents",1,0,1,1,0,0
469,"9/01/99",1,740459,1,1,2,"Brother",2,2,2,2,0,2
470,"9/01/99",1,740459,1,1,3,"Sister",2,0,0,1,0,0
471,"9/01/99",1,740459,1,1,4,"Uncle",4,4,4,4,0,0
472,"9/01/99",1,740459,1,1,7,"Daughter",1,0,0,1,0,0
473,"9/01/99",1,740459,2,2,1,"Parents",2,0,0,2,0,0
474,"9/01/99",1,740459,2,2,2,"Brother",1,0,0,1,0,0
475,"9/01/99",1,740459,2,2,3,"Sister",2,0,0,2,0,0
476,"9/01/99",1,740459,2,2,4,"Uncle",6,6,0,6,0,0
477,"9/01/99",1,740459,2,2,5,"Aunt",2,0,0,2,0,0
478,"9/01/99",1,740459,2,2,7,"Daughter",1,0,0,1,0,0
359,"9/01/99",1,740519,2,1,2,"Brother",2,0,2,2,0,0
360,"9/01/99",1,740519,2,1,3,"Sister",1,0,0,0,1,0
361,"9/01/99",1,740519,2,2,2,"Brother",4,0,4,4,0,0
362,"9/01/99",1,740519,2,2,3,"Sister",1,0,1,1,0,0
437,"9/01/99",1,740549,1,1,1,"Parents",1,0,1,1,0,0
438,"9/01/99",1,740549,1,1,2,"Brother",2,2,2,2,0,0
439,"9/01/99",1,740549,1,1,3,"Sister",3,0,1,1,0,0
440,"9/01/99",1,740549,1,1,7,"Daughter",1,0,0,1,0,0
441,"9/01/99",1,740549,2,2,2,"Brother",2,2,0,2,0,0
442,"9/01/99",1,740549,2,2,3,"Sister",1,0,0,1,0,0
443,"9/01/99",1,740549,2,2,7,"Daughter",1,0,0,1,0,0
479,"9/01/99",1,740559,1,1,2,"Brother",1,1,1,1,0,1
480,"9/01/99",1,740559,1,1,4,"Uncle",2,2,0,0,0,0
481,"9/01/99",1,740559,2,2,1,"Parents",2,1,0,2,0,2
482,"9/01/99",1,740559,2,2,2,"Brother",4,4,0,4,0,0
363,"9/01/99",1,740619,2,1,1,"Parents",1,0,0,0,0,0
364,"9/01/99",1,740619,2,1,2,"Brother",5,0,0,2,2,0
365,"9/01/99",1,740619,2,1,3,"Sister",3,0,0,0,0,0
366,"9/01/99",1,740619,2,1,4,"Uncle",3,0,0,3,0,0
367,"9/01/99",1,740619,2,1,5,"Aunt",1,0,0,1,0,0
368,"9/01/99",1,740619,2,2,1,"Parents",1,0,1,1,0,0
369,"9/01/99",1,740619,2,2,2,"Brother",1,0,1,1,0,0
370,"9/01/99",1,740619,2,2,3,"Sister",2,0,1,1,0,0
371,"9/01/99",1,740719,1,1,1,"Parents",1,0,1,1,0,1
372,"9/01/99",1,740719,1,1,2,"Brother",2,0,2,2,0,0
373,"9/01/99",1,740719,1,1,3,"Sister",2,0,0,2,0,0
374,"9/01/99",1,740719,1,1,4,"Uncle",3,3,3,3,0,0
375,"9/01/99",1,740719,1,1,7,"Daughter",1,0,0,1,0,0
376,"9/01/99",1,740719,2,2,1,"Parents",1,0,1,1,0,0
377,"9/01/99",1,740719,2,2,2,"Brother",1,0,1,1,0,0
378,"9/01/99",1,740719,2,2,3,"Sister",1,0,0,1,0,0
379,"9/01/99",1,740719,2,2,4,"Uncle",2,0,0,2,0,0
380,"9/01/99",1,740719,2,2,5,"Aunt",1,0,0,1,0,0
381,"9/01/99",1,740719,2,2,6,"Son",1,0,0,1,0,0
382,"9/01/99",1,740819,1,1,1,"Parents",1,0,1,1,0,0
383,"9/01/99",1,740819,1,1,2,"Brother",2,0,2,2,0,0
384,"9/01/99",1,740819,1,1,3,"Sister",2,0,0,2,0,0
385,"9/01/99",1,740819,1,1,4,"Uncle",2,0,1,1,0,0
386,"9/01/99",1,740819,1,1,7,"Daughter",5,0,1,3,0,0
387,"9/01/99",1,740819,2,2,1,"Parents",2,0,0,2,0,0
388,"9/01/99",1,740819,2,2,2,"Brother",2,0,0,2,0,0
389,"9/01/99",1,740819,2,2,3,"Sister",3,0,0,3,0,0
390,"9/01/99",1,740819,2,2,4,"Uncle",4,3,0,4,0,0
391,"9/01/99",1,740819,2,2,5,"Aunt",1,0,0,1,0,0
392,"9/01/99",1,740819,2,2,7,"Daughter",5,0,1,3,0,0
393,"9/01/99",1,740919,1,1,4,"Uncle",1,0,1,1,0,0
394,"9/01/99",1,740919,1,1,5,"Aunt",1,0,0,1,0,0
395,"9/01/99",1,740919,2,2,1,"Parents",1,0,0,1,0,0
396,"9/01/99",1,740919,2,2,3,"Sister",3,0,0,3,0,0
397,"9/01/99",1,740919,2,2,5,"Aunt",1,0,0,1,0,0
398,"9/01/99",1,741019,1,1,2,"Brother",4,0,4,4,0,0
399,"9/01/99",1,741019,1,1,3,"Sister",1,0,0,1,0,0
400,"9/01/99",1,741019,1,1,4,"Uncle",5,0,5,5,0,0
401,"9/01/99",1,741019,1,1,5,"Aunt",1,0,1,1,0,0
402,"9/01/99",1,741019,2,2,1,"Parents",2,0,2,2,0,2
403,"9/01/99",1,741019,2,2,2,"Brother",1,0,1,1,0,0
404,"9/01/99",1,741019,2,2,4,"Uncle",8,3,3,5,0,0
405,"9/01/99",1,741019,2,2,5,"Aunt",5,0,5,5,0,0
1722,"6/28/99",1,810111,1,1,2,"Brother",1,1,1,1,0,1
1723,"6/28/99",1,810111,1,1,6,"Son",2,0,0,0,2,2
1724,"6/28/99",1,810111,1,1,7,"Daughter",2,0,0,0,2,0
1725,"6/28/99",1,810111,1,2,1,"Parents",2,2,0,2,0,0
1726,"6/28/99",1,810111,1,2,2,"Brother",4,0,0,4,0,0
1727,"6/28/99",1,810111,1,2,3,"Sister",1,0,0,1,0,0
1728,"6/28/99",1,810111,1,2,5,"Aunt",3,3,0,2,1,0
1729,"6/28/99",1,810111,1,2,6,"Son",2,0,0,0,2,2
1730,"6/28/99",1,810111,1,2,7,"Daughter",1,0,0,0,1,0
1785,"6/28/99",1,810141,1,1,2,"Brother",2,2,2,2,0,0
1786,"6/28/99",1,810141,1,1,3,"Sister",1,1,0,1,0,0
1787,"6/28/99",1,810141,1,1,7,"Daughter",1,0,0,0,0,0
1788,"6/28/99",1,810141,2,2,2,"Brother",2,0,0,0,0,0
1789,"6/28/99",1,810141,2,2,3,"Sister",3,2,1,1,0,0
1825,"6/28/99",1,810151,1,1,1,"Parents",1,0,0,0,0,1
1826,"6/28/99",1,810151,1,1,3,"Sister",2,0,0,1,0,0
1827,"6/28/99",1,810151,1,1,4,"Uncle",7,2,6,6,0,3
1828,"6/28/99",1,810151,1,1,5,"Aunt",1,1,0,0,0,0
1829,"6/28/99",1,810151,2,2,1,"Parents",2,2,0,0,0,2
1830,"6/28/99",1,810151,2,2,2,"Brother",3,0,0,0,0,0
1831,"6/28/99",1,810151,2,2,3,"Sister",3,0,0,0,0,0
1832,"6/28/99",1,810151,2,2,4,"Uncle",3,3,0,0,0,0
1833,"6/28/99",1,810151,2,2,5,"Aunt",3,2,0,1,0,0
1731,"6/28/99",1,810211,1,1,2,"Brother",1,1,1,1,0,1
1732,"6/28/99",1,810211,1,1,4,"Uncle",1,1,1,1,0,0
1733,"6/28/99",1,810211,1,1,6,"Son",1,0,0,0,1,1
1734,"6/28/99",1,810211,1,1,7,"Daughter",1,1,0,0,0,1
1735,"6/28/99",1,810211,2,2,4,"Uncle",1,0,0,1,0,0
1736,"6/28/99",1,810211,2,2,6,"Son",1,0,0,0,1,1
1737,"6/28/99",1,810211,2,2,7,"Daughter",1,1,0,0,0,1
1790,"6/28/99",1,810241,1,1,1,"Parents",1,0,1,1,0,0
1791,"6/28/99",1,810241,1,1,2,"Brother",1,0,1,1,0,1
1792,"6/28/99",1,810241,1,1,3,"Sister",2,0,1,1,0,1
1793,"6/28/99",1,810241,1,1,6,"Son",3,0,0,3,0,3
1794,"6/28/99",1,810241,1,1,7,"Daughter",2,0,0,2,0,1
1795,"6/28/99",1,810241,2,2,2,"Brother",1,0,0,0,0,0
1796,"6/28/99",1,810241,2,2,3,"Sister",2,0,0,0,0,2
1797,"6/28/99",1,810241,2,2,4,"Uncle",1,0,0,0,0,0
1798,"6/28/99",1,810241,2,2,5,"Aunt",2,0,0,0,0,0
1799,"6/28/99",1,810241,2,2,6,"Son",3,0,0,3,0,3
1800,"6/28/99",1,810241,2,2,7,"Daughter",2,0,0,2,0,1
1834,"6/28/99",1,810251,1,1,2,"Brother",1,1,1,1,0,1
1835,"6/28/99",1,810251,1,1,6,"Son",1,0,0,1,0,1
1836,"6/28/99",1,810251,1,1,7,"Daughter",1,1,0,0,1,1
1837,"6/28/99",1,810251,2,2,2,"Brother",2,2,0,2,0,2
1838,"6/28/99",1,810251,2,2,3,"Sister",3,3,2,3,0,2
1839,"6/28/99",1,810251,2,2,6,"Son",1,0,0,1,0,1
1840,"6/28/99",1,810251,2,2,7,"Daughter",1,1,0,0,1,1
1738,"6/28/99",1,810311,1,1,2,"Brother",1,1,1,1,0,0
1739,"6/28/99",1,810311,1,1,3,"Sister",2,2,1,1,1,0
1740,"6/28/99",1,810311,1,1,4,"Uncle",1,1,0,1,0,0
1741,"6/28/99",1,810311,2,2,2,"Brother",2,2,0,0,2,1
1742,"6/28/99",1,810311,2,2,3,"Sister",5,5,0,0,5,0
1743,"6/28/99",1,810311,2,2,4,"Uncle",1,1,0,1,0,0
1801,"6/28/99",1,810341,1,1,1,"Parents",1,0,1,1,0,0
1802,"6/28/99",1,810341,1,1,2,"Brother",2,1,1,1,1,1
1803,"6/28/99",1,810341,1,1,3,"Sister",3,1,2,2,0,2
1804,"6/28/99",1,810341,1,1,4,"Uncle",1,1,1,1,0,1
1805,"6/28/99",1,810341,1,1,7,"Daughter",1,1,0,0,1,1
1806,"6/28/99",1,810341,2,2,2,"Brother",1,0,0,0,1,0
1807,"6/28/99",1,810341,2,2,3,"Sister",1,1,1,1,0,1
1808,"6/28/99",1,810341,2,2,4,"Uncle",1,1,0,1,0,0
1809,"6/28/99",1,810341,2,2,5,"Aunt",1,1,0,1,0,0
1841,"6/28/99",1,810351,1,1,1,"Parents",1,0,1,1,0,0
1842,"6/28/99",1,810351,1,1,2,"Brother",1,1,1,1,0,1
1843,"6/28/99",1,810351,1,1,3,"Sister",1,1,1,1,0,1
1844,"6/28/99",1,810351,1,1,4,"Uncle",2,2,2,2,0,2
1845,"6/28/99",1,810351,2,2,1,"Parents",2,2,2,2,0,1
1846,"6/28/99",1,810351,2,2,2,"Brother",4,4,4,4,0,2
1847,"6/28/99",1,810351,2,2,3,"Sister",3,3,2,1,0,3
1848,"6/28/99",1,810351,2,2,4,"Uncle",1,1,1,1,0,0
1744,"6/28/99",1,810411,1,1,1,"Parents",2,0,2,2,0,0
1745,"6/28/99",1,810411,1,1,2,"Brother",3,3,3,0,0,3
1746,"6/28/99",1,810411,1,1,3,"Sister",2,1,0,2,0,2
1747,"6/28/99",1,810411,1,1,4,"Uncle",3,3,3,0,0,0
1748,"6/28/99",1,810411,2,2,1,"Parents",1,0,0,0,0,0
1749,"6/28/99",1,810411,2,2,3,"Sister",1,1,0,0,1,1
1810,"6/28/99",1,810441,1,1,1,"Parents",2,0,2,2,0,1
1811,"6/28/99",1,810441,1,1,2,"Brother",2,2,2,2,0,2
1812,"6/28/99",1,810441,1,1,3,"Sister",3,2,1,1,0,1
1813,"6/28/99",1,810441,1,1,4,"Uncle",1,1,1,1,0,1
1814,"6/28/99",1,810441,1,2,1,"Parents",1,1,0,0,0,1
1815,"6/28/99",1,810441,1,2,2,"Brother",3,1,0,0,0,1
1816,"6/28/99",1,810441,1,2,3,"Sister",4,2,0,0,0,0
1849,"6/28/99",1,810459,1,1,2,"Brother",2,2,2,0,0,2
1850,"6/28/99",1,810459,1,1,3,"Sister",1,1,0,1,0,1
1851,"6/28/99",1,810459,1,1,6,"Son",1,0,1,1,0,1
1852,"6/28/99",1,810459,1,1,7,"Daughter",1,1,0,1,0,0
1853,"6/28/99",1,810459,2,2,3,"Sister",1,1,1,1,0,1
1854,"6/28/99",1,810459,2,2,6,"Son",1,0,1,1,0,1
1855,"6/28/99",1,810459,2,2,7,"Daughter",1,1,0,1,0,0
1817,"6/28/99",1,810541,1,1,1,"Parents",1,0,1,0,0,0
1818,"6/28/99",1,810541,1,1,2,"Brother",2,0,0,0,2,2
1819,"6/28/99",1,810541,1,1,5,"Aunt",3,0,0,3,0,0
1820,"6/28/99",1,810541,2,2,1,"Parents",2,2,0,0,0,2
1821,"6/28/99",1,810541,2,2,2,"Brother",2,2,0,0,0,0
1822,"6/28/99",1,810541,2,2,3,"Sister",3,3,0,2,0,0
1823,"6/28/99",1,810541,2,2,4,"Uncle",3,0,0,3,0,0
1824,"6/28/99",1,810541,2,2,5,"Aunt",4,0,0,3,0,0
1750,"6/28/99",1,810711,1,1,2,"Brother",1,0,1,1,0,0
1751,"6/28/99",1,810711,1,1,3,"Sister",1,1,0,1,0,1
1752,"6/28/99",1,810711,2,2,4,"Uncle",1,1,1,1,0,0
1753,"6/28/99",1,810811,1,1,1,"Parents",1,0,1,1,0,0
1754,"6/28/99",1,810811,1,1,3,"Sister",1,0,0,0,0,1
1755,"6/28/99",1,810811,1,1,4,"Uncle",1,0,1,0,0,1
1756,"6/28/99",1,810811,2,2,4,"Uncle",1,1,0,0,0,1
1757,"6/28/99",1,811011,1,1,3,"Sister",1,1,0,1,0,1
1758,"6/28/99",1,811011,1,1,6,"Son",1,0,1,0,0,1
1759,"6/28/99",1,811011,1,1,7,"Daughter",2,0,0,2,0,0
1760,"6/28/99",1,811011,1,2,2,"Brother",2,0,0,2,0,2
1761,"6/28/99",1,811011,1,2,6,"Son",1,0,1,0,0,1
1762,"6/28/99",1,811011,1,2,7,"Daughter",2,0,0,2,0,0
1763,"6/28/99",1,811111,1,1,1,"Parents",2,2,2,2,0,2
1764,"6/28/99",1,811111,1,1,2,"Brother",2,2,2,2,0,2
1765,"6/28/99",1,811111,1,1,3,"Sister",2,0,0,1,0,0
1766,"6/28/99",1,811111,1,1,4,"Uncle",2,2,2,2,0,2
1767,"6/28/99",1,811111,1,1,5,"Aunt",3,3,2,2,0,0
1768,"6/28/99",1,811111,2,2,1,"Parents",2,0,2,2,0,2
1769,"6/28/99",1,811111,2,2,2,"Brother",3,0,0,1,2,2
1770,"6/28/99",1,811111,2,2,4,"Uncle",7,0,2,2,2,0
1771,"6/28/99",1,811111,2,2,5,"Aunt",2,2,2,2,0,0
1772,"6/28/99",1,811211,1,1,3,"Sister",1,1,0,0,0,1
1773,"6/28/99",1,811211,1,1,6,"Son",2,0,2,2,0,0
1774,"6/28/99",1,811211,1,1,7,"Daughter",1,1,1,1,0,1
1775,"6/28/99",1,811212,1,1,1,"Parents",1,0,1,1,0,1
1776,"6/28/99",1,811212,1,1,2,"Brother",2,0,2,2,0,2
1777,"6/28/99",1,811212,1,1,3,"Sister",1,1,1,1,0,1
1778,"6/28/99",1,811212,1,2,1,"Parents",2,0,0,2,0,0
1779,"6/28/99",1,811213,1,1,1,"Parents",1,0,1,1,0,1
1780,"6/28/99",1,811213,1,1,2,"Brother",2,0,2,2,0,1
1781,"6/28/99",1,811213,1,1,3,"Sister",1,0,1,1,0,1
1782,"6/28/99",1,811213,1,2,1,"Parents",2,0,2,2,0,1
1783,"6/28/99",1,811213,1,2,4,"Uncle",2,0,2,2,0,0
1784,"6/28/99",1,811213,1,2,5,"Aunt",1,0,0,0,0,0
2445,"7/12/99",1,820111,1,1,1,"Parents",1,0,1,1,0,1
2446,"7/12/99",1,820111,1,1,3,"Sister",1,0,0,1,0,1
2447,"7/12/99",1,820111,1,1,4,"Uncle",4,3,1,3,0,4
2448,"7/12/99",1,820111,1,1,5,"Aunt",1,1,0,1,0,0
2449,"7/12/99",1,820111,2,2,1,"Parents",2,2,0,2,0,2
2450,"7/12/99",1,820111,2,2,4,"Uncle",5,4,0,4,0,0
2451,"7/12/99",1,820111,2,2,5,"Aunt",1,1,0,1,0,0
2579,"7/12/99",1,820141,1,1,1,"Parents",1,0,0,1,0,0
2580,"7/12/99",1,820141,1,1,3,"Sister",2,0,0,2,0,0
2581,"7/12/99",1,820141,1,1,4,"Uncle",2,2,0,2,0,0
2582,"7/12/99",1,820141,1,1,5,"Aunt",6,6,1,2,3,0
2583,"7/12/99",1,820141,2,2,1,"Parents",1,0,1,1,0,1
2584,"7/12/99",1,820141,2,2,4,"Uncle",3,0,0,0,3,0
2585,"7/12/99",1,820141,2,2,5,"Aunt",2,0,0,2,0,0
2630,"7/12/99",1,820151,1,1,3,"Sister",2,0,2,2,0,2
2631,"7/12/99",1,820151,1,1,7,"Daughter",1,0,1,1,0,1
2632,"7/12/99",1,820151,2,2,3,"Sister",2,2,0,2,0,2
2633,"7/12/99",1,820151,2,2,4,"Uncle",2,2,0,2,0,2
2452,"7/12/99",1,820211,1,1,2,"Brother",2,2,0,2,0,0
2453,"7/12/99",1,820211,1,1,6,"Son",5,2,5,5,0,0
2454,"7/12/99",1,820211,1,1,7,"Daughter",1,0,0,0,0,0
2586,"7/12/99",1,820241,1,1,1,"Parents",1,0,1,1,0,0
2587,"7/12/99",1,820241,1,1,2,"Brother",7,0,7,7,0,0
2588,"7/12/99",1,820241,1,1,3,"Sister",2,2,1,1,0,0
2589,"7/12/99",1,820241,1,1,4,"Uncle",2,0,0,2,0,0
2590,"7/12/99",1,820241,1,1,5,"Aunt",2,2,0,0,0,0
2591,"7/12/99",1,820241,2,2,1,"Parents",1,1,0,1,0,1
2592,"7/12/99",1,820241,2,2,2,"Brother",2,0,0,2,0,0
2593,"7/12/99",1,820241,2,2,3,"Sister",2,0,0,2,0,0
2594,"7/12/99",1,820241,2,2,4,"Uncle",4,4,0,4,0,0
2595,"7/12/99",1,820241,2,2,5,"Aunt",2,2,0,2,0,0
2634,"7/12/99",1,820251,1,1,2,"Brother",1,1,1,1,0,1
2635,"7/12/99",1,820251,2,2,1,"Parents",1,1,0,0,0,1
2636,"7/12/99",1,820251,2,2,2,"Brother",3,0,0,0,1,3
2637,"7/12/99",1,820251,2,2,3,"Sister",1,0,0,0,0,0
2638,"7/12/99",1,820251,2,2,4,"Uncle",2,2,0,0,0,0
2639,"7/12/99",1,820251,2,2,5,"Aunt",1,1,0,0,0,0
2455,"7/12/99",1,820311,1,1,1,"Parents",1,0,1,1,0,1
2456,"7/12/99",1,820311,1,1,3,"Sister",4,1,4,4,0,4
2457,"7/12/99",1,820311,1,1,4,"Uncle",7,1,2,5,0,0
2458,"7/12/99",1,820311,1,1,5,"Aunt",2,2,0,2,0,0
2459,"7/12/99",1,820311,2,2,1,"Parents",1,0,0,1,0,0
2460,"7/12/99",1,820311,2,2,2,"Brother",1,0,0,1,0,0
2461,"7/12/99",1,820311,2,2,4,"Uncle",3,3,0,3,0,0
2462,"7/12/99",1,820311,2,2,5,"Aunt",1,1,0,1,0,0
2596,"7/12/99",1,820341,1,1,2,"Brother",2,0,2,2,0,2
2597,"7/12/99",1,820341,1,1,3,"Sister",3,0,2,3,0,2
2598,"7/12/99",1,820341,2,2,1,"Parents",2,2,2,2,0,2
2599,"7/12/99",1,820341,2,2,2,"Brother",3,0,3,3,0,3
2600,"7/12/99",1,820341,2,2,3,"Sister",1,1,0,1,0,1
2601,"7/12/99",1,820341,2,2,4,"Uncle",1,1,0,1,0,0
2640,"7/12/99",1,820351,1,1,1,"Parents",1,0,1,1,0,0
2641,"7/12/99",1,820351,1,1,2,"Brother",5,1,5,5,0,0
2642,"7/12/99",1,820351,1,1,3,"Sister",2,0,0,1,0,0
2643,"7/12/99",1,820351,1,1,4,"Uncle",3,3,1,2,0,0
2644,"7/12/99",1,820351,1,1,5,"Aunt",3,3,0,3,0,0
2645,"7/12/99",1,820351,2,2,1,"Parents",1,1,0,0,0,0
2646,"7/12/99",1,820351,2,2,2,"Brother",4,4,0,0,0,0
2647,"7/12/99",1,820351,2,2,3,"Sister",4,4,1,3,0,0
2648,"7/12/99",1,820351,2,2,4,"Uncle",2,2,0,0,0,0
2463,"7/12/99",1,820411,1,1,2,"Brother",4,3,4,0,0,3
2464,"7/12/99",1,820411,1,1,3,"Sister",3,2,2,0,0,2
2465,"7/12/99",1,820411,1,1,4,"Uncle",2,1,1,1,0,0
2466,"7/12/99",1,820411,1,1,6,"Son",2,1,2,0,0,2
2467,"7/12/99",1,820411,1,1,7,"Daughter",1,1,0,1,0,1
2468,"7/12/99",1,820411,2,2,3,"Sister",2,0,1,1,0,0
2469,"7/12/99",1,820411,2,2,4,"Uncle",1,0,0,1,0,0
2470,"7/12/99",1,820411,2,2,6,"Son",2,1,2,0,0,2
2471,"7/12/99",1,820411,2,2,7,"Daughter",1,1,0,1,0,1
2472,"7/12/99",1,820412,1,1,1,"Parents",2,2,2,0,0,2
2473,"7/12/99",1,820412,1,1,2,"Brother",2,1,2,0,0,2
2474,"7/12/99",1,820412,1,1,3,"Sister",2,1,1,1,0,1
2475,"7/12/99",1,820412,1,1,4,"Uncle",4,3,4,0,0,4
2476,"7/12/99",1,820412,1,1,5,"Aunt",3,2,2,0,0,0
2477,"7/12/99",1,820412,2,2,1,"Parents",2,2,0,2,0,2
2478,"7/12/99",1,820412,2,2,2,"Brother",2,2,0,2,0,2
2479,"7/12/99",1,820412,2,2,3,"Sister",4,3,0,4,0,0
2480,"7/12/99",1,820412,2,2,4,"Uncle",9,9,0,9,0,0
2481,"7/12/99",1,820412,2,2,5,"Aunt",6,6,0,6,0,0
2482,"7/12/99",1,820413,1,1,1,"Parents",2,2,2,0,0,2
2483,"7/12/99",1,820413,1,1,2,"Brother",2,0,2,0,0,2
2484,"7/12/99",1,820413,1,1,3,"Sister",2,1,1,1,0,1
2485,"7/12/99",1,820413,1,1,4,"Uncle",4,3,4,0,0,4
2486,"7/12/99",1,820413,1,1,5,"Aunt",3,2,2,0,0,0
2487,"7/12/99",1,820413,2,2,1,"Parents",2,2,0,2,0,2
2488,"7/12/99",1,820413,2,2,2,"Brother",3,3,0,3,0,3
2489,"7/12/99",1,820413,2,2,3,"Sister",1,0,0,1,0,1
2490,"7/12/99",1,820413,2,2,4,"Uncle",4,4,0,4,0,0
2491,"7/12/99",1,820413,2,2,5,"Aunt",3,3,0,3,0,0
2602,"7/12/99",1,820441,1,1,2,"Brother",1,0,0,0,1,1
2603,"7/12/99",1,820441,1,1,3,"Sister",2,1,0,1,1,1
2604,"7/12/99",1,820441,1,1,4,"Uncle",2,2,0,2,0,0
2605,"7/12/99",1,820441,2,2,1,"Parents",2,0,2,2,0,2
2606,"7/12/99",1,820441,2,2,2,"Brother",1,0,1,1,0,1
2607,"7/12/99",1,820441,2,2,3,"Sister",2,0,1,1,1,1
2608,"7/12/99",1,820441,2,2,4,"Uncle",1,0,1,1,0,0
2609,"7/12/99",1,820441,2,2,5,"Aunt",6,0,0,2,0,0
2649,"7/12/99",1,820459,1,1,2,"Brother",1,1,1,0,0,0
2650,"7/12/99",1,820459,1,1,3,"Sister",2,2,0,0,0,2
2651,"7/12/99",1,820459,2,2,2,"Brother",4,4,0,0,0,0
2652,"7/12/99",1,820459,2,2,3,"Sister",3,3,0,0,1,0
2653,"7/12/99",1,820459,2,2,7,"Daughter",2,2,0,2,0,2
2492,"7/12/99",1,820511,1,1,1,"Parents",1,0,1,1,0,0
2493,"7/12/99",1,820511,1,1,2,"Brother",2,1,1,1,0,0
2494,"7/12/99",1,820511,1,1,3,"Sister",2,0,0,1,0,0
2495,"7/12/99",1,820511,1,1,7,"Daughter",2,0,0,1,0,2
2496,"7/12/99",1,820511,2,2,2,"Brother",3,0,0,3,0,0
2497,"7/12/99",1,820511,2,2,3,"Sister",1,0,0,1,0,0
2498,"7/12/99",1,820511,2,2,4,"Uncle",1,1,0,1,0,0
2499,"7/12/99",1,820511,2,2,5,"Aunt",1,0,0,1,0,0
2500,"7/12/99",1,820511,2,2,7,"Daughter",2,0,0,1,0,2
2610,"7/12/99",1,820541,1,1,1,"Parents",1,0,1,1,0,0
2611,"7/12/99",1,820541,1,1,2,"Brother",3,0,0,3,0,0
2612,"7/12/99",1,820541,1,1,3,"Sister",1,0,0,1,0,0
2613,"7/12/99",1,820541,1,1,4,"Uncle",2,0,0,2,0,0
2614,"7/12/99",1,820541,1,1,5,"Aunt",1,0,0,1,0,0
2615,"7/12/99",1,820541,1,1,6,"Son",1,0,1,1,0,1
2616,"7/12/99",1,820541,2,2,1,"Parents",1,0,0,0,1,1
2617,"7/12/99",1,820541,2,2,2,"Brother",2,0,0,0,2,2
2618,"7/12/99",1,820541,2,2,3,"Sister",2,0,0,0,1,0
2619,"7/12/99",1,820541,2,2,4,"Uncle",3,0,0,2,1,0
2620,"7/12/99",1,820541,2,2,5,"Aunt",2,0,0,1,1,0
2621,"7/12/99",1,820541,2,2,6,"Son",1,0,0,1,0,1
2622,"7/12/99",1,820542,1,1,1,"Parents",2,0,0,0,0,2
2623,"7/12/99",1,820542,1,1,2,"Brother",1,0,1,1,0,0
2624,"7/12/99",1,820542,1,1,3,"Sister",2,0,2,2,0,0
2625,"7/12/99",1,820542,1,1,4,"Uncle",2,0,2,2,0,0
2626,"7/12/99",1,820542,2,2,1,"Parents",2,2,0,0,0,0
2627,"7/12/99",1,820542,2,2,2,"Brother",2,2,0,0,2,0
2628,"7/12/99",1,820542,2,2,3,"Sister",3,1,0,0,2,0
2629,"7/12/99",1,820542,2,2,4,"Uncle",4,1,0,0,0,0
2501,"7/12/99",1,820611,1,1,1,"Parents",1,0,1,1,0,1
2502,"7/12/99",1,820611,1,1,2,"Brother",4,0,4,4,0,4
2503,"7/12/99",1,820611,1,1,3,"Sister",1,0,0,1,0,0
2504,"7/12/99",1,820611,1,1,4,"Uncle",7,5,2,5,0,3
2505,"7/12/99",1,820611,5,2,1,"Parents",2,2,0,0,0,1
2506,"7/12/99",1,820611,5,2,3,"Sister",1,1,0,1,0,1
2507,"7/12/99",1,820611,5,2,4,"Uncle",4,4,0,0,0,0
2508,"7/12/99",1,820612,1,1,1,"Parents",1,0,1,1,0,1
2509,"7/12/99",1,820612,1,1,2,"Brother",4,0,4,4,0,4
2510,"7/12/99",1,820612,1,1,3,"Sister",1,0,1,1,0,0
2511,"7/12/99",1,820612,2,2,1,"Parents",2,0,0,0,2,2
2512,"7/12/99",1,820612,2,2,2,"Brother",2,0,0,0,2,0
2513,"7/12/99",1,820613,1,1,1,"Parents",1,0,1,1,0,1
2514,"7/12/99",1,820613,1,1,2,"Brother",4,0,4,4,0,4
2515,"7/12/99",1,820613,1,1,3,"Sister",1,0,1,1,0,0
2516,"7/12/99",1,820711,1,1,1,"Parents",1,0,1,0,0,1
2517,"7/12/99",1,820711,1,1,2,"Brother",2,1,2,0,0,1
2518,"7/12/99",1,820711,1,1,3,"Sister",1,0,1,0,0,0
2519,"7/12/99",1,820711,1,1,4,"Uncle",2,1,1,1,0,0
2520,"7/12/99",1,820711,1,1,5,"Aunt",2,2,0,2,0,0
2521,"7/12/99",1,820711,2,2,1,"Parents",2,2,0,2,0,2
2522,"7/12/99",1,820711,2,2,2,"Brother",1,1,0,1,0,0
2523,"7/12/99",1,820711,2,2,3,"Sister",6,1,2,4,0,2
2524,"7/12/99",1,820711,2,2,4,"Uncle",4,4,0,4,0,0
2525,"7/12/99",1,820712,1,1,1,"Parents",1,0,1,0,0,1
2526,"7/12/99",1,820712,1,1,2,"Brother",2,1,2,0,0,1
2527,"7/12/99",1,820712,1,1,3,"Sister",1,0,1,0,0,0
2528,"7/12/99",1,820712,1,1,4,"Uncle",2,1,1,1,0,0
2529,"7/12/99",1,820712,1,1,5,"Aunt",2,2,0,2,0,0
2531,"7/12/99",1,820712,2,2,2,"Brother",1,1,0,1,0,0
2532,"7/12/99",1,820712,2,2,3,"Sister",1,1,0,1,0,0
2533,"7/12/99",1,820811,1,1,2,"Brother",1,0,0,1,0,0
2534,"7/12/99",1,820811,1,1,3,"Sister",1,0,0,1,0,0
2535,"7/12/99",1,820811,1,1,7,"Daughter",4,2,0,4,0,2
2536,"7/12/99",1,820911,1,1,1,"Parents",1,0,1,1,0,0
2537,"7/12/99",1,820911,1,1,2,"Brother",2,0,1,1,0,0
2538,"7/12/99",1,820911,1,1,3,"Sister",3,0,1,2,0,3
2539,"7/12/99",1,820911,1,1,4,"Uncle",6,0,3,3,0,0
2540,"7/12/99",1,820911,1,1,5,"Aunt",1,1,0,1,0,0
2541,"7/12/99",1,820911,1,1,7,"Daughter",1,1,0,1,0,1
2542,"7/12/99",1,820911,2,2,1,"Parents",1,0,0,1,0,1
2543,"7/12/99",1,820911,2,2,2,"Brother",1,0,0,1,0,1
2544,"7/12/99",1,820911,2,2,3,"Sister",2,0,0,1,0,0
2545,"7/12/99",1,820911,2,2,4,"Uncle",3,1,0,3,0,0
2546,"7/12/99",1,820911,2,2,5,"Aunt",1,0,0,1,0,0
2547,"7/12/99",1,820911,2,2,7,"Daughter",1,1,0,1,0,1
2548,"7/12/99",1,821011,1,1,1,"Parents",1,0,1,1,0,1
2549,"7/12/99",1,821011,1,1,2,"Brother",2,0,2,2,0,0
2550,"7/12/99",1,821011,1,1,3,"Sister",1,0,1,1,0,0
2551,"7/12/99",1,821011,1,1,4,"Uncle",3,3,2,1,0,0
2552,"7/12/99",1,821011,1,1,5,"Aunt",2,2,0,1,0,0
2553,"7/12/99",1,821011,2,2,1,"Parents",1,1,0,0,0,1
2554,"7/12/99",1,821011,2,2,2,"Brother",1,1,0,0,0,0
2555,"7/12/99",1,821011,2,2,3,"Sister",5,5,0,1,1,0
2556,"7/12/99",1,821011,2,2,4,"Uncle",2,2,0,0,0,0
2557,"7/12/99",1,821011,2,2,5,"Aunt",6,6,0,0,0,0
2558,"7/12/99",1,821012,1,1,1,"Parents",1,1,1,1,0,1
2559,"7/12/99",1,821012,1,1,2,"Brother",2,2,2,2,0,2
2560,"7/12/99",1,821012,1,1,3,"Sister",1,0,1,1,0,0
2561,"7/12/99",1,821012,1,1,4,"Uncle",3,3,2,1,0,0
2562,"7/12/99",1,821012,1,1,5,"Aunt",2,2,0,1,0,0
2563,"7/12/99",1,821012,2,2,1,"Parents",2,0,0,2,0,2
2564,"7/12/99",1,821012,2,2,2,"Brother",1,0,0,1,0,0
2565,"7/12/99",1,821012,2,2,3,"Sister",1,0,0,1,0,0
2566,"7/12/99",1,821012,2,2,4,"Uncle",5,5,0,5,0,0
2567,"7/12/99",1,821012,2,2,5,"Aunt",3,0,0,3,0,0
2568,"7/12/99",1,821111,2,2,1,"Parents",1,1,0,1,0,1
2569,"7/12/99",1,821111,2,2,2,"Brother",1,1,0,1,0,1
2570,"7/12/99",1,821111,2,2,3,"Sister",5,2,0,5,0,0
2571,"7/12/99",1,821211,1,1,1,"Parents",1,0,1,1,0,1
2572,"7/12/99",1,821211,1,1,3,"Sister",2,1,2,2,0,0
2573,"7/12/99",1,821211,1,1,4,"Uncle",7,5,7,7,0,6
2574,"7/12/99",1,821211,1,1,5,"Aunt",3,0,0,3,0,1
2575,"7/12/99",1,821211,2,2,1,"Parents",1,0,0,1,0,1
2576,"7/12/99",1,821211,2,2,2,"Brother",1,0,0,1,0,0
2577,"7/12/99",1,821211,2,2,4,"Uncle",4,4,0,4,0,0
2578,"7/12/99",1,821211,2,2,5,"Aunt",4,3,0,4,0,0
383,"7/13/99",1,830111,1,1,2,"Brother",2,1,2,2,0,1
384,"7/13/99",1,830111,1,1,3,"Sister",1,1,0,1,0,0
385,"7/13/99",1,830111,1,1,4,"Uncle",1,1,0,1,0,0
386,"7/13/99",1,830111,1,1,6,"Son",1,0,1,1,0,1
387,"7/13/99",1,830111,1,1,7,"Daughter",1,1,0,1,0,1
388,"7/13/99",1,830111,2,2,1,"Parents",1,0,0,1,0,0
389,"7/13/99",1,830111,2,2,2,"Brother",3,0,0,1,0,0
390,"7/13/99",1,830111,2,2,3,"Sister",3,0,0,3,0,0
391,"7/13/99",1,830111,2,2,4,"Uncle",2,0,0,0,0,0
392,"7/13/99",1,830111,2,2,6,"Son",1,0,1,1,0,1
393,"7/13/99",1,830111,2,2,7,"Daughter",1,1,0,1,0,1
479,"7/13/99",1,830141,1,1,2,"Brother",1,0,1,1,0,1
480,"7/13/99",1,830141,1,1,4,"Uncle",6,0,6,6,0,0
481,"7/13/99",1,830141,4,2,1,"Parents",2,2,0,2,0,2
482,"7/13/99",1,830141,4,2,2,"Brother",5,5,0,5,0,0
483,"7/13/99",1,830141,4,2,3,"Sister",2,0,0,2,0,0
484,"7/13/99",1,830141,4,2,4,"Uncle",9,3,6,6,0,0
485,"7/13/99",1,830141,4,2,5,"Aunt",1,1,0,1,0,0
514,"7/13/99",1,830151,1,1,1,"Parents",1,1,1,1,0,1
515,"7/13/99",1,830151,1,1,2,"Brother",3,0,3,3,0,3
516,"7/13/99",1,830151,1,1,3,"Sister",1,1,1,1,0,1
517,"7/13/99",1,830151,1,1,4,"Uncle",1,1,1,1,0,0
518,"7/13/99",1,830151,1,1,5,"Aunt",1,0,0,0,0,0
519,"7/13/99",1,830151,2,2,1,"Parents",1,1,0,1,0,1
520,"7/13/99",1,830151,2,2,2,"Brother",3,3,0,3,0,0
521,"7/13/99",1,830151,2,2,3,"Sister",3,3,0,3,0,0
522,"7/13/99",1,830151,2,2,4,"Uncle",5,5,0,3,0,0
523,"7/13/99",1,830151,2,2,5,"Aunt",4,4,0,2,0,0
394,"7/13/99",1,830211,1,1,1,"Parents",2,0,2,2,0,2
395,"7/13/99",1,830211,1,1,2,"Brother",1,0,1,1,0,1
396,"7/13/99",1,830211,1,1,3,"Sister",3,0,2,2,1,1
397,"7/13/99",1,830211,1,1,4,"Uncle",1,0,1,1,0,1
398,"7/13/99",1,830211,1,1,5,"Aunt",4,0,1,3,0,2
399,"7/13/99",1,830211,2,2,1,"Parents",1,0,1,1,0,1
400,"7/13/99",1,830211,2,2,2,"Brother",3,0,3,3,0,2
401,"7/13/99",1,830211,2,2,3,"Sister",3,0,2,2,1,0
402,"7/13/99",1,830211,2,2,4,"Uncle",7,4,4,4,0,0
403,"7/13/99",1,830211,2,2,5,"Aunt",4,0,1,3,0,0
526,"7/13/99",1,830251,2,2,1,"Parents",2,0,2,2,0,2
527,"7/13/99",1,830251,2,2,2,"Brother",6,0,3,3,3,4
528,"7/13/99",1,830251,2,2,3,"Sister",1,0,1,1,0,0
529,"7/13/99",1,830251,2,2,4,"Uncle",2,0,0,0,2,0
530,"7/13/99",1,830251,2,2,5,"Aunt",3,1,0,0,1,0
404,"7/13/99",1,830311,1,1,6,"Son",2,1,2,2,0,1
405,"7/13/99",1,830311,1,1,7,"Daughter",3,1,1,2,0,2
486,"7/13/99",1,830341,1,1,1,"Parents",1,0,1,1,0,0
487,"7/13/99",1,830341,1,1,2,"Brother",2,0,0,0,2,2
488,"7/13/99",1,830341,1,1,3,"Sister",2,0,0,1,0,0
489,"7/13/99",1,830341,1,1,4,"Uncle",6,5,1,5,0,2
490,"7/13/99",1,830341,1,1,5,"Aunt",5,3,0,5,0,3
491,"7/13/99",1,830341,2,2,1,"Parents",2,0,0,0,0,2
492,"7/13/99",1,830341,2,2,2,"Brother",2,0,0,0,0,0
493,"7/13/99",1,830341,2,2,3,"Sister",1,0,0,0,0,0
494,"7/13/99",1,830341,2,2,4,"Uncle",1,0,0,0,0,0
531,"7/13/99",1,830351,1,1,2,"Brother",3,2,3,3,0,3
532,"7/13/99",1,830351,1,1,3,"Sister",1,0,0,1,0,0
533,"7/13/99",1,830351,1,1,7,"Daughter",2,2,0,2,0,2
534,"7/13/99",1,830351,2,2,1,"Parents",1,1,1,1,0,1
535,"7/13/99",1,830351,2,2,2,"Brother",4,4,4,4,0,0
536,"7/13/99",1,830351,2,2,4,"Uncle",5,5,5,5,0,0
537,"7/13/99",1,830351,2,2,5,"Aunt",1,1,0,0,0,0
538,"7/13/99",1,830351,2,2,7,"Daughter",2,2,0,2,0,2
406,"7/13/99",1,830411,1,1,2,"Brother",1,0,0,0,1,1
407,"7/13/99",1,830411,1,1,3,"Sister",7,0,1,1,5,3
408,"7/13/99",1,830411,1,1,7,"Daughter",1,0,0,0,0,1
409,"7/13/99",1,830411,2,2,1,"Parents",2,0,0,0,0,2
410,"7/13/99",1,830411,2,2,2,"Brother",1,0,0,0,0,0
411,"7/13/99",1,830411,2,2,3,"Sister",2,0,0,0,0,0
412,"7/13/99",1,830411,2,2,4,"Uncle",1,0,0,0,0,0
413,"7/13/99",1,830411,2,2,5,"Aunt",1,0,0,0,0,0
414,"7/13/99",1,830411,2,2,7,"Daughter",1,0,0,0,0,0
495,"7/13/99",1,830441,1,1,1,"Parents",1,0,1,1,0,0
496,"7/13/99",1,830441,1,1,2,"Brother",3,0,2,2,1,2
497,"7/13/99",1,830441,1,1,3,"Sister",2,0,1,1,1,1
498,"7/13/99",1,830441,1,1,4,"Uncle",2,2,0,0,0,0
499,"7/13/99",1,830441,1,1,5,"Aunt",2,2,0,0,0,0
500,"7/13/99",1,830441,2,2,1,"Parents",1,0,0,1,0,0
501,"7/13/99",1,830441,2,2,3,"Sister",2,0,0,0,2,1
502,"7/13/99",1,830441,2,2,4,"Uncle",3,3,0,3,0,0
503,"7/13/99",1,830441,2,2,5,"Aunt",3,3,0,3,0,0
539,"7/13/99",1,830459,1,1,2,"Brother",2,2,2,2,0,2
540,"7/13/99",1,830459,1,1,3,"Sister",1,1,0,1,0,0
541,"7/13/99",1,830459,1,1,5,"Aunt",2,2,0,1,0,0
542,"7/13/99",1,830459,1,1,6,"Son",2,1,1,1,1,2
543,"7/13/99",1,830459,1,1,7,"Daughter",1,1,0,1,0,1
544,"7/13/99",1,830459,2,2,2,"Brother",1,1,1,1,0,1
545,"7/13/99",1,830459,2,2,3,"Sister",1,1,1,1,0,0
546,"7/13/99",1,830459,2,2,6,"Son",2,1,1,1,1,2
547,"7/13/99",1,830459,2,2,7,"Daughter",1,1,0,1,0,1
504,"7/13/99",1,830541,1,1,1,"Parents",1,0,1,1,0,0
505,"7/13/99",1,830541,1,1,2,"Brother",2,0,2,2,0,2
506,"7/13/99",1,830541,1,1,4,"Uncle",1,1,1,1,0,1
507,"7/13/99",1,830541,1,1,5,"Aunt",1,1,1,1,0,0
508,"7/13/99",1,830541,1,1,7,"Daughter",2,1,1,1,0,2
509,"7/13/99",1,830541,2,2,1,"Parents",1,0,0,0,0,0
510,"7/13/99",1,830541,2,2,3,"Sister",2,0,0,2,0,0
511,"7/13/99",1,830541,2,2,4,"Uncle",1,0,0,1,0,0
512,"7/13/99",1,830541,2,2,5,"Aunt",1,0,0,1,0,0
513,"7/13/99",1,830541,2,2,7,"Daughter",2,1,1,1,0,2
415,"7/13/99",1,830611,1,1,2,"Brother",3,1,3,3,0,3
416,"7/13/99",1,830611,1,1,3,"Sister",1,0,0,0,1,1
417,"7/13/99",1,830611,1,1,4,"Uncle",4,1,2,2,0,4
418,"7/13/99",1,830611,1,1,5,"Aunt",2,1,0,2,0,0
419,"7/13/99",1,830611,2,2,1,"Parents",1,0,1,1,0,0
420,"7/13/99",1,830611,2,2,3,"Sister",2,1,0,2,0,2
421,"7/13/99",1,830611,2,2,4,"Uncle",2,0,2,2,0,0
422,"7/13/99",1,830611,2,2,5,"Aunt",4,0,4,4,0,0
423,"7/13/99",1,830711,1,1,2,"Brother",3,3,3,3,0,3
424,"7/13/99",1,830711,1,1,3,"Sister",1,0,0,1,0,0
425,"7/13/99",1,830711,2,2,1,"Parents",1,0,0,1,0,0
426,"7/13/99",1,830711,2,2,2,"Brother",2,0,0,2,0,0
427,"7/13/99",1,830711,2,2,4,"Uncle",3,2,0,3,0,0
428,"7/13/99",1,830811,1,1,2,"Brother",2,0,2,2,0,2
429,"7/13/99",1,830811,1,1,3,"Sister",1,0,1,1,0,1
430,"7/13/99",1,830811,1,1,4,"Uncle",1,0,1,1,0,1
431,"7/13/99",1,830811,1,1,5,"Aunt",2,0,0,2,0,0
432,"7/13/99",1,830811,2,2,2,"Brother",1,0,0,0,0,0
433,"7/13/99",1,830811,2,2,3,"Sister",1,0,0,0,0,0
434,"7/13/99",1,830811,2,2,5,"Aunt",1,0,0,0,0,0
435,"7/13/99",1,830911,1,1,3,"Sister",5,2,1,4,0,2
436,"7/13/99",1,830911,1,1,7,"Daughter",1,0,0,1,0,1
437,"7/13/99",1,830911,1,2,1,"Parents",2,0,0,0,0,0
438,"7/13/99",1,830911,1,2,3,"Sister",2,0,0,0,0,0
439,"7/13/99",1,830911,1,2,4,"Uncle",2,0,0,0,0,0
440,"7/13/99",1,830911,1,2,5,"Aunt",2,0,0,0,0,0
441,"7/13/99",1,830911,1,2,7,"Daughter",1,0,0,1,0,0
442,"7/13/99",1,831011,1,1,6,"Son",1,0,1,1,0,1
443,"7/13/99",1,831011,1,1,7,"Daughter",1,1,0,0,0,1
444,"7/13/99",1,831011,2,2,1,"Parents",1,1,0,1,0,1
445,"7/13/99",1,831011,2,2,2,"Brother",2,2,0,0,2,2
446,"7/13/99",1,831011,2,2,3,"Sister",2,2,0,1,1,2
447,"7/13/99",1,831011,2,2,4,"Uncle",2,2,0,2,0,0
448,"7/13/99",1,831011,2,2,5,"Aunt",3,3,0,3,0,0
449,"7/13/99",1,831011,2,2,6,"Son",1,0,1,1,0,1
450,"7/13/99",1,831011,2,2,7,"Daughter",1,1,0,0,0,1
451,"7/13/99",1,831012,1,1,1,"Parents",2,0,2,2,0,2
452,"7/13/99",1,831012,1,1,2,"Brother",3,0,3,3,0,1
453,"7/13/99",1,831012,1,1,3,"Sister",2,1,1,1,0,1
454,"7/13/99",1,831012,1,1,4,"Uncle",2,2,0,2,0,0
455,"7/13/99",1,831012,1,1,5,"Aunt",2,2,0,2,0,0
456,"7/13/99",1,831012,2,2,1,"Parents",2,2,0,2,0,2
457,"7/13/99",1,831012,2,2,2,"Brother",1,1,0,1,0,1
458,"7/13/99",1,831012,2,2,3,"Sister",4,2,0,4,0,2
459,"7/13/99",1,831012,2,2,4,"Uncle",5,5,0,4,1,0
460,"7/13/99",1,831012,2,2,5,"Aunt",6,6,0,3,2,0
461,"7/13/99",1,831111,1,1,2,"Brother",1,0,1,1,0,1
462,"7/13/99",1,831111,1,1,6,"Son",2,0,0,0,1,0
463,"7/13/99",1,831111,1,1,7,"Daughter",3,0,0,1,1,0
464,"7/13/99",1,831111,2,2,1,"Parents",1,0,1,1,0,0
465,"7/13/99",1,831111,2,2,2,"Brother",2,1,2,2,0,0
466,"7/13/99",1,831111,2,2,3,"Sister",2,0,0,2,0,0
467,"7/13/99",1,831111,2,2,6,"Son",2,0,0,0,1,0
468,"7/13/99",1,831111,2,2,7,"Daughter",3,0,0,1,1,0
469,"7/13/99",1,831211,1,1,1,"Parents",1,1,1,1,0,1
470,"7/13/99",1,831211,1,1,2,"Brother",3,1,3,3,0,2
471,"7/13/99",1,831211,1,1,3,"Sister",1,1,1,1,0,1
472,"7/13/99",1,831211,1,1,4,"Uncle",1,1,1,1,0,0
473,"7/13/99",1,831211,1,1,5,"Aunt",1,0,0,1,0,0
474,"7/13/99",1,831211,2,2,1,"Parents",2,2,0,0,2,0
475,"7/13/99",1,831211,2,2,2,"Brother",3,3,0,3,0,0
476,"7/13/99",1,831211,2,2,3,"Sister",2,2,0,2,0,0
477,"7/13/99",1,831211,2,2,4,"Uncle",2,2,0,2,0,0
478,"7/13/99",1,831211,2,2,5,"Aunt",4,4,0,4,0,0
2654,"7/12/99",1,910121,1,1,3,"Sister",2,1,0,2,0,0
2655,"7/12/99",1,910121,1,1,7,"Daughter",2,2,0,0,2,0
2656,"7/12/99",1,910121,2,2,2,"Brother",1,1,0,1,0,0
2657,"7/12/99",1,910121,2,2,3,"Sister",2,2,0,2,0,0
2658,"7/12/99",1,910121,2,2,7,"Daughter",2,2,0,0,2,0
2775,"7/12/99",1,910141,1,1,2,"Brother",1,1,1,1,0,0
2776,"7/12/99",1,910141,1,1,3,"Sister",2,0,0,2,0,0
2777,"7/12/99",1,910141,2,2,1,"Parents",1,0,0,1,0,0
2778,"7/12/99",1,910141,2,2,2,"Brother",2,2,0,2,0,0
2779,"7/12/99",1,910141,2,2,5,"Aunt",1,0,0,1,0,0
2814,"7/12/99",1,910151,1,1,4,"Uncle",3,2,3,3,0,0
2815,"7/12/99",1,910151,1,1,5,"Aunt",1,0,0,1,0,0
2816,"7/12/99",1,910151,3,2,1,"Parents",2,0,0,2,0,0
2817,"7/12/99",1,910151,3,2,2,"Brother",3,0,0,2,1,0
2818,"7/12/99",1,910151,3,2,4,"Uncle",6,4,0,0,6,0
2819,"7/12/99",1,910151,3,2,5,"Aunt",2,2,0,0,2,0
2659,"7/12/99",1,910221,1,1,2,"Brother",1,1,1,1,0,0
2660,"7/12/99",1,910221,1,1,5,"Aunt",3,2,0,2,1,0
2661,"7/12/99",1,910221,2,2,2,"Brother",1,1,0,1,0,0
2662,"7/12/99",1,910221,2,2,3,"Sister",1,0,0,0,1,0
2663,"7/12/99",1,910221,2,2,4,"Uncle",2,1,0,2,0,0
2664,"7/12/99",1,910222,1,1,1,"Parents",2,2,2,2,0,0
2665,"7/12/99",1,910222,1,1,2,"Brother",2,1,2,2,0,0
2666,"7/12/99",1,910222,1,1,3,"Sister",1,1,0,0,1,0
2667,"7/12/99",1,910222,1,1,4,"Uncle",2,2,1,2,0,0
2668,"7/12/99",1,910222,1,1,5,"Aunt",2,2,1,1,1,0
2669,"7/12/99",1,910222,2,2,1,"Parents",2,2,0,0,2,2
2670,"7/12/99",1,910222,2,2,2,"Brother",3,3,0,0,3,0
2671,"7/12/99",1,910222,2,2,4,"Uncle",6,6,0,0,6,0
2672,"7/12/99",1,910222,2,2,5,"Aunt",3,3,0,0,3,0
2780,"7/12/99",1,910241,1,1,2,"Brother",1,1,1,1,0,0
2781,"7/12/99",1,910241,1,1,3,"Sister",1,1,0,1,0,0
2782,"7/12/99",1,910241,2,2,2,"Brother",2,0,0,0,2,0
2783,"7/12/99",1,910241,2,2,3,"Sister",1,0,0,0,1,0
2820,"7/12/99",1,910251,1,1,2,"Brother",1,0,1,1,0,0
2821,"7/12/99",1,910251,1,1,3,"Sister",1,1,0,1,0,0
2822,"7/12/99",1,910251,2,2,2,"Brother",1,1,0,1,0,0
2823,"7/12/99",1,910251,2,2,3,"Sister",3,3,0,1,2,0
2673,"7/12/99",1,910321,1,1,2,"Brother",1,1,1,1,0,0
2674,"7/12/99",1,910321,1,1,4,"Uncle",9,0,0,0,9,0
2675,"7/12/99",1,910321,2,2,1,"Parents",1,0,1,1,0,0
2676,"7/12/99",1,910321,2,2,2,"Brother",2,0,1,2,0,0
2677,"7/12/99",1,910321,2,2,3,"Sister",2,0,1,1,1,0
2678,"7/12/99",1,910321,2,2,4,"Uncle",1,1,0,0,1,0
2679,"7/12/99",1,910322,1,1,1,"Parents",2,0,2,2,0,0
2680,"7/12/99",1,910322,1,1,2,"Brother",2,0,2,2,0,0
2681,"7/12/99",1,910322,1,1,3,"Sister",4,0,4,4,0,0
2682,"7/12/99",1,910322,1,1,4,"Uncle",3,1,2,3,0,0
2683,"7/12/99",1,910322,1,1,5,"Aunt",2,0,1,1,1,0
2684,"7/12/99",1,910322,2,2,1,"Parents",2,2,0,0,2,0
2685,"7/12/99",1,910322,2,2,2,"Brother",2,2,0,0,2,0
2686,"7/12/99",1,910322,2,2,3,"Sister",2,2,0,0,2,0
2687,"7/12/99",1,910322,2,2,4,"Uncle",4,4,0,0,4,0
2688,"7/12/99",1,910322,2,2,5,"Aunt",2,0,0,0,0,0
2784,"7/12/99",1,910341,1,1,1,"Parents",1,1,0,1,0,0
2785,"7/12/99",1,910341,1,1,2,"Brother",4,4,0,4,0,0
2786,"7/12/99",1,910341,1,1,3,"Sister",3,3,0,1,2,0
2787,"7/12/99",1,910341,1,1,4,"Uncle",4,4,0,0,4,0
2788,"7/12/99",1,910341,1,1,5,"Aunt",1,1,0,0,1,0
2789,"7/12/99",1,910341,2,2,1,"Parents",2,2,0,0,2,0
2790,"7/12/99",1,910341,2,2,2,"Brother",2,2,0,0,2,2
2791,"7/12/99",1,910341,2,2,3,"Sister",2,2,0,0,2,0
2792,"7/12/99",1,910341,2,2,4,"Uncle",6,6,0,0,6,0
2793,"7/12/99",1,910341,2,2,5,"Aunt",4,4,0,0,4,0
2824,"7/12/99",1,910351,1,1,2,"Brother",1,1,1,1,0,0
2825,"7/12/99",1,910351,1,1,6,"Son",1,1,1,1,0,0
2826,"7/12/99",1,910351,1,1,7,"Daughter",1,1,0,1,0,0
2827,"7/12/99",1,910351,2,2,3,"Sister",1,1,0,1,0,0
2828,"7/12/99",1,910351,2,2,6,"Son",1,1,1,1,0,0
2829,"7/12/99",1,910351,2,2,7,"Daughter",1,1,0,1,0,0
2830,"7/12/99",1,910352,1,1,1,"Parents",2,2,2,2,0,0
2831,"7/12/99",1,910352,1,1,2,"Brother",3,3,3,3,0,0
2832,"7/12/99",1,910352,1,1,3,"Sister",2,1,1,2,0,0
2833,"7/12/99",1,910352,1,1,4,"Uncle",1,1,1,1,0,0
2834,"7/12/99",1,910352,1,1,5,"Aunt",1,1,0,1,0,0
2835,"7/12/99",1,910352,2,2,1,"Parents",2,2,0,2,0,0
2836,"7/12/99",1,910352,2,2,2,"Brother",8,8,0,8,0,0
2837,"7/12/99",1,910352,2,2,3,"Sister",2,2,0,2,0,0
2838,"7/12/99",1,910352,2,2,4,"Uncle",7,7,0,7,0,0
2839,"7/12/99",1,910352,2,2,5,"Aunt",5,5,0,4,1,0
2689,"7/12/99",1,910421,1,1,1,"Parents",1,0,1,1,0,0
2690,"7/12/99",1,910421,1,1,2,"Brother",1,0,0,1,0,0
2691,"7/12/99",1,910421,1,1,3,"Sister",3,0,2,3,0,0
2692,"7/12/99",1,910421,2,2,1,"Parents",1,0,1,1,0,0
2693,"7/12/99",1,910421,2,2,2,"Brother",1,0,0,0,1,0
2694,"7/12/99",1,910421,2,2,3,"Sister",1,1,1,1,0,0
2695,"7/12/99",1,910421,2,2,4,"Uncle",1,0,0,0,1,0
2794,"7/12/99",1,910441,1,1,1,"Parents",1,1,1,1,0,0
2795,"7/12/99",1,910441,1,1,2,"Brother",4,4,3,4,0,3
2796,"7/12/99",1,910441,1,1,3,"Sister",3,1,1,0,2,0
2797,"7/12/99",1,910441,1,1,4,"Uncle",4,4,0,0,4,0
2798,"7/12/99",1,910441,1,1,5,"Aunt",1,1,0,0,1,0
2799,"7/12/99",1,910441,2,2,1,"Parents",2,2,0,0,2,2
2800,"7/12/99",1,910441,2,2,2,"Brother",4,4,0,0,4,0
2801,"7/12/99",1,910441,2,2,3,"Sister",3,2,0,0,3,0
2802,"7/12/99",1,910441,2,2,4,"Uncle",3,3,0,0,3,0
2803,"7/12/99",1,910441,2,2,5,"Aunt",3,3,0,0,3,0
2840,"7/12/99",1,910459,1,1,1,"Parents",1,1,1,1,0,0
2841,"7/12/99",1,910459,1,1,2,"Brother",3,3,3,3,0,0
2842,"7/12/99",1,910459,1,1,3,"Sister",2,2,0,1,1,0
2843,"7/12/99",1,910459,1,1,4,"Uncle",8,8,0,8,0,0
2844,"7/12/99",1,910459,1,1,5,"Aunt",3,3,0,2,1,0
2845,"7/12/99",1,910459,2,2,2,"Brother",4,4,0,0,4,0
2846,"7/12/99",1,910459,2,2,4,"Uncle",1,1,0,0,1,0
2847,"7/12/99",1,910459,2,2,5,"Aunt",2,2,0,0,2,0
2696,"7/12/99",1,910521,1,1,3,"Sister",1,0,1,1,0,0
2697,"7/12/99",1,910521,1,1,4,"Uncle",1,1,1,1,0,0
2698,"7/12/99",1,910521,1,1,7,"Daughter",1,0,0,1,0,0
2699,"7/12/99",1,910521,2,2,1,"Parents",2,0,0,2,0,0
2700,"7/12/99",1,910521,2,2,2,"Brother",2,0,0,2,0,0
2701,"7/12/99",1,910521,2,2,3,"Sister",1,0,0,1,0,0
2702,"7/12/99",1,910521,2,2,4,"Uncle",1,0,0,1,0,0
2703,"7/12/99",1,910521,2,2,5,"Aunt",1,0,0,1,0,0
2704,"7/12/99",1,910521,2,2,7,"Daughter",1,0,0,1,0,0
2804,"7/12/99",1,910541,1,1,1,"Parents",1,1,1,1,0,0
2805,"7/12/99",1,910541,1,1,2,"Brother",4,4,3,4,0,2
2806,"7/12/99",1,910541,1,1,3,"Sister",3,3,1,1,2,0
2807,"7/12/99",1,910541,1,1,4,"Uncle",2,2,0,0,2,0
2808,"7/12/99",1,910541,1,1,5,"Aunt",1,1,0,0,1,0
2809,"7/12/99",1,910541,3,2,1,"Parents",2,2,0,2,0,0
2810,"7/12/99",1,910541,3,2,2,"Brother",2,2,0,2,0,1
2811,"7/12/99",1,910541,3,2,3,"Sister",3,3,0,3,0,0
2812,"7/12/99",1,910541,3,2,4,"Uncle",5,5,0,3,2,0
2813,"7/12/99",1,910541,3,2,5,"Aunt",3,3,0,1,2,0
2705,"7/12/99",1,910622,1,1,1,"Parents",2,0,0,0,2,0
2706,"7/12/99",1,910622,1,1,3,"Sister",1,0,0,0,1,0
2707,"7/12/99",1,910622,1,1,4,"Uncle",5,0,0,0,5,0
2708,"7/12/99",1,910622,1,1,5,"Aunt",3,0,0,0,3,0
2709,"7/12/99",1,910622,2,2,1,"Parents",2,0,0,0,2,0
2710,"7/12/99",1,910622,2,2,2,"Brother",1,0,0,0,1,0
2711,"7/12/99",1,910622,2,2,3,"Sister",3,0,0,0,3,1
2712,"7/12/99",1,910622,2,2,4,"Uncle",4,1,0,0,4,0
2713,"7/12/99",1,910622,2,2,5,"Aunt",3,0,0,0,3,0
2714,"7/12/99",1,910721,1,1,1,"Parents",1,0,0,1,0,0
2715,"7/12/99",1,910721,1,1,2,"Brother",2,1,0,2,0,0
2716,"7/12/99",1,910721,1,1,4,"Uncle",1,0,0,1,0,0
2717,"7/12/99",1,910721,1,1,5,"Aunt",1,1,0,1,0,0
2718,"7/12/99",1,910721,1,1,6,"Son",1,1,1,1,0,0
2719,"7/12/99",1,910722,1,1,1,"Parents",1,0,0,1,0,0
2720,"7/12/99",1,910722,1,1,2,"Brother",1,0,1,1,0,0
2721,"7/12/99",1,910722,1,1,4,"Uncle",2,0,0,2,0,0
2722,"7/12/99",1,910722,1,1,5,"Aunt",2,0,0,1,1,0
2723,"7/12/99",1,910722,2,2,1,"Parents",2,0,0,0,2,0
2724,"7/12/99",1,910722,2,2,3,"Sister",3,0,0,0,3,0
2725,"7/12/99",1,910722,2,2,4,"Uncle",1,1,0,0,1,0
2726,"7/12/99",1,910722,2,2,5,"Aunt",4,1,0,0,4,0
2727,"7/12/99",1,910821,1,1,2,"Brother",1,1,1,1,0,0
2728,"7/12/99",1,910821,1,1,4,"Uncle",1,0,0,0,1,0
2729,"7/12/99",1,910821,1,1,5,"Aunt",1,0,0,0,1,0
2730,"7/12/99",1,910821,1,1,6,"Son",1,0,1,1,0,0
2731,"7/12/99",1,910821,1,1,7,"Daughter",2,0,0,1,1,0
2732,"7/12/99",1,910822,1,1,1,"Parents",1,1,0,1,0,0
2733,"7/12/99",1,910822,1,1,3,"Sister",2,0,0,1,1,0
2734,"7/12/99",1,910822,1,1,4,"Uncle",2,0,1,1,1,0
2735,"7/12/99",1,910822,2,2,1,"Parents",2,2,0,0,2,2
2736,"7/12/99",1,910822,2,2,2,"Brother",2,2,0,0,2,0
2737,"7/12/99",1,910822,2,2,3,"Sister",1,1,0,0,1,0
2738,"7/12/99",1,910822,2,2,4,"Uncle",5,5,0,0,5,0
2739,"7/12/99",1,910822,2,2,5,"Aunt",10,5,0,0,10,0
2740,"7/12/99",1,910921,1,1,1,"Parents",1,0,1,1,0,0
2741,"7/12/99",1,910921,1,1,2,"Brother",1,1,1,1,0,0
2742,"7/12/99",1,910921,1,1,3,"Sister",2,2,1,1,1,0
2743,"7/12/99",1,910921,1,1,4,"Uncle",4,3,2,2,2,0
2744,"7/12/99",1,910921,1,1,5,"Aunt",2,2,0,0,2,0
2745,"7/12/99",1,910921,2,2,1,"Parents",1,0,0,0,1,1
2746,"7/12/99",1,910921,2,2,2,"Brother",2,2,0,0,2,0
2747,"7/12/99",1,910921,2,2,3,"Sister",1,1,0,0,1,0
2748,"7/12/99",1,910921,2,2,4,"Uncle",2,2,0,0,2,0
2749,"7/12/99",1,911021,1,1,1,"Parents",1,0,1,1,0,0
2750,"7/12/99",1,911021,1,1,3,"Sister",2,0,1,1,1,0
2751,"7/12/99",1,911021,1,1,4,"Uncle",1,0,0,0,1,0
2752,"7/12/99",1,911021,1,1,5,"Aunt",1,0,0,1,0,0
2753,"7/12/99",1,911021,2,2,1,"Parents",1,0,0,0,1,0
2754,"7/12/99",1,911021,2,2,2,"Brother",1,0,0,0,1,0
2755,"7/12/99",1,911021,2,2,4,"Uncle",7,3,0,0,7,0
2756,"7/12/99",1,911021,2,2,5,"Aunt",3,3,0,0,3,0
2757,"7/12/99",1,911121,1,1,3,"Sister",2,0,0,2,0,0
2758,"7/12/99",1,911121,1,1,4,"Uncle",2,0,1,2,0,0
2759,"7/12/99",1,911121,1,1,5,"Aunt",2,0,0,1,0,0
2760,"7/12/99",1,911121,4,2,1,"Parents",2,0,0,2,0,0
2761,"7/12/99",1,911121,4,2,2,"Brother",2,0,0,2,0,0
2762,"7/12/99",1,911121,4,2,3,"Sister",1,0,0,1,0,0
2763,"7/12/99",1,911121,4,2,4,"Uncle",2,0,0,2,0,0
2764,"7/12/99",1,911121,4,2,5,"Aunt",3,0,0,3,0,0
2765,"7/12/99",1,911221,1,1,1,"Parents",2,2,2,2,0,0
2766,"7/12/99",1,911221,1,1,2,"Brother",2,2,2,2,0,0
2767,"7/12/99",1,911221,1,1,3,"Sister",1,1,1,1,0,0
2768,"7/12/99",1,911221,1,1,4,"Uncle",4,1,1,4,0,2
2769,"7/12/99",1,911221,1,1,5,"Aunt",3,3,0,3,0,0
2770,"7/12/99",1,911221,2,2,1,"Parents",2,2,0,0,2,2
2771,"7/12/99",1,911221,2,2,2,"Brother",1,1,0,0,1,0
2772,"7/12/99",1,911221,2,2,3,"Sister",2,2,0,0,2,0
2773,"7/12/99",1,911221,2,2,4,"Uncle",3,3,0,1,2,0
2774,"7/12/99",1,911221,2,2,5,"Aunt",4,4,0,1,3,0
731,"6/10/99",1,920121,1,1,2,"Brother",3,0,3,3,0,0
732,"6/13/99",1,920121,1,1,3,"Sister",4,3,1,1,3,0
733,"6/13/99",1,920121,1,1,4,"Uncle",3,1,3,3,0,0
734,"6/13/99",1,920121,1,2,1,"Parents",2,2,0,0,2,0
735,"6/13/99",1,920121,1,2,2,"Brother",3,3,0,0,3,0
736,"6/13/99",1,920121,1,2,3,"Sister",5,5,2,2,3,0
737,"6/13/99",1,920121,1,2,4,"Uncle",1,1,0,0,1,0
819,"6/13/99",1,920141,1,1,2,"Brother",3,0,3,3,0,0
820,"6/13/99",1,920141,1,1,3,"Sister",4,3,1,1,3,0
821,"6/13/99",1,920141,1,1,4,"Uncle",3,1,3,3,0,0
822,"6/13/99",1,920141,1,2,1,"Parents",2,2,0,0,2,0
823,"6/13/99",1,920141,2,2,2,"Brother",3,3,0,0,3,0
824,"6/13/99",1,920141,2,2,3,"Sister",5,4,1,1,4,0
825,"6/13/99",1,920141,2,2,4,"Uncle",1,1,0,0,1,0
826,"6/13/99",1,920141,2,2,7,"Daughter",1,1,1,0,0,0
738,"6/13/99",1,920221,1,1,2,"Brother",2,2,0,0,2,0
739,"6/13/99",1,920221,1,1,3,"Sister",1,1,0,0,1,0
740,"6/13/99",1,920221,1,1,4,"Uncle",1,1,1,1,0,0
741,"6/13/99",1,920221,2,1,1,"Parents",2,2,0,0,2,0
742,"6/13/99",1,920221,2,2,2,"Brother",2,2,0,0,2,0
743,"6/13/99",1,920221,2,2,3,"Sister",1,1,0,0,1,0
744,"6/13/99",1,920221,2,2,4,"Uncle",1,1,0,0,1,0
745,"6/13/99",1,920221,2,2,5,"Aunt",3,2,0,1,2,0
827,"6/13/99",1,920241,1,1,1,"Parents",1,0,1,1,0,0
828,"6/13/99",1,920241,1,1,2,"Brother",2,1,2,2,0,0
829,"6/13/99",1,920241,1,1,7,"Daughter",1,1,0,0,1,0
830,"6/13/99",1,920241,1,2,2,"Brother",2,0,0,0,2,0
831,"6/13/99",1,920241,1,2,5,"Aunt",2,2,0,0,2,0
832,"6/13/99",1,920241,1,2,7,"Daughter",1,1,0,0,1,0
846,"6/13/99",1,920251,1,1,2,"Brother",3,0,0,3,0,0
847,"6/13/99",1,920251,1,1,4,"Uncle",3,0,0,3,0,0
848,"6/13/99",1,920252,1,1,1,"Parents",1,1,1,1,0,0
849,"6/13/99",1,920252,1,1,2,"Brother",2,2,2,2,0,0
850,"6/13/99",1,920252,1,1,3,"Sister",1,1,0,0,1,0
851,"6/13/99",1,920252,1,1,4,"Uncle",4,4,1,3,0,0
852,"6/13/99",1,920252,2,2,1,"Parents",2,2,0,2,0,0
853,"6/13/99",1,920252,2,2,2,"Brother",1,1,0,1,0,0
854,"6/13/99",1,920252,2,2,3,"Sister",3,3,0,2,1,0
855,"6/13/99",1,920252,2,2,4,"Uncle",4,4,0,4,0,0
856,"6/13/99",1,920252,2,2,5,"Aunt",2,2,0,0,2,0
746,"6/13/99",1,920321,1,1,2,"Brother",1,1,1,1,0,0
747,"6/13/99",1,920321,1,1,3,"Sister",4,2,0,2,2,0
748,"6/13/99",1,920321,1,1,4,"Uncle",1,0,0,1,0,0
749,"6/13/99",1,920321,1,1,5,"Aunt",2,1,0,1,1,0
750,"6/13/99",1,920321,1,1,7,"Daughter",2,2,0,2,0,0
751,"6/13/99",1,920321,2,2,1,"Parents",1,0,1,1,0,0
752,"6/13/99",1,920321,2,2,3,"Sister",3,2,0,0,3,1
753,"6/13/99",1,920321,2,2,4,"Uncle",1,1,0,0,1,0
754,"6/13/99",1,920321,2,2,7,"Daughter",2,2,0,2,0,0
833,"6/13/99",1,920341,1,1,1,"Parents",1,0,1,1,0,0
834,"6/13/99",1,920341,1,1,2,"Brother",6,0,4,4,2,0
835,"6/13/99",1,920341,1,1,3,"Sister",2,0,1,1,1,0
836,"6/13/99",1,920341,1,2,1,"Parents",1,0,0,0,1,0
837,"6/13/99",1,920341,1,2,2,"Brother",2,0,0,0,2,0
838,"6/13/99",1,920341,1,2,3,"Sister",2,0,0,0,2,0
839,"6/13/99",1,920341,1,2,4,"Uncle",1,0,0,0,1,0
857,"6/13/99",1,920351,2,1,3,"Sister",1,1,0,1,0,0
858,"6/13/99",1,920351,2,1,5,"Aunt",1,1,0,1,0,0
859,"6/13/99",1,920351,2,1,6,"Son",2,2,2,0,0,0
860,"6/13/99",1,920351,2,2,1,"Parents",2,2,0,2,0,0
861,"6/13/99",1,920351,2,2,2,"Brother",1,1,0,1,0,0
862,"6/13/99",1,920351,2,2,3,"Sister",2,2,2,2,0,0
863,"6/13/99",1,920351,2,2,4,"Uncle",1,1,0,0,1,0
864,"6/13/99",1,920351,2,2,5,"Aunt",3,3,0,0,3,0
865,"6/13/99",1,920351,2,2,6,"Son",2,2,2,0,0,0
866,"6/13/99",1,920352,1,1,1,"Parents",1,1,1,1,0,0
867,"6/13/99",1,920352,1,1,2,"Brother",6,6,6,6,0,0
868,"6/13/99",1,920352,1,1,3,"Sister",2,2,1,2,0,0
869,"6/13/99",1,920352,1,1,4,"Uncle",6,6,1,5,0,0
870,"6/13/99",1,920352,1,1,5,"Aunt",10,10,2,3,5,0
871,"6/13/99",1,920352,2,2,1,"Parents",2,2,0,0,2,0
872,"6/13/99",1,920352,2,2,2,"Brother",1,1,0,0,1,0
873,"6/13/99",1,920352,2,2,3,"Sister",2,2,0,0,2,0
874,"6/13/99",1,920352,2,2,4,"Uncle",8,8,0,0,8,0
875,"6/13/99",1,920352,2,2,5,"Aunt",6,6,0,0,6,0
876,"6/13/99",1,920353,1,1,1,"Parents",1,1,1,1,0,0
877,"6/13/99",1,920353,1,1,2,"Brother",6,6,6,6,0,0
878,"6/13/99",1,920353,1,1,3,"Sister",2,2,1,2,0,0
879,"6/13/99",1,920353,1,1,4,"Uncle",6,6,1,5,0,0
880,"6/13/99",1,920353,1,1,5,"Aunt",10,10,2,3,5,0
755,"6/13/99",1,920421,1,1,2,"Brother",1,1,1,1,0,0
756,"6/13/99",1,920421,1,1,3,"Sister",6,6,0,4,2,0
757,"6/13/99",1,920421,1,1,4,"Uncle",4,4,0,0,4,0
758,"6/13/99",1,920421,1,1,5,"Aunt",1,1,0,0,1,0
759,"6/13/99",1,920421,2,2,2,"Brother",1,1,0,1,0,0
760,"6/13/99",1,920421,2,2,3,"Sister",1,1,0,0,1,0
761,"6/13/99",1,920421,2,2,4,"Uncle",5,1,0,5,0,0
840,"6/13/99",1,920441,1,2,1,"Parents",1,0,0,1,0,0
841,"6/13/99",1,920441,1,2,3,"Sister",3,1,0,2,1,0
842,"6/13/99",1,920441,1,2,4,"Uncle",1,1,0,0,1,0
843,"6/13/99",1,920441,1,2,5,"Aunt",1,1,0,1,0,0
881,"6/13/99",1,920459,1,1,2,"Brother",3,3,3,3,0,0
882,"6/13/99",1,920459,1,1,3,"Sister",1,1,1,1,0,0
883,"6/13/99",1,920459,1,1,4,"Uncle",2,2,1,1,1,0
884,"6/13/99",1,920459,1,1,5,"Aunt",1,1,0,0,1,0
885,"6/13/99",1,920459,2,2,2,"Brother",1,1,0,0,1,0
886,"6/13/99",1,920459,2,2,4,"Uncle",1,1,0,0,1,0
887,"6/13/99",1,920459,2,2,5,"Aunt",3,3,0,0,3,0
762,"6/13/99",1,920521,1,1,3,"Sister",1,1,0,1,0,0
763,"6/13/99",1,920521,1,2,1,"Parents",1,0,0,0,1,0
764,"6/13/99",1,920521,1,2,2,"Brother",1,0,0,0,1,0
765,"6/13/99",1,920521,1,2,3,"Sister",1,0,0,1,0,0
766,"6/13/99",1,920521,1,2,4,"Uncle",2,2,0,0,2,0
844,"6/13/99",1,920541,2,2,2,"Brother",2,2,0,0,2,0
845,"6/13/99",1,920541,2,2,5,"Aunt",1,0,0,0,1,0
767,"6/13/99",1,920621,1,1,2,"Brother",2,1,2,2,0,0
768,"6/13/99",1,920621,1,1,3,"Sister",2,1,1,1,1,0
769,"6/13/99",1,920621,1,2,1,"Parents",2,2,0,0,2,0
770,"6/13/99",1,920621,1,2,2,"Brother",3,3,0,0,3,0
771,"6/13/99",1,920621,1,2,3,"Sister",6,3,0,3,3,0
772,"6/13/99",1,920621,1,2,4,"Uncle",5,5,0,4,1,0
773,"6/13/99",1,920621,1,2,5,"Aunt",4,3,0,3,1,0
774,"6/13/99",1,920621,1,2,7,"Daughter",1,0,0,1,0,0
775,"6/13/99",1,920721,1,1,2,"Brother",2,0,0,2,0,0
777,"6/13/99",1,920721,1,1,4,"Uncle",4,2,0,4,0,0
778,"6/13/99",1,920721,2,2,1,"Parents",1,1,1,1,0,0
779,"6/13/99",1,920721,2,2,2,"Brother",3,3,1,1,2,0
780,"6/13/99",1,920721,2,2,3,"Sister",2,1,0,2,0,0
781,"6/13/99",1,920721,2,2,4,"Uncle",2,0,2,2,0,0
785,"6/13/99",1,920821,2,2,2,"Brother",1,1,0,0,1,1
786,"6/13/99",1,920821,2,2,3,"Sister",1,1,0,0,1,0
787,"6/13/99",1,920821,2,2,4,"Uncle",2,2,0,0,2,0
788,"6/13/99",1,920821,2,2,5,"Aunt",2,2,0,0,2,0
782,"6/13/99",1,920821,3,1,2,"Brother",3,3,0,2,1,0
783,"6/13/99",1,920821,3,1,3,"Sister",2,2,0,0,2,0
784,"6/13/99",1,920821,3,1,4,"Uncle",5,5,0,0,5,2
789,"6/13/99",1,920921,1,1,2,"Brother",2,0,2,2,0,0
790,"6/13/99",1,920921,1,1,3,"Sister",2,1,0,0,2,0
791,"6/13/99",1,920921,2,2,1,"Parents",1,1,0,0,1,0
792,"6/13/99",1,920921,2,2,2,"Brother",4,4,0,0,4,0
793,"6/13/99",1,920921,2,2,3,"Sister",4,4,0,0,4,0
794,"6/13/99",1,920921,2,2,4,"Uncle",12,12,0,0,12,0
795,"6/13/99",1,920921,2,2,5,"Aunt",4,4,0,0,4,0
796,"6/13/99",1,921021,1,1,2,"Brother",1,1,1,1,0,0
797,"6/13/99",1,921021,1,1,3,"Sister",4,3,1,3,0,0
798,"6/13/99",1,921021,1,1,4,"Uncle",6,2,4,4,0,0
799,"6/13/99",1,921021,1,1,5,"Aunt",2,2,1,1,0,0
800,"6/13/99",1,921021,2,2,1,"Parents",2,2,2,2,0,0
801,"6/13/99",1,921021,2,2,2,"Brother",5,5,5,5,0,0
802,"6/13/99",1,921021,2,2,3,"Sister",2,2,1,1,0,0
803,"6/13/99",1,921021,2,2,4,"Uncle",2,2,2,2,0,0
804,"6/13/99",1,921021,2,2,5,"Aunt",2,2,1,1,0,0
805,"6/13/99",1,921121,1,1,2,"Brother",4,0,3,3,1,0
806,"6/13/99",1,921121,1,1,3,"Sister",4,1,0,0,4,0
807,"6/13/99",1,921121,2,2,1,"Parents",1,0,0,0,1,0
808,"6/13/99",1,921121,2,2,2,"Brother",4,0,0,0,4,0
809,"6/13/99",1,921121,2,2,3,"Sister",2,1,0,0,2,0
810,"6/13/99",1,921121,2,2,4,"Uncle",1,1,0,0,1,0
811,"6/13/99",1,921121,2,2,5,"Aunt",1,0,0,0,0,0
812,"6/13/99",1,921221,1,1,2,"Brother",5,0,1,0,4,0
813,"6/13/99",1,921221,1,1,3,"Sister",3,1,0,0,3,0
814,"6/13/99",1,921221,2,2,1,"Parents",1,1,0,1,0,0
815,"6/13/99",1,921221,2,2,2,"Brother",3,1,0,3,0,0
816,"6/13/99",1,921221,2,2,3,"Sister",4,4,0,1,3,0
817,"6/13/99",1,921221,2,2,4,"Uncle",2,2,0,1,1,0
818,"6/13/99",1,921221,2,2,5,"Aunt",1,1,0,0,1,0
430,"5/31/99",1,930121,1,1,1,"Parents",1,1,1,0,0,0
431,"5/31/99",1,930121,1,1,2,"Brother",1,1,1,0,0,0
432,"5/31/99",1,930121,1,1,3,"Sister",2,2,1,1,1,0
433,"5/31/99",1,930121,1,1,4,"Uncle",2,2,2,2,0,0
434,"5/31/99",1,930121,1,1,5,"Aunt",1,1,0,0,1,0
435,"5/31/99",1,930121,1,2,1,"Parents",1,1,0,0,1,0
436,"5/31/99",1,930121,1,2,2,"Brother",6,6,0,0,6,1
437,"5/31/99",1,930121,1,2,3,"Sister",1,1,0,0,1,0
438,"5/31/99",1,930121,1,2,4,"Uncle",3,3,0,3,0,0
545,"5/31/99",1,930141,1,1,2,"Brother",2,1,2,2,0,0
546,"5/31/99",1,930141,1,1,4,"Uncle",2,0,1,1,1,0
547,"5/31/99",1,930141,1,1,5,"Aunt",1,1,0,1,0,0
548,"5/31/99",1,930141,1,1,7,"Daughter",1,1,0,1,0,0
549,"5/31/99",1,930141,1,2,7,"Daughter",1,0,0,1,0,0
584,"5/31/99",1,930151,1,1,3,"Sister",1,1,0,1,0,0
585,"5/31/99",1,930151,1,2,3,"Sister",1,1,1,1,0,0
439,"5/31/99",1,930221,1,1,2,"Brother",3,3,3,3,0,0
440,"5/31/99",1,930221,1,1,3,"Sister",2,0,2,1,0,0
441,"5/31/99",1,930221,1,1,4,"Uncle",3,3,2,3,0,0
442,"5/31/99",1,930221,1,1,5,"Aunt",1,1,0,1,0,0
443,"5/31/99",1,930221,1,2,1,"Parents",2,2,0,0,2,2
444,"5/31/99",1,930221,1,2,2,"Brother",2,2,0,0,2,0
445,"5/31/99",1,930221,1,2,3,"Sister",5,5,0,0,5,0
446,"5/31/99",1,930221,1,2,4,"Uncle",5,0,0,0,5,0
447,"5/31/99",1,930221,1,2,5,"Aunt",6,6,0,0,6,0
550,"5/31/99",1,930241,1,1,1,"Parents",1,0,1,1,0,0
551,"5/31/99",1,930241,1,1,2,"Brother",1,0,1,1,0,0
552,"5/31/99",1,930241,1,1,3,"Sister",5,4,1,1,0,0
553,"5/31/99",1,930241,1,2,1,"Parents",1,0,0,0,1,0
554,"5/31/99",1,930241,1,2,2,"Brother",4,0,0,0,4,0
555,"5/31/99",1,930241,1,2,3,"Sister",3,0,0,0,3,0
556,"5/31/99",1,930241,1,2,4,"Uncle",2,0,0,0,2,0
586,"5/31/99",1,930251,1,1,2,"Brother",2,2,2,0,0,0
587,"5/31/99",1,930251,1,1,3,"Sister",1,1,0,1,0,1
588,"5/31/99",1,930251,1,2,2,"Brother",3,3,0,0,3,0
448,"5/31/99",1,930321,1,1,2,"Brother",3,3,3,3,0,0
449,"5/31/99",1,930321,1,1,3,"Sister",2,1,0,1,1,0
450,"5/31/99",1,930321,1,1,4,"Uncle",2,2,2,2,0,0
451,"5/31/99",1,930321,1,1,5,"Aunt",1,1,0,1,0,0
452,"5/31/99",1,930321,1,2,1,"Parents",1,1,0,0,1,0
453,"5/31/99",1,930321,1,2,2,"Brother",4,4,0,0,4,0
454,"5/31/99",1,930321,1,2,3,"Sister",3,3,0,2,1,0
455,"5/31/99",1,930321,1,2,4,"Uncle",1,1,0,0,1,0
557,"5/31/99",1,930341,1,1,2,"Brother",2,0,1,2,0,0
558,"5/31/99",1,930341,1,1,3,"Sister",2,0,2,2,0,0
559,"5/31/99",1,930341,1,1,6,"Son",1,1,1,0,0,0
560,"5/31/99",1,930341,1,1,7,"Daughter",1,1,1,0,0,0
561,"5/31/99",1,930341,1,2,2,"Brother",2,0,0,0,2,0
562,"5/31/99",1,930341,1,2,3,"Sister",4,2,2,2,2,0
563,"5/31/99",1,930341,1,2,6,"Son",1,1,1,0,0,0
564,"5/31/99",1,930341,1,2,7,"Daughter",1,1,1,0,0,0
565,"5/31/99",1,930342,1,1,1,"Parents",2,2,2,2,0,0
566,"5/31/99",1,930342,1,1,2,"Brother",2,2,2,2,0,0
567,"5/31/99",1,930342,1,1,3,"Sister",2,2,1,1,0,0
568,"5/31/99",1,930342,1,1,4,"Uncle",2,2,0,2,0,0
569,"5/31/99",1,930342,1,1,5,"Aunt",2,2,0,2,0,0
570,"5/31/99",1,930342,1,2,1,"Parents",2,2,0,2,0,0
571,"5/31/99",1,930342,1,2,2,"Brother",2,2,0,2,0,0
572,"5/31/99",1,930342,1,2,3,"Sister",2,2,0,2,0,0
573,"5/31/99",1,930342,1,2,4,"Uncle",2,2,0,2,0,0
574,"5/31/99",1,930342,1,2,5,"Aunt",2,2,0,2,0,0
589,"5/31/99",1,930351,1,1,2,"Brother",1,1,1,1,0,0
590,"5/31/99",1,930351,1,1,3,"Sister",2,2,0,1,1,0
591,"5/31/99",1,930351,1,2,2,"Brother",3,3,0,0,3,0
592,"5/31/99",1,930351,1,2,3,"Sister",5,0,0,0,5,0
593,"5/31/99",1,930352,1,1,1,"Parents",2,0,0,0,2,0
594,"5/31/99",1,930352,1,1,2,"Brother",4,0,0,0,4,0
595,"5/31/99",1,930352,1,1,3,"Sister",1,0,0,0,1,0
596,"5/31/99",1,930352,1,1,4,"Uncle",2,0,0,0,2,0
597,"5/31/99",1,930352,1,1,5,"Aunt",1,1,0,0,1,0
598,"5/31/99",1,930352,2,2,1,"Parents",2,0,0,2,0,0
599,"5/31/99",1,930352,2,2,2,"Brother",1,0,0,1,0,0
600,"5/31/99",1,930352,2,2,3,"Sister",2,0,0,1,0,0
601,"5/31/99",1,930352,2,2,4,"Uncle",1,0,0,1,0,0
602,"5/31/99",1,930352,2,2,5,"Aunt",2,0,0,2,0,0
456,"5/31/99",1,930421,1,1,1,"Parents",2,0,2,2,0,0
457,"5/31/99",1,930421,1,1,2,"Brother",1,0,1,1,0,0
458,"5/31/99",1,930421,1,1,3,"Sister",2,0,0,2,0,0
459,"5/31/99",1,930421,1,2,2,"Brother",1,1,0,1,0,0
460,"5/31/99",1,930421,1,2,3,"Sister",1,0,0,1,0,0
575,"5/31/99",1,930441,1,1,2,"Brother",2,2,2,2,0,0
576,"5/31/99",1,930441,1,1,3,"Sister",2,2,2,2,0,0
577,"5/31/99",1,930441,1,2,1,"Parents",1,0,1,1,0,0
578,"5/31/99",1,930441,1,2,2,"Brother",1,0,1,1,0,0
579,"5/31/99",1,930441,1,2,3,"Sister",1,1,0,1,0,0
603,"5/31/99",1,930459,1,1,1,"Parents",2,0,0,0,0,0
604,"5/31/99",1,930459,1,1,2,"Brother",4,3,2,3,0,1
605,"5/31/99",1,930459,1,1,3,"Sister",2,2,1,1,0,0
606,"5/31/99",1,930459,1,1,4,"Uncle",1,1,0,1,0,1
607,"5/31/99",1,930459,1,1,5,"Aunt",1,1,0,0,1,0
608,"5/31/99",1,930459,1,2,1,"Parents",2,2,0,2,0,2
609,"5/31/99",1,930459,1,2,2,"Brother",3,3,0,3,0,0
610,"5/31/99",1,930459,1,2,3,"Sister",4,4,0,4,0,0
611,"5/31/99",1,930459,1,2,4,"Uncle",6,6,0,0,6,0
612,"5/31/99",1,930459,1,2,5,"Aunt",2,2,0,0,2,0
461,"5/31/99",1,930521,2,1,1,"Parents",1,0,0,1,0,0
462,"5/31/99",1,930521,2,1,2,"Brother",2,0,0,2,0,0
463,"5/31/99",1,930521,2,1,3,"Sister",2,0,0,2,0,0
464,"5/31/99",1,930521,2,1,5,"Aunt",2,1,0,1,0,0
465,"5/31/99",1,930521,2,1,7,"Daughter",2,2,0,1,1,0
466,"5/31/99",1,930521,2,2,2,"Brother",1,0,1,1,0,0
467,"5/31/99",1,930521,2,2,3,"Sister",2,0,2,2,0,0
468,"5/31/99",1,930521,2,2,4,"Uncle",2,1,2,2,0,0
469,"5/31/99",1,930521,2,2,5,"Aunt",1,0,1,1,0,0
470,"5/31/99",1,930521,2,2,7,"Daughter",2,2,0,1,1,0
580,"5/31/99",1,930541,1,1,2,"Brother",1,0,1,1,0,0
581,"5/31/99",1,930541,1,1,6,"Son",2,1,1,1,0,0
582,"5/31/99",1,930541,1,1,7,"Daughter",2,0,0,2,0,0
583,"5/31/99",1,930541,1,2,3,"Sister",1,1,0,1,0,0
471,"5/31/99",1,930621,1,1,1,"Parents",1,0,1,1,0,0
472,"5/31/99",1,930621,1,1,2,"Brother",1,0,1,1,0,0
473,"5/31/99",1,930621,1,1,3,"Sister",5,3,1,4,1,0
474,"5/31/99",1,930621,1,2,1,"Parents",1,1,0,0,1,0
475,"5/31/99",1,930621,1,2,2,"Brother",5,5,0,0,5,1
476,"5/31/99",1,930621,1,2,3,"Sister",2,0,0,0,2,0
477,"5/31/99",1,930621,1,2,4,"Uncle",6,6,0,0,6,0
478,"5/31/99",1,930621,1,2,5,"Aunt",3,3,0,0,3,0
479,"5/31/99",1,930721,1,1,2,"Brother",1,0,1,1,0,1
480,"5/31/99",1,930721,1,1,3,"Sister",4,1,0,4,0,0
481,"5/31/99",1,930721,1,2,1,"Parents",2,0,2,2,0,0
482,"5/31/99",1,930721,1,2,2,"Brother",4,0,4,4,0,0
483,"5/31/99",1,930721,1,2,3,"Sister",2,0,0,0,0,0
484,"5/31/99",1,930721,1,2,4,"Uncle",2,0,0,0,2,0
485,"5/31/99",1,930721,1,2,7,"Daughter",1,1,0,1,0,0
486,"5/31/99",1,930821,1,1,1,"Parents",2,0,0,0,0,0
487,"5/31/99",1,930821,1,1,2,"Brother",3,0,0,0,0,0
488,"5/31/99",1,930821,1,1,3,"Sister",4,0,1,1,0,0
489,"5/31/99",1,930821,1,1,4,"Uncle",2,0,2,2,0,0
490,"5/31/99",1,930821,1,1,5,"Aunt",1,0,0,0,1,0
491,"5/31/99",1,930821,2,2,1,"Parents",2,2,0,0,2,0
492,"5/31/99",1,930821,2,2,2,"Brother",4,0,0,0,4,0
493,"5/31/99",1,930821,2,2,3,"Sister",3,0,0,0,3,0
494,"5/31/99",1,930821,2,2,4,"Uncle",1,0,0,0,1,0
495,"5/31/99",1,930921,1,1,1,"Parents",2,0,2,2,0,0
496,"5/31/99",1,930921,1,1,2,"Brother",1,0,0,0,0,0
497,"5/31/99",1,930921,1,1,3,"Sister",1,0,0,1,0,0
498,"5/31/99",1,930921,1,1,4,"Uncle",1,1,1,1,0,0
499,"5/31/99",1,930921,1,2,1,"Parents",1,0,0,0,1,0
500,"5/31/99",1,930921,1,2,2,"Brother",3,0,0,0,3,0
501,"5/31/99",1,930921,1,2,3,"Sister",1,1,0,0,1,0
502,"5/31/99",1,931021,1,1,1,"Parents",1,1,1,1,0,0
503,"5/31/99",1,931021,1,1,2,"Brother",1,1,1,1,0,0
504,"5/31/99",1,931021,1,1,3,"Sister",2,1,1,1,1,0
505,"5/31/99",1,931021,1,1,4,"Uncle",1,0,0,0,1,0
506,"5/31/99",1,931021,1,1,5,"Aunt",1,1,0,0,1,0
507,"5/31/99",1,931021,1,2,1,"Parents",2,2,0,2,0,0
508,"5/31/99",1,931021,1,2,2,"Brother",3,3,0,3,0,0
509,"5/31/99",1,931021,1,2,3,"Sister",3,1,0,2,1,0
510,"5/31/99",1,931021,1,2,4,"Uncle",1,1,0,1,0,0
511,"5/31/99",1,931021,1,2,5,"Aunt",1,1,0,1,0,0
512,"5/31/99",1,931022,1,1,1,"Parents",1,1,1,1,0,0
513,"5/31/99",1,931022,1,1,2,"Brother",1,1,1,1,0,0
514,"5/31/99",1,931022,1,1,3,"Sister",1,1,1,1,0,0
515,"5/31/99",1,931022,1,1,4,"Uncle",1,1,1,1,0,0
516,"5/31/99",1,931022,1,1,5,"Aunt",1,0,0,0,1,0
517,"5/31/99",1,931022,2,2,1,"Parents",2,0,0,0,2,0
518,"5/31/99",1,931022,2,2,2,"Brother",2,2,0,0,2,0
519,"5/31/99",1,931022,2,2,3,"Sister",4,4,0,0,4,0
520,"5/31/99",1,931022,2,2,4,"Uncle",2,2,0,0,2,0
521,"5/31/99",1,931022,2,2,5,"Aunt",3,2,0,0,3,0
522,"5/31/99",1,931121,1,1,1,"Parents",1,1,1,0,0,0
523,"5/31/99",1,931121,1,1,2,"Brother",2,0,2,2,0,2
524,"5/31/99",1,931121,1,1,3,"Sister",4,0,0,2,2,0
525,"5/31/99",1,931121,1,1,4,"Uncle",1,0,0,1,0,0
526,"5/31/99",1,931121,1,2,1,"Parents",1,0,0,1,0,0
527,"5/31/99",1,931121,1,2,2,"Brother",1,0,0,1,0,0
528,"5/31/99",1,931121,1,2,3,"Sister",1,0,0,1,0,0
529,"5/31/99",1,931121,1,2,5,"Aunt",1,0,0,1,0,0
530,"5/31/99",1,931221,1,1,2,"Brother",1,0,1,1,0,0
531,"5/31/99",1,931221,1,1,6,"Son",1,1,0,0,1,0
532,"5/31/99",1,931221,1,1,7,"Daughter",1,1,1,0,0,0
533,"5/31/99",1,931221,1,2,3,"Sister",2,2,0,2,0,0
534,"5/31/99",1,931221,1,2,6,"Son",1,1,1,0,1,0
535,"5/31/99",1,931221,1,2,7,"Daughter",1,1,1,0,0,0
536,"5/31/99",1,931222,1,1,1,"Parents",2,0,2,2,0,0
537,"5/31/99",1,931222,1,1,2,"Brother",2,0,2,2,0,0
538,"5/31/99",1,931222,1,1,3,"Sister",2,0,1,1,1,0
539,"5/31/99",1,931222,1,1,4,"Uncle",1,0,1,1,0,0
540,"5/31/99",1,931222,1,2,1,"Parents",2,2,0,0,2,0
541,"5/31/99",1,931222,1,2,2,"Brother",4,4,0,0,4,0
542,"5/31/99",1,931222,1,2,3,"Sister",2,2,0,0,2,0
543,"5/31/99",1,931222,1,2,4,"Uncle",4,4,0,0,4,0
544,"5/31/99",1,931222,1,2,5,"Aunt",2,2,0,0,2,0
247,"5/23/99",1,1010121,1,1,2,"Brother",3,1,3,3,0,1
248,"5/27/99",1,1010121,1,1,3,"Sister",3,0,0,3,0,0
249,"5/27/99",1,1010121,1,1,5,"Aunt",2,0,0,2,0,0
250,"5/27/99",1,1010121,1,2,1,"Parents",2,0,0,0,2,0
251,"5/27/99",1,1010121,1,2,2,"Brother",4,0,0,0,4,2
252,"5/27/99",1,1010121,1,2,3,"Sister",2,0,0,0,2,0
253,"5/27/99",1,1010121,1,2,4,"Uncle",2,0,0,0,2,0
329,"5/28/99",1,1010141,1,1,2,"Brother",4,0,4,0,0,1
330,"5/28/99",1,1010141,1,1,3,"Sister",3,0,0,3,0,0
331,"5/28/99",1,1010141,1,1,4,"Uncle",5,0,3,0,2,0
332,"5/28/99",1,1010141,1,1,5,"Aunt",2,0,2,0,0,0
333,"5/28/99",1,1010141,1,2,2,"Brother",2,0,0,2,0,0
334,"5/28/99",1,1010141,1,2,3,"Sister",6,0,0,6,0,0
356,"5/28/99",1,1010151,1.79769313486232e+308,1.79769313486232e+308,1.79769313486232e+308,".",1.79769313486232e+308,1.79769313486232e+308,1.79769313486232e+308,1.79769313486232e+308,1.79769313486232e+308,1.79769313486232e+308
359,"5/28/99",1,1010152,1,1,2,"Brother",2,2,2,0,0,1
360,"5/28/99",1,1010152,1,1,6,"Son",1,0,1,0,0,0
579,"9/11/99",1,1010153,1,1,1,"Parents",1,0,1,0,0,0
580,"9/11/99",1,1010153,1,1,2,"Brother",2,0,1,0,1,1
581,"9/11/99",1,1010153,1,1,3,"Sister",1,0,1,0,0,0
582,"9/11/99",1,1010153,1,2,1,"Parents",2,0,0,2,0,1
583,"9/11/99",1,1010153,1,2,2,"Brother",5,0,0,2,0,1
584,"9/11/99",1,1010153,1,2,3,"Sister",6,0,0,2,0,0
585,"9/11/99",1,1010153,1,2,4,"Uncle",4,0,0,2,2,0
254,"5/27/99",1,1010221,1,1,2,"Brother",4,2,4,0,0,1
255,"5/28/99",1,1010221,1,1,3,"Sister",3,1,3,0,0,0
256,"5/28/99",1,1010221,2,2,2,"Brother",6,5,0,5,0,0
257,"5/28/99",1,1010221,2,2,3,"Sister",5,0,0,5,0,0
258,"5/28/99",1,1010221,2,2,4,"Uncle",2,0,0,2,0,0
259,"5/28/99",1,1010221,2,2,5,"Aunt",7,0,0,7,0,0
553,"9/11/99",1,1010241,1,1,2,"Brother",3,0,3,0,0,1
554,"9/11/99",1,1010241,1,1,3,"Sister",3,0,1,2,0,0
555,"9/11/99",1,1010241,1,1,5,"Aunt",2,0,0,2,0,0
556,"9/11/99",1,1010241,2,2,1,"Parents",2,0,2,0,0,1
557,"9/11/99",1,1010241,2,2,2,"Brother",3,0,3,0,0,0
361,"5/28/99",1,1010251,1,1,2,"Brother",2,0,2,0,0,1
362,"5/28/99",1,1010251,1,1,4,"Uncle",5,0,1,4,0,0
363,"5/28/99",1,1010251,1,2,2,"Brother",3,0,0,3,0,2
364,"5/28/99",1,1010251,1,2,3,"Sister",2,0,0,2,0,0
260,"5/28/99",1,1010321,1,1,1,"Parents",1,0,1,0,0,0
261,"5/28/99",1,1010321,1,1,3,"Sister",3,0,3,0,0,1
262,"5/28/99",1,1010321,1,1,4,"Uncle",1,0,1,0,0,0
263,"5/28/99",1,1010321,1,1,5,"Aunt",4,0,1,3,0,0
264,"5/28/99",1,1010321,1,2,1,"Parents",2,0,0,2,0,1
265,"5/28/99",1,1010321,1,2,2,"Brother",5,0,0,5,0,0
266,"5/28/99",1,1010321,1,2,3,"Sister",3,0,0,3,0,0
267,"5/28/99",1,1010321,1,2,5,"Aunt",2,0,0,2,0,0
335,"5/28/99",1,1010341,1,1,2,"Brother",1,0,1,0,0,1
336,"5/28/99",1,1010341,1,1,3,"Sister",3,0,3,0,0,0
337,"5/28/99",1,1010341,1,1,6,"Son",1,0,1,0,0,1
338,"5/28/99",1,1010341,1,2,2,"Brother",4,0,0,4,0,0
339,"5/28/99",1,1010341,1,2,3,"Sister",2,0,0,2,0,0
340,"5/28/99",1,1010341,1,2,5,"Aunt",3,0,0,3,0,0
341,"5/28/99",1,1010341,1,2,6,"Son",1,0,1,0,0,1
342,"5/28/99",1,1010341,1,2,7,"Daughter",2,0,0,2,0,0
365,"5/28/99",1,1010351,1,1,4,"Uncle",4,0,4,0,0,0
366,"5/28/99",1,1010351,1,1,6,"Son",3,0,3,0,0,3
367,"5/28/99",1,1010351,1,1,7,"Daughter",3,0,0,3,0,0
368,"5/28/99",1,1010351,1,2,2,"Brother",2,0,0,2,0,2
369,"5/28/99",1,1010351,1,2,4,"Uncle",5,0,0,5,0,0
370,"5/28/99",1,1010351,1,2,6,"Son",3,0,3,0,0,3
371,"5/28/99",1,1010351,1,2,7,"Daughter",3,0,0,3,0,0
268,"5/28/99",1,1010421,1,1,2,"Brother",5,2,5,0,0,1
269,"5/28/99",1,1010421,1,1,3,"Sister",2,2,0,2,0,0
270,"5/28/99",1,1010421,1,1,5,"Aunt",2,0,2,0,0,0
271,"5/28/99",1,1010421,1,1,6,"Son",4,0,1,0,3,2
272,"5/28/99",1,1010421,1,1,7,"Daughter",3,3,1,2,0,0
273,"5/28/99",1,1010421,1,2,2,"Brother",2,2,0,2,0,1
274,"5/28/99",1,1010421,1,2,3,"Sister",1,1,0,1,0,0
275,"5/28/99",1,1010421,1,2,6,"Son",4,0,1,0,3,2
276,"5/28/99",1,1010421,1,2,7,"Daughter",3,3,1,2,0,0
277,"5/28/99",1,1010422,1,1,1,"Parents",2,1,2,0,0,1
278,"5/28/99",1,1010422,1,1,2,"Brother",4,0,1,0,4,2
279,"5/28/99",1,1010422,1,1,3,"Sister",3,0,0,3,0,1
280,"5/28/99",1,1010422,1,1,4,"Uncle",5,3,5,0,0,0
281,"5/28/99",1,1010422,1,1,5,"Aunt",2,0,0,2,0,0
282,"5/28/99",1,1010422,1,2,1,"Parents",2,1,0,2,0,1
283,"5/28/99",1,1010422,1,2,2,"Brother",1,0,0,1,0,0
284,"5/28/99",1,1010422,1,2,3,"Sister",4,0,0,4,0,1
285,"5/28/99",1,1010422,1,2,4,"Uncle",3,0,0,3,0,0
286,"5/28/99",1,1010422,1,2,5,"Aunt",2,0,0,2,0,0
343,"5/28/99",1,1010441,1,1,2,"Brother",2,0,2,0,0,2
344,"5/28/99",1,1010441,1,1,6,"Son",1,0,1,0,0,1
345,"5/28/99",1,1010441,1,1,7,"Daughter",4,0,3,1,0,2
372,"5/28/99",1,1010459,1,1,2,"Brother",2,0,2,0,0,2
373,"5/28/99",1,1010459,1,1,3,"Sister",1,0,1,0,0,0
374,"5/28/99",1,1010459,1,1,6,"Son",2,0,2,0,0,0
375,"5/28/99",1,1010459,1,1,7,"Daughter",3,0,0,3,0,0
376,"5/28/99",1,1010459,1,2,2,"Brother",4,0,0,4,0,0
377,"5/28/99",1,1010459,1,2,3,"Sister",3,0,2,1,0,0
378,"5/28/99",1,1010459,1,2,6,"Son",2,0,2,0,0,0
379,"5/28/99",1,1010459,1,2,7,"Daughter",3,0,2,1,0,0
346,"5/28/99",1,1010542,1,1,1,"Parents",2,0,2,0,0,1
347,"5/28/99",1,1010542,1,1,2,"Brother",3,0,3,0,0,0
348,"5/28/99",1,1010542,1,1,3,"Sister",2,0,2,0,0,0
349,"5/28/99",1,1010542,1,1,4,"Uncle",4,0,4,0,0,0
350,"5/28/99",1,1010542,1,2,2,"Brother",3,0,0,3,0,1
351,"5/28/99",1,1010542,1,2,4,"Uncle",5,0,0,5,0,0
287,"5/28/99",1,1010621,1,1,2,"Brother",2,0,2,0,0,0
288,"5/28/99",1,1010621,1,1,3,"Sister",1,0,0,1,0,0
289,"5/28/99",1,1010621,1,1,4,"Uncle",3,0,3,0,0,0
290,"5/28/99",1,1010621,1,2,2,"Brother",3,0,0,3,0,2
291,"5/28/99",1,1010621,1,2,3,"Sister",2,0,0,1,0,0
292,"5/28/99",1,1010621,1,2,4,"Uncle",4,0,0,4,0,0
293,"5/28/99",1,1010621,1,2,5,"Aunt",3,0,0,3,0,0
294,"5/28/99",1,1010821,1,1,2,"Brother",2,2,2,0,0,2
295,"5/28/99",1,1010821,1,1,6,"Son",4,0,4,0,0,4
296,"5/28/99",1,1010821,1,1,7,"Daughter",2,2,0,2,0,0
297,"5/28/99",1,1010821,1,2,2,"Brother",3,0,0,3,0,0
298,"5/28/99",1,1010821,1,2,3,"Sister",2,0,0,2,0,0
299,"5/28/99",1,1010821,1,2,6,"Son",4,0,4,0,0,4
300,"5/28/99",1,1010821,1,2,7,"Daughter",2,2,0,2,0,0
301,"5/28/99",1,1010921,1,1,2,"Brother",2,0,2,0,0,1
302,"5/28/99",1,1010921,1,1,4,"Uncle",1,1,0,1,0,0
303,"5/28/99",1,1010921,1,1,5,"Aunt",1,1,0,1,0,0
304,"5/28/99",1,1010921,1,2,2,"Brother",1,0,0,1,0,0
305,"5/28/99",1,1010921,1,2,3,"Sister",1,0,0,1,0,0
306,"5/28/99",1,1010921,1,2,4,"Uncle",2,2,0,2,0,0
307,"5/28/99",1,1011021,1,1,2,"Brother",3,0,3,0,0,1
308,"5/28/99",1,1011021,1,1,3,"Sister",3,0,0,3,0,0
309,"5/28/99",1,1011021,1,1,4,"Uncle",4,0,4,0,0,0
310,"5/28/99",1,1011021,1,1,5,"Aunt",5,0,0,5,0,0
311,"5/28/99",1,1011021,1,2,2,"Brother",6,0,0,6,0,0
312,"5/28/99",1,1011021,1,2,4,"Uncle",2,0,0,2,0,0
313,"5/28/99",1,1011121,1,1,1,"Parents",1,0,1,0,0,0
314,"5/28/99",1,1011121,1,1,2,"Brother",3,0,3,0,0,0
315,"5/28/99",1,1011121,1,1,3,"Sister",2,0,0,2,0,0
316,"5/28/99",1,1011121,1,1,6,"Son",2,0,1,0,1,1
317,"5/28/99",1,1011121,1,2,2,"Brother",1,0,0,1,0,1
318,"5/28/99",1,1011121,1,2,3,"Sister",3,0,0,3,0,0
319,"5/28/99",1,1011121,1,2,6,"Son",2,0,1,0,1,1
320,"5/28/99",1,1011221,1,1,1,"Parents",2,1,2,0,0,1
321,"5/28/99",1,1011221,1,1,2,"Brother",6,0,6,0,0,0
322,"5/28/99",1,1011221,1,1,3,"Sister",2,0,0,2,0,0
323,"5/28/99",1,1011221,1,1,4,"Uncle",3,0,3,0,0,0
324,"5/28/99",1,1011221,1,1,5,"Aunt",2,0,0,2,0,0
325,"5/28/99",1,1011221,1,2,1,"Parents",2,2,0,2,0,1
326,"5/28/99",1,1011221,1,2,2,"Brother",2,0,0,2,0,0
327,"5/28/99",1,1011221,1,2,3,"Sister",3,0,0,3,0,0
328,"5/28/99",1,1011221,1,2,4,"Uncle",5,0,0,3,2,0
505,"9/11/99",1,1020121,1,1,2,"Brother",2,0,1,0,1,0
506,"9/11/99",1,1020121,1,1,6,"Son",2,0,2,0,0,0
507,"9/11/99",1,1020121,1,1,7,"Daughter",3,0,3,0,0,0
508,"9/11/99",1,1020121,1,2,2,"Brother",3,0,0,2,1,0
509,"9/11/99",1,1020121,1,2,3,"Sister",2,0,0,2,0,0
510,"9/11/99",1,1020121,1,2,6,"Son",2,0,2,0,0,0
511,"9/11/99",1,1020121,1,2,7,"Daughter",3,0,0,3,0,0
582,"6/03/99",1,1020122,1,1,1,"Parents",2,1,2,0,0,1
583,"6/08/99",1,1020122,1,1,2,"Brother",3,0,3,0,0,0
584,"6/08/99",1,1020122,1,1,3,"Sister",2,0,0,2,0,0
585,"6/08/99",1,1020122,1,1,4,"Uncle",2,0,2,0,0,0
586,"6/08/99",1,1020122,1,1,5,"Aunt",4,0,1,3,0,0
587,"6/08/99",1,1020122,1,1,7,"Daughter",1,0,0,0,0,0
588,"6/08/99",1,1020122,2,2,1,"Parents",2,1,0,0,0,1
589,"6/08/99",1,1020122,2,2,2,"Brother",6,0,0,6,0,0
590,"6/08/99",1,1020122,2,2,4,"Uncle",5,0,0,5,0,0
591,"6/08/99",1,1020122,2,2,5,"Aunt",3,0,0,0,3,0
592,"6/08/99",1,1020122,2,2,7,"Daughter",1,0,0,0,0,0
593,"6/08/99",1,1020123,1,1,1,"Parents",2,1,2,0,0,0
594,"6/08/99",1,1020123,1,1,2,"Brother",3,0,3,0,0,0
595,"6/08/99",1,1020123,1,1,3,"Sister",2,0,0,2,0,0
596,"6/08/99",1,1020123,1,1,4,"Uncle",2,0,2,0,0,0
597,"6/08/99",1,1020123,1,1,5,"Aunt",4,0,1,3,0,0
598,"6/08/99",1,1020123,2,2,1,"Parents",2,1,0,2,0,1
599,"6/08/99",1,1020123,2,2,2,"Brother",5,0,0,5,0,0
600,"6/08/99",1,1020123,2,2,3,"Sister",1,0,0,1,0,0
601,"6/08/99",1,1020123,2,2,4,"Uncle",3,0,0,3,0,0
602,"6/08/99",1,1020123,2,2,5,"Aunt",5,0,0,0,5,0
724,"6/09/99",1,1020141,1,1,2,"Brother",3,0,3,0,0,0
725,"6/09/99",1,1020141,1,1,3,"Sister",2,0,0,2,0,0
726,"6/09/99",1,1020141,1,2,1,"Parents",2,0,0,2,0,1
727,"6/09/99",1,1020141,1,2,2,"Brother",5,0,0,5,0,0
728,"6/09/99",1,1020141,1,2,3,"Sister",2,0,0,2,0,0
729,"6/09/99",1,1020141,1,2,5,"Aunt",1,0,0,1,0,0
768,"6/09/99",1,1020151,2,1,1,"Parents",1,0,1,0,0,0
769,"6/09/99",1,1020151,2,1,2,"Brother",3,2,3,0,0,1
770,"6/09/99",1,1020151,2,1,3,"Sister",3,3,0,3,0,0
771,"6/09/99",1,1020151,2,1,4,"Uncle",2,2,2,0,0,0
772,"6/09/99",1,1020151,2,1,5,"Aunt",3,0,0,3,0,0
773,"6/09/99",1,1020151,2,2,1,"Parents",2,1,2,0,0,1
774,"6/09/99",1,1020151,2,2,2,"Brother",2,0,2,0,0,0
775,"6/09/99",1,1020151,2,2,3,"Sister",5,0,0,5,0,0
776,"6/09/99",1,1020151,2,2,4,"Uncle",3,3,0,3,0,0
777,"6/09/99",1,1020151,2,2,5,"Aunt",2,0,0,2,0,0
603,"6/08/99",1,1020221,1,1,1,"Parents",1,0,1,0,0,0
604,"6/08/99",1,1020221,1,1,2,"Brother",4,0,3,0,0,0
605,"6/08/99",1,1020221,1,1,3,"Sister",3,2,0,3,0,1
606,"6/08/99",1,1020221,1,1,4,"Uncle",2,2,2,0,0,0
607,"6/08/99",1,1020221,1,1,7,"Daughter",3,0,0,3,0,0
608,"6/08/99",1,1020221,2,2,1,"Parents",1,0,0,1,0,0
609,"6/08/99",1,1020221,2,2,2,"Brother",3,0,0,3,0,0
610,"6/08/99",1,1020221,2,2,3,"Sister",4,0,0,4,0,0
611,"6/08/99",1,1020221,2,2,7,"Daughter",3,0,0,3,0,0
730,"6/09/99",1,1020241,1,1,1,"Parents",1,0,1,0,0,0
731,"6/09/99",1,1020241,1,1,2,"Brother",2,0,1,0,1,0
732,"6/09/99",1,1020241,1,1,3,"Sister",1,0,1,0,0,0
733,"6/09/99",1,1020241,1,1,4,"Uncle",4,0,4,0,0,1
734,"6/09/99",1,1020241,1,1,5,"Aunt",2,0,0,2,0,0
735,"6/09/99",1,1020241,1,2,1,"Parents",1,0,0,1,0,1
736,"6/09/99",1,1020241,1,2,3,"Sister",2,0,0,2,0,0
737,"6/09/99",1,1020241,1,2,4,"Uncle",2,0,0,2,0,0
738,"6/09/99",1,1020241,1,2,5,"Aunt",3,0,0,3,0,0
778,"6/09/99",1,1020251,1,1,2,"Brother",1,0,1,0,0,1
779,"6/09/99",1,1020251,1,1,4,"Uncle",1,0,0,1,0,0
780,"6/09/99",1,1020251,1,2,1,"Parents",1,1,0,1,0,1
781,"6/09/99",1,1020251,1,2,2,"Brother",2,2,0,2,0,1
782,"6/09/99",1,1020251,1,2,3,"Sister",5,3,0,3,2,0
783,"6/09/99",1,1020251,1,2,4,"Uncle",3,2,0,3,0,0
612,"6/08/99",1,1020321,1,1,1,"Parents",2,1,2,0,0,2
613,"6/08/99",1,1020321,1,1,2,"Brother",4,2,2,0,2,1
614,"6/08/99",1,1020321,1,1,3,"Sister",3,3,0,2,1,0
615,"6/08/99",1,1020321,1,1,4,"Uncle",2,2,2,0,0,0
616,"6/08/99",1,1020321,1,1,5,"Aunt",1,0,1,0,0,0
617,"6/08/99",1,1020321,1,2,1,"Parents",2,1,0,2,0,1
618,"6/08/99",1,1020321,1,2,2,"Brother",4,0,0,2,0,0
619,"6/08/99",1,1020321,1,2,3,"Sister",3,0,2,1,0,0
620,"6/08/99",1,1020321,1,2,4,"Uncle",2,2,0,2,0,0
739,"6/09/99",1,1020341,3,1,2,"Brother",3,0,3,0,0,0
740,"6/09/99",1,1020341,3,1,3,"Sister",4,0,0,4,0,0
741,"6/09/99",1,1020341,3,1,6,"Son",2,0,2,0,0,2
742,"6/09/99",1,1020341,3,1,7,"Daughter",1,0,0,1,0,0
743,"6/09/99",1,1020341,3,2,1,"Parents",1,0,0,1,0,0
744,"6/09/99",1,1020341,3,2,2,"Brother",5,0,0,3,0,2
745,"6/09/99",1,1020341,3,2,3,"Sister",4,0,0,2,2,0
746,"6/09/99",1,1020341,3,2,4,"Uncle",2,0,0,2,0,0
747,"6/09/99",1,1020341,3,2,6,"Son",2,0,2,0,0,2
748,"6/09/99",1,1020341,3,2,7,"Daughter",1,0,1,1,0,0
784,"6/09/99",1,1020351,1,1,2,"Brother",3,3,3,0,0,0
785,"6/09/99",1,1020351,1,1,3,"Sister",5,4,0,4,1,0
786,"6/09/99",1,1020351,1,1,7,"Daughter",3,3,0,2,1,0
787,"6/09/99",1,1020351,1,2,2,"Brother",4,3,0,4,0,1
788,"6/09/99",1,1020351,1,2,3,"Sister",3,3,0,3,0,0
621,"6/08/99",1,1020421,1,1,2,"Brother",1,1,1,0,0,0
622,"6/08/99",1,1020421,1,1,6,"Son",1,0,1,0,0,0
623,"6/08/99",1,1020421,1,1,7,"Daughter",2,2,0,2,0,0
624,"6/08/99",1,1020421,1,2,2,"Brother",5,5,0,5,0,2
625,"6/08/99",1,1020421,1,2,3,"Sister",3,0,0,3,0,0
626,"6/08/99",1,1020421,1,2,6,"Son",1,0,1,0,0,0
627,"6/08/99",1,1020421,1,2,7,"Daughter",2,2,0,2,0,0
628,"6/08/99",1,1020422,1,1,1,"Parents",2,1,1,0,0,1
629,"6/08/99",1,1020422,1,1,2,"Brother",1,0,1,0,0,0
630,"6/08/99",1,1020422,1,1,3,"Sister",2,2,0,2,0,0
631,"6/08/99",1,1020422,1,1,4,"Uncle",6,6,1,5,0,0
632,"6/08/99",1,1020422,1,1,5,"Aunt",3,0,0,3,0,0
633,"6/08/99",1,1020422,1,2,1,"Parents",2,1,0,2,0,1
634,"6/08/99",1,1020422,1,2,2,"Brother",4,0,0,4,0,0
635,"6/08/99",1,1020422,1,2,3,"Sister",2,0,0,2,0,0
636,"6/08/99",1,1020422,1,2,4,"Uncle",3,3,0,3,0,0
637,"6/08/99",1,1020422,1,2,5,"Aunt",5,2,0,5,0,0
749,"6/09/99",1,1020441,1,1,1,"Parents",2,0,2,0,0,1
750,"6/09/99",1,1020441,1,1,2,"Brother",3,0,3,0,0,0
751,"6/09/99",1,1020441,1,1,3,"Sister",3,0,0,3,0,0
752,"6/09/99",1,1020441,1,1,4,"Uncle",3,0,3,0,0,0
753,"6/09/99",1,1020441,1,1,5,"Aunt",6,0,0,6,0,0
754,"6/09/99",1,1020441,1,2,1,"Parents",2,0,2,0,0,1
755,"6/09/99",1,1020441,1,2,2,"Brother",2,0,2,0,0,0
756,"6/09/99",1,1020441,1,2,3,"Sister",4,0,0,4,0,0
757,"6/09/99",1,1020441,1,2,4,"Uncle",4,0,4,0,0,1
758,"6/09/99",1,1020441,1,2,5,"Aunt",3,0,0,3,0,0
789,"6/09/99",1,1020459,1,1,2,"Brother",1,0,0,0,0,0
790,"6/09/99",1,1020459,1,1,3,"Sister",6,4,2,4,0,1
791,"6/09/99",1,1020459,1,1,7,"Daughter",1,0,0,1,0,0
792,"6/09/99",1,1020459,1,2,1,"Parents",1,0,1,0,0,0
793,"6/09/99",1,1020459,1,2,2,"Brother",3,0,3,0,0,0
794,"6/09/99",1,1020459,1,2,3,"Sister",3,0,3,3,0,0
795,"6/09/99",1,1020459,1,2,4,"Uncle",2,0,1,0,0,0
796,"6/09/99",1,1020459,1,2,5,"Aunt",2,0,1,0,0,0
638,"6/08/99",1,1020521,1,1,2,"Brother",5,0,5,0,0,0
639,"6/08/99",1,1020521,1,1,3,"Sister",1,0,0,1,0,0
640,"6/08/99",1,1020521,1,1,4,"Uncle",4,2,2,2,0,1
641,"6/08/99",1,1020521,1,1,5,"Aunt",5,0,1,4,0,0
642,"6/08/99",1,1020521,1,2,1,"Parents",1,1,0,1,0,1
643,"6/08/99",1,1020521,1,2,2,"Brother",5,0,0,5,0,0
644,"6/08/99",1,1020521,1,2,3,"Sister",3,0,0,3,0,0
645,"6/08/99",1,1020521,1,2,4,"Uncle",2,0,0,2,0,0
646,"6/08/99",1,1020521,1,2,5,"Aunt",1,0,0,1,0,0
759,"6/09/99",1,1020541,1,1,1,"Parents",1,0,1,0,0,0
760,"6/09/99",1,1020541,1,1,2,"Brother",5,3,5,0,0,2
761,"6/09/99",1,1020541,1,1,3,"Sister",3,0,0,3,0,0
762,"6/09/99",1,1020541,1,1,4,"Uncle",2,0,2,0,0,0
763,"6/09/99",1,1020541,1,1,5,"Aunt",1,0,0,1,0,0
764,"6/09/99",1,1020541,1,2,1,"Parents",1,1,0,1,0,1
765,"6/09/99",1,1020541,1,2,2,"Brother",2,1,0,2,0,2
766,"6/09/99",1,1020541,1,2,3,"Sister",4,0,0,4,0,0
767,"6/09/99",1,1020541,1,2,4,"Uncle",5,0,0,5,0,0
647,"6/08/99",1,1020621,1,1,2,"Brother",2,1,2,0,0,0
648,"6/08/99",1,1020621,1,1,3,"Sister",6,0,0,6,0,0
649,"6/08/99",1,1020621,1,1,4,"Uncle",7,4,0,7,0,0
650,"6/08/99",1,1020621,1,1,5,"Aunt",2,0,0,2,0,0
651,"6/08/99",1,1020621,1,1,6,"Son",1,0,1,0,0,0
652,"6/08/99",1,1020621,1,1,7,"Daughter",2,0,1,1,0,0
653,"6/08/99",1,1020621,1,2,1,"Parents",2,1,0,2,0,1
654,"6/08/99",1,1020621,1,2,2,"Brother",3,0,0,3,0,1
655,"6/08/99",1,1020621,1,2,3,"Sister",2,0,0,2,0,0
656,"6/08/99",1,1020621,1,2,4,"Uncle",3,0,0,3,0,0
657,"6/08/99",1,1020621,1,2,5,"Aunt",1,0,1,0,0,0
658,"6/08/99",1,1020621,1,2,6,"Son",1,0,1,0,0,0
659,"6/08/99",1,1020621,1,2,7,"Daughter",2,0,2,0,0,0
660,"6/08/99",1,1020622,1,1,1,"Parents",2,1,2,0,0,1
661,"6/08/99",1,1020622,1,1,2,"Brother",2,0,2,0,0,0
662,"6/08/99",1,1020622,1,1,3,"Sister",4,0,2,2,0,0
663,"6/08/99",1,1020622,1,1,4,"Uncle",3,2,3,0,0,0
664,"6/08/99",1,1020622,1,1,5,"Aunt",4,2,2,2,0,2
665,"6/08/99",1,1020622,1,2,1,"Parents",2,1,0,2,0,1
666,"6/08/99",1,1020622,1,2,2,"Brother",4,0,0,4,0,0
667,"6/08/99",1,1020622,1,2,3,"Sister",3,0,0,3,0,0
668,"6/08/99",1,1020622,1,2,4,"Uncle",8,0,0,8,0,1
669,"6/08/99",1,1020622,1,2,5,"Aunt",4,0,0,4,0,0
670,"6/08/99",1,1020721,1,1,2,"Brother",3,3,3,0,0,1
671,"6/08/99",1,1020721,1,1,3,"Sister",2,2,0,2,0,0
672,"6/08/99",1,1020721,1,1,4,"Uncle",1,0,1,0,0,0
673,"6/08/99",1,1020721,1,1,5,"Aunt",3,1,0,3,0,0
674,"6/08/99",1,1020721,1,2,1,"Parents",2,1,0,2,0,1
675,"6/08/99",1,1020721,1,2,2,"Brother",4,0,0,4,0,0
676,"6/08/99",1,1020721,1,2,3,"Sister",2,0,0,2,0,0
677,"6/08/99",1,1020721,1,2,4,"Uncle",6,5,0,3,3,0
678,"6/08/99",1,1020721,1,2,5,"Aunt",4,0,0,4,0,0
679,"6/08/99",1,1020821,1,1,2,"Brother",5,2,5,0,0,1
680,"6/09/99",1,1020821,1,1,3,"Sister",1,0,0,1,0,0
681,"6/09/99",1,1020821,1,1,4,"Uncle",3,0,3,0,0,0
682,"6/09/99",1,1020821,1,1,5,"Aunt",2,0,2,0,0,0
683,"6/09/99",1,1020821,1,2,1,"Parents",2,1,0,2,0,1
684,"6/09/99",1,1020821,1,2,2,"Brother",5,0,0,5,0,0
685,"6/09/99",1,1020821,1,2,3,"Sister",2,0,0,1,1,0
686,"6/09/99",1,1020821,1,2,4,"Uncle",4,2,0,2,2,0
687,"6/09/99",1,1020821,1,2,5,"Aunt",1,0,0,1,0,0
688,"6/09/99",1,1020921,1,1,3,"Sister",2,0,1,1,0,0
689,"6/09/99",1,1020921,1,1,4,"Uncle",5,0,5,0,0,0
690,"6/09/99",1,1020921,1,1,5,"Aunt",3,0,0,3,0,0
691,"6/09/99",1,1020921,1,1,7,"Daughter",1,0,1,0,0,0
692,"6/09/99",1,1020921,1,2,2,"Brother",5,3,5,0,0,2
693,"6/09/99",1,1020921,1,2,3,"Sister",2,0,0,2,0,0
694,"6/09/99",1,1020921,1,2,4,"Uncle",4,0,0,3,1,0
695,"6/09/99",1,1020921,1,2,5,"Aunt",1,0,0,1,0,0
696,"6/09/99",1,1021021,1,1,1,"Parents",1,0,1,0,0,0
697,"6/09/99",1,1021021,1,1,2,"Brother",4,0,4,0,0,0
698,"6/09/99",1,1021021,1,1,3,"Sister",5,0,2,3,0,0
699,"6/09/99",1,1021021,1,1,4,"Uncle",2,0,2,0,0,0
700,"6/09/99",1,1021021,1,1,7,"Daughter",2,0,1,1,0,0
701,"6/09/99",1,1021021,1,2,1,"Parents",1,0,0,1,0,0
702,"6/09/99",1,1021021,1,2,2,"Brother",2,0,0,2,0,1
703,"6/09/99",1,1021021,1,2,3,"Sister",1,0,0,1,0,0
704,"6/09/99",1,1021021,1,2,4,"Uncle",3,0,0,3,0,0
705,"6/09/99",1,1021021,1,2,5,"Aunt",5,0,0,2,3,0
706,"6/09/99",1,1021021,1,2,7,"Daughter",2,0,1,1,0,0
707,"6/09/99",1,1021121,1,1,2,"Brother",4,0,4,0,0,0
708,"6/09/99",1,1021121,1,1,3,"Sister",2,0,0,2,0,1
709,"6/09/99",1,1021121,1,1,4,"Uncle",3,0,3,0,0,0
710,"6/09/99",1,1021121,1,1,5,"Aunt",5,0,0,5,0,0
711,"6/09/99",1,1021121,1,2,1,"Parents",2,1,0,2,0,1
712,"6/09/99",1,1021121,1,2,2,"Brother",2,0,0,2,0,0
713,"6/09/99",1,1021121,1,2,3,"Sister",3,0,0,2,1,0
714,"6/09/99",1,1021121,1,2,4,"Uncle",4,0,0,4,0,0
715,"6/09/99",1,1021221,1,1,2,"Brother",4,0,4,0,0,2
716,"6/09/99",1,1021221,1,1,3,"Sister",2,0,0,2,0,0
717,"6/09/99",1,1021221,1,1,4,"Uncle",3,0,3,0,0,0
718,"6/09/99",1,1021221,1,1,5,"Aunt",1,0,0,1,0,0
719,"6/09/99",1,1021221,1,2,1,"Parents",2,1,0,2,0,1
720,"6/09/99",1,1021221,1,2,2,"Brother",1,0,0,1,0,0
721,"6/09/99",1,1021221,1,2,3,"Sister",3,0,0,3,0,0
722,"6/09/99",1,1021221,1,2,4,"Uncle",4,0,0,4,0,0
723,"6/09/99",1,1021221,1,2,5,"Aunt",5,0,0,5,0,0
606,"8/12/99",1,1030121,1,1,1,"Parents",1,0,1,1,0,0
607,"8/12/99",1,1030121,1,1,2,"Brother",3,3,1,1,0,1
608,"8/12/99",1,1030121,1,1,3,"Sister",4,4,0,4,0,0
609,"8/12/99",1,1030121,1,1,4,"Uncle",2,2,2,2,0,0
610,"8/12/99",1,1030121,1,1,5,"Aunt",2,2,2,2,0,0
611,"8/12/99",1,1030121,1,2,1,"Parents",1,1,0,1,0,1
612,"8/12/99",1,1030121,1,2,2,"Brother",2,0,0,2,0,0
613,"8/12/99",1,1030121,1,2,3,"Sister",5,3,0,3,2,0
614,"8/12/99",1,1030121,1,2,5,"Aunt",3,0,0,3,0,0
700,"8/12/99",1,1030141,1,1,2,"Brother",1,0,1,1,0,0
701,"8/12/99",1,1030141,1,1,3,"Sister",4,0,2,2,0,0
702,"8/12/99",1,1030141,1,1,4,"Uncle",1,0,1,1,0,0
703,"8/12/99",1,1030141,1,1,5,"Aunt",3,0,2,2,0,0
704,"8/12/99",1,1030141,1,2,1,"Parents",2,0,2,2,0,0
705,"8/12/99",1,1030141,1,2,2,"Brother",3,0,3,3,0,0
706,"8/12/99",1,1030141,1,2,3,"Sister",2,0,1,2,0,0
707,"8/12/99",1,1030141,1,2,5,"Aunt",2,0,1,2,0,0
748,"8/12/99",1,1030151,1,1,3,"Sister",3,3,1,1,2,0
749,"8/12/99",1,1030151,1,1,4,"Uncle",4,2,0,4,0,0
750,"8/12/99",1,1030151,1,1,5,"Aunt",2,0,0,2,0,0
751,"8/12/99",1,1030151,1,1,6,"Son",1,0,0,0,1,1
752,"8/12/99",1,1030151,1,2,2,"Brother",3,2,3,3,0,0
753,"8/12/99",1,1030151,1,2,3,"Sister",2,0,2,2,0,0
615,"8/12/99",1,1030221,1,1,1,"Parents",1,0,1,1,0,0
616,"8/12/99",1,1030221,1,1,2,"Brother",3,0,3,3,0,0
617,"8/12/99",1,1030221,1,1,3,"Sister",5,0,0,5,0,0
618,"8/12/99",1,1030221,1,2,2,"Brother",3,2,0,3,0,1
619,"8/12/99",1,1030221,1,2,3,"Sister",5,0,0,5,0,0
620,"8/12/99",1,1030221,1,2,4,"Uncle",1,0,0,1,0,0
621,"8/12/99",1,1030222,1,1,1,"Parents",1,0,1,1,0,0
622,"8/12/99",1,1030222,1,1,2,"Brother",3,0,3,3,0,1
623,"8/12/99",1,1030222,1,1,3,"Sister",2,0,0,2,0,0
624,"8/12/99",1,1030222,1,1,4,"Uncle",2,0,0,2,0,0
625,"8/12/99",1,1030222,2,2,1,"Parents",2,0,0,2,0,1
626,"8/12/99",1,1030222,2,2,2,"Brother",5,0,0,5,0,0
627,"8/12/99",1,1030222,2,2,3,"Sister",2,0,0,2,0,0
628,"8/12/99",1,1030222,2,2,4,"Uncle",4,0,0,4,0,0
629,"8/12/99",1,1030222,2,2,5,"Aunt",1,0,0,1,0,0
708,"8/12/99",1,1030241,2,1,2,"Brother",2,0,2,2,0,0
709,"8/12/99",1,1030241,2,1,3,"Sister",3,0,1,3,0,0
710,"8/12/99",1,1030241,2,1,7,"Daughter",1,0,1,1,0,0
711,"8/12/99",1,1030241,2,2,1,"Parents",1,0,1,1,0,0
712,"8/12/99",1,1030241,2,2,2,"Brother",5,0,5,5,0,2
713,"8/12/99",1,1030241,2,2,3,"Sister",1,0,0,1,0,0
714,"8/12/99",1,1030241,2,2,4,"Uncle",2,0,0,2,0,0
715,"8/12/99",1,1030241,2,2,5,"Aunt",1,0,1,1,0,0
716,"8/12/99",1,1030241,2,2,7,"Daughter",1,0,1,1,0,0
755,"8/12/99",1,1030251,1,1,1,"Parents",2,1,0,0,2,1
756,"8/12/99",1,1030251,1,1,2,"Brother",4,0,0,0,2,0
757,"8/12/99",1,1030251,1,1,3,"Sister",3,0,0,0,3,0
758,"8/12/99",1,1030251,1,1,4,"Uncle",1,1,0,1,0,0
759,"8/12/99",1,1030251,1,1,5,"Aunt",5,5,0,2,3,0
630,"8/12/99",1,1030321,1,1,1,"Parents",1,0,1,1,0,0
631,"8/12/99",1,1030321,1,1,2,"Brother",2,0,2,2,0,0
632,"8/12/99",1,1030321,1,1,3,"Sister",2,0,2,2,0,0
633,"8/12/99",1,1030321,1,1,4,"Uncle",3,0,2,2,1,0
634,"8/12/99",1,1030321,1,2,2,"Brother",4,2,0,2,2,1
635,"8/12/99",1,1030321,1,2,4,"Uncle",3,0,0,3,0,0
717,"8/12/99",1,1030341,1,1,3,"Sister",1,0,0,0,1,0
718,"8/12/99",1,1030341,1,1,6,"Son",1,0,1,1,0,0
719,"8/12/99",1,1030341,1,1,7,"Daughter",1,0,0,1,0,0
720,"8/12/99",1,1030341,2,2,2,"Brother",2,0,0,0,2,0
721,"8/12/99",1,1030341,2,2,6,"Son",1,0,1,1,0,0
722,"8/12/99",1,1030341,2,2,7,"Daughter",1,0,0,1,0,0
723,"8/12/99",1,1030342,1,1,1,"Parents",2,0,2,2,0,1
724,"8/12/99",1,1030342,1,1,2,"Brother",2,0,2,2,0,0
725,"8/12/99",1,1030342,1,1,3,"Sister",2,0,2,2,0,0
726,"8/12/99",1,1030342,1,1,4,"Uncle",4,2,0,0,4,0
727,"8/12/99",1,1030342,1,1,5,"Aunt",4,0,0,0,4,0
728,"8/12/99",1,1030342,1,2,1,"Parents",2,0,0,0,2,0
729,"8/12/99",1,1030342,1,2,2,"Brother",3,0,0,0,3,0
730,"8/12/99",1,1030342,1,2,4,"Uncle",2,0,0,0,2,0
731,"8/12/99",1,1030342,1,2,5,"Aunt",1,0,0,0,1,0
760,"8/12/99",1,1030351,1,1,6,"Son",4,2,4,4,0,0
761,"8/12/99",1,1030351,1,1,7,"Daughter",5,0,1,3,0,0
762,"8/12/99",1,1030351,2,2,1,"Parents",1,0,0,1,0,0
763,"8/12/99",1,1030351,2,2,2,"Brother",2,1,0,2,0,0
764,"8/12/99",1,1030351,2,2,3,"Sister",3,0,0,3,0,0
765,"8/12/99",1,1030351,2,2,5,"Aunt",1,0,0,1,0,0
766,"8/12/99",1,1030351,2,2,7,"Daughter",1,1,0,1,0,0
767,"8/12/99",1,1030352,1,1,1,"Parents",2,1,2,2,0,1
768,"8/12/99",1,1030352,1,1,2,"Brother",4,0,4,4,0,0
769,"8/12/99",1,1030352,1,1,3,"Sister",5,0,0,5,0,0
770,"8/12/99",1,1030352,1,1,4,"Uncle",2,0,2,2,0,0
771,"8/12/99",1,1030352,1,1,5,"Aunt",1,0,0,1,0,0
772,"8/12/99",1,1030352,1,2,1,"Parents",2,1,0,2,0,1
773,"8/12/99",1,1030352,1,2,2,"Brother",5,0,0,5,0,0
774,"8/12/99",1,1030352,1,2,3,"Sister",4,0,0,2,2,0
775,"8/12/99",1,1030352,1,2,4,"Uncle",3,0,0,3,0,0
776,"8/12/99",1,1030352,1,2,5,"Aunt",1,0,0,1,0,0
636,"8/12/99",1,1030421,1,1,2,"Brother",5,2,0,5,0,0
637,"8/12/99",1,1030421,1,1,3,"Sister",3,3,0,3,0,0
638,"8/12/99",1,1030421,1,1,4,"Uncle",2,0,0,2,0,0
639,"8/12/99",1,1030421,1,1,5,"Aunt",3,2,0,3,0,0
640,"8/12/99",1,1030421,1,2,3,"Sister",3,2,3,3,0,0
641,"8/12/99",1,1030421,1,2,4,"Uncle",4,4,4,4,0,0
642,"8/12/99",1,1030421,1,2,5,"Aunt",3,0,1,2,0,0
732,"8/12/99",1,1030441,1,1,2,"Brother",2,0,2,2,0,0
733,"8/12/99",1,1030441,1,1,3,"Sister",4,0,3,3,0,0
734,"8/12/99",1,1030441,1,1,7,"Daughter",1,0,1,1,0,0
735,"8/12/99",1,1030441,1,2,1,"Parents",2,0,0,0,0,0
736,"8/12/99",1,1030441,1,2,2,"Brother",4,0,2,2,0,0
737,"8/12/99",1,1030441,1,2,3,"Sister",2,0,0,2,0,0
738,"8/12/99",1,1030441,1,2,7,"Daughter",1,0,1,1,0,0
777,"8/12/99",1,1030459,1,1,2,"Brother",2,2,2,2,0,0
778,"8/12/99",1,1030459,1,1,3,"Sister",3,2,1,2,0,0
779,"8/12/99",1,1030459,1,1,7,"Daughter",1,1,1,1,0,0
780,"8/12/99",1,1030459,1,2,2,"Brother",5,3,0,3,2,0
781,"8/12/99",1,1030459,1,2,4,"Uncle",2,1,0,1,1,0
782,"8/12/99",1,1030459,1,2,5,"Aunt",1,0,0,1,0,0
783,"8/12/99",1,1030459,1,2,7,"Daughter",1,1,1,1,0,0
643,"8/12/99",1,1030521,1,1,1,"Parents",1,0,1,1,0,0
644,"8/12/99",1,1030521,1,1,2,"Brother",3,3,1,1,0,0
645,"8/12/99",1,1030521,1,1,3,"Sister",4,0,0,4,0,0
646,"8/12/99",1,1030521,1,1,4,"Uncle",1,0,1,1,0,0
647,"8/12/99",1,1030521,1,2,1,"Parents",1,0,0,1,0,0
648,"8/12/99",1,1030521,1,2,2,"Brother",6,6,0,6,0,0
739,"8/12/99",1,1030541,1,1,1,"Parents",2,0,2,2,0,0
740,"8/12/99",1,1030541,1,1,2,"Brother",3,0,3,3,0,0
741,"8/12/99",1,1030541,1,1,3,"Sister",5,0,2,3,0,0
742,"8/12/99",1,1030541,1,1,4,"Uncle",1,0,1,1,0,0
743,"8/12/99",1,1030541,1,2,1,"Parents",2,0,2,2,0,1
744,"8/12/99",1,1030541,1,2,2,"Brother",5,0,5,5,0,0
745,"8/12/99",1,1030541,1,2,3,"Sister",1,0,0,1,0,0
746,"8/12/99",1,1030541,1,2,4,"Uncle",4,0,2,2,0,0
747,"8/12/99",1,1030541,1,2,5,"Aunt",3,0,0,3,0,0
649,"8/12/99",1,1030621,1,1,1,"Parents",1,0,0,1,0,0
650,"8/12/99",1,1030621,1,1,2,"Brother",3,3,0,3,0,1
651,"8/12/99",1,1030621,1,1,3,"Sister",4,2,0,4,0,0
652,"8/12/99",1,1030621,1,1,4,"Uncle",1,1,0,1,0,0
653,"8/12/99",1,1030621,1,2,1,"Parents",2,1,0,2,0,1
654,"8/12/99",1,1030621,1,2,2,"Brother",3,0,0,3,0,0
655,"8/12/99",1,1030621,1,2,3,"Sister",5,0,0,2,3,0
656,"8/12/99",1,1030621,1,2,4,"Uncle",4,0,0,4,0,0
657,"8/12/99",1,1030621,1,2,5,"Aunt",2,0,0,1,1,0
658,"8/12/99",1,1030721,1,1,2,"Brother",4,4,4,4,0,0
659,"8/12/99",1,1030721,1,1,3,"Sister",4,0,0,4,0,0
660,"8/12/99",1,1030721,1,1,4,"Uncle",1,1,1,1,0,0
661,"8/12/99",1,1030721,1,1,5,"Aunt",1,1,0,1,0,0
662,"8/12/99",1,1030721,1,2,1,"Parents",2,2,0,2,0,1
663,"8/12/99",1,1030721,1,2,2,"Brother",2,0,0,2,0,0
664,"8/12/99",1,1030721,1,2,3,"Sister",3,0,0,1,2,0
665,"8/12/99",1,1030721,1,2,4,"Uncle",3,0,0,3,0,0
666,"8/12/99",1,1030721,1,2,5,"Aunt",2,0,0,2,0,0
667,"8/12/99",1,1030821,1,1,2,"Brother",3,3,1,1,0,0
668,"8/12/99",1,1030821,1,1,3,"Sister",2,0,0,2,0,0
669,"8/12/99",1,1030821,1,1,7,"Daughter",1,0,1,1,0,0
670,"8/12/99",1,1030821,1,2,3,"Sister",1,0,1,1,0,0
671,"8/12/99",1,1030821,1,2,4,"Uncle",3,0,0,0,3,2
672,"8/12/99",1,1030821,1,2,7,"Daughter",1,0,0,1,0,0
673,"8/12/99",1,1030921,2,1,2,"Brother",2,0,1,1,1,0
674,"8/12/99",1,1030921,2,1,3,"Sister",2,0,0,0,2,0
675,"8/12/99",1,1030921,2,1,7,"Daughter",2,0,0,0,0,0
676,"8/12/99",1,1030921,2,2,1,"Parents",1,0,0,0,0,0
677,"8/12/99",1,1030921,2,2,2,"Brother",2,0,0,0,2,1
678,"8/12/99",1,1030921,2,2,3,"Sister",5,0,0,0,0,0
679,"8/12/99",1,1030921,2,2,7,"Daughter",2,0,0,0,0,0
680,"8/12/99",1,1031021,2,1,2,"Brother",2,2,2,2,0,0
681,"8/12/99",1,1031021,2,1,3,"Sister",3,0,0,2,1,0
682,"8/12/99",1,1031021,2,2,2,"Brother",2,0,1,2,0,0
683,"8/12/99",1,1031021,2,2,3,"Sister",1,0,1,1,0,0
684,"8/12/99",1,1031021,2,2,7,"Daughter",1,0,0,0,0,0
685,"8/12/99",1,1031121,1,1,2,"Brother",2,1,2,2,0,1
686,"8/12/99",1,1031121,1,1,3,"Sister",2,0,2,2,0,0
687,"8/12/99",1,1031121,1,1,7,"Daughter",2,0,0,2,0,0
688,"8/12/99",1,1031121,2,2,1,"Parents",1,0,0,1,0,0
689,"8/12/99",1,1031121,2,2,2,"Brother",4,2,0,4,0,1
690,"8/12/99",1,1031121,2,2,3,"Sister",4,0,0,4,0,0
691,"8/12/99",1,1031121,2,2,4,"Uncle",1,0,0,0,0,0
692,"8/12/99",1,1031121,2,2,7,"Daughter",2,0,0,2,0,0
693,"8/12/99",1,1031221,1,1,2,"Brother",1,1,1,1,0,0
694,"8/12/99",1,1031221,1,1,3,"Sister",1,1,0,1,0,0
695,"8/12/99",1,1031221,1,1,7,"Daughter",1,0,0,1,0,0
696,"8/12/99",1,1031221,1,2,2,"Brother",4,2,0,4,0,1
697,"8/12/99",1,1031221,1,2,3,"Sister",4,0,0,2,2,0
698,"8/12/99",1,1031221,1,2,4,"Uncle",1,1,0,1,0,0
699,"8/12/99",1,1031221,1,2,7,"Daughter",1,0,0,0,0,0
1,"5/19/99",1,1110121,1,1,1,"Parents",2,0,1,0,0,0
2,"5/23/99",1,1110121,1,1,2,"Brother",3,1,3,0,0,2
3,"5/23/99",1,1110121,1,1,3,"Sister",5,0,0,5,0,4
4,"5/23/99",1,1110121,1,1,4,"Uncle",2,1,0,2,0,0
5,"5/23/99",1,1110121,1,1,5,"Aunt",1,0,1,1,0,0
6,"5/23/99",1,1110121,2,2,1,"Parents",1,0,0,1,0,0
7,"5/23/99",1,1110121,2,2,2,"Brother",2,0,0,2,0,0
8,"5/23/99",1,1110121,2,2,3,"Sister",5,2,0,5,0,2
9,"5/23/99",1,1110121,2,2,4,"Uncle",2,1,0,2,0,0
10,"5/23/99",1,1110121,2,2,5,"Aunt",3,0,0,3,0,0
119,"5/24/99",1,1110141,2,1,2,"Brother",2,1,2,0,0,2
120,"5/24/99",1,1110141,2,1,6,"Son",1,0,0,0,1,0
121,"5/24/99",1,1110141,2,2,2,"Brother",2,1,0,0,2,2
122,"5/24/99",1,1110141,2,2,3,"Sister",3,2,0,0,3,1
123,"5/24/99",1,1110141,2,2,6,"Son",1,0,0,0,1,0
151,"5/24/99",1,1110151,1,1,2,"Brother",4,4,4,0,0,0
152,"5/24/99",1,1110151,1,1,3,"Sister",2,2,0,2,0,0
153,"5/24/99",1,1110151,1,1,4,"Uncle",2,2,0,2,0,0
154,"5/24/99",1,1110151,1,1,5,"Aunt",1,0,0,1,0,0
155,"5/24/99",1,1110151,1,1,6,"Son",1,1,1,0,0,0
156,"5/24/99",1,1110151,3,2,2,"Brother",3,0,0,3,0,2
157,"5/24/99",1,1110151,3,2,3,"Sister",2,0,0,2,0,1
158,"5/24/99",1,1110151,3,2,5,"Aunt",3,0,0,3,0,0
159,"5/24/99",1,1110151,3,2,7,"Daughter",1,1,0,1,0,0
165,"5/24/99",1,1110152,1,1,1,"Parents",3,3,3,0,0,0
166,"5/24/99",1,1110152,1,1,2,"Brother",4,0,4,0,0,0
167,"5/24/99",1,1110152,1,1,3,"Sister",4,1,2,2,0,0
168,"5/24/99",1,1110152,1,1,4,"Uncle",5,4,3,2,0,0
169,"5/24/99",1,1110152,1,1,5,"Aunt",3,3,0,3,0,0
170,"5/24/99",1,1110152,2,2,1,"Prents",2,2,0,2,0,2
171,"5/24/99",1,1110152,2,2,2,"Brother",4,0,0,4,0,0
172,"5/24/99",1,1110152,2,2,3,"Sister",4,2,0,4,0,0
173,"5/24/99",1,1110152,2,2,4,"Uncle",5,5,0,5,0,0
11,"5/23/99",1,1110221,1,1,3,"Sister",2,2,0,0,2,2
12,"5/23/99",1,1110221,2,2,1,"Parents",2,0,0,2,0,0
13,"5/23/99",1,1110221,2,2,2,"Brother",3,0,0,3,0,0
14,"5/23/99",1,1110221,2,2,3,"Sister",6,1,1,4,2,2
15,"5/23/99",1,1110221,2,2,4,"Uncle",3,3,0,3,0,0
16,"5/23/99",1,1110221,2,2,5,"Aunt",2,2,0,1,1,0
124,"5/24/99",1,1110241,2,1,3,"Sister",3,1,0,2,1,1
125,"5/24/99",1,1110241,2,1,4,"Uncle",1,0,0,0,1,0
174,"5/24/99",1,1110251,1,1,3,"Sister",1,1,0,0,1,0
175,"5/24/99",1,1110251,1,1,6,"Son",1,0,0,0,1,1
176,"5/24/99",1,1110251,1,1,7,"Daughter",2,1,1,0,1,1
177,"5/24/99",1,1110251,2,2,6,"Son",1,0,0,0,1,1
178,"5/24/99",1,1110251,2,2,7,"Daughter",2,1,1,0,1,1
17,"5/23/99",1,1110321,1,1,1,"Parents",1,0,1,0,0,0
18,"5/23/99",1,1110321,1,1,2,"Brother",4,0,4,0,0,1
19,"5/23/99",1,1110321,1,1,3,"Sister",3,0,2,1,0,2
20,"5/23/99",1,1110321,1,1,4,"Uncle",5,2,5,0,0,0
21,"5/23/99",1,1110321,1,1,5,"Aunt",4,1,4,0,0,0
22,"5/23/99",1,1110321,2,2,1,"Parents",1,0,0,1,0,0
23,"5/23/99",1,1110321,2,2,2,"Brother",3,0,0,3,0,2
24,"5/23/99",1,1110321,2,2,3,"Sister",1,0,0,1,0,0
25,"5/23/99",1,1110321,2,2,4,"Uncle",1,0,0,1,0,0
26,"5/23/99",1,1110321,2,2,5,"Aunt",1,0,0,1,0,0
126,"5/24/99",1,1110341,1,1,1,"Parents",2,1,2,0,0,1
127,"5/24/99",1,1110341,1,1,2,"Brother",3,0,3,0,0,1
128,"5/24/99",1,1110341,1,1,3,"Sister",3,0,2,1,0,0
129,"5/24/99",1,1110341,1,1,4,"Uncle",2,2,2,0,0,0
130,"5/24/99",1,1110341,1,1,5,"Aunt",4,1,0,4,0,0
131,"5/24/99",1,1110341,2,2,1,"Prents",2,0,0,2,0,0
132,"5/24/99",1,1110341,2,2,2,"Brother",3,0,0,2,1,0
133,"5/24/99",1,1110341,2,2,3,"Sister",1,0,0,1,0,0
134,"5/24/99",1,1110341,2,2,4,"Uncle",4,4,0,4,0,0
135,"5/24/99",1,1110341,2,2,5,"Aunt",4,1,0,4,0,0
179,"5/24/99",1,1110351,1,1,2,"Brother",2,2,0,2,0,0
180,"5/24/99",1,1110351,1,1,3,"Sister",2,2,0,2,0,0
181,"5/24/99",1,1110351,1,1,4,"Uncle",1,1,0,1,0,0
182,"5/24/99",1,1110351,1,1,6,"Son",2,0,0,0,2,0
183,"5/24/99",1,1110351,1,1,7,"Daughter",2,0,0,0,2,2
27,"5/23/99",1,1110421,1,1,1,"Parents",1,0,1,0,0,0
28,"5/23/99",1,1110421,1,1,2,"Brother",2,0,2,0,0,0
29,"5/23/99",1,1110421,1,1,3,"Sister",1,1,0,1,0,0
30,"5/23/99",1,1110421,1,1,4,"Uncle",9,9,4,5,0,2
31,"5/23/99",1,1110421,1,1,5,"Aunt",3,3,0,2,1,0
32,"5/23/99",1,1110421,5,2,1,"Parents",1,0,0,1,0,0
33,"5/23/99",1,1110421,5,2,2,"Brother",4,4,0,0,4,0
34,"5/23/99",1,1110421,5,2,3,"Sister",1,0,0,0,1,0
35,"5/23/99",1,1110421,5,2,4,"Uncle",7,7,0,0,7,0
36,"5/23/99",1,1110421,5,2,5,"Aunt",4,4,0,0,4,0
136,"5/24/99",1,1110441,1,1,2,"Brother",3,0,3,0,0,0
137,"5/24/99",1,1110441,1,1,5,"Aunt",1,0,0,0,1,0
138,"5/24/99",1,1110441,1,1,6,"Son",2,0,0,0,2,1
139,"5/24/99",1,1110441,1,1,7,"Daughter",3,0,0,0,3,1
140,"5/24/99",1,1110441,2,2,2,"Brother",3,2,0,0,3,0
141,"5/24/99",1,1110441,2,2,3,"Sister",1,0,0,0,1,0
142,"5/24/99",1,1110441,2,2,6,"Son",2,0,0,0,2,1
143,"5/24/99",1,1110441,2,2,7,"Daughter",3,0,0,0,3,1
184,"5/24/99",1,1110459,1,1,2,"Brother",1,0,1,0,0,0
185,"5/24/99",1,1110459,1,1,3,"Sister",4,0,1,0,3,2
186,"5/24/99",1,1110459,1,1,7,"Daughter",1,0,1,0,0,0
187,"5/24/99",1,1110459,2,2,2,"Brother",1,0,0,0,1,0
188,"5/24/99",1,1110459,2,2,3,"Sister",1,0,0,1,0,0
189,"5/24/99",1,1110459,2,2,7,"Daughter",1,0,0,1,0,0
37,"5/23/99",1,1110521,1,1,1,"Parents",2,2,2,0,0,0
38,"5/23/99",1,1110521,1,1,2,"Brother",3,3,3,0,0,0
39,"5/23/99",1,1110521,1,1,3,"Sister",3,3,0,3,0,3
40,"5/23/99",1,1110521,1,1,5,"Aunt",1,1,0,1,0,0
41,"5/23/99",1,1110521,2,2,1,"Parents",2,2,0,2,0,2
42,"5/23/99",1,1110521,2,2,2,"Brother",4,0,0,4,0,0
43,"5/23/99",1,1110521,2,2,3,"Sister",2,0,0,2,0,0
44,"5/23/99",1,1110521,2,2,4,"Uncle",2,2,0,2,0,0
45,"5/23/99",1,1110521,2,2,5,"Aunt",1,1,0,1,0,0
144,"5/24/99",1,1110541,3,1,2,"Brother",1,0,1,0,0,0
145,"5/24/99",1,1110541,3,1,3,"Sister",3,0,0,0,3,0
146,"5/24/99",1,1110541,3,1,6,"Son",2,0,2,0,0,0
147,"5/24/99",1,1110541,5,2,2,"Brother",3,0,0,0,3,0
148,"5/24/99",1,1110541,5,2,3,"Sister",1,1,0,1,0,0
149,"5/24/99",1,1110541,5,2,6,"Son",2,0,2,0,0,0
150,"5/24/99",1,1110541,5,2,7,"Daughter",1,0,0,0,1,0
46,"5/23/99",1,1110621,1,1,1,"Parents",1,0,1,0,0,0
47,"5/23/99",1,1110621,1,1,2,"Brother",1,0,1,0,0,0
48,"5/23/99",1,1110621,1,1,3,"Sister",2,2,0,2,0,0
49,"5/23/99",1,1110621,1,1,4,"Uncle",1,1,0,1,0,0
50,"5/23/99",1,1110621,1,1,5,"Aunt",1,1,0,1,0,0
51,"5/23/99",1,1110621,1,1,7,"Daughter",1,1,1,0,0,0
52,"5/23/99",1,1110621,2,2,1,"Parents",2,1,0,2,0,0
53,"5/23/99",1,1110621,2,2,2,"Brother",7,2,0,7,0,0
54,"5/23/99",1,1110621,2,2,3,"Sister",1,0,0,1,0,0
55,"5/23/99",1,1110621,2,2,4,"Uncle",1,0,0,1,0,0
56,"5/23/99",1,1110621,2,2,5,"Aunt",4,2,0,2,2,0
57,"5/23/99",1,1110621,2,2,7,"Daughter",1,0,1,0,0,0
58,"5/23/99",1,1110721,1,1,1,"Parents",2,1,2,0,0,0
59,"5/23/99",1,1110721,1,1,2,"Brother",3,1,3,0,0,0
60,"5/23/99",1,1110721,1,1,3,"Sister",3,1,1,2,0,0
61,"5/23/99",1,1110721,1,1,5,"Aunt",1,0,0,1,0,0
62,"5/23/99",1,1110721,2,2,1,"Parents",2,1,0,0,2,0
63,"5/23/99",1,1110721,2,2,2,"Brother",2,0,0,0,2,0
64,"5/23/99",1,1110721,2,2,3,"Sister",3,1,0,0,3,0
65,"5/23/99",1,1110721,2,2,4,"Uncle",3,3,0,0,3,0
66,"5/23/99",1,1110721,2,2,5,"Aunt",3,0,0,0,3,0
67,"5/23/99",1,1110821,1,1,2,"Brother",1,0,1,0,0,1
68,"5/23/99",1,1110821,1,1,3,"Sister",2,2,0,2,0,0
69,"5/23/99",1,1110821,1,1,7,"Daughter",3,0,0,3,0,0
70,"5/23/99",1,1110821,2,2,2,"Brother",1,1,1,0,0,0
71,"5/23/99",1,1110821,2,2,3,"Sister",2,0,0,2,0,0
72,"5/23/99",1,1110821,2,2,7,"Daughter",3,0,3,0,0,0
73,"5/23/99",1,1110921,1,1,2,"Brother",3,3,3,0,0,2
74,"5/23/99",1,1110921,1,1,3,"Sister",2,0,0,2,0,1
75,"5/23/99",1,1110921,2,2,2,"Brother",6,6,0,6,0,2
76,"5/23/99",1,1110921,2,2,3,"Sister",2,2,0,2,0,1
77,"5/23/99",1,1111021,1,1,2,"Brother",3,0,3,0,0,0
78,"5/23/99",1,1111021,1,1,3,"Sister",3,0,2,0,1,2
79,"5/23/99",1,1111021,1,1,4,"Uncle",3,0,2,0,1,2
80,"5/23/99",1,1111021,5,2,1,"Prents",2,1,0,0,2,0
81,"5/24/99",1,1111021,5,2,2,"Brother",1,0,0,0,1,0
82,"5/24/99",1,1111021,5,2,3,"Sister",2,0,0,0,2,0
83,"5/24/99",1,1111021,5,2,4,"Uncle",5,5,0,3,2,0
84,"5/24/99",1,1111021,5,2,5,"Aunt",6,3,0,3,3,0
85,"5/24/99",1,1111022,1,1,2,"Brother",2,0,2,0,0,0
86,"5/24/99",1,1111022,1,1,3,"Sister",3,0,3,0,0,0
87,"5/24/99",1,1111022,1,1,5,"Aunt",3,0,0,3,0,0
88,"5/24/99",1,1111022,2,2,1,"Prents",2,2,0,2,0,0
89,"5/24/99",1,1111022,2,2,2,"Brother",5,2,0,5,0,0
90,"5/24/99",1,1111022,2,2,3,"Sister",4,2,0,4,0,0
91,"5/24/99",1,1111022,2,2,4,"Uncle",7,5,0,7,0,0
92,"5/24/99",1,1111022,2,2,5,"Aunt",1,1,0,1,0,0
93,"5/24/99",1,1111121,1,1,1,"Parents",2,1,2,0,0,0
94,"5/24/99",1,1111121,1,1,2,"Brother",5,0,5,0,0,5
95,"5/24/99",1,1111121,1,1,3,"Sister",5,0,1,4,0,2
96,"5/24/99",1,1111121,1,1,4,"Uncle",1,0,1,0,0,0
97,"5/24/99",1,1111121,2,2,1,"Prents",2,1,0,2,0,0
98,"5/24/99",1,1111121,2,2,2,"Brother",1,1,0,1,0,1
99,"5/24/99",1,1111121,2,2,3,"Sister",6,3,0,4,2,0
100,"5/24/99",1,1111121,2,2,4,"Uncle",2,0,0,2,0,0
101,"5/24/99",1,1111121,2,2,5,"Aunt",2,1,0,1,1,0
102,"5/24/99",1,1111221,1,1,3,"Sister",1,0,0,0,1,0
103,"5/24/99",1,1111221,1,1,6,"Son",2,0,2,0,0,2
105,"5/24/99",1,1111221,2,2,2,"Brother",3,0,0,0,3,0
106,"5/24/99",1,1111221,2,2,3,"Sister",4,0,0,0,4,0
107,"5/24/99",1,1111221,2,2,6,"Son",2,0,2,0,0,2
109,"5/24/99",1,1111222,1,1,1,"Parents",2,2,2,0,0,1
110,"5/24/99",1,1111222,1,1,2,"Brother",3,0,3,0,0,1
111,"5/24/99",1,1111222,1,1,3,"Sister",3,1,2,1,0,1
112,"5/24/99",1,1111222,1,1,4,"Uncle",5,5,2,0,3,0
113,"5/24/99",1,1111222,1,1,5,"Aunt",6,6,0,1,5,0
114,"5/24/99",1,1111222,2,2,1,"Prents",2,2,0,2,0,1
115,"5/24/99",1,1111222,2,2,2,"Brother",8,0,0,8,0,0
116,"5/24/99",1,1111222,2,2,3,"Sister",2,2,0,2,0,0
117,"5/24/99",1,1111222,2,2,4,"Uncle",3,3,0,3,0,0
118,"5/24/99",1,1111222,2,2,5,"Aunt",4,4,0,1,3,0
348,"7/24/99",1,1120121,1,1,2,"Brother",2,0,0,0,2,1
349,"7/24/99",1,1120121,1,1,3,"Sister",1,0,0,0,1,0
350,"7/24/99",1,1120121,1,1,4,"Uncle",1,0,0,0,1,0
351,"7/24/99",1,1120121,1,1,5,"Aunt",1,0,0,0,1,0
352,"7/24/99",1,1120121,2,2,1,"Parents",2,0,0,2,0,0
353,"7/24/99",1,1120121,2,2,2,"Brother",5,0,0,5,0,2
354,"7/24/99",1,1120121,2,2,3,"Sister",2,0,0,1,1,0
355,"7/24/99",1,1120121,2,2,4,"Uncle",2,0,0,0,2,0
458,"7/25/99",1,1120141,3,1,1,"Parents",1,0,1,1,0,0
459,"7/25/99",1,1120141,3,1,2,"Brother",2,0,1,1,1,0
460,"7/25/99",1,1120141,3,1,3,"Sister",5,0,0,5,0,0
461,"7/25/99",1,1120141,3,1,4,"Uncle",4,0,2,2,0,0
462,"7/25/99",1,1120141,3,1,5,"Aunt",4,0,1,3,0,0
463,"7/25/99",1,1120141,8,2,1,"Parents",1,0,0,0,1,0
464,"7/25/99",1,1120141,8,2,2,"Brother",4,4,0,0,4,2
465,"7/25/99",1,1120141,8,2,3,"Sister",3,3,0,0,3,3
466,"7/25/99",1,1120141,8,2,4,"Uncle",7,7,0,0,7,0
467,"7/25/99",1,1120141,8,2,5,"Aunt",8,8,0,0,8,0
468,"7/25/99",1,1120142,1,1,1,"Parents",1,0,1,1,0,0
469,"7/25/99",1,1120142,1,1,2,"Brother",2,0,1,1,1,2
470,"7/25/99",1,1120142,1,1,3,"Sister",5,2,0,5,0,2
471,"7/25/99",1,1120142,1,1,4,"Uncle",4,1,2,2,0,0
472,"7/25/99",1,1120142,1,1,5,"Aunt",4,1,1,3,0,0
473,"7/25/99",1,1120142,2,2,1,"Parents",2,2,0,0,2,2
474,"7/25/99",1,1120142,2,2,2,"Brother",2,0,0,0,2,0
475,"7/25/99",1,1120142,2,2,3,"Sister",5,2,0,0,5,0
476,"7/25/99",1,1120142,2,2,4,"Uncle",7,0,0,0,7,0
477,"7/25/99",1,1120142,2,2,5,"Aunt",4,0,0,0,4,0
509,"7/25/99",1,1120151,1,1,2,"Brother",1,1,1,1,0,1
510,"7/25/99",1,1120151,1,1,3,"Sister",2,1,0,1,1,1
511,"7/25/99",1,1120151,1,2,1,"Parents",1,1,0,1,0,0
512,"7/25/99",1,1120151,1,2,2,"Brother",4,2,0,4,0,2
513,"7/25/99",1,1120151,1,2,3,"Sister",2,1,0,0,2,0
514,"7/25/99",1,1120151,1,2,4,"Uncle",2,1,0,0,2,0
515,"7/25/99",1,1120151,1,2,5,"Aunt",1,1,0,0,1,0
356,"7/24/99",1,1120221,1,1,1,"Parents",1,0,1,1,0,0
357,"7/24/99",1,1120221,1,1,2,"Brother",1,0,1,1,0,0
358,"7/24/99",1,1120221,1,1,3,"Sister",1,0,1,1,0,0
359,"7/24/99",1,1120221,1,1,5,"Aunt",1,0,1,1,0,0
360,"7/24/99",1,1120221,2,2,1,"Parents",1,0,1,1,0,0
361,"7/24/99",1,1120221,2,2,2,"Brother",2,0,1,1,1,0
362,"7/24/99",1,1120221,2,2,3,"Sister",5,0,2,2,1,0
363,"7/24/99",1,1120221,2,2,4,"Uncle",2,0,2,2,0,0
364,"7/24/99",1,1120221,2,2,5,"Aunt",2,0,2,2,0,0
478,"7/25/99",1,1120241,1,1,2,"Brother",3,1,3,3,0,0
479,"7/25/99",1,1120241,1,1,3,"Sister",2,0,1,1,0,0
480,"7/25/99",1,1120241,1,1,4,"Uncle",1,1,0,0,1,0
481,"7/25/99",1,1120241,1,1,6,"Son",3,0,3,3,0,0
482,"7/25/99",1,1120241,1,1,7,"Daughter",3,0,0,0,3,0
484,"7/25/99",1,1120241,2,2,3,"Sister",3,2,0,0,3,0
485,"7/25/99",1,1120241,2,2,4,"Uncle",4,1,0,0,4,0
486,"7/25/99",1,1120241,2,2,5,"Aunt",2,2,0,0,2,0
487,"7/25/99",1,1120241,2,2,7,"Daughter",2,0,0,0,2,0
516,"7/25/99",1,1120251,1,1,1,"Parents",1,0,1,1,0,0
517,"7/25/99",1,1120251,1,1,3,"Sister",4,3,1,1,3,1
518,"7/25/99",1,1120251,1,1,4,"Uncle",2,2,0,0,2,0
519,"7/25/99",1,1120251,1,1,5,"Aunt",2,2,0,0,2,0
520,"7/25/99",1,1120251,6,2,1,"Parents",2,2,2,2,0,0
521,"7/25/99",1,1120251,6,2,2,"Brother",3,0,3,3,0,0
522,"7/25/99",1,1120251,6,2,3,"Sister",2,0,2,2,0,0
523,"7/25/99",1,1120251,6,2,4,"Uncle",4,4,4,4,0,0
524,"7/25/99",1,1120251,6,2,5,"Aunt",4,4,2,2,2,0
365,"7/24/99",1,1120321,2,1,2,"Brother",2,2,0,0,2,0
366,"7/24/99",1,1120321,2,1,5,"Aunt",1,1,0,0,1,0
367,"7/24/99",1,1120321,2,2,1,"Parents",5,3,1,2,2,2
368,"7/24/99",1,1120321,2,2,2,"Brother",1,1,0,1,0,0
369,"7/24/99",1,1120321,2,2,3,"Sister",2,2,1,1,0,2
370,"7/24/99",1,1120321,2,2,4,"Uncle",2,0,2,2,0,0
488,"7/25/99",1,1120341,2,1,2,"Brother",4,0,4,4,0,0
489,"7/25/99",1,1120341,2,1,3,"Sister",2,0,1,1,0,0
490,"7/25/99",1,1120341,2,1,4,"Uncle",1,0,0,0,1,0
491,"7/25/99",1,1120341,2,2,2,"Brother",3,2,2,2,1,0
492,"7/25/99",1,1120341,2,2,3,"Sister",2,0,2,2,0,0
493,"7/25/99",1,1120341,2,2,4,"Uncle",1,1,1,1,0,0
494,"7/25/99",1,1120341,2,2,5,"Aunt",2,1,0,0,0,0
525,"7/25/99",1,1120351,1,1,2,"Brother",1,1,1,1,0,1
526,"7/25/99",1,1120351,1,1,3,"Sister",1,1,0,0,1,0
527,"7/25/99",1,1120351,2,2,3,"Sister",2,2,0,0,2,0
371,"7/24/99",1,1120421,1,1,1,"Parents",1,0,1,1,0,0
372,"7/24/99",1,1120421,1,1,2,"Brother",1,0,1,1,0,0
373,"7/24/99",1,1120421,1,1,3,"Sister",5,1,2,3,0,0
374,"7/24/99",1,1120421,1,1,4,"Uncle",2,2,0,0,2,0
375,"7/24/99",1,1120421,1,1,5,"Aunt",3,3,0,0,3,0
376,"7/24/99",1,1120421,2,2,1,"Parents",1,0,0,0,1,0
377,"7/24/99",1,1120421,2,2,2,"Brother",4,1,0,0,4,0
378,"7/24/99",1,1120421,2,2,3,"Sister",4,1,0,0,4,0
379,"7/24/99",1,1120421,2,2,5,"Aunt",2,2,0,0,2,0
495,"7/25/99",1,1120441,1,1,1,"Parents",1,0,1,1,0,0
1.79769313486232e+308,".",1.79769313486232e+308,1120441,1,1,2,".",4,0,3,3,1,4
1.79769313486232e+308,".",1.79769313486232e+308,1120441,1,1,3,".",2,2,1,1,1,0
496,"7/25/99",1,1120441,1,1,4,"Uncle",7,7,7,7,0,0
497,"7/25/99",1,1120441,1,1,5,"Aunt",3,3,1,1,2,0
498,"7/25/99",1,1120441,3,2,2,"Brother",3,0,0,3,0,0
499,"7/25/99",1,1120441,3,2,3,"Sister",1,0,0,0,1,0
500,"7/25/99",1,1120441,3,2,4,"Uncle",3,0,3,3,0,0
501,"7/25/99",1,1120441,3,2,5,"Aunt",3,0,0,2,1,0
528,"7/25/99",1,1120459,1,1,1,"Parents",1,0,1,1,0,0
529,"7/25/99",1,1120459,1,1,2,"Brother",3,3,1,1,2,3
530,"7/25/99",1,1120459,1,1,3,"Sister",3,2,1,2,0,0
531,"7/25/99",1,1120459,1,1,4,"Uncle",2,2,0,2,0,0
532,"7/25/99",1,1120459,1,1,5,"Aunt",1,1,0,1,0,0
533,"7/25/99",1,1120459,2,2,2,"Brother",1,1,1,1,0,1
534,"7/25/99",1,1120459,2,2,3,"Sister",1,1,1,1,0,0
535,"7/25/99",1,1120459,2,2,4,"Uncle",1,0,0,0,1,0
380,"7/24/99",1,1120521,1,1,2,"Brother",1,1,0,1,0,0
381,"7/24/99",1,1120521,1,1,3,"Sister",1,1,0,0,1,0
382,"7/24/99",1,1120521,1,1,6,"Son",2,0,2,2,0,0
383,"7/24/99",1,1120521,2,2,2,"Brother",1,1,1,1,0,0
384,"7/24/99",1,1120521,2,2,3,"Sister",1,1,0,0,1,0
385,"7/24/99",1,1120522,1,1,1,"Parents",2,2,0,0,2,1
386,"7/24/99",1,1120522,1,1,2,"Brother",3,0,0,0,3,0
387,"7/24/99",1,1120522,1,1,3,"Sister",6,0,0,0,6,0
388,"7/24/99",1,1120522,1,1,4,"Uncle",7,7,1,1,6,0
389,"7/24/99",1,1120522,1,1,5,"Aunt",2,2,0,0,2,0
390,"7/24/99",1,1120522,2,2,1,"Parents",2,1,0,0,2,0
391,"7/24/99",1,1120522,2,2,2,"Brother",2,0,0,0,2,0
392,"7/24/99",1,1120522,2,2,3,"Sister",2,0,0,0,2,0
393,"7/24/99",1,1120522,2,2,4,"Uncle",4,2,0,0,4,0
394,"7/24/99",1,1120522,2,2,5,"Aunt",3,2,0,0,3,0
502,"7/25/99",1,1120541,1,1,1,"Parents",2,0,2,2,0,2
503,"7/25/99",1,1120541,1,1,2,"Brother",2,0,2,2,0,2
504,"7/25/99",1,1120541,2,2,1,"Parents",2,2,0,2,0,2
505,"7/25/99",1,1120541,2,2,2,"Brother",2,2,0,2,0,0
506,"7/25/99",1,1120541,2,2,3,"Sister",4,1,0,2,2,0
507,"7/25/99",1,1120541,2,2,4,"Uncle",5,5,0,5,0,2
508,"7/25/99",1,1120541,2,2,5,"Aunt",6,4,0,4,2,0
395,"7/24/99",1,1120621,1,1,1,"Parents",1,1,1,1,0,0
396,"7/24/99",1,1120621,1,1,2,"Brother",3,3,0,3,0,3
397,"7/24/99",1,1120621,1,1,3,"Sister",1,1,0,0,0,0
398,"7/24/99",1,1120621,1,1,4,"Uncle",3,3,0,3,0,0
399,"7/24/99",1,1120622,1,1,1,"Parents",2,2,2,2,0,0
400,"7/24/99",1,1120622,1,1,2,"Brother",3,0,3,3,0,0
401,"7/24/99",1,1120622,1,1,3,"Sister",1,0,1,1,0,0
402,"7/24/99",1,1120622,1,1,4,"Uncle",6,6,4,4,0,0
403,"7/24/99",1,1120622,1,1,5,"Aunt",2,2,1,1,0,0
404,"7/24/99",1,1120622,2,2,1,"Parents",2,2,2,2,0,0
405,"7/24/99",1,1120622,2,2,2,"Brother",1,0,1,1,0,0
406,"7/24/99",1,1120622,2,2,3,"Sister",1,0,1,1,0,0
407,"7/24/99",1,1120622,2,2,4,"Uncle",2,2,2,2,0,0
408,"7/24/99",1,1120622,2,2,5,"Aunt",2,2,2,2,0,0
409,"7/24/99",1,1120721,2,1,2,"Brother",2,1,2,2,0,0
410,"7/24/99",1,1120721,2,1,3,"Sister",2,1,2,2,0,0
411,"7/24/99",1,1120721,2,1,4,"Uncle",1,0,1,1,0,0
412,"7/24/99",1,1120721,2,1,5,"Aunt",1,0,1,1,0,0
413,"7/24/99",1,1120721,2,2,1,"Parents",1,0,1,1,0,0
414,"7/24/99",1,1120721,2,2,2,"Brother",2,0,2,2,0,2
415,"7/24/99",1,1120721,2,2,3,"Sister",4,0,2,2,2,2
416,"7/24/99",1,1120821,2,2,1,"Parents",2,0,0,0,2,0
417,"7/24/99",1,1120821,2,2,2,"Brother",3,0,0,0,3,2
418,"7/24/99",1,1120821,2,2,3,"Sister",1,0,0,0,1,1
419,"7/24/99",1,1120821,2,2,4,"Uncle",6,6,0,0,6,0
420,"7/24/99",1,1120821,2,2,5,"Aunt",2,2,0,0,2,0
421,"7/24/99",1,1120921,1,1,2,"Brother",1,0,1,1,0,0
422,"7/24/99",1,1120921,1,1,3,"Sister",4,0,3,3,0,0
423,"7/24/99",1,1120921,1,1,4,"Uncle",2,2,2,2,0,0
424,"7/24/99",1,1120921,1,1,5,"Aunt",4,2,1,3,0,0
425,"7/24/99",1,1120921,2,2,1,"Parents",2,2,0,2,0,2
426,"7/24/99",1,1120921,2,2,2,"Brother",3,0,0,3,0,0
427,"7/24/99",1,1120921,2,2,3,"Sister",4,2,0,2,2,0
428,"7/24/99",1,1121021,1,1,1,"Parents",2,2,2,2,0,0
429,"7/24/99",1,1121021,1,1,2,"Brother",4,0,4,4,0,0
430,"7/24/99",1,1121021,1,1,3,"Sister",6,2,4,4,2,2
431,"7/24/99",1,1121021,1,1,4,"Uncle",7,7,4,4,3,0
432,"7/24/99",1,1121021,1,1,5,"Aunt",3,3,0,0,3,0
433,"7/24/99",1,1121021,2,2,1,"Parents",1,0,1,1,0,0
434,"7/24/99",1,1121021,2,2,2,"Brother",2,1,2,2,0,0
435,"7/24/99",1,1121021,2,2,3,"Sister",5,0,2,2,1,2
436,"7/24/99",1,1121021,2,2,4,"Uncle",1,1,1,1,0,0
437,"7/24/99",1,1121121,1,1,1,"Parents",1,0,1,1,0,0
438,"7/24/99",1,1121121,1,1,3,"Sister",1,1,0,0,1,0
439,"7/24/99",1,1121121,2,2,1,"Parents",1,0,0,0,1,0
440,"7/24/99",1,1121121,2,2,2,"Brother",3,0,0,0,3,0
441,"7/24/99",1,1121121,2,2,3,"Sister",3,0,1,1,2,0
442,"7/24/99",1,1121121,2,2,4,"Uncle",3,0,3,3,0,0
443,"7/24/99",1,1121122,1,1,1,"Parents",2,0,2,2,0,0
444,"7/24/99",1,1121122,1,1,2,"Brother",3,0,3,3,0,1
445,"7/24/99",1,1121122,1,1,3,"Sister",2,0,0,0,2,1
446,"7/24/99",1,1121122,1,1,4,"Uncle",1,0,1,1,0,0
447,"7/24/99",1,1121122,1,1,5,"Aunt",1,0,1,1,0,0
448,"7/24/99",1,1121122,2,2,1,"Parents",2,0,0,2,0,2
449,"7/24/99",1,1121122,2,2,2,"Brother",2,0,0,2,0,0
450,"7/24/99",1,1121122,2,2,3,"Sister",2,0,0,2,0,0
451,"7/24/99",1,1121122,2,2,4,"Uncle",2,2,0,2,0,0
452,"7/24/99",1,1121122,2,2,5,"Aunt",3,0,0,3,0,0
453,"7/24/99",1,1121221,1,1,2,"Brother",3,0,1,2,0,2
454,"7/25/99",1,1121221,1,1,3,"Sister",2,0,2,2,0,0
455,"7/25/99",1,1121221,2,2,2,"Brother",1,1,0,1,0,1
456,"7/25/99",1,1121221,2,2,3,"Sister",3,3,0,3,0,3
457,"7/25/99",1,1121221,2,2,5,"Aunt",4,4,0,4,0,0
1,"7/07/99",1,1130121,1,1,2,"Brother",1,0,1,1,0,0
2,"7/07/99",1,1130121,1,1,3,"Sister",2,0,0,2,0,0
3,"7/07/99",1,1130121,1,1,4,"Uncle",1,0,0,1,0,0
4,"7/07/99",1,1130121,1,2,1,"Parents",2,0,0,2,0,0
5,"7/07/99",1,1130121,1,2,3,"Sister",2,0,0,2,0,0
6,"7/07/99",1,1130121,1,2,5,"Aunt",1,0,0,1,0,0
100,"7/07/99",1,1130141,1,1,1,"Parents",2,2,2,2,0,2
101,"7/07/99",1,1130141,1,1,2,"Brother",8,0,6,6,0,1
102,"7/07/99",1,1130141,1,1,3,"Sister",3,1,1,2,0,1
103,"7/07/99",1,1130141,1,1,4,"Uncle",7,3,2,5,0,0
104,"7/07/99",1,1130141,1,1,5,"Aunt",5,2,2,3,0,0
105,"7/07/99",1,1130141,2,2,1,"Parents",1,0,0,1,0,0
106,"7/07/99",1,1130141,2,2,3,"Sister",2,2,1,1,0,0
107,"7/07/99",1,1130141,2,2,5,"Aunt",1,1,0,1,0,0
124,"7/07/99",1,1130151,1,1,2,"Brother",3,2,3,3,0,0
125,"7/07/99",1,1130151,1,1,3,"Sister",4,2,1,1,2,1
126,"7/07/99",1,1130151,1,1,4,"Uncle",7,2,4,4,0,2
127,"7/07/99",1,1130151,1,1,5,"Aunt",3,1,0,3,0,1
128,"7/07/99",1,1130151,2,2,1,"Parents",1,0,0,0,1,0
129,"7/07/99",1,1130151,2,2,2,"Brother",5,5,0,0,5,0
130,"7/07/99",1,1130151,2,2,3,"Sister",2,2,0,0,2,0
131,"7/07/99",1,1130151,2,2,4,"Uncle",2,2,0,0,2,0
132,"7/07/99",1,1130151,2,2,5,"Aunt",2,2,0,0,2,0
133,"7/07/99",1,1130152,1,1,2,"Brother",3,2,3,3,0,0
134,"7/07/99",1,1130152,1,1,3,"Sister",4,3,1,3,0,2
135,"7/07/99",1,1130152,1,1,4,"Uncle",7,4,3,4,0,0
136,"7/07/99",1,1130152,1,1,5,"Aunt",3,3,0,3,0,0
137,"7/07/99",1,1130152,2,2,1,"Parents",2,2,0,2,0,0
138,"7/07/99",1,1130152,2,2,2,"Brother",1,1,0,1,0,0
139,"7/07/99",1,1130152,2,2,3,"Sister",4,2,0,4,0,0
140,"7/07/99",1,1130152,2,2,4,"Uncle",5,4,0,5,0,0
141,"7/07/99",1,1130152,2,2,5,"Aunt",3,3,0,3,0,0
142,"7/07/99",1,1130153,1,1,2,"Brother",3,2,3,3,0,0
143,"7/07/99",1,1130153,1,1,3,"Sister",4,3,1,3,0,1
144,"7/07/99",1,1130153,1,1,4,"Uncle",7,4,3,4,0,0
145,"7/07/99",1,1130153,1,1,5,"Aunt",3,3,0,3,0,0
146,"7/07/99",1,1130153,2,2,1,"Parents",2,2,2,2,0,0
147,"7/07/99",1,1130153,2,2,2,"Brother",1,0,1,1,0,0
148,"7/07/99",1,1130153,2,2,3,"Sister",1,0,1,1,0,0
149,"7/07/99",1,1130153,2,2,4,"Uncle",7,2,1,6,0,0
150,"7/07/99",1,1130153,2,2,5,"Aunt",5,1,0,5,0,0
7,"7/07/99",1,1130221,1,1,1,"Parents",2,0,0,2,0,0
8,"7/07/99",1,1130221,1,1,2,"Brother",4,0,0,4,0,0
9,"7/07/99",1,1130221,1,1,3,"Sister",2,0,0,2,0,2
10,"7/07/99",1,1130221,1,1,4,"Uncle",2,1,0,1,1,0
11,"7/07/99",1,1130221,1,1,5,"Aunt",2,0,0,2,0,2
12,"7/07/99",1,1130221,2,2,1,"Parents",2,2,0,2,0,0
13,"7/07/99",1,1130221,2,2,2,"Brother",1,0,0,1,0,0
14,"7/07/99",1,1130221,2,2,3,"Sister",3,0,0,3,0,1
15,"7/07/99",1,1130221,2,2,4,"Uncle",4,4,0,4,0,0
16,"7/07/99",1,1130221,2,2,5,"Aunt",2,2,0,2,0,0
151,"7/07/99",1,1130251,4,1,2,"Brother",3,2,2,2,0,1
152,"7/07/99",1,1130251,4,1,3,"Sister",2,1,0,2,0,0
153,"7/07/99",1,1130251,4,1,4,"Uncle",1,1,1,1,0,0
154,"7/07/99",1,1130251,4,1,5,"Aunt",2,1,0,2,0,0
155,"7/07/99",1,1130251,4,1,6,"Son",3,3,2,2,0,0
156,"7/07/99",1,1130251,4,1,7,"Daughter",2,1,0,2,0,0
157,"7/07/99",1,1130251,4,2,1,"Parents",1,1,0,1,0,0
158,"7/07/99",1,1130251,4,2,2,"Brother",3,2,0,3,0,0
159,"7/07/99",1,1130251,4,2,3,"Sister",3,1,1,2,0,0
160,"7/07/99",1,1130251,4,2,4,"Uncle",2,1,0,2,0,0
161,"7/07/99",1,1130251,4,2,5,"Aunt",2,0,0,2,0,0
162,"7/07/99",1,1130251,4,2,6,"Son",3,3,2,2,0,0
163,"7/07/99",1,1130251,4,2,7,"Daughter",2,1,0,1,0,0
164,"7/07/99",1,1130252,1,1,1,"Parents",1,0,0,0,1,0
165,"7/07/99",1,1130252,1,1,2,"Brother",2,2,1,1,1,0
166,"7/07/99",1,1130252,1,1,3,"Sister",2,2,0,1,1,2
167,"7/07/99",1,1130252,1,1,4,"Uncle",5,5,3,3,2,0
168,"7/07/99",1,1130252,1,1,5,"Aunt",3,3,0,1,0,0
169,"7/07/99",1,1130252,2,2,1,"Parents",2,2,0,2,0,2
170,"7/07/99",1,1130252,2,2,2,"Brother",2,2,0,2,0,0
171,"7/07/99",1,1130252,2,2,3,"Sister",1,0,0,1,0,0
172,"7/07/99",1,1130252,2,2,4,"Uncle",3,3,0,3,0,0
173,"7/07/99",1,1130252,2,2,5,"Aunt",6,4,0,6,0,0
17,"7/07/99",1,1130321,1,1,1,"Parents",2,2,2,2,0,0
18,"7/07/99",1,1130321,1,1,2,"Brother",1,0,1,1,0,0
19,"7/07/99",1,1130321,1,1,3,"Sister",4,3,1,3,0,0
20,"7/07/99",1,1130321,1,1,4,"Uncle",1,0,0,1,0,0
21,"7/07/99",1,1130321,2,2,1,"Parents",2,0,1,1,0,0
108,"7/07/99",1,1130341,1,1,2,"Brother",2,0,2,2,0,0
109,"7/07/99",1,1130341,1,1,3,"Sister",2,0,1,1,0,1
110,"7/07/99",1,1130341,2,2,2,"Brother",7,0,0,7,0,1
111,"7/07/99",1,1130341,2,2,3,"Sister",3,0,0,3,0,0
174,"7/07/99",1,1130351,1,1,2,"Brother",2,2,2,2,0,2
175,"7/07/99",1,1130351,1,1,3,"Sister",2,2,0,0,2,2
176,"7/07/99",1,1130351,2,2,2,"Brother",5,5,0,0,5,0
177,"7/07/99",1,1130351,2,2,3,"Sister",1,1,0,0,1,0
178,"7/07/99",1,1130351,2,2,4,"Uncle",2,2,0,0,2,0
179,"7/07/99",1,1130351,2,2,5,"Aunt",1,0,0,0,1,0
22,"7/07/99",1,1130421,1,1,2,"Brother",1,0,1,1,0,1
23,"7/07/99",1,1130421,1,1,3,"Sister",1,0,1,1,0,0
24,"7/07/99",1,1130421,1,1,4,"Uncle",2,0,2,2,0,0
25,"7/07/99",1,1130421,1,2,1,"Parents",2,0,2,2,0,0
26,"7/07/99",1,1130421,1,2,2,"Brother",4,0,4,4,0,0
27,"7/07/99",1,1130421,1,2,3,"Sister",2,0,0,2,0,0
28,"7/07/99",1,1130421,1,2,4,"Uncle",4,4,1,3,0,0
29,"7/07/99",1,1130421,1,2,5,"Aunt",10,10,0,10,0,0
30,"7/07/99",1,1130422,1,1,2,"Brother",1,0,1,1,0,0
31,"7/07/99",1,1130422,1,1,3,"Sister",1,0,1,1,0,0
32,"7/07/99",1,1130422,1,1,4,"Uncle",2,0,2,2,0,2
33,"7/07/99",1,1130422,2,2,1,"Parents",2,2,0,2,0,0
34,"7/07/99",1,1130422,2,2,2,"Brother",2,0,0,2,0,0
35,"7/07/99",1,1130422,2,2,3,"Sister",4,0,0,2,2,0
36,"7/07/99",1,1130422,2,2,4,"Uncle",3,0,0,0,3,0
112,"7/07/99",1,1130441,1,1,1,"Parents",1,0,1,1,0,0
113,"7/07/99",1,1130441,1,1,2,"Brother",3,0,3,3,0,2
114,"7/07/99",1,1130441,1,1,3,"Sister",2,0,2,2,0,0
115,"7/07/99",1,1130441,1,1,4,"Uncle",2,2,2,2,0,0
116,"7/07/99",1,1130441,1,1,5,"Aunt",1,0,1,1,0,0
180,"7/07/99",1,1130459,1,1,2,"Brother",5,1,5,5,0,0
181,"7/07/99",1,1130459,1,1,3,"Sister",4,1,1,1,2,0
182,"7/07/99",1,1130459,1,1,4,"Uncle",4,4,1,3,0,0
183,"7/07/99",1,1130459,1,1,5,"Aunt",1,1,0,0,1,0
184,"7/07/99",1,1130459,2,2,1,"Parents",2,2,0,2,0,0
185,"7/07/99",1,1130459,2,2,2,"Brother",3,3,0,3,0,0
186,"7/07/99",1,1130459,2,2,3,"Sister",2,0,0,1,1,0
187,"7/07/99",1,1130459,2,2,4,"Uncle",2,2,0,1,1,0
37,"7/07/99",1,1130521,1,1,1,"Parents",2,2,2,2,0,0
38,"7/07/99",1,1130521,1,1,2,"Brother",4,0,3,3,0,0
39,"7/07/99",1,1130521,1,1,3,"Sister",2,0,0,2,0,0
40,"7/07/99",1,1130521,1,1,4,"Uncle",2,1,1,1,0,0
41,"7/07/99",1,1130521,1,1,5,"Aunt",2,0,1,1,0,0
42,"7/07/99",1,1130521,2,2,2,"Brother",2,0,2,2,0,0
43,"7/07/99",1,1130521,2,2,4,"Uncle",2,0,2,2,0,0
117,"7/07/99",1,1130541,1,1,5,"Aunt",2,0,0,2,0,0
118,"7/07/99",1,1130541,1,1,7,"Daughter",2,0,0,2,0,0
119,"7/07/99",1,1130541,2,2,1,"Parents",2,2,2,2,0,2
120,"7/07/99",1,1130541,2,2,2,"Brother",9,0,7,7,0,4
121,"7/07/99",1,1130541,2,2,3,"Sister",2,1,0,2,0,0
122,"7/07/99",1,1130541,2,2,4,"Uncle",6,2,2,4,0,0
123,"7/07/99",1,1130541,2,2,5,"Aunt",5,2,2,3,0,0
44,"7/07/99",1,1130621,1,1,1,"Parents",1,0,1,1,0,0
45,"7/07/99",1,1130621,1,1,2,"Brother",3,2,3,3,0,2
46,"7/07/99",1,1130621,1,1,3,"Sister",4,0,2,2,0,0
47,"7/07/99",1,1130621,1,1,4,"Uncle",3,0,1,2,0,2
48,"7/07/99",1,1130621,2,2,2,"Brother",1,0,0,1,0,0
49,"7/07/99",1,1130621,2,2,3,"Sister",4,0,0,4,0,0
50,"7/07/99",1,1130621,2,2,4,"Uncle",3,0,0,3,0,1
51,"7/07/99",1,1130621,2,2,5,"Aunt",4,0,0,4,0,0
52,"7/07/99",1,1130721,1,1,1,"Parents",1,0,1,1,0,0
53,"7/07/99",1,1130721,1,1,2,"Brother",4,0,4,4,0,4
54,"7/07/99",1,1130721,1,1,3,"Sister",4,0,1,3,0,0
55,"7/07/99",1,1130721,1,1,4,"Uncle",2,0,1,1,0,0
56,"7/07/99",1,1130721,2,2,1,"Parents",2,0,0,2,0,0
57,"7/07/99",1,1130721,2,2,2,"Brother",3,0,0,3,0,3
58,"7/07/99",1,1130721,2,2,3,"Sister",2,0,0,2,0,0
59,"7/07/99",1,1130721,2,2,4,"Uncle",6,0,0,6,0,0
60,"7/07/99",1,1130721,2,2,5,"Aunt",1,0,0,1,0,0
61,"7/07/99",1,1130821,1,1,1,"Parents",1,0,1,1,0,0
62,"7/07/99",1,1130821,1,1,2,"Brother",3,2,3,3,0,3
63,"7/07/99",1,1130821,1,1,3,"Sister",4,0,2,2,0,4
64,"7/07/99",1,1130821,1,1,4,"Uncle",3,0,1,2,0,0
65,"7/07/99",1,1130821,2,2,1,"Parents",1,0,1,1,0,0
66,"7/07/99",1,1130821,2,2,2,"Brother",1,1,1,1,0,0
67,"7/07/99",1,1130821,2,2,3,"Sister",2,0,0,2,0,0
68,"7/07/99",1,1130821,2,2,4,"Uncle",1,0,1,1,0,0
69,"7/07/99",1,1130821,2,2,5,"Aunt",3,0,0,3,0,0
70,"7/07/99",1,1130921,1,1,1,"Parents",1,0,1,1,0,0
71,"7/07/99",1,1130921,1,1,2,"Brother",1,0,1,1,0,0
72,"7/07/99",1,1130921,1,1,3,"Sister",3,0,1,2,0,0
73,"7/07/99",1,1130921,1,1,4,"Uncle",2,0,1,1,0,0
74,"7/07/99",1,1130921,1,1,5,"Aunt",1,0,1,1,0,0
75,"7/07/99",1,1130921,2,2,1,"Parents",1,1,0,1,0,0
76,"7/07/99",1,1130921,2,2,2,"Brother",4,0,0,4,0,0
77,"7/07/99",1,1130921,2,2,3,"Sister",3,0,0,3,0,0
78,"7/07/99",1,1130921,2,2,4,"Uncle",6,6,0,6,0,0
79,"7/07/99",1,1130921,2,2,5,"Aunt",1,0,0,1,0,0
80,"7/07/99",1,1131021,1,1,1,"Parents",1,0,1,1,0,0
81,"7/07/99",1,1131021,1,1,2,"Brother",1,0,1,1,0,1
82,"7/07/99",1,1131021,1,1,3,"Sister",3,1,1,2,0,0
83,"7/07/99",1,1131021,1,1,4,"Uncle",1,0,1,1,0,0
84,"7/07/99",1,1131021,1,1,5,"Aunt",3,0,0,2,1,0
85,"7/07/99",1,1131021,2,2,1,"Parents",1,0,0,1,0,1
86,"7/07/99",1,1131021,2,2,2,"Brother",4,0,0,4,0,0
87,"7/07/99",1,1131021,2,2,3,"Sister",3,2,0,3,0,0
88,"7/07/99",1,1131021,2,2,4,"Uncle",3,2,0,1,2,0
89,"7/07/99",1,1131021,2,2,5,"Aunt",2,1,0,0,2,0
90,"7/07/99",1,1131121,1,1,3,"Sister",1,0,1,1,0,0
91,"7/07/99",1,1131121,2,2,2,"Brother",2,2,2,2,0,0
92,"7/07/99",1,1131121,2,2,3,"Sister",1,0,0,1,0,0
93,"7/07/99",1,1131221,1,1,4,"Uncle",4,2,2,2,0,2
94,"7/07/99",1,1131221,1,1,5,"Aunt",6,1,2,4,0,0
95,"7/07/99",1,1131221,2,2,1,"Parents",2,2,2,2,0,2
96,"7/07/99",1,1131221,2,2,2,"Brother",3,0,3,3,0,0
97,"7/07/99",1,1131221,2,2,3,"Sister",5,2,0,5,0,0
98,"7/07/99",1,1131221,2,2,4,"Uncle",7,7,1,6,0,0
99,"7/07/99",1,1131221,2,2,5,"Aunt",3,1,0,3,0,0
1,"5/19/99",1,1210121,1,1,1,"Parents",1,0,1,0,0,0
2,"5/24/99",1,1210121,1,1,2,"Brother",6,0,5,0,1,0
3,"5/24/99",1,1210121,1,1,3,"Sister",1,0,0,1,0,0
4,"5/24/99",1,1210121,1,1,4,"Uncle",3,1,2,1,0,0
5,"5/24/99",1,1210121,1,1,5,"Aunt",1,0,0,1,0,0
7,"5/24/99",1,1210121,1,1,7,"Daughter",2,0,2,0,0,0
8,"5/24/99",1,1210121,1,2,1,"Parents",1,0,0,1,0,1
9,"5/24/99",1,1210121,1,2,2,"Brother",3,0,0,3,0,3
10,"5/24/99",1,1210121,1,2,3,"Sister",5,0,0,5,0,0
11,"5/24/99",1,1210121,1,2,4,"Uncle",4,0,0,4,0,0
12,"5/24/99",1,1210121,1,2,5,"Aunt",8,0,1,6,1,0
14,"5/24/99",1,1210121,1,2,7,"Daughter",2,0,2,0,0,0
121,"5/24/99",1,1210141,1,1,2,"Brother",2,1,2,0,0,0
122,"5/24/99",1,1210141,1,1,3,"Sister",1,0,1,0,0,0
123,"5/24/99",1,1210141,1,1,6,"Son",1,0,1,0,0,0
124,"5/24/99",1,1210141,1,1,7,"Daughter",2,0,2,0,0,0
125,"5/24/99",1,1210141,1,2,2,"Brother",1,0,0,1,0,0
126,"5/24/99",1,1210141,1,2,3,"Sister",5,0,0,5,0,0
127,"5/24/99",1,1210141,1,2,5,"Aunt",1,0,0,1,0,0
128,"5/24/99",1,1210141,1,2,6,"Son",1,0,1,0,0,0
129,"5/24/99",1,1210141,1,2,7,"Daughter",2,0,2,0,0,0
130,"5/24/99",1,1210142,1,1,1,"Parents",2,0,2,0,0,2
131,"5/24/99",1,1210142,1,1,2,"Brother",3,0,3,0,0,0
132,"5/24/99",1,1210142,1,1,3,"Sister",5,0,2,3,0,0
133,"5/24/99",1,1210142,1,1,4,"Uncle",2,0,2,0,0,0
134,"5/24/99",1,1210142,1,1,5,"Aunt",1,0,1,0,0,0
135,"5/24/99",1,1210142,1,2,1,"Parents",2,0,2,0,0,2
136,"5/24/99",1,1210142,1,2,2,"Brother",3,0,3,0,0,0
137,"5/24/99",1,1210142,1,2,3,"Sister",1,0,1,0,0,0
138,"5/24/99",1,1210142,1,2,4,"Uncle",10,0,3,7,0,0
139,"5/24/99",1,1210142,1,2,5,"Aunt",5,0,0,5,0,0
612,"9/11/99",1,1210151,1,1,1,"Parents",2,0,2,0,0,2
613,"9/11/99",1,1210151,1,1,2,"Brother",4,0,3,0,3,0
614,"9/11/99",1,1210151,1,1,3,"Sister",4,0,0,4,0,0
615,"9/11/99",1,1210151,1,1,4,"Uncle",3,0,2,1,0,0
616,"9/11/99",1,1210151,1,1,6,"Son",5,0,1,0,4,4
617,"9/11/99",1,1210151,1,1,7,"Daughter",3,0,1,0,2,0
140,"5/24/99",1,1210241,1,1,1,"Parents",1,0,1,0,0,0
141,"5/24/99",1,1210241,1,1,2,"Brother",2,0,2,0,0,2
142,"5/24/99",1,1210241,1,1,3,"Sister",1,0,1,0,0,0
143,"5/24/99",1,1210241,1,1,4,"Uncle",3,2,3,0,0,0
144,"5/24/99",1,1210241,1,1,5,"Aunt",2,0,0,1,1,0
145,"5/24/99",1,1210241,7,2,1,"Parents",1,0,0,1,0,0
146,"5/24/99",1,1210241,7,2,2,"Brother",1,0,0,0,1,0
147,"5/24/99",1,1210241,7,2,3,"Sister",2,0,0,2,0,0
148,"5/24/99",1,1210241,7,2,5,"Aunt",4,0,1,2,1,0
149,"5/24/99",1,1210242,1,1,1,"Parents",1,0,1,0,0,0
150,"5/24/99",1,1210242,1,1,2,"Brother",2,0,2,0,0,0
151,"5/24/99",1,1210242,1,1,3,"Sister",1,0,1,0,0,0
152,"5/24/99",1,1210242,1,1,4,"Uncle",4,0,4,0,0,0
153,"5/24/99",1,1210242,1,1,5,"Aunt",2,0,0,2,0,0
154,"5/24/99",1,1210243,2,1,1,"Parents",1,0,1,0,0,0
155,"5/24/99",1,1210243,2,1,2,"Brother",2,0,2,0,0,0
156,"5/24/99",1,1210243,2,1,3,"Sister",1,0,1,0,0,0
157,"5/24/99",1,1210243,2,1,4,"Uncle",4,0,4,0,0,0
158,"5/24/99",1,1210243,2,1,5,"Aunt",2,0,0,2,0,0
159,"5/24/99",1,1210243,2,2,1,"Parents",2,0,0,2,0,0
160,"5/24/99",1,1210243,2,2,2,"Brother",4,0,0,2,0,0
161,"5/24/99",1,1210243,2,2,3,"Sister",1,0,0,1,0,0
162,"5/24/99",1,1210243,2,2,4,"Uncle",4,0,0,3,1,0
163,"5/24/99",1,1210243,2,2,5,"Aunt",2,0,0,2,0,0
194,"5/24/99",1,1210251,1,1,2,"Brother",2,2,2,0,0,0
195,"5/24/99",1,1210251,1,1,3,"Sister",1,0,0,1,0,1
196,"5/24/99",1,1210251,1,1,6,"Son",5,2,3,0,2,2
197,"5/24/99",1,1210251,1,1,7,"Daughter",1,0,0,0,1,0
198,"5/24/99",1,1210251,1,2,2,"Brother",3,3,0,3,0,0
199,"5/24/99",1,1210251,1,2,3,"Sister",1,0,0,1,0,0
200,"5/24/99",1,1210251,1,2,6,"Son",5,2,3,0,2,2
201,"5/24/99",1,1210251,1,2,7,"Daughter",1,0,0,0,1,0
202,"5/24/99",1,1210252,1,1,1,"Parents",2,1,2,0,0,2
203,"5/24/99",1,1210252,1,1,2,"Brother",7,4,5,0,2,1
204,"5/24/99",1,1210252,1,1,3,"Sister",1,0,0,0,1,0
205,"5/24/99",1,1210252,1,1,4,"Uncle",5,5,2,3,0,0
206,"5/24/99",1,1210252,1,1,5,"Aunt",2,0,0,2,0,0
207,"5/24/99",1,1210252,1,1,6,"Son",2,0,2,0,0,0
208,"5/24/99",1,1210252,1,1,7,"Daughter",1,0,1,0,0,0
209,"5/24/99",1,1210252,1,2,1,"Parents",2,0,0,0,2,2
210,"5/24/99",1,1210252,1,2,2,"Brother",3,0,0,0,3,0
211,"5/24/99",1,1210252,1,2,3,"Sister",5,0,0,1,4,0
212,"5/24/99",1,1210252,1,2,4,"Uncle",1,1,0,0,1,0
213,"5/24/99",1,1210252,1,2,5,"Aunt",1,0,0,0,1,0
214,"5/24/99",1,1210252,1,2,6,"Son",2,0,2,0,0,0
215,"5/24/99",1,1210252,1,2,7,"Daughter",1,0,1,0,0,0
216,"5/24/99",1,1210253,1,1,1,"Parents",2,1,2,0,0,2
217,"5/24/99",1,1210253,1,1,2,"Brother",7,4,5,0,2,2
218,"5/24/99",1,1210253,1,1,3,"Sister",1,0,0,0,1,0
219,"5/24/99",1,1210253,1,1,4,"Uncle",5,5,2,3,0,0
220,"5/24/99",1,1210253,1,1,5,"Aunt",2,0,2,0,0,0
221,"5/24/99",1,1210253,1,2,1,"Parents",2,0,0,0,2,2
222,"5/24/99",1,1210253,1,2,2,"Brother",3,0,0,0,3,0
223,"5/24/99",1,1210253,1,2,3,"Sister",2,0,0,1,1,0
224,"5/24/99",1,1210253,1,2,4,"Uncle",4,4,0,0,4,0
225,"5/24/99",1,1210253,1,2,5,"Aunt",1,0,0,0,1,0
15,"5/24/99",1,1210321,1,1,1,"Parents",1,0,1,0,0,1
16,"5/24/99",1,1210321,1,1,2,"Brother",6,0,5,0,1,0
17,"5/24/99",1,1210321,1,1,3,"Sister",1,0,0,1,0,1
18,"5/24/99",1,1210321,1,1,4,"Uncle",3,0,2,1,0,0
19,"5/24/99",1,1210321,1,1,5,"Aunt",1,0,0,1,0,0
22,"5/24/99",1,1210321,1,2,1,"Parents",1,0,1,0,0,0
23,"5/24/99",1,1210321,1,2,2,"Brother",2,0,0,2,0,0
24,"5/24/99",1,1210321,1,2,3,"Sister",2,0,0,2,0,0
25,"5/24/99",1,1210321,1,2,4,"Uncle",4,1,0,4,0,0
26,"5/24/99",1,1210321,1,2,5,"Aunt",1,0,0,1,0,0
164,"5/24/99",1,1210341,1,1,2,"Brother",1,0,1,0,0,0
165,"5/24/99",1,1210341,1,1,3,"Sister",6,0,1,4,1,0
166,"5/24/99",1,1210341,1,1,6,"Son",4,0,3,0,1,0
167,"5/24/99",1,1210341,1,1,7,"Daughter",2,0,0,1,1,0
168,"5/24/99",1,1210341,1,2,2,"Brother",2,1,0,2,0,0
169,"5/24/99",1,1210341,1,2,3,"Sister",4,0,0,4,0,0
170,"5/24/99",1,1210341,1,2,6,"Son",4,0,3,0,1,0
171,"5/24/99",1,1210341,1,2,7,"Daughter",2,0,0,1,1,0
172,"5/24/99",1,1210342,1,1,1,"Parents",2,0,2,0,0,2
173,"5/24/99",1,1210342,1,1,2,"Brother",2,0,2,0,0,2
174,"5/24/99",1,1210342,1,1,3,"Sister",1,0,0,1,0,0
175,"5/24/99",1,1210342,1,1,5,"Aunt",8,0,1,5,2,0
226,"5/24/99",1,1210351,1,1,1,"Parents",1,0,1,0,0,0
227,"5/24/99",1,1210351,1,1,2,"Brother",4,4,4,0,0,0
228,"5/24/99",1,1210351,1,1,3,"Sister",2,0,1,1,0,1
229,"5/24/99",1,1210351,1,1,5,"Aunt",1,0,0,0,1,0
230,"5/24/99",1,1210351,1,1,7,"Daughter",4,0,2,2,0,1
231,"5/24/99",1,1210351,1,2,2,"Brother",3,0,0,3,0,0
232,"5/24/99",1,1210351,1,2,3,"Sister",3,0,0,3,0,0
233,"5/24/99",1,1210351,1,2,7,"Daughter",4,0,2,2,0,1
27,"5/24/99",1,1210421,1,1,1,"Parents",1,0,1,0,0,0
28,"5/24/99",1,1210421,1,1,2,"Brother",6,0,5,0,1,0
29,"5/24/99",1,1210421,1,1,3,"Sister",1,0,0,1,0,0
30,"5/24/99",1,1210421,1,1,4,"Uncle",3,0,2,1,0,0
31,"5/24/99",1,1210421,1,1,5,"Aunt",1,0,0,1,0,0
32,"5/24/99",1,1210421,1,2,1,"Parents",2,1,0,2,0,0
33,"5/24/99",1,1210421,1,2,2,"Brother",4,0,0,4,0,0
34,"5/24/99",1,1210421,1,2,3,"Sister",3,0,0,3,0,0
35,"5/24/99",1,1210421,1,2,4,"Uncle",4,4,0,2,2,0
36,"5/24/99",1,1210421,1,2,5,"Aunt",2,0,0,0,2,0
176,"5/24/99",1,1210441,1,1,1,"Parents",2,1,2,0,0,0
177,"5/24/99",1,1210441,1,1,2,"Brother",3,0,3,0,0,0
178,"5/24/99",1,1210441,1,1,3,"Sister",1,0,1,0,0,0
179,"5/24/99",1,1210441,1,1,4,"Uncle",2,2,2,0,0,0
180,"5/24/99",1,1210441,1,1,5,"Aunt",2,0,0,0,2,0
181,"5/24/99",1,1210441,1,2,1,"Parents",2,1,0,2,0,2
182,"5/24/99",1,1210441,1,2,3,"Sister",2,0,0,2,0,0
183,"5/24/99",1,1210441,1,2,4,"Uncle",6,6,0,1,5,4
184,"5/24/99",1,1210441,1,2,5,"Aunt",10,0,0,1,9,0
645,"9/11/99",1,1210459,1,1,1,"Parents",1,0,1,0,0,0
646,"9/11/99",1,1210459,1,1,2,"Brother",3,3,2,0,1,0
647,"9/11/99",1,1210459,1,1,3,"Sister",2,0,2,0,0,0
648,"9/11/99",1,1210459,1,1,4,"Uncle",2,1,1,1,0,0
649,"9/11/99",1,1210459,1,1,7,"Daughter",2,0,2,0,0,0
650,"9/11/99",1,1210459,2,2,1,"Parents",2,1,0,2,0,2
651,"9/11/99",1,1210459,2,2,2,"Brother",3,1,0,3,0,3
652,"9/11/99",1,1210459,2,2,3,"Sister",2,0,0,2,0,0
653,"9/11/99",1,1210459,2,2,4,"Uncle",1,1,0,1,0,0
654,"9/11/99",1,1210459,2,2,5,"Aunt",1,0,0,1,0,0
655,"9/11/99",1,1210459,2,2,7,"Daughter",2,0,2,0,0,0
38,"5/24/99",1,1210521,1,1,2,"Brother",2,0,2,0,0,0
39,"5/24/99",1,1210521,1,1,6,"Son",7,0,6,0,1,7
42,"5/24/99",1,1210521,1,2,2,"Brother",4,0,0,4,0,0
43,"5/24/99",1,1210521,1,2,3,"Sister",5,0,0,4,1,0
44,"5/24/99",1,1210521,1,2,4,"Uncle",1,0,0,1,0,0
45,"5/24/99",1,1210521,1,2,6,"Son",7,0,6,0,0,7
46,"5/24/99",1,1210521,1,2,7,"Daughter",1,0,0,1,0,0
47,"5/24/99",1,1210522,1,1,1,"Parents",1,0,1,0,0,0
48,"5/24/99",1,1210522,1,1,2,"Brother",6,0,5,0,1,1
49,"5/24/99",1,1210522,1,1,3,"Sister",1,0,0,1,0,0
50,"5/24/99",1,1210522,1,1,4,"Uncle",3,1,2,1,0,0
51,"5/24/99",1,1210522,1,1,5,"Aunt",1,0,0,1,0,0
185,"5/24/99",1,1210541,1,1,1,"Parents",1,0,1,0,0,0
186,"5/24/99",1,1210541,1,1,2,"Brother",1,0,1,0,0,0
187,"5/24/99",1,1210541,1,1,3,"Sister",4,1,1,4,0,0
188,"5/24/99",1,1210541,1,1,7,"Daughter",2,0,0,0,1,0
189,"5/24/99",1,1210541,1,2,1,"Parents",1,0,0,0,1,0
190,"5/24/99",1,1210541,1,2,2,"Brother",2,0,0,0,2,0
191,"5/24/99",1,1210541,1,2,4,"Uncle",1,0,0,0,1,0
192,"5/24/99",1,1210541,1,2,5,"Aunt",1,0,0,0,1,0
193,"5/24/99",1,1210541,1,2,7,"Daughter",1,0,0,0,1,0
52,"5/24/99",1,1210621,1,1,1,"Parents",1,0,1,0,0,0
53,"5/24/99",1,1210621,1,1,2,"Brother",1,0,1,0,0,1
54,"5/24/99",1,1210621,1,1,3,"Sister",2,0,0,1,1,0
55,"5/24/99",1,1210621,1,1,4,"Uncle",4,0,3,1,0,0
56,"5/24/99",1,1210621,1,1,5,"Aunt",1,0,0,0,1,0
58,"5/24/99",1,1210621,1,2,1,"Parents",2,1,0,2,0,2
59,"5/24/99",1,1210621,1,2,2,"Brother",5,0,0,4,1,0
60,"5/24/99",1,1210621,1,2,3,"Sister",1,0,0,1,0,0
61,"5/24/99",1,1210621,1,2,4,"Uncle",4,1,0,4,0,0
62,"5/24/99",1,1210621,1,2,5,"Aunt",1,0,0,1,0,0
63,"5/24/99",1,1210721,1,1,1,"Parents",2,0,2,0,0,2
64,"5/24/99",1,1210721,1,1,2,"Brother",4,0,3,0,1,3
65,"5/24/99",1,1210721,1,1,3,"Sister",8,0,4,3,1,2
66,"5/24/99",1,1210721,1,1,4,"Uncle",4,0,2,2,0,0
68,"5/24/99",1,1210721,1,2,1,"Parents",1,0,0,1,0,1
69,"5/24/99",1,1210721,1,2,2,"Brother",2,0,0,2,0,0
70,"5/24/99",1,1210721,1,2,3,"Sister",3,0,0,1,2,2
71,"5/24/99",1,1210721,1,2,4,"Uncle",2,1,0,2,0,0
72,"5/24/99",1,1210721,1,2,5,"Aunt",2,0,0,2,0,0
74,"5/24/99",1,1210821,1,1,2,"Brother",2,0,2,0,0,0
75,"5/24/99",1,1210821,1,1,6,"Son",2,0,1,0,1,2
76,"5/24/99",1,1210821,1,1,7,"Daughter",6,0,2,3,1,4
78,"5/24/99",1,1210821,1,2,2,"Brother",2,2,0,2,0,0
80,"5/24/99",1,1210821,1,2,6,"Son",2,0,1,0,1,2
81,"5/24/99",1,1210821,1,2,7,"Daughter",6,0,2,3,1,4
82,"5/24/99",1,1210921,1,1,1,"Parents",2,0,2,0,0,0
83,"5/24/99",1,1210921,1,1,2,"Brother",4,0,2,0,2,0
84,"5/24/99",1,1210921,1,1,3,"Sister",5,0,1,4,0,4
85,"5/24/99",1,1210921,1,1,4,"Uncle",3,0,2,2,1,0
87,"5/24/99",1,1210921,1,1,7,"Daughter",1,0,0,1,0,1
88,"5/24/99",1,1210921,1,2,1,"Parents",1,1,0,1,0,0
89,"5/24/99",1,1210921,1,2,2,"Brother",4,2,0,4,0,2
90,"5/24/99",1,1210921,1,2,3,"Sister",2,0,0,1,1,0
91,"5/24/99",1,1210921,1,2,4,"Uncle",1,1,0,0,1,0
92,"5/24/99",1,1210921,1,2,7,"Daughter",1,0,0,1,0,1
93,"5/24/99",1,1211021,2,1,1,"Parents",2,0,2,0,0,0
94,"5/24/99",1,1211021,2,1,2,"Brother",4,0,1,0,3,0
95,"5/24/99",1,1211021,2,1,3,"Sister",5,0,1,4,0,0
96,"5/24/99",1,1211021,2,1,4,"Uncle",3,0,2,1,0,0
97,"5/24/99",1,1211021,2,2,1,"Parents",2,0,0,2,0,2
98,"5/24/99",1,1211021,2,2,2,"Brother",1,0,0,1,0,0
99,"5/24/99",1,1211021,2,2,3,"Sister",5,0,0,5,0,0
100,"5/24/99",1,1211021,2,2,4,"Uncle",2,1,0,2,0,0
101,"5/24/99",1,1211021,2,2,5,"Aunt",2,0,0,2,0,0
102,"5/24/99",1,1211121,1,1,1,"Parents",2,0,0,2,0,0
103,"5/24/99",1,1211121,1,1,2,"Brother",4,0,2,0,2,4
104,"5/24/99",1,1211121,1,1,3,"Sister",5,0,1,4,0,0
105,"5/24/99",1,1211121,1,1,4,"Uncle",3,0,2,1,0,0
106,"5/24/99",1,1211121,1,2,1,"Parents",1,1,0,1,0,0
107,"5/24/99",1,1211121,1,2,2,"Brother",1,0,0,1,0,0
108,"5/24/99",1,1211121,1,2,3,"Sister",2,0,0,2,0,0
109,"5/24/99",1,1211121,1,2,4,"Uncle",1,1,0,1,0,0
110,"5/24/99",1,1211122,2,1,1,"Parents",2,0,2,0,0,0
111,"5/24/99",1,1211122,2,1,2,"Brother",4,0,1,0,3,0
112,"5/24/99",1,1211122,2,1,3,"Sister",5,0,1,4,0,0
113,"5/24/99",1,1211122,2,1,4,"Uncle",3,0,2,1,0,0
114,"5/24/99",1,1211122,2,1,6,"Son",3,0,3,0,0,0
115,"5/24/99",1,1211122,2,2,1,"Parents",2,0,0,2,0,2
116,"5/24/99",1,1211122,2,2,2,"Brother",1,0,0,1,0,0
117,"5/24/99",1,1211122,2,2,3,"Sister",5,0,0,5,0,0
118,"5/24/99",1,1211122,2,2,4,"Uncle",2,1,0,2,0,0
119,"5/24/99",1,1211122,2,2,5,"Aunt",2,0,0,2,0,0
120,"5/24/99",1,1211122,2,2,6,"Son",3,0,3,0,0,0
1517,"6/22/99",1,1220141,3,1,2,"Brother",3,0,3,0,0,0
1518,"6/22/99",1,1220141,3,1,3,"Sister",2,0,0,0,0,0
1519,"6/22/99",1,1220141,3,1,5,"Aunt",1,0,0,1,0,0
1520,"6/22/99",1,1220141,3,2,2,"Brother",3,0,2,0,1,3
1521,"6/22/99",1,1220141,3,2,3,"Sister",1,0,0,1,0,1
1522,"6/22/99",1,1220141,3,2,4,"Uncle",2,1,0,1,1,0
1523,"6/22/99",1,1220141,3,2,5,"Aunt",3,0,0,1,2,0
1561,"6/22/99",1,1220151,2,2,2,"Brother",2,1,0,2,0,1
1562,"6/22/99",1,1220151,2,2,3,"Sister",4,0,0,4,0,0
1563,"6/22/99",1,1220151,2,2,6,"Son",3,0,1,0,0,0
1564,"6/22/99",1,1220151,2,2,7,"Daughter",2,0,1,1,0,0
1565,"6/22/99",1,1220152,1,1,1,"Parents",1,0,1,0,0,0
1566,"6/22/99",1,1220152,1,1,2,"Brother",2,0,2,0,0,2
1567,"6/22/99",1,1220152,1,1,3,"Sister",2,0,1,1,0,0
1568,"6/22/99",1,1220152,1,1,4,"Uncle",2,1,0,2,0,0
1569,"6/22/99",1,1220152,1,1,5,"Aunt",4,0,0,4,0,0
1570,"6/22/99",1,1220152,1,2,1,"Parents",2,0,0,0,2,2
1571,"6/22/99",1,1220152,1,2,2,"Brother",3,0,0,0,2,0
1572,"6/22/99",1,1220152,1,2,3,"Sister",2,0,0,0,2,0
1573,"6/22/99",1,1220152,1,2,4,"Uncle",4,2,0,0,4,0
1448,"6/22/99",1,1220221,1,1,1,"Parents",1,0,0,1,0,0
1449,"6/22/99",1,1220221,1,1,2,"Brother",1,0,0,1,0,0
1450,"6/22/99",1,1220221,1,1,3,"Sister",1,0,0,0,1,0
1451,"6/22/99",1,1220221,1,1,4,"Uncle",3,0,0,0,3,0
1452,"6/22/99",1,1220221,1,1,5,"Aunt",3,0,0,3,0,0
1453,"6/22/99",1,1220221,2,2,2,"Brother",2,0,0,2,0,0
1454,"6/22/99",1,1220221,2,2,3,"Sister",2,0,0,1,1,0
1455,"6/22/99",1,1220221,2,2,4,"Uncle",3,0,0,3,0,0
1456,"6/22/99",1,1220221,2,2,5,"Aunt",2,0,0,2,0,0
1524,"6/22/99",1,1220241,1,1,2,"Brother",6,0,1,0,5,6
1525,"6/22/99",1,1220241,1,1,3,"Sister",2,0,1,1,0,0
1526,"6/22/99",1,1220241,1,1,7,"Daughter",2,0,0,2,0,2
1574,"6/22/99",1,1220251,2,2,3,"Sister",2,0,1,1,0,0
1575,"6/22/99",1,1220251,2,2,6,"Son",4,0,1,0,3,4
1576,"6/22/99",1,1220251,2,2,7,"Daughter",4,0,2,2,2,0
1577,"6/22/99",1,1220252,2,1,1,"Parents",1,0,1,0,0,0
1578,"6/22/99",1,1220252,2,1,2,"Brother",4,0,1,0,3,0
1579,"6/22/99",1,1220252,2,1,3,"Sister",6,0,0,4,2,0
1580,"6/22/99",1,1220252,2,1,4,"Uncle",1,0,0,1,0,0
1581,"6/22/99",1,1220252,2,1,5,"Aunt",2,0,1,1,0,0
1582,"6/22/99",1,1220252,2,2,1,"Parents",1,1,0,0,1,1
1583,"6/22/99",1,1220252,2,2,2,"Brother",2,1,0,0,2,2
1584,"6/22/99",1,1220252,2,2,3,"Sister",5,0,0,1,4,0
1585,"6/22/99",1,1220252,2,2,5,"Aunt",2,0,0,0,2,0
1458,"6/22/99",1,1220321,1,1,1,"Parents",1,0,1,0,0,0
1459,"6/22/99",1,1220321,1,1,2,"Brother",3,0,0,1,2,3
1460,"6/22/99",1,1220321,1,1,3,"Sister",3,0,0,1,2,0
1461,"6/22/99",1,1220321,2,2,1,"Parents",1,0,0,1,0,0
1462,"6/22/99",1,1220321,2,2,2,"Brother",1,0,1,0,0,0
1527,"6/22/99",1,1220341,1,1,2,"Brother",1,1,1,0,0,0
1528,"6/22/99",1,1220341,1,1,3,"Sister",3,2,1,2,0,2
1529,"6/22/99",1,1220341,1,1,6,"Son",2,0,1,1,0,0
1530,"6/22/99",1,1220341,1,1,7,"Daughter",2,0,0,1,1,0
1531,"6/22/99",1,1220341,2,2,2,"Brother",2,2,0,2,0,2
1532,"6/22/99",1,1220341,2,2,3,"Sister",1,0,0,1,0,0
1533,"6/22/99",1,1220341,2,2,6,"Son",2,0,1,1,0,0
1534,"6/22/99",1,1220341,2,2,7,"Daughter",2,0,0,1,1,0
1535,"6/22/99",1,1220342,1,1,1,"Parents",2,1,2,0,0,2
1536,"6/22/99",1,1220342,1,1,2,"Brother",3,0,2,1,0,0
1537,"6/22/99",1,1220342,1,1,3,"Sister",4,0,2,1,1,0
1538,"6/22/99",1,1220342,1,1,4,"Uncle",3,3,1,2,0,0
1539,"6/22/99",1,1220342,1,1,5,"Aunt",4,2,1,3,0,0
1540,"6/22/99",1,1220342,2,2,1,"Parents",2,0,2,0,0,2
1541,"6/22/99",1,1220342,2,2,2,"Brother",3,0,3,0,0,3
1542,"6/22/99",1,1220342,2,2,3,"Sister",2,0,0,2,0,0
1543,"6/22/99",1,1220342,2,2,4,"Uncle",7,5,0,7,0,0
1544,"6/22/99",1,1220342,2,2,5,"Aunt",4,0,0,4,0,0
1586,"6/22/99",1,1220351,2,2,1,"Parents",1,0,0,1,0,0
1587,"6/22/99",1,1220351,2,2,3,"Sister",6,2,0,5,1,0
1588,"6/22/99",1,1220351,2,2,4,"Uncle",1,0,0,1,0,0
1589,"6/22/99",1,1220351,2,2,5,"Aunt",2,0,0,1,1,0
1590,"6/22/99",1,1220351,2,2,7,"Daughter",1,0,0,1,0,1
1463,"6/22/99",1,1220421,1,1,2,"Brother",1,0,1,0,0,0
1464,"6/22/99",1,1220421,1,1,3,"Sister",4,0,0,2,2,0
1465,"6/22/99",1,1220421,1,1,6,"Son",2,0,0,2,0,2
1466,"6/22/99",1,1220421,1,1,7,"Daughter",1,0,0,0,1,0
1467,"6/22/99",1,1220421,2,2,2,"Brother",4,0,0,4,0,0
1468,"6/22/99",1,1220421,2,2,6,"Son",2,0,0,2,0,2
1469,"6/22/99",1,1220421,2,2,7,"Daughter",1,0,0,0,1,0
1545,"6/22/99",1,1220441,1,1,1,"Parents",1,0,1,0,0,0
1546,"6/22/99",1,1220441,1,1,2,"Brother",1,0,1,0,0,0
1547,"6/22/99",1,1220441,2,2,1,"Parents",2,0,0,2,0,2
1548,"6/22/99",1,1220441,2,2,2,"Brother",1,0,0,1,0,0
1549,"6/22/99",1,1220441,2,2,3,"Sister",3,0,0,1,2,0
1550,"6/22/99",1,1220441,2,2,4,"Uncle",2,0,0,2,0,0
1551,"6/22/99",1,1220441,2,2,5,"Aunt",1,0,0,1,0,0
1591,"6/22/99",1,1220459,1,1,5,"Aunt",1,0,0,1,0,0
1592,"6/22/99",1,1220459,2,2,1,"Parents",2,1,0,2,0,2
1593,"6/22/99",1,1220459,2,2,2,"Brother",5,0,0,4,1,0
1594,"6/22/99",1,1220459,2,2,3,"Sister",5,0,0,3,2,0
1470,"6/22/99",1,1220521,1,1,6,"Son",2,0,0,0,2,2
1471,"6/22/99",1,1220521,1,1,7,"Daughter",4,0,1,3,0,2
1472,"6/22/99",1,1220521,2,2,2,"Brother",1,0,0,0,1,1
1473,"6/22/99",1,1220521,2,2,3,"Sister",1,0,0,0,1,0
1474,"6/22/99",1,1220521,2,2,6,"Son",2,0,0,0,2,2
1475,"6/22/99",1,1220521,2,2,7,"Daughter",4,0,1,3,0,2
1552,"6/22/99",1,1220541,1,1,2,"Brother",1,1,0,0,1,1
1553,"6/22/99",1,1220541,1,1,3,"Sister",1,0,0,1,0,0
1554,"6/22/99",1,1220541,1,1,4,"Uncle",3,2,2,1,0,0
1556,"6/22/99",1,1220541,1,1,7,"Daughter",1,0,1,0,0,0
1557,"6/22/99",1,1220541,2,2,2,"Brother",2,2,2,0,0,2
1558,"6/22/99",1,1220541,2,2,3,"Sister",3,0,0,2,1,0
1560,"6/22/99",1,1220541,2,2,7,"Daughter",1,0,1,0,0,0
1476,"6/22/99",1,1220621,2,2,1,"Parents",1,0,0,1,0,0
1477,"6/22/99",1,1220621,2,2,2,"Brother",3,0,0,3,0,0
1478,"6/22/99",1,1220621,2,2,3,"Sister",2,0,0,2,0,0
1479,"6/22/99",1,1220621,2,2,7,"Daughter",2,0,0,2,0,0
1480,"6/22/99",1,1220721,1,1,3,"Sister",1,0,0,1,0,0
1481,"6/22/99",1,1220721,1,1,6,"Son",5,0,1,3,1,5
1482,"6/22/99",1,1220721,1,1,7,"Daughter",2,0,0,2,0,2
1487,"6/22/99",1,1220722,2,2,1,"Parents",1,0,0,1,0,0
1484,"6/22/99",1,1220722,2,2,2,"Brother",6,0,2,4,0,0
1485,"6/22/99",1,1220722,2,2,3,"Sister",2,0,0,2,0,0
1489,"6/22/99",1,1220722,2,2,5,"Aunt",3,0,0,3,0,0
1490,"6/22/99",1,1220821,1,1,2,"Brother",1,0,0,1,0,0
1491,"6/22/99",1,1220821,1,1,3,"Sister",3,0,0,1,2,0
1492,"6/22/99",1,1220821,2,2,2,"Brother",1,0,0,1,0,1
1493,"6/22/99",1,1220821,2,2,3,"Sister",1,0,0,1,0,0
1494,"6/22/99",1,1220821,2,2,4,"Uncle",1,0,0,1,0,0
1495,"6/22/99",1,1220821,2,2,5,"Aunt",1,0,0,1,0,0
1496,"6/22/99",1,1220921,1,1,1,"Parents",2,0,0,2,0,1
1497,"6/22/99",1,1220921,1,1,2,"Brother",2,0,0,2,0,0
1498,"6/22/99",1,1220921,1,1,3,"Sister",4,0,0,4,0,0
1499,"6/22/99",1,1220921,1,1,4,"Uncle",2,1,0,2,0,0
1500,"6/22/99",1,1220921,1,1,5,"Aunt",6,0,0,2,4,0
1501,"6/22/99",1,1221021,1,1,1,"Parents",2,0,2,0,0,2
1502,"6/22/99",1,1221021,1,1,2,"Brother",2,0,0,0,2,2
1503,"6/22/99",1,1221021,1,1,3,"Sister",3,0,1,1,1,1
1504,"6/22/99",1,1221021,1,1,4,"Uncle",1,1,0,0,1,0
1505,"6/22/99",1,1221021,1,1,5,"Aunt",1,0,0,0,1,0
1506,"6/22/99",1,1221021,1,1,6,"Son",1,0,0,0,1,1
1507,"6/22/99",1,1221021,1,1,7,"Daughter",1,0,0,0,1,1
1508,"6/22/99",1,1221021,2,2,1,"Parents",1,0,0,0,0,0
1509,"6/22/99",1,1221021,2,2,2,"Brother",5,5,0,5,0,2
1510,"6/22/99",1,1221021,2,2,3,"Sister",3,0,0,3,0,0
1511,"6/22/99",1,1221021,2,2,6,"Son",1,0,0,0,1,1
1512,"6/22/99",1,1221021,2,2,7,"Daughter",1,0,0,0,1,0
1513,"6/22/99",1,1221221,1,1,1,"Parents",1,0,1,0,0,0
1514,"6/22/99",1,1221221,1,1,3,"Sister",1,0,0,1,0,0
1515,"6/22/99",1,1221221,1,1,4,"Uncle",3,0,3,0,0,0
1516,"6/22/99",1,1221221,1,1,5,"Aunt",4,0,0,3,1,0
2050,"7/06/99",1,1230121,2,1,1,"Parents",1,0,0,1,0,0
2051,"7/06/99",1,1230121,2,1,2,"Brother",3,2,0,3,0,0
2052,"7/06/99",1,1230121,2,1,3,"Sister",1,0,0,0,1,0
2053,"7/06/99",1,1230121,2,1,4,"Uncle",3,1,0,2,1,0
2054,"7/06/99",1,1230121,2,1,5,"Aunt",2,0,0,2,0,0
2055,"7/06/99",1,1230121,2,1,7,"Daughter",1,0,0,0,1,0
2056,"7/06/99",1,1230121,2,2,1,"Parents",1,0,0,1,0,0
2057,"7/06/99",1,1230121,2,2,2,"Brother",2,0,0,2,0,0
2058,"7/06/99",1,1230121,2,2,3,"Sister",1,0,0,1,0,0
2059,"7/06/99",1,1230121,2,2,4,"Uncle",3,0,0,3,0,0
2060,"7/06/99",1,1230121,2,2,6,"Son",1,0,1,0,0,0
2061,"7/06/99",1,1230121,2,2,7,"Daughter",1,0,0,0,1,0
2062,"7/06/99",1,1230122,1,1,1,"Parents",1,0,1,0,0,0
2063,"7/06/99",1,1230122,1,1,2,"Brother",1,0,1,0,0,0
2064,"7/06/99",1,1230122,1,1,3,"Sister",4,0,3,0,1,0
2065,"7/06/99",1,1230122,1,1,4,"Uncle",3,2,0,3,0,0
2066,"7/06/99",1,1230122,1,1,5,"Aunt",2,0,0,0,1,0
2067,"7/06/99",1,1230122,1,2,1,"Parents",2,1,0,2,0,2
2068,"7/06/99",1,1230122,1,2,2,"Brother",3,0,0,3,0,0
2069,"7/06/99",1,1230122,1,2,3,"Sister",1,0,0,1,0,0
2070,"7/06/99",1,1230122,1,2,4,"Uncle",3,1,0,2,0,0
2071,"7/06/99",1,1230122,1,2,5,"Aunt",5,0,0,3,2,0
2137,"7/06/99",1,1230141,1,1,6,"Son",1,0,0,0,1,1
2152,"7/06/99",1,1230151,1,1,3,"Sister",3,1,0,1,2,0
2153,"7/06/99",1,1230151,1,1,4,"Uncle",1,1,0,0,1,1
2154,"7/06/99",1,1230151,1,1,5,"Aunt",3,0,0,0,3,0
2155,"7/06/99",1,1230151,1,2,1,"Parents",2,1,0,0,2,0
2156,"7/06/99",1,1230151,1,2,2,"Brother",2,0,0,0,2,0
2157,"7/06/99",1,1230151,1,2,3,"Sister",4,0,0,0,4,0
2158,"7/06/99",1,1230151,1,2,4,"Uncle",2,2,0,0,2,0
2159,"7/06/99",1,1230151,1,2,5,"Aunt",2,0,0,0,2,0
2072,"7/06/99",1,1230221,1,1,2,"Brother",3,2,0,0,3,2
2073,"7/06/99",1,1230221,1,1,3,"Sister",4,0,0,1,3,0
2074,"7/06/99",1,1230221,2,2,1,"Parents",1,0,0,1,0,1
2075,"7/06/99",1,1230221,2,2,2,"Brother",3,3,0,3,0,3
2076,"7/06/99",1,1230221,2,2,3,"Sister",1,0,0,1,0,0
2077,"7/06/99",1,1230221,2,2,4,"Uncle",1,1,0,1,0,1
2140,"7/06/99",1,1230241,2,1,2,"Brother",1,1,0,1,0,1
2141,"7/06/99",1,1230241,2,1,3,"Sister",2,0,0,0,2,0
2143,"7/06/99",1,1230241,2,1,7,"Daughter",4,0,0,1,3,0
2160,"7/06/99",1,1230251,1,1,2,"Brother",1,1,1,0,0,0
2161,"7/06/99",1,1230251,1,1,3,"Sister",1,0,0,0,1,0
2162,"7/06/99",1,1230251,1,1,7,"Daughter",1,0,0,0,1,0
2163,"7/06/99",1,1230251,1,2,1,"Parents",1,0,0,1,0,0
2164,"7/06/99",1,1230251,1,2,2,"Brother",4,2,0,4,0,0
2165,"7/06/99",1,1230251,1,2,3,"Sister",3,0,0,2,1,0
2166,"7/06/99",1,1230251,1,2,7,"Daughter",1,0,0,0,1,0
2078,"7/06/99",1,1230321,1,1,1,"Parents",1,0,1,0,0,0
2079,"7/06/99",1,1230321,1,1,2,"Brother",1,0,1,0,0,0
2080,"7/06/99",1,1230321,1,1,3,"Sister",4,0,2,0,2,2
2081,"7/06/99",1,1230321,1,1,4,"Uncle",3,3,0,1,2,3
2082,"7/06/99",1,1230321,1,1,5,"Aunt",1,0,0,0,1,0
2083,"7/06/99",1,1230321,2,2,1,"Parents",2,1,0,2,0,2
2084,"7/06/99",1,1230321,2,2,2,"Brother",4,0,0,4,0,0
2085,"7/06/99",1,1230321,2,2,3,"Sister",3,0,0,2,1,0
2086,"7/06/99",1,1230321,2,2,4,"Uncle",4,4,0,1,3,0
2087,"7/06/99",1,1230321,2,2,5,"Aunt",4,0,0,2,2,0
2088,"7/06/99",1,1230322,1,1,1,"Parents",1,0,1,0,0,1
2089,"7/06/99",1,1230322,1,1,2,"Brother",2,0,2,0,0,2
2090,"7/06/99",1,1230322,1,1,3,"Sister",4,0,2,0,2,2
2091,"7/06/99",1,1230322,1,1,4,"Uncle",3,3,0,1,2,3
2092,"7/06/99",1,1230322,1,1,5,"Aunt",1,0,0,0,1,0
2144,"7/06/99",1,1230341,2,1,3,"Sister",2,0,0,1,1,0
2167,"7/06/99",1,1230351,2,1,1,"Parents",1,0,1,0,0,0
2168,"7/06/99",1,1230351,2,1,2,"Brother",1,1,1,0,0,0
2169,"7/06/99",1,1230351,2,1,3,"Sister",1,0,0,0,1,0
2170,"7/06/99",1,1230351,2,2,1,"Parents",1,1,0,1,0,1
2171,"7/06/99",1,1230351,2,2,2,"Brother",5,0,0,5,0,0
2172,"7/06/99",1,1230351,2,2,3,"Sister",2,0,0,1,1,0
2173,"7/06/99",1,1230351,2,2,4,"Uncle",1,1,0,1,0,0
2174,"7/06/99",1,1230351,2,2,5,"Aunt",3,0,0,2,1,0
2175,"7/06/99",1,1230352,1,1,1,"Parents",1,0,1,0,0,0
2176,"7/06/99",1,1230352,1,1,2,"Brother",1,1,1,0,0,1
2177,"7/06/99",1,1230352,1,1,3,"Sister",1,0,0,0,1,0
2178,"7/06/99",1,1230352,1,2,1,"Parents",2,1,0,0,1,1
2179,"7/06/99",1,1230352,1,2,2,"Brother",5,2,0,0,5,5
2180,"7/06/99",1,1230352,1,2,4,"Uncle",2,2,0,0,2,0
2181,"7/06/99",1,1230352,1,2,5,"Aunt",3,0,0,1,2,0
2093,"7/06/99",1,1230421,1,1,6,"Son",1,0,0,0,1,1
2094,"7/06/99",1,1230421,1,1,7,"Daughter",5,0,1,1,2,4
2095,"7/06/99",1,1230421,2,2,6,"Son",1,0,0,0,1,1
2096,"7/06/99",1,1230421,2,2,7,"Daughter",5,0,1,2,2,4
2145,"7/06/99",1,1230441,1,1,2,"Brother",1,0,0,0,1,0
2146,"7/06/99",1,1230441,1,1,3,"Sister",3,0,0,1,2,0
2147,"7/06/99",1,1230441,1,1,4,"Uncle",4,0,4,0,0,0
2148,"7/06/99",1,1230441,1,2,1,"Parents",2,0,0,0,2,2
2149,"7/06/99",1,1230441,1,2,2,"Brother",3,0,0,0,3,3
2150,"7/06/99",1,1230441,1,2,3,"Sister",1,0,0,0,1,0
2151,"7/06/99",1,1230441,1,2,4,"Uncle",5,3,0,0,5,0
2182,"7/06/99",1,1230459,1,1,7,"Daughter",1,0,0,0,1,1
2183,"7/06/99",1,1230459,1,2,7,"Daughter",1,0,0,0,1,1
2097,"7/06/99",1,1230521,1,1,1,"Parents",1,0,1,0,0,0
2098,"7/06/99",1,1230521,1,1,2,"Brother",5,0,1,0,4,5
2099,"7/06/99",1,1230521,1,1,3,"Sister",4,0,0,1,3,2
2100,"7/06/99",1,1230521,1,1,5,"Aunt",3,0,0,1,2,0
2101,"7/06/99",1,1230521,2,2,1,"Parents",1,0,0,1,0,1
2102,"7/06/99",1,1230521,2,2,2,"Brother",6,0,0,5,1,6
2103,"7/06/99",1,1230521,2,2,3,"Sister",2,0,0,0,2,0
2104,"7/06/99",1,1230521,2,2,4,"Uncle",4,4,0,2,2,0
2105,"7/06/99",1,1230521,2,2,5,"Aunt",2,0,0,0,2,0
2106,"7/06/99",1,1230621,1,1,1,"Parents",1,0,0,0,0,0
2107,"7/06/99",1,1230621,1,1,2,"Brother",5,0,1,0,4,0
2108,"7/06/99",1,1230621,1,1,3,"Sister",4,0,0,1,3,3
2109,"7/06/99",1,1230621,1,1,5,"Aunt",3,0,0,1,2,0
2110,"7/06/99",1,1230621,2,2,1,"Parents",2,0,0,2,0,2
2111,"7/06/99",1,1230621,2,2,3,"Sister",4,0,0,3,1,0
2112,"7/06/99",1,1230621,2,2,4,"Uncle",4,2,0,4,0,0
2113,"7/06/99",1,1230621,2,2,5,"Aunt",4,0,0,2,2,0
2114,"7/06/99",1,1230721,1,1,2,"Brother",2,0,0,2,0,0
2115,"7/06/99",1,1230721,1,1,3,"Sister",1,0,0,0,1,0
2116,"7/06/99",1,1230721,1,1,7,"Daughter",1,0,0,0,1,0
2117,"7/06/99",1,1230721,2,2,1,"Parents",2,0,2,0,0,0
2118,"7/06/99",1,1230721,2,2,2,"Brother",1,0,0,1,0,0
2119,"7/06/99",1,1230721,2,2,3,"Sister",4,0,0,2,2,0
2120,"7/06/99",1,1230721,2,2,7,"Daughter",1,0,0,0,1,0
2121,"7/06/99",1,1231021,1,2,1,"Parents",1,0,0,1,0,1
2122,"7/06/99",1,1231021,1,2,2,"Brother",4,0,0,4,0,4
2123,"7/06/99",1,1231021,1,2,3,"Sister",3,0,0,2,1,0
2124,"7/06/99",1,1231021,1,2,4,"Uncle",1,0,0,0,1,0
2125,"7/06/99",1,1231021,1,2,5,"Aunt",1,0,0,0,1,0
2126,"7/06/99",1,1231121,1,1,1,"Parents",1,0,1,0,0,0
2127,"7/06/99",1,1231121,1,1,2,"Brother",1,1,1,0,0,0
2128,"7/06/99",1,1231121,1,1,3,"Sister",2,0,0,0,2,2
2129,"7/06/99",1,1231222,1,1,1,"Parents",2,0,0,0,2,2
2130,"7/06/99",1,1231222,1,1,2,"Brother",1,0,0,0,1,1
2131,"7/06/99",1,1231222,1,1,3,"Sister",3,0,0,1,2,0
2132,"7/06/99",1,1231222,1,1,4,"Uncle",1,0,0,1,0,0
2133,"7/06/99",1,1231222,1,2,1,"Parents",2,1,0,2,0,2
2134,"7/06/99",1,1231222,1,2,2,"Brother",3,0,0,3,0,3
2135,"7/06/99",1,1231222,1,2,3,"Sister",4,0,0,3,1,0
2136,"7/06/99",1,1231222,1,2,4,"Uncle",3,3,0,3,0,0
2095,"7/04/99",1,1310141,1,1,1,"Parents",1,0,1,0,0,0
2096,"7/04/99",1,1310141,1,1,2,"Brother",2,0,1,1,0,0
2097,"7/04/99",1,1310141,1,1,3,"Sister",3,1,0,2,1,0
2098,"7/04/99",1,1310141,1,1,4,"Uncle",3,2,2,1,0,0
2099,"7/04/99",1,1310141,1,1,6,"Son",1,0,0,1,0,0
2100,"7/04/99",1,1310141,2,2,1,"Parents",1,0,0,1,0,0
2101,"7/04/99",1,1310141,2,2,2,"Brother",3,0,0,3,0,3
2102,"7/04/99",1,1310141,2,2,4,"Uncle",5,4,0,0,5,1
2103,"7/04/99",1,1310141,2,2,5,"Aunt",2,0,0,0,2,0
2104,"7/04/99",1,1310141,2,2,6,"Son",1,0,0,1,0,0
2132,"7/04/99",1,1310151,1,1,3,"Sister",1,1,0,0,1,0
2133,"7/04/99",1,1310151,1,1,4,"Uncle",1,1,1,0,0,0
2134,"7/04/99",1,1310151,1,1,6,"Son",3,0,0,0,3,1
2135,"7/04/99",1,1310151,1,1,7,"Daughter",5,4,0,1,4,5
2136,"7/04/99",1,1310151,2,2,2,"Brother",2,2,0,0,2,0
2137,"7/04/99",1,1310151,2,2,3,"Sister",3,0,0,0,0,0
2138,"7/04/99",1,1310151,2,2,4,"Uncle",2,2,0,0,2,0
2139,"7/04/99",1,1310151,2,2,6,"Son",3,0,0,0,3,1
2140,"7/04/99",1,1310151,2,2,7,"Daughter",5,4,0,1,4,5
2018,"7/04/99",1,1310221,1,1,1,"Parents",1,0,0,0,1,0
2019,"7/04/99",1,1310221,1,1,2,"Brother",4,0,3,0,1,1
2020,"7/04/99",1,1310221,1,1,3,"Sister",2,0,0,0,2,0
2021,"7/04/99",1,1310221,1,1,4,"Uncle",1,0,0,0,1,0
2022,"7/04/99",1,1310221,1,1,5,"Aunt",2,0,0,0,2,0
2023,"7/04/99",1,1310221,2,2,1,"Parents",2,0,0,2,0,1
2024,"7/04/99",1,1310221,2,2,2,"Brother",1,0,0,1,0,0
2025,"7/04/99",1,1310221,2,2,3,"Sister",4,0,0,2,2,0
2026,"7/04/99",1,1310221,2,2,4,"Uncle",2,0,0,2,0,1
2027,"7/04/99",1,1310221,2,2,5,"Aunt",2,0,0,0,2,0
2105,"7/04/99",1,1310241,1,1,1,"Parents",1,0,0,0,1,0
2106,"7/04/99",1,1310241,1,1,2,"Brother",4,0,3,0,1,1
2107,"7/04/99",1,1310241,1,1,3,"Sister",2,0,0,0,2,0
2108,"7/04/99",1,1310241,1,1,4,"Uncle",1,0,0,0,1,0
2109,"7/04/99",1,1310241,1,1,5,"Aunt",2,0,0,0,2,0
2110,"7/04/99",1,1310241,1,2,1,"Parents",2,0,0,0,2,0
2111,"7/04/99",1,1310241,1,2,2,"Brother",2,2,0,1,0,2
2112,"7/04/99",1,1310241,1,2,3,"Sister",3,0,0,0,3,0
2113,"7/04/99",1,1310241,1,2,5,"Aunt",1,0,0,0,1,0
2141,"7/04/99",1,1310251,1,1,2,"Brother",3,3,3,0,0,3
2142,"7/04/99",1,1310251,1,1,3,"Sister",2,2,0,2,0,2
2143,"7/04/99",1,1310251,1,1,5,"Aunt",1,0,0,0,1,0
2144,"7/04/99",1,1310251,1,1,7,"Daughter",1,0,0,1,0,0
2145,"7/04/99",1,1310251,2,2,1,"Parents",2,1,0,0,2,0
2146,"7/04/99",1,1310251,2,2,2,"Brother",2,2,0,0,2,0
2147,"7/04/99",1,1310251,2,2,3,"Sister",4,3,0,0,4,0
2148,"7/04/99",1,1310251,2,2,4,"Uncle",5,5,0,0,5,0
2149,"7/04/99",1,1310251,2,2,5,"Aunt",1,1,0,1,0,0
2150,"7/04/99",1,1310251,2,2,7,"Daughter",1,0,0,1,0,0
2028,"7/04/99",1,1310321,1,1,1,"Parents",1,0,0,0,1,0
2029,"7/04/99",1,1310321,1,1,3,"Sister",1,1,0,0,1,1
2030,"7/04/99",1,1310321,1,1,5,"Aunt",1,0,0,0,1,0
2031,"7/04/99",1,1310321,2,2,1,"Parents",2,0,0,2,0,1
2032,"7/04/99",1,1310321,2,2,2,"Brother",2,0,0,2,0,0
2033,"7/04/99",1,1310321,2,2,3,"Sister",3,0,0,1,2,0
2034,"7/04/99",1,1310321,2,2,4,"Uncle",1,0,0,1,0,0
2035,"7/04/99",1,1310321,2,2,5,"Aunt",4,2,0,4,0,2
2114,"7/04/99",1,1310341,1,1,1,"Parents",1,0,1,0,0,0
2115,"7/04/99",1,1310341,1,1,2,"Brother",4,0,2,2,0,0
2116,"7/04/99",1,1310341,1,1,3,"Sister",2,0,0,2,0,0
2117,"7/04/99",1,1310341,1,1,4,"Uncle",2,0,0,2,0,0
2118,"7/04/99",1,1310341,1,1,5,"Aunt",4,0,1,3,0,0
2119,"7/04/99",1,1310341,1,2,1,"Parents",1,0,0,0,1,0
2120,"7/04/99",1,1310341,1,2,2,"Brother",3,0,0,0,3,0
2121,"7/04/99",1,1310341,1,2,3,"Sister",3,0,0,1,2,0
2122,"7/04/99",1,1310341,1,2,5,"Aunt",2,0,0,2,0,0
2151,"7/04/99",1,1310351,6,1,2,"Brother",3,2,3,0,0,0
2152,"7/04/99",1,1310351,6,1,3,"Sister",3,3,1,2,0,1
2153,"7/04/99",1,1310351,6,1,4,"Uncle",1,1,0,1,0,0
2154,"7/04/99",1,1310351,6,1,5,"Aunt",1,1,0,1,0,0
2155,"7/04/99",1,1310351,6,1,6,"Son",4,0,4,0,0,0
2156,"7/04/99",1,1310351,6,1,7,"Daughter",2,2,0,2,0,2
2157,"7/04/99",1,1310351,6,2,5,"Aunt",1,1,0,1,0,0
2158,"7/04/99",1,1310351,6,2,6,"Son",4,0,4,0,0,0
2159,"7/04/99",1,1310351,6,2,7,"Daughter",2,2,0,2,0,2
2160,"7/04/99",1,1310352,1,1,1,"Parents",2,1,2,0,0,1
2161,"7/04/99",1,1310352,1,1,2,"Brother",4,0,4,0,0,0
2162,"7/04/99",1,1310352,1,1,3,"Sister",2,0,0,2,0,0
2163,"7/04/99",1,1310352,1,1,4,"Uncle",3,2,3,0,0,0
2164,"7/04/99",1,1310352,1,1,5,"Aunt",3,2,0,3,0,0
2165,"7/04/99",1,1310352,2,2,1,"Parents",2,1,2,0,0,2
2166,"7/04/99",1,1310352,2,2,2,"Brother",5,3,5,0,0,0
2167,"7/04/99",1,1310352,2,2,3,"Sister",1,1,0,1,0,0
2168,"7/04/99",1,1310352,2,2,4,"Uncle",3,1,2,1,0,0
2169,"7/04/99",1,1310353,1,1,1,"Parents",2,1,2,0,0,1
2170,"7/04/99",1,1310353,1,1,2,"Brother",4,0,4,0,0,0
2171,"7/04/99",1,1310353,1,1,3,"Sister",2,0,0,2,0,0
2172,"7/04/99",1,1310353,1,1,4,"Uncle",3,2,3,0,0,0
2173,"7/04/99",1,1310353,1,1,5,"Aunt",3,2,0,3,0,0
2174,"7/04/99",1,1310353,1,2,1,"Parents",2,1,0,2,0,2
2175,"7/04/99",1,1310353,1,2,2,"Brother",4,0,0,4,0,0
2176,"7/04/99",1,1310353,1,2,3,"Sister",2,1,0,2,0,0
2177,"7/04/99",1,1310353,1,2,4,"Uncle",3,3,0,1,2,0
2178,"7/04/99",1,1310353,1,2,5,"Aunt",4,2,0,2,2,0
2036,"7/04/99",1,1310421,1,1,2,"Brother",3,0,3,0,0,3
2037,"7/04/99",1,1310421,1,1,3,"Sister",1,0,0,0,1,0
2038,"7/04/99",1,1310421,1,1,4,"Uncle",3,0,2,0,1,2
2039,"7/04/99",1,1310421,1,1,5,"Aunt",1,0,0,0,1,0
2040,"7/04/99",1,1310421,1,2,1,"Parents",2,0,0,2,0,1
2041,"7/04/99",1,1310421,1,2,2,"Brother",1,0,1,0,0,1
2042,"7/04/99",1,1310421,1,2,3,"Sister",4,0,0,2,2,0
2043,"7/04/99",1,1310421,1,2,4,"Uncle",5,0,0,2,3,3
2044,"7/04/99",1,1310421,1,2,5,"Aunt",3,0,0,1,2,0
2179,"7/04/99",1,1310459,1,1,2,"Brother",1,1,1,0,0,1
2180,"7/04/99",1,1310459,1,1,3,"Sister",2,2,0,0,2,2
2181,"7/04/99",1,1310459,1,1,4,"Uncle",2,2,0,0,2,0
2182,"7/04/99",1,1310459,1,1,5,"Aunt",1,1,0,0,1,0
2184,"7/04/99",1,1310459,1,1,7,"Daughter",2,2,0,0,2,0
2185,"7/04/99",1,1310459,2,2,1,"Parents",1,1,0,1,0,0
2186,"7/04/99",1,1310459,2,2,2,"Brother",2,2,0,2,0,0
2187,"7/04/99",1,1310459,2,2,3,"Sister",4,4,0,3,1,2
2188,"7/04/99",1,1310459,2,2,4,"Uncle",1,1,0,1,0,0
2189,"7/04/99",1,1310459,2,2,5,"Aunt",1,1,0,1,0,0
2191,"7/04/99",1,1310459,2,2,7,"Daughter",2,2,0,0,2,0
2045,"7/04/99",1,1310521,1,1,2,"Brother",3,2,1,1,1,1
2046,"7/04/99",1,1310521,1,1,3,"Sister",3,0,0,3,0,1
2047,"7/04/99",1,1310521,1,1,4,"Uncle",1,1,1,0,0,1
2048,"7/04/99",1,1310521,1,1,5,"Aunt",2,1,0,2,0,1
2049,"7/04/99",1,1310521,1,2,1,"Parents",1,1,0,0,1,1
2050,"7/04/99",1,1310521,1,2,2,"Brother",3,0,0,0,3,3
2051,"7/04/99",1,1310521,1,2,4,"Uncle",7,7,0,0,7,3
2123,"7/04/99",1,1310541,1,1,1,"Parents",2,1,2,2,0,0
2124,"7/04/99",1,1310541,1,1,2,"Brother",3,3,1,0,2,0
2125,"7/04/99",1,1310541,1,1,3,"Sister",2,2,1,0,1,0
2126,"7/04/99",1,1310541,1,1,4,"Uncle",3,3,0,2,1,0
2127,"7/04/99",1,1310541,1,1,5,"Aunt",4,4,0,3,1,0
2128,"7/04/99",1,1310541,2,2,1,"Parents",2,1,0,0,2,0
2129,"7/04/99",1,1310541,2,2,2,"Brother",3,3,0,0,3,0
2130,"7/04/99",1,1310541,2,2,3,"Sister",2,2,1,0,1,0
2131,"7/04/99",1,1310541,2,2,4,"Uncle",3,3,0,0,3,0
2052,"7/04/99",1,1310821,1,1,1,"Parents",1,0,0,0,0,0
2053,"7/04/99",1,1310821,1,1,6,"Son",2,0,0,0,1,1
2054,"7/04/99",1,1310821,1,2,1,"Parents",1,0,0,0,0,0
2055,"7/04/99",1,1310821,1,2,6,"Son",2,0,0,0,1,1
2056,"7/04/99",1,1310921,1,1,1,"Parents",2,0,2,0,0,1
2057,"7/04/99",1,1310921,1,1,2,"Brother",3,1,3,0,0,2
2058,"7/04/99",1,1310921,1,1,3,"Sister",2,0,0,1,1,0
2059,"7/04/99",1,1310921,1,1,4,"Uncle",5,0,0,0,5,0
2060,"7/04/99",1,1310921,1,1,5,"Aunt",2,2,0,1,1,0
2061,"7/04/99",1,1310921,3,2,1,"Parents",2,1,0,2,0,0
2062,"7/04/99",1,1310921,3,2,2,"Brother",6,0,0,6,0,1
2063,"7/04/99",1,1310921,3,2,4,"Uncle",1,1,0,1,0,0
2064,"7/04/99",1,1311021,4,1,1,"Parents",2,0,1,0,0,0
2065,"7/04/99",1,1311021,4,1,2,"Brother",2,0,2,0,0,1
2066,"7/04/99",1,1311021,4,1,3,"Sister",3,0,0,2,1,3
2067,"7/04/99",1,1311021,4,1,4,"Uncle",2,2,0,2,0,0
2068,"7/04/99",1,1311021,4,2,1,"Parents",2,1,0,0,2,1
2069,"7/04/99",1,1311021,4,2,2,"Brother",2,0,0,0,2,0
2070,"7/04/99",1,1311021,4,2,3,"Sister",6,0,0,2,4,0
2071,"7/04/99",1,1311021,4,2,4,"Uncle",3,3,0,0,3,0
2072,"7/04/99",1,1311021,4,2,5,"Aunt",2,1,0,0,2,0
2073,"7/04/99",1,1311121,1,1,1,"Parents",1,0,1,0,0,0
2074,"7/04/99",1,1311121,1,1,2,"Brother",4,0,2,2,0,0
2075,"7/04/99",1,1311121,1,1,3,"Sister",2,0,0,2,0,0
2076,"7/04/99",1,1311121,1,1,4,"Uncle",2,0,0,2,0,0
2077,"7/04/99",1,1311121,1,1,5,"Aunt",4,0,1,3,0,0
2078,"7/04/99",1,1311121,2,2,1,"Parents",2,0,0,2,0,0
2079,"7/04/99",1,1311121,2,2,2,"Brother",4,0,0,4,0,0
2080,"7/04/99",1,1311121,2,2,3,"Sister",3,0,0,3,0,0
2081,"7/04/99",1,1311121,2,2,5,"Aunt",6,1,0,6,0,0
2082,"7/04/99",1,1311221,1,1,1,"Parents",2,0,2,0,0,0
2083,"7/04/99",1,1311221,1,1,2,"Brother",5,1,4,0,1,5
2084,"7/04/99",1,1311221,1,1,3,"Sister",2,2,1,0,1,2
2085,"7/04/99",1,1311221,1,1,4,"Uncle",1,1,1,0,0,1
2086,"7/04/99",1,1311221,1,1,5,"Aunt",3,0,0,3,0,0
2087,"7/04/99",1,1311221,1,1,6,"Son",2,0,1,0,1,0
2088,"7/04/99",1,1311221,1,1,7,"Daughter",1,0,1,0,0,0
2089,"7/04/99",1,1311221,2,2,1,"Parents",2,1,0,2,0,1
2090,"7/04/99",1,1311221,2,2,2,"Brother",5,5,0,5,0,1
2091,"7/04/99",1,1311221,2,2,3,"Sister",4,4,0,2,2,0
2093,"7/04/99",1,1311221,2,2,4,"Uncle",1,1,0,1,0,0
2094,"7/04/99",1,1311221,2,2,5,"Aunt",8,8,0,3,5,0
737,"7/22/99",1,1320121,2,1,6,"Son",3,2,2,2,0,1
738,"7/22/99",1,1320121,2,1,7,"Daughter",2,0,0,2,0,0
739,"7/22/99",1,1320121,2,2,2,"Brother",1,1,0,1,0,0
740,"7/22/99",1,1320121,2,2,3,"Sister",3,2,0,1,1,0
741,"7/22/99",1,1320121,2,2,6,"Son",3,2,2,2,0,1
742,"7/22/99",1,1320121,2,2,7,"Daughter",2,0,0,2,0,0
818,"7/22/99",1,1320141,1,1,1,"Parents",3,1,0,0,1,0
819,"7/22/99",1,1320141,1,1,6,"Son",1,0,1,1,0,1
820,"7/22/99",1,1320141,1,1,7,"Daughter",1,1,0,1,0,1
821,"7/22/99",1,1320141,2,2,1,"Parents",1,0,0,0,1,0
822,"7/22/99",1,1320141,2,2,2,"Brother",4,0,0,0,1,0
823,"7/22/99",1,1320141,2,2,3,"Sister",1,0,0,0,1,0
824,"7/22/99",1,1320141,2,2,4,"Uncle",2,2,0,0,2,0
825,"7/22/99",1,1320141,2,2,5,"Aunt",1,1,0,0,1,0
826,"7/22/99",1,1320141,2,2,6,"Son",1,0,1,1,0,1
827,"7/22/99",1,1320141,2,2,7,"Daughter",1,1,0,1,0,1
828,"7/22/99",1,1320142,1,1,1,"Parents",2,0,2,2,0,0
829,"7/22/99",1,1320142,1,1,2,"Brother",1,0,1,1,0,0
830,"7/22/99",1,1320142,1,1,3,"Sister",1,0,0,1,0,0
831,"7/22/99",1,1320142,1,1,4,"Uncle",4,0,0,0,1,0
832,"7/22/99",1,1320142,1,1,5,"Aunt",1,0,0,1,0,0
833,"7/22/99",1,1320142,2,2,1,"Parents",2,0,0,2,0,0
834,"7/22/99",1,1320142,2,2,4,"Uncle",2,2,0,2,0,0
835,"7/22/99",1,1320142,2,2,5,"Aunt",4,0,0,4,0,0
868,"7/22/99",1,1320151,2,1,2,"Brother",2,2,2,2,0,0
869,"7/22/99",1,1320151,2,1,6,"Son",3,3,2,2,1,3
870,"7/22/99",1,1320151,2,1,7,"Daughter",4,3,1,2,1,0
871,"7/22/99",1,1320151,2,2,2,"Brother",1,1,0,1,0,1
872,"7/22/99",1,1320151,2,2,3,"Sister",1,1,0,0,1,0
873,"7/22/99",1,1320151,2,2,6,"Son",3,3,2,2,1,3
874,"7/22/99",1,1320151,2,2,7,"Daughter",4,3,1,2,1,0
743,"7/22/99",1,1320221,1,1,2,"Brother",2,1,2,2,0,0
744,"7/22/99",1,1320221,1,1,3,"Sister",2,0,0,2,0,0
745,"7/22/99",1,1320221,1,1,4,"Uncle",4,0,0,4,0,0
746,"7/22/99",1,1320221,1,1,5,"Aunt",1,0,0,1,0,0
747,"7/22/99",1,1320221,2,2,2,"Brother",2,0,0,2,0,2
748,"7/22/99",1,1320221,2,2,4,"Uncle",2,2,0,2,0,0
836,"7/22/99",1,1320241,1,1,1,"Parents",1,0,1,1,0,0
837,"7/22/99",1,1320241,1,1,2,"Brother",3,0,3,3,0,0
838,"7/22/99",1,1320241,1,1,3,"Sister",2,2,0,2,0,0
839,"7/22/99",1,1320241,1,1,4,"Uncle",4,3,2,2,0,0
840,"7/22/99",1,1320241,1,1,5,"Aunt",1,1,0,1,0,0
841,"7/22/99",1,1320241,1,1,7,"Daughter",1,1,0,1,0,0
842,"7/22/99",1,1320241,2,2,1,"Parents",2,1,0,0,2,0
843,"7/22/99",1,1320241,2,2,2,"Brother",4,0,0,0,4,0
844,"7/22/99",1,1320241,2,2,3,"Sister",2,0,0,0,2,0
845,"7/22/99",1,1320241,2,2,4,"Uncle",3,1,0,2,0,0
846,"7/22/99",1,1320241,2,2,5,"Aunt",2,1,0,1,0,0
847,"7/22/99",1,1320241,2,2,7,"Daughter",1,1,0,1,0,0
749,"7/22/99",1,1320321,2,1,1,"Parents",1,0,1,1,0,0
750,"7/22/99",1,1320321,2,1,2,"Brother",2,1,2,2,0,0
751,"7/22/99",1,1320321,2,1,3,"Sister",2,0,0,2,0,0
752,"7/22/99",1,1320321,2,1,4,"Parents",1,1,1,1,0,0
753,"7/22/99",1,1320321,2,1,5,"Aunt",1,0,0,0,1,0
754,"7/22/99",1,1320321,2,2,1,"Parents",1,0,0,0,1,0
755,"7/22/99",1,1320321,2,2,2,"Brother",3,0,0,0,1,3
756,"7/22/99",1,1320321,2,2,3,"Sister",4,4,0,0,4,4
757,"7/22/99",1,1320321,2,2,4,"Uncle",1,1,0,0,1,1
848,"7/22/99",1,1320341,1,1,1,"Parents",1,0,1,1,0,0
849,"7/22/99",1,1320341,1,1,2,"Brother",3,1,3,3,0,0
850,"7/22/99",1,1320341,1,1,3,"Sister",2,2,0,2,0,2
851,"7/22/99",1,1320341,1,1,4,"Uncle",4,4,2,2,2,0
852,"7/22/99",1,1320341,1,2,1,"Parents",3,1,0,3,0,3
853,"7/22/99",1,1320341,1,2,2,"Brother",6,0,0,6,0,0
854,"7/22/99",1,1320341,1,2,3,"Sister",4,2,0,4,0,0
855,"7/22/99",1,1320341,1,2,4,"Uncle",3,3,0,0,3,0
856,"7/22/99",1,1320341,1,2,5,"Aunt",1,1,0,1,0,0
875,"7/22/99",1,1320351,1,1,2,"Brother",1,1,1,1,0,0
876,"7/22/99",1,1320351,1,1,3,"Sister",1,0,0,0,1,0
758,"7/22/99",1,1320421,1,1,1,"Parents",2,1,2,2,0,0
759,"7/22/99",1,1320421,1,1,2,"Brother",2,0,2,2,0,0
760,"7/22/99",1,1320421,1,1,3,"Sister",8,3,4,4,1,0
761,"7/22/99",1,1320421,1,1,4,"Uncle",2,2,0,2,0,0
762,"7/22/99",1,1320421,1,1,5,"Aunt",6,5,0,5,1,0
763,"7/22/99",1,1320421,1,2,1,"Parents",2,1,0,0,2,1
764,"7/22/99",1,1320421,1,2,2,"Brother",1,1,0,0,1,1
765,"7/22/99",1,1320421,1,2,3,"Sister",1,0,0,0,1,0
766,"7/22/99",1,1320421,1,2,4,"Uncle",3,3,0,0,3,0
767,"7/22/99",1,1320421,1,2,5,"Aunt",5,5,0,0,5,0
857,"7/22/99",1,1320441,1,1,2,"Brother",1,0,1,1,0,0
858,"7/22/99",1,1320441,1,1,3,"Sister",2,1,0,2,0,0
859,"7/22/99",1,1320441,1,1,6,"Son",3,0,1,1,1,1
860,"7/22/99",1,1320441,1,2,1,"Parents",2,0,0,2,0,1
861,"7/22/99",1,1320441,1,2,2,"Brother",2,0,0,2,0,0
862,"7/22/99",1,1320441,1,2,3,"Sister",2,1,0,1,1,0
863,"7/22/99",1,1320441,1,2,6,"Son",3,0,1,1,1,1
877,"7/22/99",1,1320459,1,1,2,"Brother",1,1,1,1,0,0
878,"7/22/99",1,1320459,1,1,7,"Daughter",2,2,0,0,0,0
879,"7/22/99",1,1320459,1,2,3,"Sister",2,2,0,2,0,0
880,"7/22/99",1,1320459,1,2,4,"Uncle",2,2,0,2,0,0
881,"7/22/99",1,1320459,1,2,7,"Daughter",2,2,0,0,0,0
768,"7/22/99",1,1320521,1,1,1,"Parents",2,1,2,2,0,0
769,"7/22/99",1,1320521,1,1,2,"Brother",2,1,2,2,0,0
770,"7/22/99",1,1320521,1,1,3,"Sister",8,3,4,4,1,0
771,"7/22/99",1,1320521,1,1,4,"Uncle",2,2,0,2,0,1
772,"7/22/99",1,1320521,1,1,5,"Aunt",6,5,0,5,1,0
773,"7/22/99",1,1320521,2,2,1,"Parents",1,1,0,1,0,1
774,"7/22/99",1,1320521,2,2,2,"Brother",7,7,0,7,0,5
775,"7/22/99",1,1320521,2,2,3,"Sister",2,2,0,0,2,0
776,"7/22/99",1,1320521,2,2,4,"Uncle",3,3,0,0,3,0
864,"7/22/99",1,1320541,1,1,2,"Brother",1,0,1,1,0,0
865,"7/22/99",1,1320541,1,1,3,"Sister",2,0,0,1,1,0
866,"7/22/99",1,1320541,2,2,2,"Brother",1,0,0,0,1,0
867,"7/22/99",1,1320541,2,2,3,"Sister",1,0,0,0,1,0
777,"7/22/99",1,1320621,1,1,3,"Sister",4,3,0,3,1,0
778,"7/22/99",1,1320621,1,1,4,"Uncle",1,1,0,1,0,0
779,"7/22/99",1,1320621,1,1,6,"Son",2,1,2,2,0,2
780,"7/22/99",1,1320621,1,1,7,"Daughter",4,2,1,2,0,0
781,"7/22/99",1,1320621,1,2,1,"Parents",1,1,0,1,0,0
782,"7/22/99",1,1320621,1,2,2,"Brother",2,1,0,1,0,0
783,"7/22/99",1,1320621,1,2,4,"Uncle",1,1,0,1,0,0
784,"7/22/99",1,1320621,1,2,5,"Aunt",2,1,0,1,0,0
785,"7/22/99",1,1320621,1,2,7,"Daughter",2,1,0,1,0,0
786,"7/22/99",1,1320721,1,1,1,"Parents",1,1,1,1,0,0
787,"7/22/99",1,1320721,1,1,2,"Brother",2,0,0,0,2,0
788,"7/22/99",1,1320721,1,1,3,"Sister",2,2,0,0,0,0
789,"7/22/99",1,1320721,1,1,4,"Uncle",4,1,0,3,1,0
790,"7/22/99",1,1320721,1,1,5,"Aunt",6,6,0,4,0,0
791,"7/22/99",1,1320721,1,2,1,"Parents",1,1,0,0,0,1
792,"7/22/99",1,1320721,1,2,2,"Brother",5,5,0,0,0,5
793,"7/22/99",1,1320721,1,2,3,"Sister",3,3,0,0,0,0
794,"7/22/99",1,1320721,1,2,4,"Uncle",5,5,0,0,0,0
795,"7/22/99",1,1320721,1,2,5,"Aunt",6,6,0,0,1,0
796,"7/22/99",1,1320921,2,1,2,"Brother",2,2,2,2,0,0
797,"7/22/99",1,1320921,2,1,3,"Sister",2,2,0,1,1,0
798,"7/22/99",1,1320921,2,1,4,"Uncle",1,1,0,1,0,0
799,"7/22/99",1,1320921,2,1,5,"Aunt",2,2,0,2,0,0
800,"7/22/99",1,1320921,2,2,2,"Brother",1,1,0,1,0,0
801,"7/22/99",1,1320921,2,2,4,"Uncle",3,3,0,3,0,0
802,"7/22/99",1,1321021,1,1,1,"Parents",1,0,1,1,0,0
803,"7/22/99",1,1321021,1,1,2,"Brother",3,3,3,3,0,0
804,"7/22/99",1,1321021,1,1,3,"Sister",1,1,1,1,0,0
805,"7/22/99",1,1321021,1,1,4,"Uncle",1,0,1,1,0,0
806,"7/22/99",1,1321021,1,1,5,"Aunt",3,1,0,2,0,0
807,"7/22/99",1,1321021,2,2,1,"Parents",1,1,0,0,1,1
808,"7/22/99",1,1321021,2,2,2,"Brother",4,4,0,0,4,0
809,"7/22/99",1,1321021,2,2,3,"Sister",4,2,1,1,3,0
810,"7/22/99",1,1321021,2,2,4,"Uncle",3,1,0,0,3,0
811,"7/22/99",1,1321021,2,2,5,"Aunt",1,0,0,0,1,0
812,"7/22/99",1,1321121,1,1,2,"Brother",3,0,0,0,3,1
813,"7/22/99",1,1321121,1,1,3,"Sister",4,3,0,3,1,0
814,"7/22/99",1,1321121,1,1,4,"Uncle",2,2,0,0,2,0
815,"7/22/99",1,1321121,1,2,2,"Brother",1,0,0,0,1,0
816,"7/22/99",1,1321121,1,2,3,"Sister",1,0,0,0,1,0
817,"7/22/99",1,1321121,1,2,5,"Aunt",3,3,0,0,3,0
128,"8/01/99",1,1330121,2,1,1,"Parents",1,0,0,1,0,0
129,"8/01/99",1,1330121,2,1,2,"Brother",2,0,0,1,0,0
130,"8/01/99",1,1330121,2,1,3,"Sister",2,0,0,0,0,0
131,"8/01/99",1,1330121,2,1,4,"Uncle",5,5,0,4,1,0
132,"8/01/99",1,1330121,2,1,5,"Aunt",3,3,0,2,0,0
133,"8/01/99",1,1330121,2,2,1,"Parents",1,0,1,1,0,0
134,"8/01/99",1,1330121,2,2,2,"Brother",2,2,1,1,0,0
135,"8/01/99",1,1330121,2,2,3,"Sister",3,0,0,1,0,0
219,"8/01/99",1,1330141,1,1,2,"Brother",2,0,0,2,0,0
220,"8/01/99",1,1330141,1,1,3,"Sister",1,0,0,1,0,0
221,"8/01/99",1,1330141,1,1,6,"Son",3,0,0,0,3,1
222,"8/01/99",1,1330141,1,1,7,"Daughter",2,0,1,1,0,0
223,"8/01/99",1,1330141,1,2,6,"Son",3,0,0,0,3,1
224,"8/01/99",1,1330141,1,2,7,"Daughter",2,0,1,1,0,0
252,"8/01/99",1,1330151,3,1,2,"Brother",2,1,1,1,0,0
253,"8/01/99",1,1330151,3,1,3,"Sister",1,1,0,1,0,0
254,"8/01/99",1,1330151,3,1,7,"Daughter",4,4,1,2,0,0
255,"8/01/99",1,1330151,3,2,3,"Sister",1,1,0,0,0,0
256,"8/01/99",1,1330151,3,2,7,"Daughter",4,4,1,2,0,0
119,"8/01/99",1,1330221,1,1,1,"Parents",1,0,0,0,1,0
120,"8/01/99",1,1330221,1,1,2,"Brother",1,0,0,0,1,0
121,"8/01/99",1,1330221,1,1,4,"Uncle",3,0,2,2,1,1
122,"8/01/99",1,1330221,1,1,5,"Aunt",1,1,0,1,0,0
123,"8/01/99",1,1330221,1,2,1,"Parents",2,0,2,2,0,2
124,"8/01/99",1,1330221,1,2,2,"Brother",1,0,0,0,1,1
125,"8/01/99",1,1330221,1,2,3,"Sister",3,0,2,2,0,0
126,"8/01/99",1,1330221,1,2,4,"Uncle",6,0,1,1,0,0
127,"8/01/99",1,1330221,1,2,5,"Aunt",3,1,0,0,0,0
257,"8/01/99",1,1330251,1,1,3,"Sister",2,1,1,1,0,0
258,"8/01/99",1,1330251,1,1,4,"Uncle",1,1,1,1,0,0
259,"8/01/99",1,1330251,1,1,6,"Son",1,0,1,1,0,0
260,"8/01/99",1,1330251,1,1,7,"Daughter",3,0,3,3,0,0
261,"8/01/99",1,1330251,1,2,2,"Brother",2,1,0,2,0,0
262,"8/01/99",1,1330251,1,2,3,"Sister",1,1,0,1,0,0
263,"8/01/99",1,1330251,1,2,6,"Son",1,0,1,1,0,0
264,"8/01/99",1,1330251,1,2,7,"Daughter",3,0,3,3,0,0
265,"8/01/99",1,1330252,1,1,1,"Parents",2,0,2,2,0,0
266,"8/01/99",1,1330252,1,1,2,"Brother",1,0,1,1,0,0
267,"8/01/99",1,1330252,1,1,3,"Sister",3,0,3,3,0,0
268,"8/01/99",1,1330252,1,1,4,"Uncle",2,2,0,2,0,0
269,"8/01/99",1,1330252,1,1,5,"Aunt",3,2,1,2,0,0
270,"8/01/99",1,1330252,1,2,1,"Parents",2,1,0,2,0,1
271,"8/01/99",1,1330252,1,2,2,"Brother",2,0,0,2,0,0
272,"8/01/99",1,1330252,1,2,3,"Sister",1,0,1,1,0,0
273,"8/01/99",1,1330252,1,2,5,"Aunt",3,1,0,1,2,0
136,"8/01/99",1,1330321,1,1,1,"Parents",1,0,1,1,0,0
137,"8/01/99",1,1330321,1,1,2,"Brother",1,0,1,1,0,0
138,"8/01/99",1,1330321,1,1,3,"Sister",2,0,0,1,0,0
139,"8/01/99",1,1330321,1,1,5,"Aunt",1,0,0,0,0,0
140,"8/01/99",1,1330321,2,2,1,"Parents",1,0,0,1,0,0
141,"8/01/99",1,1330321,2,2,2,"Brother",3,0,0,3,0,3
142,"8/01/99",1,1330321,2,2,3,"Sister",1,0,0,0,0,0
143,"8/01/99",1,1330321,2,2,4,"Uncle",3,0,0,0,0,0
144,"8/01/99",1,1330321,2,2,5,"Aunt",4,0,0,0,0,0
225,"8/01/99",1,1330341,1,1,1,"Parents",2,0,2,2,0,1
226,"8/01/99",1,1330341,1,1,2,"Brother",1,0,1,1,0,0
227,"8/01/99",1,1330341,1,1,3,"Sister",3,1,1,2,0,0
228,"8/01/99",1,1330341,1,1,4,"Uncle",1,1,1,1,0,0
229,"8/01/99",1,1330341,1,2,2,"Brother",1,1,0,1,0,0
230,"8/01/99",1,1330341,1,2,3,"Sister",1,1,0,1,0,0
231,"8/01/99",1,1330341,1,2,4,"Uncle",1,1,0,1,0,0
232,"8/01/99",1,1330341,1,2,5,"Aunt",4,4,0,4,0,0
274,"8/01/99",1,1330351,2,1,1,"Parents",2,1,2,2,0,0
275,"8/01/99",1,1330351,2,1,2,"Brother",1,0,1,1,0,0
276,"8/01/99",1,1330351,2,1,3,"Sister",2,0,0,2,0,0
277,"8/01/99",1,1330351,2,1,5,"Aunt",4,0,0,4,0,0
278,"8/01/99",1,1330351,2,1,7,"Daughter",2,0,0,2,0,0
279,"8/01/99",1,1330351,2,2,3,"Sister",2,0,0,2,0,0
280,"8/01/99",1,1330351,2,2,7,"Daughter",2,0,0,2,0,0
145,"8/01/99",1,1330421,2,1,2,"Brother",1,0,0,1,0,0
146,"8/01/99",1,1330421,2,1,3,"Sister",1,0,0,1,0,0
147,"8/01/99",1,1330421,2,1,4,"Uncle",1,0,0,1,0,0
148,"8/01/99",1,1330421,2,1,6,"Son",1,0,1,1,0,0
149,"8/01/99",1,1330421,2,1,7,"Daughter",1,0,0,1,0,0
150,"8/01/99",1,1330421,2,2,1,"Parents",1,0,0,1,0,0
151,"8/01/99",1,1330421,2,2,2,"Brother",2,2,0,2,0,0
152,"8/01/99",1,1330421,2,2,3,"Sister",5,0,0,5,0,0
153,"8/01/99",1,1330421,2,2,4,"Uncle",2,2,0,2,0,0
154,"8/01/99",1,1330421,2,2,6,"Son",1,0,1,1,0,0
155,"8/01/99",1,1330421,2,2,7,"Daughter",1,0,0,1,0,0
156,"8/01/99",1,1330422,2,1,1,"Parents",1,0,1,1,0,0
157,"8/01/99",1,1330422,2,1,2,"Brother",2,2,0,2,0,0
158,"8/01/99",1,1330422,2,1,3,"Sister",1,0,1,1,0,0
159,"8/01/99",1,1330422,2,1,4,"Uncle",3,0,0,3,0,0
160,"8/01/99",1,1330422,2,1,5,"Aunt",6,0,0,6,0,0
161,"8/01/99",1,1330422,2,2,1,"Parents",1,0,0,1,0,0
162,"8/01/99",1,1330422,2,2,2,"Brother",2,0,0,1,0,0
163,"8/01/99",1,1330422,2,2,3,"Sister",1,0,0,0,0,0
164,"8/01/99",1,1330422,2,2,4,"Uncle",4,3,0,1,3,0
165,"8/01/99",1,1330422,2,2,5,"Aunt",2,1,0,1,1,0
233,"8/01/99",1,1330441,1,1,2,"Brother",1,0,0,1,0,0
234,"8/01/99",1,1330441,1,1,3,"Sister",1,0,0,1,0,0
235,"8/01/99",1,1330441,1,1,4,"Uncle",1,0,1,1,0,0
236,"8/01/99",1,1330441,1,1,5,"Aunt",1,0,1,1,0,0
237,"8/01/99",1,1330441,2,2,1,"Parents",2,0,0,2,0,0
238,"8/01/99",1,1330441,2,2,2,"Brother",2,0,0,2,0,0
239,"8/01/99",1,1330441,2,2,3,"Sister",6,0,1,5,0,0
240,"8/01/99",1,1330441,2,2,4,"Uncle",1,0,0,1,0,0
241,"8/01/99",1,1330441,2,2,5,"Aunt",2,0,0,2,0,0
281,"8/01/99",1,1330459,2,1,6,"Son",2,0,2,2,0,2
282,"8/01/99",1,1330459,2,1,7,"Daughter",2,0,0,2,0,0
283,"8/01/99",1,1330459,2,2,6,"Son",2,0,2,2,0,2
284,"8/01/99",1,1330459,2,2,7,"Daughter",2,0,0,2,0,0
242,"8/01/99",1,1330541,1,1,1,"Parents",1,0,1,1,0,0
243,"8/01/99",1,1330541,1,1,2,"Brother",2,0,2,2,0,0
244,"8/01/99",1,1330541,1,1,3,"Sister",1,0,0,1,0,0
245,"8/01/99",1,1330541,1,1,4,"Uncle",1,1,1,1,0,0
246,"8/01/99",1,1330541,1,1,5,"Aunt",2,0,0,2,0,0
247,"8/01/99",1,1330541,1,2,1,"Parents",1,0,0,1,0,0
248,"8/01/99",1,1330541,1,2,2,"Brother",5,0,0,5,0,0
249,"8/01/99",1,1330541,1,2,3,"Sister",1,0,0,1,0,0
250,"8/01/99",1,1330541,1,2,4,"Uncle",2,1,0,2,0,0
251,"8/01/99",1,1330541,1,2,5,"Aunt",1,0,0,1,0,0
166,"8/01/99",1,1330621,1,1,3,"Sister",1,1,1,1,0,0
167,"8/01/99",1,1330621,1,1,6,"Son",2,0,1,1,1,1
168,"8/01/99",1,1330621,1,1,7,"Daughter",3,3,0,1,0,0
169,"8/01/99",1,1330621,1,2,2,"Brother",2,1,0,1,0,0
170,"8/01/99",1,1330621,1,2,6,"Son",2,0,1,1,1,1
171,"8/01/99",1,1330621,1,2,7,"Daughter",3,3,0,1,0,0
172,"8/01/99",1,1330622,1,1,1,"Parents",2,0,0,0,0,0
173,"8/01/99",1,1330622,1,1,2,"Brother",2,0,1,1,1,0
174,"8/01/99",1,1330622,1,1,3,"Sister",3,3,0,1,0,0
175,"8/01/99",1,1330622,1,1,4,"Uncle",1,1,0,1,0,0
176,"8/01/99",1,1330622,1,1,5,"Aunt",1,1,0,1,0,0
177,"8/01/99",1,1330622,2,2,1,"Parents",2,0,0,0,0,0
178,"8/01/99",1,1330622,2,2,2,"Brother",1,0,0,1,0,0
179,"8/01/99",1,1330622,2,2,3,"Sister",4,0,0,1,0,0
180,"8/01/99",1,1330622,2,2,4,"Uncle",2,2,0,0,1,0
181,"8/01/99",1,1330622,2,2,5,"Aunt",3,3,0,0,0,0
182,"8/01/99",1,1330721,1,1,1,"Parents",1,1,1,1,0,0
183,"8/01/99",1,1330721,1,1,3,"Sister",2,2,2,2,0,0
184,"8/01/99",1,1330721,1,1,5,"Aunt",2,2,0,0,0,0
185,"8/01/99",1,1330721,3,2,1,"Parents",2,0,0,2,0,0
186,"8/01/99",1,1330721,3,2,2,"Brother",3,3,0,2,0,0
187,"8/01/99",1,1330721,3,2,3,"Sister",3,0,1,2,0,0
188,"8/01/99",1,1330721,3,2,4,"Uncle",3,3,0,3,0,0
189,"8/01/99",1,1330721,3,2,5,"Aunt",1,1,0,1,0,0
190,"8/01/99",1,1330921,2,1,1,"Parents",2,0,2,2,0,1
191,"8/01/99",1,1330921,2,1,2,"Brother",1,0,1,1,0,0
192,"8/01/99",1,1330921,2,1,3,"Sister",3,1,1,2,0,0
193,"8/01/99",1,1330921,2,1,4,"Uncle",1,1,1,1,0,0
194,"8/01/99",1,1330921,2,2,1,"Parents",1,0,0,0,0,0
195,"8/01/99",1,1330921,2,2,2,"Brother",1,0,0,0,1,0
196,"8/01/99",1,1330921,2,2,3,"Sister",5,0,0,0,3,0
197,"8/01/99",1,1330921,2,2,4,"Uncle",4,1,0,0,0,0
198,"8/01/99",1,1331021,1,1,2,"Brother",1,0,1,1,0,0
199,"8/01/99",1,1331021,1,1,6,"Son",1,1,1,1,0,1
200,"8/01/99",1,1331021,1,1,7,"Daughter",1,0,1,1,0,0
201,"8/01/99",1,1331021,1,2,1,"Parents",2,0,0,2,0,0
202,"8/01/99",1,1331021,1,2,2,"Brother",5,0,0,5,0,0
203,"8/01/99",1,1331021,1,2,3,"Sister",1,0,0,1,0,0
204,"8/01/99",1,1331021,1,2,7,"Daughter",1,0,1,1,0,0
205,"8/01/99",1,1331121,2,1,1,"Parents",1,1,1,1,0,0
206,"8/01/99",1,1331121,2,1,2,"Brother",1,0,1,1,0,0
207,"8/01/99",1,1331121,2,1,4,"Uncle",3,0,0,3,0,0
208,"8/01/99",1,1331121,2,1,5,"Aunt",2,0,0,2,0,0
209,"8/01/99",1,1331121,2,2,2,"Brother",1,0,0,1,0,0
210,"8/01/99",1,1331121,2,2,3,"Sister",1,0,0,1,0,0
211,"8/01/99",1,1331221,2,1,1,"Parents",1,1,1,1,0,0
212,"8/01/99",1,1331221,2,1,2,"Brother",1,0,1,1,0,0
213,"8/01/99",1,1331221,2,1,4,"Uncle",3,0,0,3,0,0
214,"8/01/99",1,1331221,2,2,1,"Parents",1,0,0,0,0,0
215,"8/01/99",1,1331221,2,2,2,"Brother",2,0,0,0,0,0
216,"8/01/99",1,1331221,2,2,3,"Sister",2,1,0,0,0,0
217,"8/01/99",1,1331221,2,2,4,"Uncle",6,6,0,0,0,0
218,"8/01/99",1,1331221,2,2,5,"Aunt",3,3,0,0,0,0
1714,"6/27/99",1,1410121,1,1,2,"Brother",1,0,0,1,0,0
1715,"6/27/99",1,1410121,1,1,3,"Sister",1,0,0,1,0,0
1716,"6/27/99",1,1410121,1,1,6,"Son",1,0,1,1,0,1
1717,"6/27/99",1,1410121,1,1,7,"Daughter",1,0,1,1,0,0
1718,"6/27/99",1,1410121,1,2,2,"Brother",1,0,1,1,0,1
1719,"6/27/99",1,1410121,1,2,3,"Sister",3,0,2,2,1,0
1720,"6/27/99",1,1410121,1,2,6,"Son",1,0,1,1,0,1
1721,"6/27/99",1,1410121,1,2,7,"Daughter",1,0,1,1,0,0
1722,"6/27/99",1,1410122,1,1,1,"Parents",2,0,2,2,0,0
1723,"6/27/99",1,1410122,1,1,2,"Brother",1,0,1,1,0,0
1724,"6/27/99",1,1410122,1,1,3,"Sister",2,0,2,2,0,0
1725,"6/27/99",1,1410122,1,1,4,"Uncle",1,0,1,1,0,0
1726,"6/27/99",1,1410122,1,1,5,"Aunt",1,0,1,1,0,0
1727,"6/27/99",1,1410122,1,2,1,"Parents",1,0,0,0,1,0
1728,"6/27/99",1,1410122,1,2,3,"Sister",2,0,0,0,2,0
1729,"6/27/99",1,1410122,1,2,5,"Aunt",3,0,0,0,3,0
1796,"6/27/99",1,1410141,2,1,1,"Parents",2,0,2,2,0,2
1797,"6/27/99",1,1410141,2,1,2,"Brother",3,0,3,3,0,3
1798,"6/27/99",1,1410141,2,1,3,"Sister",3,0,3,3,0,0
1799,"6/27/99",1,1410141,2,1,4,"Uncle",2,0,2,2,0,0
1800,"6/27/99",1,1410141,2,2,1,"Parents",2,0,0,2,0,0
1801,"6/27/99",1,1410141,2,2,2,"Brother",2,0,0,2,0,0
1802,"6/27/99",1,1410141,2,2,3,"Sister",2,0,0,2,0,0
1803,"6/27/99",1,1410141,2,2,4,"Uncle",3,0,0,3,0,0
1826,"6/27/99",1,1410151,1,1,3,"Sister",1,1,0,1,0,0
1827,"6/27/99",1,1410151,1,1,6,"Son",3,0,0,0,2,3
1828,"6/27/99",1,1410151,1,2,2,"Brother",7,7,0,7,0,0
1829,"6/27/99",1,1410151,1,2,6,"Son",3,0,0,0,2,3
1830,"6/27/99",1,1410152,2,1,1,"Parents",2,1,2,2,0,0
1831,"6/27/99",1,1410152,2,1,2,"Brother",3,0,1,0,0,1
1832,"6/27/99",1,1410152,2,1,3,"Sister",3,3,0,0,2,0
1833,"6/27/99",1,1410152,2,1,4,"Uncle",7,7,0,7,0,0
1834,"6/27/99",1,1410152,2,1,5,"Aunt",4,4,0,4,0,0
1835,"6/27/99",1,1410152,2,2,1,"Parents",2,1,0,2,0,1
1836,"6/27/99",1,1410152,2,2,2,"Brother",4,0,0,4,0,0
1837,"6/27/99",1,1410152,2,2,3,"Sister",1,0,0,1,0,0
1838,"6/27/99",1,1410152,2,2,4,"Uncle",1,1,0,1,0,0
1839,"6/27/99",1,1410152,2,2,5,"Aunt",1,0,0,1,0,0
1840,"6/27/99",1,1410251,1,1,6,"Son",1,0,0,1,0,1
1841,"6/27/99",1,1410251,1,1,7,"Daughter",2,2,0,2,0,2
1842,"6/27/99",1,1410251,1,2,6,"Son",1,0,0,1,0,1
1843,"6/27/99",1,1410251,1,2,7,"Daughter",2,2,0,2,0,2
1730,"6/27/99",1,1410321,2,1,2,"Brother",3,0,3,3,0,3
1731,"6/27/99",1,1410321,2,1,3,"Sister",2,0,0,2,0,0
1732,"6/27/99",1,1410321,2,1,6,"Son",1,0,0,0,1,0
1733,"6/27/99",1,1410321,2,2,2,"Brother",4,4,0,4,0,4
1734,"6/27/99",1,1410321,2,2,3,"Sister",1,1,0,1,0,1
1735,"6/27/99",1,1410321,2,2,4,"Uncle",3,3,0,3,0,0
1736,"6/27/99",1,1410321,2,2,6,"Son",1,0,0,0,1,0
1804,"6/27/99",1,1410341,1,1,1,"Parents",2,0,0,2,0,0
1805,"6/27/99",1,1410341,1,1,3,"Sister",1,0,0,0,1,0
1806,"6/27/99",1,1410341,1,1,7,"Daughter",1,1,0,0,1,1
1810,"6/27/99",1,1410341,1,2,1,"Parents",1,0,0,0,1,0
1808,"6/27/99",1,1410341,1,2,3,"Sister",3,0,0,0,3,0
1809,"6/27/99",1,1410341,1,2,7,"Daughter",1,1,0,0,1,1
1844,"6/27/99",1,1410351,1,1,2,"Brother",1,1,1,1,0,0
1845,"6/27/99",1,1410351,1,1,3,"Sister",5,5,0,5,0,0
1846,"6/27/99",1,1410351,1,1,6,"Son",2,0,0,0,2,1
1847,"6/27/99",1,1410351,1,1,7,"Daughter",3,3,0,3,0,1
1848,"6/27/99",1,1410351,1,2,2,"Brother",5,5,0,0,5,0
1849,"6/27/99",1,1410351,1,2,6,"Son",2,0,0,0,2,1
1850,"6/27/99",1,1410351,1,2,7,"Daughter",3,3,0,3,0,1
1737,"6/27/99",1,1410421,1,1,2,"Brother",3,0,3,3,0,1
1738,"6/27/99",1,1410421,1,1,3,"Sister",3,0,3,3,0,0
1739,"6/27/99",1,1410421,1,1,5,"Aunt",2,0,0,2,0,0
1740,"6/27/99",1,1410421,1,2,2,"Brother",2,2,0,2,0,2
1741,"6/27/99",1,1410421,1,2,3,"Sister",1,0,0,1,0,0
1742,"6/27/99",1,1410421,1,2,4,"Uncle",5,5,0,5,0,2
1743,"6/27/99",1,1410421,1,2,5,"Aunt",4,0,0,4,0,0
1813,"6/27/99",1,1410441,1,1,2,"Brother",1,0,1,1,0,1
1814,"6/27/99",1,1410441,1,2,1,"Parents",1,0,1,1,0,0
1815,"6/27/99",1,1410441,1,2,2,"Brother",1,1,1,1,0,0
1851,"6/27/99",1,1410459,1,1,2,"Brother",1,1,1,1,0,0
1852,"6/27/99",1,1410459,1,1,3,"Sister",1,0,0,1,0,0
1853,"6/27/99",1,1410459,1,1,4,"Uncle",1,1,1,1,0,0
1854,"6/27/99",1,1410459,1,1,6,"Son",1,0,0,0,1,1
1855,"6/27/99",1,1410459,1,2,2,"Brother",5,5,0,5,0,0
1856,"6/27/99",1,1410459,1,2,4,"Uncle",1,0,0,1,0,0
1857,"6/27/99",1,1410459,1,2,6,"Son",1,0,0,0,0,1
1816,"6/27/99",1,1410541,1,1,2,"Brother",2,0,2,2,0,2
1817,"6/27/99",1,1410541,1,1,3,"Sister",3,0,1,2,0,1
1818,"6/27/99",1,1410541,1,1,4,"Uncle",1,1,1,1,0,0
1819,"6/27/99",1,1410541,1,2,1,"Parents",1,1,1,1,0,0
1820,"6/27/99",1,1410541,1,2,2,"Brother",4,0,4,4,0,0
1744,"6/27/99",1,1410721,2,1,1,"Parents",1,0,1,1,0,0
1745,"6/27/99",1,1410721,2,1,3,"Sister",3,0,0,1,0,0
1746,"6/27/99",1,1410721,2,1,5,"Aunt",4,0,0,3,0,0
1747,"6/27/99",1,1410721,2,2,1,"Parents",2,0,0,2,0,1
1748,"6/27/99",1,1410721,2,2,2,"Brother",7,0,0,1,6,6
1749,"6/27/99",1,1410721,2,2,3,"Sister",1,0,0,1,0,1
1750,"6/27/99",1,1410721,2,2,4,"Uncle",7,0,0,5,0,0
1751,"6/27/99",1,1410721,2,2,5,"Aunt",5,0,0,5,0,0
1821,"6/27/99",1,1410741,2,1,2,"Brother",3,0,3,0,0,0
1822,"6/27/99",1,1410741,2,1,3,"Sister",5,0,0,5,0,0
1823,"6/27/99",1,1410741,2,1,4,"Uncle",5,5,0,0,0,0
1824,"6/27/99",1,1410741,2,2,2,"Brother",1,0,0,1,0,0
1825,"6/27/99",1,1410741,2,2,3,"Sister",3,2,0,3,0,0
1752,"6/27/99",1,1410821,1,2,1,"Parents",2,1,0,2,0,2
1753,"6/27/99",1,1410821,1,2,2,"Brother",3,0,0,3,0,1
1754,"6/27/99",1,1410821,1,2,3,"Sister",1,0,0,1,0,0
1755,"6/27/99",1,1410821,1,2,4,"Uncle",1,1,0,1,0,0
1756,"6/27/99",1,1410821,1,2,5,"Aunt",3,0,0,3,0,0
1757,"6/27/99",1,1410921,1,1,3,"Sister",7,0,0,6,1,7
1758,"6/27/99",1,1410921,1,1,4,"Uncle",1,0,0,0,0,0
1759,"6/27/99",1,1410921,1,2,3,"Sister",1,0,0,0,0,0
1760,"6/27/99",1,1411021,1,1,1,"Parents",1,1,1,1,0,1
1761,"6/27/99",1,1411021,1,1,2,"Brother",2,0,2,2,0,0
1762,"6/27/99",1,1411021,1,1,3,"Sister",3,2,0,3,0,0
1763,"6/27/99",1,1411021,1,1,4,"Uncle",6,6,0,6,0,0
1764,"6/27/99",1,1411021,1,1,5,"Aunt",4,2,0,4,0,0
1765,"6/27/99",1,1411021,1,2,1,"Parents",2,1,0,2,0,2
1766,"6/27/99",1,1411021,1,2,2,"Brother",2,0,0,2,0,0
1767,"6/27/99",1,1411021,1,2,3,"Sister",1,1,0,1,0,0
1768,"6/27/99",1,1411021,1,2,4,"Uncle",3,3,0,3,0,0
1769,"6/27/99",1,1411021,1,2,5,"Aunt",1,0,0,1,0,0
1770,"6/27/99",1,1411221,1,1,1,"Parents",1,0,1,1,0,0
1771,"6/27/99",1,1411221,1,1,2,"Brother",4,0,4,4,0,0
1772,"6/27/99",1,1411221,1,1,3,"Sister",4,0,0,4,0,0
1773,"6/27/99",1,1411221,1,2,1,"Parents",2,0,0,0,2,0
1774,"6/27/99",1,1411221,1,2,2,"Brother",2,0,0,0,2,0
1775,"6/27/99",1,1411421,6,1,2,"Brother",1,1,1,0,0,0
1776,"6/27/99",1,1411421,6,1,4,"Uncle",9,9,9,0,0,0
1777,"6/27/99",1,1411421,6,1,6,"Son",1,0,0,0,0,1
1778,"6/27/99",1,1411421,6,1,7,"Daughter",1,0,0,0,0,1
1779,"6/27/99",1,1411421,6,2,1,"Parents",1,1,0,1,0,0
1780,"6/27/99",1,1411421,6,2,2,"Brother",1,1,0,1,0,0
1781,"6/27/99",1,1411421,6,2,6,"Son",1,0,0,0,0,1
1782,"6/27/99",1,1411421,6,2,7,"Daughter",1,0,0,0,0,1
1783,"6/27/99",1,1411621,3,1,6,"Son",1,0,0,0,1,1
1784,"6/27/99",1,1411621,3,2,2,"Brother",1,1,0,1,0,0
1785,"6/27/99",1,1411721,2,1,2,"Brother",5,0,3,3,2,0
1786,"6/27/99",1,1411721,2,1,4,"Uncle",1,0,1,1,0,0
1787,"6/27/99",1,1411721,2,1,6,"Son",1,0,0,0,1,1
1788,"6/27/99",1,1411721,2,1,7,"Daughter",1,0,0,1,0,1
1789,"6/27/99",1,1411721,2,2,1,"Parents",2,2,0,0,2,2
1790,"6/27/99",1,1411721,2,2,2,"Brother",2,2,0,0,2,2
1791,"6/27/99",1,1411721,2,2,3,"Sister",2,2,0,0,2,2
1792,"6/27/99",1,1411721,2,2,6,"Son",1,0,0,0,1,1
1793,"6/27/99",1,1411721,2,2,7,"Daughter",1,0,0,1,0,1
1794,"6/27/99",1,1411821,1,1,6,"Son",2,0,0,0,2,1
1795,"6/27/99",1,1411821,1,1,7,"Daughter",1,0,1,1,0,1
1,"7/15/99",1,1420121,5,1,1,"Parents",1,0,1,1,0,0
2,"7/15/99",1,1420121,5,1,3,"Sister",2,0,0,1,1,0
3,"7/15/99",1,1420121,5,1,4,"Uncle",1,0,0,0,1,1
4,"7/15/99",1,1420121,5,2,1,"Parents",2,0,2,2,0,0
5,"7/15/99",1,1420121,5,2,2,"Brother",1,0,1,1,0,1
6,"7/15/99",1,1420121,5,2,4,"Uncle",4,0,4,4,0,0
7,"7/15/99",1,1420121,5,2,5,"Aunt",4,0,0,1,0,0
153,"7/16/99",1,1420151,1,1,2,"Brother",1,1,0,1,0,1
154,"7/16/99",1,1420151,1,1,3,"Sister",2,2,0,2,0,2
155,"7/16/99",1,1420151,1,1,6,"Son",1,0,1,1,0,0
156,"7/16/99",1,1420151,1,2,2,"Brother",1,1,0,1,0,1
157,"7/16/99",1,1420151,1,2,6,"Son",1,0,1,1,0,0
8,"7/15/99",1,1420221,3,1,1,"Parents",1,0,1,1,0,0
9,"7/15/99",1,1420221,3,1,3,"Sister",4,0,0,4,0,1
10,"7/15/99",1,1420221,3,1,4,"Uncle",3,3,0,3,0,0
11,"7/15/99",1,1420221,3,2,1,"Parents",1,0,0,1,0,0
12,"7/15/99",1,1420221,3,2,2,"Brother",3,0,0,3,0,1
13,"7/15/99",1,1420221,3,2,3,"Sister",2,1,0,1,0,0
159,"7/16/99",1,1420251,1,1,7,"Daughter",3,0,1,2,0,1
163,"7/16/99",1,1420251,1,2,6,"Son",1,0,0,0,0,1
158,"7/16/99",1,1420251,2,1,6,"Son",1,0,0,0,0,1
160,"7/16/99",1,1420251,2,2,2,"Brother",1,1,0,1,0,1
161,"7/16/99",1,1420251,2,2,3,"Sister",1,0,0,0,0,1
162,"7/16/99",1,1420251,2,2,4,"Uncle",1,1,0,1,0,0
164,"7/16/99",1,1420251,2,2,7,"Daughter",3,1,0,2,0,1
118,"7/16/99",1,1420341,2,1,2,"Brother",2,0,1,1,1,0
119,"7/16/99",1,1420341,2,1,3,"Sister",1,0,0,0,0,0
120,"7/16/99",1,1420341,2,1,7,"Daughter",1,0,0,0,1,0
121,"7/16/99",1,1420341,2,2,3,"Sister",7,0,0,6,1,2
122,"7/16/99",1,1420341,2,2,4,"Uncle",1,0,0,0,0,0
123,"7/16/99",1,1420341,2,2,7,"Daughter",1,0,0,0,1,0
165,"7/16/99",1,1420351,5,1,6,"Son",1,0,1,1,0,1
166,"7/16/99",1,1420351,5,1,7,"Daughter",2,0,0,2,0,0
167,"7/16/99",1,1420351,5,2,2,"Brother",1,1,0,1,0,0
168,"7/16/99",1,1420351,5,2,3,"Sister",1,1,0,1,0,0
169,"7/16/99",1,1420351,5,2,6,"Son",1,0,1,1,0,1
170,"7/16/99",1,1420351,5,2,7,"Daughter",2,0,0,2,0,0
171,"7/16/99",1,1420352,2,1,1,"Parents",2,0,2,2,0,0
172,"7/16/99",1,1420352,2,1,2,"Brother",1,0,1,1,0,0
173,"7/16/99",1,1420352,2,1,3,"Sister",2,0,0,2,0,0
174,"7/16/99",1,1420352,2,2,1,"Parents",2,0,0,2,0,1
175,"7/16/99",1,1420352,2,2,2,"Brother",1,0,0,1,0,0
176,"7/16/99",1,1420352,2,2,3,"Sister",5,0,0,5,0,0
177,"7/16/99",1,1420352,2,2,5,"Aunt",5,0,0,5,0,0
124,"7/16/99",1,1420441,4,1,2,"Brother",6,0,2,2,4,0
125,"7/16/99",1,1420441,4,1,3,"Sister",2,0,0,1,0,0
126,"7/16/99",1,1420441,4,1,5,"Aunt",1,0,0,0,0,0
127,"7/16/99",1,1420441,4,2,2,"Brother",2,0,0,0,2,0
128,"7/16/99",1,1420441,4,2,3,"Sister",3,0,0,3,0,0
178,"7/16/99",1,1420459,2,1,6,"Son",2,2,0,2,0,2
179,"7/16/99",1,1420459,2,1,7,"Daughter",2,0,0,0,0,0
180,"7/16/99",1,1420459,2,2,6,"Son",2,2,0,2,0,2
181,"7/16/99",1,1420459,2,2,7,"Daughter",2,0,0,0,0,0
14,"7/15/99",1,1420521,2,1,1,"Parents",1,0,0,0,1,0
15,"7/16/99",1,1420521,2,1,2,"Brother",1,0,1,1,0,0
16,"7/16/99",1,1420521,2,1,3,"Sister",4,0,0,1,1,0
17,"7/16/99",1,1420521,2,1,4,"Uncle",3,0,3,3,0,1
18,"7/16/99",1,1420521,2,2,1,"Parents",1,0,1,1,0,0
19,"7/16/99",1,1420521,2,2,2,"Brother",2,0,2,2,0,2
20,"7/16/99",1,1420521,2,2,3,"Sister",1,1,0,0,0,0
21,"7/16/99",1,1420521,2,2,4,"Uncle",2,0,0,2,0,0
22,"7/16/99",1,1420521,2,2,7,"Daughter",2,0,0,2,0,2
129,"7/16/99",1,1420541,1,1,2,"Brother",1,1,1,1,0,1
131,"7/16/99",1,1420541,1,1,3,"Sister",2,0,0,2,0,0
130,"7/16/99",1,1420541,1,1,6,"Son",3,0,3,3,0,3
132,"7/16/99",1,1420541,1,1,7,"Daughter",2,0,0,1,1,0
133,"7/16/99",1,1420541,1,2,6,"Son",3,0,3,3,0,3
134,"7/16/99",1,1420541,1,2,7,"Daughter",2,0,0,1,1,0
135,"7/16/99",1,1420542,2,1,1,"Parents",2,0,2,2,0,0
136,"7/16/99",1,1420542,2,1,2,"Brother",2,0,2,2,0,0
137,"7/16/99",1,1420542,2,1,3,"Sister",2,0,0,2,0,0
138,"7/16/99",1,1420542,2,2,1,"Parents",1,0,0,0,1,0
139,"7/16/99",1,1420542,2,2,2,"Brother",1,0,0,0,1,0
140,"7/16/99",1,1420542,2,2,4,"Uncle",7,0,0,0,7,0
23,"7/16/99",1,1420621,2,1,1,"Parents",2,0,2,2,0,0
24,"7/16/99",1,1420621,2,1,2,"Brother",2,0,2,2,0,2
25,"7/16/99",1,1420621,2,1,3,"Sister",2,0,0,2,0,0
26,"7/16/99",1,1420621,2,1,4,"Uncle",1,1,1,1,0,0
27,"7/16/99",1,1420621,2,1,5,"Aunt",10,0,10,10,0,0
28,"7/16/99",1,1420621,2,2,4,"Uncle",1,0,0,1,0,0
141,"7/16/99",1,1420641,2,1,1,"Parents",1,0,1,1,0,0
142,"7/16/99",1,1420641,2,1,2,"Brother",5,5,5,5,0,0
143,"7/16/99",1,1420641,2,1,3,"Sister",2,2,0,2,0,0
144,"7/16/99",1,1420641,2,1,6,"Son",1,0,0,0,1,1
145,"7/16/99",1,1420641,2,1,7,"Daughter",1,0,0,1,0,0
146,"7/16/99",1,1420641,2,2,2,"Brother",1,1,1,1,0,0
147,"7/16/99",1,1420641,2,2,6,"Son",1,0,0,0,1,1
148,"7/16/99",1,1420641,2,2,7,"Daughter",1,0,0,1,0,0
29,"7/16/99",1,1420721,2,1,1,"Parents",2,0,2,2,0,0
30,"7/16/99",1,1420721,2,1,2,"Brother",2,0,2,2,0,0
31,"7/16/99",1,1420721,2,1,3,"Sister",2,0,0,2,0,0
32,"7/16/99",1,1420721,2,1,4,"Uncle",1,1,1,1,0,0
33,"7/16/99",1,1420721,2,1,5,"Aunt",10,0,0,10,0,0
34,"7/16/99",1,1420721,2,2,1,"Parents",1,0,0,1,0,1
35,"7/16/99",1,1420721,2,2,2,"Brother",4,0,0,4,0,4
36,"7/16/99",1,1420721,2,2,4,"Uncle",3,3,0,3,0,0
37,"7/16/99",1,1420721,2,2,5,"Aunt",2,2,0,2,0,0
149,"7/16/99",1,1420741,2,1,2,"Brother",1,0,1,1,0,0
150,"7/16/99",1,1420741,2,1,6,"Son",3,0,0,0,0,0
151,"7/16/99",1,1420741,2,2,2,"Brother",3,3,0,0,0,0
152,"7/16/99",1,1420741,2,2,7,"Daughter",3,0,0,0,0,0
38,"7/16/99",1,1420821,1,1,3,"Sister",1,0,1,1,0,0
39,"7/16/99",1,1420821,1,1,4,"Uncle",1,0,1,1,0,0
40,"7/16/99",1,1420821,1,1,6,"Son",2,0,0,2,0,0
41,"7/16/99",1,1420821,1,1,7,"Daughter",2,0,0,0,1,0
42,"7/16/99",1,1420821,2,2,1,"Parents",2,0,0,2,0,0
43,"7/16/99",1,1420821,2,2,2,"Brother",2,0,0,2,0,0
44,"7/16/99",1,1420821,2,2,3,"Sister",3,0,0,3,0,0
45,"7/16/99",1,1420821,2,2,4,"Uncle",1,0,0,1,0,0
46,"7/16/99",1,1421021,2,1,1,"Parents",2,0,0,2,0,0
47,"7/16/99",1,1421021,2,1,2,"Brother",1,0,0,1,0,0
48,"7/16/99",1,1421021,2,1,3,"Sister",2,0,0,1,0,0
49,"7/16/99",1,1421021,2,1,4,"Uncle",3,0,0,3,0,0
50,"7/16/99",1,1421021,2,1,5,"Aunt",2,0,0,2,0,0
51,"7/16/99",1,1421021,2,2,2,"Brother",1,0,1,1,0,0
52,"7/16/99",1,1421021,2,2,3,"Sister",4,0,4,4,0,4
53,"7/16/99",1,1421021,2,2,5,"Aunt",2,0,0,1,1,0
54,"7/16/99",1,1421121,1,1,1,"Parents",1,0,1,1,0,0
55,"7/16/99",1,1421121,1,1,2,"Brother",1,0,1,1,0,1
56,"7/16/99",1,1421121,1,1,3,"Sister",4,0,0,2,0,1
57,"7/16/99",1,1421121,1,2,1,"Parents",1,0,0,0,0,0
58,"7/16/99",1,1421121,1,2,2,"Brother",1,0,0,0,0,0
59,"7/16/99",1,1421121,1,2,3,"Sister",2,0,0,0,0,0
60,"7/16/99",1,1421121,1,2,4,"Uncle",5,5,0,0,0,0
61,"7/16/99",1,1421121,1,2,5,"Aunt",5,0,0,0,0,0
62,"7/16/99",1,1421221,2,1,2,"Brother",2,0,1,1,1,2
63,"7/16/99",1,1421221,2,1,3,"Sister",1,0,1,1,0,0
64,"7/16/99",1,1421221,2,1,4,"Uncle",1,0,0,1,0,0
65,"7/16/99",1,1421221,2,1,5,"Aunt",2,0,0,2,0,0
66,"7/16/99",1,1421221,2,2,1,"Parents",2,0,0,2,0,1
67,"7/16/99",1,1421221,2,2,2,"Brother",2,0,0,2,0,2
68,"7/16/99",1,1421221,2,2,3,"Sister",3,0,0,3,0,0
69,"7/16/99",1,1421221,2,2,4,"Uncle",4,0,0,4,0,0
70,"7/16/99",1,1421221,2,2,5,"Aunt",1,0,0,1,0,0
71,"7/16/99",1,1421321,1,1,3,"Sister",2,0,0,1,0,0
72,"7/16/99",1,1421321,1,1,6,"Son",1,0,1,1,0,1
73,"7/16/99",1,1421321,1,1,7,"Daughter",4,0,0,4,0,0
74,"7/16/99",1,1421321,1,2,2,"Brother",2,0,0,2,0,0
75,"7/16/99",1,1421321,1,2,3,"Sister",2,0,0,2,0,0
76,"7/16/99",1,1421321,1,2,6,"Son",1,0,1,1,0,1
77,"7/16/99",1,1421321,1,2,7,"Daughter",4,0,0,4,0,0
78,"7/16/99",1,1421322,2,1,1,"Parents",2,0,2,2,0,1
79,"7/16/99",1,1421322,2,1,2,"Brother",1,0,1,1,0,1
80,"7/16/99",1,1421322,2,1,3,"Sister",4,0,0,4,0,0
81,"7/16/99",1,1421322,2,1,4,"Uncle",2,0,0,2,0,0
82,"7/16/99",1,1421322,2,1,5,"Aunt",4,0,0,4,0,0
83,"7/16/99",1,1421322,2,2,1,"Parents",2,0,0,2,0,1
84,"7/16/99",1,1421322,2,2,2,"Brother",2,0,0,2,0,0
85,"7/16/99",1,1421322,2,2,3,"Sister",1,0,0,1,0,0
86,"7/16/99",1,1421322,2,2,4,"Uncle",4,0,0,4,0,0
87,"7/16/99",1,1421322,2,2,5,"Aunt",7,0,0,7,0,0
88,"7/16/99",1,1421421,1,1,1,"Parents",1,0,1,1,0,0
89,"7/16/99",1,1421421,1,1,2,"Brother",1,0,1,1,0,1
90,"7/16/99",1,1421421,1,1,3,"Sister",4,0,0,4,0,2
91,"7/16/99",1,1421421,1,2,1,"Parents",1,0,0,0,0,0
92,"7/16/99",1,1421421,1,2,2,"Brother",3,0,0,0,0,0
93,"7/16/99",1,1421421,1,2,4,"Uncle",3,0,0,0,0,0
94,"7/16/99",1,1421421,1,2,7,"Daughter",1,0,1,1,0,0
95,"7/16/99",1,1421521,2,1,1,"Parents",1,0,1,1,0,0
96,"7/16/99",1,1421521,2,1,2,"Brother",4,0,4,4,0,4
97,"7/16/99",1,1421521,2,1,3,"Sister",2,0,0,1,0,1
98,"7/16/99",1,1421521,2,2,2,"Brother",1,1,0,0,0,1
99,"7/16/99",1,1421521,2,2,3,"Sister",1,1,0,0,0,0
100,"7/16/99",1,1421521,2,2,4,"Uncle",1,1,0,0,0,0
101,"7/16/99",1,1421521,2,2,5,"Aunt",2,0,0,0,0,0
102,"7/16/99",1,1421621,1,1,2,"Brother",3,0,0,3,0,0
103,"7/16/99",1,1421621,1,1,4,"Uncle",5,0,5,5,0,0
104,"7/16/99",1,1421621,1,1,5,"Aunt",3,0,0,3,0,0
105,"7/16/99",1,1421621,1,2,2,"Brother",5,0,0,5,0,0
106,"7/16/99",1,1421621,1,2,3,"Sister",2,0,0,2,0,0
107,"7/16/99",1,1421721,2,1,1,"Parents",1,0,1,1,0,0
108,"7/16/99",1,1421721,2,1,3,"Sister",3,0,2,2,0,1
109,"7/16/99",1,1421721,2,1,4,"Uncle",1,0,1,1,0,0
110,"7/16/99",1,1421721,2,1,5,"Aunt",3,0,0,3,0,0
111,"7/16/99",1,1421721,2,2,2,"Brother",2,0,0,2,0,0
112,"7/16/99",1,1421721,2,2,3,"Sister",2,0,0,2,0,0
113,"7/16/99",1,1421721,2,2,7,"Daughter",3,0,2,2,0,0
114,"7/16/99",1,1421821,1,1,2,"Brother",1,0,0,1,0,0
115,"7/16/99",1,1421821,1,1,3,"Sister",2,0,2,2,0,1
116,"7/16/99",1,1421821,1,1,4,"Uncle",3,0,2,2,1,3
117,"7/16/99",1,1421821,1,1,5,"Aunt",3,0,0,2,1,0
1856,"6/28/99",1,1430121,1,1,5,"Aunt",1,0,0,1,0,0
1857,"6/28/99",1,1430121,1,1,7,"Daughter",1,0,0,1,0,0
1858,"6/28/99",1,1430121,1,2,2,"Brother",1,1,1,1,0,1
1859,"6/28/99",1,1430121,1,2,3,"Sister",2,0,0,2,0,0
1860,"6/28/99",1,1430121,1,2,7,"Daughter",1,0,0,1,0,0
1958,"6/28/99",1,1430141,1,1,1,"Parents",2,2,2,2,0,2
1959,"6/28/99",1,1430141,1,1,2,"Brother",1,0,1,1,0,0
1960,"6/28/99",1,1430141,1,1,3,"Sister",1,0,0,0,1,0
1961,"6/28/99",1,1430141,1,1,4,"Uncle",1,1,1,1,0,0
1962,"6/28/99",1,1430141,1,1,5,"Aunt",3,1,0,0,3,0
1963,"6/28/99",1,1430141,1,2,1,"Parents",2,2,0,2,0,0
1964,"6/28/99",1,1430141,1,2,2,"Brother",2,0,0,2,0,0
1965,"6/28/99",1,1430141,1,2,3,"Sister",2,1,0,2,0,0
1966,"6/28/99",1,1430141,1,2,4,"Uncle",1,0,0,1,0,0
1997,"6/28/99",1,1430151,1,1,2,"Brother",1,1,1,1,0,1
1998,"6/28/99",1,1430151,1,1,3,"Sister",1,0,0,0,1,0
1999,"6/28/99",1,1430151,1,1,5,"Aunt",2,0,0,0,2,0
2000,"6/28/99",1,1430151,1,2,1,"Parents",2,0,0,0,2,0
2001,"6/28/99",1,1430151,1,2,2,"Brother",4,0,0,0,4,0
2002,"6/28/99",1,1430151,1,2,3,"Sister",1,1,0,0,1,0
2003,"6/28/99",1,1430151,1,2,4,"Uncle",2,0,0,0,2,0
2004,"6/28/99",1,1430151,1,2,5,"Aunt",5,1,0,0,5,0
1861,"6/28/99",1,1430221,1,1,1,"Parents",1,0,1,1,0,0
1862,"6/28/99",1,1430221,1,1,2,"Brother",2,2,0,0,2,2
1863,"6/28/99",1,1430221,1,1,3,"Sister",1,1,0,1,0,0
1864,"6/28/99",1,1430221,1,1,4,"Uncle",7,7,3,4,0,0
1865,"6/28/99",1,1430221,1,2,1,"Parents",2,2,0,2,0,0
1866,"6/28/99",1,1430221,1,2,2,"Brother",4,0,0,4,0,0
1867,"6/28/99",1,1430221,1,2,3,"Sister",5,3,0,5,0,0
1868,"6/28/99",1,1430221,1,2,4,"Uncle",6,6,0,6,0,0
1967,"6/28/99",1,1430241,1,1,2,"Brother",3,0,3,3,0,0
1968,"6/28/99",1,1430241,1,1,3,"Sister",1,0,1,1,0,0
1969,"6/28/99",1,1430241,1,1,4,"Uncle",1,1,1,1,0,1
1970,"6/28/99",1,1430241,1,1,6,"Son",1,0,0,0,1,1
1971,"6/28/99",1,1430241,1,2,2,"Brother",2,2,0,2,0,0
1972,"6/28/99",1,1430241,1,2,3,"Sister",5,0,0,5,0,0
1973,"6/28/99",1,1430241,1,2,4,"Uncle",1,1,0,1,0,0
1974,"6/28/99",1,1430241,1,2,6,"Son",1,0,0,1,0,0
2005,"6/28/99",1,1430251,1,1,2,"Brother",1,1,1,1,0,1
2006,"6/28/99",1,1430251,1,1,3,"Sister",3,3,0,3,0,3
2007,"6/28/99",1,1430251,1,1,7,"Daughter",4,4,0,4,0,4
2008,"6/28/99",1,1430251,1,2,2,"Brother",3,3,3,3,0,3
2009,"6/28/99",1,1430251,1,2,4,"Uncle",3,3,0,3,0,1
2010,"6/28/99",1,1430251,1,2,7,"Daughter",4,4,0,4,0,4
1869,"6/28/99",1,1430321,1,1,2,"Brother",1,0,0,0,1,0
1870,"6/28/99",1,1430321,1,1,3,"Sister",1,1,1,1,0,0
1871,"6/28/99",1,1430321,1,1,6,"Son",3,0,0,0,3,3
1872,"6/28/99",1,1430321,1,1,7,"Daughter",2,0,1,1,1,0
1873,"6/28/99",1,1430321,1,2,2,"Brother",4,0,0,0,4,0
1874,"6/28/99",1,1430321,1,2,3,"Sister",4,0,0,0,4,0
1875,"6/28/99",1,1430321,1,2,4,"Uncle",3,0,0,0,3,0
1876,"6/28/99",1,1430321,1,2,6,"Son",3,0,0,0,3,3
1877,"6/28/99",1,1430321,1,2,7,"Daughter",2,0,1,1,1,0
1975,"6/28/99",1,1430341,1,1,4,"Uncle",2,2,0,2,0,0
1976,"6/28/99",1,1430341,1,1,5,"Aunt",1,0,0,1,0,0
1977,"6/28/99",1,1430341,1,1,6,"Son",2,0,0,0,2,0
1978,"6/28/99",1,1430341,1,1,7,"Daughter",1,0,0,1,0,0
1979,"6/28/99",1,1430341,1,2,3,"Sister",1,1,0,0,1,0
1980,"6/28/99",1,1430341,1,2,4,"Uncle",4,1,4,4,0,1
1981,"6/28/99",1,1430341,1,2,6,"Son",2,0,0,0,2,0
1982,"6/28/99",1,1430341,1,2,7,"Daughter",1,0,0,1,0,0
2011,"6/28/99",1,1430351,1,1,2,"Brother",3,3,3,3,0,3
2012,"6/28/99",1,1430351,1,1,3,"Sister",3,3,0,3,0,0
2013,"6/28/99",1,1430351,1,1,6,"Son",4,0,2,2,2,2
2014,"6/28/99",1,1430351,1,2,2,"Brother",4,4,0,4,0,0
2015,"6/28/99",1,1430351,1,2,6,"Son",4,0,2,2,2,2
2016,"6/28/99",1,1430459,3,2,2,"Brother",2,2,0,0,2,0
2017,"6/28/99",1,1430459,3,2,7,"Daughter",1,0,0,0,0,0
1878,"6/28/99",1,1430521,2,1,1,"Parents",1,0,1,1,0,0
1879,"6/28/99",1,1430521,2,1,2,"Brother",1,1,1,1,0,1
1880,"6/28/99",1,1430521,2,1,3,"Sister",3,3,3,0,0,0
1881,"6/28/99",1,1430521,2,1,4,"Uncle",1,1,1,1,0,0
1882,"6/28/99",1,1430521,2,1,5,"Aunt",3,3,3,0,0,0
1883,"6/28/99",1,1430521,2,2,1,"Parents",1,1,0,0,0,0
1884,"6/28/99",1,1430521,2,2,2,"Brother",2,2,0,2,0,2
1885,"6/28/99",1,1430521,2,2,3,"Sister",2,2,0,2,0,0
1886,"6/28/99",1,1430521,2,2,4,"Uncle",2,2,0,0,0,0
1887,"6/28/99",1,1430521,2,2,5,"Aunt",1,1,0,0,0,0
1983,"6/28/99",1,1430541,1,1,2,"Brother",1,1,0,0,1,0
1984,"6/28/99",1,1430541,1,1,3,"Sister",2,2,1,2,0,0
1985,"6/28/99",1,1430541,1,1,4,"Uncle",1,0,0,0,1,0
1986,"6/28/99",1,1430541,1,2,1,"Parents",2,2,0,0,2,0
1987,"6/28/99",1,1430541,1,2,2,"Brother",7,7,0,0,7,0
1988,"6/28/99",1,1430541,1,2,3,"Sister",2,2,0,0,2,0
1989,"6/28/99",1,1430541,1,2,4,"Uncle",1,1,0,0,1,0
1888,"6/28/99",1,1430621,1,1,3,"Sister",2,2,0,2,0,2
1889,"6/28/99",1,1430621,1,2,3,"Sister",1,1,0,0,1,1
1990,"6/28/99",1,1430641,1,1,2,"Brother",4,2,4,4,0,1
1991,"6/28/99",1,1430641,1,1,3,"Sister",2,0,1,2,0,0
1992,"6/28/99",1,1430641,1,1,5,"Aunt",1,1,0,1,0,0
1993,"6/28/99",1,1430641,1,2,1,"Parents",2,2,0,2,0,2
1994,"6/28/99",1,1430641,1,2,2,"Brother",3,0,0,1,2,1
1995,"6/28/99",1,1430641,1,2,3,"Sister",2,0,0,2,0,0
1996,"6/28/99",1,1430641,1,2,4,"Uncle",5,5,0,5,0,0
1890,"6/28/99",1,1430731,1,1,2,"Brother",2,2,2,2,0,2
1891,"6/28/99",1,1430731,1,1,7,"Daughter",1,0,0,0,1,0
1892,"6/28/99",1,1430731,1,2,1,"Parents",1,1,0,0,1,0
1893,"6/28/99",1,1430731,1,2,2,"Brother",3,3,0,0,3,0
1894,"6/28/99",1,1430731,1,2,3,"Sister",3,3,0,0,3,0
1895,"6/28/99",1,1430731,1,2,4,"Uncle",1,1,0,0,1,0
1896,"6/28/99",1,1430731,1,2,7,"Daughter",1,0,0,0,1,0
1897,"6/28/99",1,1430821,2,1,2,"Brother",3,3,0,0,3,0
1898,"6/28/99",1,1430821,2,1,3,"Sister",4,4,0,1,0,0
1899,"6/28/99",1,1430821,2,1,4,"Uncle",3,3,2,3,0,0
1900,"6/28/99",1,1430821,2,1,5,"Aunt",2,2,0,2,0,0
1901,"6/28/99",1,1430821,2,2,1,"Parents",1,1,0,1,0,0
1902,"6/28/99",1,1430821,2,2,2,"Brother",4,4,0,3,0,0
1903,"6/28/99",1,1430821,2,2,3,"Sister",2,2,0,2,0,0
1904,"6/28/99",1,1430821,2,2,4,"Uncle",2,2,0,2,0,0
1905,"6/28/99",1,1430821,2,2,7,"Daughter",1,0,0,0,1,1
1906,"6/28/99",1,1430921,1,1,3,"Sister",2,0,0,2,0,0
1908,"6/28/99",1,1431031,1,1,2,"Brother",2,2,2,2,0,2
1909,"6/28/99",1,1431031,2,2,1,"Parents",2,2,0,0,2,0
1910,"6/28/99",1,1431031,2,2,3,"Sister",2,2,0,0,2,2
1911,"6/28/99",1,1431121,1,1,3,"Sister",2,0,0,2,0,0
1912,"6/28/99",1,1431121,1,1,6,"Son",2,0,0,0,2,2
1913,"6/28/99",1,1431121,1,1,7,"Daughter",1,0,0,1,0,1
1914,"6/28/99",1,1431121,1,2,1,"Parents",1,1,0,1,0,0
1915,"6/28/99",1,1431121,1,2,2,"Brother",1,0,0,1,0,0
1916,"6/28/99",1,1431121,1,2,6,"Son",2,0,0,0,2,2
1917,"6/28/99",1,1431121,1,2,7,"Daughter",1,0,0,1,0,1
1918,"6/28/99",1,1431331,2,1,2,"Brother",1,1,1,1,0,1
1919,"6/28/99",1,1431331,2,1,3,"Sister",2,1,0,0,2,0
1920,"6/28/99",1,1431331,2,2,3,"Sister",1,0,0,0,1,0
1921,"6/28/99",1,1431331,2,2,4,"Uncle",1,1,0,0,1,0
1922,"6/28/99",1,1431331,2,2,5,"Aunt",1,0,0,0,1,0
1923,"6/28/99",1,1431421,3,1,1,"Parents",1,0,1,1,0,0
1924,"6/28/99",1,1431421,3,1,3,"Sister",2,0,0,2,0,2
1925,"6/28/99",1,1431421,3,1,5,"Aunt",5,0,0,5,0,0
1926,"6/28/99",1,1431521,1,1,6,"Son",1,0,1,1,0,1
1927,"6/28/99",1,1431521,1,1,7,"Daughter",1,0,1,1,0,1
1928,"6/28/99",1,1431521,1,2,2,"Brother",2,2,0,0,2,2
1929,"6/28/99",1,1431521,1,2,3,"Sister",5,0,0,0,5,0
1930,"6/28/99",1,1431521,1,2,6,"Son",1,0,1,1,0,1
1931,"6/28/99",1,1431521,1,2,7,"Daughter",1,0,1,1,0,1
1932,"6/28/99",1,1431522,1,1,1,"Parents",2,0,2,2,0,0
1933,"6/28/99",1,1431522,1,1,2,"Brother",1,0,1,1,0,0
1934,"6/28/99",1,1431522,1,1,3,"Sister",1,0,0,1,0,0
1935,"6/28/99",1,1431522,1,1,4,"Uncle",2,2,0,0,2,0
1936,"6/28/99",1,1431522,1,1,5,"Aunt",4,0,0,4,0,0
1937,"6/28/99",1,1431522,1,2,1,"Parents",2,2,0,0,2,2
1938,"6/28/99",1,1431522,1,2,2,"Brother",2,0,0,0,2,2
1939,"6/28/99",1,1431522,1,2,3,"Sister",1,0,0,0,1,0
1940,"6/28/99",1,1431522,1,2,5,"Aunt",1,0,0,0,1,0
1941,"6/28/99",1,1431621,1,1,1,"Parents",2,0,2,2,0,0
1942,"6/28/99",1,1431621,1,1,2,"Brother",5,0,2,2,3,0
1943,"6/28/99",1,1431621,1,1,3,"Sister",2,0,1,2,0,0
1944,"6/28/99",1,1431621,1,1,4,"Uncle",5,5,0,5,0,0
1945,"6/28/99",1,1431621,1,1,5,"Aunt",5,5,0,5,0,0
1946,"6/28/99",1,1431621,1,2,1,"Parents",2,1,0,2,0,0
1947,"6/28/99",1,1431621,1,2,2,"Brother",3,0,0,2,1,0
1948,"6/28/99",1,1431621,1,2,3,"Sister",5,0,0,5,0,0
1949,"6/28/99",1,1431621,1,2,4,"Uncle",1,1,0,1,0,0
1950,"6/28/99",1,1431621,1,2,5,"Aunt",1,1,0,1,0,0
1951,"6/28/99",1,1431721,1,1,3,"Sister",2,1,0,1,1,1
1952,"6/28/99",1,1431721,1,1,7,"Daughter",1,0,0,0,1,0
1953,"6/28/99",1,1431721,1,2,1,"Parents",2,0,2,2,0,0
1954,"6/28/99",1,1431721,1,2,2,"Brother",2,0,2,2,0,0
1955,"6/28/99",1,1431721,1,2,4,"Uncle",2,2,0,0,2,0
1956,"6/28/99",1,1431721,1,2,5,"Aunt",4,0,0,0,4,0
1957,"6/28/99",1,1431721,1,2,7,"Daughter",1,0,0,0,1,0
148,"6/01/99",1,1510121,1,1,1,"Parents",2,1,2,0,0,0
149,"6/01/99",1,1510121,1,1,2,"Brother",2,1,2,0,0,0
150,"6/01/99",1,1510121,1,1,3,"Sister",3,3,1,1,1,0
151,"6/01/99",1,1510121,1,1,4,"Uncle",2,2,1,1,0,0
152,"6/01/99",1,1510121,2,2,1,"Parents",1,1,0,1,0,0
153,"6/01/99",1,1510121,2,2,2,"Brother",4,4,0,4,0,0
154,"6/01/99",1,1510121,2,2,3,"Sister",1,0,1,0,0,0
155,"6/01/99",1,1510121,2,2,4,"Uncle",1,1,0,1,0,0
245,"6/01/99",1,1510141,1,1,2,"Brother",2,0,2,0,0,0
246,"6/01/99",1,1510141,1,1,3,"Sister",1,0,1,0,0,0
247,"6/01/99",1,1510141,1,1,5,"Aunt",2,0,0,0,2,0
281,"6/01/99",1,1510151,1,1,3,"Sister",2,2,0,0,2,0
282,"6/01/99",1,1510151,1,1,7,"Daughter",3,0,1,0,2,1
283,"6/01/99",1,1510151,3,2,3,"Sister",1,0,1,0,0,0
284,"6/01/99",1,1510151,3,2,7,"Daughter",3,0,1,0,2,1
156,"6/01/99",1,1510221,1,1,1,"Parents",1,0,1,0,0,0
157,"6/01/99",1,1510221,1,1,2,"Brother",2,0,1,1,0,0
158,"6/01/99",1,1510221,1,1,3,"Sister",2,0,1,0,1,0
159,"6/01/99",1,1510221,1,1,4,"Uncle",1,0,1,0,0,0
160,"6/01/99",1,1510221,2,2,1,"Parents",1,0,0,1,0,0
161,"6/01/99",1,1510221,2,2,2,"Brother",1,0,0,1,0,0
162,"6/01/99",1,1510221,2,2,3,"Sister",2,0,0,2,0,0
163,"6/01/99",1,1510221,2,2,7,"Daughter",1,0,0,1,0,0
248,"6/01/99",1,1510241,1,1,1,"Parents",1,0,0,0,0,1
249,"6/01/99",1,1510241,1,1,2,"Brother",2,2,2,0,0,2
250,"6/01/99",1,1510241,1,1,4,"Uncle",4,0,0,0,4,0
251,"6/01/99",1,1510241,1,1,5,"Aunt",1,0,0,0,1,0
252,"6/01/99",1,1510241,2,2,1,"Parents",2,1,0,0,2,2
253,"6/01/99",1,1510241,2,2,2,"Brother",3,0,0,0,3,2
254,"6/01/99",1,1510241,2,2,3,"Sister",2,0,0,1,1,2
255,"6/01/99",1,1510241,2,2,4,"Uncle",1,0,0,1,0,0
256,"6/01/99",1,1510241,2,2,5,"Aunt",1,0,0,1,0,1
285,"6/01/99",1,1510251,1,1,3,"Sister",2,1,1,0,1,0
286,"6/01/99",1,1510251,1,1,7,"Daughter",4,0,1,1,2,2
287,"6/01/99",1,1510252,1,1,1,"Parents",1,1,1,0,0,1
288,"6/01/99",1,1510252,1,1,2,"Brother",1,0,1,0,0,1
289,"6/01/99",1,1510252,1,1,3,"Sister",3,2,0,1,2,0
290,"6/01/99",1,1510252,1,1,4,"Uncle",1,1,0,1,0,0
291,"6/01/99",1,1510252,1,1,5,"Aunt",4,1,1,2,1,0
292,"6/01/99",1,1510252,1,1,7,"Daughter",1,0,0,0,1,0
164,"6/01/99",1,1510321,1,1,1,"Parents",1,0,1,0,0,0
165,"6/01/99",1,1510321,1,1,2,"Brother",2,0,2,0,0,0
166,"6/01/99",1,1510321,1,1,3,"Sister",3,0,1,1,1,0
167,"6/01/99",1,1510321,1,1,4,"Uncle",1,0,1,0,0,0
168,"6/01/99",1,1510321,1,1,5,"Aunt",2,0,0,1,1,0
169,"6/01/99",1,1510321,2,2,1,"Parents",2,1,0,2,0,2
170,"6/01/99",1,1510321,2,2,2,"Brother",3,0,0,3,0,0
171,"6/01/99",1,1510321,2,2,3,"Sister",2,0,0,2,0,0
172,"6/01/99",1,1510321,2,2,5,"Aunt",6,0,0,0,6,0
257,"6/01/99",1,1510341,1,1,1,"Parents",1,0,1,0,0,0
258,"6/01/99",1,1510341,1,1,2,"Brother",5,0,4,1,0,0
259,"6/01/99",1,1510341,1,1,3,"Sister",1,0,0,1,0,0
260,"6/01/99",1,1510341,1,1,5,"Aunt",4,0,1,1,1,0
261,"6/01/99",1,1510341,1,1,7,"Daughter",1,0,0,1,0,0
262,"6/01/99",1,1510341,2,2,1,"Parents",1,0,0,1,0,0
263,"6/01/99",1,1510341,2,2,2,"Brother",2,0,0,1,0,0
264,"6/01/99",1,1510341,2,2,3,"Sister",2,0,0,1,1,1
265,"6/01/99",1,1510341,2,2,4,"Uncle",1,0,0,1,0,0
266,"6/01/99",1,1510341,2,2,7,"Daughter",1,0,0,1,0,0
293,"6/01/99",1,1510351,1,1,1,"Parents",1,0,1,0,0,0
294,"6/01/99",1,1510351,1,1,2,"Brother",2,0,1,0,1,2
295,"6/01/99",1,1510351,1,1,3,"Sister",3,1,0,3,0,0
296,"6/01/99",1,1510351,1,1,4,"Uncle",1,0,0,1,0,0
297,"6/01/99",1,1510351,1,1,7,"Daughter",2,0,0,2,0,0
298,"6/01/99",1,1510351,2,2,1,"Parents",1,0,0,0,1,0
299,"6/01/99",1,1510351,2,2,2,"Brother",1,0,0,0,1,0
300,"6/01/99",1,1510351,2,2,3,"Sister",4,0,0,2,2,0
301,"6/01/99",1,1510351,2,2,4,"Uncle",2,0,0,0,2,0
512,"9/11/99",1,1510421,1,1,2,"Brother",1,0,1,0,0,0
513,"9/11/99",1,1510421,1,1,3,"Sister",3,0,1,0,2,0
514,"9/11/99",1,1510421,1,1,6,"Son",4,0,3,0,1,4
515,"9/11/99",1,1510421,1,1,7,"Daughter",2,0,0,2,0,0
267,"6/01/99",1,1510441,1,1,7,"Daughter",1,0,0,0,1,0
268,"6/01/99",1,1510441,2,2,1,"Parents",1,0,0,1,0,0
269,"6/01/99",1,1510441,2,2,2,"Brother",4,0,0,4,0,0
270,"6/01/99",1,1510441,2,2,3,"Sister",3,0,0,3,0,0
271,"6/01/99",1,1510441,2,2,4,"Uncle",2,2,0,2,0,0
272,"6/01/99",1,1510441,2,2,5,"Aunt",3,0,0,3,0,0
273,"6/01/99",1,1510441,2,2,7,"Daughter",1,0,0,0,0,0
302,"6/01/99",1,1510459,1,1,2,"Brother",1,1,1,0,0,0
303,"6/01/99",1,1510459,1,1,3,"Sister",4,0,1,0,0,0
304,"6/01/99",1,1510459,1,1,7,"Daughter",3,0,1,1,1,0
305,"6/01/99",1,1510459,1,2,2,"Brother",1,0,0,1,0,0
306,"6/01/99",1,1510459,1,2,5,"Aunt",1,0,0,1,0,0
307,"6/01/99",1,1510459,1,2,7,"Daughter",3,0,1,1,1,0
173,"6/01/99",1,1510521,1,1,2,"Brother",3,0,0,3,0,0
174,"6/01/99",1,1510521,1,1,3,"Sister",2,0,0,1,1,0
175,"6/01/99",1,1510521,1,1,4,"Uncle",1,0,0,1,0,0
176,"6/01/99",1,1510521,1,1,5,"Aunt",3,0,0,1,2,0
274,"6/01/99",1,1510541,1,1,1,"Parents",1,0,0,0,1,0
275,"6/01/99",1,1510541,1,1,2,"Brother",2,0,0,0,2,0
276,"6/01/99",1,1510541,1,1,3,"Sister",1,0,0,0,1,0
277,"6/01/99",1,1510541,1,1,4,"Uncle",1,1,0,1,0,0
278,"6/01/99",1,1510541,2,2,1,"Parents",1,1,1,0,0,0
279,"6/01/99",1,1510541,2,2,2,"Brother",1,1,1,0,0,0
280,"6/01/99",1,1510541,2,2,3,"Sister",4,0,2,1,1,0
177,"6/01/99",1,1510621,1,2,2,"Brother",1,1,0,1,0,0
178,"6/01/99",1,1510621,1,2,3,"Sister",1,1,0,1,0,0
179,"6/01/99",1,1510721,1,1,2,"Brother",1,1,1,0,0,0
180,"6/01/99",1,1510721,1,1,6,"Son",2,2,2,0,0,0
181,"6/01/99",1,1510721,1,1,7,"Daughter",4,0,1,4,0,0
182,"6/01/99",1,1510721,2,2,2,"Brother",1,1,0,1,0,0
183,"6/01/99",1,1510721,2,2,6,"Son",2,2,2,0,0,0
184,"6/01/99",1,1510721,2,2,7,"Daughter",4,0,1,4,0,0
185,"6/01/99",1,1510722,1,1,1,"Parents",2,1,2,0,0,2
186,"6/01/99",1,1510722,1,1,2,"Brother",2,1,2,0,0,0
187,"6/01/99",1,1510722,1,1,3,"Sister",3,3,1,1,1,0
188,"6/01/99",1,1510722,1,1,4,"Uncle",2,2,1,1,0,0
189,"6/01/99",1,1510722,2,2,1,"Parents",2,1,0,0,2,2
190,"6/01/99",1,1510722,2,2,2,"Brother",2,2,0,0,2,0
191,"6/01/99",1,1510722,2,2,3,"Sister",3,2,0,0,3,0
192,"6/01/99",1,1510722,2,2,4,"Uncle",2,2,0,1,1,0
193,"6/01/99",1,1510722,2,2,5,"Aunt",4,4,0,4,0,0
194,"6/01/99",1,1510821,1,1,1,"Parents",1,0,1,0,0,0
195,"6/01/99",1,1510821,1,1,2,"Brother",2,2,2,0,0,0
196,"6/01/99",1,1510821,1,1,3,"Sister",3,2,1,2,0,0
197,"6/01/99",1,1510821,1,1,4,"Uncle",3,0,2,1,0,0
198,"6/01/99",1,1510821,1,1,5,"Aunt",1,0,0,1,0,0
199,"6/01/99",1,1510821,3,2,1,"Parents",2,0,0,0,2,2
200,"6/01/99",1,1510821,3,2,2,"Brother",3,0,0,0,3,1
201,"6/01/99",1,1510821,3,2,3,"Sister",2,0,0,0,2,0
202,"6/01/99",1,1510821,3,2,4,"Uncle",2,0,0,2,0,0
203,"6/01/99",1,1510821,3,2,5,"Aunt",3,0,0,1,2,0
204,"6/01/99",1,1510921,1,1,1,"Parents",1,0,1,0,0,0
205,"6/01/99",1,1510921,1,1,2,"Brother",2,0,2,0,0,0
206,"6/01/99",1,1510921,1,1,3,"Sister",3,0,3,0,0,0
207,"6/01/99",1,1510921,1,1,4,"Uncle",3,0,2,1,0,0
208,"6/01/99",1,1510921,1,1,5,"Aunt",2,0,1,2,0,0
209,"6/01/99",1,1510921,3,2,1,"Parents",1,0,1,0,0,0
210,"6/01/99",1,1510921,3,2,2,"Brother",1,0,1,0,0,0
211,"6/01/99",1,1510921,3,2,3,"Sister",1,0,1,0,0,0
212,"6/01/99",1,1510921,3,2,4,"Uncle",1,0,1,0,0,0
213,"6/01/99",1,1511021,1,1,1,"Parents",1,0,1,0,0,0
214,"6/01/99",1,1511021,1,1,2,"Brother",1,0,1,0,0,0
215,"6/01/99",1,1511021,1,1,3,"Sister",6,0,1,1,4,0
216,"6/01/99",1,1511021,1,1,4,"Uncle",1,0,1,0,0,0
217,"6/01/99",1,1511021,3,2,3,"Sister",2,0,1,0,1,0
218,"6/01/99",1,1511021,3,2,4,"Uncle",1,0,0,0,1,0
219,"6/01/99",1,1511021,3,2,5,"Aunt",1,0,0,0,1,0
220,"6/01/99",1,1511022,1,1,1,"Parents",1,1,1,0,0,0
221,"6/01/99",1,1511022,1,1,2,"Brother",1,0,1,0,0,0
222,"6/01/99",1,1511022,1,1,3,"Sister",6,0,1,1,4,0
223,"6/01/99",1,1511022,1,1,4,"Uncle",1,0,1,0,0,0
224,"6/01/99",1,1511022,2,2,1,"Parents",2,0,0,2,0,2
225,"6/01/99",1,1511022,2,2,2,"Brother",4,0,0,4,0,2
226,"6/01/99",1,1511022,2,2,3,"Sister",1,0,0,0,1,0
227,"6/01/99",1,1511022,2,2,4,"Uncle",2,0,0,2,0,0
228,"6/01/99",1,1511022,2,2,5,"Aunt",3,0,0,1,2,0
229,"6/01/99",1,1511121,1,1,2,"Brother",1,1,1,0,0,0
230,"6/01/99",1,1511121,1,1,3,"Sister",1,0,0,0,1,0
231,"6/01/99",1,1511121,1,1,4,"Uncle",2,2,0,0,2,0
232,"6/01/99",1,1511121,1,1,5,"Aunt",2,0,0,1,1,0
233,"6/01/99",1,1511121,1,1,7,"Daughter",2,0,1,1,0,0
234,"6/01/99",1,1511121,3,2,2,"Brother",3,3,0,3,0,0
235,"6/01/99",1,1511121,3,2,3,"Sister",4,0,2,1,1,0
236,"6/01/99",1,1511121,3,2,4,"Uncle",3,3,0,3,0,1
237,"6/01/99",1,1511121,3,2,5,"Aunt",1,0,0,1,0,0
238,"6/01/99",1,1511121,3,2,7,"Daughter",2,0,1,1,0,0
239,"6/01/99",1,1511221,1,1,3,"Sister",1,0,0,0,1,0
240,"6/01/99",1,1511221,1,1,6,"Son",1,0,0,1,0,0
241,"6/01/99",1,1511221,2,2,1,"Parents",1,0,0,1,0,1
242,"6/01/99",1,1511221,2,2,2,"Brother",1,1,0,1,0,1
243,"6/01/99",1,1511221,2,2,3,"Sister",3,3,0,3,0,3
244,"6/01/99",1,1511221,2,2,6,"Son",1,0,0,1,0,0
234,"5/28/99",1,1520121,2,2,2,"Brother",1,0,0,0,1,0
235,"5/28/99",1,1520121,2,2,3,"Sister",1,0,0,0,1,0
236,"5/28/99",1,1520121,2,2,6,"Son",2,0,2,0,0,2
237,"5/28/99",1,1520121,2,2,7,"Daughter",2,0,0,0,2,0
238,"5/28/99",1,1520122,1,1,1,"Parents",1,0,0,0,0,1
239,"5/28/99",1,1520122,1,1,2,"Brother",1,0,1,0,0,1
240,"5/28/99",1,1520122,1,1,3,"Sister",1,0,0,0,1,0
241,"5/28/99",1,1520122,1,1,4,"Uncle",1,0,0,0,1,0
242,"5/28/99",1,1520122,2,2,1,"Parents",1,0,0,1,0,1
243,"5/28/99",1,1520122,2,2,2,"Brother",3,0,0,3,0,1
244,"5/28/99",1,1520122,2,2,3,"Sister",1,0,0,1,0,1
245,"5/28/99",1,1520122,2,2,4,"Uncle",5,1,0,4,0,0
331,"5/28/99",1,1520141,1,1,1,"Parents",1,0,0,1,0,0
332,"5/28/99",1,1520141,1,1,3,"Sister",1,0,0,0,1,0
333,"5/28/99",1,1520141,1,1,4,"Uncle",11,3,2,8,1,0
334,"5/28/99",1,1520141,1,1,5,"Aunt",6,0,0,4,2,0
335,"5/28/99",1,1520141,5,2,1,"Parents",2,0,0,0,2,0
336,"5/28/99",1,1520141,5,2,2,"Brother",1,0,0,0,1,0
337,"5/28/99",1,1520141,5,2,3,"Sister",4,0,0,0,4,0
338,"5/28/99",1,1520141,5,2,4,"Uncle",7,0,0,0,7,0
339,"5/28/99",1,1520141,5,2,5,"Aunt",3,0,0,0,3,0
377,"5/28/99",1,1520151,1,1,6,"Son",2,0,2,0,0,0
378,"5/28/99",1,1520151,1,1,7,"Daughter",5,0,3,1,1,1
246,"5/28/99",1,1520221,1,1,3,"Sister",1,0,0,1,0,0
247,"5/28/99",1,1520221,1,1,4,"Uncle",2,2,0,0,2,0
248,"5/28/99",1,1520221,1,1,5,"Aunt",1,0,0,1,0,0
249,"5/28/99",1,1520221,4,2,1,"Parents",2,0,2,0,0,0
250,"5/28/99",1,1520221,4,2,2,"Brother",3,0,0,3,0,0
251,"5/28/99",1,1520221,4,2,3,"Sister",1,0,0,1,0,0
252,"5/28/99",1,1520221,4,2,4,"Uncle",2,2,0,2,0,0
253,"5/28/99",1,1520221,4,2,5,"Aunt",5,1,0,1,4,0
340,"5/28/99",1,1520241,1,1,1,"Parents",1,0,1,0,0,0
341,"5/28/99",1,1520241,1,1,2,"Brother",2,0,2,0,0,0
343,"5/28/99",1,1520241,1,1,4,"Uncle",3,0,0,0,3,0
344,"5/28/99",1,1520241,1,1,5,"Aunt",2,0,0,2,0,0
345,"5/28/99",1,1520241,2,2,1,"Parents",1,0,0,1,0,0
346,"5/28/99",1,1520241,2,2,2,"Brother",1,0,0,1,0,0
347,"5/28/99",1,1520241,2,2,3,"Sister",3,0,0,3,0,0
348,"5/28/99",1,1520241,2,2,4,"Uncle",4,0,0,1,3,0
381,"5/28/99",1,1520251,1,1,4,"Uncle",1,1,1,0,0,0
382,"5/28/99",1,1520251,3,1,1,"Parents",2,0,2,0,0,0
383,"5/28/99",1,1520251,3,1,2,"Brother",1,0,1,0,0,0
384,"5/28/99",1,1520251,3,1,3,"Sister",1,0,1,0,0,0
386,"5/28/99",1,1520251,3,1,5,"Aunt",1,0,0,0,1,0
387,"5/28/99",1,1520252,1,1,1,"Parents",2,0,2,0,0,2
388,"5/28/99",1,1520252,1,1,2,"Brother",3,0,2,0,1,0
389,"5/28/99",1,1520252,1,1,3,"Sister",3,0,2,0,1,0
390,"5/28/99",1,1520252,1,1,5,"Aunt",2,1,1,1,0,0
391,"5/28/99",1,1520252,2,2,1,"Parents",2,1,2,0,0,0
392,"5/28/99",1,1520252,2,2,2,"Brother",2,0,2,0,0,0
393,"5/28/99",1,1520252,2,2,3,"Sister",1,0,0,1,0,0
394,"5/28/99",1,1520252,2,2,4,"Uncle",2,1,1,0,0,0
395,"5/28/99",1,1520252,2,2,5,"Aunt",2,1,0,1,1,0
254,"5/28/99",1,1520321,1,1,3,"Sister",1,1,1,0,0,0
255,"5/28/99",1,1520321,1,1,7,"Daughter",5,1,4,0,2,0
256,"5/28/99",1,1520321,2,2,1,"Parents",1,0,0,0,1,0
257,"5/28/99",1,1520321,2,2,2,"Brother",2,2,0,0,2,0
258,"5/28/99",1,1520321,2,2,3,"Sister",1,0,0,0,1,0
259,"5/28/99",1,1520321,2,2,4,"Uncle",1,1,0,0,1,0
260,"5/28/99",1,1520321,2,2,5,"Aunt",2,0,0,0,2,0
261,"5/28/99",1,1520321,2,2,7,"Daughter",5,1,4,0,2,0
349,"5/28/99",1,1520341,1,1,2,"Brother",1,0,1,0,0,0
350,"5/28/99",1,1520341,1,1,3,"Sister",2,0,0,1,1,1
351,"5/28/99",1,1520341,1,1,4,"Uncle",2,0,1,1,0,0
352,"5/28/99",1,1520341,1,1,5,"Aunt",4,0,1,1,2,0
353,"5/28/99",1,1520341,1,1,6,"Son",1,0,1,0,0,0
354,"5/28/99",1,1520341,1,1,7,"Daughter",4,1,3,1,0,1
355,"5/28/99",1,1520341,2,2,1,"Parents",1,0,0,0,0,0
356,"5/28/99",1,1520341,2,2,2,"Brother",1,0,0,0,1,0
357,"5/28/99",1,1520341,2,2,3,"Sister",4,0,0,2,2,0
358,"5/28/99",1,1520341,2,2,4,"Uncle",3,0,0,1,2,0
359,"5/28/99",1,1520341,2,2,5,"Aunt",1,0,0,0,1,0
360,"5/28/99",1,1520341,2,2,6,"Son",1,0,1,0,0,0
361,"5/28/99",1,1520341,2,2,7,"Daughter",4,1,3,1,0,1
362,"5/28/99",1,1520342,1,1,1,"Parents",2,0,1,0,0,0
363,"5/28/99",1,1520342,1,1,3,"Sister",4,0,3,0,1,0
364,"5/28/99",1,1520342,1,1,4,"Uncle",2,0,1,0,1,0
365,"5/28/99",1,1520342,1,1,5,"Aunt",6,0,1,1,4,0
366,"5/28/99",1,1520342,2,2,1,"Parents",1,1,0,1,0,1
367,"5/28/99",1,1520342,2,2,2,"Brother",3,3,0,3,0,0
368,"5/28/99",1,1520342,2,2,3,"Sister",3,0,0,3,0,0
369,"5/28/99",1,1520342,2,2,4,"Uncle",2,0,0,2,0,0
370,"5/28/99",1,1520342,2,2,5,"Aunt",2,0,0,2,0,0
396,"5/28/99",1,1520351,1,1,2,"Brother",1,1,1,0,0,0
397,"5/28/99",1,1520351,1,1,3,"Sister",3,0,0,3,0,0
398,"5/28/99",1,1520351,1,1,6,"Son",3,3,3,0,0,0
399,"5/28/99",1,1520351,1,1,7,"Daughter",2,0,0,2,0,0
400,"5/28/99",1,1520351,2,2,3,"Sister",1,0,0,0,1,0
401,"5/28/99",1,1520351,2,2,6,"Son",3,3,3,0,0,0
402,"5/28/99",1,1520351,2,2,7,"Daughter",2,0,0,2,0,0
403,"5/28/99",1,1520352,1,1,1,"Parents",2,2,2,0,0,0
404,"5/28/99",1,1520352,1,1,2,"Brother",5,5,5,0,0,1
405,"5/28/99",1,1520352,1,1,3,"Sister",3,0,0,3,0,0
406,"5/28/99",1,1520352,1,1,4,"Uncle",1,1,1,0,0,0
407,"5/28/99",1,1520352,1,1,5,"Aunt",4,0,0,0,4,0
408,"5/28/99",1,1520352,2,2,1,"Parents",2,1,0,2,0,2
409,"5/28/99",1,1520352,2,2,2,"Brother",1,1,0,1,0,0
410,"5/28/99",1,1520352,2,2,3,"Sister",4,0,0,3,1,0
411,"5/28/99",1,1520352,2,2,4,"Uncle",4,0,0,1,3,0
412,"5/28/99",1,1520352,2,2,5,"Aunt",5,0,0,2,3,0
413,"5/28/99",1,1520353,2,1,1,"Parents",2,2,2,0,0,0
414,"5/28/99",1,1520353,2,1,2,"Brother",5,5,5,0,0,0
416,"5/28/99",1,1520353,2,1,4,"Uncle",1,1,1,0,0,0
417,"5/28/99",1,1520353,2,1,5,"Aunt",4,0,0,0,4,0
418,"5/28/99",1,1520353,2,2,1,"Parents",1,0,0,0,1,0
419,"5/28/99",1,1520353,2,2,4,"Uncle",3,0,0,0,3,0
420,"5/28/99",1,1520353,2,2,5,"Aunt",2,0,0,0,2,0
262,"5/28/99",1,1520421,1,1,1,"Parents",1,0,1,0,0,0
263,"5/28/99",1,1520421,1,1,2,"Brother",4,0,4,0,0,0
264,"5/28/99",1,1520421,1,1,3,"Sister",1,0,1,0,0,0
265,"5/28/99",1,1520421,1,1,4,"Uncle",1,0,0,0,1,0
266,"5/28/99",1,1520421,1,2,2,"Brother",4,0,0,4,0,0
267,"5/28/99",1,1520421,1,2,3,"Sister",2,0,0,1,1,0
371,"5/28/99",1,1520441,1,1,7,"Daughter",3,0,1,1,1,0
372,"5/28/99",1,1520441,2,2,2,"Brother",3,0,3,0,0,1
373,"5/28/99",1,1520441,2,2,3,"Sister",2,0,1,0,1,0
374,"5/28/99",1,1520441,2,2,7,"Daughter",3,0,1,1,1,0
421,"5/28/99",1,1520459,1,1,1,"Parents",1,1,1,0,0,1
422,"5/28/99",1,1520459,1,1,2,"Brother",4,0,4,0,0,2
423,"5/28/99",1,1520459,1,1,3,"Sister",2,0,1,1,0,0
424,"5/28/99",1,1520459,1,1,4,"Uncle",3,3,1,0,2,0
425,"5/28/99",1,1520459,1,1,5,"Aunt",3,0,1,0,2,0
426,"5/28/99",1,1520459,2,2,2,"Brother",6,0,0,6,0,2
427,"5/28/99",1,1520459,2,2,3,"Sister",3,0,0,3,0,0
428,"5/28/99",1,1520459,2,2,4,"Uncle",1,0,0,1,0,0
429,"5/28/99",1,1520459,2,2,5,"Aunt",1,0,0,0,1,0
268,"5/28/99",1,1520521,1,1,2,"Brother",2,0,2,0,0,0
269,"5/28/99",1,1520521,1,1,3,"Sister",1,0,1,0,0,0
270,"5/28/99",1,1520521,1,1,5,"Aunt",1,0,0,1,0,0
271,"5/28/99",1,1520521,2,2,1,"Parents",1,0,0,1,0,1
272,"5/28/99",1,1520521,2,2,2,"Brother",3,0,0,3,0,0
273,"5/28/99",1,1520521,2,2,3,"Sister",1,0,0,1,0,0
274,"5/28/99",1,1520521,2,2,4,"Uncle",6,6,0,6,0,0
275,"5/28/99",1,1520521,2,2,5,"Aunt",2,0,0,1,1,0
375,"5/28/99",1,1520541,2,2,6,"Son",2,0,2,0,0,0
376,"5/28/99",1,1520541,2,2,7,"Daughter",2,0,1,0,1,0
516,"9/11/99",1,1520621,1,1,2,"Brother",1,0,1,0,0,0
517,"9/11/99",1,1520621,1,1,3,"Sister",1,0,0,1,0,0
518,"9/11/99",1,1520621,1,1,4,"Uncle",1,0,0,1,0,0
519,"9/11/99",1,1520621,1,1,6,"Son",3,0,3,0,0,0
520,"9/11/99",1,1520621,1,1,7,"Daughter",1,0,0,0,1,0
521,"9/11/99",1,1520621,2,2,1,"Parents",1,0,1,0,0,0
522,"9/11/99",1,1520621,2,2,2,"Brother",1,0,1,0,0,0
523,"9/11/99",1,1520621,2,2,3,"Sister",1,0,1,0,0,0
524,"9/11/99",1,1520621,2,2,4,"Uncle",3,0,0,3,0,0
525,"9/11/99",1,1520621,2,2,6,"Son",3,0,3,0,0,0
526,"9/11/99",1,1520621,2,2,7,"Daughter",1,0,0,0,0,0
276,"5/28/99",1,1520622,1,1,1,"Parents",2,1,2,0,0,2
277,"5/28/99",1,1520622,1,1,2,"Brother",4,0,4,0,0,0
278,"5/28/99",1,1520622,1,1,3,"Sister",1,0,0,1,0,0
279,"5/28/99",1,1520622,1,1,4,"Uncle",2,1,2,0,0,0
280,"5/28/99",1,1520622,1,1,5,"Aunt",2,1,1,0,0,0
281,"5/28/99",1,1520622,2,2,1,"Parents",2,0,0,0,2,2
282,"5/28/99",1,1520622,2,2,2,"Brother",1,0,0,0,1,1
283,"5/28/99",1,1520622,2,2,3,"Sister",1,0,0,0,1,0
284,"5/28/99",1,1520622,2,2,4,"Uncle",6,0,0,0,6,0
285,"5/28/99",1,1520622,2,2,5,"Aunt",4,0,0,0,4,0
286,"5/28/99",1,1520721,1,1,1,"Parents",1,0,0,0,1,0
287,"5/28/99",1,1520721,1,1,2,"Brother",2,0,0,0,2,0
288,"5/28/99",1,1520721,1,1,3,"Sister",5,0,0,0,5,0
289,"5/28/99",1,1520721,1,1,4,"Uncle",2,2,0,2,0,0
290,"5/28/99",1,1520721,1,1,5,"Aunt",6,0,0,3,3,1
291,"5/28/99",1,1520721,2,2,1,"Parents",1,0,1,0,0,1
292,"5/28/99",1,1520721,2,2,2,"Brother",3,0,3,0,0,0
294,"5/28/99",1,1520721,2,2,4,"Uncle",1,0,1,0,0,0
295,"5/28/99",1,1520821,2,1,6,"Son",3,0,1,3,0,0
296,"5/28/99",1,1520821,2,1,7,"Daughter",1,0,0,1,0,0
297,"5/28/99",1,1520921,1,1,1,"Parents",2,2,2,0,0,0
298,"5/28/99",1,1520921,1,1,2,"Brother",2,2,2,0,0,0
299,"5/28/99",1,1520921,1,1,5,"Aunt",3,0,0,3,0,0
300,"5/28/99",1,1520921,2,2,1,"Parents",1,1,0,1,0,0
301,"5/28/99",1,1520921,2,2,2,"Brother",2,2,0,2,0,0
302,"5/28/99",1,1520921,2,2,3,"Sister",2,2,0,1,1,0
303,"5/28/99",1,1520921,2,2,4,"Uncle",1,1,0,0,1,0
304,"5/28/99",1,1520921,2,2,5,"Aunt",6,6,0,0,6,0
305,"5/28/99",1,1521021,1,1,4,"Uncle",1,0,0,0,1,0
306,"5/28/99",1,1521021,4,2,1,"Parents",2,2,0,0,2,0
307,"5/28/99",1,1521021,4,2,2,"Brother",3,0,0,0,3,2
308,"5/28/99",1,1521021,4,2,3,"Sister",1,0,0,0,1,0
310,"5/28/99",1,1521021,4,2,4,"Uncle",1,0,0,0,1,0
558,"9/11/99",1,1521121,1,1,2,"Brother",1,0,1,0,0,0
559,"9/11/99",1,1521121,1,1,3,"Sister",1,0,0,1,0,0
560,"9/11/99",1,1521121,1,1,6,"Son",3,0,3,0,0,0
561,"9/11/99",1,1521121,3,2,2,"Brother",1,0,1,0,0,0
562,"9/11/99",1,1521121,3,2,3,"Sister",1,0,0,0,1,0
563,"9/11/99",1,1521121,3,2,6,"Son",3,0,3,0,0,0
311,"5/28/99",1,1521122,1,1,1,"Parents",2,1,2,0,0,0
312,"5/28/99",1,1521122,1,1,2,"Brother",1,0,1,0,0,0
313,"5/28/99",1,1521122,1,1,3,"Sister",1,1,0,1,0,0
314,"5/28/99",1,1521122,1,1,4,"Uncle",2,0,2,0,0,0
315,"5/28/99",1,1521122,1,1,5,"Aunt",2,0,0,1,1,0
316,"5/28/99",1,1521122,2,2,1,"Parents",2,2,0,2,0,2
317,"5/28/99",1,1521122,2,2,2,"Brother",1,1,0,1,0,1
318,"5/28/99",1,1521122,2,2,3,"Sister",4,4,0,2,2,0
319,"5/28/99",1,1521122,2,2,4,"Uncle",2,0,0,2,0,0
320,"5/28/99",1,1521122,2,2,5,"Aunt",4,0,0,4,0,0
321,"5/28/99",1,1521221,1,1,1,"Parents",2,0,2,0,0,2
322,"5/28/99",1,1521221,1,1,2,"Brother",7,0,2,0,0,0
323,"5/28/99",1,1521221,1,1,3,"Sister",3,0,0,2,1,0
324,"5/28/99",1,1521221,1,1,4,"Uncle",2,1,1,1,0,1
325,"5/28/99",1,1521221,1,1,5,"Aunt",3,1,1,1,1,0
326,"5/28/99",1,1521221,2,2,1,"Parents",2,0,2,0,0,2
327,"5/28/99",1,1521221,2,2,2,"Brother",1,0,1,0,0,0
328,"5/28/99",1,1521221,2,2,3,"Sister",3,1,1,2,0,0
329,"5/28/99",1,1521221,2,2,4,"Uncle",7,0,3,3,1,0
330,"5/28/99",1,1521221,2,2,5,"Aunt",4,1,2,0,2,0
437,"8/08/99",1,1530121,2,2,2,"Brother",5,5,0,4,1,5
438,"8/08/99",1,1530121,2,2,3,"Sister",3,3,0,2,1,0
439,"8/08/99",1,1530121,2,2,4,"Uncle",1,0,0,0,1,0
440,"8/08/99",1,1530121,2,2,6,"Son",1,0,0,0,1,0
441,"8/08/99",1,1530121,2,2,7,"Daughter",2,0,0,2,0,1
533,"8/08/99",1,1530141,1,1,1,"Parents",1,0,0,1,0,0
534,"8/08/99",1,1530141,1,1,2,"Brother",3,0,3,3,0,0
535,"8/08/99",1,1530141,1,1,3,"Sister",2,0,1,1,1,0
536,"8/08/99",1,1530141,1,1,4,"Uncle",2,0,1,1,1,0
537,"8/08/99",1,1530141,1,1,5,"Aunt",4,0,2,2,0,0
538,"8/08/99",1,1530141,2,2,1,"Parents",2,2,0,2,0,2
539,"8/08/99",1,1530141,2,2,2,"Brother",7,0,0,7,0,4
540,"8/08/99",1,1530141,2,2,3,"Sister",4,0,0,0,4,2
541,"8/08/99",1,1530141,2,2,4,"Uncle",5,4,0,0,5,0
542,"8/08/99",1,1530141,2,2,5,"Aunt",5,0,0,1,4,0
574,"8/08/99",1,1530151,1,1,2,"Brother",1,1,1,1,0,1
575,"8/08/99",1,1530151,1,1,3,"Sister",1,0,0,0,1,0
576,"8/08/99",1,1530151,1,1,4,"Uncle",1,1,0,1,0,1
577,"8/08/99",1,1530151,1,1,5,"Aunt",1,0,0,1,0,0
578,"8/08/99",1,1530151,1,1,7,"Daughter",2,0,0,2,0,0
579,"8/08/99",1,1530151,3,2,1,"Parents",1,0,0,1,0,1
580,"8/08/99",1,1530151,3,2,2,"Brother",3,3,0,3,0,3
581,"8/08/99",1,1530151,3,2,3,"Sister",1,0,0,1,0,0
582,"8/08/99",1,1530151,3,2,5,"Aunt",1,0,0,1,0,0
442,"8/08/99",1,1530221,1,1,1,"Parents",1,1,1,1,0,0
443,"8/08/99",1,1530221,1,1,2,"Brother",2,0,0,2,0,0
444,"8/08/99",1,1530221,1,1,3,"Sister",3,0,2,2,1,0
445,"8/08/99",1,1530221,1,1,5,"Aunt",1,0,0,0,1,0
446,"8/08/99",1,1530221,6,2,1,"Parents",2,1,0,2,0,2
447,"8/08/99",1,1530221,6,2,2,"Brother",3,0,0,3,0,0
448,"8/08/99",1,1530221,6,2,3,"Sister",2,0,0,2,0,0
449,"8/08/99",1,1530221,6,2,4,"Uncle",4,4,0,4,0,0
450,"8/08/99",1,1530221,6,2,5,"Aunt",2,0,0,0,2,0
451,"8/08/99",1,1530222,1,1,3,"Sister",1,1,0,0,1,1
452,"8/08/99",1,1530222,1,1,6,"Son",3,0,1,3,0,3
453,"8/08/99",1,1530222,1,1,7,"Daughter",1,0,0,0,1,1
543,"8/08/99",1,1530241,1,1,1,"Parents",2,2,1,1,0,0
544,"8/08/99",1,1530241,1,1,2,"Brother",3,3,3,3,0,0
545,"8/08/99",1,1530241,1,1,3,"Sister",5,0,1,3,1,0
546,"8/08/99",1,1530241,1,1,5,"Aunt",2,0,0,2,0,0
547,"8/08/99",1,1530241,2,2,1,"Parents",2,2,0,0,2,2
548,"8/08/99",1,1530241,2,2,2,"Brother",3,3,0,0,3,3
549,"8/08/99",1,1530241,2,2,3,"Sister",2,0,0,0,2,0
550,"8/08/99",1,1530241,2,2,4,"Uncle",2,1,0,0,2,0
551,"8/08/99",1,1530241,2,2,5,"Aunt",3,1,0,1,2,0
583,"8/08/99",1,1530251,1,1,1,"Parents",1,1,1,1,0,1
584,"8/08/99",1,1530251,1,1,2,"Brother",4,4,4,4,0,4
585,"8/08/99",1,1530251,2,2,1,"Parents",2,1,0,0,2,2
586,"8/08/99",1,1530251,2,2,2,"Brother",3,3,0,0,3,3
587,"8/08/99",1,1530251,2,2,3,"Sister",2,0,0,0,2,0
588,"8/08/99",1,1530251,2,2,4,"Uncle",7,7,0,3,4,0
589,"8/08/99",1,1530251,2,2,5,"Aunt",4,2,0,0,4,0
454,"8/08/99",1,1530321,1,1,1,"Parents",2,0,2,2,0,0
455,"8/08/99",1,1530321,1,1,2,"Brother",4,4,3,3,1,4
456,"8/08/99",1,1530321,1,1,3,"Sister",4,0,2,4,0,0
457,"8/08/99",1,1530321,1,1,4,"Uncle",1,0,0,0,1,0
458,"8/08/99",1,1530321,2,2,1,"Parents",1,0,0,1,0,0
459,"8/08/99",1,1530321,2,2,2,"Brother",3,0,0,3,0,0
460,"8/08/99",1,1530321,2,2,3,"Sister",1,0,0,1,0,0
461,"8/08/99",1,1530321,2,2,4,"Uncle",2,0,0,0,2,0
462,"8/08/99",1,1530321,2,2,5,"Aunt",3,0,0,0,3,0
552,"8/08/99",1,1530341,1,1,3,"Sister",2,0,2,2,0,0
553,"8/08/99",1,1530341,1,1,4,"Uncle",2,0,1,1,1,0
554,"8/08/99",1,1530341,1,1,5,"Aunt",3,1,0,2,1,0
555,"8/08/99",1,1530341,4,2,1,"Parents",1,1,0,0,1,1
556,"8/08/99",1,1530341,4,2,2,"Brother",4,4,0,0,4,4
557,"8/08/99",1,1530341,4,2,3,"Sister",1,0,0,0,1,0
558,"8/08/99",1,1530341,4,2,4,"Uncle",3,3,0,0,3,0
559,"8/08/99",1,1530341,4,2,5,"Aunt",1,0,0,0,1,0
590,"8/08/99",1,1530351,1,1,1,"Parents",1,1,1,1,0,0
591,"8/08/99",1,1530351,1,1,2,"Brother",1,1,1,1,0,0
592,"8/08/99",1,1530351,1,1,3,"Sister",3,0,2,2,1,0
593,"8/08/99",1,1530351,1,1,4,"Uncle",1,1,1,1,0,0
594,"8/08/99",1,1530351,2,2,1,"Parents",1,0,0,0,1,1
595,"8/08/99",1,1530351,2,2,2,"Brother",9,9,0,0,9,4
596,"8/08/99",1,1530351,2,2,3,"Sister",1,0,0,0,1,0
597,"8/08/99",1,1530351,2,2,4,"Uncle",2,2,0,0,2,0
598,"8/08/99",1,1530351,2,2,5,"Aunt",5,0,2,2,3,0
560,"8/08/99",1,1530441,1,1,3,"Sister",1,0,0,1,0,0
561,"8/08/99",1,1530441,1,1,4,"Uncle",1,0,1,1,0,0
562,"8/08/99",1,1530441,3,2,1,"Parents",1,0,1,1,0,0
563,"8/08/99",1,1530441,3,2,3,"Sister",3,0,2,2,1,0
564,"8/08/99",1,1530441,3,2,5,"Aunt",1,0,0,1,0,0
599,"8/08/99",1,1530459,1,1,4,"Uncle",2,0,1,2,0,0
600,"8/08/99",1,1530459,1,1,5,"Aunt",2,0,0,0,2,0
601,"8/08/99",1,1530459,2,2,1,"Parents",1,1,0,1,0,1
602,"8/08/99",1,1530459,2,2,2,"Brother",5,0,0,5,0,0
603,"8/08/99",1,1530459,2,2,3,"Sister",6,6,0,1,5,0
604,"8/08/99",1,1530459,2,2,4,"Uncle",6,6,0,1,5,0
605,"8/08/99",1,1530459,2,2,5,"Aunt",4,0,0,0,4,0
463,"8/08/99",1,1530521,1,1,2,"Brother",1,0,1,1,0,0
464,"8/08/99",1,1530521,1,1,3,"Sister",2,0,2,2,0,0
465,"8/08/99",1,1530521,1,1,4,"Uncle",2,0,0,2,0,0
466,"8/08/99",1,1530521,1,1,6,"Son",1,0,0,0,1,0
467,"8/08/99",1,1530521,2,2,1,"Parents",2,2,0,2,0,0
468,"8/08/99",1,1530521,2,2,2,"Brother",1,1,0,1,0,0
469,"8/08/99",1,1530521,2,2,3,"Sister",3,0,0,2,1,0
470,"8/08/99",1,1530521,2,2,5,"Aunt",1,0,0,1,0,0
565,"8/08/99",1,1530541,1,1,1,"Parents",1,0,0,0,1,0
566,"8/08/99",1,1530541,1,1,2,"Brother",1,0,0,1,0,1
567,"8/08/99",1,1530541,1,1,4,"Uncle",4,2,2,2,0,2
568,"8/08/99",1,1530541,1,1,5,"Aunt",2,0,0,2,0,0
569,"8/08/99",1,1530541,4,2,1,"Parents",2,1,0,0,2,0
570,"8/08/99",1,1530541,4,2,2,"Brother",4,0,0,0,4,0
571,"8/08/99",1,1530541,4,2,3,"Sister",1,0,0,0,1,0
572,"8/08/99",1,1530541,4,2,4,"Uncle",3,0,0,0,3,0
573,"8/08/99",1,1530541,4,2,5,"Aunt",1,0,0,0,1,0
471,"8/08/99",1,1530621,1,1,1,"Parents",1,0,1,1,0,0
472,"8/08/99",1,1530621,1,1,2,"Brother",3,0,3,3,0,0
473,"8/08/99",1,1530621,1,1,4,"Uncle",2,2,1,1,0,0
474,"8/08/99",1,1530621,1,1,5,"Aunt",2,0,0,2,0,0
475,"8/08/99",1,1530621,2,2,1,"Parents",1,0,0,1,0,1
476,"8/08/99",1,1530621,2,2,2,"Brother",4,0,0,4,0,2
477,"8/08/99",1,1530621,2,2,3,"Sister",3,0,0,3,0,0
478,"8/08/99",1,1530621,2,2,4,"Uncle",2,0,0,2,0,0
479,"8/08/99",1,1530621,2,2,5,"Aunt",1,0,0,1,0,0
480,"8/08/99",1,1530821,1,1,2,"Brother",2,0,0,0,2,0
481,"8/08/99",1,1530821,1,1,3,"Sister",1,0,0,0,1,0
482,"8/08/99",1,1530821,1,1,4,"Uncle",2,0,2,2,0,0
483,"8/08/99",1,1530821,1,1,5,"Aunt",1,0,0,1,0,0
484,"8/08/99",1,1530821,3,2,1,"Parents",2,2,0,0,2,0
485,"8/08/99",1,1530821,3,2,2,"Brother",4,4,1,1,3,0
486,"8/08/99",1,1530821,3,2,3,"Sister",1,0,1,1,0,0
487,"8/08/99",1,1530821,3,2,4,"Uncle",4,0,2,2,0,0
488,"8/08/99",1,1530821,3,2,5,"Aunt",2,0,0,2,0,0
489,"8/08/99",1,1530921,1,1,1,"Parents",1,0,1,1,0,0
490,"8/08/99",1,1530921,1,1,2,"Brother",6,0,5,5,1,0
491,"8/08/99",1,1530921,1,1,4,"Uncle",5,1,1,1,4,0
492,"8/08/99",1,1530921,1,1,5,"Aunt",1,0,0,1,0,0
493,"8/08/99",1,1530921,2,2,1,"Parents",2,0,0,0,2,2
494,"8/08/99",1,1530921,2,2,2,"Brother",3,0,0,0,3,2
495,"8/08/99",1,1530921,2,2,3,"Sister",1,0,0,0,1,0
496,"8/08/99",1,1530921,2,2,4,"Uncle",4,0,0,0,4,0
497,"8/08/99",1,1530921,2,2,5,"Aunt",1,0,0,0,1,0
498,"8/08/99",1,1531021,1,1,1,"Parents",1,0,0,0,1,0
499,"8/08/99",1,1531021,1,1,2,"Brother",2,0,0,1,1,0
500,"8/08/99",1,1531021,1,1,3,"Sister",2,0,0,0,2,0
501,"8/08/99",1,1531021,1,1,4,"Uncle",2,0,0,2,0,0
502,"8/08/99",1,1531021,1,1,5,"Aunt",4,0,0,4,0,0
503,"8/08/99",1,1531021,1,1,7,"Daughter",1,0,0,1,0,0
504,"8/08/99",1,1531021,1,2,1,"Parents",2,2,1,1,0,2
505,"8/08/99",1,1531021,1,2,2,"Brother",1,0,1,1,0,1
506,"8/08/99",1,1531021,1,2,3,"Sister",2,0,2,2,0,0
507,"8/08/99",1,1531021,1,2,7,"Daughter",1,0,0,1,0,0
508,"8/08/99",1,1531121,1,1,3,"Sister",1,0,0,0,1,0
509,"8/08/99",1,1531121,1,1,6,"Son",5,0,4,4,0,5
510,"8/08/99",1,1531121,1,1,7,"Daughter",2,0,0,1,1,0
511,"8/08/99",1,1531121,2,2,2,"Brother",2,2,0,0,2,0
512,"8/08/99",1,1531121,2,2,6,"Son",5,0,4,4,0,5
513,"8/08/99",1,1531121,2,2,7,"Daughter",2,0,0,1,1,0
514,"8/08/99",1,1531122,1,1,1,"Parents",2,0,0,0,2,2
515,"8/08/99",1,1531122,1,1,2,"Brother",1,0,0,0,1,0
516,"8/08/99",1,1531122,1,1,3,"Sister",2,0,0,1,1,0
517,"8/08/99",1,1531122,1,1,4,"Uncle",4,2,0,2,2,2
518,"8/08/99",1,1531122,1,1,5,"Aunt",3,0,0,3,0,1
519,"8/08/99",1,1531122,2,2,1,"Parents",2,0,2,2,0,0
520,"8/08/99",1,1531122,2,2,2,"Brother",5,0,4,4,0,0
521,"8/08/99",1,1531122,2,2,3,"Sister",2,0,0,1,1,0
522,"8/08/99",1,1531122,2,2,4,"Uncle",2,0,0,0,2,0
523,"8/08/99",1,1531122,2,2,5,"Aunt",1,0,0,0,1,0
524,"8/08/99",1,1531221,1,1,2,"Brother",1,1,1,1,0,0
525,"8/08/99",1,1531221,1,1,3,"Sister",6,5,2,4,0,4
526,"8/08/99",1,1531221,1,1,4,"Uncle",5,5,3,3,2,2
527,"8/08/99",1,1531221,1,1,5,"Aunt",3,0,0,1,2,0
528,"8/08/99",1,1531221,6,2,1,"Parents",2,2,0,2,0,2
529,"8/08/99",1,1531221,6,2,2,"Brother",3,0,0,3,0,0
530,"8/08/99",1,1531221,6,2,3,"Sister",2,0,0,1,1,0
531,"8/08/99",1,1531221,6,2,4,"Uncle",4,4,0,2,2,0
532,"8/08/99",1,1531221,6,2,5,"Aunt",2,0,0,2,0,0
888,"6/13/99",1,1610121,1,1,1,"Parents",2,0,0,0,2,0
889,"6/15/99",1,1610121,1,1,2,"Brother",3,1,0,0,3,0
890,"6/15/99",1,1610121,1,1,3,"Sister",2,0,0,0,2,0
891,"6/15/99",1,1610121,1,1,5,"Aunt",1,0,0,0,1,0
892,"6/15/99",1,1610121,2,2,1,"Parents",2,0,2,0,0,2
893,"6/15/99",1,1610121,2,2,2,"Brother",2,2,2,0,0,2
894,"6/15/99",1,1610121,2,2,3,"Sister",2,0,0,1,1,0
895,"6/15/99",1,1610121,2,2,4,"Uncle",1,0,0,1,0,0
1027,"6/15/99",1,1610141,1,1,1,"Parents",1,0,1,0,0,0
1028,"6/15/99",1,1610141,1,1,2,"Brother",6,0,0,6,0,0
1029,"6/15/99",1,1610141,1,1,3,"Sister",2,0,0,0,2,0
1030,"6/15/99",1,1610141,1,1,4,"Uncle",3,3,0,3,0,0
1031,"6/15/99",1,1610141,1,1,7,"Daughter",1,0,0,1,0,0
1032,"6/15/99",1,1610141,2,2,1,"Parents",2,1,2,0,0,0
1033,"6/15/99",1,1610141,2,2,2,"Brother",3,0,3,0,0,0
1034,"6/15/99",1,1610141,2,2,3,"Sister",2,0,0,2,0,0
1035,"6/15/99",1,1610141,2,2,4,"Uncle",1,1,1,0,0,0
1036,"6/15/99",1,1610141,2,2,5,"Aunt",3,0,0,3,0,0
1038,"6/15/99",1,1610141,2,2,7,"Daughter",1,0,0,1,0,0
1097,"6/15/99",1,1610151,1,1,6,"Son",3,3,1,0,2,0
1098,"6/15/99",1,1610151,1,1,7,"Daughter",5,0,1,3,1,0
1099,"6/15/99",1,1610151,2,2,2,"Brother",5,5,1,4,0,0
1100,"6/15/99",1,1610151,2,2,3,"Sister",2,0,0,2,0,0
1101,"6/15/99",1,1610151,2,2,6,"Son",3,3,1,0,2,0
1102,"6/15/99",1,1610151,2,2,7,"Daughter",5,0,1,3,1,0
896,"6/15/99",1,1610221,1,1,1,"Parents",2,0,2,0,0,0
897,"6/15/99",1,1610221,1,1,2,"Brother",3,0,3,0,0,0
898,"6/15/99",1,1610221,1,1,3,"Sister",4,0,2,0,2,0
899,"6/15/99",1,1610221,1,1,4,"Uncle",5,2,3,2,0,0
900,"6/15/99",1,1610221,1,1,5,"Aunt",4,0,1,3,0,0
901,"6/15/99",1,1610221,2,2,1,"Parents",1,0,0,1,0,1
902,"6/15/99",1,1610221,2,2,2,"Brother",1,0,0,1,0,1
903,"6/15/99",1,1610221,2,2,3,"Sister",1,0,0,1,0,0
904,"6/15/99",1,1610221,2,2,4,"Uncle",4,0,0,4,0,0
905,"6/15/99",1,1610221,2,2,5,"Aunt",4,0,0,4,0,0
1039,"6/15/99",1,1610241,1.79769313486232e+308,1,1,"Parents",1,1,1,0,0,0
1040,"6/15/99",1,1610241,1.79769313486232e+308,1,2,"Brother",4,4,4,0,0,0
1041,"6/15/99",1,1610241,1.79769313486232e+308,1,4,"Uncle",4,4,4,0,0,0
1042,"6/15/99",1,1610241,1.79769313486232e+308,1,5,"Aunt",5,0,4,1,0,0
1043,"6/15/99",1,1610241,1.79769313486232e+308,2,2,"Brother",2,0,0,2,0,0
1044,"6/15/99",1,1610241,1.79769313486232e+308,2,3,"Sister",1,0,0,1,0,0
1045,"6/15/99",1,1610241,1.79769313486232e+308,2,4,"Uncle",2,2,0,2,0,0
1046,"6/15/99",1,1610241,1.79769313486232e+308,2,5,"Aunt",2,0,0,1,1,0
1103,"6/15/99",1,1610251,1,1,1,"Parents",1,1,1,0,0,0
1104,"6/15/99",1,1610251,1,1,2,"Brother",1,1,1,0,0,0
1105,"6/15/99",1,1610251,1,1,3,"Sister",1,0,0,1,0,0
1106,"6/15/99",1,1610251,1,1,5,"Aunt",1,0,0,1,0,0
1107,"6/15/99",1,1610251,2,2,2,"Brother",2,0,0,0,2,0
1108,"6/15/99",1,1610251,2,2,3,"Sister",1,0,0,0,1,0
1109,"6/15/99",1,1610251,2,2,4,"Uncle",1,1,0,0,1,0
1110,"6/15/99",1,1610251,2,2,5,"Aunt",5,0,0,2,3,0
1111,"6/15/99",1,1610252,1,1,3,"Sister",1,0,0,1,0,0
1112,"6/15/99",1,1610252,1,1,4,"Uncle",6,6,0,6,0,0
1113,"6/15/99",1,1610252,1,1,5,"Aunt",4,0,1,3,0,0
1114,"6/15/99",1,1610252,2,2,1,"Parents",2,1,0,0,2,0
1115,"6/15/99",1,1610252,2,2,3,"Sister",1,0,0,0,1,0
1116,"6/15/99",1,1610252,2,2,4,"Uncle",7,7,0,0,7,0
1117,"6/15/99",1,1610252,2,2,5,"Aunt",6,0,0,0,6,0
1047,"6/15/99",1,1610341,1.79769313486232e+308,1,2,"Brother",1,0,1,0,0,1
1048,"6/15/99",1,1610341,1.79769313486232e+308,1,5,"Aunt",1,0,0,1,0,0
1049,"6/15/99",1,1610341,1.79769313486232e+308,1,6,"Son",2,0,1,0,1,1
1051,"6/15/99",1,1610341,1.79769313486232e+308,2,1,"Parents",1,0,0,1,0,1
1052,"6/15/99",1,1610341,1.79769313486232e+308,2,2,"Brother",2,2,0,2,0,2
1053,"6/15/99",1,1610341,1.79769313486232e+308,2,3,"Sister",2,0,1,1,0,0
1054,"6/15/99",1,1610341,1.79769313486232e+308,2,4,"Uncle",1,0,0,1,0,1
1055,"6/15/99",1,1610341,1.79769313486232e+308,2,5,"Aunt",3,0,0,3,0,0
1056,"6/15/99",1,1610342,1.79769313486232e+308,1,1,"Parents",1,0,1,0,0,0
1057,"6/15/99",1,1610342,1.79769313486232e+308,1,2,"Brother",2,0,1,0,1,0
1058,"6/15/99",1,1610342,1.79769313486232e+308,1,3,"Sister",1,0,0,1,0,0
1059,"6/15/99",1,1610342,1.79769313486232e+308,1,4,"Uncle",2,1,1,1,0,0
1060,"6/15/99",1,1610342,1.79769313486232e+308,1,5,"Aunt",1,0,0,1,0,0
1061,"6/15/99",1,1610342,1.79769313486232e+308,2,1,"Parents",2,0,0,2,0,1
1062,"6/15/99",1,1610342,1.79769313486232e+308,2,2,"Brother",2,0,0,2,0,0
1063,"6/15/99",1,1610342,1.79769313486232e+308,2,3,"Sister",4,0,0,4,0,0
1064,"6/15/99",1,1610342,1.79769313486232e+308,2,4,"Uncle",9,9,0,9,0,0
1065,"6/15/99",1,1610342,1.79769313486232e+308,2,5,"Aunt",7,0,0,7,0,0
1118,"6/15/99",1,1610351,1.79769313486232e+308,1,2,"Brother",5,2,5,0,0,0
1119,"6/15/99",1,1610351,1.79769313486232e+308,1,3,"Sister",2,0,0,2,0,0
1120,"6/15/99",1,1610351,1.79769313486232e+308,2,1,"Parents",1,1,1,0,0,0
1121,"6/15/99",1,1610351,1.79769313486232e+308,2,2,"Brother",4,4,4,0,0,0
1122,"6/15/99",1,1610351,1.79769313486232e+308,2,3,"Sister",1,0,0,0,1,0
1123,"6/15/99",1,1610351,1.79769313486232e+308,2,5,"Aunt",1,0,0,1,0,0
906,"6/15/99",1,1610421,1,1,2,"Brother",1,0,1,0,0,0
907,"6/15/99",1,1610421,1,1,5,"Aunt",3,0,0,1,2,0
908,"6/15/99",1,1610421,2,2,1,"Parents",1,0,0,0,1,0
909,"6/15/99",1,1610421,2,2,4,"Uncle",3,2,0,0,3,0
910,"6/15/99",1,1610421,2,2,5,"Aunt",5,0,1,0,4,0
1066,"6/15/99",1,1610441,1,1,1,"Parents",2,0,2,0,0,0
1067,"6/15/99",1,1610441,1,1,2,"Brother",4,0,4,0,0,0
1068,"6/15/99",1,1610441,1,1,3,"Sister",2,0,1,1,0,0
1069,"6/15/99",1,1610441,1,1,4,"Uncle",2,1,1,1,0,0
1070,"6/15/99",1,1610441,1,1,5,"Aunt",2,0,0,2,0,0
1071,"6/15/99",1,1610441,2,2,1,"Parents",2,0,0,2,0,2
1072,"6/15/99",1,1610441,2,2,2,"Brother",3,0,0,3,0,3
1073,"6/15/99",1,1610441,2,2,3,"Sister",3,0,0,3,0,0
1074,"6/15/99",1,1610441,2,2,4,"Uncle",9,7,0,9,0,0
1075,"6/15/99",1,1610441,2,2,5,"Aunt",3,0,0,3,0,0
1124,"6/15/99",1,1610459,1,1,1,"Parents",1,0,1,0,0,1
1125,"6/15/99",1,1610459,1,1,2,"Brother",2,0,2,0,0,0
1126,"6/15/99",1,1610459,1,1,3,"Sister",1,0,1,0,0,0
1127,"6/15/99",1,1610459,1,1,4,"Uncle",1,0,1,0,0,0
1128,"6/15/99",1,1610459,1,1,5,"Aunt",1,0,1,0,0,0
1129,"6/15/99",1,1610459,2,2,1,"Parents",1,0,1,0,0,0
1130,"6/15/99",1,1610459,2,2,2,"Brother",4,4,4,0,0,0
1131,"6/15/99",1,1610459,2,2,3,"Sister",2,0,0,2,0,0
1132,"6/15/99",1,1610459,2,2,4,"Uncle",1,1,1,0,0,0
1133,"6/15/99",1,1610459,2,2,5,"Aunt",2,0,0,2,0,0
911,"6/15/99",1,1610521,1,1,2,"Brother",3,3,3,0,0,0
912,"6/15/99",1,1610521,1,1,3,"Sister",3,0,3,0,0,0
1076,"6/15/99",1,1610541,1,1,2,"Brother",3,0,3,0,0,0
1077,"6/15/99",1,1610541,1,1,3,"Sister",1,0,0,1,0,0
1078,"6/15/99",1,1610541,1,1,4,"Uncle",3,0,1,2,0,0
1079,"6/15/99",1,1610541,1,1,5,"Aunt",2,0,1,1,0,0
1080,"6/15/99",1,1610541,1,1,6,"Son",1,0,1,0,0,0
1081,"6/15/99",1,1610541,1,1,7,"Daughter",1,0,0,0,1,0
1082,"6/15/99",1,1610541,2,2,1,"Parents",1,1,1,0,0,0
1083,"6/15/99",1,1610541,2,2,2,"Brother",4,4,4,0,0,0
1084,"6/15/99",1,1610541,2,2,3,"Sister",1,1,0,1,0,0
1085,"6/15/99",1,1610541,2,2,6,"Son",1,0,1,0,0,0
1086,"6/15/99",1,1610541,2,2,7,"Daughter",1,0,0,0,1,0
1087,"6/15/99",1,1610542,1,1,1,"Parents",2,0,2,0,0,0
1088,"6/15/99",1,1610542,1,1,2,"Brother",3,0,3,0,0,0
1089,"6/15/99",1,1610542,1,1,3,"Sister",2,0,1,0,1,0
1090,"6/15/99",1,1610542,1,1,4,"Uncle",7,0,7,0,0,0
1091,"6/15/99",1,1610542,1,1,5,"Aunt",2,0,0,2,0,0
1092,"6/15/99",1,1610542,2,2,1,"Parents",2,1,0,2,0,0
1093,"6/15/99",1,1610542,2,2,2,"Brother",2,0,0,2,0,0
1094,"6/15/99",1,1610542,2,2,3,"Sister",1,0,0,1,0,0
1095,"6/15/99",1,1610542,2,2,4,"Uncle",7,5,0,7,0,0
1096,"6/15/99",1,1610542,2,2,5,"Aunt",6,0,0,6,0,0
913,"6/15/99",1,1610621,1,1,1,"Parents",1,0,1,0,0,0
914,"6/15/99",1,1610621,1,1,2,"Brother",3,0,3,0,0,0
915,"6/15/99",1,1610621,1,1,3,"Sister",1,0,0,0,1,0
916,"6/15/99",1,1610621,1,1,4,"Uncle",3,0,3,0,0,0
917,"6/15/99",1,1610621,1,1,5,"Aunt",5,0,0,0,5,0
918,"6/15/99",1,1610621,2,2,2,"Brother",2,0,0,0,2,0
919,"6/15/99",1,1610621,2,2,3,"Sister",1,0,0,0,1,0
920,"6/15/99",1,1610621,2,2,4,"Uncle",4,0,0,0,4,0
921,"6/15/99",1,1610721,2,1,1,"Parents",1,0,1,0,0,0
922,"6/15/99",1,1610721,2,1,2,"Brother",4,0,3,1,0,0
923,"6/15/99",1,1610721,2,1,3,"Sister",2,0,2,0,0,0
924,"6/15/99",1,1610721,2,1,4,"Uncle",4,0,0,4,0,0
925,"6/15/99",1,1610721,2,1,5,"Aunt",1,0,1,0,0,0
926,"6/15/99",1,1610721,2,1,6,"Son",1,0,1,0,0,0
927,"6/15/99",1,1610722,1,1,1,"Parents",1,0,1,0,0,0
928,"6/15/99",1,1610722,1,1,2,"Brother",4,0,3,1,0,0
929,"6/15/99",1,1610722,1,1,3,"Sister",2,0,2,0,0,0
930,"6/15/99",1,1610722,1,1,4,"Uncle",4,0,1,3,0,0
931,"6/15/99",1,1610722,1,1,5,"Aunt",2,0,1,1,0,0
932,"6/15/99",1,1610821,1,1,2,"Brother",1,0,1,0,0,0
933,"6/15/99",1,1610821,1,1,3,"Sister",2,0,1,1,0,0
934,"6/15/99",1,1610821,1,1,4,"Uncle",2,2,0,2,0,0
935,"6/15/99",1,1610821,1,1,6,"Son",1,0,1,0,0,0
936,"6/15/99",1,1610821,1,2,1,"Parents",2,1,0,2,0,0
937,"6/15/99",1,1610821,1,2,2,"Brother",5,0,0,5,0,0
938,"6/15/99",1,1610821,1,2,3,"Sister",4,0,0,3,1,0
939,"6/15/99",1,1610821,1,2,4,"Uncle",1,0,0,1,0,0
940,"6/15/99",1,1610821,1,2,6,"Son",1,0,1,0,0,0
941,"6/15/99",1,1610822,1,1,1,"Parents",2,0,2,0,0,0
942,"6/15/99",1,1610822,1,1,2,"Brother",2,0,2,0,0,0
943,"6/15/99",1,1610822,1,1,3,"Sister",1,0,1,0,0,0
944,"6/15/99",1,1610822,1,1,4,"Uncle",8,4,3,5,0,0
945,"6/15/99",1,1610822,1,1,5,"Aunt",5,0,0,5,0,0
946,"6/15/99",1,1610822,2,2,1,"Parents",2,1,0,2,0,0
947,"6/15/99",1,1610822,2,2,2,"Brother",4,0,0,4,0,0
948,"6/15/99",1,1610822,2,2,3,"Sister",3,0,0,3,0,0
949,"6/15/99",1,1610822,2,2,4,"Uncle",5,4,0,5,0,0
950,"6/15/99",1,1610822,2,2,5,"Aunt",4,0,0,4,0,0
951,"6/15/99",1,1610921,2,1,2,"Brother",4,1,0,4,0,0
952,"6/15/99",1,1610921,2,1,6,"Son",5,0,3,2,0,0
953,"6/15/99",1,1610921,2,1,7,"Daughter",3,0,2,0,1,0
954,"6/15/99",1,1610922,1,1,1,"Parents",1,0,1,0,0,0
955,"6/15/99",1,1610922,1,1,2,"Brother",5,0,5,0,0,0
956,"6/15/99",1,1610922,1,1,3,"Sister",4,0,2,2,0,0
957,"6/15/99",1,1610922,1,1,4,"Uncle",3,0,0,2,1,0
958,"6/15/99",1,1610922,1,1,5,"Aunt",2,0,0,2,0,0
959,"6/15/99",1,1610922,2,2,1,"Parents",1,0,0,1,0,0
960,"6/15/99",1,1610922,2,2,2,"Brother",2,0,0,2,0,0
961,"6/15/99",1,1610922,2,2,3,"Sister",2,0,1,1,0,0
962,"6/15/99",1,1610922,2,2,4,"Uncle",3,0,0,3,0,0
963,"6/15/99",1,1610922,2,2,5,"Aunt",3,0,0,3,0,0
964,"6/15/99",1,1610923,1,1,1,"Parents",1,0,1,0,0,0
965,"6/15/99",1,1610923,1,1,2,"Brother",5,0,5,0,0,0
966,"6/15/99",1,1610923,1,1,3,"Sister",4,0,2,0,2,0
967,"6/15/99",1,1610923,1,1,4,"Uncle",7,1,3,4,0,0
968,"6/15/99",1,1610923,1,1,5,"Aunt",2,0,0,2,0,0
969,"6/15/99",1,1610923,2,2,1,"Parents",1,0,0,1,0,0
970,"6/15/99",1,1610923,2,2,2,"Brother",2,0,0,2,0,0
971,"6/15/99",1,1610923,2,2,3,"Sister",4,0,0,4,0,0
972,"6/15/99",1,1610923,2,2,4,"Uncle",1,0,0,1,0,0
973,"6/15/99",1,1610923,2,2,5,"Aunt",1,0,0,1,0,0
974,"6/15/99",1,1610924,1,1,1,"Parents",1,0,1,0,0,0
975,"6/15/99",1,1610924,1,1,2,"Brother",5,0,5,0,0,0
976,"6/15/99",1,1610924,1,1,3,"Sister",4,0,2,0,2,0
977,"6/15/99",1,1610924,1,1,4,"Uncle",8,1,3,5,0,0
978,"6/15/99",1,1610924,1,1,5,"Aunt",2,0,0,2,0,0
979,"6/15/99",1,1610924,2,2,1,"Parents",2,0,0,2,0,1
980,"6/15/99",1,1610924,2,2,2,"Brother",2,0,0,2,0,0
981,"6/15/99",1,1610924,2,2,3,"Sister",2,0,0,2,0,0
982,"6/15/99",1,1610924,2,2,4,"Uncle",4,0,0,4,0,0
983,"6/15/99",1,1610924,2,2,5,"Aunt",2,0,0,2,0,0
984,"6/15/99",1,1611021,1,1,2,"Brother",1,1,1,0,0,0
985,"6/15/99",1,1611021,1,1,3,"Sister",3,0,1,2,0,0
986,"6/15/99",1,1611021,1,1,4,"Uncle",1,0,1,0,0,0
987,"6/15/99",1,1611021,1,1,6,"Son",3,0,2,1,0,0
988,"6/15/99",1,1611021,1,1,7,"Daughter",2,0,1,1,0,0
989,"6/15/99",1,1611021,2,2,2,"Brother",2,0,0,2,0,0
990,"6/15/99",1,1611021,2,2,6,"Son",3,0,2,1,0,0
991,"6/15/99",1,1611021,2,2,7,"Daughter",2,0,1,1,0,0
992,"6/15/99",1,1611022,1,1,1,"Parents",2,0,2,0,0,0
993,"6/15/99",1,1611022,1,1,2,"Brother",2,0,2,0,0,0
994,"6/15/99",1,1611022,1,1,3,"Sister",2,0,1,1,0,0
995,"6/15/99",1,1611022,1,1,4,"Uncle",3,1,1,2,0,0
996,"6/15/99",1,1611022,1,1,5,"Aunt",3,0,0,3,0,0
997,"6/15/99",1,1611022,2,2,1,"Parents",2,0,0,2,0,0
998,"6/15/99",1,1611022,2,2,2,"Brother",3,0,0,3,0,0
999,"6/15/99",1,1611022,2,2,3,"Sister",1,0,0,1,0,0
1000,"6/15/99",1,1611022,2,2,4,"Uncle",7,1,0,7,0,0
1001,"6/15/99",1,1611022,2,2,5,"Aunt",8,0,0,8,0,0
1002,"6/15/99",1,1611121,1,1,2,"Brother",1,1,1,0,0,0
1003,"6/15/99",1,1611121,1,1,3,"Sister",2,0,1,1,0,0
1004,"6/15/99",1,1611121,1,1,7,"Daughter",4,0,1,1,2,0
1005,"6/15/99",1,1611121,2,2,1,"Parents",2,1,2,0,0,0
1006,"6/15/99",1,1611121,2,2,2,"Brother",3,3,3,0,0,0
1007,"6/15/99",1,1611121,2,2,3,"Sister",4,0,1,3,0,0
1008,"6/15/99",1,1611121,2,2,4,"Uncle",6,6,1,5,0,0
1009,"6/15/99",1,1611121,2,2,5,"Aunt",2,0,0,2,0,0
1010,"6/15/99",1,1611121,2,2,7,"Daughter",4,0,1,1,2,0
1011,"6/15/99",1,1611221,1,1,1,"Parents",1,0,1,0,0,0
1012,"6/15/99",1,1611221,1,1,2,"Brother",3,0,3,0,0,0
1013,"6/15/99",1,1611221,1,1,3,"Sister",1,0,0,1,0,0
1014,"6/15/99",1,1611221,1,1,4,"Uncle",3,0,1,2,0,0
1015,"6/15/99",1,1611221,1,1,5,"Aunt",2,0,1,1,0,0
1018,"6/15/99",1,1611221,2,2,1,"Parents",2,0,0,2,0,0
1019,"6/15/99",1,1611221,2,2,2,"Brother",3,0,0,3,0,0
1020,"6/15/99",1,1611221,2,2,3,"Sister",4,0,0,2,2,0
1021,"6/15/99",1,1611221,2,2,4,"Uncle",3,0,0,3,0,0
1022,"6/15/99",1,1611221,2,2,5,"Aunt",6,0,2,4,0,0
1023,"6/15/99",1,1611222,1,1,2,"Brother",2,0,0,2,0,0
1024,"6/15/99",1,1611222,1,1,3,"Sister",2,0,0,2,0,0
1025,"6/15/99",1,1611222,1,1,6,"Son",4,0,4,0,0,0
1026,"6/15/99",1,1611222,1,1,7,"Daughter",1,0,0,1,0,0
152,"8/02/99",1,1620121,1,1,1,"Parents",1,0,1,1,0,0
153,"8/03/99",1,1620121,1,1,2,"Brother",2,0,2,2,0,0
154,"8/03/99",1,1620121,1,1,3,"Sister",2,0,1,2,0,0
155,"8/03/99",1,1620121,1,1,4,"Uncle",5,2,4,5,0,0
156,"8/03/99",1,1620121,1,1,5,"Aunt",2,0,1,2,0,0
157,"8/03/99",1,1620121,1,2,1,"Parents",1,1,1,1,0,0
158,"8/03/99",1,1620121,1,2,2,"Brother",2,2,2,2,0,0
159,"8/03/99",1,1620121,1,2,3,"Sister",1,0,0,1,0,0
160,"8/03/99",1,1620121,1,2,5,"Aunt",1,0,0,1,0,0
268,"8/03/99",1,1620141,1,1,1,"Parents",2,0,2,2,0,0
269,"8/03/99",1,1620141,1,1,2,"Brother",1,0,1,1,0,0
270,"8/03/99",1,1620141,1,1,3,"Sister",1,0,0,1,0,1
271,"8/03/99",1,1620141,1,1,4,"Uncle",1,0,1,1,0,0
272,"8/03/99",1,1620141,1,1,5,"Aunt",1,0,0,1,0,0
273,"8/03/99",1,1620141,1,1,7,"Daughter",1,0,0,1,0,0
274,"8/03/99",1,1620141,1,2,2,"Brother",2,0,0,2,0,0
275,"8/03/99",1,1620141,1,2,3,"Sister",1,0,0,1,0,0
276,"8/03/99",1,1620141,1,2,4,"Uncle",3,0,0,3,0,0
277,"8/03/99",1,1620141,1,2,7,"Daughter",1,0,0,1,0,0
306,"8/03/99",1,1620151,1,1,2,"Brother",1,0,1,1,0,0
307,"8/03/99",1,1620151,1,1,3,"Sister",1,0,0,1,0,0
308,"8/03/99",1,1620151,2,2,1,"Parents",1,0,1,1,0,0
309,"8/03/99",1,1620151,2,2,2,"Brother",3,3,3,3,0,0
310,"8/03/99",1,1620151,2,2,4,"Uncle",2,2,0,2,0,0
311,"8/03/99",1,1620151,2,2,5,"Aunt",1,0,0,0,1,0
161,"8/03/99",1,1620221,1,1,1,"Parents",2,0,2,2,0,0
162,"8/03/99",1,1620221,1,1,2,"Brother",4,0,1,1,3,0
163,"8/03/99",1,1620221,1,1,3,"Sister",2,0,0,2,0,0
164,"8/03/99",1,1620221,1,1,4,"Uncle",3,0,1,3,0,0
165,"8/03/99",1,1620221,1,1,5,"Aunt",2,0,0,2,0,0
166,"8/03/99",1,1620221,1,2,1,"Parents",1,0,0,1,0,0
167,"8/03/99",1,1620221,1,2,2,"Brother",1,0,0,1,0,0
168,"8/03/99",1,1620221,1,2,3,"Sister",4,0,0,1,3,0
169,"8/03/99",1,1620221,1,2,4,"Uncle",4,3,0,4,0,0
278,"8/03/99",1,1620241,1,1,2,"Brother",1,0,1,1,0,0
279,"8/03/99",1,1620241,1,1,3,"Sister",1,0,0,1,0,0
280,"8/03/99",1,1620241,1,1,6,"Son",3,1,3,3,0,1
281,"8/03/99",1,1620241,1,1,7,"Daughter",3,0,2,2,1,0
312,"8/03/99",1,1620251,1,1,2,"Brother",2,2,2,2,0,0
313,"8/03/99",1,1620251,1,1,7,"Daughter",1,1,0,0,1,0
314,"8/03/99",1,1620251,2,2,1,"Parents",1,1,1,1,0,0
315,"8/03/99",1,1620251,2,2,2,"Brother",2,2,2,2,0,0
316,"8/03/99",1,1620251,2,2,3,"Sister",2,0,0,1,1,0
317,"8/03/99",1,1620251,2,2,4,"Uncle",1,0,0,1,0,0
318,"8/03/99",1,1620251,2,2,5,"Aunt",1,0,0,1,0,0
319,"8/03/99",1,1620251,2,2,7,"Daughter",1,0,0,0,1,0
170,"8/03/99",1,1620321,1,1,1,"Parents",2,1,1,2,0,0
171,"8/03/99",1,1620321,1,1,2,"Brother",4,0,3,4,0,0
172,"8/03/99",1,1620321,1,1,3,"Sister",4,0,1,4,0,0
173,"8/03/99",1,1620321,1,1,4,"Uncle",4,3,1,4,0,0
174,"8/03/99",1,1620321,2,2,1,"Parents",1,1,1,1,0,1
175,"8/03/99",1,1620321,2,2,2,"Brother",2,2,2,2,0,2
176,"8/03/99",1,1620321,2,2,3,"Sister",1,0,0,1,0,0
177,"8/03/99",1,1620321,2,2,5,"Aunt",1,0,0,0,1,0
286,"8/03/99",1,1620341,1,1,2,"Brother",4,0,3,3,1,0
287,"8/03/99",1,1620341,1,1,3,"Sister",1,0,0,1,0,0
288,"8/03/99",1,1620341,1,1,5,"Aunt",3,0,0,2,1,0
289,"8/03/99",1,1620341,2,2,3,"Sister",1,0,0,1,0,0
320,"8/03/99",1,1620351,1,1,2,"Brother",2,2,2,2,0,0
321,"8/03/99",1,1620351,1,1,3,"Sister",1,0,0,1,0,0
322,"8/03/99",1,1620351,2,2,1,"Parents",2,1,0,0,2,0
323,"8/03/99",1,1620351,2,2,2,"Brother",2,2,0,0,2,0
324,"8/03/99",1,1620351,2,2,3,"Sister",2,0,0,0,2,0
325,"8/03/99",1,1620351,2,2,4,"Uncle",1,1,0,0,1,0
290,"8/03/99",1,1620441,1,1,2,"Brother",1,0,1,1,0,0
291,"8/03/99",1,1620441,1,1,6,"Son",1,0,1,1,0,0
292,"8/03/99",1,1620441,1,1,7,"Daughter",1,0,0,1,0,0
293,"8/03/99",1,1620441,2,2,1,"Parents",1,0,0,1,0,0
294,"8/03/99",1,1620441,2,2,3,"Sister",1,0,0,1,0,0
295,"8/03/99",1,1620441,2,2,6,"Son",1,0,1,1,0,0
296,"8/03/99",1,1620441,2,2,7,"Daughter",1,0,0,1,0,0
326,"8/03/99",1,1620459,1,1,3,"Sister",1,0,0,1,0,0
327,"8/03/99",1,1620459,1,1,4,"Uncle",2,0,2,2,0,0
328,"8/03/99",1,1620459,1,1,6,"Son",1,0,1,1,0,0
329,"8/03/99",1,1620459,1,1,7,"Daughter",1,0,0,1,0,1
330,"8/03/99",1,1620459,2,2,2,"Brother",2,0,0,2,0,0
331,"8/03/99",1,1620459,2,2,3,"Sister",4,0,0,4,0,0
332,"8/03/99",1,1620459,2,2,4,"Uncle",1,0,0,1,0,0
333,"8/03/99",1,1620459,2,2,6,"Son",1,0,1,1,0,0
334,"8/03/99",1,1620459,2,2,7,"Daughter",1,0,0,1,0,0
178,"8/03/99",1,1620521,1,1,1,"Parents",1,1,1,1,0,0
179,"8/03/99",1,1620521,1,1,2,"Brother",4,4,4,4,0,0
180,"8/03/99",1,1620521,1,1,3,"Sister",1,0,0,1,0,0
181,"8/03/99",1,1620521,1,1,5,"Aunt",3,0,0,3,0,0
182,"8/03/99",1,1620521,2,2,1,"Parents",2,1,0,2,0,0
183,"8/03/99",1,1620521,2,2,2,"Brother",2,2,0,2,0,0
184,"8/03/99",1,1620521,2,2,3,"Sister",4,0,0,3,1,0
185,"8/03/99",1,1620521,2,2,4,"Uncle",3,3,0,0,3,0
186,"8/03/99",1,1620521,2,2,5,"Aunt",6,0,0,2,4,0
187,"8/03/99",1,1620522,1,1,1,"Parents",1,1,1,1,0,0
188,"8/03/99",1,1620522,1,1,2,"Brother",4,4,4,4,0,0
189,"8/03/99",1,1620522,1,1,3,"Sister",1,0,0,1,0,0
190,"8/03/99",1,1620522,1,1,5,"Aunt",3,0,0,3,0,0
191,"8/03/99",1,1620522,2,2,1,"Parents",2,1,0,0,2,0
192,"8/03/99",1,1620522,2,2,2,"Brother",1,0,0,0,1,0
193,"8/03/99",1,1620522,2,2,3,"Sister",4,0,0,1,3,0
194,"8/03/99",1,1620522,2,2,4,"Uncle",4,0,0,0,4,0
195,"8/03/99",1,1620522,2,2,5,"Aunt",3,0,0,0,3,0
297,"8/03/99",1,1620541,1,1,1,"Parents",2,0,2,2,0,0
298,"8/03/99",1,1620541,1,1,2,"Brother",2,0,1,2,0,0
299,"8/03/99",1,1620541,1,1,3,"Sister",4,0,1,4,0,0
300,"8/03/99",1,1620541,1,1,4,"Uncle",3,3,3,3,0,0
301,"8/03/99",1,1620541,2,2,1,"Parents",1,0,0,1,0,0
302,"8/03/99",1,1620541,2,2,2,"Brother",2,0,0,2,0,0
303,"8/03/99",1,1620541,2,2,3,"Sister",2,0,1,2,0,0
304,"8/03/99",1,1620541,2,2,4,"Uncle",4,0,0,4,0,0
305,"8/03/99",1,1620541,2,2,5,"Aunt",3,0,0,3,0,0
196,"8/03/99",1,1620721,1,1,1,"Parents",1,0,1,1,0,0
197,"8/03/99",1,1620721,1,1,2,"Brother",5,0,5,5,0,0
198,"8/03/99",1,1620721,1,1,3,"Sister",2,0,1,2,0,0
199,"8/03/99",1,1620721,1,1,4,"Uncle",1,0,1,1,0,0
200,"8/03/99",1,1620721,1,1,5,"Aunt",1,0,0,1,0,0
201,"8/03/99",1,1620721,2,2,2,"Brother",2,2,0,2,0,0
202,"8/03/99",1,1620721,2,2,3,"Sister",2,0,0,2,0,0
203,"8/03/99",1,1620721,2,2,4,"Uncle",3,3,0,0,3,0
204,"8/03/99",1,1620721,2,2,5,"Aunt",1,0,0,0,1,0
205,"8/03/99",1,1620821,1,1,2,"Brother",1,0,1,1,0,0
206,"8/03/99",1,1620821,1,1,7,"Daughter",1,0,0,1,0,0
207,"8/03/99",1,1620821,2,2,3,"Sister",1,0,0,1,0,1
208,"8/03/99",1,1620821,2,2,4,"Uncle",1,0,0,1,0,1
209,"8/03/99",1,1620821,2,2,7,"Daughter",1,0,0,1,0,0
210,"8/03/99",1,1620921,1,1,3,"Sister",1,0,0,1,0,0
211,"8/03/99",1,1620921,1,2,1,"Parents",2,0,0,2,0,0
212,"8/03/99",1,1620921,1,2,2,"Brother",2,0,0,1,1,0
213,"8/03/99",1,1620921,1,2,3,"Sister",3,0,0,3,0,0
214,"8/03/99",1,1620921,1,2,4,"Uncle",1,0,0,1,0,0
215,"8/03/99",1,1620922,1,1,1,"Parents",2,0,2,2,0,0
216,"8/03/99",1,1620922,1,1,3,"Sister",2,0,1,2,0,0
217,"8/03/99",1,1620922,1,1,4,"Uncle",2,0,0,1,1,0
218,"8/03/99",1,1620922,1,2,1,"Parents",1,0,0,1,0,0
219,"8/03/99",1,1620922,1,2,2,"Brother",2,2,0,2,0,0
220,"8/03/99",1,1620922,1,2,3,"Sister",2,0,0,2,0,0
221,"8/03/99",1,1620922,1,2,5,"Aunt",3,0,0,3,0,0
222,"8/03/99",1,1621021,1,1,1,"Parents",1,0,1,1,0,0
223,"8/03/99",1,1621021,1,1,2,"Brother",3,0,0,0,3,0
224,"8/03/99",1,1621021,1,1,3,"Sister",2,0,1,1,1,0
225,"8/03/99",1,1621021,1,1,4,"Uncle",2,1,1,1,1,0
226,"8/03/99",1,1621021,1,1,5,"Aunt",2,2,0,2,0,0
227,"8/03/99",1,1621021,2,2,1,"Parents",1,0,1,1,0,0
228,"8/03/99",1,1621021,2,2,2,"Brother",1,0,1,1,0,0
229,"8/03/99",1,1621021,2,2,3,"Sister",2,0,1,2,0,0
230,"8/03/99",1,1621021,2,2,4,"Uncle",6,0,3,5,1,0
231,"8/03/99",1,1621021,2,2,5,"Aunt",6,0,2,6,0,0
232,"8/03/99",1,1621121,1,1,2,"Brother",1,1,1,1,0,0
233,"8/03/99",1,1621121,2,2,1,"Parents",1,1,0,1,0,0
234,"8/03/99",1,1621121,2,2,2,"Brother",3,0,0,3,0,0
235,"8/03/99",1,1621121,2,2,3,"Sister",4,0,0,3,1,0
236,"8/03/99",1,1621121,2,2,4,"Uncle",3,3,0,3,0,0
237,"8/03/99",1,1621121,2,2,5,"Aunt",5,0,0,5,0,0
238,"8/03/99",1,1621122,1,1,1,"Parents",2,0,2,2,0,0
239,"8/03/99",1,1621122,1,1,3,"Sister",1,0,1,1,0,0
240,"8/03/99",1,1621122,2,2,1,"Parents",1,1,0,1,0,0
241,"8/03/99",1,1621122,2,2,2,"Brother",1,0,0,1,0,0
242,"8/03/99",1,1621122,2,2,3,"Sister",2,0,0,2,0,0
243,"8/03/99",1,1621122,2,2,4,"Uncle",1,0,0,1,0,0
244,"8/03/99",1,1621122,2,2,5,"Aunt",2,0,0,2,0,0
245,"8/03/99",1,1621221,1,1,2,"Brother",3,1,2,3,0,0
246,"8/03/99",1,1621221,1,1,3,"Sister",1,0,1,1,0,0
247,"8/03/99",1,1621221,2,2,4,"Uncle",3,0,0,3,0,0
248,"8/03/99",1,1621222,1,1,1,"Parents",2,0,2,2,0,0
249,"8/03/99",1,1621222,1,1,2,"Brother",4,0,4,4,0,0
250,"8/03/99",1,1621222,1,1,3,"Sister",2,0,1,1,1,0
251,"8/03/99",1,1621222,1,1,4,"Uncle",3,1,2,3,0,0
252,"8/03/99",1,1621222,1,1,5,"Aunt",1,0,0,1,0,0
253,"8/03/99",1,1621222,2,2,1,"Parents",2,0,2,2,0,0
254,"8/03/99",1,1621222,2,2,2,"Brother",1,0,0,1,0,0
255,"8/03/99",1,1621222,2,2,3,"Sister",1,0,0,1,0,0
256,"8/03/99",1,1621222,2,2,4,"Uncle",4,3,2,4,0,0
257,"8/03/99",1,1621222,2,2,5,"Aunt",4,0,0,4,0,0
258,"8/03/99",1,1621223,1,1,1,"Parents",2,0,2,2,0,0
259,"8/03/99",1,1621223,1,1,2,"Brother",3,0,3,3,0,0
260,"8/03/99",1,1621223,1,1,3,"Sister",2,0,1,1,1,0
261,"8/03/99",1,1621223,1,1,4,"Uncle",3,3,2,3,0,0
262,"8/03/99",1,1621223,1,1,5,"Aunt",1,0,0,1,0,0
263,"8/03/99",1,1621223,2,2,1,"Parents",2,1,0,2,0,0
264,"8/03/99",1,1621223,2,2,2,"Brother",3,0,0,3,0,0
265,"8/03/99",1,1621223,2,2,3,"Sister",1,0,0,1,0,0
266,"8/03/99",1,1621223,2,2,4,"Uncle",1,1,0,1,0,0
267,"8/03/99",1,1621223,2,2,5,"Aunt",1,0,0,1,0,0
380,"5/28/99",1,1630121,1,1,1,"Parents",1,0,1,0,0,0
381,"6/03/99",1,1630121,1,1,2,"Brother",2,0,2,0,0,0
382,"6/03/99",1,1630121,1,1,3,"Sister",2,1,0,2,0,0
383,"6/03/99",1,1630121,1,1,7,"Daughter",1,0,1,0,0,0
384,"6/03/99",1,1630121,2,2,1,"Parents",2,1,0,2,0,1
385,"6/03/99",1,1630121,2,2,2,"Brother",1,0,0,1,0,0
386,"6/03/99",1,1630121,2,2,3,"Sister",5,0,0,5,0,0
387,"6/03/99",1,1630121,2,2,4,"Uncle",3,0,0,3,0,0
388,"6/03/99",1,1630121,2,2,5,"Aunt",1,0,0,1,0,0
389,"6/03/99",1,1630121,2,2,7,"Daughter",1,0,1,0,0,0
500,"6/03/99",1,1630141,1,1,1,"Parents",1,0,1,0,0,0
501,"6/03/99",1,1630141,1,1,2,"Brother",2,0,2,0,0,0
502,"6/03/99",1,1630141,1,1,3,"Sister",5,0,1,4,0,0
503,"6/03/99",1,1630141,1,1,4,"Uncle",6,0,1,5,0,0
504,"6/03/99",1,1630141,3,2,1,"Parents",2,0,0,2,0,0
505,"6/03/99",1,1630141,3,2,2,"Brother",3,0,0,3,0,0
506,"6/03/99",1,1630141,3,2,3,"Sister",6,0,0,6,0,0
507,"6/03/99",1,1630141,3,2,4,"Uncle",4,4,0,4,0,0
508,"6/03/99",1,1630141,3,2,5,"Aunt",4,4,0,4,0,0
509,"6/03/99",1,1630142,1,1,6,"Son",3,0,3,0,0,0
510,"6/03/99",1,1630142,1,1,7,"Daughter",5,0,1,4,0,0
542,"6/03/99",1,1630151,1,1,2,"Brother",1,1,1,0,0,1
543,"6/03/99",1,1630151,1,1,3,"Sister",1,1,0,1,0,0
544,"6/03/99",1,1630151,1,1,4,"Uncle",3,3,1,2,0,1
545,"6/03/99",1,1630151,1,1,5,"Aunt",1,1,0,1,0,0
546,"6/03/99",1,1630151,1,1,7,"Daughter",2,0,0,2,0,0
547,"6/03/99",1,1630151,2,2,2,"Brother",5,5,0,5,0,3
548,"6/03/99",1,1630151,2,2,3,"Sister",3,3,0,3,0,1
549,"6/03/99",1,1630151,2,2,4,"Uncle",2,2,0,2,0,0
550,"6/03/99",1,1630151,2,2,5,"Aunt",2,2,0,2,0,0
551,"6/03/99",1,1630151,2,2,7,"Daughter",2,0,0,2,0,0
390,"6/03/99",1,1630221,1,1,1,"Parents",1,0,1,1,0,0
391,"6/03/99",1,1630221,1,1,3,"Sister",3,0,2,1,0,1
392,"6/03/99",1,1630221,1,1,4,"Uncle",1,1,0,0,0,0
393,"6/03/99",1,1630221,2,2,1,"Parents",2,1,0,2,0,0
394,"6/03/99",1,1630221,2,2,2,"Brother",3,3,0,3,0,0
395,"6/03/99",1,1630221,2,2,3,"Sister",2,2,0,2,0,0
511,"6/03/99",1,1630241,1,1,3,"Sister",1,0,0,1,0,0
552,"6/03/99",1,1630251,1,1,2,"Brother",2,2,2,0,0,0
553,"6/03/99",1,1630251,1,1,3,"Sister",4,4,2,2,0,0
554,"6/03/99",1,1630251,1,1,4,"Uncle",1,1,0,1,0,0
555,"6/03/99",1,1630251,1,1,5,"Aunt",5,5,2,3,0,0
556,"6/03/99",1,1630251,2,2,1,"Parents",1,0,0,0,1,0
557,"6/03/99",1,1630251,2,2,2,"Brother",2,2,0,0,2,0
558,"6/03/99",1,1630251,2,2,3,"Sister",2,2,0,2,0,0
559,"6/03/99",1,1630251,2,2,4,"Uncle",3,2,0,0,3,0
560,"6/03/99",1,1630251,2,2,5,"Aunt",3,3,0,0,3,0
397,"6/03/99",1,1630321,1,1,1,"Parents",1,0,1,0,0,0
398,"6/03/99",1,1630321,1,1,2,"Brother",3,1,3,0,0,0
399,"6/03/99",1,1630321,1,1,4,"Uncle",1,0,1,0,0,0
400,"6/03/99",1,1630321,1,1,7,"Daughter",2,0,0,2,0,0
401,"6/03/99",1,1630321,2,2,1,"Parents",2,0,0,2,0,0
402,"6/03/99",1,1630321,2,2,2,"Brother",1,0,0,1,0,0
403,"6/03/99",1,1630321,2,2,3,"Sister",2,0,0,2,0,0
404,"6/03/99",1,1630321,2,2,4,"Uncle",1,0,0,1,0,0
405,"6/03/99",1,1630321,2,2,5,"Aunt",2,0,0,2,0,0
406,"6/03/99",1,1630321,2,2,7,"Daughter",2,0,0,2,0,0
512,"6/03/99",1,1630341,1,1,1,"Parents",1,0,1,0,0,0
513,"6/03/99",1,1630341,1,1,3,"Sister",1,0,1,0,0,0
514,"6/03/99",1,1630341,1,1,6,"Son",2,0,2,0,0,0
515,"6/03/99",1,1630341,1,1,7,"Daughter",1,0,0,0,1,0
516,"6/03/99",1,1630341,2,2,1,"Parents",1,0,0,1,0,0
517,"6/03/99",1,1630341,2,2,2,"Brother",3,0,0,3,0,0
518,"6/03/99",1,1630341,2,2,3,"Sister",2,0,0,2,0,0
519,"6/03/99",1,1630341,2,2,4,"Uncle",2,0,0,2,0,0
520,"6/03/99",1,1630341,2,2,6,"Son",2,0,2,0,0,0
521,"6/03/99",1,1630341,2,2,7,"Daughter",1,0,0,0,1,0
561,"6/03/99",1,1630351,1,1,2,"Brother",2,2,2,0,0,0
562,"6/03/99",1,1630351,1,1,3,"Sister",4,4,2,2,0,0
563,"6/03/99",1,1630351,1,1,4,"Uncle",1,1,0,1,0,0
564,"6/03/99",1,1630351,1,1,5,"Aunt",3,3,0,3,0,0
565,"6/03/99",1,1630351,2,2,1,"Parents",2,1,0,2,0,0
566,"6/03/99",1,1630351,2,2,2,"Brother",3,0,0,3,0,0
567,"6/03/99",1,1630351,2,2,3,"Sister",1,0,0,1,0,0
568,"6/03/99",1,1630351,2,2,4,"Uncle",5,5,0,5,0,0
569,"6/03/99",1,1630351,2,2,5,"Aunt",3,3,0,3,0,0
407,"6/03/99",1,1630421,1,1,1,"Parents",1,0,1,0,0,0
408,"6/03/99",1,1630421,1,1,3,"Sister",1,0,0,1,0,1
409,"6/03/99",1,1630421,1,1,4,"Uncle",3,0,0,3,0,0
410,"6/03/99",1,1630421,1,1,5,"Aunt",2,0,0,2,0,0
411,"6/03/99",1,1630421,2,2,1,"Parents",2,0,0,2,0,1
412,"6/03/99",1,1630421,2,2,2,"Brother",2,1,0,2,0,0
413,"6/03/99",1,1630421,2,2,3,"Sister",2,0,0,2,0,0
414,"6/03/99",1,1630421,2,2,4,"Uncle",9,7,0,9,0,0
415,"6/03/99",1,1630421,2,2,5,"Aunt",6,0,0,6,0,0
522,"6/03/99",1,1630441,1,1,2,"Brother",1,0,1,0,0,0
523,"6/03/99",1,1630441,1,1,3,"Sister",2,0,0,2,0,0
524,"6/03/99",1,1630441,1,1,4,"Uncle",1,0,1,0,0,0
525,"6/03/99",1,1630441,2,2,1,"Parents",1,0,0,1,0,0
526,"6/03/99",1,1630441,2,2,2,"Brother",2,0,0,2,0,0
527,"6/03/99",1,1630441,2,2,3,"Sister",3,0,0,3,0,0
528,"6/03/99",1,1630441,2,2,4,"Uncle",2,0,0,2,0,0
529,"6/03/99",1,1630441,2,2,5,"Aunt",1,0,0,1,0,0
570,"6/03/99",1,1630459,1,1,2,"Brother",2,0,2,0,0,0
571,"6/03/99",1,1630459,1,1,3,"Sister",2,1,0,2,0,0
572,"6/03/99",1,1630459,1,1,4,"Uncle",1,0,1,0,0,0
573,"6/03/99",1,1630459,1,1,5,"Aunt",2,0,0,2,0,0
574,"6/03/99",1,1630459,1,1,6,"Son",2,0,2,0,0,0
575,"6/03/99",1,1630459,1,1,7,"Daughter",1,1,0,1,0,0
576,"6/03/99",1,1630459,2,2,2,"Brother",4,4,4,0,0,0
577,"6/03/99",1,1630459,2,2,3,"Sister",3,2,0,3,0,0
578,"6/03/99",1,1630459,2,2,4,"Uncle",1,0,1,0,0,0
579,"6/03/99",1,1630459,2,2,5,"Aunt",2,0,0,2,0,0
580,"6/03/99",1,1630459,2,2,6,"Son",2,0,2,0,0,0
581,"6/03/99",1,1630459,2,2,7,"Daughter",1,1,0,1,0,0
416,"6/03/99",1,1630521,1,1,1,"Parents",1,0,1,0,0,0
417,"6/03/99",1,1630521,1,1,2,"Brother",2,1,2,0,0,0
418,"6/03/99",1,1630521,1,1,5,"Aunt",2,1,1,1,0,0
419,"6/03/99",1,1630521,2,2,1,"Parents",1,0,0,1,0,0
420,"6/03/99",1,1630521,2,2,2,"Brother",4,0,0,4,0,1
421,"6/03/99",1,1630521,2,2,3,"Sister",5,0,0,5,0,0
422,"6/03/99",1,1630521,2,2,4,"Uncle",1,1,0,1,0,0
530,"6/03/99",1,1630541,1,1,1,"Parents",2,1,2,0,0,0
531,"6/03/99",1,1630541,1,1,2,"Brother",2,0,2,0,0,0
532,"6/03/99",1,1630541,1,1,3,"Sister",2,2,0,2,0,0
533,"6/03/99",1,1630541,1,1,4,"Uncle",11,8,5,6,0,0
534,"6/03/99",1,1630541,1,1,5,"Aunt",8,8,0,8,0,0
535,"6/03/99",1,1630541,1,1,7,"Daughter",1,0,1,0,0,0
536,"6/03/99",1,1630541,2,2,1,"Parents",2,1,0,2,0,0
537,"6/03/99",1,1630541,2,2,2,"Brother",5,0,0,5,0,0
538,"6/03/99",1,1630541,2,2,3,"Sister",3,2,0,3,0,0
539,"6/03/99",1,1630541,2,2,4,"Uncle",5,3,0,5,0,0
540,"6/03/99",1,1630541,2,2,5,"Aunt",5,2,0,5,0,0
541,"6/03/99",1,1630541,2,2,7,"Daughter",1,0,1,0,0,0
423,"6/03/99",1,1630621,1,1,1,"Parents",1,0,1,0,0,0
424,"6/03/99",1,1630621,1,1,2,"Brother",2,0,2,0,0,1
425,"6/03/99",1,1630621,2,2,1,"Parents",2,0,0,2,0,0
426,"6/03/99",1,1630621,2,2,2,"Brother",1,0,0,1,0,0
427,"6/03/99",1,1630621,2,2,3,"Sister",5,1,0,5,0,0
428,"6/03/99",1,1630621,2,2,4,"Uncle",2,1,0,2,0,0
429,"6/03/99",1,1630621,2,2,5,"Aunt",1,0,0,1,0,0
430,"6/03/99",1,1630721,1,1,1,"Parents",1,0,1,0,0,0
431,"6/03/99",1,1630721,1,1,3,"Sister",2,0,1,1,0,0
432,"6/03/99",1,1630721,1,1,4,"Uncle",1,0,0,0,0,0
433,"6/03/99",1,1630721,2,2,1,"Parents",2,1,0,2,0,0
434,"6/03/99",1,1630721,2,2,2,"Brother",2,0,0,2,0,0
435,"6/03/99",1,1630721,2,2,3,"Sister",2,0,0,2,0,0
436,"6/03/99",1,1630821,1,1,1,"Parents",1,0,1,0,0,0
437,"6/03/99",1,1630821,1,1,2,"Brother",2,0,2,0,0,0
438,"6/03/99",1,1630821,1,1,5,"Aunt",2,0,0,2,0,0
439,"6/03/99",1,1630821,2,2,2,"Brother",4,0,0,4,0,0
440,"6/03/99",1,1630821,2,2,3,"Sister",4,0,0,4,0,0
441,"6/03/99",1,1630821,2,2,4,"Uncle",2,0,0,2,0,0
442,"6/03/99",1,1630821,2,2,5,"Aunt",1,0,0,1,0,0
443,"6/03/99",1,1630921,1,1,3,"Sister",2,0,0,2,0,0
444,"6/03/99",1,1630921,1,1,6,"Son",1,0,1,0,0,0
445,"6/03/99",1,1630921,1,1,7,"Daughter",1,0,0,1,0,0
446,"6/03/99",1,1630921,2,2,2,"Brother",2,0,0,2,0,0
447,"6/03/99",1,1630921,2,2,3,"Sister",1,0,0,1,0,0
448,"6/03/99",1,1630921,2,2,4,"Uncle",2,0,0,2,0,0
449,"6/03/99",1,1630921,2,2,5,"Aunt",1,0,0,1,0,0
450,"6/03/99",1,1630921,2,2,6,"Son",1,0,1,0,0,0
451,"6/03/99",1,1630921,2,2,7,"Daughter",1,0,0,1,0,0
452,"6/03/99",1,1630922,1,1,1,"Parents",2,0,2,0,0,0
453,"6/03/99",1,1630922,1,1,2,"Brother",1,0,1,0,0,0
454,"6/03/99",1,1630922,1,1,3,"Sister",2,0,1,0,0,0
455,"6/03/99",1,1630922,1,1,4,"Uncle",2,0,0,2,0,0
456,"6/03/99",1,1630922,1,1,5,"Aunt",2,0,0,2,0,0
457,"6/03/99",1,1630922,2,2,1,"Parents",2,0,0,2,0,0
458,"6/03/99",1,1630922,2,2,2,"Brother",2,0,0,2,0,0
459,"6/03/99",1,1630922,2,2,3,"Sister",1,0,0,1,0,0
460,"6/03/99",1,1630922,2,2,4,"Uncle",5,0,0,5,0,0
461,"6/03/99",1,1630922,2,2,5,"Aunt",5,0,0,5,0,0
462,"6/03/99",1,1631021,1,1,1,"Parents",2,0,2,0,0,0
463,"6/03/99",1,1631021,1,1,2,"Brother",4,1,4,0,0,0
464,"6/03/99",1,1631021,1,1,3,"Sister",1,0,1,0,0,0
465,"6/03/99",1,1631021,1,1,4,"Uncle",1,0,1,0,0,0
466,"6/03/99",1,1631021,2,2,1,"Parents",2,1,0,2,0,0
467,"6/03/99",1,1631021,2,2,2,"Brother",2,0,0,2,0,0
468,"6/03/99",1,1631021,2,2,3,"Sister",4,1,0,4,0,0
469,"6/03/99",1,1631021,2,2,4,"Uncle",2,2,0,2,0,0
470,"6/03/99",1,1631022,1,1,1,"Parents",2,0,2,0,0,0
471,"6/03/99",1,1631022,1,1,2,"Brother",1,0,1,0,0,0
472,"6/03/99",1,1631022,1,1,4,"Uncle",6,1,3,3,0,0
473,"6/03/99",1,1631022,1,1,5,"Aunt",5,0,1,4,0,0
474,"6/03/99",1,1631022,1,1,7,"Daughter",1,0,1,0,0,0
475,"6/03/99",1,1631022,2,2,1,"Parents",2,1,0,0,2,0
476,"6/03/99",1,1631022,2,2,2,"Brother",6,0,0,0,6,0
477,"6/03/99",1,1631022,2,2,3,"Sister",2,0,0,0,2,0
478,"6/03/99",1,1631022,2,2,4,"Uncle",3,3,0,0,3,0
479,"6/03/99",1,1631022,2,2,5,"Aunt",1,0,0,0,1,0
480,"6/03/99",1,1631121,1,1,1,"Parents",1,0,1,0,0,0
481,"6/03/99",1,1631121,1,1,2,"Brother",3,0,3,0,0,0
482,"6/03/99",1,1631121,1,1,3,"Sister",2,1,0,2,0,0
483,"6/03/99",1,1631121,1,1,4,"Uncle",2,0,2,0,0,0
484,"6/03/99",1,1631121,1,1,5,"Aunt",5,0,0,5,0,0
485,"6/03/99",1,1631121,2,2,1,"Parents",1,0,0,1,0,0
486,"6/03/99",1,1631121,2,2,2,"Brother",2,0,0,2,0,0
487,"6/03/99",1,1631121,2,2,3,"Sister",2,0,0,2,0,0
488,"6/03/99",1,1631121,2,2,4,"Uncle",3,1,0,3,0,0
489,"6/03/99",1,1631121,2,2,5,"Aunt",5,2,0,5,0,0
491,"6/03/99",1,1631221,1,1,1,"Parents",2,0,2,0,0,0
492,"6/03/99",1,1631221,1,1,2,"Brother",1,1,1,0,0,0
493,"6/03/99",1,1631221,1,1,3,"Sister",1,0,0,1,0,0
494,"6/03/99",1,1631221,1,1,4,"Uncle",2,1,2,0,0,0
495,"6/03/99",1,1631221,1,1,5,"Aunt",2,0,0,2,0,0
496,"6/03/99",1,1631221,2,2,1,"Parents",2,1,0,2,0,0
497,"6/03/99",1,1631221,2,2,2,"Brother",3,3,0,3,0,0
498,"6/03/99",1,1631221,2,2,3,"Sister",1,1,0,1,0,0
499,"6/03/99",1,1631221,2,2,5,"Aunt",3,3,0,3,0,0
1,"8/01/99",1,1710131,1,1,6,"Son",1,0,1,1,0,0
2,"8/01/99",1,1710131,1,2,2,"Brother",1,0,0,1,0,0
3,"8/01/99",1,1710132,1,1,1,"Parents",2,0,2,2,0,0
4,"8/01/99",1,1710132,1,1,2,"Brother",3,0,3,3,0,0
5,"8/01/99",1,1710132,1,1,3,"Sister",3,0,0,3,0,0
6,"8/01/99",1,1710132,1,2,1,"Parents",2,2,0,2,0,0
7,"8/01/99",1,1710132,1,2,2,"Brother",3,0,0,3,0,0
8,"8/01/99",1,1710132,1,2,3,"Sister",2,0,0,2,0,0
10,"8/01/99",1,1710132,1,2,4,"Uncle",4,4,0,4,0,0
11,"8/01/99",1,1710132,1,2,5,"Aunt",2,2,0,2,0,0
94,"8/02/99",1,1710241,1,1,2,"Brother",2,0,2,2,0,0
95,"8/02/99",1,1710241,1,1,3,"Sister",2,0,0,2,0,0
96,"8/02/99",1,1710241,1,2,1,"Parents",1,0,0,0,1,0
97,"8/02/99",1,1710241,1,2,2,"Brother",3,0,0,0,3,0
98,"8/02/99",1,1710241,1,2,3,"Sister",4,0,0,0,4,0
136,"8/02/99",1,1710251,1,1,1,"Parents",1,1,1,1,0,0
137,"8/02/99",1,1710251,1,1,2,"Brother",3,3,3,3,0,0
138,"8/02/99",1,1710251,1,1,3,"Sister",4,4,4,4,0,0
139,"8/02/99",1,1710251,1,1,4,"Uncle",1,1,1,1,0,0
140,"8/02/99",1,1710251,1,2,2,"Brother",3,3,0,3,0,0
141,"8/02/99",1,1710251,1,2,3,"Sister",1,1,0,1,0,0
99,"8/02/99",1,1710341,1,1,1,"Parents",1,0,1,1,0,0
100,"8/02/99",1,1710341,1,1,2,"Brother",1,0,1,1,0,1
101,"8/02/99",1,1710341,1,1,3,"Sister",1,0,0,1,0,0
102,"8/02/99",1,1710341,1,1,4,"Uncle",4,4,0,4,0,0
103,"8/02/99",1,1710341,1,2,1,"Parents",1,0,0,1,0,0
104,"8/02/99",1,1710341,1,2,2,"Brother",4,2,0,4,0,1
105,"8/02/99",1,1710341,1,2,3,"Sister",2,0,0,2,0,0
142,"8/02/99",1,1710351,1,1,2,"Brother",1,1,1,1,0,0
143,"8/02/99",1,1710351,1,2,1,"Parents",1,0,1,1,0,0
144,"8/02/99",1,1710351,1,2,2,"Brother",4,0,4,4,0,0
145,"8/02/99",1,1710351,1,2,3,"Sister",5,0,0,5,0,0
146,"8/02/99",1,1710351,1,2,4,"Uncle",1,1,1,1,0,0
12,"8/01/99",1,1710431,2,1,2,"Brother",2,0,2,2,0,0
14,"8/01/99",1,1710431,2,2,3,"Sister",5,0,0,2,3,0
106,"8/02/99",1,1710441,1,1,2,"Brother",1,1,1,1,0,1
107,"8/02/99",1,1710441,1,1,3,"Sister",2,2,0,2,0,0
108,"8/02/99",1,1710441,1,2,1,"Parents",1,0,0,1,0,0
109,"8/02/99",1,1710441,1,2,2,"Brother",1,1,0,1,0,0
110,"8/02/99",1,1710441,1,2,3,"Sister",5,3,0,3,0,0
111,"8/02/99",1,1710441,1,2,4,"Uncle",4,4,0,4,0,0
112,"8/02/99",1,1710441,1,2,5,"Aunt",8,8,0,8,0,0
147,"8/02/99",1,1710459,3,1,2,"Brother",1,0,0,1,0,0
148,"8/02/99",1,1710459,3,1,3,"Sister",2,1,0,2,0,0
149,"8/02/99",1,1710459,3,1,6,"Son",1,0,0,0,1,1
150,"8/02/99",1,1710459,3,2,3,"Sister",1,1,0,1,0,0
151,"8/02/99",1,1710459,3,2,6,"Son",1,0,0,0,1,1
15,"8/01/99",1,1710531,1,1,2,"Brother",1,0,1,1,0,0
16,"8/01/99",1,1710531,1,1,3,"Sister",1,1,0,1,0,1
17,"8/01/99",1,1710531,1,1,4,"Uncle",3,1,1,1,0,0
18,"8/01/99",1,1710531,1,1,5,"Aunt",4,0,0,4,0,0
19,"8/01/99",1,1710531,1,2,1,"Parents",1,0,0,1,0,0
20,"8/01/99",1,1710531,1,2,2,"Brother",3,0,3,3,0,0
21,"8/01/99",1,1710531,1,2,3,"Sister",3,0,0,3,0,0
22,"8/01/99",1,1710531,1,2,4,"Uncle",2,1,0,2,0,0
23,"8/01/99",1,1710531,1,2,5,"Aunt",1,0,0,1,0,0
113,"8/02/99",1,1710541,1,1,1,"Parents",1,0,1,1,0,0
114,"8/02/99",1,1710541,1,1,2,"Brother",3,0,3,3,0,0
115,"8/02/99",1,1710541,1,1,3,"Sister",3,0,1,2,0,0
116,"8/02/99",1,1710541,1,1,4,"Uncle",4,2,4,4,0,1
117,"8/02/99",1,1710541,1,1,5,"Aunt",2,1,0,2,0,0
118,"8/02/99",1,1710541,1,2,1,"Parents",2,0,0,0,0,0
119,"8/02/99",1,1710541,1,2,2,"Brother",1,0,0,1,0,0
120,"8/02/99",1,1710541,1,2,3,"Sister",2,0,0,2,0,0
121,"8/02/99",1,1710541,1,2,4,"Uncle",2,2,0,2,0,0
122,"8/02/99",1,1710542,1,1,1,"Parents",1,0,1,1,0,0
123,"8/02/99",1,1710542,1,1,2,"Brother",3,0,3,3,0,1
124,"8/02/99",1,1710542,1,1,3,"Sister",3,2,0,0,3,0
125,"8/02/99",1,1710542,1,1,4,"Uncle",4,4,4,4,0,0
126,"8/02/99",1,1710542,1,2,1,"Parents",2,1,0,2,0,0
127,"8/02/99",1,1710542,1,2,2,"Brother",2,0,0,2,0,0
128,"8/02/99",1,1710542,1,2,3,"Sister",4,0,0,4,0,0
129,"8/02/99",1,1710542,1,2,4,"Uncle",6,6,0,6,0,0
130,"8/02/99",1,1710542,1,2,5,"Aunt",2,2,0,2,0,0
131,"8/02/99",1,1710543,1,1,1,"Parents",1,0,1,1,0,0
132,"8/02/99",1,1710543,1,1,2,"Brother",3,0,3,3,0,0
133,"8/02/99",1,1710543,1,1,3,"Sister",3,2,0,3,0,1
134,"8/02/99",1,1710543,1,1,4,"Uncle",4,4,4,4,0,0
135,"8/02/99",1,1710543,1,1,5,"Aunt",2,1,0,2,0,0
24,"8/01/99",1,1710731,1,2,1,"Parents",1,0,0,1,0,0
25,"8/01/99",1,1710731,1,2,2,"Brother",3,1,0,3,0,0
26,"8/01/99",1,1710731,1,2,3,"Sister",4,0,0,4,0,0
27,"8/01/99",1,1710831,1,1,6,"Son",1,0,0,0,0,1
28,"8/01/99",1,1710831,1,2,2,"Brother",1,1,0,0,1,1
29,"8/01/99",1,1710831,1,2,6,"Son",1,0,0,0,0,1
30,"8/01/99",1,1710931,1,1,3,"Sister",1,1,0,1,0,1
31,"8/01/99",1,1710931,1,2,2,"Brother",1,0,0,0,1,1
32,"8/01/99",1,1710932,1,1,1,"Parents",2,0,2,2,0,0
33,"8/01/99",1,1710932,1,1,2,"Brother",1,0,0,0,1,0
34,"8/01/99",1,1710932,1,1,4,"Uncle",1,1,0,0,1,0
35,"8/01/99",1,1710932,1,1,5,"Aunt",3,0,0,3,0,0
36,"8/01/99",1,1710932,1,2,1,"Parents",2,1,0,0,2,1
37,"8/01/99",1,1710932,1,2,2,"Brother",4,2,0,0,3,1
38,"8/01/99",1,1710932,1,2,3,"Sister",3,0,0,0,3,0
39,"8/01/99",1,1710932,1,2,4,"Uncle",1,0,0,0,1,0
40,"8/01/99",1,1710932,1,2,5,"Aunt",1,0,0,0,1,0
41,"8/01/99",1,1711031,1,2,3,"Sister",2,1,0,0,2,0
42,"8/01/99",1,1711031,1,2,5,"Aunt",1,0,0,1,0,0
43,"8/01/99",1,1711131,1,1,2,"Brother",2,0,1,2,0,0
44,"8/01/99",1,1711131,1,1,3,"Sister",4,2,0,4,0,0
45,"8/01/99",1,1711131,1,2,1,"Parents",1,1,0,1,0,0
46,"8/01/99",1,1711131,1,2,2,"Brother",4,0,0,4,0,0
47,"8/01/99",1,1711131,1,2,3,"Sister",2,0,0,2,0,0
48,"8/01/99",1,1711131,1,2,4,"Uncle",2,0,0,2,0,0
49,"8/01/99",1,1711131,1,2,5,"Aunt",1,0,0,1,0,0
50,"8/01/99",1,1711231,1,1,2,"Brother",2,0,2,2,0,0
51,"8/02/99",1,1711231,1,1,3,"Sister",6,0,0,6,0,0
52,"8/02/99",1,1711231,1,1,6,"Son",1,0,0,0,1,1
53,"8/02/99",1,1711231,1,2,2,"Brother",3,0,0,0,3,0
54,"8/02/99",1,1711231,1,2,3,"Sister",3,0,0,0,3,0
55,"8/02/99",1,1711231,1,2,6,"Son",1,0,0,0,1,1
56,"8/02/99",1,1711339,1,1,1,"Parents",1,0,1,1,0,0
57,"8/02/99",1,1711339,1,1,2,"Brother",2,0,2,2,0,0
58,"8/02/99",1,1711339,1,1,3,"Sister",9,3,0,5,4,0
59,"8/02/99",1,1711339,1,1,4,"Uncle",1,1,1,1,0,0
60,"8/02/99",1,1711339,1,2,1,"Parents",2,0,0,2,0,0
61,"8/02/99",1,1711339,1,2,2,"Brother",2,0,0,2,0,0
62,"8/02/99",1,1711339,1,2,3,"Sister",3,0,0,2,1,0
63,"8/02/99",1,1711439,1,1,3,"Sister",1,1,0,1,0,1
64,"8/02/99",1,1711439,1,2,2,"Brother",3,1,0,3,0,1
65,"8/02/99",1,1711439,1,2,3,"Sister",2,0,0,2,0,0
66,"8/02/99",1,1711439,1,2,4,"Uncle",5,1,0,5,0,0
67,"8/02/99",1,1711539,1,1,2,"Brother",1,0,1,1,0,0
68,"8/02/99",1,1711539,1,1,3,"Sister",3,0,0,3,0,0
69,"8/02/99",1,1711539,1,1,5,"Aunt",3,1,0,3,0,0
70,"8/02/99",1,1711539,1,2,1,"Parents",2,0,0,2,0,1
71,"8/02/99",1,1711539,1,2,2,"Brother",1,0,0,1,0,0
72,"8/02/99",1,1711539,1,2,3,"Sister",3,0,0,3,0,0
73,"8/02/99",1,1711639,2,1,2,"Brother",2,0,2,2,0,0
74,"8/02/99",1,1711639,2,1,3,"Sister",3,0,0,3,0,0
75,"8/02/99",1,1711639,2,1,4,"Uncle",2,1,0,2,0,0
76,"8/02/99",1,1711639,2,2,1,"Parents",2,0,2,2,0,0
77,"8/02/99",1,1711639,2,2,2,"Brother",3,0,3,3,0,1
78,"8/02/99",1,1711639,2,2,3,"Sister",2,0,0,2,0,0
79,"8/02/99",1,1711639,2,2,4,"Uncle",2,1,0,2,0,0
80,"8/02/99",1,1711639,2,2,5,"Aunt",1,0,0,1,0,0
81,"8/02/99",1,1711739,1,1,1,"Parents",1,0,1,1,0,0
82,"8/02/99",1,1711739,1,1,2,"Brother",3,0,2,2,0,0
83,"8/02/99",1,1711739,1,1,3,"Sister",4,1,0,0,1,1
84,"8/02/99",1,1711739,1,1,4,"Uncle",3,3,0,0,3,0
85,"8/02/99",1,1711739,1,2,1,"Parents",1,1,0,1,0,0
86,"8/02/99",1,1711739,1,2,2,"Brother",5,2,0,5,0,1
87,"8/02/99",1,1711739,1,2,3,"Sister",3,1,0,3,0,0
88,"8/02/99",1,1711739,1,2,4,"Uncle",2,0,0,2,0,0
89,"8/02/99",1,1711839,1,1,2,"Brother",1,0,1,1,0,0
90,"8/02/99",1,1711839,1,1,3,"Sister",1,0,0,1,0,0
91,"8/02/99",1,1711839,1,2,1,"Parents",1,0,1,1,0,0
92,"8/02/99",1,1711839,1,2,2,"Brother",1,0,1,1,0,0
93,"8/02/99",1,1711839,1,2,3,"Sister",5,0,1,5,0,0
828,"6/13/99",1,1720131,1,1,1,"Parents",1,0,1,1,0,0
829,"6/13/99",1,1720131,1,1,4,"Uncle",4,1,3,1,1,0
830,"6/13/99",1,1720131,1,1,5,"Aunt",1,0,0,1,0,1
934,"6/14/99",1,1720141,1,1,3,"Sister",5,5,0,5,0,5
935,"6/14/99",1,1720141,1,1,4,"Uncle",2,2,0,0,2,1
936,"6/14/99",1,1720141,1,1,5,"Aunt",3,3,0,1,2,0
937,"6/14/99",1,1720141,1,1,7,"Daughter",1,0,0,1,0,0
938,"6/14/99",1,1720141,1,2,1,"Parents",1,0,1,1,0,0
939,"6/14/99",1,1720141,1,2,2,"Brother",1,1,0,1,0,0
940,"6/14/99",1,1720141,1,2,3,"Sister",5,0,0,5,0,0
941,"6/14/99",1,1720141,1,2,4,"Uncle",2,2,0,2,0,0
942,"6/14/99",1,1720141,1,2,5,"Aunt",3,3,0,1,1,0
943,"6/14/99",1,1720141,1,2,7,"Daughter",1,0,0,1,0,0
967,"6/14/99",1,1720151,1,1,2,"Brother",1,1,1,1,0,1
968,"6/14/99",1,1720151,1,1,3,"Sister",2,1,1,1,0,0
969,"6/14/99",1,1720151,1,1,4,"Uncle",1,1,1,1,0,0
970,"6/14/99",1,1720151,1,2,1,"Parents",1,1,0,1,0,0
971,"6/14/99",1,1720151,1,2,2,"Brother",5,0,0,1,4,0
972,"6/14/99",1,1720151,1,2,3,"Sister",1,1,0,1,0,0
973,"6/14/99",1,1720151,1,2,4,"Uncle",3,0,0,3,0,0
974,"6/14/99",1,1720151,1,2,5,"Aunt",4,1,0,4,0,0
835,"6/14/99",1,1720231,1,1,2,"Brother",2,2,0,2,0,0
836,"6/14/99",1,1720231,1,1,3,"Sister",2,0,0,1,1,0
837,"6/14/99",1,1720231,1,1,4,"Uncle",1,0,0,1,0,0
838,"6/14/99",1,1720231,1,1,6,"Son",1,0,0,0,1,1
834,"6/14/99",1,1720231,1,2,1,"Parents",1,0,0,0,0,0
944,"6/14/99",1,1720241,2,1,2,"Brother",2,2,0,2,0,1
945,"6/14/99",1,1720241,2,1,3,"Sister",1,1,0,1,0,0
946,"6/14/99",1,1720241,2,2,3,"Sister",2,0,0,2,0,0
947,"6/14/99",1,1720241,2,2,4,"Uncle",2,2,1,1,0,0
975,"6/14/99",1,1720251,1,1,2,"Brother",2,0,0,0,2,1
976,"6/14/99",1,1720251,1,2,2,"Brother",4,4,0,4,0,0
977,"6/14/99",1,1720251,1,2,3,"Sister",3,3,0,3,0,0
841,"6/14/99",1,1720331,1,1,2,"Brother",3,0,3,0,0,0
840,"6/14/99",1,1720331,1,1,3,"Sister",3,0,3,3,0,0
842,"6/14/99",1,1720331,1,1,4,"Uncle",1,0,0,1,0,0
843,"6/14/99",1,1720331,1,1,5,"Aunt",1,0,0,1,0,0
948,"6/14/99",1,1720341,1,1,2,"Brother",2,0,2,2,0,0
949,"6/14/99",1,1720341,1,1,3,"Sister",1,0,1,1,0,0
950,"6/14/99",1,1720341,1,2,1,"Parents",1,1,0,1,0,0
951,"6/14/99",1,1720341,1,2,2,"Brother",3,1,3,3,0,0
952,"6/14/99",1,1720341,1,2,3,"Sister",1,0,1,1,0,0
953,"6/14/99",1,1720341,1,2,4,"Uncle",4,2,0,2,2,0
978,"6/14/99",1,1720351,1,1,3,"Sister",1,0,1,1,0,0
979,"6/14/99",1,1720351,1,2,1,"Parents",2,0,0,2,0,0
980,"6/14/99",1,1720351,1,2,3,"Sister",4,0,0,4,0,0
981,"6/14/99",1,1720351,1,2,4,"Uncle",4,0,0,4,0,0
982,"6/14/99",1,1720351,1,2,5,"Aunt",2,1,0,2,0,0
844,"6/14/99",1,1720431,1,1,1,"Parents",1,0,1,1,0,0
845,"6/14/99",1,1720431,1,1,2,"Brother",3,0,1,1,0,0
846,"6/14/99",1,1720431,1,1,3,"Sister",4,2,0,4,0,0
847,"6/14/99",1,1720431,1,1,4,"Uncle",4,0,0,4,0,0
848,"6/14/99",1,1720431,1,2,1,"Parents",2,2,0,2,0,1
849,"6/14/99",1,1720431,1,2,2,"Brother",2,0,0,2,0,1
850,"6/14/99",1,1720431,1,2,3,"Sister",4,4,0,2,0,0
954,"6/14/99",1,1720441,4,1,1,"Parents",1,0,1,1,0,0
955,"6/14/99",1,1720441,4,1,2,"Brother",2,2,2,2,0,0
956,"6/14/99",1,1720441,4,1,3,"Sister",2,2,0,2,0,0
957,"6/14/99",1,1720441,4,1,4,"Uncle",2,2,0,2,0,0
958,"6/14/99",1,1720441,4,2,1,"Parents",1,1,0,0,1,0
959,"6/14/99",1,1720441,4,2,2,"Brother",1,1,0,0,1,0
960,"6/14/99",1,1720441,4,2,3,"Sister",1,1,0,0,1,0
961,"6/14/99",1,1720441,4,2,4,"Uncle",3,3,0,0,3,0
962,"6/14/99",1,1720441,4,2,5,"Aunt",3,3,0,0,3,0
983,"6/14/99",1,1720459,1,1,2,"Brother",3,3,3,3,0,0
984,"6/14/99",1,1720459,1,1,3,"Sister",1,1,0,0,1,0
985,"6/14/99",1,1720459,1,1,4,"Uncle",2,2,0,0,2,0
986,"6/14/99",1,1720459,1,1,5,"Aunt",1,1,0,1,0,0
987,"6/14/99",1,1720459,1,1,6,"Son",2,0,2,2,0,0
988,"6/14/99",1,1720459,1,1,7,"Daughter",3,0,3,3,0,0
989,"6/14/99",1,1720459,1,2,1,"Parents",2,2,0,2,0,0
990,"6/14/99",1,1720459,1,2,2,"Brother",2,2,0,2,0,0
991,"6/14/99",1,1720459,1,2,3,"Sister",3,2,0,2,1,0
992,"6/14/99",1,1720459,1,2,4,"Uncle",1,1,0,1,0,0
993,"6/14/99",1,1720459,1,2,6,"Son",2,0,2,2,0,0
994,"6/14/99",1,1720459,1,2,7,"Daughter",3,0,3,3,0,0
851,"6/14/99",1,1720531,2,1,3,"Sister",1,0,1,1,0,0
852,"6/14/99",1,1720531,2,2,2,"Brother",1,0,0,1,0,1
853,"6/14/99",1,1720531,2,2,3,"Sister",3,1,0,3,0,3
854,"6/14/99",1,1720531,2,2,4,"Uncle",1,0,1,1,0,0
963,"6/14/99",1,1720541,1,1,1,"Parents",1,0,1,0,0,0
964,"6/14/99",1,1720541,1,1,2,"Brother",3,0,2,0,1,1
965,"6/14/99",1,1720541,1,1,4,"Uncle",5,5,0,5,0,0
966,"6/14/99",1,1720541,1,1,5,"Aunt",2,2,0,0,2,0
855,"6/14/99",1,1720631,1,1,2,"Brother",3,0,0,3,0,0
856,"6/14/99",1,1720631,1,1,3,"Sister",8,8,0,3,0,0
857,"6/14/99",1,1720631,1,1,4,"Uncle",1,0,0,1,0,0
858,"6/14/99",1,1720631,1,1,5,"Aunt",1,1,0,1,0,0
859,"6/14/99",1,1720631,1,2,1,"Parents",1,0,1,1,0,1
860,"6/14/99",1,1720631,1,2,3,"Sister",3,3,0,3,0,0
861,"6/14/99",1,1720631,1,2,5,"Aunt",3,3,0,2,1,0
862,"6/14/99",1,1720731,1,1,1,"Parents",1,0,1,1,0,0
863,"6/14/99",1,1720731,1,1,3,"Sister",4,3,0,4,0,0
864,"6/14/99",1,1720731,1,1,4,"Uncle",1,0,1,1,0,0
865,"6/14/99",1,1720731,1,1,5,"Aunt",3,2,0,0,1,0
866,"6/14/99",1,1720831,1,1,2,"Brother",1,0,1,1,0,0
867,"6/14/99",1,1720831,1,1,3,"Sister",2,2,0,1,0,0
868,"6/14/99",1,1720831,1,2,1,"Parents",1,1,0,1,0,0
869,"6/14/99",1,1720831,1,2,2,"Brother",4,4,0,4,0,4
870,"6/14/99",1,1720831,1,2,3,"Sister",1,0,0,0,0,0
871,"6/14/99",1,1720831,1,2,4,"Uncle",2,0,0,2,0,0
872,"6/14/99",1,1720931,3,1,2,"Brother",3,0,3,3,0,0
873,"6/14/99",1,1720931,3,1,4,"Uncle",3,0,3,3,0,0
874,"6/14/99",1,1720931,3,2,2,"Brother",3,3,0,3,0,2
875,"6/14/99",1,1720931,3,2,4,"Uncle",1,1,0,1,0,0
876,"6/14/99",1,1720931,3,2,5,"Aunt",1,1,0,1,0,0
877,"6/14/99",1,1721031,1,1,2,"Brother",1,0,1,1,0,0
878,"6/14/99",1,1721031,1,1,3,"Sister",2,2,0,2,0,0
879,"6/14/99",1,1721031,1,1,4,"Uncle",1,1,0,1,0,0
880,"6/14/99",1,1721031,1,1,5,"Aunt",3,2,1,2,0,0
881,"6/14/99",1,1721031,1,2,1,"Parents",1,1,0,1,0,0
882,"6/14/99",1,1721031,1,2,2,"Brother",1,1,0,1,0,0
883,"6/14/99",1,1721031,1,2,3,"Sister",3,0,0,1,0,0
884,"6/14/99",1,1721031,1,2,4,"Uncle",3,3,0,3,0,0
885,"6/14/99",1,1721131,4,1,2,"Brother",1,1,1,1,0,0
886,"6/14/99",1,1721131,4,1,3,"Sister",2,2,0,2,0,0
887,"6/14/99",1,1721131,4,1,6,"Son",1,0,0,0,1,1
888,"6/14/99",1,1721131,4,2,2,"Brother",2,0,2,2,0,0
889,"6/14/99",1,1721131,4,2,3,"Sister",1,0,0,1,0,0
890,"6/14/99",1,1721131,4,2,6,"Son",1,0,0,0,1,1
891,"6/14/99",1,1721339,1,1,1,"Parents",1,0,1,1,0,0
892,"6/14/99",1,1721339,1,1,3,"Sister",2,0,0,2,0,0
893,"6/14/99",1,1721339,1,1,4,"Uncle",1,0,1,1,0,0
894,"6/14/99",1,1721339,1,2,1,"Parents",1,0,0,1,0,0
895,"6/14/99",1,1721339,1,2,3,"Sister",2,0,0,2,0,0
896,"6/14/99",1,1721339,1,2,4,"Uncle",2,0,1,1,0,0
897,"6/14/99",1,1721339,1,2,5,"Aunt",3,3,0,3,0,0
898,"6/14/99",1,1721439,1,1,2,"Brother",1,0,1,1,0,0
899,"6/14/99",1,1721439,1,1,3,"Sister",1,1,0,1,0,0
900,"6/14/99",1,1721439,1,1,6,"Son",2,0,0,0,2,2
901,"6/14/99",1,1721439,1,1,7,"Daughter",2,0,2,2,0,0
902,"6/14/99",1,1721439,1,2,3,"Sister",2,2,0,2,0,0
903,"6/14/99",1,1721439,1,2,6,"Son",2,0,0,0,2,0
904,"6/14/99",1,1721439,1,2,7,"Daughter",2,0,2,2,0,0
905,"6/14/99",1,1721539,1,1,2,"Brother",1,0,1,1,0,0
906,"6/14/99",1,1721539,1,1,3,"Sister",1,0,0,1,0,0
907,"6/14/99",1,1721539,1,1,4,"Uncle",2,0,1,1,0,0
908,"6/14/99",1,1721539,1,1,7,"Daughter",2,0,2,2,0,0
909,"6/14/99",1,1721539,1,2,1,"Parents",2,1,0,2,0,1
910,"6/14/99",1,1721539,1,2,2,"Brother",1,0,0,1,0,0
912,"6/14/99",1,1721639,1,1,2,"Brother",5,0,5,5,0,0
913,"6/14/99",1,1721639,1,1,4,"Uncle",3,1,1,3,0,0
914,"6/14/99",1,1721639,1,2,2,"Brother",1,1,1,1,0,0
915,"6/14/99",1,1721639,1,2,3,"Sister",2,2,0,2,0,0
916,"6/14/99",1,1721639,1,2,4,"Uncle",1,0,0,1,0,0
917,"6/14/99",1,1721739,1,1,2,"Brother",3,3,3,3,0,0
918,"6/14/99",1,1721739,1,1,3,"Sister",1,1,0,1,0,0
919,"6/14/99",1,1721739,1,2,2,"Brother",5,5,0,5,0,0
920,"6/14/99",1,1721739,1,2,3,"Sister",2,2,0,2,0,0
921,"6/14/99",1,1721839,1,1,2,"Brother",4,0,0,0,0,0
922,"6/14/99",1,1721839,1,1,3,"Sister",2,0,1,1,0,0
923,"6/14/99",1,1721839,1,2,2,"Brother",1,1,0,1,0,0
924,"6/14/99",1,1721839,1,2,3,"Sister",1,0,0,0,0,0
925,"6/14/99",1,1721839,1,2,4,"Uncle",1,0,0,1,0,0
926,"6/14/99",1,1721939,1,1,1,"Parents",2,0,0,0,0,0
927,"6/14/99",1,1721939,1,1,2,"Brother",3,1,3,3,0,2
928,"6/14/99",1,1721939,1,1,3,"Sister",2,0,0,2,0,0
929,"6/14/99",1,1721939,1,2,1,"Parents",2,2,0,2,0,0
930,"6/14/99",1,1721939,1,2,2,"Brother",5,0,0,5,0,0
931,"6/14/99",1,1721939,1,2,3,"Sister",3,0,0,3,0,0
932,"6/14/99",1,1721939,1,2,4,"Uncle",2,0,0,0,0,0
933,"6/14/99",1,1721939,1,2,5,"Aunt",3,0,0,3,0,0
1532,"6/24/99",1,1730131,1,1,2,"Brother",4,1,3,4,0,1
1625,"6/30/99",1,1730141,1,1,2,"Brother",4,2,4,4,0,0
1.79769313486232e+308,"",1.79769313486232e+308,1730151,1.79769313486232e+308,1.79769313486232e+308,1.79769313486232e+308,"",1.79769313486232e+308,1.79769313486232e+308,1.79769313486232e+308,1.79769313486232e+308,1.79769313486232e+308,1.79769313486232e+308
1535,"6/30/99",1,1730231,1,1,1,"Parents",1,0,1,1,0,0
1536,"6/30/99",1,1730231,1,1,2,"Brother",2,0,2,2,0,0
1537,"6/30/99",1,1730231,1,1,3,"Sister",1,0,0,1,0,0
1538,"6/30/99",1,1730231,1,1,4,"Uncle",3,0,0,3,0,0
1539,"6/30/99",1,1730231,1,2,1,"Parents",1,0,0,1,0,0
1540,"6/30/99",1,1730231,1,2,2,"Brother",4,0,0,4,0,0
1541,"6/30/99",1,1730231,1,2,3,"Sister",3,0,0,3,0,0
1542,"6/30/99",1,1730231,1,2,4,"Uncle",2,2,0,2,0,0
1543,"6/30/99",1,1730232,1,1,1,"Parents",1,0,1,1,0,0
1544,"6/30/99",1,1730232,1,1,2,"Brother",3,1,3,3,0,0
1545,"6/30/99",1,1730232,1,1,3,"Sister",1,0,0,1,0,0
1546,"6/30/99",1,1730232,1,1,4,"Uncle",3,0,0,3,0,0
1547,"6/30/99",1,1730232,1,2,1,"Parents",1,0,1,1,0,0
1548,"6/30/99",1,1730232,1,2,2,"Brother",2,0,0,2,0,0
1549,"6/30/99",1,1730232,1,2,4,"Uncle",2,0,0,2,0,0
1550,"6/30/99",1,1730232,1,2,5,"Aunt",1,0,0,1,0,0
1551,"6/30/99",1,1730233,1,1,1,"Parents",1,0,1,1,0,0
1552,"6/30/99",1,1730233,1,1,2,"Brother",2,2,2,2,0,0
1553,"6/30/99",1,1730233,1,1,3,"Sister",1,1,0,1,0,1
1554,"6/30/99",1,1730233,1,1,4,"Uncle",4,0,0,4,0,0
1555,"6/30/99",1,1730233,1,2,1,"Parents",1,1,0,1,0,0
1556,"6/30/99",1,1730233,1,2,2,"Brother",4,0,0,4,0,0
1557,"6/30/99",1,1730233,1,2,3,"Sister",2,2,0,2,0,0
1558,"6/30/99",1,1730233,1,2,4,"Uncle",1,1,0,1,0,0
1626,"6/30/99",1,1730241,1,1,1,"Parents",2,1,2,2,0,1
1627,"6/30/99",1,1730241,1,1,2,"Brother",3,0,3,3,0,1
1628,"6/30/99",1,1730241,1,2,1,"Parents",1,1,0,1,0,0
1629,"6/30/99",1,1730241,1,2,2,"Brother",5,0,0,5,0,0
1630,"6/30/99",1,1730241,1,2,3,"Sister",2,0,0,2,0,0
1631,"6/30/99",1,1730241,1,2,4,"Uncle",1,1,0,1,0,1
1632,"6/30/99",1,1730241,1,2,5,"Aunt",1,0,0,1,0,0
1.79769313486232e+308,"",1.79769313486232e+308,1730331,1.79769313486232e+308,1.79769313486232e+308,1.79769313486232e+308,"",1.79769313486232e+308,1.79769313486232e+308,1.79769313486232e+308,1.79769313486232e+308,1.79769313486232e+308,1.79769313486232e+308
1633,"6/30/99",1,1730341,1,1,2,"Brother",1,0,0,0,0,0
1634,"6/30/99",1,1730341,1,1,3,"Sister",1,0,0,1,0,0
1635,"6/30/99",1,1730341,1,1,4,"Uncle",2,0,1,1,0,0
1636,"6/30/99",1,1730341,1,2,2,"Brother",4,0,0,4,0,0
1637,"6/30/99",1,1730341,1,2,3,"Sister",1,0,0,1,0,0
1638,"6/30/99",1,1730341,1,2,4,"Uncle",4,0,0,4,0,0
1560,"6/30/99",1,1730431,2,1,6,"Son",1,0,0,0,1,1
1561,"6/30/99",1,1730431,2,1,7,"Daughter",1,0,0,0,1,0
1562,"6/30/99",1,1730431,2,2,6,"Son",1,0,0,0,1,1
1563,"6/30/99",1,1730431,2,2,7,"Daughter",1,0,0,0,1,0
1664,"6/30/99",1,1730459,1,1,3,"Sister",4,0,1,1,3,0
1665,"6/30/99",1,1730459,1,2,3,"Sister",2,0,0,2,0,0
1564,"6/30/99",1,1730531,2,1,1,"Parents",2,0,2,2,0,0
1639,"6/30/99",1,1730541,1,1,2,"Brother",3,0,3,3,0,0
1640,"6/30/99",1,1730541,1,1,3,"Sister",3,0,0,3,0,0
1641,"6/30/99",1,1730541,1,2,1,"Parents",1,1,0,1,0,1
1642,"6/30/99",1,1730541,1,2,2,"Brother",3,3,0,3,0,1
1643,"6/30/99",1,1730541,1,2,3,"Sister",4,1,0,4,0,0
1644,"6/30/99",1,1730542,3,1,2,"Brother",3,2,2,0,0,1
1645,"6/30/99",1,1730542,3,1,3,"Sister",3,0,0,3,0,0
1646,"6/30/99",1,1730542,3,2,1,"Parents",2,0,0,0,0,0
1647,"6/30/99",1,1730542,3,2,2,"Brother",3,0,0,3,0,0
1648,"6/30/99",1,1730542,3,2,3,"Sister",2,2,0,2,0,0
1649,"6/30/99",1,1730542,3,2,4,"Uncle",5,3,0,5,0,0
1650,"6/30/99",1,1730543,2,1,2,"Brother",3,1,3,3,0,1
1651,"6/30/99",1,1730543,2,1,3,"Sister",3,0,1,2,0,0
1652,"6/30/99",1,1730543,2,1,4,"Uncle",1,1,0,1,0,0
1653,"6/30/99",1,1730543,2,2,1,"Parents",1,1,0,0,1,1
1654,"6/30/99",1,1730543,2,2,4,"Uncle",1,1,0,1,0,0
1655,"6/30/99",1,1730543,2,2,5,"Aunt",2,0,0,2,0,0
1656,"6/30/99",1,1730544,1,1,2,"Brother",3,0,2,2,0,1
1657,"6/30/99",1,1730544,1,1,3,"Sister",3,3,1,3,0,0
1658,"6/30/99",1,1730544,1,1,4,"Uncle",1,1,0,1,0,0
1659,"6/30/99",1,1730544,1,2,1,"Parents",2,0,0,2,0,0
1660,"6/30/99",1,1730544,1,2,2,"Brother",5,0,0,5,0,0
1661,"6/30/99",1,1730544,1,2,3,"Sister",3,0,0,3,0,0
1662,"6/30/99",1,1730544,1,2,4,"Uncle",2,0,0,2,0,0
1.79769313486232e+308,"",1.79769313486232e+308,1730631,1.79769313486232e+308,1.79769313486232e+308,1.79769313486232e+308,"",1.79769313486232e+308,1.79769313486232e+308,1.79769313486232e+308,1.79769313486232e+308,1.79769313486232e+308,1.79769313486232e+308
1566,"6/30/99",1,1730731,5,1,1,"Parents",1,0,1,1,0,0
1567,"6/30/99",1,1730731,5,1,2,"Brother",3,0,3,3,0,2
1568,"6/30/99",1,1730731,5,2,1,"Parents",2,1,0,0,0,0
1569,"6/30/99",1,1730731,5,2,2,"Brother",3,0,0,0,0,0
1570,"6/30/99",1,1730731,5,2,3,"Sister",1,0,0,0,0,0
1571,"6/30/99",1,1730931,1,1,2,"Brother",1,1,1,1,0,0
1572,"6/30/99",1,1730931,1,1,3,"Sister",1,0,0,1,0,0
1573,"6/30/99",1,1730931,1,2,1,"Parents",2,0,0,1,0,0
1574,"6/30/99",1,1730931,1,2,2,"Brother",3,0,0,1,0,0
1575,"6/30/99",1,1730931,1,2,3,"Sister",2,0,0,2,0,0
1576,"6/30/99",1,1730931,1,2,4,"Uncle",3,1,0,3,0,0
1578,"6/30/99",1,1731031,1,1,2,"Brother",1,1,1,1,0,0
1579,"6/30/99",1,1731031,1,1,3,"Sister",1,0,0,1,0,0
1580,"6/30/99",1,1731031,1,1,4,"Uncle",1,1,0,1,0,0
1581,"6/30/99",1,1731031,1,1,5,"Aunt",1,1,0,1,0,0
1582,"6/30/99",1,1731031,1,1,7,"Daughter",2,0,1,1,0,1
1583,"6/30/99",1,1731031,1,2,1,"Parents",2,1,0,2,0,0
1584,"6/30/99",1,1731031,1,2,2,"Brother",5,0,0,5,0,0
1585,"6/30/99",1,1731031,1,2,3,"Sister",1,1,0,1,0,0
1586,"6/30/99",1,1731031,1,2,4,"Uncle",1,0,0,1,0,0
1587,"6/30/99",1,1731031,1,2,5,"Aunt",1,1,0,1,0,0
1588,"6/30/99",1,1731031,1,2,7,"Daughter",2,0,1,1,0,1
1589,"6/30/99",1,1731131,3,1,2,"Brother",3,3,2,2,0,1
1590,"6/30/99",1,1731131,3,1,3,"Sister",3,2,1,2,0,0
1591,"6/30/99",1,1731131,3,1,4,"Uncle",1,1,0,1,0,0
1592,"6/30/99",1,1731131,3,1,5,"Aunt",4,4,0,4,0,0
1593,"6/30/99",1,1731131,3,2,1,"Parents",1,1,0,1,0,0
1594,"6/30/99",1,1731131,3,2,3,"Sister",2,1,0,2,0,0
1595,"6/30/99",1,1731131,3,2,4,"Uncle",4,2,0,4,0,0
1596,"6/30/99",1,1731131,3,2,5,"Aunt",6,3,0,3,0,0
1597,"6/30/99",1,1731231,1,1,1,"Parents",2,1,2,2,0,1
1598,"6/30/99",1,1731231,1,1,2,"Brother",2,0,2,2,0,0
1599,"6/30/99",1,1731231,1,1,3,"Sister",1,1,1,1,0,0
1600,"6/30/99",1,1731231,1,1,6,"Son",1,0,0,0,1,1
1601,"6/30/99",1,1731231,1,2,3,"Sister",1,1,0,1,0,1
1602,"6/30/99",1,1731231,1,2,6,"Son",1,0,0,0,1,1
1603,"6/30/99",1,1731339,1,1,2,"Brother",3,0,3,3,0,0
1604,"6/30/99",1,1731339,1,1,3,"Sister",3,1,0,2,0,0
1605,"6/30/99",1,1731339,1,1,4,"Uncle",1,0,0,1,0,0
1606,"6/30/99",1,1731339,1,2,1,"Parents",2,1,2,2,0,0
1607,"6/30/99",1,1731339,1,2,2,"Brother",4,0,4,4,0,0
1608,"6/30/99",1,1731339,1,2,3,"Sister",3,0,3,3,0,0
1609,"6/30/99",1,1731439,1,1,2,"Brother",3,2,3,3,0,0
1610,"6/30/99",1,1731439,1,1,3,"Sister",1,1,0,1,0,0
1611,"6/30/99",1,1731439,1,2,2,"Brother",2,0,0,2,0,0
1612,"6/30/99",1,1731439,1,2,3,"Sister",3,1,0,3,0,0
1613,"6/30/99",1,1731539,1,1,2,"Brother",3,2,3,3,0,1
1614,"6/30/99",1,1731539,1,1,3,"Sister",1,0,1,1,0,1
1615,"6/30/99",1,1731539,1,2,1,"Parents",2,0,0,2,0,0
1616,"6/30/99",1,1731539,1,2,2,"Brother",3,0,0,3,0,0
1617,"6/30/99",1,1731539,1,2,3,"Sister",3,2,0,2,0,0
1618,"6/30/99",1,1731539,1,2,4,"Uncle",2,2,0,2,0,0
1619,"6/30/99",1,1731539,1,2,5,"Aunt",4,1,0,4,0,0
1620,"6/30/99",1,1731639,1,1,1,"Parents",1,0,1,1,0,0
1621,"6/30/99",1,1731639,1,2,1,"Parents",2,0,0,2,0,0
1622,"6/30/99",1,1731639,1,2,2,"Brother",3,1,3,3,0,0
1623,"6/30/99",1,1731739,1,1,2,"Brother",1,1,1,1,0,1
1624,"6/30/99",1,1731739,1,1,3,"Sister",2,0,1,2,0,0
566,"9/23/95",1,1740139,1,1,1,"Parents",1,0,1,0,0,0
567,"9/23/95",1,1740139,1,1,2,"Brother",5,0,5,0,0,3
568,"9/23/95",1,1740139,1,2,1,"Parents",1,0,0,0,1,0
569,"9/23/95",1,1740139,1,2,2,"Brother",5,0,0,0,5,0
645,"9/23/95",1,1740149,1,1,1,"Parents",2,0,2,0,0,0
646,"9/23/95",1,1740149,1,1,2,"Brother",4,0,4,0,0,0
647,"9/23/95",1,1740149,1,1,3,"Sister",1,0,1,0,0,0
648,"9/23/95",1,1740149,1,1,5,"Aunt",1,0,1,0,0,0
649,"9/23/95",1,1740149,1,2,1,"Parents",2,0,0,2,0,0
650,"9/23/95",1,1740149,1,2,2,"Brother",3,0,0,3,0,0
651,"9/23/95",1,1740149,1,2,3,"Sister",3,0,0,3,0,0
652,"9/23/95",1,1740149,1,2,4,"Uncle",4,0,0,4,0,0
653,"9/23/95",1,1740149,1,2,5,"Aunt",3,0,0,3,0,0
668,"9/23/95",1,1740159,1,1,2,"Brother",1,1,1,1,0,1
669,"9/23/95",1,1740159,1,2,2,"Brother",3,3,0,3,0,1
570,"9/23/95",1,1740239,1,1,1,"Parents",1,0,1,0,0,0
571,"9/23/95",1,1740239,1,1,2,"Brother",5,0,5,0,0,0
572,"9/23/95",1,1740239,1,2,1,"Parents",1,0,0,1,0,0
573,"9/23/95",1,1740239,1,2,2,"Brother",2,0,0,2,0,0
574,"9/23/95",1,1740239,1,2,3,"Sister",3,0,0,3,0,0
575,"9/23/95",1,1740239,1,2,4,"Uncle",1,1,0,1,0,0
576,"9/23/95",1,1740239,1,2,5,"Aunt",1,1,0,1,0,0
654,"9/23/95",1,1740249,1,1,2,"Brother",2,0,2,0,0,1
655,"9/23/95",1,1740249,1,1,3,"Sister",1,0,0,1,0,0
670,"9/23/95",1,1740259,1,1,2,"Brother",3,3,1,1,1,0
671,"9/23/95",1,1740259,1,1,3,"Sister",3,3,0,2,1,1
672,"9/23/95",1,1740259,1,2,2,"Brother",2,0,0,0,2,0
673,"9/23/95",1,1740259,1,2,3,"Sister",4,4,0,0,4,1
674,"9/23/95",1,1740259,1,2,4,"Uncle",4,4,0,0,4,0
577,"9/23/95",1,1740339,1,2,2,"Brother",1,0,0,1,0,1
578,"9/23/95",1,1740339,1,2,3,"Sister",2,0,0,2,0,0
579,"9/23/95",1,1740339,1,2,4,"Uncle",3,1,0,3,0,0
580,"9/23/95",1,1740339,1,2,5,"Aunt",1,0,0,1,0,0
656,"9/23/95",1,1740349,1,1,2,"Brother",2,2,0,0,1,1
657,"9/23/95",1,1740349,1,1,3,"Sister",1,1,0,1,0,0
675,"9/23/95",1,1740359,1,1,2,"Brother",1,0,0,0,1,1
676,"9/23/95",1,1740359,1,1,3,"Sister",1,0,1,0,0,0
677,"9/23/95",1,1740359,1,1,4,"Uncle",1,0,1,0,0,0
678,"9/23/95",1,1740359,1,1,5,"Aunt",1,0,1,0,0,0
679,"9/23/95",1,1740359,1,2,1,"Parents",1,0,0,1,0,0
680,"9/23/95",1,1740359,1,2,2,"Brother",1,0,0,1,0,0
681,"9/23/95",1,1740359,1,2,3,"Sister",1,0,0,1,0,0
682,"9/23/95",1,1740359,1,2,4,"Uncle",4,0,0,4,0,0
581,"9/23/95",1,1740439,1,1,1,"Parents",1,0,1,0,0,0
582,"9/23/95",1,1740439,1,1,2,"Brother",1,0,1,0,0,0
583,"9/23/95",1,1740439,1,1,3,"Sister",2,0,0,2,0,0
584,"9/23/95",1,1740439,1,2,1,"Parents",2,0,0,2,0,1
585,"9/23/95",1,1740439,1,2,2,"Brother",3,0,0,3,0,0
586,"9/23/95",1,1740439,1,2,3,"Sister",3,0,0,3,0,0
658,"9/23/95",1,1740449,1,1,2,"Brother",2,0,2,0,0,0
659,"9/23/95",1,1740449,1,1,3,"Sister",2,2,0,2,0,0
660,"9/23/95",1,1740449,1,1,4,"Uncle",3,3,1,2,0,1
661,"9/23/95",1,1740449,1,1,5,"Aunt",1,0,1,0,0,0
662,"9/23/95",1,1740449,1,2,1,"Parents",1,1,0,1,0,1
663,"9/23/95",1,1740449,1,2,2,"Brother",2,2,0,2,0,1
664,"9/23/95",1,1740449,1,2,3,"Sister",8,8,0,8,0,0
665,"9/23/95",1,1740449,1,2,4,"Uncle",3,3,0,3,0,0
666,"9/23/95",1,1740449,1,2,5,"Aunt",3,3,0,3,0,0
683,"9/23/95",1,1740459,1,1,2,"Brother",2,2,0,0,2,1
684,"9/23/95",1,1740459,1,1,3,"Sister",3,3,0,1,2,1
685,"9/23/95",1,1740459,1,1,4,"Uncle",1,1,0,0,1,0
686,"9/23/95",1,1740459,1,1,5,"Aunt",1,1,0,0,1,0
687,"9/23/95",1,1740459,1,2,2,"Brother",1,1,0,0,1,0
688,"9/23/95",1,1740459,1,2,3,"Sister",2,2,0,0,1,0
587,"9/23/95",1,1740529,1,1,1,"Parents",1,0,1,1,0,0
588,"9/23/95",1,1740529,1,1,2,"Brother",2,0,2,2,0,0
589,"9/23/95",1,1740529,1,1,3,"Sister",2,0,0,2,0,0
590,"9/23/95",1,1740529,1,1,4,"Uncle",2,1,2,2,0,0
591,"9/23/95",1,1740529,1,2,1,"Parents",2,0,0,2,0,0
592,"9/23/95",1,1740529,1,2,2,"Brother",2,0,0,2,0,0
593,"9/23/95",1,1740529,1,2,3,"Sister",2,0,0,2,0,0
1.79769313486232e+308,"",1.79769313486232e+308,1740549,1.79769313486232e+308,1.79769313486232e+308,1.79769313486232e+308,"",1.79769313486232e+308,1.79769313486232e+308,1.79769313486232e+308,1.79769313486232e+308,1.79769313486232e+308,1.79769313486232e+308
689,"9/23/95",1,1740559,1,1,1,"Parents",1,0,1,0,0,0
690,"9/23/95",1,1740559,1,1,2,"Brother",3,2,3,0,0,0
691,"9/23/95",1,1740559,1,1,3,"Sister",2,0,1,1,0,0
692,"9/23/95",1,1740559,1,2,1,"Parents",1,1,0,0,1,0
693,"9/23/95",1,1740559,1,2,2,"Brother",2,0,0,0,2,0
694,"9/23/95",1,1740559,1,2,3,"Sister",3,0,0,0,3,0
594,"9/23/95",1,1740629,1,2,2,"Brother",1,1,0,1,0,0
595,"9/23/95",1,1740739,1,1,2,"Brother",2,0,2,0,0,0
596,"9/23/95",1,1740739,1,1,3,"Sister",2,2,1,1,0,0
597,"9/23/95",1,1740839,1,1,3,"Sister",1,0,1,1,0,0
598,"9/23/95",1,1740839,1,1,6,"Son",2,0,0,2,0,2
599,"9/23/95",1,1740839,1,2,2,"Brother",3,0,0,3,0,0
600,"9/23/95",1,1740839,1,2,3,"Sister",3,0,0,3,0,0
601,"9/23/95",1,1740839,1,2,4,"Uncle",1,0,0,1,0,0
602,"9/23/95",1,1740839,1,2,6,"Son",2,0,0,2,0,0
603,"9/23/95",1,1740939,1,1,2,"Brother",2,0,2,0,0,0
604,"9/23/95",1,1740939,1,1,4,"Uncle",2,2,0,2,0,0
605,"9/23/95",1,1740939,1,2,1,"Parents",1,0,0,1,0,0
606,"9/23/95",1,1740939,1,2,2,"Brother",1,0,0,1,0,0
607,"9/23/95",1,1740939,1,2,4,"Uncle",1,1,0,1,0,0
608,"9/23/95",1,1741039,1,1,3,"Sister",2,0,0,2,0,0
609,"9/23/95",1,1741039,1,2,2,"Brother",1,0,1,1,0,0
610,"9/23/95",1,1741039,1,2,3,"Sister",3,0,1,3,0,0
611,"9/23/95",1,1741139,1,1,2,"Brother",2,0,2,0,0,0
612,"9/23/95",1,1741139,1,1,3,"Sister",1,1,0,1,0,0
613,"9/23/95",1,1741139,1,2,2,"Brother",2,0,2,2,0,0
614,"9/23/95",1,1741139,1,2,3,"Sister",3,0,0,3,0,0
615,"9/23/95",1,1741139,1,2,4,"Uncle",1,0,0,1,0,0
616,"9/23/95",1,1741239,1,1,1,"Parents",2,0,0,2,0,0
617,"9/23/95",1,1741239,1,2,2,"Brother",1,0,0,1,0,0
618,"9/23/95",1,1741239,1,2,3,"Sister",3,0,0,3,0,0
619,"9/23/95",1,1741339,1,1,2,"Brother",2,0,2,0,0,0
620,"9/23/95",1,1741339,1,2,2,"Brother",2,0,0,2,0,0
621,"9/23/95",1,1741339,1,2,3,"Sister",4,0,0,4,0,0
622,"9/23/95",1,1741439,1,1,1,"Parents",1,0,1,0,0,0
623,"9/23/95",1,1741439,1,1,2,"Brother",2,0,2,0,0,0
624,"9/23/95",1,1741439,1,1,4,"Uncle",2,0,2,0,0,0
625,"9/23/95",1,1741439,1,1,5,"Aunt",2,0,0,2,0,0
626,"9/23/95",1,1741439,1,2,1,"Parents",2,1,0,2,0,1
627,"9/23/95",1,1741439,1,2,2,"Brother",2,0,0,2,0,0
628,"9/23/95",1,1741439,1,2,3,"Sister",2,0,1,2,0,0
629,"9/23/95",1,1741439,1,2,4,"Uncle",3,3,0,3,0,0
1.79769313486232e+308,"",1.79769313486232e+308,1741539,1.79769313486232e+308,1.79769313486232e+308,1.79769313486232e+308,"",1.79769313486232e+308,1.79769313486232e+308,1.79769313486232e+308,1.79769313486232e+308,1.79769313486232e+308,1.79769313486232e+308
631,"9/23/95",1,1741639,1,1,1,"Parents",1,0,1,0,0,0
632,"9/23/95",1,1741639,1,1,2,"Brother",1,0,1,0,0,1
633,"9/23/95",1,1741639,1,1,3,"Sister",1,0,1,0,0,0
634,"9/23/95",1,1741639,1,1,4,"Uncle",2,0,1,0,0,0
635,"9/23/95",1,1741639,1,2,2,"Brother",1,0,1,0,0,0
636,"9/23/95",1,1741639,1,2,3,"Sister",2,0,1,0,0,0
637,"9/23/95",1,1741639,1,2,4,"Uncle",1,0,1,0,0,0
638,"9/23/95",1,1741739,1,1,3,"Sister",2,0,1,1,0,0
639,"9/23/95",1,1741739,1,1,4,"Uncle",1,0,1,0,0,0
640,"9/23/95",1,1741739,1,2,2,"Brother",4,0,0,4,0,0
641,"9/23/95",1,1741739,1,2,3,"Sister",3,0,0,3,0,0
642,"9/23/95",1,1741739,1,2,4,"Uncle",2,1,0,2,0,0
643,"9/23/95",1,1741839,1,1,1,"Parents",1,0,1,0,0,0
644,"9/23/95",1,1741839,1,1,4,"Uncle",2,0,2,0,0,0
1,"5/19/99",1,1810131,1,1,2,"Brother",2,0,2,0,0,0
2,"5/23/99",1,1810131,1,1,5,"Aunt",1,1,0,1,0,0
3,"5/23/99",1,1810131,2,2,1,"Parents",2,0,0,2,0,0
4,"5/23/99",1,1810131,2,2,2,"Brother",2,0,0,2,0,0
5,"5/23/99",1,1810131,2,2,3,"Sister",3,0,0,3,0,0
6,"5/23/99",1,1810131,2,2,5,"Aunt",1,0,0,1,0,0
165,"5/23/99",1,1810141,1,1,2,"Brother",2,0,0,2,0,0
166,"5/23/99",1,1810141,1,1,3,"Sister",2,0,0,2,0,0
167,"5/23/99",1,1810141,1,2,1,"Parents",1,0,0,1,0,0
168,"5/23/99",1,1810141,1,2,2,"Brother",2,1,0,2,0,0
169,"5/23/99",1,1810141,1,2,3,"Sister",1,0,0,0,1,0
204,"5/23/99",1,1810151,1,1,1,"Parents",1,0,1,0,0,0
205,"5/23/99",1,1810151,1,1,2,"Brother",3,3,3,0,0,0
206,"5/23/99",1,1810151,1,1,3,"Sister",3,0,0,3,0,0
207,"5/23/99",1,1810151,1,1,4,"Uncle",2,2,2,0,0,0
212,"5/23/99",1,1810151,2,1,5,"Aunt",1,0,0,1,0,0
7,"5/23/99",1,1810231,1,1,1,"Parents",1,0,1,0,0,0
8,"5/23/99",1,1810231,1,1,2,"Brother",9,1,9,0,0,0
9,"5/23/99",1,1810231,1,1,3,"Sister",5,0,3,2,0,0
10,"5/23/99",1,1810231,1,1,4,"Uncle",1,0,0,0,0,0
11,"5/23/99",1,1810231,1,1,5,"Aunt",5,0,0,0,3,0
12,"5/23/99",1,1810231,2,2,1,"Parents",1,0,0,0,1,0
13,"5/23/99",1,1810231,2,2,2,"Brother",1,1,0,0,1,0
14,"5/23/99",1,1810231,2,2,3,"Sister",2,0,0,0,2,0
15,"5/23/99",1,1810231,2,2,5,"Aunt",1,0,0,0,1,0
170,"5/23/99",1,1810241,2,1,1,"Parents",1,0,0,0,1,0
171,"5/23/99",1,1810241,2,1,2,"Brother",3,3,0,0,3,0
172,"5/23/99",1,1810241,2,1,3,"Sister",1,0,0,1,0,0
173,"5/23/99",1,1810241,2,1,5,"Aunt",3,1,0,0,3,0
174,"5/23/99",1,1810241,2,1,7,"Daughter",2,0,0,1,1,0
175,"5/23/99",1,1810241,3,2,2,"Brother",2,0,2,2,0,0
176,"5/23/99",1,1810241,3,2,3,"Sister",2,0,2,2,0,0
213,"5/23/99",1,1810251,1,1,1,"Parents",1,0,1,0,0,0
214,"5/23/99",1,1810251,1,1,2,"Brother",4,4,4,0,0,0
215,"5/23/99",1,1810251,1,1,3,"Sister",2,0,0,2,0,0
216,"5/23/99",1,1810251,1,1,4,"Uncle",1,1,0,0,1,0
217,"5/23/99",1,1810251,2,2,1,"Parents",2,0,2,0,0,0
218,"5/23/99",1,1810251,2,2,2,"Brother",2,0,2,0,0,0
219,"5/23/99",1,1810251,2,2,3,"Sister",3,0,1,2,0,0
220,"5/23/99",1,1810251,2,2,4,"Uncle",4,4,2,2,0,0
221,"5/23/99",1,1810251,2,2,5,"Aunt",4,0,0,3,1,0
222,"5/23/99",1,1810252,1,1,1,"Parents",1,0,1,0,0,0
223,"5/23/99",1,1810252,1,1,2,"Brother",3,3,3,0,0,0
224,"5/23/99",1,1810252,1,1,3,"Sister",2,0,0,2,0,0
225,"5/23/99",1,1810252,1,1,4,"Uncle",1,1,0,0,1,0
226,"5/23/99",1,1810252,2,2,2,"Brother",3,3,0,3,0,0
227,"5/23/99",1,1810252,2,2,3,"Sister",6,0,1,5,0,0
228,"5/23/99",1,1810252,2,2,5,"Aunt",1,0,0,1,0,0
21,"5/23/99",1,1810331,2,2,1,"Parents",2,1,0,2,0,0
22,"5/23/99",1,1810331,2,2,2,"Brother",4,0,0,4,0,0
23,"5/23/99",1,1810331,2,2,3,"Sister",2,0,0,2,0,0
24,"5/23/99",1,1810331,2,2,4,"Uncle",2,2,0,1,1,0
25,"5/23/99",1,1810331,2,2,5,"Aunt",1,0,0,1,0,0
16,"5/23/99",1,1810331,3,1,1,"Parents",2,1,2,0,0,0
17,"5/23/99",1,1810331,3,1,2,"Brother",4,0,4,0,0,0
18,"5/23/99",1,1810331,3,1,3,"Sister",4,0,0,3,1,0
19,"5/23/99",1,1810331,3,1,4,"Uncle",3,3,1,0,2,0
20,"5/23/99",1,1810331,3,1,5,"Aunt",1,0,0,1,0,0
177,"5/23/99",1,1810341,1,1,3,"Sister",3,0,0,0,3,0
178,"5/23/99",1,1810341,1,1,6,"Son",1,0,1,0,0,0
179,"5/23/99",1,1810341,1,1,7,"Daughter",1,0,0,0,1,0
180,"5/23/99",1,1810341,2,2,2,"Brother",2,0,0,2,0,0
181,"5/23/99",1,1810341,2,2,3,"Sister",1,0,0,1,0,0
182,"5/23/99",1,1810341,2,2,4,"Uncle",3,2,0,3,0,0
183,"5/23/99",1,1810341,2,2,5,"Aunt",1,0,0,1,0,0
184,"5/23/99",1,1810341,2,2,6,"Son",1,0,1,0,0,0
185,"5/23/99",1,1810341,2,2,7,"Daughter",1,0,0,0,1,0
229,"5/23/99",1,1810351,2,1,2,"Brother",1,0,1,0,0,0
230,"5/23/99",1,1810351,2,1,3,"Sister",2,0,0,2,0,0
231,"5/23/99",1,1810351,2,1,4,"Uncle",1,1,0,1,0,0
232,"5/23/99",1,1810351,2,2,1,"Parents",2,1,0,0,2,0
233,"5/23/99",1,1810351,2,2,2,"Brother",7,4,0,0,7,1
234,"5/23/99",1,1810351,2,2,3,"Sister",1,0,0,0,1,0
235,"5/23/99",1,1810351,2,2,4,"Uncle",2,1,0,0,2,0
236,"5/23/99",1,1810351,2,2,5,"Aunt",1,0,0,0,1,0
26,"5/23/99",1,1810431,1,1,2,"Brother",1,1,1,0,0,0
27,"5/23/99",1,1810431,2,2,2,"Brother",2,0,0,2,0,0
28,"5/23/99",1,1810431,2,2,3,"Sister",4,0,0,4,0,0
29,"5/23/99",1,1810431,2,2,4,"Uncle",3,3,0,3,0,0
30,"5/23/99",1,1810431,2,2,7,"Daughter",2,0,2,2,0,0
186,"5/23/99",1,1810441,1,1,1,"Parents",1,0,1,0,0,0
187,"5/23/99",1,1810441,1,1,2,"Brother",1,0,1,0,0,0
188,"5/23/99",1,1810441,1,1,3,"Sister",2,0,0,2,0,0
189,"5/23/99",1,1810441,1,1,4,"Uncle",1,1,0,1,0,0
190,"5/23/99",1,1810441,2,2,1,"Parents",2,0,0,2,0,1
191,"5/23/99",1,1810441,2,2,2,"Brother",1,1,0,1,0,0
192,"5/23/99",1,1810441,2,2,3,"Sister",4,0,0,4,0,0
193,"5/23/99",1,1810441,2,2,4,"Uncle",2,1,0,2,0,0
194,"5/23/99",1,1810441,2,2,5,"Aunt",2,0,0,2,0,0
237,"5/23/99",1,1810459,1,1,1,"Parents",2,1,2,0,0,0
238,"5/23/99",1,1810459,1,1,2,"Brother",4,4,4,0,0,0
239,"5/23/99",1,1810459,1,1,3,"Sister",4,0,1,2,1,0
240,"5/23/99",1,1810459,1,1,4,"Uncle",2,2,1,0,1,0
241,"5/23/99",1,1810459,1,1,5,"Aunt",1,0,0,0,1,0
242,"5/23/99",1,1810459,2,2,1,"Parents",2,1,0,2,0,0
243,"5/23/99",1,1810459,2,2,2,"Brother",3,0,0,3,0,0
244,"5/23/99",1,1810459,2,2,3,"Sister",1,0,0,1,0,0
245,"5/23/99",1,1810459,2,2,4,"Uncle",1,1,0,1,0,0
246,"5/23/99",1,1810459,2,2,5,"Aunt",6,0,0,5,1,0
31,"5/23/99",1,1810531,1,1,1,"Parents",1,0,1,0,0,0
32,"5/23/99",1,1810531,1,1,2,"Brother",2,2,2,0,0,0
33,"5/23/99",1,1810531,1,1,3,"Sister",1,0,0,1,0,0
34,"5/23/99",1,1810531,1,1,4,"Uncle",1,0,1,0,0,0
35,"5/23/99",1,1810531,2,2,1,"Parents",2,0,0,2,0,0
36,"5/23/99",1,1810531,2,2,3,"Sister",3,0,0,3,0,0
37,"5/23/99",1,1810531,2,2,4,"Uncle",2,2,0,2,0,0
38,"5/23/99",1,1810532,1,1,1,"Parents",1,0,1,0,0,0
39,"5/23/99",1,1810532,1,1,2,"Brother",2,2,2,0,0,0
40,"5/23/99",1,1810532,1,1,3,"Sister",1,0,0,1,0,0
41,"5/23/99",1,1810532,1,1,4,"Uncle",1,0,1,0,0,0
42,"5/23/99",1,1810532,2,2,2,"Brother",2,2,0,2,0,0
43,"5/23/99",1,1810532,2,2,3,"Sister",2,0,0,2,0,0
44,"5/23/99",1,1810532,2,2,4,"Uncle",3,0,0,2,1,0
45,"5/23/99",1,1810532,2,2,5,"Aunt",1,0,0,0,0,0
46,"5/23/99",1,1810533,1,1,2,"Brother",2,2,2,0,0,0
47,"5/23/99",1,1810533,1,1,3,"Sister",1,0,0,1,0,0
48,"5/23/99",1,1810533,1,1,4,"Uncle",1,0,1,0,0,0
49,"5/23/99",1,1810533,4,2,1,"Parents",2,0,0,2,0,0
50,"5/23/99",1,1810533,4,2,2,"Brother",1,0,0,1,0,0
51,"5/23/99",1,1810533,4,2,4,"Uncle",1,1,0,1,0,0
52,"5/23/99",1,1810533,4,2,5,"Aunt",4,0,0,3,1,0
195,"5/23/99",1,1810541,1,1,1,"Parents",2,1,2,0,0,0
196,"5/23/99",1,1810541,1,1,2,"Brother",3,0,3,0,0,0
197,"5/23/99",1,1810541,1,1,3,"Sister",1,0,0,0,1,0
198,"5/23/99",1,1810541,1,1,4,"Uncle",4,4,3,1,0,0
199,"5/23/99",1,1810541,2,2,1,"Parents",2,1,0,2,0,0
200,"5/23/99",1,1810541,2,2,2,"Brother",2,0,0,2,0,0
201,"5/23/99",1,1810541,2,2,3,"Sister",4,0,0,0,4,0
202,"5/23/99",1,1810541,2,2,4,"Uncle",2,1,0,2,0,0
203,"5/23/99",1,1810541,2,2,5,"Aunt",1,0,0,0,1,0
53,"5/23/99",1,1810631,3,1,1,"Parents",1,0,1,0,0,0
54,"5/23/99",1,1810631,3,1,2,"Brother",1,1,0,0,0,0
55,"5/23/99",1,1810631,3,1,3,"Sister",3,0,0,1,2,1
56,"5/23/99",1,1810631,3,1,4,"Uncle",2,2,0,1,0,0
57,"5/23/99",1,1810631,3,1,6,"Son",1,0,1,1,0,0
58,"5/23/99",1,1810631,4,2,1,"Parents",1,0,0,1,0,1
59,"5/23/99",1,1810631,4,2,2,"Brother",4,4,0,4,0,0
60,"5/23/99",1,1810631,4,2,3,"Sister",1,0,0,1,0,0
61,"5/23/99",1,1810631,4,2,4,"Uncle",2,2,0,2,0,0
62,"5/23/99",1,1810631,4,2,5,"Aunt",2,0,0,2,0,0
63,"5/23/99",1,1810631,4,2,6,"Son",1,0,1,1,0,0
64,"5/23/99",1,1810731,3,1,3,"Sister",1,0,0,0,1,0
65,"5/23/99",1,1810731,3,1,4,"Uncle",4,4,0,0,4,0
66,"5/23/99",1,1810731,3,1,5,"Aunt",1,0,1,0,0,0
67,"5/23/99",1,1810731,3,1,7,"Daughter",1,0,1,1,0,0
68,"5/23/99",1,1810731,3,2,2,"Brother",5,0,0,0,0,0
69,"5/23/99",1,1810731,3,2,3,"Sister",1,0,0,1,0,0
70,"5/23/99",1,1810731,3,2,4,"Uncle",3,0,1,0,2,0
71,"5/23/99",1,1810731,3,2,7,"Daughter",1,0,1,1,0,0
72,"5/23/99",1,1810831,1,1,1,"Parents",1,0,1,0,0,0
73,"5/23/99",1,1810831,1,1,2,"Brother",3,0,2,0,1,0
74,"5/23/99",1,1810831,1,1,3,"Sister",2,0,0,0,2,0
75,"5/23/99",1,1810831,1,1,5,"Aunt",1,0,0,0,1,0
76,"5/23/99",1,1810831,2,2,2,"Brother",2,2,0,2,0,0
77,"5/23/99",1,1810831,2,2,3,"Sister",3,0,0,0,3,0
78,"5/23/99",1,1810931,1,1,1,"Parents",1,0,1,0,0,0
79,"5/23/99",1,1810931,1,1,2,"Brother",2,1,2,0,0,0
80,"5/23/99",1,1810931,1,1,3,"Sister",7,0,0,5,2,0
81,"5/23/99",1,1810931,1,1,4,"Uncle",1,1,0,0,1,0
82,"5/23/99",1,1810931,1,1,5,"Aunt",4,0,0,1,3,0
84,"5/23/99",1,1810931,1,2,2,"Brother",2,2,0,0,2,0
87,"5/23/99",1,1810931,1,2,5,"Aunt",4,0,0,0,4,0
88,"5/23/99",1,1810931,3,2,1,"Parents",2,0,0,0,2,0
89,"5/23/99",1,1810931,3,2,3,"Sister",2,0,0,0,2,0
90,"5/23/99",1,1810931,3,2,4,"Uncle",2,2,0,0,2,0
92,"5/23/99",1,1811031,1,1,1,"Parents",1,0,1,0,0,0
93,"5/23/99",1,1811031,1,1,2,"Brother",1,0,1,0,0,0
94,"5/23/99",1,1811031,1,1,3,"Sister",4,0,0,0,4,0
95,"5/23/99",1,1811031,1,1,4,"Uncle",4,0,0,1,3,0
96,"5/23/99",1,1811031,1,1,5,"Aunt",4,0,1,0,3,0
97,"5/23/99",1,1811031,1,1,6,"Son",2,0,2,0,0,0
98,"5/23/99",1,1811031,2,2,1,"Parents",1,0,0,0,1,0
99,"5/23/99",1,1811031,2,2,2,"Brother",4,1,0,0,4,0
100,"5/23/99",1,1811031,2,2,3,"Sister",1,0,0,0,1,0
101,"5/23/99",1,1811031,2,2,5,"Aunt",1,0,0,0,1,0
102,"5/23/99",1,1811031,2,2,6,"Son",2,0,2,0,0,0
103,"5/23/99",1,1811131,2,1,1,"Parents",1,0,0,0,1,0
104,"5/23/99",1,1811131,2,1,2,"Brother",3,0,0,0,3,0
105,"5/23/99",1,1811131,2,1,3,"Sister",1,0,0,1,0,0
106,"5/23/99",1,1811131,2,1,4,"Uncle",2,2,1,0,1,0
107,"5/23/99",1,1811131,2,1,7,"Daughter",1,0,1,1,0,0
108,"5/23/99",1,1811131,2,2,1,"Parents",2,1,0,2,0,0
109,"5/23/99",1,1811131,2,2,2,"Brother",2,0,0,2,0,0
110,"5/23/99",1,1811131,2,2,3,"Sister",2,0,0,1,1,0
111,"5/23/99",1,1811131,2,2,4,"Uncle",2,2,0,2,0,0
112,"5/23/99",1,1811131,2,2,5,"Aunt",6,0,0,3,3,0
113,"5/23/99",1,1811131,2,2,7,"Daughter",1,0,1,1,0,0
114,"5/23/99",1,1811231,2,1,6,"Son",1,0,1,1,0,0
115,"5/23/99",1,1811231,2,1,7,"Daughter",1,0,0,0,1,0
116,"5/23/99",1,1811231,2,2,6,"Son",1,0,1,1,0,0
117,"5/23/99",1,1811231,2,2,7,"Daughter",1,0,0,0,1,0
118,"5/23/99",1,1811339,1,1,1,"Parents",1,0,1,0,0,1
119,"5/23/99",1,1811339,1,1,2,"Brother",1,0,1,0,0,0
120,"5/23/99",1,1811339,1,1,3,"Sister",4,0,0,0,4,0
121,"5/23/99",1,1811339,1,1,4,"Uncle",4,0,0,0,4,0
122,"5/23/99",1,1811339,1,1,5,"Aunt",4,0,0,1,3,0
123,"5/23/99",1,1811339,1,2,1,"Parents",1,0,0,0,1,0
124,"5/23/99",1,1811339,1,2,2,"Brother",1,0,0,0,1,0
125,"5/23/99",1,1811339,1,2,3,"Sister",2,0,0,0,2,0
126,"5/23/99",1,1811339,1,2,4,"Uncle",2,1,0,0,2,0
127,"5/23/99",1,1811339,1,2,5,"Aunt",3,0,0,0,3,0
142,"5/23/99",1,1811439,1,1,2,"Brother",2,0,0,0,2,0
143,"5/23/99",1,1811439,1,1,3,"Sister",2,0,0,1,1,0
144,"5/23/99",1,1811439,1,1,6,"Son",2,0,2,0,0,0
145,"5/23/99",1,1811439,1,1,7,"Daughter",1,0,0,1,0,0
146,"5/23/99",1,1811439,2,2,2,"Brother",1,0,1,0,0,0
147,"5/23/99",1,1811439,2,2,6,"Son",2,0,2,0,0,0
148,"5/23/99",1,1811439,2,2,7,"Daughter",1,0,0,1,0,0
138,"5/23/99",1,1811539,1,1,2,"Brother",2,0,2,0,0,0
139,"5/23/99",1,1811539,2,2,1,"Parents",1,0,0,1,0,0
140,"5/23/99",1,1811539,2,2,3,"Sister",2,0,0,2,0,0
141,"5/23/99",1,1811539,2,2,5,"Aunt",2,0,0,1,1,0
132,"5/23/99",1,1811639,1,1,3,"Sister",2,0,2,0,0,0
133,"5/23/99",1,1811639,2,2,1,"Parents",2,1,0,2,0,0
134,"5/23/99",1,1811639,2,2,2,"Brother",2,0,0,2,0,0
135,"5/23/99",1,1811639,2,2,3,"Sister",2,0,0,1,1,0
136,"5/23/99",1,1811639,2,2,4,"Uncle",1,1,0,1,0,0
137,"5/23/99",1,1811639,2,2,5,"Aunt",3,0,0,2,1,0
128,"5/23/99",1,1811739,1,1,3,"Sister",3,0,0,3,0,0
129,"5/23/99",1,1811739,2,2,1,"Parents",2,1,0,2,0,0
130,"5/23/99",1,1811739,2,2,3,"Sister",5,0,0,5,0,0
131,"5/23/99",1,1811739,2,2,4,"Uncle",2,2,0,2,0,0
149,"5/23/99",1,1811839,1,1,1,"Parents",1,1,1,0,0,0
150,"5/23/99",1,1811839,1,1,7,"Daughter",1,0,0,0,1,0
151,"5/23/99",1,1811839,1,2,2,"Brother",2,2,0,1,1,0
152,"5/23/99",1,1811839,1,2,7,"Daughter",1,0,0,0,1,0
153,"5/23/99",1,1811939,1,1,2,"Brother",3,3,3,0,0,0
154,"5/23/99",1,1811939,1,1,3,"Sister",2,0,0,2,0,0
155,"5/23/99",1,1811939,1,1,4,"Uncle",2,2,2,0,0,0
156,"5/23/99",1,1811939,2,2,1,"Parents",1,0,0,1,0,0
157,"5/23/99",1,1811939,2,2,2,"Brother",2,2,0,1,1,0
158,"5/23/99",1,1811939,2,2,3,"Sister",3,0,0,0,3,0
159,"5/23/99",1,1811939,2,2,4,"Uncle",4,3,0,4,0,0
160,"5/23/99",1,1811939,2,2,5,"Aunt",4,0,0,2,2,0
161,"5/23/99",1,1812039,1,1,2,"Brother",2,0,0,0,2,0
162,"5/23/99",1,1812039,1,1,6,"Son",3,3,3,0,0,0
163,"5/23/99",1,1812039,2,2,2,"Brother",1,0,1,0,0,0
164,"5/23/99",1,1812039,2,2,6,"Son",3,3,3,0,0,0
1858,"6/27/99",1,1820131,1,1,5,"Aunt",1,0,0,1,0,0
1859,"7/06/99",1,1820131,1,1,7,"Daughter",1,0,0,0,1,0
1860,"7/06/99",1,1820131,2,2,5,"Aunt",1,0,0,1,0,0
1861,"7/06/99",1,1820131,2,2,7,"Daughter",1,0,0,1,0,0
1980,"7/06/99",1,1820141,2,1,2,"Brother",5,0,2,2,1,3
1981,"7/06/99",1,1820141,2,1,3,"Sister",3,0,0,3,0,1
1982,"7/06/99",1,1820141,2,1,4,"Uncle",1,1,0,1,0,1
1983,"7/06/99",1,1820141,2,1,5,"Aunt",4,4,0,4,0,4
1984,"7/06/99",1,1820141,2,1,6,"Son",1,0,0,1,0,0
1985,"7/06/99",1,1820141,2,2,1,"Parents",2,0,0,2,0,0
1986,"7/06/99",1,1820141,2,2,4,"Uncle",5,3,0,3,2,0
1987,"7/06/99",1,1820141,2,2,5,"Aunt",2,0,0,2,0,0
1988,"7/06/99",1,1820141,2,2,6,"Son",1,0,0,1,0,0
2014,"7/06/99",1,1820151,1,1,2,"Brother",3,0,3,0,0,0
2015,"7/06/99",1,1820151,1,1,3,"Sister",2,0,0,2,0,0
2016,"7/06/99",1,1820151,1,1,4,"Uncle",1,1,1,0,0,0
2017,"7/06/99",1,1820151,1,1,5,"Aunt",1,0,0,0,1,0
2018,"7/06/99",1,1820151,2,2,1,"Parents",1,0,0,1,0,0
2019,"7/06/99",1,1820151,2,2,2,"Brother",2,1,0,2,0,0
2020,"7/06/99",1,1820151,2,2,3,"Sister",4,0,0,4,0,0
2021,"7/06/99",1,1820151,2,2,4,"Uncle",1,1,0,1,0,0
1862,"7/06/99",1,1820231,1,1,1,"Parents",1,0,1,0,0,0
1863,"7/06/99",1,1820231,1,1,2,"Brother",2,0,2,0,0,0
1864,"7/06/99",1,1820231,1,1,3,"Sister",2,0,0,2,0,0
1868,"7/06/99",1,1820231,1,1,4,"Uncle",1,1,0,1,0,0
1866,"7/06/99",1,1820231,1,1,5,"Aunt",1,0,0,1,0,0
1869,"7/06/99",1,1820231,1,1,7,"Daughter",2,0,1,1,0,0
1989,"7/06/99",1,1820241,1,1,2,"Brother",1,0,1,0,0,0
1990,"7/06/99",1,1820241,1,1,3,"Sister",2,0,1,0,1,0
1991,"7/06/99",1,1820241,1,2,3,"Sister",2,0,0,0,2,0
2022,"7/06/99",1,1820251,1,1,1,"Parents",1,0,1,0,0,0
2023,"7/06/99",1,1820251,1,1,2,"Brother",3,1,3,0,0,0
2024,"7/06/99",1,1820251,1,1,3,"Sister",1,0,0,1,0,0
2025,"7/06/99",1,1820251,1,1,4,"Uncle",3,3,1,2,0,0
2026,"7/06/99",1,1820251,1,1,5,"Aunt",1,0,0,0,1,0
2027,"7/06/99",1,1820251,2,2,1,"Parents",1,0,0,1,0,0
2028,"7/06/99",1,1820251,2,2,2,"Brother",3,3,0,3,0,0
2029,"7/06/99",1,1820251,2,2,3,"Sister",1,0,0,0,1,0
2030,"7/06/99",1,1820252,1,1,1,"Parents",1,0,1,0,0,0
2031,"7/06/99",1,1820252,1,1,2,"Brother",3,1,3,0,0,0
2032,"7/06/99",1,1820252,1,1,3,"Sister",1,0,0,1,0,0
2033,"7/06/99",1,1820252,1,1,4,"Uncle",3,3,1,2,0,0
2034,"7/06/99",1,1820252,1,1,5,"Aunt",1,0,0,0,1,0
2035,"7/06/99",1,1820252,2,2,1,"Parents",2,1,0,2,0,0
2036,"7/06/99",1,1820252,2,2,2,"Brother",3,0,0,3,0,0
2037,"7/06/99",1,1820252,2,2,3,"Sister",1,0,0,1,0,0
2038,"7/06/99",1,1820252,2,2,4,"Uncle",1,1,0,1,0,0
1870,"7/06/99",1,1820331,1,1,1,"Parents",1,0,1,0,0,0
1871,"7/06/99",1,1820331,1,1,2,"Brother",1,0,1,0,0,0
1872,"7/06/99",1,1820331,1,1,3,"Sister",3,0,0,3,0,0
1873,"7/06/99",1,1820331,1,1,4,"Uncle",1,1,0,1,0,0
1874,"7/06/99",1,1820331,1,1,5,"Aunt",1,0,0,1,0,0
1875,"7/06/99",1,1820331,2,2,1,"Parents",2,0,0,2,0,0
1876,"7/06/99",1,1820331,2,2,2,"Brother",1,0,0,1,0,0
1877,"7/06/99",1,1820331,2,2,3,"Sister",1,0,0,1,0,0
1878,"7/06/99",1,1820331,2,2,4,"Uncle",2,0,0,2,0,0
1879,"7/06/99",1,1820331,2,2,5,"Aunt",1,0,0,1,0,0
1992,"7/06/99",1,1820341,1,1,1,"Parents",2,0,2,0,0,0
1993,"7/06/99",1,1820341,1,1,2,"Brother",1,1,1,0,0,0
1994,"7/06/99",1,1820341,1,1,3,"Sister",1,0,0,1,0,0
1995,"7/06/99",1,1820341,1,1,4,"Uncle",1,0,0,1,0,0
1996,"7/06/99",1,1820341,2,2,1,"Parents",2,0,0,2,0,0
1997,"7/06/99",1,1820341,2,2,2,"Brother",1,0,0,1,0,0
1998,"7/06/99",1,1820341,2,2,3,"Sister",1,0,0,1,0,0
1999,"7/06/99",1,1820341,2,2,4,"Uncle",3,0,0,1,2,0
2000,"7/06/99",1,1820341,2,2,5,"Aunt",1,0,0,0,1,0
2039,"7/06/99",1,1820351,1,1,2,"Brother",1,1,1,0,0,0
2040,"7/06/99",1,1820351,1,1,7,"Daughter",2,0,0,2,0,0
2041,"7/06/99",1,1820351,2,2,3,"Sister",1,0,0,1,0,0
2042,"7/06/99",1,1820351,2,2,7,"Daughter",2,0,0,2,0,0
1880,"7/06/99",1,1820431,1,1,1,"Parents",1,0,0,0,1,0
1881,"7/06/99",1,1820431,1,1,2,"Brother",3,0,0,2,1,0
1882,"7/06/99",1,1820431,1,1,3,"Sister",1,0,0,1,0,0
1883,"7/06/99",1,1820431,1,1,5,"Aunt",2,0,0,0,2,0
1884,"7/06/99",1,1820431,2,2,1,"Parents",1,0,0,0,1,0
1885,"7/06/99",1,1820431,2,2,2,"Brother",3,0,0,0,3,0
1886,"7/06/99",1,1820431,2,2,3,"Sister",2,0,0,0,2,0
1887,"7/06/99",1,1820431,2,2,4,"Uncle",1,0,0,0,1,0
1888,"7/06/99",1,1820431,2,2,5,"Aunt",1,0,0,0,1,0
2001,"7/06/99",1,1820441,1,1,7,"Daughter",1,0,0,0,1,0
2002,"7/06/99",1,1820441,2,2,1,"Parents",2,1,0,2,0,0
2003,"7/06/99",1,1820441,2,2,2,"Brother",2,0,0,2,0,0
2004,"7/06/99",1,1820441,2,2,3,"Sister",1,0,0,0,1,0
2005,"7/06/99",1,1820441,2,2,4,"Uncle",5,5,0,3,2,0
2006,"7/06/99",1,1820441,2,2,5,"Aunt",3,0,0,1,2,0
2007,"7/06/99",1,1820441,2,2,7,"Daughter",1,0,0,0,1,0
2043,"7/06/99",1,1820459,1,1,1,"Parents",1,0,1,0,0,0
2044,"7/06/99",1,1820459,1,1,2,"Brother",2,2,2,0,0,0
2045,"7/06/99",1,1820459,1,1,3,"Sister",2,0,0,0,2,0
2046,"7/06/99",1,1820459,2,2,1,"Parents",1,0,0,1,0,0
2047,"7/06/99",1,1820459,2,2,2,"Brother",2,0,0,2,0,0
2048,"7/06/99",1,1820459,2,2,3,"Sister",1,0,0,1,0,0
2049,"7/06/99",1,1820459,2,2,5,"Aunt",1,0,0,0,1,0
1889,"7/06/99",1,1820531,1,1,3,"Sister",1,0,1,0,0,0
1890,"7/06/99",1,1820531,2,2,2,"Brother",1,0,0,0,1,0
1891,"7/06/99",1,1820531,2,2,3,"Sister",3,0,0,1,2,0
2008,"7/06/99",1,1820541,1,1,2,"Brother",1,0,1,0,0,0
2009,"7/06/99",1,1820541,1,1,3,"Sister",1,0,0,0,1,0
2010,"7/06/99",1,1820541,1,1,4,"Uncle",1,0,1,0,0,0
2011,"7/06/99",1,1820541,1,1,5,"Aunt",2,0,0,2,0,0
2012,"7/06/99",1,1820541,1,1,7,"Daughter",1,0,0,1,0,0
2013,"7/06/99",1,1820541,1,2,7,"Daughter",1,0,0,1,0,0
1892,"7/06/99",1,1820631,2,1,2,"Brother",1,0,1,0,0,0
1893,"7/06/99",1,1820631,2,1,3,"Sister",3,0,2,0,1,0
1894,"7/06/99",1,1820631,2,1,7,"Daughter",1,0,1,0,0,0
1895,"7/06/99",1,1820631,2,2,2,"Brother",1,0,0,0,1,0
1896,"7/06/99",1,1820631,2,2,3,"Sister",1,0,0,0,1,0
1897,"7/06/99",1,1820631,2,2,7,"Daughter",1,0,1,0,0,0
1898,"7/06/99",1,1820731,1,1,6,"Son",2,0,1,0,1,0
1899,"7/06/99",1,1820731,1,1,7,"Daughter",2,0,0,0,2,0
1900,"7/06/99",1,1820731,2,2,6,"Son",2,0,1,0,1,0
1901,"7/06/99",1,1820731,2,2,7,"Daughter",2,0,0,0,2,0
1902,"7/06/99",1,1820732,1,1,1,"Parents",2,1,2,0,0,0
1903,"7/06/99",1,1820732,1,1,2,"Brother",1,0,1,0,0,0
1904,"7/06/99",1,1820732,1,1,3,"Sister",1,0,1,0,0,0
1905,"7/06/99",1,1820732,1,1,4,"Uncle",4,4,1,2,1,0
1906,"7/06/99",1,1820732,1,1,5,"Aunt",3,0,0,1,2,0
1907,"7/06/99",1,1820732,2,2,1,"Parents",2,0,0,0,2,0
1908,"7/06/99",1,1820732,2,2,2,"Brother",1,0,0,0,1,0
1909,"7/06/99",1,1820732,2,2,3,"Sister",2,0,0,0,2,0
1910,"7/06/99",1,1820732,2,2,4,"Uncle",3,3,0,0,3,0
1911,"7/06/99",1,1820732,2,2,5,"Aunt",4,0,0,2,2,0
1912,"7/06/99",1,1820831,1,1,2,"Brother",1,1,1,0,0,0
1913,"7/06/99",1,1820831,3,2,1,"Parents",1,0,1,0,0,0
1914,"7/06/99",1,1820831,3,2,2,"Brother",2,0,2,0,0,0
1915,"7/06/99",1,1820831,3,2,3,"Sister",1,0,1,0,0,0
1916,"7/06/99",1,1820931,1,1,2,"Brother",1,0,0,1,0,0
1917,"7/06/99",1,1820931,1,1,7,"Daughter",2,0,0,2,0,0
1918,"7/06/99",1,1820931,1,2,2,"Brother",1,1,1,0,0,0
1919,"7/06/99",1,1820931,1,2,7,"Daughter",2,0,0,2,0,0
1920,"7/06/99",1,1821031,1,1,3,"Sister",1,0,0,1,0,0
1921,"7/06/99",1,1821031,1,1,7,"Daughter",3,0,0,2,1,0
1922,"7/06/99",1,1821031,2,2,2,"Brother",1,0,0,0,1,0
1923,"7/06/99",1,1821031,2,2,3,"Sister",1,0,0,1,0,0
1924,"7/06/99",1,1821031,2,2,7,"Daughter",3,0,0,2,1,0
1925,"7/06/99",1,1821131,2,1,3,"Sister",1,0,0,1,0,0
1926,"7/06/99",1,1821131,3,2,1,"Parents",2,1,0,0,2,0
1927,"7/06/99",1,1821131,3,2,3,"Sister",4,0,1,0,3,0
1928,"7/06/99",1,1821131,3,2,4,"Uncle",2,0,0,0,2,0
1929,"7/06/99",1,1821131,3,2,5,"Aunt",1,0,0,0,1,0
1930,"7/06/99",1,1821231,1,1,3,"Sister",1,0,0,0,1,0
1931,"7/06/99",1,1821231,1,1,7,"Daughter",1,0,0,1,0,0
1932,"7/06/99",1,1821231,2,2,2,"Brother",2,0,0,0,2,0
1933,"7/06/99",1,1821231,2,2,7,"Daughter",1,0,0,1,0,0
1934,"7/06/99",1,1821339,1,1,2,"Brother",1,0,1,0,0,0
1935,"7/06/99",1,1821339,1,1,3,"Sister",1,0,0,1,0,0
1936,"7/06/99",1,1821339,1,1,7,"Daughter",1,0,0,1,0,0
1937,"7/06/99",1,1821339,2,2,7,"Daughter",1,0,0,1,0,0
1938,"7/06/99",1,1821439,1,1,1,"Parents",1,0,1,0,0,0
1939,"7/06/99",1,1821439,1,1,2,"Brother",1,0,1,0,0,0
1940,"7/06/99",1,1821439,1,1,3,"Sister",2,0,0,2,0,0
1941,"7/06/99",1,1821439,1,1,4,"Uncle",1,0,0,1,0,0
1942,"7/06/99",1,1821439,1,1,5,"Aunt",1,0,0,1,0,0
1943,"7/06/99",1,1821439,1,1,7,"Daughter",1,0,0,0,1,0
1944,"7/06/99",1,1821439,2,2,1,"Parents",1,0,0,1,0,0
1945,"7/06/99",1,1821439,2,2,3,"Sister",4,0,0,4,0,0
1946,"7/06/99",1,1821439,2,2,7,"Daughter",1,0,0,0,1,0
1947,"7/06/99",1,1821539,1,1,2,"Brother",2,0,1,1,0,0
1948,"7/06/99",1,1821539,1,1,3,"Sister",1,0,0,1,0,0
1949,"7/06/99",1,1821539,1,1,5,"Aunt",4,0,2,2,0,0
1950,"7/06/99",1,1821539,2,2,1,"Parents",1,0,0,1,0,0
1951,"7/06/99",1,1821539,2,2,2,"Brother",5,1,0,4,1,0
1952,"7/06/99",1,1821539,2,2,3,"Sister",2,0,0,1,1,0
1953,"7/06/99",1,1821539,2,2,4,"Uncle",1,1,0,1,0,0
1954,"7/06/99",1,1821539,2,2,5,"Aunt",5,0,2,3,0,0
1955,"7/06/99",1,1821639,1,1,2,"Brother",1,1,1,0,0,0
1956,"7/06/99",1,1821639,1,1,3,"Sister",2,0,0,1,1,0
1957,"7/06/99",1,1821639,1,1,4,"Uncle",1,0,1,0,0,0
1958,"7/06/99",1,1821639,1,1,5,"Aunt",2,0,1,0,1,0
1959,"7/06/99",1,1821639,2,2,1,"Parents",2,1,0,2,0,0
1960,"7/06/99",1,1821639,2,2,3,"Sister",1,0,0,1,0,0
1961,"7/06/99",1,1821639,2,2,4,"Uncle",1,1,0,1,0,0
1962,"7/06/99",1,1821639,2,2,5,"Aunt",2,0,0,2,0,0
1963,"7/06/99",1,1821739,1,1,2,"Brother",1,0,0,1,0,0
1964,"7/06/99",1,1821739,1,1,4,"Uncle",2,2,1,1,0,0
1965,"7/06/99",1,1821739,1,1,5,"Aunt",1,0,0,1,0,0
1966,"7/06/99",1,1821739,2,2,1,"Parents",2,1,0,0,2,0
1967,"7/06/99",1,1821739,2,2,2,"Brother",2,0,0,0,2,0
1968,"7/06/99",1,1821739,2,2,3,"Sister",1,0,0,0,1,0
1969,"7/06/99",1,1821739,2,2,4,"Uncle",1,1,0,0,1,0
1970,"7/06/99",1,1821739,2,2,5,"Aunt",8,0,0,0,8,0
1971,"7/06/99",1,1821839,1,1,1,"Parents",1,1,0,0,1,0
1972,"7/06/99",1,1821839,1,1,2,"Brother",3,0,0,1,2,0
1973,"7/06/99",1,1821839,1,1,3,"Sister",3,0,0,0,3,0
1974,"7/06/99",1,1821839,1,1,4,"Uncle",2,2,0,2,0,0
1975,"7/06/99",1,1821839,1,1,5,"Aunt",5,0,0,0,5,0
1976,"7/06/99",1,1821839,2,2,1,"Parents",2,1,2,0,0,0
1977,"7/06/99",1,1821839,2,2,2,"Brother",3,0,3,0,0,0
1978,"7/06/99",1,1821839,2,2,3,"Sister",1,0,0,1,0,0
1979,"7/06/99",1,1821839,2,2,5,"Aunt",5,0,0,5,0,0
176,"9/11/99",1,1830131,1,1,1,"Parents",2,0,2,0,0,0
177,"9/15/99",1,1830131,1,1,2,"Brother",2,1,2,0,0,0
178,"9/15/99",1,1830131,1,1,3,"Sister",5,0,1,2,2,0
179,"9/15/99",1,1830131,1,1,4,"Uncle",2,1,1,0,1,0
180,"9/15/99",1,1830131,1,1,5,"Aunt",4,1,1,2,1,0
181,"9/15/99",1,1830131,2,2,1,"Parents",2,1,0,0,2,0
182,"9/15/99",1,1830131,2,2,2,"Brother",3,0,0,0,3,0
183,"9/15/99",1,1830131,2,2,3,"Sister",1,0,0,0,1,0
184,"9/15/99",1,1830131,2,2,4,"Uncle",3,3,0,0,3,0
185,"9/15/99",1,1830131,2,2,5,"Aunt",1,1,0,0,1,0
339,"9/15/99",1,1830141,1,1,2,"Brother",5,4,4,1,0,0
340,"9/15/99",1,1830141,1,1,6,"Son",6,1,4,0,2,0
341,"9/15/99",1,1830141,1,1,7,"Daughter",2,1,1,0,1,0
342,"9/15/99",1,1830141,1,2,2,"Brother",3,3,0,3,0,0
343,"9/15/99",1,1830141,1,2,6,"Son",6,1,4,0,2,0
344,"9/15/99",1,1830141,1,2,7,"Daughter",2,1,1,0,1,0
398,"9/15/99",1,1830151,1,1,2,"Brother",1,1,1,0,0,0
399,"9/15/99",1,1830151,1,1,7,"Daughter",3,0,0,1,2,0
400,"9/15/99",1,1830151,1,2,2,"Brother",2,2,0,0,2,0
401,"9/15/99",1,1830151,1,2,3,"Sister",3,0,0,1,2,0
402,"9/15/99",1,1830151,1,2,7,"Daughter",3,0,0,1,2,0
186,"9/15/99",1,1830231,1,1,2,"Brother",4,3,3,0,1,0
187,"9/15/99",1,1830231,1,1,4,"Uncle",3,2,0,0,3,0
188,"9/15/99",1,1830231,2,2,1,"Parents",1,0,1,0,0,0
189,"9/15/99",1,1830231,2,2,2,"Brother",5,5,5,0,0,0
190,"9/15/99",1,1830231,2,2,4,"Uncle",3,3,1,2,0,0
191,"9/15/99",1,1830231,2,2,5,"Aunt",1,0,0,1,0,0
345,"9/15/99",1,1830241,1,1,3,"Sister",1,0,1,0,0,0
346,"9/15/99",1,1830241,1,1,4,"Uncle",1,0,0,0,0,0
347,"9/15/99",1,1830241,1,1,6,"Son",1,0,1,0,0,0
348,"9/15/99",1,1830241,2,2,4,"Uncle",1,1,1,0,0,0
349,"9/15/99",1,1830241,2,2,5,"Aunt",3,0,2,1,0,0
350,"9/15/99",1,1830241,2,2,6,"Son",1,0,1,0,0,0
351,"9/15/99",1,1830242,1,1,1,"Parents",2,0,2,0,0,0
352,"9/15/99",1,1830242,1,1,2,"Brother",1,0,1,0,0,0
353,"9/15/99",1,1830242,1,1,4,"Uncle",4,0,4,0,0,0
354,"9/15/99",1,1830242,1,1,5,"Aunt",3,0,1,1,1,0
355,"9/15/99",1,1830242,2,2,1,"Parents",2,1,0,0,2,0
356,"9/15/99",1,1830242,2,2,2,"Brother",4,0,0,0,4,0
357,"9/15/99",1,1830242,2,2,3,"Sister",1,0,0,0,1,0
358,"9/15/99",1,1830242,2,2,4,"Uncle",2,2,0,0,1,0
359,"9/15/99",1,1830242,2,2,5,"Aunt",1,0,0,0,1,0
403,"9/15/99",1,1830251,1,1,4,"Uncle",1,1,0,1,0,0
404,"9/15/99",1,1830251,1,1,7,"Daughter",4,0,0,3,0,0
405,"9/15/99",1,1830251,2,2,2,"Brother",1,0,0,1,0,0
406,"9/15/99",1,1830251,2,2,3,"Sister",2,0,0,2,0,0
407,"9/15/99",1,1830251,2,2,4,"Uncle",1,1,0,1,0,0
408,"9/15/99",1,1830251,2,2,7,"Daughter",4,0,0,3,0,0
192,"9/15/99",1,1830331,1,1,2,"Brother",1,1,1,0,0,0
193,"9/15/99",1,1830331,1,1,3,"Sister",2,0,0,1,1,0
194,"9/15/99",1,1830331,1,1,4,"Uncle",6,1,0,6,0,0
195,"9/15/99",1,1830331,2,2,1,"Parents",1,1,0,1,0,0
196,"9/15/99",1,1830331,2,2,2,"Brother",2,1,0,2,0,0
360,"9/15/99",1,1830341,1,1,2,"Brother",2,0,2,0,0,0
361,"9/15/99",1,1830341,1,1,3,"Sister",3,0,1,0,1,0
362,"9/15/99",1,1830341,2,2,1,"Parents",1,0,1,0,0,0
363,"9/15/99",1,1830341,2,2,2,"Brother",1,0,1,0,0,0
364,"9/15/99",1,1830341,2,2,3,"Sister",2,0,0,1,0,0
365,"9/15/99",1,1830341,2,2,4,"Uncle",2,2,0,0,2,0
366,"9/15/99",1,1830341,2,2,5,"Aunt",3,0,0,0,3,0
409,"9/15/99",1,1830351,1,1,2,"Brother",1,1,0,0,1,0
410,"9/15/99",1,1830351,1,1,3,"Sister",2,0,0,1,1,0
411,"9/15/99",1,1830351,1,1,6,"Son",2,1,2,0,0,0
412,"9/15/99",1,1830351,1,1,7,"Daughter",1,0,1,0,0,0
413,"9/15/99",1,1830351,1,2,2,"Brother",2,1,0,2,0,0
414,"9/15/99",1,1830351,1,2,4,"Uncle",2,2,0,2,0,0
415,"9/15/99",1,1830351,1,2,6,"Son",2,1,2,0,0,0
416,"9/15/99",1,1830351,1,2,7,"Daughter",1,0,1,0,0,0
197,"9/15/99",1,1830431,1,1,2,"Brother",2,0,2,0,0,0
198,"9/15/99",1,1830431,1,1,7,"Daughter",1,0,1,0,0,0
199,"9/15/99",1,1830431,2,2,2,"Brother",3,3,0,3,0,0
200,"9/15/99",1,1830431,2,2,3,"Sister",1,0,1,0,0,0
201,"9/15/99",1,1830431,2,2,4,"Uncle",2,2,0,2,0,0
202,"9/15/99",1,1830431,2,2,7,"Daughter",1,0,1,0,0,0
367,"9/15/99",1,1830441,1,1,2,"Brother",2,0,0,2,0,0
368,"9/15/99",1,1830441,1,1,3,"Sister",3,0,0,1,0,0
369,"9/15/99",1,1830441,1,2,2,"Brother",1,0,1,1,0,0
370,"9/15/99",1,1830441,1,2,3,"Sister",2,0,0,0,0,0
371,"9/15/99",1,1830441,1,2,4,"Uncle",3,1,0,3,0,0
417,"9/15/99",1,1830459,1,1,2,"Brother",3,3,3,0,0,0
418,"9/15/99",1,1830459,1,1,3,"Sister",2,1,0,1,1,0
419,"9/15/99",1,1830459,1,1,7,"Daughter",2,0,0,2,0,0
420,"9/15/99",1,1830459,2,2,2,"Brother",5,0,0,5,0,0
421,"9/15/99",1,1830459,2,2,3,"Sister",2,0,0,1,0,0
422,"9/15/99",1,1830459,2,2,4,"Uncle",2,1,0,2,0,0
423,"9/15/99",1,1830459,2,2,7,"Daughter",2,0,0,2,0,0
203,"9/15/99",1,1830531,1,1,2,"Brother",4,4,0,1,3,0
204,"9/15/99",1,1830531,1,1,3,"Sister",2,0,0,1,1,0
205,"9/15/99",1,1830531,1,1,4,"Uncle",3,0,1,2,0,0
206,"9/15/99",1,1830531,2,2,1,"Parents",2,0,2,0,0,0
207,"9/15/99",1,1830531,2,2,2,"Brother",3,0,3,0,0,0
208,"9/15/99",1,1830531,2,2,3,"Sister",3,0,0,2,1,0
209,"9/15/99",1,1830531,2,2,4,"Uncle",2,2,1,0,1,0
372,"9/15/99",1,1830541,1,1,1,"Parents",2,0,2,0,0,0
373,"9/15/99",1,1830541,1,1,2,"Brother",3,0,3,0,0,0
374,"9/15/99",1,1830541,1,1,3,"Sister",4,0,2,1,1,0
375,"9/15/99",1,1830541,1,1,4,"Uncle",2,2,1,0,1,0
376,"9/15/99",1,1830541,1,1,5,"Aunt",2,1,0,2,0,0
377,"9/15/99",1,1830541,6,2,1,"Parents",1,0,0,1,0,0
378,"9/15/99",1,1830541,6,2,2,"Brother",4,4,0,4,0,0
379,"9/15/99",1,1830541,6,2,3,"Sister",3,0,0,3,0,0
380,"9/15/99",1,1830541,6,2,4,"Uncle",1,1,0,1,0,0
381,"9/15/99",1,1830542,1,1,2,"Brother",1,0,1,0,0,0
382,"9/15/99",1,1830542,1,1,3,"Sister",2,0,0,1,1,0
383,"9/15/99",1,1830542,1,1,6,"Son",3,0,3,0,0,0
384,"9/15/99",1,1830542,1,1,7,"Daughter",4,0,1,2,1,0
385,"9/15/99",1,1830542,2,2,1,"Parents",1,0,0,1,0,0
386,"9/15/99",1,1830542,2,2,6,"Son",3,0,3,0,0,0
387,"9/15/99",1,1830542,2,2,7,"Daughter",4,0,1,2,1,0
388,"9/15/99",1,1830543,1,1,1,"Parents",2,0,2,0,0,0
389,"9/15/99",1,1830543,1,1,2,"Brother",3,0,3,0,0,0
390,"9/15/99",1,1830543,1,1,3,"Sister",4,0,1,2,1,0
391,"9/15/99",1,1830543,1,1,4,"Uncle",2,2,1,0,1,0
392,"9/15/99",1,1830543,1,1,5,"Aunt",2,0,0,1,1,0
393,"9/15/99",1,1830543,2,2,1,"Parents",2,1,0,2,0,0
394,"9/15/99",1,1830543,2,2,2,"Brother",3,1,0,3,0,0
395,"9/15/99",1,1830543,2,2,3,"Sister",2,0,0,1,1,0
396,"9/15/99",1,1830543,2,2,4,"Uncle",9,9,0,9,0,0
397,"9/15/99",1,1830543,2,2,5,"Aunt",4,4,0,1,3,0
210,"9/15/99",1,1830631,1,1,2,"Brother",3,0,2,0,1,0
211,"9/15/99",1,1830631,1,1,3,"Sister",3,0,0,3,0,0
212,"9/15/99",1,1830631,1,1,4,"Uncle",3,2,2,0,1,0
213,"9/15/99",1,1830631,1,1,5,"Aunt",2,0,0,0,2,0
214,"9/15/99",1,1830631,2,2,2,"Brother",2,0,2,0,0,0
215,"9/15/99",1,1830631,2,2,3,"Sister",2,0,2,0,0,0
216,"9/15/99",1,1830631,2,2,4,"Uncle",2,2,0,2,0,0
217,"9/15/99",1,1830631,2,2,7,"Daughter",2,0,0,2,0,0
218,"9/15/99",1,1830731,1,1,1,"Parents",1,0,1,0,0,0
219,"9/15/99",1,1830731,1,1,2,"Brother",1,1,1,0,0,0
220,"9/15/99",1,1830731,1,1,3,"Sister",5,0,0,2,3,0
221,"9/15/99",1,1830731,1,1,4,"Uncle",1,1,0,0,1,0
222,"9/15/99",1,1830731,1,1,5,"Aunt",1,0,0,1,0,0
223,"9/15/99",1,1830731,2,2,2,"Brother",1,1,1,0,0,0
224,"9/15/99",1,1830731,2,2,3,"Sister",1,0,1,0,0,0
225,"9/15/99",1,1830731,2,2,4,"Uncle",3,3,1,2,0,0
226,"9/15/99",1,1830731,2,2,5,"Aunt",3,0,0,3,0,0
227,"9/15/99",1,1830831,1,1,2,"Brother",3,3,3,0,0,0
228,"9/15/99",1,1830831,1,1,3,"Sister",4,2,2,1,1,0
229,"9/15/99",1,1830831,1,1,5,"Aunt",1,0,0,1,0,0
230,"9/15/99",1,1830831,1,2,1,"Parents",2,2,0,0,2,2
231,"9/15/99",1,1830831,1,2,2,"Brother",5,1,0,0,5,0
232,"9/15/99",1,1830831,1,2,3,"Sister",2,1,0,0,2,0
233,"9/15/99",1,1830831,1,2,5,"Aunt",4,3,0,0,4,0
234,"9/15/99",1,1830931,1,1,2,"Brother",1,1,1,0,0,0
235,"9/15/99",1,1830931,2,2,1,"Parents",2,1,2,0,0,0
236,"9/15/99",1,1830931,2,2,2,"Brother",4,0,4,0,0,0
237,"9/15/99",1,1830931,2,2,3,"Sister",3,0,2,0,1,0
238,"9/15/99",1,1830931,2,2,4,"Uncle",3,0,1,0,2,0
239,"9/15/99",1,1830931,2,2,5,"Aunt",2,0,0,0,2,0
240,"9/15/99",1,1831031,1,1,2,"Brother",2,1,2,0,0,0
241,"9/15/99",1,1831031,1,1,3,"Sister",1,0,0,0,1,0
242,"9/15/99",1,1831031,1,1,7,"Daughter",1,0,0,0,1,0
243,"9/15/99",1,1831031,2,2,1,"Parents",1,0,0,0,1,0
244,"9/15/99",1,1831031,2,2,2,"Brother",2,2,0,0,2,0
245,"9/15/99",1,1831031,2,2,3,"Sister",3,0,0,0,3,0
246,"9/15/99",1,1831031,2,2,4,"Uncle",2,1,0,0,2,0
247,"9/15/99",1,1831031,2,2,5,"Aunt",3,0,0,0,3,0
248,"9/15/99",1,1831031,2,2,7,"Daughter",1,0,0,0,1,0
249,"9/15/99",1,1831131,1,1,2,"Brother",2,2,2,0,0,0
250,"9/15/99",1,1831131,1,1,3,"Sister",1,0,0,1,0,0
251,"9/15/99",1,1831131,2,2,1,"Parents",2,1,0,2,0,0
252,"9/15/99",1,1831131,2,2,2,"Brother",4,0,0,4,0,0
253,"9/15/99",1,1831131,2,2,3,"Sister",3,0,0,1,2,0
254,"9/15/99",1,1831131,2,2,4,"Uncle",5,2,0,5,0,0
255,"9/15/99",1,1831131,2,2,5,"Aunt",4,0,0,0,4,0
256,"9/15/99",1,1831231,1,1,1,"Parents",2,1,2,0,0,0
257,"9/15/99",1,1831231,1,1,2,"Brother",2,0,2,0,0,0
258,"9/15/99",1,1831231,1,1,3,"Sister",4,0,0,3,1,0
259,"9/15/99",1,1831231,1,1,4,"Uncle",2,0,2,0,0,0
260,"9/15/99",1,1831231,1,1,5,"Aunt",1,0,0,0,1,0
261,"9/15/99",1,1831231,1,1,7,"Daughter",1,0,0,0,1,0
262,"9/15/99",1,1831231,2,2,1,"Parents",1,0,0,0,1,0
263,"9/15/99",1,1831231,2,2,2,"Brother",1,1,0,0,1,0
264,"9/15/99",1,1831231,2,2,3,"Sister",2,0,0,1,1,0
265,"9/15/99",1,1831231,2,2,7,"Daughter",1,0,0,0,1,0
266,"9/15/99",1,1831339,1,1,1,"Parents",2,0,2,0,0,0
267,"9/15/99",1,1831339,1,1,2,"Brother",4,0,4,0,0,0
268,"9/15/99",1,1831339,1,1,3,"Sister",5,0,1,2,2,0
269,"9/15/99",1,1831339,1,1,4,"Uncle",2,1,0,1,1,0
270,"9/15/99",1,1831339,1,1,5,"Aunt",4,3,0,2,2,0
271,"9/15/99",1,1831339,2,2,1,"Parents",2,0,2,0,0,0
272,"9/15/99",1,1831339,2,2,2,"Brother",2,0,2,0,0,0
273,"9/15/99",1,1831339,2,2,3,"Sister",4,0,3,0,1,0
274,"9/15/99",1,1831339,2,2,4,"Uncle",6,0,6,0,0,0
275,"9/15/99",1,1831339,2,2,5,"Aunt",8,0,3,0,5,0
276,"9/15/99",1,1831439,1,1,2,"Brother",2,1,2,0,0,0
277,"9/15/99",1,1831439,1,1,3,"Sister",1,0,0,1,0,0
278,"9/15/99",1,1831439,1,1,7,"Daughter",2,0,0,0,2,0
279,"9/15/99",1,1831439,2,2,1,"Parents",1,0,0,0,1,0
280,"9/15/99",1,1831439,2,2,2,"Brother",1,1,0,0,1,1
281,"9/15/99",1,1831439,2,2,3,"Sister",1,0,0,0,1,0
282,"9/15/99",1,1831439,2,2,5,"Aunt",1,0,0,0,1,0
283,"9/15/99",1,1831439,2,2,7,"Daughter",2,0,0,0,2,0
284,"9/15/99",1,1831539,1,1,1,"Parents",1,0,0,0,1,0
285,"9/15/99",1,1831539,1,1,2,"Brother",4,2,4,0,0,0
286,"9/15/99",1,1831539,1,1,4,"Uncle",4,4,0,0,4,0
287,"9/15/99",1,1831539,1,1,5,"Aunt",2,0,0,0,2,0
288,"9/15/99",1,1831539,2,2,2,"Brother",1,0,0,1,0,0
289,"9/15/99",1,1831539,2,2,3,"Sister",1,0,0,1,0,0
290,"9/15/99",1,1831639,1,1,2,"Brother",2,1,2,0,0,0
291,"9/15/99",1,1831639,1,1,3,"Sister",6,0,1,4,1,0
292,"9/15/99",1,1831639,1,1,7,"Daughter",1,0,0,1,0,0
293,"9/15/99",1,1831639,2,2,1,"Parents",1,0,0,1,0,0
294,"9/15/99",1,1831639,2,2,2,"Brother",2,2,0,2,0,2
295,"9/15/99",1,1831639,2,2,3,"Sister",4,0,0,4,0,0
296,"9/15/99",1,1831639,2,2,7,"Daughter",1,0,0,1,0,0
297,"9/15/99",1,1831739,1,1,2,"Brother",2,0,1,1,0,0
298,"9/15/99",1,1831739,1,1,3,"Sister",2,0,0,2,0,0
299,"9/15/99",1,1831739,1,1,4,"Uncle",1,0,1,0,0,0
300,"9/15/99",1,1831739,2,2,2,"Brother",3,0,0,0,3,0
301,"9/15/99",1,1831739,2,2,3,"Sister",1,0,0,0,1,0
302,"9/15/99",1,1831839,1,1,2,"Brother",2,0,2,0,0,0
303,"9/15/99",1,1831839,1,1,7,"Daughter",4,0,0,4,0,0
304,"9/15/99",1,1831839,2,2,2,"Brother",2,0,0,2,0,0
305,"9/15/99",1,1831839,2,2,3,"Sister",1,0,0,1,0,0
306,"9/15/99",1,1831839,2,2,4,"Uncle",2,2,0,2,0,0
307,"9/15/99",1,1831839,2,2,7,"Daughter",4,0,0,4,0,0
308,"9/15/99",1,1831939,1,1,1,"Parents",1,0,0,0,1,0
309,"9/15/99",1,1831939,1,1,2,"Brother",4,1,3,0,1,0
310,"9/15/99",1,1831939,1,1,4,"Uncle",4,4,0,0,4,0
311,"9/15/99",1,1831939,2,2,1,"Parents",1,0,1,0,0,0
312,"9/15/99",1,1831939,2,2,2,"Brother",6,3,6,0,0,0
313,"9/15/99",1,1831939,2,2,4,"Uncle",1,1,1,0,0,0
314,"9/15/99",1,1832039,1,1,2,"Brother",2,1,2,0,0,0
315,"9/15/99",1,1832039,1,1,3,"Sister",1,0,0,0,1,0
316,"9/15/99",1,1832039,2,2,1,"Parents",2,0,0,2,0,0
317,"9/15/99",1,1832039,2,2,2,"Brother",3,0,0,3,0,0
318,"9/15/99",1,1832039,2,2,3,"Sister",2,0,0,2,0,0
319,"9/15/99",1,1832039,2,2,4,"Uncle",3,1,3,0,0,0
320,"9/15/99",1,1832039,2,2,5,"Aunt",4,0,4,0,0,0
321,"9/15/99",1,1832039,2,2,7,"Daughter",1,0,1,0,0,0
322,"9/15/99",1,1832139,1,1,1,"Parents",1,0,1,0,0,0
323,"9/15/99",1,1832139,1,1,2,"Brother",1,0,1,0,0,0
324,"9/15/99",1,1832139,1,1,7,"Daughter",1,0,0,0,1,0
325,"9/15/99",1,1832139,2,2,2,"Brother",3,0,1,0,2,0
326,"9/15/99",1,1832139,2,2,3,"Sister",4,0,0,1,3,0
327,"9/15/99",1,1832139,2,2,4,"Uncle",1,0,0,0,1,0
328,"9/15/99",1,1832139,2,2,7,"Daughter",1,0,0,0,1,0
329,"9/15/99",1,1832239,1,1,1,"Parents",2,2,2,0,0,0
330,"9/15/99",1,1832239,1,1,2,"Brother",3,0,3,0,0,0
331,"9/15/99",1,1832239,1,1,3,"Sister",3,0,1,2,0,0
332,"9/15/99",1,1832239,1,1,4,"Uncle",1,1,1,0,0,0
333,"9/15/99",1,1832239,1,1,5,"Aunt",1,0,1,0,0,0
334,"9/15/99",1,1832239,2,2,1,"Parents",2,1,0,0,0,0
335,"9/15/99",1,1832239,2,2,2,"Brother",2,0,0,0,0,0
336,"9/15/99",1,1832239,2,2,3,"Sister",3,0,0,0,0,0
337,"9/15/99",1,1832239,2,2,4,"Uncle",5,5,2,0,0,0
338,"9/15/99",1,1832239,2,2,5,"Aunt",2,0,0,0,0,0
1,"9/15/99",1,1840139,1,1,1,"Parents",2,0,2,2,0,0
2,"9/17/99",1,1840139,1,1,2,"Brother",3,0,3,3,0,0
3,"9/17/99",1,1840139,1,1,3,"Sister",2,0,0,1,1,0
4,"9/17/99",1,1840139,1,1,4,"Uncle",1,0,1,1,0,0
5,"9/17/99",1,1840139,2,2,2,"Brother",3,0,0,3,0,0
6,"9/17/99",1,1840139,2,2,3,"Sister",1,0,0,1,0,0
7,"9/17/99",1,1840139,2,2,4,"Uncle",1,0,0,1,0,0
168,"9/17/99",1,1840149,1,1,1,"Parents",1,0,1,1,0,0
169,"9/17/99",1,1840149,1,1,3,"Sister",1,0,1,1,0,0
170,"9/17/99",1,1840149,1,1,4,"Uncle",3,0,3,3,0,0
171,"9/17/99",1,1840149,2,2,1,"Parents",2,0,2,2,0,0
172,"9/17/99",1,1840149,2,2,2,"Brother",3,0,3,3,0,0
173,"9/17/99",1,1840149,2,2,4,"Uncle",2,0,2,2,0,0
174,"9/17/99",1,1840149,2,2,5,"Aunt",1,0,0,1,0,0
198,"9/17/99",1,1840159,1,1,2,"Brother",1,1,1,1,0,0
199,"9/17/99",1,1840159,2,2,1,"Parents",2,2,2,2,0,0
200,"9/17/99",1,1840159,2,2,2,"Brother",4,4,4,4,0,0
201,"9/17/99",1,1840159,2,2,3,"Sister",5,0,4,4,1,0
202,"9/17/99",1,1840159,2,2,4,"Uncle",3,3,3,3,0,0
203,"9/17/99",1,1840159,2,2,5,"Aunt",1,0,0,1,0,0
8,"9/17/99",1,1840239,1,1,2,"Brother",1,0,1,1,0,0
9,"9/17/99",1,1840239,1,1,7,"Daughter",2,0,0,2,0,0
10,"9/17/99",1,1840239,2,2,1,"Parents",1,0,0,1,0,0
11,"9/17/99",1,1840239,2,2,2,"Brother",5,0,0,5,0,0
12,"9/17/99",1,1840239,2,2,3,"Sister",3,0,0,3,0,0
13,"9/17/99",1,1840239,2,2,5,"Aunt",1,0,0,1,0,0
14,"9/17/99",1,1840239,2,2,7,"Daughter",2,0,0,2,0,0
175,"9/17/99",1,1840249,1,1,6,"Son",1,0,0,1,0,0
176,"9/17/99",1,1840249,1,1,7,"Daughter",3,0,0,1,2,0
177,"9/17/99",1,1840249,2,2,6,"Son",1,0,0,1,0,0
178,"9/17/99",1,1840249,2,2,7,"Daughter",3,0,0,1,2,0
204,"9/17/99",1,1840259,1,1,1,"Parents",1,1,1,1,0,0
205,"9/17/99",1,1840259,1,1,2,"Brother",3,3,3,3,0,0
206,"9/17/99",1,1840259,1,1,3,"Sister",3,3,0,2,1,0
207,"9/17/99",1,1840259,1,1,7,"Daughter",2,0,0,1,1,0
208,"9/17/99",1,1840259,2,2,2,"Brother",1,1,0,1,0,0
209,"9/17/99",1,1840259,2,2,3,"Sister",1,0,0,1,0,0
210,"9/17/99",1,1840259,2,2,7,"Daughter",2,0,0,1,1,0
15,"9/17/99",1,1840339,1,1,2,"Brother",6,0,4,4,1,0
16,"9/17/99",1,1840339,1,1,3,"Sister",5,0,1,2,2,0
17,"9/17/99",1,1840339,1,1,4,"Uncle",3,3,3,3,0,0
18,"9/17/99",1,1840339,1,1,5,"Aunt",5,2,3,3,0,0
19,"9/17/99",1,1840339,2,2,1,"Parents",2,0,0,0,2,0
20,"9/17/99",1,1840339,2,2,2,"Brother",3,2,0,0,3,0
21,"9/17/99",1,1840339,2,2,3,"Sister",5,0,0,1,4,0
22,"9/17/99",1,1840339,2,2,4,"Uncle",1,0,0,0,1,0
179,"9/17/99",1,1840349,1,1,3,"Sister",1,0,0,1,0,0
180,"9/17/99",1,1840349,2,2,2,"Brother",1,0,0,1,0,0
181,"9/17/99",1,1840349,2,2,3,"Sister",3,0,0,1,2,0
211,"9/17/99",1,1840359,1,1,1,"Parents",1,0,1,1,0,0
212,"9/17/99",1,1840359,1,1,2,"Brother",1,1,1,1,0,0
213,"9/17/99",1,1840359,1,1,3,"Sister",2,0,0,1,1,0
214,"9/17/99",1,1840359,1,1,4,"Uncle",2,2,2,2,0,0
215,"9/17/99",1,1840359,2,2,1,"Parents",1,1,0,1,0,1
216,"9/17/99",1,1840359,2,2,2,"Brother",2,2,0,2,0,2
217,"9/17/99",1,1840359,2,2,3,"Sister",2,0,0,1,1,0
218,"9/17/99",1,1840359,2,2,4,"Uncle",4,4,0,4,0,0
23,"9/17/99",1,1840439,1,1,2,"Brother",1,1,1,1,0,0
24,"9/17/99",1,1840439,1,1,3,"Sister",1,0,1,1,0,0
25,"9/17/99",1,1840439,2,2,1,"Parents",2,1,0,2,0,1
26,"9/17/99",1,1840439,2,2,2,"Brother",1,1,0,1,0,0
27,"9/17/99",1,1840439,2,2,3,"Sister",3,3,2,2,1,2
28,"9/17/99",1,1840439,2,2,4,"Uncle",4,4,0,4,0,0
182,"9/17/99",1,1840449,1,1,1,"Parents",2,0,2,2,0,0
183,"9/17/99",1,1840449,1,1,2,"Brother",3,0,3,3,0,0
184,"9/17/99",1,1840449,1,1,3,"Sister",2,0,0,2,0,0
185,"9/17/99",1,1840449,1,1,4,"Uncle",3,1,3,3,0,0
186,"9/17/99",1,1840449,1,1,5,"Aunt",1,0,0,1,0,0
187,"9/17/99",1,1840449,2,2,1,"Parents",2,0,0,2,0,0
188,"9/17/99",1,1840449,2,2,2,"Brother",1,0,0,1,0,0
189,"9/17/99",1,1840449,2,2,3,"Sister",2,0,0,2,0,0
190,"9/17/99",1,1840449,2,2,4,"Uncle",2,0,0,2,0,0
191,"9/17/99",1,1840449,2,2,5,"Aunt",3,0,0,3,0,0
219,"9/17/99",1,1840459,1,1,2,"Brother",3,3,3,3,0,0
220,"9/17/99",1,1840459,2,2,1,"Parents",2,1,2,2,0,0
221,"9/17/99",1,1840459,2,2,2,"Brother",2,0,2,2,0,0
222,"9/17/99",1,1840459,2,2,3,"Sister",4,0,3,3,1,0
223,"9/17/99",1,1840459,2,2,4,"Uncle",4,4,1,3,0,0
224,"9/17/99",1,1840459,2,2,5,"Aunt",4,0,4,4,0,0
29,"9/17/99",1,1840539,1,1,1,"Parents",2,1,2,2,0,0
30,"9/17/99",1,1840539,1,1,2,"Brother",4,1,3,3,1,0
31,"9/17/99",1,1840539,1,1,3,"Sister",3,0,0,1,2,0
32,"9/17/99",1,1840539,1,1,4,"Uncle",1,1,1,1,0,0
33,"9/17/99",1,1840539,1,1,5,"Aunt",1,1,0,1,0,0
34,"9/17/99",1,1840539,2,2,1,"Parents",2,0,0,0,2,0
35,"9/17/99",1,1840539,2,2,2,"Brother",2,0,0,0,2,0
36,"9/17/99",1,1840539,2,2,3,"Sister",2,0,0,0,2,0
37,"9/17/99",1,1840539,2,2,4,"Uncle",1,0,0,0,1,0
38,"9/17/99",1,1840539,2,2,5,"Aunt",1,0,0,0,1,0
192,"9/17/99",1,1840549,1,1,2,"Brother",1,1,1,1,0,0
193,"9/17/99",1,1840549,1,1,3,"Sister",1,0,0,1,0,0
194,"9/17/99",1,1840549,1,1,7,"Daughter",1,0,0,1,0,0
195,"9/17/99",1,1840549,2,2,3,"Sister",2,0,0,2,0,0
196,"9/17/99",1,1840549,2,2,4,"Uncle",1,0,0,1,0,0
197,"9/17/99",1,1840549,2,2,7,"Daughter",1,0,0,1,0,0
225,"9/17/99",1,1840559,1,1,1,"Parents",1,0,1,1,0,0
226,"9/17/99",1,1840559,1,1,2,"Brother",4,4,4,4,0,0
227,"9/17/99",1,1840559,1,1,3,"Sister",2,0,1,1,0,0
228,"9/17/99",1,1840559,2,2,1,"Parents",2,1,0,1,1,0
229,"9/17/99",1,1840559,2,2,2,"Brother",1,0,0,1,0,0
230,"9/17/99",1,1840559,2,2,4,"Uncle",1,0,0,0,1,0
231,"9/17/99",1,1840559,2,2,5,"Aunt",2,0,0,0,2,0
39,"9/17/99",1,1840639,1,1,1,"Parents",2,1,2,2,0,0
40,"9/17/99",1,1840639,1,1,2,"Brother",4,1,4,4,0,0
41,"9/17/99",1,1840639,1,1,3,"Sister",3,0,0,1,0,0
42,"9/17/99",1,1840639,1,1,4,"Uncle",1,1,1,1,0,0
43,"9/17/99",1,1840639,1,1,5,"Aunt",1,0,0,1,0,0
44,"9/17/99",1,1840639,2,2,1,"Parents",1,0,0,1,0,0
45,"9/17/99",1,1840639,2,2,2,"Brother",4,4,0,4,0,1
46,"9/17/99",1,1840639,2,2,3,"5",5,5,0,5,0,0
47,"9/17/99",1,1840739,1,1,6,"Son",2,0,2,2,0,0
48,"9/17/99",1,1840739,1,1,7,"Daughter",2,0,0,0,2,0
49,"9/17/99",1,1840739,2,2,2,"Brother",1,1,0,1,0,0
50,"9/17/99",1,1840739,2,2,3,"Sister",2,1,0,1,1,0
51,"9/17/99",1,1840739,2,2,6,"Son",2,0,2,2,0,0
52,"9/17/99",1,1840739,2,2,7,"Daughter",2,0,0,0,2,0
53,"9/17/99",1,1840839,1,1,1,"Parents",1,0,1,1,0,0
54,"9/17/99",1,1840839,1,1,2,"Brother",3,0,3,3,0,0
55,"9/17/99",1,1840839,1,1,3,"Sister",1,0,0,1,0,0
56,"9/17/99",1,1840839,2,2,1,"Parents",2,1,0,0,2,0
57,"9/17/99",1,1840839,2,2,2,"Brother",2,0,0,0,2,0
58,"9/17/99",1,1840839,2,2,3,"Sister",1,0,0,0,1,0
59,"9/17/99",1,1840839,2,2,4,"Uncle",2,2,0,0,2,0
60,"9/17/99",1,1840839,2,2,5,"Aunt",1,0,0,0,1,0
61,"9/17/99",1,1840939,2,1,1,"Parents",2,1,2,2,0,0
62,"9/17/99",1,1840939,2,1,2,"Brother",3,0,3,3,0,0
63,"9/17/99",1,1840939,2,1,3,"Sister",4,0,2,2,0,0
64,"9/17/99",1,1840939,2,1,4,"Uncle",1,0,1,1,0,0
65,"9/17/99",1,1840939,2,1,5,"Aunt",2,0,0,1,1,0
66,"9/17/99",1,1840939,2,2,1,"Parents",1,1,0,1,0,0
67,"9/17/99",1,1840939,2,2,2,"Brother",3,1,0,3,0,0
68,"9/17/99",1,1840939,2,2,3,"Sister",4,0,0,4,0,0
69,"9/17/99",1,1840939,2,2,5,"Aunt",1,0,0,1,0,0
70,"9/17/99",1,1841039,1,1,2,"Brother",2,2,2,2,0,0
71,"9/17/99",1,1841039,1,1,4,"Uncle",2,1,1,1,1,0
72,"9/17/99",1,1841039,1,1,5,"Aunt",1,1,1,1,0,0
73,"9/17/99",1,1841039,2,2,1,"Parents",1,0,0,1,0,0
74,"9/17/99",1,1841039,2,2,2,"Brother",3,0,0,3,0,0
75,"9/17/99",1,1841039,2,2,3,"Sister",3,1,0,2,1,0
76,"9/17/99",1,1841039,2,2,4,"Uncle",1,1,0,1,0,0
77,"9/17/99",1,1841039,2,2,5,"Aunt",2,2,0,2,0,0
78,"9/17/99",1,1841139,1,1,1,"Parents",2,1,2,2,0,0
79,"9/17/99",1,1841139,1,1,2,"Brother",5,0,5,5,0,0
80,"9/17/99",1,1841139,1,1,3,"Sister",5,0,0,1,4,0
81,"9/17/99",1,1841139,1,1,4,"Uncle",1,1,1,1,0,0
82,"9/17/99",1,1841139,1,1,5,"Aunt",2,2,0,1,1,0
83,"9/17/99",1,1841139,2,2,1,"Parents",2,1,2,2,0,0
84,"9/17/99",1,1841139,2,2,2,"Brother",4,0,3,3,1,0
85,"9/17/99",1,1841139,2,2,3,"Sister",2,0,0,2,0,0
86,"9/17/99",1,1841139,2,2,4,"Uncle",1,0,1,1,0,0
87,"9/17/99",1,1841139,2,2,5,"Aunt",5,4,0,0,5,0
88,"9/17/99",1,1841239,1,1,1,"Parents",1,0,1,1,0,0
89,"9/17/99",1,1841239,1,1,2,"Brother",3,3,3,3,0,0
90,"9/17/99",1,1841239,1,1,3,"Sister",3,1,2,2,1,0
91,"9/17/99",1,1841239,2,2,1,"Parents",2,1,0,2,0,0
92,"9/17/99",1,1841239,2,2,2,"Brother",2,0,0,2,0,0
93,"9/17/99",1,1841239,2,2,3,"Sister",4,0,0,4,0,0
94,"9/17/99",1,1841239,2,2,4,"Uncle",3,1,0,3,0,0
95,"9/17/99",1,1841239,2,2,5,"Aunt",1,0,0,1,0,0
96,"9/17/99",1,1841339,1,1,2,"Brother",1,1,1,1,0,0
97,"9/17/99",1,1841339,1,1,3,"Sister",4,0,1,2,1,0
98,"9/17/99",1,1841339,1,1,5,"Aunt",1,1,0,1,0,0
99,"9/17/99",1,1841339,2,2,1,"Parents",2,1,0,0,1,0
100,"9/17/99",1,1841339,2,2,2,"Brother",3,0,0,0,3,0
101,"9/17/99",1,1841339,2,2,3,"Sister",3,0,0,0,3,0
102,"9/17/99",1,1841339,2,2,4,"Uncle",6,3,0,0,3,0
103,"9/17/99",1,1841339,2,2,5,"Aunt",3,2,0,1,2,0
104,"9/17/99",1,1841439,1,1,2,"Brother",2,2,0,2,0,0
105,"9/17/99",1,1841439,1,1,3,"Sister",4,4,0,4,0,0
106,"9/17/99",1,1841439,1,1,6,"Son",2,0,2,2,0,0
107,"9/17/99",1,1841439,1,1,7,"Daughter",2,0,0,0,2,0
108,"9/17/99",1,1841439,2,2,2,"Brother",1,1,0,1,0,0
109,"9/17/99",1,1841439,2,2,3,"Sister",4,0,0,3,1,0
110,"9/17/99",1,1841439,2,2,6,"Son",2,0,2,2,0,0
111,"9/17/99",1,1841439,2,2,7,"Daughter",2,0,0,0,2,0
112,"9/17/99",1,1841539,1,1,2,"Brother",5,4,5,5,0,0
113,"9/17/99",1,1841539,1,1,3,"Sister",1,1,0,0,1,0
114,"9/17/99",1,1841539,1,1,4,"Uncle",1,1,1,1,0,0
115,"9/17/99",1,1841539,2,2,1,"Parents",2,1,1,1,1,0
116,"9/17/99",1,1841539,2,2,2,"Brother",2,2,2,2,0,0
117,"9/17/99",1,1841539,2,2,4,"Uncle",3,0,3,3,0,0
118,"9/17/99",1,1841539,2,2,5,"Aunt",4,2,3,3,1,0
119,"9/17/99",1,1841639,1,1,3,"Sister",2,0,0,0,2,0
120,"9/17/99",1,1841639,1,1,4,"Uncle",1,0,0,0,1,0
121,"9/17/99",1,1841639,1,1,5,"Aunt",1,0,0,0,1,0
122,"9/17/99",1,1841639,2,2,1,"Parents",2,0,0,2,0,0
123,"9/17/99",1,1841639,2,2,2,"Brother",2,0,0,2,0,0
124,"9/17/99",1,1841639,2,2,3,"Sister",3,0,0,2,1,0
125,"9/17/99",1,1841639,2,2,4,"Uncle",5,0,0,5,0,0
126,"9/17/99",1,1841639,2,2,5,"Aunt",3,2,0,2,1,0
127,"9/17/99",1,1841739,1,1,2,"Brother",2,1,2,2,0,0
128,"9/17/99",1,1841739,1,1,3,"Sister",2,0,1,1,0,0
129,"9/17/99",1,1841739,1,1,7,"Daughter",1,0,1,1,0,0
130,"9/17/99",1,1841739,2,2,2,"Brother",3,0,0,3,0,0
131,"9/17/99",1,1841739,2,2,3,"Sister",1,0,0,1,0,0
132,"9/17/99",1,1841739,2,2,4,"Uncle",2,0,0,2,0,0
133,"9/17/99",1,1841739,2,2,7,"Daughter",1,0,1,1,0,0
134,"9/17/99",1,1841839,1,1,1,"Parents",1,0,1,1,0,0
135,"9/17/99",1,1841839,1,1,2,"Brother",4,0,4,4,0,0
136,"9/17/99",1,1841839,1,1,3,"Sister",4,0,1,3,0,0
137,"9/17/99",1,1841839,1,1,5,"Aunt",3,0,2,2,0,0
138,"9/17/99",1,1841839,2,2,1,"Parents",1,0,0,1,0,0
139,"9/17/99",1,1841839,2,2,2,"Brother",2,0,0,2,0,0
140,"9/17/99",1,1841839,2,2,4,"Uncle",1,1,0,1,0,0
141,"9/17/99",1,1841939,1,1,1,"Parents",1,0,1,1,0,0
142,"9/17/99",1,1841939,1,1,2,"Brother",2,2,2,2,0,0
143,"9/17/99",1,1841939,1,1,3,"Sister",1,0,1,1,0,0
144,"9/17/99",1,1841939,1,1,4,"Uncle",1,1,0,0,1,0
145,"9/17/99",1,1841939,2,2,1,"Parents",2,1,2,2,0,0
146,"9/17/99",1,1841939,2,2,2,"Brother",1,0,1,1,0,0
147,"9/17/99",1,1841939,2,2,3,"Sister",5,0,1,1,4,0
148,"9/17/99",1,1841939,2,2,4,"Uncle",1,1,1,1,0,0
149,"9/17/99",1,1841939,2,2,5,"Aunt",4,0,2,2,2,0
150,"9/17/99",1,1841939,2,2,7,"Daughter",1,0,1,1,0,0
151,"9/17/99",1,1842039,1,1,1,"Parents",1,0,1,1,0,0
152,"9/17/99",1,1842039,1,1,2,"Brother",1,1,1,1,0,0
153,"9/17/99",1,1842039,1,1,3,"Sister",3,0,1,1,0,0
154,"9/17/99",1,1842039,1,1,4,"Uncle",5,5,0,0,5,0
155,"9/17/99",1,1842039,1,1,5,"Aunt",5,5,0,0,5,0
156,"9/17/99",1,1842039,2,2,1,"Parents",2,1,0,2,0,0
157,"9/17/99",1,1842039,2,2,2,"Brother",3,0,0,3,0,0
158,"9/17/99",1,1842039,2,2,3,"Sister",4,0,0,4,0,0
159,"9/17/99",1,1842039,2,2,4,"Uncle",9,9,0,4,5,0
160,"9/17/99",1,1842139,1,1,4,"Uncle",1,1,1,1,0,0
161,"9/17/99",1,1842139,1,1,7,"Daughter",1,0,1,1,0,0
162,"9/17/99",1,1842139,2,2,1,"Parents",1,0,0,0,1,0
163,"9/17/99",1,1842139,2,2,2,"Brother",5,5,0,0,5,0
164,"9/17/99",1,1842139,2,2,3,"Sister",1,0,0,1,0,0
165,"9/17/99",1,1842139,2,2,4,"Uncle",5,5,0,0,5,0
166,"9/17/99",1,1842139,2,2,5,"Aunt",1,0,0,0,0,0
167,"9/17/99",1,1842139,2,2,7,"Daughter",1,0,1,1,0,0
303,"9/19/99",1,1910141,2,1,1,"Parents",1,0,1,1,0,0
304,"9/19/99",1,1910141,2,1,2,"Brother",1,1,1,1,0,0
305,"9/19/99",1,1910141,2,1,3,"Sister",6,0,2,5,1,0
306,"9/19/99",1,1910141,2,1,4,"Uncle",1,1,1,1,0,0
307,"9/19/99",1,1910141,2,1,6,"Son",1,0,0,0,1,0
308,"9/19/99",1,1910141,2,1,7,"Daughter",1,0,0,0,1,0
309,"9/19/99",1,1910141,2,2,1,"Parents",1,0,0,1,0,0
310,"9/19/99",1,1910141,2,2,2,"Brother",3,0,0,1,2,0
311,"9/19/99",1,1910141,2,2,3,"Sister",6,0,0,3,3,0
312,"9/19/99",1,1910141,2,2,4,"Uncle",1,1,0,0,1,1
313,"9/19/99",1,1910141,2,2,5,"Aunt",4,0,1,1,3,0
315,"9/19/99",1,1910141,2,2,6,"Son",1,0,0,0,1,0
324,"9/19/99",1,1910151,1,1,1,"Parents",1,0,1,1,0,0
325,"9/19/99",1,1910151,1,1,2,"Brother",3,3,3,3,0,0
326,"9/19/99",1,1910151,1,1,3,"Sister",1,0,0,1,0,0
327,"9/19/99",1,1910151,1,1,5,"Aunt",1,0,0,1,0,0
328,"9/19/99",1,1910151,1,2,1,"Parents",1,0,1,1,0,0
329,"9/19/99",1,1910151,1,2,2,"Brother",1,0,1,1,0,0
330,"9/19/99",1,1910151,1,2,3,"Sister",3,0,2,3,0,0
331,"9/19/99",1,1910151,1,2,4,"Uncle",4,4,1,3,1,0
332,"9/19/99",1,1910151,1,2,5,"Aunt",2,0,1,2,0,0
156,"9/12/99",1,1910231,2,1,2,"Brother",1,0,1,1,0,0
157,"9/19/99",1,1910231,2,1,3,"Sister",3,0,3,3,0,0
158,"9/19/99",1,1910231,2,1,4,"Uncle",1,0,1,1,0,0
159,"9/19/99",1,1910231,2,1,5,"Aunt",2,0,0,2,0,0
160,"9/19/99",1,1910231,2,2,1,"Parents",1,0,0,1,0,0
161,"9/19/99",1,1910231,2,2,2,"Brother",2,0,0,2,0,0
162,"9/19/99",1,1910231,2,2,3,"Sister",3,0,0,3,0,0
163,"9/19/99",1,1910232,2,1,2,"Brother",1,0,1,1,0,1
164,"9/19/99",1,1910232,2,1,3,"Sister",3,0,3,3,0,0
165,"9/19/99",1,1910232,2,1,4,"Uncle",1,0,1,1,0,0
166,"9/19/99",1,1910232,2,1,5,"Aunt",2,0,1,2,0,0
167,"9/19/99",1,1910232,2,2,2,"Brother",6,0,0,0,6,2
168,"9/19/99",1,1910232,2,2,3,"Sister",2,0,0,2,0,0
316,"9/19/99",1,1910241,2,1,2,"Brother",1,0,1,1,0,0
317,"9/19/99",1,1910241,2,1,3,"Sister",2,0,0,1,1,0
318,"9/19/99",1,1910241,2,1,4,"Uncle",1,0,1,1,0,0
319,"9/19/99",1,1910241,2,1,6,"Son",1,0,1,1,0,0
320,"9/19/99",1,1910241,2,1,7,"Daughter",2,0,0,2,0,0
321,"9/19/99",1,1910241,2,2,1,"Parents",1,0,0,1,0,0
322,"9/19/99",1,1910241,2,2,6,"Son",1,0,1,1,0,0
323,"9/19/99",1,1910241,2,2,7,"Daughter",2,0,0,2,0,0
348,"9/19/99",1,1910251,3,1,1,"Parents",1,0,1,1,0,0
349,"9/19/99",1,1910251,3,1,2,"Brother",1,1,1,1,0,0
350,"9/19/99",1,1910251,3,1,3,"Sister",3,0,0,3,0,0
351,"9/19/99",1,1910251,3,2,2,"Brother",3,0,0,3,0,0
352,"9/19/99",1,1910251,3,2,3,"Sister",1,0,0,1,0,0
169,"9/19/99",1,1910331,5,1,3,"Sister",2,0,1,2,0,0
170,"9/19/99",1,1910331,5,1,7,"Daughter",1,0,0,0,1,0
171,"9/19/99",1,1910331,5,2,1,"Parents",2,0,0,0,2,0
172,"9/19/99",1,1910331,5,2,2,"Brother",2,0,0,0,2,0
173,"9/19/99",1,1910331,5,2,3,"Sister",3,0,0,0,3,0
174,"9/19/99",1,1910331,5,2,5,"Aunt",1,0,0,0,1,0
175,"9/19/99",1,1910331,5,2,7,"Daughter",1,0,0,0,1,0
176,"9/19/99",1,1910431,2,1,1,"Parents",1,0,0,1,0,0
177,"9/19/99",1,1910431,2,1,2,"Brother",5,0,0,2,3,0
178,"9/19/99",1,1910431,2,1,3,"Sister",1,0,0,0,1,0
179,"9/19/99",1,1910431,2,1,7,"Daughter",2,0,0,2,0,0
180,"9/19/99",1,1910431,2,2,1,"Parents",1,0,1,1,0,0
181,"9/19/99",1,1910431,2,2,3,"Sister",4,0,2,2,2,0
182,"9/19/99",1,1910431,2,2,4,"Uncle",4,2,1,1,3,0
183,"9/19/99",1,1910431,2,2,7,"Daughter",2,0,0,2,0,0
337,"9/19/99",1,1910441,2,1,2,"Brother",1,0,0,1,0,0
338,"9/19/99",1,1910441,2,1,3,"Sister",2,0,0,2,0,0
339,"9/19/99",1,1910441,2,1,5,"Aunt",1,0,0,1,0,0
340,"9/19/99",1,1910441,2,2,3,"Sister",2,0,0,0,2,0
341,"9/19/99",1,1910441,2,2,5,"Aunt",2,0,0,0,2,0
353,"9/19/99",1,1910459,2,1,2,"Brother",2,0,2,2,0,0
354,"9/19/99",1,1910459,2,1,3,"Sister",1,0,1,1,0,0
355,"9/19/99",1,1910459,2,1,7,"Daughter",1,0,0,1,0,0
356,"9/19/99",1,1910459,2,2,1,"Parents",1,0,1,1,0,0
357,"9/19/99",1,1910459,2,2,2,"Brother",2,0,1,1,1,0
358,"9/19/99",1,1910459,2,2,3,"Sister",1,0,0,1,0,0
359,"9/19/99",1,1910459,2,2,5,"Aunt",1,0,0,1,0,0
360,"9/19/99",1,1910459,2,2,7,"Daughter",1,0,0,1,0,0
184,"9/19/99",1,1910531,1,1,1,"Parents",2,0,2,2,0,0
185,"9/19/99",1,1910531,1,1,2,"Brother",1,0,1,1,0,0
186,"9/19/99",1,1910531,1,1,3,"Sister",3,0,1,3,0,0
187,"9/19/99",1,1910531,1,1,4,"Uncle",9,5,5,9,0,0
188,"9/19/99",1,1910531,1,1,5,"Aunt",5,0,1,5,0,0
189,"9/19/99",1,1910531,1,2,1,"Parents",2,0,2,2,0,0
190,"9/19/99",1,1910531,1,2,2,"Brother",2,0,2,2,0,1
191,"9/19/99",1,1910531,1,2,3,"Sister",3,0,0,3,0,0
192,"9/19/99",1,1910531,1,2,4,"Uncle",5,4,0,5,0,0
193,"9/19/99",1,1910531,1,2,5,"Aunt",3,0,0,3,0,0
342,"9/19/99",1,1910541,4,1,2,"Brother",1,0,1,1,0,0
343,"9/19/99",1,1910541,4,1,3,"Sister",1,0,0,1,0,0
344,"9/19/99",1,1910541,4,2,2,"Brother",4,0,0,4,0,0
345,"9/19/99",1,1910541,4,2,3,"Sister",4,0,1,4,0,0
346,"9/19/99",1,1910541,4,2,4,"Uncle",2,0,0,2,0,0
347,"9/19/99",1,1910541,4,2,5,"Aunt",1,0,0,1,0,0
194,"9/19/99",1,1910631,2,1,2,"Brother",1,0,1,1,0,0
195,"9/19/99",1,1910631,2,1,3,"Sister",2,0,0,2,0,0
196,"9/19/99",1,1910631,2,1,4,"Uncle",3,2,3,3,0,0
197,"9/19/99",1,1910631,2,1,5,"Aunt",1,0,1,1,0,0
198,"9/19/99",1,1910631,2,2,1,"Parents",1,0,0,1,0,0
199,"9/19/99",1,1910631,2,2,2,"Brother",2,2,0,2,0,1
200,"9/19/99",1,1910631,2,2,3,"Sister",2,0,0,1,1,0
201,"9/19/99",1,1910631,2,2,4,"Uncle",3,0,0,3,0,0
202,"9/19/99",1,1910631,2,2,5,"Aunt",7,0,0,5,2,0
333,"9/19/99",1,1910641,1,1,2,"Brother",1,1,1,1,0,0
334,"9/19/99",1,1910641,1,1,3,"Sister",1,0,0,1,0,0
335,"9/19/99",1,1910641,1,1,7,"Daughter",1,0,0,1,0,0
336,"9/19/99",1,1910641,1,2,7,"Daughter",1,0,0,1,0,0
203,"9/19/99",1,1910731,2,1,1,"Parents",1,0,0,0,1,0
204,"9/19/99",1,1910731,2,1,2,"Brother",2,0,0,1,1,0
205,"9/19/99",1,1910731,2,1,3,"Sister",3,0,0,2,1,0
206,"9/19/99",1,1910731,2,1,5,"Aunt",1,0,0,1,0,0
207,"9/19/99",1,1910731,2,2,1,"Parents",1,0,1,1,0,0
208,"9/19/99",1,1910731,2,2,3,"Sister",4,0,2,4,0,0
209,"9/19/99",1,1910731,2,2,4,"Uncle",4,0,0,4,0,0
210,"9/19/99",1,1910831,1,1,2,"Brother",2,2,2,2,0,0
211,"9/19/99",1,1910831,1,1,3,"Sister",1,0,1,1,0,0
212,"9/19/99",1,1910831,1,2,2,"Brother",1,1,0,1,0,0
213,"9/19/99",1,1910931,1,1,2,"Brother",2,2,0,2,0,2
214,"9/19/99",1,1910931,1,1,3,"Sister",5,0,0,5,0,0
215,"9/19/99",1,1910931,1,1,4,"Uncle",2,2,0,2,0,0
216,"9/19/99",1,1910931,1,1,5,"Aunt",1,0,0,1,0,0
217,"9/19/99",1,1910931,1,1,7,"Daughter",5,0,0,2,3,2
218,"9/19/99",1,1910931,1,2,2,"Brother",1,0,1,1,0,0
219,"9/19/99",1,1910931,1,2,3,"Sister",3,0,1,3,0,0
220,"9/19/99",1,1910931,1,2,4,"Uncle",2,0,0,2,0,1
221,"9/19/99",1,1910931,1,2,7,"Daughter",5,0,0,2,3,2
222,"9/19/99",1,1911031,6,1,3,"Sister",3,0,0,3,0,0
223,"9/19/99",1,1911031,6,2,1,"Parents",1,0,0,1,0,0
224,"9/19/99",1,1911031,6,2,2,"Brother",2,0,0,1,1,0
225,"9/19/99",1,1911031,6,2,3,"Sister",1,0,0,1,0,0
226,"9/19/99",1,1911231,1,1,6,"Son",2,0,0,2,0,1
227,"9/19/99",1,1911231,1,2,3,"Sister",2,0,0,0,2,0
228,"9/19/99",1,1911231,1,2,6,"Son",2,0,0,2,0,0
229,"9/19/99",1,1911331,1,1,2,"Brother",5,5,3,5,0,0
230,"9/19/99",1,1911331,1,1,3,"Sister",2,0,1,2,0,0
231,"9/19/99",1,1911331,1,1,7,"Daughter",3,0,0,1,2,2
232,"9/19/99",1,1911331,1,2,2,"Brother",1,0,0,1,0,0
233,"9/19/99",1,1911331,1,2,3,"Sister",1,0,0,1,0,0
234,"9/19/99",1,1911331,1,2,7,"Daughter",3,0,0,1,2,2
235,"9/19/99",1,1911431,2,1,2,"Brother",2,0,2,2,0,0
236,"9/19/99",1,1911431,2,1,3,"Sister",1,0,1,1,0,0
237,"9/19/99",1,1911431,2,1,7,"Daughter",2,0,2,2,0,0
238,"9/19/99",1,1911431,2,2,1,"Parents",1,0,1,1,0,0
239,"9/19/99",1,1911431,2,2,2,"Brother",3,0,3,3,0,0
240,"9/19/99",1,1911431,2,2,3,"Sister",3,0,1,3,0,0
241,"9/19/99",1,1911431,2,2,4,"Uncle",3,0,0,3,0,0
242,"9/19/99",1,1911431,2,2,5,"Aunt",1,0,0,1,0,0
243,"9/19/99",1,1911431,2,2,7,"Daughter",2,0,2,2,0,0
244,"9/19/99",1,1911539,2,1,3,"Sister",1,0,0,1,0,0
245,"9/19/99",1,1911539,2,1,4,"Uncle",1,0,1,1,0,0
246,"9/19/99",1,1911539,2,1,5,"Aunt",1,0,1,1,0,0
247,"9/19/99",1,1911539,2,1,7,"Daughter",1,0,0,1,0,0
248,"9/19/99",1,1911539,2,2,2,"Brother",1,0,0,1,0,0
249,"9/19/99",1,1911539,2,2,3,"Sister",2,0,0,2,0,0
250,"9/19/99",1,1911539,2,2,5,"Aunt",1,0,0,1,0,0
251,"9/19/99",1,1911539,2,2,7,"Daughter",1,0,0,1,0,0
252,"9/19/99",1,1911639,2,1,1,"Parents",1,0,1,1,0,0
253,"9/19/99",1,1911639,2,1,2,"Brother",2,0,2,2,0,0
254,"9/19/99",1,1911639,2,1,3,"Sister",3,0,1,3,0,0
255,"9/19/99",1,1911639,2,1,4,"Uncle",2,1,1,1,1,0
256,"9/19/99",1,1911639,2,1,5,"Aunt",5,0,0,4,1,0
257,"9/19/99",1,1911639,2,2,1,"Parents",2,0,2,2,0,0
258,"9/19/99",1,1911639,2,2,2,"Brother",2,0,2,2,0,1
259,"9/19/99",1,1911639,2,2,3,"Sister",3,0,1,1,2,0
260,"9/19/99",1,1911639,2,2,4,"Uncle",1,0,1,1,0,0
261,"9/19/99",1,1911639,2,2,5,"Aunt",4,0,1,3,0,0
262,"9/19/99",1,1911739,2,1,1,"Parents",2,1,2,2,0,0
263,"9/19/99",1,1911739,2,1,2,"Brother",2,0,2,2,0,0
264,"9/19/99",1,1911739,2,1,3,"Sister",2,0,0,2,0,0
265,"9/19/99",1,1911739,2,1,4,"Uncle",3,2,1,3,0,0
266,"9/19/99",1,1911739,2,1,5,"Aunt",4,0,1,3,1,0
267,"9/19/99",1,1911739,2,2,1,"Parents",1,0,1,1,0,0
268,"9/19/99",1,1911739,2,2,2,"Brother",4,0,2,2,2,0
269,"9/19/99",1,1911739,2,2,3,"Sister",1,0,1,1,0,0
270,"9/19/99",1,1911739,2,2,4,"Uncle",2,0,1,1,1,0
271,"9/19/99",1,1911739,2,2,5,"Aunt",5,0,2,4,1,0
272,"9/19/99",1,1911839,2,1,2,"Brother",2,2,2,2,0,0
273,"9/19/99",1,1911839,2,1,3,"Sister",2,0,0,2,0,0
274,"9/19/99",1,1911839,2,1,4,"Uncle",1,1,0,1,0,1
275,"9/19/99",1,1911839,2,1,7,"Daughter",3,0,2,2,1,0
276,"9/19/99",1,1911839,2,2,1,"Parents",1,0,0,1,0,0
277,"9/19/99",1,1911839,2,2,2,"Brother",1,1,0,1,0,1
278,"9/19/99",1,1911839,2,2,3,"Sister",2,0,0,2,0,0
279,"9/19/99",1,1911839,2,2,4,"Uncle",1,1,1,1,0,0
280,"9/19/99",1,1911839,2,2,5,"Aunt",2,0,1,2,0,0
281,"9/19/99",1,1911839,2,2,7,"Daughter",3,0,2,2,1,0
282,"9/19/99",1,1911939,2,1,1,"Parents",1,0,1,1,0,0
283,"9/19/99",1,1911939,2,1,2,"Brother",3,3,3,3,0,1
284,"9/19/99",1,1911939,2,1,3,"Sister",2,0,0,2,0,0
285,"9/19/99",1,1911939,2,1,4,"Uncle",4,2,2,4,0,0
286,"9/19/99",1,1911939,2,1,5,"Aunt",1,0,0,0,1,0
287,"9/19/99",1,1911939,2,2,1,"Parents",1,1,0,1,0,1
288,"9/19/99",1,1911939,2,2,2,"Brother",4,2,0,3,1,2
289,"9/19/99",1,1911939,2,2,3,"Sister",1,0,0,1,0,0
290,"9/19/99",1,1911939,2,2,4,"Uncle",2,0,0,1,1,0
291,"9/19/99",1,1911939,2,2,5,"Aunt",3,0,1,3,0,0
292,"9/19/99",1,1912039,2,1,1,"Parents",1,0,1,1,0,0
293,"9/19/99",1,1912039,2,1,2,"Brother",3,2,3,3,0,0
294,"9/19/99",1,1912039,2,1,3,"Sister",2,0,0,2,0,0
295,"9/19/99",1,1912039,2,1,4,"Uncle",4,3,3,3,1,0
296,"9/19/99",1,1912039,2,1,5,"Aunt",1,0,0,1,0,0
297,"9/19/99",1,1912039,2,1,7,"Daughter",2,0,0,1,1,0
298,"9/19/99",1,1912039,2,2,2,"Brother",2,0,0,2,0,0
299,"9/19/99",1,1912039,2,2,3,"Sister",3,0,1,3,0,0
300,"9/19/99",1,1912039,2,2,4,"Uncle",6,4,0,5,1,2
301,"9/19/99",1,1912039,2,2,5,"Aunt",1,0,0,1,0,0
302,"9/19/99",1,1912039,2,2,7,"Daughter",2,0,0,1,1,0
2192,"7/04/99",1,1920131,4,1,2,"Brother",1,0,0,1,0,0
2193,"7/04/99",1,1920131,4,1,4,"Uncle",1,1,1,1,0,0
2194,"7/04/99",1,1920131,4,1,6,"Son",2,0,0,0,2,2
2195,"7/04/99",1,1920131,4,1,7,"Daughter",2,0,0,1,1,0
2196,"7/04/99",1,1920131,4,2,3,"Sister",1,0,1,1,0,0
2197,"7/04/99",1,1920131,4,2,6,"Son",2,0,0,0,2,2
2198,"7/04/99",1,1920131,4,2,7,"Daughter",2,0,0,1,1,0
2377,"7/04/99",1,1920141,2,1,3,"Sister",1,0,0,0,1,0
2378,"7/04/99",1,1920141,2,1,6,"Son",1,0,0,0,1,0
2379,"7/04/99",1,1920141,2,1,7,"Daughter",3,0,0,0,3,1
2380,"7/04/99",1,1920141,2,2,1,"Parents",1,0,0,0,1,0
2381,"7/04/99",1,1920141,2,2,2,"Brother",2,0,0,0,2,0
2382,"7/04/99",1,1920141,2,2,3,"Sister",3,0,0,1,2,0
2383,"7/04/99",1,1920141,2,2,6,"Son",1,0,0,0,1,0
2384,"7/04/99",1,1920141,2,2,7,"Daughter",3,0,0,0,3,1
2418,"7/04/99",1,1920151,2,1,2,"Brother",1,0,1,1,0,0
2419,"7/04/99",1,1920151,2,1,3,"Sister",2,0,1,2,0,0
2420,"7/04/99",1,1920151,2,1,4,"Uncle",4,2,2,2,2,0
2421,"7/04/99",1,1920151,2,1,5,"Aunt",1,0,0,1,0,0
2422,"7/04/99",1,1920151,2,1,6,"Son",1,0,0,0,1,1
2423,"7/04/99",1,1920151,2,1,7,"Daughter",1,0,0,1,0,1
2424,"7/04/99",1,1920151,2,2,2,"Brother",3,2,0,3,0,0
2425,"7/04/99",1,1920151,2,2,3,"Sister",1,0,0,1,0,0
2426,"7/04/99",1,1920151,2,2,4,"Uncle",5,4,0,5,0,0
2427,"7/04/99",1,1920151,2,2,5,"Aunt",3,0,1,2,0,0
2428,"7/04/99",1,1920151,2,2,6,"Son",1,0,0,0,1,1
2429,"7/04/99",1,1920151,2,2,7,"Daughter",1,0,0,1,0,1
2199,"7/04/99",1,1920231,2,1,2,"Brother",1,0,1,1,0,0
2200,"7/04/99",1,1920231,2,1,6,"Son",1,0,0,0,1,1
2201,"7/04/99",1,1920231,2,1,7,"Daughter",6,0,0,2,4,0
2202,"7/04/99",1,1920231,2,2,2,"Brother",3,0,0,3,0,0
2203,"7/04/99",1,1920231,2,2,3,"Sister",6,0,2,4,0,0
2204,"7/04/99",1,1920231,2,2,6,"Son",1,0,0,0,1,1
2205,"7/04/99",1,1920231,2,2,7,"Daughter",6,0,0,2,4,0
2385,"7/04/99",1,1920241,6,1,3,"Sister",1,0,0,0,1,0
2386,"7/04/99",1,1920241,6,1,5,"Aunt",1,0,1,0,0,0
2387,"7/04/99",1,1920241,6,2,1,"Parents",1,0,1,0,0,0
2388,"7/04/99",1,1920241,6,2,2,"Brother",1,0,1,0,0,0
2389,"7/04/99",1,1920241,6,2,3,"Sister",4,0,2,1,1,0
2390,"7/04/99",1,1920241,6,2,4,"Uncle",3,0,0,0,0,0
2391,"7/04/99",1,1920241,6,2,5,"Aunt",2,1,1,0,1,0
2430,"7/04/99",1,1920251,3,1,6,"Son",1,1,0,0,1,1
2431,"7/04/99",1,1920251,3,2,2,"Brother",2,0,0,2,0,0
2432,"7/04/99",1,1920251,3,2,3,"Sister",1,0,0,1,0,0
2433,"7/04/99",1,1920251,3,2,6,"Son",1,1,0,0,1,1
2206,"7/04/99",1,1920331,1.79769313486232e+308,1,3,"Sister",2,0,0,1,1,0
2207,"7/04/99",1,1920331,1.79769313486232e+308,1,4,"Uncle",1,0,0,1,0,0
2208,"7/04/99",1,1920331,1.79769313486232e+308,1,6,"Son",1,0,0,0,1,1
2209,"7/04/99",1,1920331,1.79769313486232e+308,1,7,"Daughter",2,0,1,2,0,0
2210,"7/04/99",1,1920331,1.79769313486232e+308,2,2,"Brother",3,0,0,3,0,0
2211,"7/04/99",1,1920331,1.79769313486232e+308,2,3,"Sister",2,0,0,0,0,0
2212,"7/04/99",1,1920331,1.79769313486232e+308,2,5,"Aunt",2,0,0,0,2,0
2213,"7/04/99",1,1920331,1.79769313486232e+308,2,6,"Son",1,0,0,0,1,1
2214,"7/04/99",1,1920331,1.79769313486232e+308,2,7,"Daughter",2,0,1,2,0,0
2434,"7/04/99",1,1920351,2,1,2,"Brother",3,0,0,1,2,0
2435,"7/04/99",1,1920351,2,1,3,"Sister",2,0,1,1,1,0
2436,"7/04/99",1,1920351,2,1,4,"Uncle",2,0,2,2,0,0
2437,"7/04/99",1,1920351,2,1,5,"Aunt",2,0,1,1,1,0
2438,"7/04/99",1,1920351,2,2,1,"Parents",2,0,0,2,0,0
2439,"7/04/99",1,1920351,2,2,2,"Brother",1,0,0,0,1,0
2440,"7/04/99",1,1920351,2,2,3,"Sister",3,0,0,1,2,0
2441,"7/04/99",1,1920351,2,2,4,"Uncle",1,0,0,1,0,0
2215,"7/04/99",1,1920431,1,1,2,"Brother",1,0,0,0,1,0
2216,"7/04/99",1,1920431,1,1,3,"Sister",2,0,1,1,0,0
2217,"7/04/99",1,1920431,1,1,6,"Son",2,0,2,2,0,0
2218,"7/04/99",1,1920431,1,2,1,"Parents",1,0,0,1,0,0
2219,"7/04/99",1,1920431,1,2,2,"Brother",4,4,0,4,0,0
2220,"7/04/99",1,1920431,1,2,3,"Sister",3,0,1,2,0,0
2221,"7/04/99",1,1920431,1,2,4,"Uncle",1,0,0,1,0,0
2222,"7/04/99",1,1920431,1,2,5,"Aunt",2,0,0,2,0,0
2223,"7/04/99",1,1920431,1,2,6,"Son",2,0,2,2,0,0
2392,"7/04/99",1,1920441,1,1,1,"Parents",1,0,1,1,0,0
2393,"7/04/99",1,1920441,1,1,2,"Brother",2,0,2,2,0,0
2394,"7/04/99",1,1920441,1,1,3,"Sister",2,0,1,2,0,0
2395,"7/04/99",1,1920441,1,1,4,"Uncle",4,1,4,4,0,1
2396,"7/04/99",1,1920441,1,1,5,"Aunt",1,0,0,1,0,0
2397,"7/04/99",1,1920441,1,2,2,"Brother",2,2,0,2,0,0
2398,"7/04/99",1,1920441,1,2,3,"Sister",1,0,0,1,0,0
2399,"7/04/99",1,1920441,1,2,4,"Uncle",1,1,0,1,0,0
2400,"7/04/99",1,1920441,1,2,5,"Aunt",2,0,0,2,0,0
2442,"7/04/99",1,1920459,1,1,7,"Daughter",2,0,0,0,2,0
2443,"7/04/99",1,1920459,1,2,2,"Brother",2,0,0,2,0,0
2444,"7/04/99",1,1920459,1,2,7,"Daughter",2,0,0,0,2,0
2224,"7/04/99",1,1920531,2,1,1,"Parents",1,0,1,1,0,0
2225,"7/04/99",1,1920531,2,1,3,"Sister",1,0,0,0,1,1
2226,"7/04/99",1,1920531,2,1,4,"Uncle",3,0,0,0,3,1
2227,"7/04/99",1,1920531,2,1,5,"Aunt",1,0,0,0,1,0
2228,"7/04/99",1,1920531,2,2,1,"Parents",1,0,1,1,0,1
2229,"7/04/99",1,1920531,2,2,3,"Sister",1,0,1,1,0,0
2230,"7/04/99",1,1920531,2,2,4,"Uncle",2,0,1,1,1,0
2231,"7/04/99",1,1920531,2,2,5,"Aunt",4,0,2,2,2,0
2401,"7/04/99",1,1920541,2,1,3,"Sister",2,0,0,2,0,0
2402,"7/04/99",1,1920541,2,1,4,"Uncle",5,3,2,5,0,0
2403,"7/04/99",1,1920541,2,1,5,"Aunt",3,0,0,2,1,0
2404,"7/04/99",1,1920541,2,2,1,"Parents",1,0,0,1,0,0
2405,"7/04/99",1,1920541,2,2,2,"Brother",3,0,0,3,0,2
2406,"7/04/99",1,1920541,2,2,3,"Sister",1,0,0,1,0,0
2407,"7/04/99",1,1920541,2,2,4,"Uncle",2,0,0,2,0,0
2408,"7/04/99",1,1920541,2,2,5,"Aunt",3,0,0,3,0,0
2232,"7/04/99",1,1920631,1,1,1,"Parents",1,0,1,0,0,0
2233,"7/04/99",1,1920631,1,1,2,"Brother",4,0,2,0,2,0
2234,"7/04/99",1,1920631,1,1,3,"Sister",3,0,1,0,2,0
2235,"7/04/99",1,1920631,1,1,4,"Uncle",2,1,1,2,0,0
2236,"7/04/99",1,1920631,1,1,5,"Aunt",3,0,1,2,0,0
2237,"7/04/99",1,1920631,1,2,1,"Parents",2,1,0,0,2,1
2238,"7/04/99",1,1920631,1,2,2,"Brother",3,0,0,0,3,1
2239,"7/04/99",1,1920631,1,2,3,"Sister",1,0,0,0,1,0
2240,"7/04/99",1,1920631,1,2,4,"Uncle",3,0,0,0,3,0
2241,"7/04/99",1,1920631,1,2,5,"Aunt",3,0,0,0,3,0
2409,"7/04/99",1,1920641,1,1,1,"Parents",1,0,1,1,0,0
2410,"7/04/99",1,1920641,1,1,2,"Brother",3,0,0,3,0,0
2411,"7/04/99",1,1920641,1,1,3,"Sister",4,0,0,3,1,1
2412,"7/04/99",1,1920641,1,1,4,"Uncle",2,0,1,2,0,0
2413,"7/04/99",1,1920641,1,2,1,"Parents",2,0,2,2,0,0
2414,"7/04/99",1,1920641,1,2,2,"Brother",3,0,3,3,0,0
2415,"7/04/99",1,1920641,1,2,3,"Sister",4,0,1,4,0,0
2416,"7/04/99",1,1920641,1,2,4,"Uncle",2,0,2,0,0,0
2417,"7/04/99",1,1920641,1,2,5,"Aunt",6,0,4,1,1,0
2242,"7/04/99",1,1920731,2,1,2,"Brother",1,1,1,1,0,1
2243,"7/04/99",1,1920731,2,1,3,"Sister",2,0,0,2,0,0
2244,"7/04/99",1,1920731,2,1,4,"Uncle",1,1,1,0,0,0
2245,"7/04/99",1,1920731,2,2,1,"Parents",1,1,1,1,0,0
2246,"7/04/99",1,1920731,2,2,2,"Brother",4,0,4,4,0,2
2247,"7/04/99",1,1920731,2,2,3,"Sister",1,0,0,1,0,0
2248,"7/04/99",1,1920731,2,2,4,"Uncle",2,2,1,2,0,0
2249,"7/04/99",1,1920831,1,1,3,"Sister",1,0,1,1,0,0
2250,"7/04/99",1,1920831,1,1,4,"Uncle",2,0,0,0,2,0
2251,"7/04/99",1,1920831,1,1,5,"Aunt",2,0,1,1,1,0
2252,"7/04/99",1,1920831,1,2,2,"Brother",1,0,1,0,0,0
2253,"7/04/99",1,1920831,1,2,3,"Sister",3,0,1,2,1,0
2254,"7/04/99",1,1920831,1,2,4,"Uncle",1,0,1,1,0,0
2255,"7/04/99",1,1920831,1,2,5,"Aunt",1,0,1,1,0,0
2257,"7/04/99",1,1920931,8,1,2,"Brother",1,0,0,1,0,0
2258,"7/04/99",1,1920931,8,1,4,"Uncle",1,0,1,1,0,0
2259,"7/04/99",1,1920931,8,1,6,"Son",2,0,0,0,2,2
2260,"7/04/99",1,1920931,8,1,7,"Daughter",3,0,2,2,1,0
2261,"7/04/99",1,1920931,8,2,3,"Sister",1,0,1,1,0,0
2262,"7/04/99",1,1920931,8,2,6,"Son",2,0,1,0,2,2
2263,"7/04/99",1,1920931,8,2,7,"Daughter",3,0,2,2,1,0
2264,"7/04/99",1,1921031,3,1,2,"Brother",1,0,1,1,0,0
2265,"7/04/99",1,1921031,3,1,4,"Uncle",1,0,1,1,0,0
2266,"7/04/99",1,1921031,3,1,6,"Son",1,0,1,1,0,0
2267,"7/04/99",1,1921031,3,2,2,"Brother",2,0,1,2,0,0
2268,"7/04/99",1,1921031,3,2,3,"Sister",1,0,1,1,0,1
2269,"7/04/99",1,1921031,3,2,4,"Uncle",1,1,0,1,0,0
2270,"7/04/99",1,1921031,3,2,6,"Son",1,0,0,0,1,1
2271,"7/04/99",1,1921231,3,1,2,"Brother",2,0,0,2,0,0
2272,"7/04/99",1,1921231,3,1,3,"Sister",2,0,0,1,1,0
2273,"7/04/99",1,1921231,3,1,5,"Aunt",1,0,0,0,0,0
2274,"7/04/99",1,1921231,3,1,6,"Son",1,0,0,0,1,0
2275,"7/04/99",1,1921231,3,1,7,"Daughter",4,0,1,1,3,0
2276,"7/04/99",1,1921231,3,2,2,"Brother",1,0,0,0,1,0
2277,"7/04/99",1,1921231,3,2,4,"Uncle",3,0,3,3,0,0
2278,"7/04/99",1,1921231,3,2,5,"Aunt",1,0,1,1,0,0
2279,"7/04/99",1,1921231,3,2,6,"Son",1,0,0,0,1,0
2280,"7/04/99",1,1921231,3,2,7,"Daughter",4,0,1,1,3,0
2281,"7/04/99",1,1921331,1,1,7,"Daughter",1,0,0,1,0,0
2282,"7/04/99",1,1921331,1,2,1,"Parents",2,1,0,0,2,0
2283,"7/04/99",1,1921331,1,2,2,"Brother",3,0,0,0,3,0
2284,"7/04/99",1,1921331,1,2,3,"Sister",3,0,0,2,1,0
2285,"7/04/99",1,1921331,1,2,4,"Uncle",4,3,0,4,0,0
2286,"7/04/99",1,1921331,1,2,5,"Aunt",2,0,1,2,0,0
2287,"7/04/99",1,1921331,1,2,7,"Daughter",1,0,0,1,0,0
2288,"7/04/99",1,1921431,1,1,2,"Brother",1,0,1,1,0,0
2289,"7/04/99",1,1921431,1,1,4,"Uncle",1,0,1,1,0,0
2290,"7/04/99",1,1921431,1,2,1,"Parents",2,1,0,0,2,0
2291,"7/04/99",1,1921431,1,2,2,"Brother",4,0,0,0,4,0
2292,"7/04/99",1,1921431,1,2,3,"Sister",4,0,0,0,4,0
2293,"7/04/99",1,1921431,1,2,4,"Uncle",7,0,0,0,7,0
2294,"7/04/99",1,1921431,1,2,5,"Aunt",1,0,0,0,1,0
2295,"7/04/99",1,1921539,1,1,1,"Parents",1,0,0,1,0,1
2296,"7/04/99",1,1921539,1,1,2,"Brother",2,0,1,1,0,0
2297,"7/04/99",1,1921539,1,1,3,"Sister",1,0,0,0,1,0
2298,"7/04/99",1,1921539,1,1,5,"Aunt",1,0,0,1,0,0
2299,"7/04/99",1,1921539,1,1,6,"Son",2,0,0,1,1,1
2300,"7/04/99",1,1921539,1,1,7,"Daughter",1,0,0,1,0,0
2301,"7/04/99",1,1921639,2,1,1,"Parents",1,1,1,1,0,1
2302,"7/04/99",1,1921639,2,1,2,"Brother",4,0,3,3,1,0
2303,"7/04/99",1,1921639,2,1,3,"Sister",3,0,1,3,0,0
2304,"7/04/99",1,1921639,2,1,4,"Uncle",5,2,5,5,0,1
2305,"7/04/99",1,1921639,2,1,5,"Aunt",2,0,1,2,0,0
2306,"7/04/99",1,1921639,2,2,1,"Parents",2,1,2,2,0,1
2307,"7/04/99",1,1921639,2,2,2,"Brother",1,0,1,1,0,1
2308,"7/04/99",1,1921639,2,2,3,"Sister",7,0,1,3,4,0
2309,"7/04/99",1,1921639,2,2,4,"Uncle",4,3,0,4,0,1
2310,"7/04/99",1,1921639,2,2,5,"Aunt",3,0,0,3,0,0
2311,"7/04/99",1,1921739,2,1,1,"Parents",1,0,1,1,0,0
2312,"7/04/99",1,1921739,2,1,2,"Brother",3,2,3,3,0,0
2313,"7/04/99",1,1921739,2,1,3,"Sister",1,0,1,1,0,0
2314,"7/04/99",1,1921739,2,1,4,"Uncle",1,1,1,1,0,0
2315,"7/04/99",1,1921739,2,2,1,"Parents",1,0,0,1,0,0
2316,"7/04/99",1,1921739,2,2,2,"Brother",3,3,0,3,0,0
2317,"7/04/99",1,1921739,2,2,3,"Sister",2,0,0,0,2,0
2318,"7/04/99",1,1921739,2,2,4,"Uncle",2,2,0,2,0,0
2319,"7/04/99",1,1921739,2,2,5,"Aunt",1,0,0,1,0,0
2320,"7/04/99",1,1921839,2,1,1,"Parents",2,0,0,2,0,0
2321,"7/04/99",1,1921839,2,1,2,"Brother",2,0,0,2,0,0
2322,"7/04/99",1,1921839,2,1,3,"Sister",4,0,1,1,3,0
2323,"7/04/99",1,1921839,2,1,5,"Aunt",1,0,0,1,0,0
2324,"7/04/99",1,1921839,2,2,1,"Parents",1,0,1,1,0,0
2325,"7/04/99",1,1921839,2,2,2,"Brother",1,1,1,1,0,1
2326,"7/04/99",1,1921839,2,2,3,"Sister",3,0,1,3,0,0
2327,"7/04/99",1,1921839,2,2,4,"Uncle",1,0,1,1,0,0
2328,"7/04/99",1,1921839,2,2,5,"Aunt",2,0,0,1,1,0
2329,"7/04/99",1,1921939,1,1,3,"Sister",2,0,0,1,1,0
2330,"7/04/99",1,1921939,1,2,2,"Brother",2,0,0,0,2,0
2331,"7/04/99",1,1922039,2,1,1,"Parents",1,1,1,1,0,0
2332,"7/04/99",1,1922039,2,1,2,"Brother",4,1,3,3,1,0
2333,"7/04/99",1,1922039,2,1,3,"Sister",3,0,1,3,0,0
2334,"7/04/99",1,1922039,2,1,4,"Uncle",4,0,3,3,1,0
2335,"7/04/99",1,1922039,2,1,5,"Aunt",2,0,0,2,0,0
2336,"7/04/99",1,1922039,2,2,1,"Parents",2,0,0,2,0,0
2337,"7/04/99",1,1922039,2,2,3,"Sister",5,0,0,3,2,0
2338,"7/04/99",1,1922039,2,2,5,"Aunt",2,0,0,1,1,0
2339,"7/04/99",1,1922139,2,1,1,"Parents",1,0,1,1,0,0
2340,"7/04/99",1,1922139,2,1,2,"Brother",2,0,2,2,0,0
2341,"7/04/99",1,1922139,2,1,3,"Sister",5,0,2,2,3,0
2342,"7/04/99",1,1922139,2,1,4,"Uncle",1,0,1,1,0,0
2343,"7/04/99",1,1922139,2,1,5,"Aunt",2,0,1,0,1,0
2344,"7/04/99",1,1922139,2,2,1,"Parents",2,0,0,2,0,1
2345,"7/04/99",1,1922139,2,2,2,"Brother",3,1,0,3,0,0
2346,"7/04/99",1,1922139,2,2,3,"Sister",1,0,0,1,0,0
2347,"7/04/99",1,1922139,2,2,4,"Uncle",5,3,0,5,0,0
2348,"7/04/99",1,1922139,2,2,5,"Aunt",4,0,1,3,0,0
2349,"7/04/99",1,1922239,2,1,1,"Parents",1,1,0,1,0,0
2350,"7/04/99",1,1922239,2,1,2,"Brother",2,2,0,2,0,0
2351,"7/04/99",1,1922239,2,1,3,"Sister",2,0,0,2,0,0
2352,"7/04/99",1,1922239,2,1,4,"Uncle",3,2,0,3,0,0
2353,"7/04/99",1,1922239,2,1,5,"Aunt",4,0,1,3,0,0
2354,"7/04/99",1,1922239,2,2,1,"Parents",1,0,1,1,0,1
2355,"7/04/99",1,1922239,2,2,2,"Brother",2,0,2,2,0,1
2356,"7/04/99",1,1922239,2,2,3,"Sister",5,0,1,4,0,0
2357,"7/04/99",1,1922239,2,2,4,"Uncle",4,0,4,4,0,0
2358,"7/04/99",1,1922239,2,2,5,"Aunt",4,0,2,4,0,0
2359,"7/04/99",1,1922339,2,1,1,"Parents",1,0,1,1,0,0
2360,"7/04/99",1,1922339,2,1,2,"Brother",1,0,1,1,0,0
2361,"7/04/99",1,1922339,2,1,3,"Sister",2,0,0,2,0,0
2362,"7/04/99",1,1922339,2,1,4,"Uncle",5,0,1,4,0,0
2363,"7/04/99",1,1922339,2,1,5,"Aunt",2,0,1,2,0,0
2364,"7/04/99",1,1922339,2,2,1,"Parents",2,0,0,2,0,0
2365,"7/04/99",1,1922339,2,2,2,"Brother",1,0,0,1,0,0
2366,"7/04/99",1,1922339,2,2,3,"Sister",1,0,0,1,0,0
2367,"7/04/99",1,1922339,2,2,4,"Uncle",5,3,0,5,0,0
2368,"7/04/99",1,1922339,2,2,5,"Aunt",6,0,0,6,0,0
2369,"7/04/99",1,1922439,1,1,1,"Parents",2,1,2,2,0,0
2370,"7/04/99",1,1922439,1,1,2,"Brother",3,0,0,0,3,0
2371,"7/04/99",1,1922439,1,1,3,"Sister",4,0,2,2,2,0
2372,"7/04/99",1,1922439,1,1,4,"Uncle",5,0,5,5,0,0
2373,"7/04/99",1,1922439,1,1,5,"Aunt",2,0,1,1,1,0
2374,"7/04/99",1,1922439,1,1,6,"Son",1,0,0,0,1,1
2375,"7/04/99",1,1922439,1,2,3,"Sister",3,0,0,1,2,0
2376,"7/04/99",1,1922439,1,2,6,"Son",1,0,0,0,1,1
188,"7/11/99",1,1930131,2,1,2,"Brother",3,3,3,3,0,0
189,"7/11/99",1,1930131,2,1,3,"Sister",4,0,0,4,0,0
190,"7/11/99",1,1930131,2,1,7,"Daughter",2,0,0,0,2,0
191,"7/11/99",1,1930131,2,2,1,"Parents",2,0,0,0,2,0
192,"7/11/99",1,1930131,2,2,2,"Brother",2,0,0,0,2,0
193,"7/11/99",1,1930131,2,2,3,"Sister",2,0,0,0,2,0
194,"7/11/99",1,1930131,2,2,4,"Uncle",7,0,0,4,3,0
195,"7/11/99",1,1930131,2,2,5,"Aunt",1,0,0,0,1,0
196,"7/11/99",1,1930131,2,2,7,"Daughter",2,0,0,0,2,0
308,"7/11/99",1,1930141,1,1,2,"Brother",1,0,0,0,1,0
309,"7/11/99",1,1930141,1,1,3,"Sister",1,0,0,0,1,0
310,"7/11/99",1,1930141,1,1,6,"Son",2,0,0,0,2,2
311,"7/11/99",1,1930141,1,1,7,"Daughter",1,0,0,0,1,0
312,"7/11/99",1,1930141,1,2,2,"Brother",3,3,3,3,0,3
313,"7/11/99",1,1930141,1,2,3,"Sister",1,0,1,1,0,0
314,"7/11/99",1,1930141,1,2,4,"Uncle",3,0,0,2,1,0
315,"7/11/99",1,1930141,1,2,5,"Aunt",1,0,0,0,1,0
316,"7/11/99",1,1930141,1,2,6,"Son",2,0,0,0,2,0
317,"7/11/99",1,1930141,1,2,7,"Daughter",1,0,0,0,1,0
355,"7/11/99",1,1930151,1,1,1,"Parents",1,0,1,1,0,0
356,"7/11/99",1,1930151,1,1,2,"Brother",3,2,3,3,0,0
357,"7/11/99",1,1930151,1,1,3,"Sister",2,0,1,1,1,0
358,"7/11/99",1,1930151,1,1,4,"Uncle",2,2,0,1,1,0
359,"7/11/99",1,1930151,1,2,1,"Parents",2,0,2,2,0,0
360,"7/11/99",1,1930151,1,2,2,"Brother",2,0,2,2,0,0
361,"7/11/99",1,1930151,1,2,3,"Sister",2,0,0,2,0,0
362,"7/11/99",1,1930151,1,2,4,"Uncle",4,0,3,4,0,0
363,"7/11/99",1,1930151,1,2,5,"Aunt",5,0,1,3,2,0
197,"7/11/99",1,1930231,1,1,2,"Brother",3,0,0,0,0,0
198,"7/11/99",1,1930231,1,1,5,"Aunt",1,0,0,1,0,0
199,"7/11/99",1,1930231,1,2,2,"Brother",2,0,0,2,0,0
200,"7/11/99",1,1930231,1,2,3,"Sister",2,2,0,2,0,0
201,"7/11/99",1,1930231,1,2,5,"Aunt",1,0,0,0,1,0
318,"7/11/99",1,1930241,2,1,1,"Parents",1,0,1,1,0,0
319,"7/11/99",1,1930241,2,1,2,"Brother",2,0,2,2,0,0
320,"7/11/99",1,1930241,2,1,3,"Sister",3,0,2,2,1,0
321,"7/11/99",1,1930241,2,2,1,"Parents",2,0,2,2,0,0
322,"7/11/99",1,1930241,2,2,2,"Brother",2,0,0,0,2,0
323,"7/11/99",1,1930241,2,2,3,"Sister",2,0,0,0,2,0
324,"7/11/99",1,1930241,2,2,4,"Uncle",3,0,1,1,2,0
325,"7/11/99",1,1930241,2,2,5,"Aunt",1,0,0,0,1,0
364,"7/11/99",1,1930251,2,1,3,"Sister",2,0,1,1,1,0
365,"7/11/99",1,1930251,2,1,6,"Son",1,0,0,0,1,1
202,"7/11/99",1,1930331,2,1,2,"Brother",3,2,1,1,2,1
203,"7/11/99",1,1930331,2,1,3,"Sister",1,0,1,1,0,0
204,"7/11/99",1,1930331,2,1,4,"Uncle",1,1,0,0,1,0
205,"7/11/99",1,1930331,2,1,5,"Aunt",2,0,0,0,2,0
206,"7/11/99",1,1930331,2,1,6,"Son",1,0,0,0,1,1
207,"7/11/99",1,1930331,2,1,7,"Daughter",2,0,0,0,2,0
208,"7/11/99",1,1930331,2,2,2,"Brother",3,2,0,0,3,0
209,"7/11/99",1,1930331,2,2,3,"Sister",1,0,1,1,0,0
210,"7/11/99",1,1930331,2,2,5,"Aunt",1,0,0,0,1,0
211,"7/11/99",1,1930331,2,2,6,"Son",1,0,0,0,1,1
212,"7/11/99",1,1930331,2,2,7,"Daughter",2,0,0,0,2,0
326,"7/11/99",1,1930341,2,1,2,"Brother",4,0,4,4,0,0
327,"7/11/99",1,1930341,2,1,3,"Sister",2,0,1,2,0,0
328,"7/11/99",1,1930341,2,1,4,"Uncle",3,0,3,3,0,0
329,"7/11/99",1,1930341,2,1,5,"Aunt",1,0,1,1,0,0
330,"7/11/99",1,1930341,2,2,1,"Parents",1,0,1,1,0,0
331,"7/11/99",1,1930341,2,2,2,"Brother",3,0,3,3,0,0
332,"7/11/99",1,1930341,2,2,4,"Uncle",5,0,2,5,0,0
333,"7/11/99",1,1930341,2,2,5,"Aunt",3,0,1,3,0,0
366,"7/11/99",1,1930351,3,1,1,"Parents",1,0,1,1,0,0
367,"7/11/99",1,1930351,3,1,3,"Sister",1,0,0,1,0,0
368,"7/11/99",1,1930351,3,1,4,"Uncle",2,2,2,2,0,0
369,"7/11/99",1,1930351,3,1,5,"Aunt",1,0,0,1,0,0
370,"7/11/99",1,1930351,3,2,2,"Brother",5,2,5,5,0,0
371,"7/11/99",1,1930351,3,2,3,"Sister",1,0,0,1,0,0
372,"7/11/99",1,1930351,3,2,4,"Uncle",3,3,3,3,0,0
373,"7/11/99",1,1930351,3,2,5,"Aunt",2,0,1,2,0,0
334,"7/11/99",1,1930441,2,1,1,"Parents",1,0,1,1,0,0
335,"7/11/99",1,1930441,2,1,2,"Brother",2,0,1,1,1,0
336,"7/11/99",1,1930441,2,1,3,"Sister",3,0,1,1,2,0
337,"7/11/99",1,1930441,2,1,5,"Aunt",1,0,0,0,1,0
338,"7/11/99",1,1930441,2,2,1,"Parents",2,0,0,2,0,1
339,"7/11/99",1,1930441,2,2,2,"Brother",1,0,0,1,0,0
340,"7/11/99",1,1930441,2,2,3,"Sister",4,0,0,2,2,0
341,"7/11/99",1,1930441,2,2,4,"Uncle",1,0,0,1,0,0
342,"7/11/99",1,1930441,2,2,5,"Aunt",2,0,0,1,1,0
374,"7/11/99",1,1930459,1,1,2,"Brother",1,0,1,1,0,1
375,"7/11/99",1,1930459,1,1,6,"Son",1,0,0,0,1,1
376,"7/11/99",1,1930459,1,1,7,"Daughter",3,0,1,2,0,0
377,"7/11/99",1,1930459,1,2,1,"Parents",1,0,0,1,0,0
378,"7/11/99",1,1930459,1,2,2,"Brother",1,0,0,1,0,0
379,"7/11/99",1,1930459,1,2,3,"Sister",1,0,0,0,1,0
380,"7/11/99",1,1930459,1,2,4,"Uncle",1,0,0,1,0,0
381,"7/11/99",1,1930459,1,2,6,"Son",1,0,0,0,1,1
382,"7/11/99",1,1930459,1,2,7,"Daughter",3,0,1,3,0,0
213,"7/11/99",1,1930531,2,1,2,"Brother",2,0,2,2,0,0
214,"7/11/99",1,1930531,2,1,6,"Son",1,0,0,0,1,0
215,"7/11/99",1,1930531,2,1,7,"Daughter",1,0,0,0,1,0
216,"7/11/99",1,1930531,2,2,2,"Brother",1,0,0,1,0,0
217,"7/11/99",1,1930531,2,2,3,"Sister",1,0,1,1,0,0
218,"7/11/99",1,1930531,2,2,6,"Son",1,0,0,0,1,0
219,"7/11/99",1,1930531,2,2,7,"Daughter",1,0,0,0,1,0
343,"7/11/99",1,1930541,1,2,1,"Parents",1,0,1,1,0,0
344,"7/11/99",1,1930541,1,2,2,"Brother",3,0,3,3,0,0
345,"7/11/99",1,1930541,1,2,4,"Uncle",1,0,1,1,0,0
346,"7/11/99",1,1930541,1,2,5,"Aunt",1,0,1,1,0,0
220,"7/11/99",1,1930631,9,1,2,"Brother",3,0,3,3,0,0
221,"7/11/99",1,1930631,9,1,3,"Sister",4,0,0,2,2,0
222,"7/11/99",1,1930631,9,1,6,"Son",3,0,0,0,3,0
223,"7/11/99",1,1930631,9,1,7,"Daughter",1,0,0,1,0,0
224,"7/11/99",1,1930631,9,2,1,"Parents",1,0,0,1,0,0
225,"7/11/99",1,1930631,9,2,2,"Brother",3,3,0,3,0,0
226,"7/11/99",1,1930631,9,2,3,"Sister",5,0,0,3,2,0
227,"7/11/99",1,1930631,9,2,4,"Uncle",3,2,0,3,0,0
228,"7/11/99",1,1930631,9,2,6,"Son",3,0,0,0,3,0
229,"7/11/99",1,1930631,9,2,7,"Daughter",1,0,0,1,0,0
347,"7/11/99",1,1930641,2,1,3,"Sister",2,0,0,0,2,0
348,"7/11/99",1,1930641,2,1,4,"Uncle",4,0,1,4,0,0
349,"7/11/99",1,1930641,2,1,5,"Aunt",1,0,0,0,1,0
350,"7/11/99",1,1930641,2,2,1,"Parents",2,0,2,2,0,1
351,"7/11/99",1,1930641,2,2,2,"Brother",2,0,0,0,2,0
352,"7/11/99",1,1930641,2,2,3,"Sister",1,0,0,0,1,0
353,"7/11/99",1,1930641,2,2,4,"Uncle",8,2,4,4,4,0
354,"7/11/99",1,1930641,2,2,5,"Aunt",4,0,1,1,3,0
230,"7/11/99",1,1930731,2,1,3,"Sister",1,0,1,1,0,0
231,"7/11/99",1,1930731,2,1,7,"Daughter",1,0,0,0,1,0
232,"7/11/99",1,1930731,2,2,1,"Parents",1,0,1,1,0,0
233,"7/11/99",1,1930731,2,2,2,"Brother",2,0,0,0,2,0
234,"7/11/99",1,1930731,2,2,3,"Sister",2,0,0,0,2,0
235,"7/11/99",1,1930731,2,2,7,"Daughter",1,0,0,0,1,0
236,"7/11/99",1,1930831,1,1,1,"Parents",1,1,0,1,0,0
237,"7/11/99",1,1930831,1,1,2,"Brother",2,0,2,2,0,0
238,"7/11/99",1,1930831,1,1,3,"Sister",3,0,2,3,0,0
239,"7/11/99",1,1930831,1,1,4,"Uncle",1,0,1,1,0,0
240,"7/11/99",1,1930831,1,1,7,"Daughter",1,0,0,1,0,0
241,"7/11/99",1,1930831,1,2,2,"Brother",2,2,2,2,0,2
242,"7/11/99",1,1930831,1,2,3,"Sister",1,0,1,1,0,0
243,"7/11/99",1,1930831,1,2,4,"Uncle",1,1,1,1,0,0
244,"7/11/99",1,1930831,1,2,7,"Daughter",1,0,1,1,0,0
245,"7/11/99",1,1930931,1,1,2,"Brother",3,3,2,3,0,0
246,"7/11/99",1,1930931,1,1,3,"Sister",4,0,1,2,2,0
247,"7/11/99",1,1930931,1,2,1,"Parents",1,0,0,1,0,0
248,"7/11/99",1,1930931,1,2,2,"Brother",4,0,0,4,0,0
249,"7/11/99",1,1930931,1,2,3,"Sister",3,0,2,2,0,0
250,"7/11/99",1,1930931,1,2,4,"Uncle",1,0,0,1,0,0
251,"7/11/99",1,1930931,1,2,5,"Aunt",4,0,0,4,0,0
252,"7/11/99",1,1931031,2,1,2,"Brother",2,2,2,2,0,0
253,"7/11/99",1,1931031,2,1,3,"Sister",5,0,0,4,1,0
254,"7/11/99",1,1931031,2,1,7,"Daughter",1,0,0,1,0,0
255,"7/11/99",1,1931031,2,2,1,"Parents",2,1,2,2,0,0
256,"7/11/99",1,1931031,2,2,2,"Brother",6,4,3,3,3,0
257,"7/11/99",1,1931031,2,2,3,"Sister",1,0,1,1,0,0
258,"7/11/99",1,1931031,2,2,4,"Uncle",3,0,2,2,1,0
259,"7/11/99",1,1931031,2,2,5,"Aunt",1,0,0,1,0,0
260,"7/11/99",1,1931131,1,1,2,"Brother",3,0,3,3,0,0
261,"7/11/99",1,1931131,1,1,3,"Sister",4,0,4,4,0,0
262,"7/11/99",1,1931131,1,1,4,"Uncle",3,3,0,0,3,1
263,"7/11/99",1,1931131,1,1,6,"Son",1,0,0,0,1,1
264,"7/11/99",1,1931131,1,1,7,"Daughter",2,0,0,2,0,0
265,"7/11/99",1,1931131,1,2,1,"Parents",1,0,0,0,1,0
266,"7/11/99",1,1931131,1,2,2,"Brother",2,0,0,0,2,0
267,"7/11/99",1,1931131,1,2,3,"Sister",2,0,0,1,1,0
268,"7/11/99",1,1931131,1,2,6,"Son",1,0,0,0,1,1
269,"7/11/99",1,1931131,1,2,7,"Daughter",2,0,0,2,0,0
270,"7/11/99",1,1931231,2,1,2,"Brother",1,0,1,1,0,0
271,"7/11/99",1,1931231,2,1,3,"Sister",2,0,1,1,1,0
272,"7/11/99",1,1931231,2,1,4,"Uncle",3,2,1,1,2,0
273,"7/11/99",1,1931231,2,1,5,"Aunt",1,0,1,1,0,0
274,"7/11/99",1,1931231,2,1,6,"Son",2,0,0,0,2,2
275,"7/11/99",1,1931231,2,1,7,"Daughter",1,0,1,1,0,0
276,"7/11/99",1,1931231,2,2,2,"Brother",4,2,2,2,2,0
277,"7/11/99",1,1931231,2,2,3,"Sister",3,0,1,1,2,0
278,"7/11/99",1,1931231,2,2,4,"Uncle",2,1,1,1,1,0
279,"7/11/99",1,1931231,2,2,6,"Son",2,0,2,2,0,2
280,"7/11/99",1,1931231,2,2,7,"Daughter",1,0,1,1,0,0
281,"7/11/99",1,1931232,2,1,1,"Parents",1,0,1,1,0,0
282,"7/11/99",1,1931232,2,1,2,"Brother",2,0,2,2,0,0
283,"7/11/99",1,1931232,2,1,3,"Sister",1,0,1,1,0,0
284,"7/11/99",1,1931232,2,1,4,"Uncle",3,2,1,1,2,0
285,"7/11/99",1,1931232,2,1,5,"Aunt",4,0,3,3,1,0
286,"7/11/99",1,1931232,2,2,1,"Parents",1,0,0,1,0,0
287,"7/11/99",1,1931232,2,2,2,"Brother",3,0,0,2,1,0
288,"7/11/99",1,1931232,2,2,3,"Sister",2,0,1,1,1,0
289,"7/11/99",1,1931232,2,2,4,"Uncle",5,0,0,3,2,0
290,"7/11/99",1,1931232,2,2,5,"Aunt",2,0,0,1,1,0
291,"7/11/99",1,1931331,3,1,1,"Parents",1,0,1,1,0,0
292,"7/11/99",1,1931331,3,1,2,"Brother",2,2,1,2,0,0
293,"7/11/99",1,1931331,3,1,3,"Sister",2,0,0,2,0,0
294,"7/11/99",1,1931331,3,1,4,"Uncle",2,2,0,2,0,0
295,"7/11/99",1,1931331,3,2,2,"Brother",1,0,0,0,1,0
296,"7/11/99",1,1931331,3,2,3,"Sister",1,0,0,0,1,0
297,"7/11/99",1,1931331,3,2,4,"Uncle",3,0,0,0,3,0
298,"7/11/99",1,1931331,3,2,5,"Aunt",3,0,0,0,3,0
299,"7/11/99",1,1931431,3,1,2,"Brother",2,2,2,2,0,2
300,"7/11/99",1,1931431,3,1,3,"Sister",5,0,0,4,1,0
301,"7/11/99",1,1931431,3,1,6,"Son",1,0,0,0,1,0
302,"7/11/99",1,1931431,3,1,7,"Daughter",2,0,0,2,0,0
303,"7/11/99",1,1931431,3,2,1,"Parents",1,0,0,0,1,0
304,"7/11/99",1,1931431,3,2,2,"Brother",3,3,0,2,1,3
305,"7/11/99",1,1931431,3,2,3,"Sister",3,0,1,2,1,0
306,"7/11/99",1,1931431,3,2,6,"Son",1,0,0,0,1,1
307,"7/11/99",1,1931431,3,2,7,"Daughter",2,0,0,2,0,0
1,"9/09/99",1,1940139,2,1,1,"Parents",2,2,2,2,0,2
2,"9/11/99",1,1940139,2,1,2,"Brother",2,2,2,2,0,2
3,"9/11/99",1,1940139,2,1,3,"Sister",1,1,1,1,0,0
4,"9/11/99",1,1940139,2,1,4,"Uncle",1,1,1,1,0,0
5,"9/11/99",1,1940139,2,1,5,"Aunt",1,1,1,1,0,0
6,"9/11/99",1,1940139,2,2,1,"Parents",1,1,1,1,0,0
7,"9/11/99",1,1940139,2,2,2,"Brother",1,1,1,1,0,0
8,"9/11/99",1,1940139,2,2,3,"Sister",2,2,0,0,2,0
9,"9/11/99",1,1940139,2,2,4,"Uncle",2,2,0,2,0,0
10,"9/11/99",1,1940139,2,2,5,"Aunt",3,3,0,3,0,0
125,"9/11/99",1,1940149,1,1,2,"Brother",2,2,2,2,0,0
126,"9/11/99",1,1940149,1,2,2,"Brother",2,2,0,2,0,0
127,"9/11/99",1,1940149,1,2,3,"Sister",2,2,0,2,0,0
128,"9/11/99",1,1940149,1,2,4,"Uncle",2,1,0,2,0,0
151,"9/11/99",1,1940159,1,1,2,"Brother",1,1,1,1,0,1
152,"9/11/99",1,1940159,1,2,2,"Brother",3,3,0,3,0,3
153,"9/11/99",1,1940159,1,2,3,"Sister",1,1,0,1,0,0
11,"9/11/99",1,1940239,1,1,1,"Parents",2,2,0,2,0,2
12,"9/11/99",1,1940239,1,1,2,"Brother",1,1,0,1,0,1
13,"9/11/99",1,1940239,1,1,3,"Sister",1,1,0,1,0,0
14,"9/11/99",1,1940239,1,1,4,"Uncle",1,1,0,1,0,0
15,"9/11/99",1,1940239,1,2,2,"Brother",2,0,2,2,0,0
16,"9/11/99",1,1940239,1,2,3,"Sister",2,1,0,2,0,0
17,"9/11/99",1,1940239,1,2,4,"Uncle",1,0,1,1,0,0
18,"9/11/99",1,1940239,1,2,5,"Aunt",2,0,2,2,0,0
129,"9/11/99",1,1940249,1,1,2,"Brother",1,0,1,1,0,0
130,"9/11/99",1,1940249,1,1,6,"Son",3,0,0,0,3,1
131,"9/11/99",1,1940249,2,2,3,"Sister",3,0,0,0,3,0
132,"9/11/99",1,1940249,2,2,6,"Son",3,0,0,0,3,0
154,"9/11/99",1,1940259,1,1,2,"Brother",1,1,1,1,0,0
155,"9/11/99",1,1940259,1,1,3,"Sister",2,1,0,2,0,0
19,"9/11/99",1,1940339,1,1,1,"Parents",1,0,0,0,1,0
20,"9/11/99",1,1940339,1,1,3,"Sister",1,0,0,0,1,0
21,"9/11/99",1,1940339,1,1,5,"Aunt",1,0,0,0,1,0
22,"9/11/99",1,1940339,2,2,1,"Parents",1,0,0,0,1,0
23,"9/11/99",1,1940339,2,2,2,"Brother",2,0,0,0,2,0
24,"9/11/99",1,1940339,2,2,3,"Sister",2,1,0,0,2,0
25,"9/11/99",1,1940339,2,2,5,"Aunt",1,1,0,0,1,0
133,"9/11/99",1,1940349,1,1,3,"Sister",4,1,0,4,0,0
134,"9/11/99",1,1940349,1,2,1,"Parents",1,0,1,1,0,0
135,"9/11/99",1,1940349,1,2,2,"Brother",3,0,3,3,0,0
136,"9/11/99",1,1940349,1,2,3,"Sister",1,1,1,1,0,0
137,"9/11/99",1,1940349,1,2,4,"Uncle",2,1,2,2,0,0
156,"9/11/99",1,1940359,1,1,3,"Sister",1,1,0,1,0,0
157,"9/11/99",1,1940359,1,2,2,"Brother",2,0,2,2,0,0
158,"9/11/99",1,1940359,1,2,3,"Sister",2,0,2,2,0,0
26,"9/11/99",1,1940439,2,1,2,"Brother",3,0,2,2,1,1
27,"9/11/99",1,1940439,2,1,3,"Sister",3,0,1,2,0,2
28,"9/11/99",1,1940439,2,1,4,"Uncle",3,1,0,2,1,0
29,"9/11/99",1,1940439,2,1,5,"Aunt",6,2,0,0,6,0
30,"9/11/99",1,1940439,2,2,1,"Parents",1,0,0,0,1,0
31,"9/11/99",1,1940439,2,2,2,"Brother",3,2,0,0,3,0
32,"9/11/99",1,1940439,2,2,3,"Sister",3,2,0,0,3,0
33,"9/11/99",1,1940439,2,2,4,"Uncle",2,2,0,0,1,0
34,"9/11/99",1,1940439,2,2,5,"Aunt",1,1,0,0,1,0
138,"9/11/99",1,1940449,1,1,1,"Parents",1,0,0,1,0,0
139,"9/11/99",1,1940449,1,1,2,"Brother",1,0,0,1,0,0
140,"9/11/99",1,1940449,1,1,3,"Sister",3,1,0,3,0,0
141,"9/11/99",1,1940449,1,1,6,"Son",1,0,0,0,1,1
142,"9/11/99",1,1940449,1,1,7,"Daughter",2,0,0,0,2,2
143,"9/11/99",1,1940449,1,2,1,"Parents",2,0,0,2,0,0
144,"9/11/99",1,1940449,1,2,2,"Brother",1,0,0,1,0,0
145,"9/11/99",1,1940449,1,2,3,"Sister",1,0,0,1,0,0
159,"9/11/99",1,1940459,1,1,1,"Parents",2,2,2,2,0,2
160,"9/11/99",1,1940459,1,1,2,"Brother",3,3,3,3,0,3
161,"9/11/99",1,1940459,1,1,4,"Uncle",6,6,4,4,2,0
162,"9/11/99",1,1940459,1,1,5,"Aunt",4,4,1,1,3,0
163,"9/11/99",1,1940459,1,2,1,"Parents",1,1,1,1,0,0
164,"9/11/99",1,1940459,1,2,2,"Brother",2,2,2,2,0,0
165,"9/11/99",1,1940459,1,2,3,"Sister",2,1,1,2,0,0
166,"9/11/99",1,1940459,1,2,4,"Uncle",1,1,1,1,0,0
167,"9/11/99",1,1940459,1,2,5,"Aunt",1,1,0,1,0,0
35,"9/11/99",1,1940539,2,1,1,"Parents",1,1,1,1,0,0
36,"9/11/99",1,1940539,2,1,2,"Brother",1,1,1,1,0,0
37,"9/11/99",1,1940539,2,1,3,"Sister",2,2,0,2,0,2
38,"9/11/99",1,1940539,2,2,1,"Parents",1,1,0,1,0,0
39,"9/11/99",1,1940539,2,2,2,"Brother",3,2,0,3,0,0
40,"9/11/99",1,1940539,2,2,3,"Sister",5,3,0,5,0,2
41,"9/11/99",1,1940539,2,2,4,"Uncle",8,6,0,8,0,0
42,"9/11/99",1,1940539,2,2,5,"Aunt",6,4,0,6,0,0
146,"9/11/99",1,1940549,1,1,1,"Parents",1,0,1,1,0,0
147,"9/11/99",1,1940549,1,1,3,"Sister",1,0,0,0,1,0
148,"9/11/99",1,1940549,1,2,1,"Parents",1,1,1,1,0,0
149,"9/11/99",1,1940549,1,2,2,"Brother",5,0,5,5,0,2
150,"9/11/99",1,1940549,1,2,3,"Sister",4,1,4,4,0,0
168,"9/11/99",1,1940559,1,1,1,"Parents",1,1,1,1,0,0
169,"9/11/99",1,1940559,1,1,2,"Brother",1,1,1,1,0,0
173,"9/11/99",1,1940559,2,1,3,"Sister",7,7,0,3,4,2
174,"9/11/99",1,1940559,2,1,4,"Uncle",2,2,0,2,0,0
175,"9/11/99",1,1940559,2,1,5,"Aunt",2,2,0,1,1,0
43,"9/11/99",1,1940639,1,1,2,"Brother",2,2,2,2,0,2
44,"9/11/99",1,1940639,1,1,3,"Sister",1,1,0,0,1,0
45,"9/11/99",1,1940639,2,2,1,"Parents",1,1,1,1,0,0
46,"9/11/99",1,1940639,2,2,2,"Brother",4,4,4,4,0,0
47,"9/11/99",1,1940639,2,2,3,"Sister",2,2,1,1,1,0
48,"9/11/99",1,1940639,2,2,5,"Aunt",1,1,0,0,1,0
49,"9/11/99",1,1940739,2,1,6,"Son",2,0,0,0,2,1
50,"9/11/99",1,1940739,2,1,7,"Daughter",1,1,0,0,1,0
51,"9/11/99",1,1940739,2,2,2,"Brother",3,0,3,3,0,0
52,"9/11/99",1,1940839,1,1,1,"Parents",1,0,1,1,0,1
53,"9/11/99",1,1940839,1,1,2,"Brother",3,0,3,3,0,1
54,"9/11/99",1,1940839,1,1,3,"Sister",2,0,2,2,0,2
55,"9/11/99",1,1940839,1,2,2,"Brother",2,0,2,2,0,0
56,"9/11/99",1,1940839,1,2,3,"Sister",2,0,2,2,0,0
57,"9/11/99",1,1940839,1,2,4,"Uncle",1,0,1,1,0,0
58,"9/11/99",1,1940839,1,2,5,"Aunt",1,0,1,1,0,0
59,"9/11/99",1,1940939,2,1,1,"Parents",1,1,1,1,0,0
60,"9/11/99",1,1940939,2,1,2,"Brother",1,1,1,1,0,0
61,"9/11/99",1,1940939,2,1,3,"Sister",2,2,0,2,0,0
62,"9/11/99",1,1940939,2,1,4,"Uncle",1,1,1,1,0,0
63,"9/11/99",1,1940939,2,1,5,"Aunt",1,1,1,1,0,0
64,"9/11/99",1,1940939,2,2,1,"Parents",1,1,0,1,0,0
65,"9/11/99",1,1940939,2,2,2,"Brother",3,3,0,3,0,3
66,"9/11/99",1,1940939,2,2,3,"Sister",2,2,0,2,0,0
67,"9/11/99",1,1940939,2,2,4,"Uncle",1,1,0,1,0,0
68,"9/11/99",1,1940939,2,2,5,"Aunt",1,1,0,1,0,0
69,"9/11/99",1,1941039,2,1,1,"Parents",1,0,1,1,0,0
70,"9/11/99",1,1941039,2,1,2,"Brother",2,1,2,2,0,0
71,"9/11/99",1,1941039,2,1,3,"Sister",2,0,2,2,0,0
72,"9/11/99",1,1941039,2,1,4,"Uncle",1,1,1,1,0,0
73,"9/11/99",1,1941039,2,2,1,"Parents",2,0,0,2,0,0
74,"9/11/99",1,1941039,2,2,2,"Brother",2,2,0,2,0,0
75,"9/11/99",1,1941039,2,2,3,"Sister",2,1,0,2,0,0
76,"9/11/99",1,1941039,2,2,4,"Uncle",4,2,0,4,0,0
77,"9/11/99",1,1941039,2,2,5,"Aunt",6,0,0,6,0,0
78,"9/11/99",1,1941139,1,1,1,"Parents",2,2,1,2,0,0
79,"9/11/99",1,1941139,1,1,2,"Brother",4,0,4,4,0,0
80,"9/11/99",1,1941139,1,1,3,"Sister",4,2,2,2,2,0
81,"9/11/99",1,1941139,1,1,5,"Aunt",3,2,0,0,2,0
82,"9/11/99",1,1941139,2,2,1,"Parents",2,2,0,0,2,0
83,"9/11/99",1,1941139,2,2,2,"Brother",3,0,0,0,3,0
84,"9/11/99",1,1941139,2,2,3,"Sister",3,1,0,0,3,0
85,"9/11/99",1,1941139,2,2,4,"Uncle",4,2,0,0,4,0
86,"9/11/99",1,1941139,2,2,5,"Aunt",3,2,0,0,3,0
87,"9/11/99",1,1941239,2,1,1,"Parents",1,0,1,1,0,0
88,"9/11/99",1,1941239,2,1,2,"Brother",3,0,1,1,2,0
89,"9/11/99",1,1941239,2,1,3,"Sister",1,0,0,0,1,0
90,"9/11/99",1,1941239,2,1,4,"Uncle",2,2,2,0,0,0
91,"9/11/99",1,1941239,2,1,5,"Aunt",3,2,0,0,3,0
92,"9/11/99",1,1941239,2,2,2,"Brother",5,0,2,2,3,0
93,"9/11/99",1,1941239,2,2,3,"Sister",2,0,0,0,2,0
94,"9/11/99",1,1941239,2,2,4,"Uncle",2,0,2,2,0,0
95,"9/11/99",1,1941239,2,2,5,"Aunt",4,0,0,0,4,0
96,"9/11/99",1,1941339,2,1,1,"Parents",2,2,2,2,0,0
97,"9/11/99",1,1941339,2,1,2,"Brother",4,0,1,1,3,0
98,"9/11/99",1,1941339,2,1,3,"Sister",3,2,2,2,1,0
99,"9/11/99",1,1941339,2,1,4,"Uncle",1,1,1,1,0,0
100,"9/11/99",1,1941339,2,2,1,"Parents",2,2,2,2,0,0
101,"9/11/99",1,1941339,2,2,2,"Brother",4,0,4,4,0,0
102,"9/11/99",1,1941339,2,2,3,"Sister",1,1,1,1,0,0
103,"9/11/99",1,1941339,2,2,4,"Uncle",2,2,0,2,0,0
104,"9/11/99",1,1941339,2,2,5,"Aunt",2,2,0,2,0,0
105,"9/11/99",1,1941439,1,1,1,"Parents",2,2,2,2,0,0
106,"9/11/99",1,1941439,1,1,2,"Brother",1,1,1,1,0,0
107,"9/11/99",1,1941439,1,1,3,"Sister",2,2,1,1,1,0
108,"9/11/99",1,1941439,1,1,4,"Uncle",2,2,2,2,0,2
109,"9/11/99",1,1941439,1,1,5,"Aunt",1,1,1,1,0,0
110,"9/11/99",1,1941439,2,2,1,"Parents",2,2,2,2,0,0
111,"9/11/99",1,1941439,2,2,2,"Brother",3,3,3,3,0,0
112,"9/11/99",1,1941439,2,2,3,"Sister",2,2,2,2,0,0
113,"9/11/99",1,1941439,2,2,4,"Uncle",5,5,5,5,0,0
114,"9/11/99",1,1941439,2,2,5,"Aunt",2,2,1,1,1,0
115,"9/11/99",1,1941539,2,1,1,"Parents",2,2,2,2,0,2
116,"9/11/99",1,1941539,2,1,2,"Brother",2,2,2,2,0,2
117,"9/11/99",1,1941539,2,1,3,"Sister",1,1,1,1,0,1
118,"9/11/99",1,1941539,2,1,4,"Uncle",2,2,0,0,2,0
119,"9/11/99",1,1941539,2,1,5,"Aunt",1,1,1,1,0,0
120,"9/11/99",1,1941539,2,2,1,"Parents",2,2,0,2,0,0
121,"9/11/99",1,1941539,2,2,2,"Brother",6,6,0,6,0,0
122,"9/11/99",1,1941539,2,2,3,"Sister",4,4,0,4,0,0
123,"9/11/99",1,1941539,2,2,4,"Uncle",7,7,0,7,0,0
124,"9/11/99",1,1941539,2,2,5,"Aunt",6,6,0,6,0,0
585,"10/09/99",1,2010131,2,1,2,"Brother",3,1,3,3,0,0
586,"10/09/99",1,2010131,2,1,3,"Sister",1,1,0,1,0,0
587,"10/09/99",1,2010131,2,1,7,"Daughter",1,0,1,1,0,1
588,"10/09/99",1,2010131,2,2,3,"Sister",2,0,0,2,0,0
589,"10/09/99",1,2010131,2,2,7,"Daughter",1,0,1,1,0,1
753,"10/09/99",1,2010141,1,1,1,"Parents",1,1,1,1,0,1
754,"10/09/99",1,2010141,1,1,2,"Brother",3,3,3,3,0,3
755,"10/09/99",1,2010141,1,1,3,"Sister",5,5,0,5,0,0
756,"10/09/99",1,2010141,1,1,4,"Uncle",5,5,5,5,0,5
757,"10/09/99",1,2010141,1,1,5,"Aunt",2,2,0,2,0,0
758,"10/09/99",1,2010141,1,2,1,"Parents",1,1,0,1,0,1
759,"10/09/99",1,2010141,1,2,2,"Brother",1,1,0,1,0,1
760,"10/09/99",1,2010141,1,2,3,"Sister",3,3,0,2,0,2
761,"10/09/99",1,2010141,1,2,4,"Uncle",2,2,0,2,0,0
762,"10/09/99",1,2010141,1,2,5,"Aunt",2,2,0,2,0,0
815,"10/10/99",1,2010151,1,1,2,"Brother",2,0,2,2,0,2
816,"10/10/99",1,2010151,1,1,3,"Sister",1,1,0,1,0,1
817,"10/10/99",1,2010151,1,1,6,"Son",1,0,1,1,0,0
818,"10/10/99",1,2010151,1,1,7,"Daughter",2,2,0,2,0,2
819,"10/10/99",1,2010151,2,2,3,"Sister",3,3,0,0,0,0
820,"10/10/99",1,2010151,2,2,6,"Son",1,0,0,1,0,0
821,"10/10/99",1,2010151,2,2,7,"Daughter",2,2,0,2,0,2
590,"10/09/99",1,2010231,1,1,1,"Parents",1,0,1,1,0,0
591,"10/09/99",1,2010231,1,1,2,"Brother",1,0,1,1,0,0
592,"10/09/99",1,2010231,1,1,3,"Sister",4,0,0,4,0,0
593,"10/09/99",1,2010231,1,1,6,"Son",1,0,1,1,0,0
594,"10/09/99",1,2010231,1,1,7,"Daughter",1,0,0,1,0,0
763,"10/09/99",1,2010241,1,1,1,"Parents",2,2,2,2,0,2
764,"10/09/99",1,2010241,1,1,2,"Brother",5,0,5,5,0,3
765,"10/09/99",1,2010241,1,1,3,"Sister",2,0,0,1,0,1
766,"10/09/99",1,2010241,1,1,4,"Uncle",6,0,4,4,0,0
767,"10/09/99",1,2010241,1,1,5,"Aunt",4,0,1,2,0,0
768,"10/09/99",1,2010241,2,2,2,"Brother",3,0,0,3,0,2
769,"10/09/99",1,2010241,2,2,3,"Sister",4,2,0,4,0,2
770,"10/09/99",1,2010241,2,2,5,"Aunt",1,0,0,1,0,0
822,"10/10/99",1,2010251,1,1,3,"Sister",1,0,1,1,0,0
823,"10/10/99",1,2010251,1,1,6,"Son",1,0,0,1,0,0
824,"10/10/99",1,2010251,1,1,7,"Daughter",4,2,1,3,0,0
825,"10/10/99",1,2010251,2,2,2,"Brother",3,0,3,3,0,0
826,"10/10/99",1,2010251,2,2,3,"Sister",2,0,0,2,0,0
827,"10/10/99",1,2010251,2,2,5,"Aunt",1,0,0,1,0,0
828,"10/10/99",1,2010251,2,2,6,"Son",1,0,0,1,0,0
829,"10/10/99",1,2010251,2,2,7,"Daughter",4,2,1,4,0,0
830,"10/10/99",1,2010252,1,1,1,"Parents",2,0,2,2,0,0
831,"10/10/99",1,2010252,1,1,2,"Brother",2,0,2,2,0,0
832,"10/10/99",1,2010252,1,1,3,"Sister",4,0,1,3,0,0
833,"10/10/99",1,2010252,1,1,4,"Uncle",3,0,3,3,0,0
834,"10/10/99",1,2010252,1,1,5,"Aunt",3,0,0,3,0,0
835,"10/10/99",1,2010252,2,2,1,"Parents",2,0,0,2,0,0
836,"10/10/99",1,2010252,2,2,2,"Brother",1,0,0,1,0,0
837,"10/10/99",1,2010252,2,2,3,"Sister",2,0,0,2,0,0
838,"10/10/99",1,2010252,2,2,4,"Uncle",1,0,0,1,0,0
839,"10/10/99",1,2010252,2,2,5,"Aunt",8,6,0,8,0,0
595,"10/09/99",1,2010331,1,1,3,"Sister",2,2,0,2,0,0
596,"10/09/99",1,2010331,1,1,7,"Daughter",3,0,0,3,0,0
597,"10/09/99",1,2010331,2,2,1,"Parents",1,0,0,1,0,0
598,"10/09/99",1,2010331,2,2,2,"Brother",3,0,0,3,0,0
599,"10/09/99",1,2010331,2,2,3,"Sister",3,0,0,3,0,0
600,"10/09/99",1,2010331,2,2,4,"Uncle",1,0,0,1,0,0
601,"10/09/99",1,2010331,2,2,5,"Aunt",5,5,0,4,1,0
602,"10/09/99",1,2010331,2,2,7,"Daughter",1,0,0,1,0,0
771,"10/09/99",1,2010341,1,1,1,"Parents",1,1,0,0,0,0
772,"10/09/99",1,2010341,1,1,2,"Brother",3,3,2,2,0,0
773,"10/09/99",1,2010341,1,1,3,"Sister",3,0,3,3,0,0
774,"10/09/99",1,2010341,1,1,4,"Uncle",3,3,2,2,0,0
775,"10/09/99",1,2010341,1,1,5,"Aunt",2,2,0,2,0,0
776,"10/09/99",1,2010341,2,2,2,"Brother",5,5,0,5,0,0
777,"10/09/99",1,2010341,2,2,3,"Sister",3,3,0,2,1,0
840,"10/10/99",1,2010351,8,1,3,"Sister",1,0,0,0,0,1
841,"10/10/99",1,2010351,8,1,6,"Son",1,1,1,1,0,1
842,"10/10/99",1,2010351,8,1,7,"Daughter",3,3,0,1,2,2
843,"10/10/99",1,2010351,8,2,2,"Brother",1,0,0,1,0,1
844,"10/10/99",1,2010351,8,2,6,"Son",1,1,1,1,0,1
845,"10/10/99",1,2010351,8,2,7,"Daughter",3,3,0,1,0,2
603,"10/09/99",1,2010431,1,1,1,"Parents",2,0,2,2,0,0
604,"10/09/99",1,2010431,1,1,2,"Brother",4,0,4,4,0,0
605,"10/09/99",1,2010431,1,1,3,"Sister",2,1,0,1,1,0
606,"10/09/99",1,2010431,1,1,4,"Uncle",4,0,4,4,0,1
607,"10/09/99",1,2010431,2,2,1,"Parents",1,0,0,1,0,0
608,"10/09/99",1,2010431,2,2,2,"Brother",2,1,0,2,0,0
609,"10/09/99",1,2010431,2,2,3,"Sister",2,1,0,1,1,0
610,"10/09/99",1,2010431,2,2,4,"Uncle",1,1,0,1,0,0
778,"10/09/99",1,2010441,1,1,1,"Parents",2,2,2,2,0,2
779,"10/10/99",1,2010441,1,1,2,"Brother",3,0,3,3,0,1
780,"10/10/99",1,2010441,1,1,3,"Sister",1,1,0,1,0,1
781,"10/10/99",1,2010441,1,1,4,"Uncle",2,2,1,1,0,2
782,"10/10/99",1,2010441,1,1,5,"Aunt",3,3,3,3,0,0
783,"10/10/99",1,2010441,1,2,1,"Parents",1,1,0,1,0,0
784,"10/10/99",1,2010441,1,2,4,"Uncle",3,3,0,3,0,0
785,"10/10/99",1,2010441,1,2,5,"Aunt",2,2,0,2,0,0
846,"10/10/99",1,2010459,1,1,3,"Sister",1,0,0,1,0,1
847,"10/10/99",1,2010459,1,1,6,"Son",1,0,1,1,0,1
848,"10/10/99",1,2010459,1,1,7,"Daughter",4,4,0,4,0,4
849,"10/10/99",1,2010459,1,2,2,"Brother",4,4,0,0,0,0
850,"10/10/99",1,2010459,1,2,3,"Sister",2,2,0,0,0,0
851,"10/10/99",1,2010459,1,2,4,"Uncle",1,1,0,0,0,0
852,"10/10/99",1,2010459,1,2,6,"Son",1,0,1,1,0,1
853,"10/10/99",1,2010459,1,2,7,"Daughter",4,4,0,4,0,4
611,"10/09/99",1,2010531,1,1,2,"Brother",2,0,2,2,0,0
612,"10/09/99",1,2010531,1,1,3,"Sister",3,0,0,3,0,0
613,"10/09/99",1,2010531,1,1,4,"Uncle",1,0,1,1,0,0
614,"10/09/99",1,2010531,1,1,5,"Aunt",2,0,0,2,0,0
615,"10/09/99",1,2010531,1,1,7,"Daughter",2,0,0,2,0,0
616,"10/09/99",1,2010531,2,2,2,"Brother",2,0,0,2,0,0
617,"10/09/99",1,2010531,2,2,3,"Sister",2,0,0,2,0,0
618,"10/09/99",1,2010531,2,2,7,"Daughter",2,0,0,2,0,0
786,"10/10/99",1,2010541,1,1,2,"Brother",3,0,3,3,0,2
787,"10/10/99",1,2010541,1,1,3,"Sister",1,0,0,1,0,0
788,"10/10/99",1,2010541,1,1,6,"Son",4,0,4,4,0,4
789,"10/10/99",1,2010541,1,1,7,"Daughter",2,0,2,2,0,2
790,"10/10/99",1,2010541,2,2,2,"Brother",2,0,0,2,0,0
791,"10/10/99",1,2010541,2,2,3,"Sister",4,0,0,4,0,0
792,"10/10/99",1,2010541,2,2,4,"Uncle",1,0,0,1,0,0
793,"10/10/99",1,2010541,2,2,6,"Son",4,0,4,4,0,4
794,"10/10/99",1,2010541,2,2,7,"Daughter",2,0,2,2,0,2
795,"10/10/99",1,2010542,2,1,1,"Parents",2,0,2,2,0,2
796,"10/10/99",1,2010542,2,1,2,"Brother",4,0,4,4,0,2
797,"10/10/99",1,2010542,2,1,3,"Sister",4,0,4,4,0,4
798,"10/10/99",1,2010542,2,1,4,"Uncle",5,0,3,3,0,0
799,"10/10/99",1,2010542,2,1,5,"Aunt",1,0,0,1,0,0
800,"10/10/99",1,2010542,2,2,1,"Parents",2,2,0,2,0,2
801,"10/10/99",1,2010542,2,2,2,"Brother",2,0,0,2,0,0
802,"10/10/99",1,2010542,2,2,3,"Sister",1,0,0,1,0,0
803,"10/10/99",1,2010542,2,2,4,"Uncle",3,3,1,2,0,0
804,"10/10/99",1,2010542,2,2,5,"Aunt",8,4,0,8,0,0
805,"10/10/99",1,2010543,2,1,1,"Parents",2,0,2,2,0,2
806,"10/10/99",1,2010543,2,1,2,"Brother",4,0,4,4,0,2
807,"10/10/99",1,2010543,2,1,3,"Sister",4,0,4,4,0,4
808,"10/10/99",1,2010543,2,1,4,"Uncle",5,0,3,3,0,0
809,"10/10/99",1,2010543,2,1,5,"Aunt",1,0,0,1,0,0
810,"10/10/99",1,2010543,2,2,1,"Parents",2,0,0,2,0,2
811,"10/10/99",1,2010543,2,2,2,"Brother",1,0,0,1,0,0
812,"10/10/99",1,2010543,2,2,3,"Sister",4,0,0,2,0,2
813,"10/10/99",1,2010543,2,2,4,"Uncle",3,3,0,3,0,0
814,"10/10/99",1,2010543,2,2,5,"Aunt",2,2,0,0,0,0
619,"10/09/99",1,2010631,2,1,1,"Parents",2,0,2,2,0,0
620,"10/09/99",1,2010631,2,1,2,"Brother",3,0,2,2,0,0
621,"10/09/99",1,2010631,2,1,3,"Sister",4,0,1,3,0,0
622,"10/09/99",1,2010631,2,1,4,"Uncle",3,0,3,3,0,0
623,"10/09/99",1,2010631,2,1,5,"Aunt",3,0,0,3,0,0
624,"10/09/99",1,2010631,2,2,1,"Parents",2,0,0,0,2,0
625,"10/09/99",1,2010631,2,2,2,"Brother",3,0,0,0,3,0
626,"10/09/99",1,2010631,2,2,3,"Sister",4,2,1,1,2,0
627,"10/09/99",1,2010631,2,2,4,"Uncle",3,3,0,0,3,0
628,"10/09/99",1,2010631,2,2,5,"Aunt",3,2,1,1,1,0
629,"10/09/99",1,2010731,2,1,2,"Brother",2,0,1,1,0,2
630,"10/09/99",1,2010731,2,1,3,"Sister",3,3,0,3,0,3
631,"10/09/99",1,2010731,2,2,5,"Aunt",1,1,0,1,0,0
632,"10/09/99",1,2010831,2,1,2,"Brother",2,0,1,1,0,1
633,"10/09/99",1,2010831,2,1,3,"Sister",3,3,1,2,0,2
634,"10/09/99",1,2010831,2,1,6,"Son",1,0,0,1,0,0
635,"10/09/99",1,2010831,2,1,7,"Daughter",2,0,1,1,0,2
636,"10/09/99",1,2010831,2,2,2,"Brother",1,1,0,1,0,1
637,"10/09/99",1,2010831,2,2,4,"Uncle",2,2,0,0,0,0
638,"10/09/99",1,2010831,2,2,6,"Son",1,0,0,1,0,0
639,"10/09/99",1,2010831,2,2,7,"Daughter",2,0,1,1,0,2
640,"10/09/99",1,2010931,1,1,1,"Parents",1,0,1,1,0,0
641,"10/09/99",1,2010931,1,1,2,"Brother",1,0,1,1,0,0
642,"10/09/99",1,2010931,1,1,4,"Uncle",4,0,0,4,0,0
643,"10/09/99",1,2010931,1,1,5,"Aunt",2,0,0,2,0,0
644,"10/09/99",1,2010931,4,2,1,"Parents",1,0,0,1,0,0
645,"10/09/99",1,2010931,4,2,2,"Brother",5,0,0,5,0,0
646,"10/09/99",1,2010931,4,2,3,"Sister",5,5,0,5,0,0
647,"10/09/99",1,2010931,4,2,4,"Uncle",7,7,0,7,0,0
648,"10/09/99",1,2010931,4,2,5,"Aunt",3,2,0,3,0,0
649,"10/09/99",1,2011031,1,1,2,"Brother",4,1,4,4,0,2
650,"10/09/99",1,2011031,1,1,3,"Sister",2,1,0,1,0,0
651,"10/09/99",1,2011031,1,1,4,"Uncle",2,2,1,1,0,0
652,"10/09/99",1,2011031,1,1,5,"Aunt",2,0,0,2,0,0
653,"10/09/99",1,2011031,1,1,7,"Daughter",1,0,0,0,0,1
654,"10/09/99",1,2011031,2,2,2,"Brother",1,1,0,1,0,1
655,"10/09/99",1,2011031,2,2,3,"Sister",1,1,0,0,0,0
656,"10/09/99",1,2011031,2,2,4,"Uncle",2,2,0,2,0,0
657,"10/09/99",1,2011031,2,2,5,"Aunt",1,1,0,1,0,0
658,"10/09/99",1,2011031,2,2,7,"Daughter",1,0,0,0,0,1
659,"10/09/99",1,2011131,1,1,1,"Parents",1,0,1,1,0,0
660,"10/09/99",1,2011131,1,1,2,"Brother",3,0,2,2,0,0
661,"10/09/99",1,2011131,1,1,3,"Sister",4,2,1,3,1,0
662,"10/09/99",1,2011131,1,1,4,"Uncle",1,1,0,1,0,0
663,"10/09/99",1,2011131,1,1,5,"Aunt",3,2,1,2,0,0
664,"10/09/99",1,2011131,1,1,6,"Son",1,0,1,1,0,0
665,"10/09/99",1,2011131,2,2,1,"Parents",1,0,0,1,0,0
666,"10/09/99",1,2011131,2,2,2,"Brother",5,0,0,5,0,0
667,"10/09/99",1,2011131,2,2,3,"Sister",3,0,0,3,0,0
668,"10/09/99",1,2011131,2,2,4,"Uncle",2,2,0,2,0,0
669,"10/09/99",1,2011131,2,2,5,"Aunt",5,2,0,5,0,0
670,"10/09/99",1,2011131,2,2,6,"Son",1,0,1,1,0,0
671,"10/09/99",1,2011132,1,1,1,"Parents",2,0,2,2,0,0
672,"10/09/99",1,2011132,1,1,2,"Brother",2,0,2,2,0,0
673,"10/09/99",1,2011132,1,1,3,"Sister",2,0,2,2,0,0
674,"10/09/99",1,2011132,1,1,4,"Uncle",8,5,3,5,0,0
675,"10/09/99",1,2011132,1,1,5,"Aunt",7,5,0,6,1,0
676,"10/09/99",1,2011132,2,2,1,"Parents",1,1,0,1,0,0
677,"10/09/99",1,2011132,2,2,2,"Brother",1,1,0,1,0,0
678,"10/09/99",1,2011132,2,2,4,"Uncle",3,2,0,2,0,0
679,"10/09/99",1,2011132,2,2,5,"Aunt",4,4,0,4,0,0
680,"10/09/99",1,2011231,1,1,2,"Brother",2,0,0,1,1,0
681,"10/09/99",1,2011231,1,1,3,"Sister",3,0,0,1,2,0
682,"10/09/99",1,2011231,1,1,4,"Uncle",3,3,0,3,0,0
683,"10/09/99",1,2011231,2,2,1,"Parents",2,2,2,2,0,0
684,"10/09/99",1,2011231,2,2,2,"Brother",1,1,1,1,0,0
685,"10/09/99",1,2011231,2,2,3,"Sister",3,3,0,3,0,0
686,"10/09/99",1,2011231,2,2,4,"Uncle",1,1,1,1,0,0
687,"10/09/99",1,2011231,2,2,5,"Aunt",2,0,0,2,0,0
688,"10/09/99",1,2011339,1,1,1,"Parents",2,2,2,2,0,0
689,"10/09/99",1,2011339,1,1,2,"Brother",3,3,3,3,0,0
690,"10/09/99",1,2011339,1,1,3,"Sister",5,4,1,5,0,0
691,"10/09/99",1,2011339,1,1,4,"Uncle",6,0,0,6,0,0
692,"10/09/99",1,2011339,2,2,1,"Parents",2,2,0,2,0,0
693,"10/09/99",1,2011339,2,2,2,"Brother",1,1,0,1,0,0
694,"10/09/99",1,2011339,2,2,3,"Sister",3,3,1,3,0,0
695,"10/09/99",1,2011339,2,2,4,"Uncle",2,2,0,2,0,0
696,"10/09/99",1,2011339,2,2,5,"Aunt",5,4,0,2,3,0
697,"10/09/99",1,2011439,1,1,6,"Son",3,0,2,3,0,0
698,"10/09/99",1,2011439,1,1,7,"Daughter",1,1,0,1,0,0
699,"10/09/99",1,2011439,2,2,2,"Brother",2,2,0,2,0,0
700,"10/09/99",1,2011439,2,2,4,"Uncle",1,1,0,1,0,0
701,"10/09/99",1,2011439,2,2,5,"Aunt",1,0,0,1,0,0
702,"10/09/99",1,2011439,2,2,6,"Son",3,0,2,3,0,0
703,"10/09/99",1,2011439,2,2,7,"Daughter",1,1,0,1,0,0
704,"10/09/99",1,2011539,1,1,1,"Parents",1,0,1,1,0,0
705,"10/09/99",1,2011539,1,1,2,"Brother",3,0,3,3,0,0
706,"10/09/99",1,2011539,1,1,3,"Sister",4,2,2,2,2,0
707,"10/09/99",1,2011539,1,1,4,"Uncle",1,0,0,1,0,0
708,"10/09/99",1,2011539,2,2,2,"Brother",2,2,0,2,0,0
709,"10/09/99",1,2011539,2,2,3,"Sister",4,2,0,4,0,0
710,"10/09/99",1,2011639,1,1,1,"Parents",1,1,1,1,0,0
711,"10/09/99",1,2011639,1,1,2,"Brother",2,0,2,2,0,0
712,"10/09/99",1,2011639,1,1,3,"Sister",4,0,0,4,0,0
713,"10/09/99",1,2011639,1,1,4,"Uncle",6,1,6,6,0,0
714,"10/09/99",1,2011639,1,1,5,"Aunt",3,0,2,2,0,0
715,"10/09/99",1,2011639,1,1,7,"Daughter",1,0,0,1,0,0
716,"10/09/99",1,2011639,2,2,1,"Parents",2,2,0,2,0,2
717,"10/09/99",1,2011639,2,2,2,"Brother",1,1,0,1,0,0
718,"10/09/99",1,2011639,2,2,4,"Uncle",2,2,0,2,0,0
719,"10/09/99",1,2011639,2,2,5,"Aunt",5,0,0,5,0,0
720,"10/09/99",1,2011639,2,2,7,"Daughter",1,0,0,1,0,0
721,"10/09/99",1,2011739,1,1,2,"Brother",2,0,2,2,0,2
722,"10/09/99",1,2011739,1,1,3,"Sister",4,2,1,3,0,0
723,"10/09/99",1,2011739,1,1,4,"Uncle",1,1,1,1,0,0
724,"10/09/99",1,2011739,1,1,5,"Aunt",1,1,0,1,0,0
725,"10/09/99",1,2011739,2,2,2,"Brother",1,1,0,1,0,1
726,"10/09/99",1,2011739,2,2,4,"Uncle",1,1,0,1,0,0
727,"10/09/99",1,2011739,2,2,5,"Aunt",2,2,0,2,0,0
728,"10/09/99",1,2011839,1,1,1,"Parents",1,0,0,1,0,0
729,"10/09/99",1,2011839,1,1,2,"Brother",1,0,1,1,0,1
730,"10/09/99",1,2011839,1,1,3,"Sister",4,0,0,4,0,2
731,"10/09/99",1,2011839,1,1,7,"Daughter",1,1,0,1,0,1
732,"10/09/99",1,2011839,2,2,3,"Sister",4,3,1,3,0,2
733,"10/09/99",1,2011839,2,2,7,"Daughter",1,1,0,1,0,1
734,"10/09/99",1,2011939,1,1,2,"Brother",1,1,1,1,0,1
735,"10/09/99",1,2011939,1,1,3,"Sister",3,2,0,3,0,2
736,"10/09/99",1,2011939,1,1,4,"Uncle",3,3,1,2,0,0
737,"10/09/99",1,2011939,1,1,5,"Aunt",1,1,0,1,0,0
738,"10/09/99",1,2011939,1,1,6,"Son",1,1,1,1,0,1
739,"10/09/99",1,2011939,1,1,7,"Daughter",2,2,0,2,0,2
740,"10/09/99",1,2011939,2,2,1,"Parents",1,1,0,1,0,1
741,"10/09/99",1,2011939,2,2,2,"Brother",2,2,0,0,0,2
742,"10/09/99",1,2011939,2,2,3,"Sister",4,4,0,4,0,2
743,"10/09/99",1,2011939,2,2,4,"Uncle",4,4,0,2,0,0
744,"10/09/99",1,2011939,2,2,5,"Aunt",1,1,0,0,0,0
745,"10/09/99",1,2011939,2,2,6,"Son",1,1,1,1,0,1
746,"10/09/99",1,2011939,2,2,7,"Daughter",2,2,0,2,0,2
747,"10/09/99",1,2012039,1,1,2,"Brother",4,0,4,4,0,2
748,"10/09/99",1,2012039,1,1,3,"Sister",1,0,1,1,0,0
749,"10/09/99",1,2012039,1,1,4,"Uncle",1,1,1,1,0,0
750,"10/09/99",1,2012039,1,1,5,"Aunt",1,1,0,1,0,0
751,"10/09/99",1,2012039,1,1,7,"Daughter",2,2,0,2,0,2
752,"10/09/99",1,2012039,2,2,7,"Daughter",2,2,0,2,0,2
232,"9/29/99",1,2020131,1,1,1,"Parents",1,0,1,1,0,0
233,"9/29/99",1,2020131,1,1,3,"Sister",1,0,1,1,0,1
234,"9/29/99",1,2020131,1,1,5,"Aunt",1,1,1,1,0,0
235,"9/29/99",1,2020131,1,1,6,"Son",1,0,1,1,0,1
236,"9/29/99",1,2020131,1,1,7,"Daughter",1,0,0,1,0,1
237,"9/29/99",1,2020131,2,2,3,"Sister",4,4,4,4,0,2
238,"9/29/99",1,2020131,2,2,4,"Uncle",2,2,2,2,0,0
239,"9/29/99",1,2020131,2,2,5,"Aunt",4,0,4,4,0,0
240,"9/29/99",1,2020131,2,2,6,"Son",1,0,1,1,0,1
241,"9/29/99",1,2020131,2,2,7,"Daughter",1,0,0,1,0,1
242,"9/29/99",1,2020132,1,1,1,"Parents",2,2,2,2,0,2
243,"9/29/99",1,2020132,1,1,3,"Sister",1,1,0,1,0,0
244,"9/29/99",1,2020132,1,1,5,"Aunt",2,0,2,2,0,0
245,"9/29/99",1,2020132,1,2,1,"Parents",2,2,0,0,0,2
246,"9/29/99",1,2020132,1,2,2,"Brother",2,2,0,0,0,0
247,"9/29/99",1,2020132,1,2,3,"Sister",1,0,0,0,0,0
248,"9/29/99",1,2020132,1,2,4,"Uncle",7,7,0,0,0,0
249,"9/29/99",1,2020132,1,2,5,"Aunt",4,4,0,0,0,0
250,"9/29/99",1,2020133,1,1,6,"Son",1,0,1,1,0,0
251,"9/29/99",1,2020133,1,1,7,"Daughter",1,0,1,1,0,0
497,"9/29/99",1,2020141,1,1,1,"Parents",1,0,1,1,0,0
498,"9/29/99",1,2020141,1,1,2,"Brother",3,0,3,3,0,0
499,"9/29/99",1,2020141,1,1,3,"Sister",2,0,2,2,0,0
500,"9/29/99",1,2020141,1,1,5,"Aunt",1,0,0,0,1,0
501,"9/29/99",1,2020141,2,2,1,"Parents",1,1,1,1,0,1
502,"9/29/99",1,2020141,2,2,3,"Sister",1,1,1,1,0,0
503,"9/29/99",1,2020141,2,2,4,"Uncle",3,1,2,2,0,0
504,"9/29/99",1,2020141,2,2,5,"Aunt",2,1,0,2,0,0
539,"9/29/99",1,2020151,4,1,1,"Parents",2,2,2,2,0,2
540,"9/29/99",1,2020151,4,1,2,"Brother",3,3,3,3,0,3
541,"9/29/99",1,2020151,4,1,3,"Sister",2,0,2,2,0,0
542,"9/29/99",1,2020151,4,1,4,"Uncle",2,2,0,0,2,0
543,"9/29/99",1,2020151,4,1,5,"Aunt",3,3,2,2,1,0
544,"9/29/99",1,2020151,4,1,7,"Daughter",1,0,0,0,0,1
545,"9/29/99",1,2020151,4,2,1,"Parents",2,2,0,2,0,2
546,"9/29/99",1,2020151,4,2,2,"Brother",4,4,0,4,0,0
547,"9/29/99",1,2020151,4,2,3,"Sister",2,2,0,0,0,0
548,"9/29/99",1,2020151,4,2,4,"Uncle",2,2,0,0,0,0
549,"9/29/99",1,2020151,4,2,7,"Daughter",1,0,0,0,0,1
252,"9/29/99",1,2020231,2,1,1,"Parents",1,0,1,1,0,0
253,"9/29/99",1,2020231,2,1,2,"Brother",2,0,1,1,0,0
254,"9/29/99",1,2020231,2,1,6,"Son",1,0,1,1,0,1
255,"9/29/99",1,2020231,2,1,7,"Daughter",1,1,0,0,1,1
256,"9/29/99",1,2020231,2,2,1,"Parents",1,0,0,0,0,0
257,"9/29/99",1,2020231,2,2,3,"Sister",3,3,0,0,3,0
258,"9/29/99",1,2020231,2,2,6,"Son",1,0,1,1,0,1
259,"9/29/99",1,2020231,2,2,7,"Daughter",1,1,0,0,1,1
260,"9/29/99",1,2020232,1,1,1,"Parents",1,0,0,1,0,1
261,"9/29/99",1,2020232,1,1,2,"Brother",2,0,0,2,0,2
262,"9/29/99",1,2020232,1,1,3,"Sister",4,0,1,3,0,1
263,"9/29/99",1,2020232,1,1,4,"Uncle",2,0,0,2,0,0
264,"9/29/99",1,2020232,1,1,5,"Aunt",6,0,1,2,0,0
265,"9/29/99",1,2020232,1,2,1,"Parents",1,0,1,1,0,0
266,"9/29/99",1,2020232,1,2,2,"Brother",2,0,1,1,0,0
267,"9/29/99",1,2020232,1,2,3,"Sister",2,0,2,2,0,0
268,"9/29/99",1,2020232,1,2,6,"Son",1,0,1,1,0,0
269,"9/29/99",1,2020232,1,2,7,"Daughter",1,1,0,0,0,0
505,"9/29/99",1,2020241,1,1,1,"Parents",1,0,1,1,0,0
506,"9/29/99",1,2020241,1,1,2,"Brother",3,0,3,3,0,0
507,"9/29/99",1,2020241,1,1,3,"Sister",3,0,3,3,0,0
508,"9/29/99",1,2020241,1,1,5,"Aunt",1,0,0,0,1,0
509,"9/29/99",1,2020241,2,2,1,"Parents",1,0,0,1,0,1
510,"9/29/99",1,2020241,2,2,2,"Brother",5,4,0,4,1,0
511,"9/29/99",1,2020241,2,2,3,"Sister",2,0,0,0,2,0
512,"9/29/99",1,2020241,2,2,4,"Uncle",2,2,0,0,2,0
513,"9/29/99",1,2020241,2,2,5,"Aunt",1,1,0,0,1,0
550,"9/29/99",1,2020251,2,1,3,"Sister",2,2,2,2,0,2
551,"9/29/99",1,2020251,2,1,4,"Uncle",1,1,1,1,0,1
552,"9/29/99",1,2020251,2,2,1,"Parents",2,0,2,2,0,2
553,"9/29/99",1,2020251,2,2,2,"Brother",4,0,4,4,0,0
554,"9/29/99",1,2020251,2,2,4,"Uncle",4,0,0,0,4,0
555,"9/29/99",1,2020251,2,2,5,"Aunt",5,1,1,4,0,0
556,"9/29/99",1,2020252,1,1,1,"Parents",1,1,0,0,1,1
557,"9/29/99",1,2020252,1,1,2,"Brother",2,2,0,0,2,2
558,"9/29/99",1,2020252,1,1,3,"Sister",4,4,0,0,4,4
559,"9/29/99",1,2020252,1,1,4,"Uncle",1,1,0,0,1,0
560,"9/29/99",1,2020252,1,1,5,"Aunt",1,1,0,1,0,0
561,"9/29/99",1,2020252,1,1,7,"Daughter",2,1,1,1,0,2
562,"9/29/99",1,2020252,1,2,3,"Sister",2,2,2,2,0,0
563,"9/29/99",1,2020252,1,2,4,"Uncle",1,1,1,1,0,0
564,"9/29/99",1,2020252,1,2,7,"Daughter",2,1,1,1,0,0
270,"9/29/99",1,2020331,2,1,2,"Brother",2,0,1,1,0,2
271,"9/29/99",1,2020331,2,1,3,"Sister",1,1,0,1,0,1
272,"9/29/99",1,2020331,2,1,4,"Uncle",1,1,1,1,0,0
273,"9/29/99",1,2020331,2,1,6,"Son",2,0,2,2,0,2
274,"9/29/99",1,2020331,2,2,2,"Brother",1,0,1,1,0,1
275,"9/29/99",1,2020331,2,2,5,"Aunt",1,0,0,1,0,0
276,"9/29/99",1,2020331,2,2,6,"Son",2,0,2,2,0,2
277,"9/29/99",1,2020332,1,1,1,"Parents",2,0,2,2,0,2
278,"9/29/99",1,2020332,1,1,2,"Brother",3,0,3,3,0,3
279,"9/29/99",1,2020332,1,1,3,"Sister",1,0,1,1,0,0
280,"9/29/99",1,2020332,1,1,4,"Uncle",3,1,2,2,0,0
281,"9/29/99",1,2020332,1,1,5,"Aunt",2,1,1,1,0,0
282,"9/29/99",1,2020332,1,2,1,"Parents",2,0,0,0,0,2
283,"9/29/99",1,2020332,1,2,2,"Brother",1,0,0,0,0,0
284,"9/29/99",1,2020332,1,2,3,"Sister",1,0,0,0,0,0
285,"9/29/99",1,2020332,1,2,4,"Uncle",6,4,0,0,0,0
286,"9/29/99",1,2020332,1,2,5,"Aunt",2,1,0,1,0,0
287,"9/29/99",1,2020333,1,1,1,"Parents",2,0,2,2,0,2
288,"9/29/99",1,2020333,1,1,2,"Brother",3,0,3,3,0,3
289,"9/29/99",1,2020333,1,1,3,"Sister",1,0,1,1,0,0
290,"9/29/99",1,2020333,1,1,4,"Uncle",3,1,2,2,0,2
291,"9/29/99",1,2020333,1,1,5,"Aunt",2,1,1,1,0,0
292,"9/29/99",1,2020333,1,2,1,"Parents",2,2,2,2,0,2
293,"9/29/99",1,2020333,1,2,3,"Sister",1,0,1,1,0,0
294,"9/29/99",1,2020333,1,2,4,"Uncle",2,0,1,1,0,1
295,"9/29/99",1,2020333,1,2,5,"Aunt",3,3,0,3,0,0
514,"9/29/99",1,2020341,1,1,1,"Parents",2,2,2,2,0,2
515,"9/29/99",1,2020341,1,1,2,"Brother",3,3,3,3,0,3
516,"9/29/99",1,2020341,1,1,3,"Sister",2,0,2,2,0,0
517,"9/29/99",1,2020341,1,1,4,"Uncle",2,2,0,0,2,2
518,"9/29/99",1,2020341,1,1,5,"Aunt",3,3,2,2,1,0
519,"9/29/99",1,2020341,2,2,1,"Parents",2,2,0,0,2,1
520,"9/29/99",1,2020341,2,2,2,"Brother",4,4,0,0,3,2
521,"9/29/99",1,2020341,2,2,3,"Sister",3,3,2,2,0,0
522,"9/29/99",1,2020341,2,2,4,"Uncle",3,3,0,0,3,0
523,"9/29/99",1,2020341,2,2,5,"Aunt",4,4,0,0,4,0
565,"9/29/99",1,2020351,1,1,1,"Parents",1,0,1,1,0,1
566,"9/29/99",1,2020351,1,1,2,"Brother",3,3,3,3,0,3
567,"9/29/99",1,2020351,1,1,3,"Sister",3,3,1,2,0,2
568,"9/29/99",1,2020351,1,1,4,"Uncle",1,1,0,0,0,0
569,"9/29/99",1,2020351,1,1,5,"Aunt",2,2,0,0,0,0
570,"9/29/99",1,2020351,1,2,1,"Parents",1,1,0,1,0,1
571,"9/29/99",1,2020351,1,2,2,"Brother",3,3,0,3,0,2
572,"9/29/99",1,2020351,1,2,3,"Sister",2,2,0,2,0,2
573,"9/29/99",1,2020351,1,2,4,"Uncle",1,1,0,1,0,0
574,"9/29/99",1,2020351,1,2,5,"Aunt",2,2,0,0,0,2
296,"9/29/99",1,2020431,1,1,2,"Brother",2,2,2,2,0,2
297,"9/29/99",1,2020431,1,1,3,"Sister",3,3,2,2,1,2
298,"9/29/99",1,2020431,1,1,5,"Aunt",1,1,1,1,0,0
299,"9/29/99",1,2020431,1,1,6,"Son",2,2,2,2,0,2
300,"9/29/99",1,2020431,1,1,7,"Daughter",6,3,0,5,1,2
301,"9/29/99",1,2020431,2,2,2,"Brother",2,0,0,2,0,0
302,"9/29/99",1,2020431,2,2,3,"Sister",1,1,0,0,1,1
303,"9/29/99",1,2020431,2,2,6,"Son",2,2,2,2,0,2
304,"9/29/99",1,2020431,2,2,7,"Daughter",6,3,0,5,1,0
305,"9/29/99",1,2020432,1,1,1,"Parents",2,2,2,2,0,2
306,"9/29/99",1,2020432,1,1,2,"Brother",3,3,3,3,0,0
307,"9/29/99",1,2020432,1,1,3,"Sister",6,3,0,5,1,0
308,"9/29/99",1,2020432,1,1,4,"Uncle",4,2,2,2,0,0
309,"9/29/99",1,2020432,1,1,5,"Aunt",3,3,2,2,1,0
310,"9/29/99",1,2020432,2,2,1,"Parents",2,2,0,2,0,0
311,"9/29/99",1,2020432,2,2,2,"Brother",2,2,0,2,0,0
312,"9/29/99",1,2020432,2,2,4,"Uncle",3,3,0,3,0,0
313,"9/29/99",1,2020432,2,2,5,"Aunt",3,3,0,3,0,0
524,"9/29/99",1,2020441,2,1,2,"Brother",1,0,1,1,0,1
525,"9/29/99",1,2020441,2,1,3,"Sister",1,1,1,1,0,1
526,"9/29/99",1,2020441,2,1,5,"Aunt",1,0,1,1,0,1
527,"9/29/99",1,2020441,2,1,7,"Daughter",2,2,0,2,0,2
528,"9/29/99",1,2020441,2,2,1,"Parents",1,1,0,1,0,1
529,"9/29/99",1,2020441,2,2,2,"Brother",7,7,0,7,0,4
530,"9/29/99",1,2020441,2,2,3,"Sister",6,6,1,5,0,5
531,"9/29/99",1,2020441,2,2,5,"Aunt",2,2,0,2,0,0
532,"9/29/99",1,2020441,2,2,7,"Daughter",2,2,0,2,0,2
575,"9/29/99",1,2020459,1,1,2,"Brother",2,0,2,2,0,0
576,"9/29/99",1,2020459,1,1,3,"Sister",3,2,1,1,2,0
577,"9/29/99",1,2020459,1,1,4,"Uncle",1,0,1,1,0,0
578,"9/29/99",1,2020459,1,1,5,"Aunt",3,3,0,2,1,0
579,"9/29/99",1,2020459,1,1,6,"Son",1,1,1,1,0,0
580,"9/29/99",1,2020459,1,1,7,"Daughter",1,0,0,0,1,0
581,"9/29/99",1,2020459,2,2,2,"Brother",4,4,0,0,4,0
582,"9/29/99",1,2020459,2,2,3,"Sister",3,3,1,1,2,0
583,"9/29/99",1,2020459,2,2,6,"Son",1,1,1,1,0,0
584,"9/29/99",1,2020459,2,2,7,"Daughter",1,0,0,0,1,0
314,"9/29/99",1,2020531,1,1,1,"Parents",1,0,1,1,0,0
315,"9/29/99",1,2020531,1,1,2,"Brother",1,0,1,1,0,1
316,"9/29/99",1,2020531,1,1,3,"Sister",4,0,3,3,1,0
317,"9/29/99",1,2020531,1,1,4,"Uncle",1,0,0,1,0,1
318,"9/29/99",1,2020531,1,1,7,"Daughter",1,0,0,1,0,0
533,"9/29/99",1,2020541,1,1,6,"Son",1,0,1,1,0,1
534,"9/29/99",1,2020541,1,1,7,"Daughter",1,0,0,1,0,1
535,"9/29/99",1,2020541,1,2,2,"Brother",2,0,0,0,0,0
536,"9/29/99",1,2020541,1,2,3,"Sister",2,0,0,0,0,0
537,"9/29/99",1,2020541,1,2,6,"Son",1,0,1,1,0,1
538,"9/29/99",1,2020541,1,2,7,"Daughter",1,0,0,1,0,1
319,"9/29/99",1,2020631,2,1,1,"Parents",2,0,2,2,0,2
324,"9/29/99",1,2020631,2,1,7,"Daughter",1,0,0,0,0,1
325,"9/29/99",1,2020631,2,2,1,"Parents",2,0,2,2,0,2
320,"9/29/99",1,2020631,2,2,2,"Brother",2,0,2,2,0,0
321,"9/29/99",1,2020631,2,2,3,"Sister",3,0,1,1,0,0
327,"9/29/99",1,2020631,2,2,4,"Uncle",1,0,1,1,0,0
328,"9/29/99",1,2020631,2,2,5,"Aunt",6,1,3,3,0,0
329,"9/29/99",1,2020631,2,2,7,"Daughter",1,0,0,0,0,1
330,"9/29/99",1,2020731,1,1,1,"Parents",1,0,1,1,0,0
331,"9/29/99",1,2020731,1,1,2,"Brother",3,1,3,3,0,3
332,"9/29/99",1,2020731,1,1,3,"Sister",1,0,0,0,0,0
333,"9/29/99",1,2020731,1,2,1,"Parents",2,2,0,0,0,2
334,"9/29/99",1,2020731,1,2,2,"Brother",5,5,0,0,0,4
335,"9/29/99",1,2020731,1,2,3,"Sister",3,0,0,0,0,0
336,"9/29/99",1,2020731,1,2,4,"Uncle",2,1,0,0,0,0
337,"9/29/99",1,2020731,1,2,5,"Aunt",4,4,1,1,0,1
338,"9/29/99",1,2020831,1,1,2,"Brother",1,1,1,1,0,0
339,"9/29/99",1,2020831,1,1,7,"Daughter",2,1,0,1,1,0
340,"9/29/99",1,2020831,2,2,2,"Brother",1,0,0,1,0,0
341,"9/29/99",1,2020831,2,2,3,"Sister",3,1,0,3,0,0
342,"9/29/99",1,2020831,2,2,5,"Aunt",2,2,0,2,0,0
343,"9/29/99",1,2020831,2,2,7,"Daughter",2,1,0,1,0,0
344,"9/29/99",1,2020832,1,1,1,"Parents",2,0,2,2,0,0
345,"9/29/99",1,2020832,1,1,2,"Brother",1,0,1,1,0,0
346,"9/29/99",1,2020832,1,1,3,"Sister",2,1,0,1,1,0
347,"9/29/99",1,2020832,1,1,4,"Uncle",2,1,1,2,0,0
348,"9/29/99",1,2020832,1,1,5,"Aunt",3,1,0,3,0,0
349,"9/29/99",1,2020832,2,2,1,"Parents",2,0,0,0,2,0
350,"9/29/99",1,2020832,2,2,2,"Brother",1,0,0,0,1,0
351,"9/29/99",1,2020832,2,2,4,"Uncle",5,0,0,0,5,0
352,"9/29/99",1,2020832,2,2,5,"Aunt",7,0,0,0,7,0
353,"9/29/99",1,2020931,1,1,2,"Brother",2,0,2,2,0,0
354,"9/29/99",1,2020931,1,1,3,"Sister",2,0,1,1,1,0
355,"9/29/99",1,2020931,1,1,6,"Son",3,0,3,3,0,0
356,"9/29/99",1,2020931,1,1,7,"Daughter",1,0,0,0,1,0
357,"9/29/99",1,2020931,2,2,1,"Parents",2,2,0,2,0,0
358,"9/29/99",1,2020931,2,2,2,"Brother",4,4,0,4,0,0
359,"9/29/99",1,2020931,2,2,3,"Sister",2,2,0,2,0,0
360,"9/29/99",1,2020931,2,2,4,"Uncle",6,6,0,6,0,0
361,"9/29/99",1,2020931,2,2,5,"Aunt",1,1,0,1,0,0
362,"9/29/99",1,2020931,2,2,6,"Son",3,0,3,3,0,0
363,"9/29/99",1,2020931,2,2,7,"Daughter",1,0,0,0,1,0
364,"9/29/99",1,2020932,1,1,1,"Parents",2,0,2,2,0,0
365,"9/29/99",1,2020932,1,1,2,"Brother",5,0,5,5,0,0
366,"9/29/99",1,2020932,1,1,3,"Sister",1,0,0,0,1,0
367,"9/29/99",1,2020932,1,1,4,"Uncle",6,4,2,4,0,0
368,"9/29/99",1,2020932,1,1,5,"Aunt",4,2,2,2,0,0
369,"9/29/99",1,2020932,2,2,1,"Parents",1,1,1,1,0,0
370,"9/29/99",1,2020932,2,2,2,"Brother",1,1,1,1,0,0
371,"9/29/99",1,2020932,2,2,3,"Sister",1,1,1,1,0,0
372,"9/29/99",1,2020932,2,2,4,"Uncle",4,4,1,3,0,0
373,"9/29/99",1,2020932,2,2,5,"Aunt",2,2,0,2,0,0
374,"9/29/99",1,2021031,1,1,2,"Brother",2,0,2,2,0,0
375,"9/29/99",1,2021031,1,1,3,"Sister",2,0,1,1,1,0
376,"9/29/99",1,2021031,1,1,6,"Son",1,0,1,1,0,0
377,"9/29/99",1,2021031,1,1,7,"Daughter",2,0,0,0,2,0
378,"9/29/99",1,2021031,2,2,2,"Brother",2,2,0,0,2,0
379,"9/29/99",1,2021031,2,2,3,"Sister",5,5,0,0,5,0
380,"9/29/99",1,2021031,2,2,5,"Aunt",2,2,0,0,2,0
381,"9/29/99",1,2021031,2,2,6,"Son",1,0,1,1,0,0
382,"9/29/99",1,2021031,2,2,7,"Daughter",2,0,0,0,2,0
383,"9/29/99",1,2021032,1,1,1,"Parents",2,0,2,2,0,0
384,"9/29/99",1,2021032,1,1,2,"Brother",1,0,1,1,0,0
385,"9/29/99",1,2021032,1,1,3,"Sister",3,0,1,1,2,0
386,"9/29/99",1,2021032,1,1,4,"Uncle",4,2,2,2,2,0
387,"9/29/99",1,2021032,1,1,5,"Aunt",7,5,1,1,6,0
388,"9/29/99",1,2021032,2,2,1,"Parents",2,0,2,2,0,0
389,"9/29/99",1,2021032,2,2,2,"Brother",3,0,3,3,0,0
390,"9/29/99",1,2021032,2,2,3,"Sister",2,0,2,2,0,0
391,"9/29/99",1,2021032,2,2,4,"Uncle",4,1,3,3,1,0
392,"9/29/99",1,2021032,2,2,5,"Aunt",5,2,2,2,3,0
393,"9/29/99",1,2021131,1,1,1,"Parents",2,0,2,2,0,0
394,"9/29/99",1,2021131,1,1,2,"Brother",5,0,5,5,0,0
395,"9/29/99",1,2021131,1,1,3,"Sister",1,0,0,0,1,0
396,"9/29/99",1,2021131,1,1,4,"Uncle",6,4,2,4,0,0
397,"9/29/99",1,2021131,1,1,5,"Aunt",4,2,1,3,0,0
398,"9/29/99",1,2021131,2,2,1,"Parents",1,0,0,1,0,0
399,"9/29/99",1,2021131,2,2,2,"Brother",1,0,0,1,0,0
400,"9/29/99",1,2021131,2,2,3,"Sister",4,2,0,2,2,0
401,"9/29/99",1,2021131,2,2,4,"Uncle",2,1,0,2,0,0
402,"9/29/99",1,2021131,2,2,5,"Aunt",4,1,0,4,0,0
403,"9/29/99",1,2021231,1,1,2,"Brother",1,0,1,1,0,0
404,"9/29/99",1,2021231,1,1,3,"Sister",1,0,1,1,0,0
405,"9/29/99",1,2021231,1,1,5,"Aunt",1,0,0,0,1,0
406,"9/29/99",1,2021231,1,1,6,"Son",1,1,1,1,0,0
407,"9/29/99",1,2021231,2,2,2,"Brother",1,1,1,1,0,0
408,"9/29/99",1,2021231,2,2,3,"Sister",2,2,0,0,2,0
409,"9/29/99",1,2021231,2,2,4,"Uncle",1,1,1,1,0,0
410,"9/29/99",1,2021231,2,2,5,"Aunt",1,1,1,1,0,0
411,"9/29/99",1,2021231,2,2,6,"Son",1,0,1,1,0,0
412,"9/29/99",1,2021232,1,1,1,"Parents",2,0,2,2,0,0
413,"9/29/99",1,2021232,1,1,2,"Brother",2,0,2,2,0,0
414,"9/29/99",1,2021232,1,1,3,"Sister",2,0,2,2,0,0
415,"9/29/99",1,2021232,1,1,4,"Uncle",2,1,2,2,0,0
416,"9/29/99",1,2021232,1,1,5,"Aunt",3,2,1,1,2,0
417,"9/29/99",1,2021232,2,2,1,"Parents",1,0,0,1,0,0
418,"9/29/99",1,2021232,2,2,2,"Brother",3,0,0,3,0,0
419,"9/29/99",1,2021232,2,2,4,"Uncle",3,1,0,3,0,0
420,"9/29/99",1,2021232,2,2,5,"Aunt",3,2,0,3,0,0
421,"9/29/99",1,2021339,1,1,2,"Brother",1,0,1,1,0,0
422,"9/29/99",1,2021339,1,1,3,"Sister",1,0,1,1,0,0
423,"9/29/99",1,2021339,1,1,6,"Son",2,0,2,2,0,0
424,"9/29/99",1,2021339,1,1,7,"Daughter",3,0,3,3,0,0
425,"9/29/99",1,2021339,2,2,2,"Brother",2,0,0,0,2,0
426,"9/29/99",1,2021339,2,2,4,"Uncle",1,0,0,0,1,0
427,"9/29/99",1,2021339,2,2,5,"Aunt",1,1,1,1,0,0
428,"9/29/99",1,2021339,2,2,6,"Son",2,0,2,2,0,0
429,"9/29/99",1,2021339,2,2,7,"Daughter",3,0,3,3,0,0
430,"9/29/99",1,2021439,1,1,2,"Brother",1,0,1,1,0,0
431,"9/29/99",1,2021439,1,1,3,"Sister",1,0,1,1,0,0
432,"9/29/99",1,2021439,1,1,6,"Son",4,0,4,4,0,0
433,"9/29/99",1,2021439,1,1,7,"Daughter",1,0,1,1,0,0
434,"9/29/99",1,2021439,2,2,2,"Brother",3,2,3,3,0,0
435,"9/29/99",1,2021439,2,2,3,"Sister",1,0,1,1,0,0
436,"9/29/99",1,2021439,2,2,6,"Son",4,0,4,4,0,0
437,"9/29/99",1,2021439,2,2,7,"Daughter",1,0,1,1,0,0
438,"9/29/99",1,2021539,1,1,2,"Brother",2,0,2,2,0,0
439,"9/29/99",1,2021539,1,1,3,"Sister",1,0,0,0,1,0
452,"9/29/99",1,2021539,1,1,4,"Uncle",2,2,1,1,0,0
441,"9/29/99",1,2021539,1,1,5,"Aunt",3,3,0,0,3,0
442,"9/29/99",1,2021539,1,1,6,"Son",1,0,1,1,0,0
443,"9/29/99",1,2021539,1,1,7,"Daughter",3,0,1,2,0,0
444,"9/29/99",1,2021539,2,2,1,"Parents",1,0,0,0,1,0
445,"9/29/99",1,2021539,2,2,2,"Brother",3,0,0,0,3,0
446,"9/29/99",1,2021539,2,2,3,"Sister",2,0,0,0,2,0
447,"9/29/99",1,2021539,2,2,4,"Uncle",1,1,0,0,1,0
448,"9/29/99",1,2021539,2,2,6,"Son",1,0,1,1,0,0
449,"9/29/99",1,2021539,2,2,7,"Daughter",3,0,1,2,0,0
450,"9/29/99",1,2021639,1,1,2,"Brother",2,0,2,2,0,0
454,"9/29/99",1,2021739,2,1,2,"Brother",2,1,2,2,0,2
455,"9/29/99",1,2021739,2,1,3,"Sister",3,2,1,1,0,2
456,"9/29/99",1,2021739,2,1,4,"Uncle",1,0,1,1,0,0
457,"9/29/99",1,2021739,2,1,7,"Daughter",1,0,0,0,0,0
458,"9/29/99",1,2021739,2,2,1,"Parents",1,1,1,1,0,1
459,"9/29/99",1,2021739,2,2,2,"Brother",2,2,2,2,0,2
460,"9/29/99",1,2021739,2,2,3,"Sister",1,1,0,1,0,0
461,"9/29/99",1,2021739,2,2,4,"Uncle",2,2,2,2,0,0
462,"9/29/99",1,2021739,2,2,5,"Aunt",1,0,0,1,0,0
463,"9/29/99",1,2021739,2,2,7,"Daughter",1,0,0,0,0,0
464,"9/29/99",1,2021839,2,1,2,"Brother",1,0,1,1,0,0
465,"9/29/99",1,2021839,2,1,3,"Sister",6,2,3,3,0,0
466,"9/29/99",1,2021839,2,1,6,"Son",4,0,4,4,0,4
467,"9/29/99",1,2021839,2,1,7,"Daughter",1,0,1,1,0,1
468,"9/29/99",1,2021839,2,2,6,"Son",4,0,4,4,0,4
469,"9/29/99",1,2021839,2,2,7,"Daughter",1,0,1,1,0,1
470,"9/29/99",1,2021939,1,1,1,"Parents",1,1,0,1,0,1
471,"9/29/99",1,2021939,1,1,2,"Brother",2,2,0,2,0,2
472,"9/29/99",1,2021939,1,1,3,"Sister",6,0,0,5,0,4
473,"9/29/99",1,2021939,1,1,6,"Son",1,0,1,1,0,1
474,"9/29/99",1,2021939,1,1,7,"Daughter",2,0,2,2,0,2
475,"9/29/99",1,2021939,1,2,2,"Brother",2,0,2,2,0,0
476,"9/29/99",1,2021939,1,2,6,"Son",1,0,1,1,0,1
477,"9/29/99",1,2021939,1,2,7,"Daughter",2,0,2,2,0,2
478,"9/29/99",1,2022039,1,1,1,"Parents",1,0,1,1,0,1
479,"9/29/99",1,2022039,1,1,3,"Sister",3,0,2,2,0,2
480,"9/29/99",1,2022039,1,2,2,"Brother",1,0,0,0,0,0
481,"9/29/99",1,2022039,1,2,3,"Sister",2,0,0,0,0,0
482,"9/29/99",1,2022039,1,2,5,"Aunt",1,0,0,0,0,0
483,"9/29/99",1,2022139,1,1,1,"Parents",1,0,1,1,0,1
484,"9/29/99",1,2022139,1,1,2,"Brother",2,0,1,1,0,2
485,"9/29/99",1,2022139,1,1,3,"Sister",4,1,2,2,0,2
486,"9/29/99",1,2022139,1,1,5,"Aunt",1,1,0,1,0,0
487,"9/29/99",1,2022139,1,2,2,"Brother",2,0,0,0,0,0
488,"9/29/99",1,2022139,1,2,3,"Sister",3,3,0,0,0,0
489,"9/29/99",1,2022239,1,1,4,"Uncle",1,0,1,1,0,0
490,"9/29/99",1,2022239,1,1,6,"Son",3,0,3,3,0,3
491,"9/29/99",1,2022239,1,1,7,"Daughter",3,2,0,0,0,3
492,"9/29/99",1,2022239,1,2,2,"Brother",2,0,0,0,0,2
493,"9/29/99",1,2022239,1,2,3,"Sister",1,0,0,0,0,0
494,"9/29/99",1,2022239,1,2,4,"Uncle",2,2,0,0,0,0
495,"9/29/99",1,2022239,1,2,6,"Son",3,0,3,3,0,3
496,"9/29/99",1,2022239,1,2,7,"Daughter",3,2,0,0,0,3
563,"7/20/99",1,2030131,1,1,2,"Brother",1,1,1,1,0,0
564,"7/20/99",1,2030131,1,1,4,"Uncle",1,0,1,1,0,0
565,"7/20/99",1,2030131,1,1,6,"Son",1,0,1,1,0,1
652,"7/20/99",1,2030141,1,1,1,"Parents",1,0,1,1,0,1
653,"7/20/99",1,2030141,1,1,2,"Brother",4,0,3,3,1,0
654,"7/20/99",1,2030141,1,1,3,"Sister",4,1,0,3,1,1
655,"7/20/99",1,2030141,1,1,4,"Uncle",2,2,0,0,2,0
656,"7/20/99",1,2030141,1,1,5,"Aunt",5,4,0,0,4,0
657,"7/20/99",1,2030141,1,1,6,"Son",1,0,0,1,0,0
658,"7/20/99",1,2030141,2,2,1,"Parents",2,2,0,2,0,0
659,"7/20/99",1,2030141,2,2,2,"Brother",2,2,0,2,0,0
660,"7/20/99",1,2030141,2,2,3,"Sister",2,1,0,2,0,0
661,"7/20/99",1,2030141,2,2,4,"Uncle",5,5,0,5,0,0
662,"7/20/99",1,2030141,2,2,5,"Aunt",2,2,0,2,0,0
663,"7/20/99",1,2030141,2,2,6,"Son",1,0,0,1,0,0
698,"7/20/99",1,2030151,1,1,6,"Son",2,0,1,1,0,0
699,"7/20/99",1,2030151,1,1,7,"Daughter",3,0,0,1,2,2
700,"7/20/99",1,2030151,2,2,6,"Son",2,0,1,1,0,0
701,"7/20/99",1,2030151,2,2,7,"Daughter",3,0,0,1,2,2
702,"7/20/99",1,2030152,1,1,1,"Parents",2,1,2,2,0,0
703,"7/20/99",1,2030152,1,1,2,"Brother",1,0,1,1,0,0
704,"7/20/99",1,2030152,1,1,3,"Sister",2,0,0,2,0,0
705,"7/20/99",1,2030152,1,1,4,"Uncle",2,2,0,2,0,0
706,"7/20/99",1,2030152,1,1,5,"Aunt",2,2,0,2,0,0
707,"7/20/99",1,2030152,2,2,1,"Parents",2,1,0,2,0,2
708,"7/20/99",1,2030152,2,2,2,"Brother",2,0,0,2,0,0
709,"7/20/99",1,2030152,2,2,3,"Sister",1,0,0,1,0,1
710,"7/20/99",1,2030152,2,2,4,"Uncle",3,1,0,3,0,1
566,"7/20/99",1,2030231,1,1,2,"Brother",1,0,1,1,0,0
567,"7/20/99",1,2030231,2,2,1,"Parents",2,2,0,0,2,0
568,"7/20/99",1,2030231,2,2,2,"Brother",2,2,0,0,2,0
569,"7/20/99",1,2030231,2,2,3,"Sister",5,5,0,0,5,0
570,"7/20/99",1,2030231,2,2,4,"Uncle",3,3,0,0,3,0
571,"7/20/99",1,2030231,2,2,5,"Aunt",2,2,0,0,2,0
664,"7/20/99",1,2030241,1,1,2,"Brother",1,1,1,1,0,0
665,"7/20/99",1,2030241,1,1,7,"Daughter",3,3,1,2,1,0
666,"7/20/99",1,2030241,2,2,1,"Parents",1,0,0,0,1,0
667,"7/20/99",1,2030241,2,2,2,"Brother",1,0,0,0,1,0
668,"7/20/99",1,2030241,2,2,3,"Sister",3,2,0,0,3,0
669,"7/20/99",1,2030241,2,2,4,"Uncle",3,3,0,0,3,0
670,"7/20/99",1,2030241,2,2,7,"Daughter",3,3,1,2,1,0
711,"7/20/99",1,2030251,1,1,2,"Brother",2,2,2,2,0,0
712,"7/20/99",1,2030251,1,1,3,"Sister",1,1,0,1,0,1
713,"7/20/99",1,2030251,1,1,4,"Uncle",4,0,0,2,2,0
714,"7/20/99",1,2030251,1,1,5,"Aunt",1,0,0,0,1,0
715,"7/20/99",1,2030251,2,2,1,"Parents",1,1,0,0,1,1
716,"7/20/99",1,2030251,2,2,2,"Brother",1,1,0,0,1,1
717,"7/20/99",1,2030251,2,2,3,"Sister",1,1,0,0,1,0
718,"7/20/99",1,2030251,2,2,4,"Uncle",1,1,0,0,1,0
572,"7/20/99",1,2030331,1,1,3,"Sister",1,1,0,0,1,0
573,"7/20/99",1,2030331,2,2,2,"Brother",1,0,1,1,0,0
574,"7/20/99",1,2030331,2,2,3,"Sister",3,0,1,2,0,0
671,"7/20/99",1,2030341,1,1,1,"Parents",1,0,1,1,0,1
672,"7/20/99",1,2030341,1,1,2,"Brother",3,0,3,3,0,1
673,"7/20/99",1,2030341,1,1,4,"Uncle",2,0,2,2,0,1
674,"7/20/99",1,2030341,1,1,5,"Aunt",5,0,0,5,0,0
675,"7/20/99",1,2030341,2,2,1,"Parents",2,0,0,2,0,0
676,"7/20/99",1,2030341,2,2,2,"Brother",2,0,0,2,0,0
677,"7/20/99",1,2030341,2,2,3,"Sister",5,2,3,3,0,0
678,"7/20/99",1,2030341,2,2,4,"Uncle",1,1,0,1,0,0
679,"7/20/99",1,2030341,2,2,5,"Aunt",4,2,0,2,2,0
680,"7/20/99",1,2030342,1,1,2,"Brother",4,0,4,4,0,1
681,"7/20/99",1,2030342,1,1,4,"Uncle",4,3,4,4,0,0
682,"7/20/99",1,2030342,1,1,5,"Aunt",3,1,0,3,0,0
683,"7/20/99",1,2030342,2,2,1,"Parents",2,2,0,2,0,2
684,"7/20/99",1,2030342,2,2,2,"Brother",5,5,0,5,0,0
685,"7/20/99",1,2030342,2,2,3,"Sister",5,4,0,3,2,0
686,"7/20/99",1,2030342,2,2,4,"Uncle",5,0,0,0,5,0
687,"7/20/99",1,2030342,2,2,5,"Aunt",3,3,0,0,3,0
719,"7/20/99",1,2030351,1,1,1,"Parents",2,0,2,2,0,2
720,"7/20/99",1,2030351,1,1,2,"Brother",2,0,0,0,0,0
721,"7/20/99",1,2030351,1,1,3,"Sister",5,0,2,5,0,0
722,"7/20/99",1,2030351,1,1,4,"Uncle",3,3,1,3,0,0
723,"7/20/99",1,2030351,1,1,5,"Aunt",1,1,0,1,0,0
724,"7/20/99",1,2030351,2,2,1,"Parents",2,2,0,2,0,0
725,"7/20/99",1,2030351,2,2,2,"Brother",1,1,0,1,0,0
726,"7/20/99",1,2030351,2,2,3,"Sister",4,3,2,4,0,1
727,"7/20/99",1,2030351,2,2,4,"Uncle",3,3,0,3,0,0
728,"7/20/99",1,2030351,2,2,5,"Aunt",6,5,1,5,0,1
575,"7/20/99",1,2030431,1,1,6,"Son",4,0,3,3,1,0
576,"7/20/99",1,2030431,2,2,4,"Uncle",2,0,2,2,0,0
577,"7/20/99",1,2030431,2,2,6,"Son",2,0,2,2,0,1
578,"7/20/99",1,2030432,1,1,1,"Parents",2,0,2,2,0,0
579,"7/20/99",1,2030432,1,1,2,"Brother",3,0,3,3,0,0
580,"7/20/99",1,2030432,2,2,1,"Parents",1,0,0,0,1,0
581,"7/20/99",1,2030432,2,2,2,"Brother",2,0,0,0,2,0
582,"7/20/99",1,2030432,2,2,3,"Sister",1,0,0,0,1,0
583,"7/20/99",1,2030432,2,2,4,"Uncle",2,0,0,0,2,0
584,"7/20/99",1,2030432,2,2,5,"Aunt",2,0,0,0,2,0
688,"7/20/99",1,2030441,1,1,1,"Parents",1,0,1,1,0,0
689,"7/20/99",1,2030441,1,1,2,"Brother",1,0,1,1,0,0
690,"7/20/99",1,2030441,1,1,3,"Sister",1,0,0,1,0,0
691,"7/20/99",1,2030441,1,1,4,"Uncle",3,3,1,2,0,0
692,"7/20/99",1,2030441,1,1,5,"Aunt",1,1,0,0,1,0
693,"7/20/99",1,2030441,2,2,1,"Parents",1,0,0,1,0,0
694,"7/20/99",1,2030441,2,2,2,"Brother",1,0,0,1,0,0
695,"7/20/99",1,2030441,2,2,3,"Sister",2,1,1,1,1,0
696,"7/20/99",1,2030441,2,2,4,"Uncle",2,1,0,1,0,0
697,"7/20/99",1,2030441,2,2,5,"Aunt",3,0,0,1,2,0
729,"7/20/99",1,2030459,1,1,2,"Brother",8,8,7,8,0,0
730,"7/20/99",1,2030459,1,1,3,"Sister",3,3,1,2,1,1
731,"7/20/99",1,2030459,1,1,4,"Uncle",1,1,1,1,0,0
732,"7/20/99",1,2030459,2,2,1,"Parents",2,2,0,0,2,2
733,"7/20/99",1,2030459,2,2,2,"Brother",4,3,0,0,4,1
734,"7/20/99",1,2030459,2,2,3,"Sister",2,2,0,0,2,0
735,"7/20/99",1,2030459,2,2,4,"Uncle",2,2,0,0,2,0
736,"7/20/99",1,2030459,2,2,5,"Aunt",1,1,0,0,1,0
585,"7/20/99",1,2030531,1,1,2,"Brother",3,0,3,3,0,0
586,"7/20/99",1,2030531,1,1,3,"Sister",2,0,0,1,1,0
587,"7/20/99",1,2030531,1,1,4,"Uncle",1,0,0,0,1,0
588,"7/20/99",1,2030531,2,2,1,"Parents",1,0,0,0,1,0
589,"7/20/99",1,2030531,2,2,2,"Brother",1,0,0,0,1,0
590,"7/20/99",1,2030531,2,2,3,"Sister",1,1,0,0,1,0
591,"7/20/99",1,2030731,1,1,4,"Uncle",1,1,0,0,1,0
592,"7/20/99",1,2030731,2,2,2,"Brother",1,0,1,1,0,0
593,"7/20/99",1,2030731,2,2,3,"Sister",3,1,0,0,3,0
594,"7/20/99",1,2030731,2,2,5,"Aunt",1,1,1,1,0,0
595,"7/20/99",1,2030831,1,1,2,"Brother",3,0,3,3,0,0
596,"7/20/99",1,2030831,1,1,3,"Sister",1,0,0,1,0,0
597,"7/20/99",1,2030831,1,1,4,"Uncle",3,0,3,3,0,0
598,"7/20/99",1,2030831,1,1,5,"Aunt",2,0,0,2,0,0
599,"7/20/99",1,2030831,1,1,7,"Daughter",1,0,1,1,0,0
600,"7/20/99",1,2030831,2,2,1,"Parents",1,1,0,0,1,0
601,"7/20/99",1,2030831,2,2,2,"Brother",1,1,0,0,1,0
602,"7/20/99",1,2030831,2,2,3,"Sister",2,0,0,0,2,0
603,"7/20/99",1,2030831,2,2,4,"Uncle",6,2,0,0,6,0
604,"7/20/99",1,2030831,2,2,5,"Aunt",2,0,0,0,0,0
605,"7/20/99",1,2030831,2,2,7,"Daughter",1,0,1,1,0,0
606,"7/20/99",1,2030931,1,1,2,"Brother",1,0,1,1,0,0
607,"7/20/99",1,2030931,1,1,6,"Son",1,0,0,0,1,0
608,"7/20/99",1,2030931,1,1,7,"Daughter",1,0,1,1,0,0
609,"7/20/99",1,2030931,2,2,1,"Parents",1,1,0,0,1,1
610,"7/20/99",1,2030931,2,2,2,"Brother",2,2,0,0,2,0
611,"7/20/99",1,2030931,2,2,3,"Sister",5,2,0,2,0,0
612,"7/20/99",1,2030931,2,2,6,"Son",1,0,0,0,1,0
613,"7/20/99",1,2030931,2,2,7,"Daughter",1,0,1,1,0,0
614,"7/20/99",1,2031031,1,1,2,"Brother",3,0,0,0,3,0
615,"7/20/99",1,2031031,1,1,3,"Sister",1,0,0,0,1,0
616,"7/20/99",1,2031031,1,1,4,"Uncle",1,1,0,0,1,0
617,"7/20/99",1,2031031,2,2,2,"Brother",2,0,0,0,2,1
618,"7/20/99",1,2031031,2,2,3,"Sister",3,0,0,0,3,0
619,"7/20/99",1,2031031,2,2,4,"Uncle",4,4,0,4,0,0
620,"7/20/99",1,2031031,2,2,5,"Aunt",1,0,0,0,1,0
621,"7/20/99",1,2031131,2,2,2,"Brother",4,0,0,0,4,0
622,"7/20/99",1,2031131,2,2,3,"Sister",3,0,0,0,3,0
623,"7/20/99",1,2031131,2,2,4,"Uncle",8,0,0,0,8,0
624,"7/20/99",1,2031131,2,2,5,"Aunt",4,0,0,0,4,0
625,"7/20/99",1,2031231,1,1,1,"Parents",1,0,1,1,0,0
626,"7/20/99",1,2031231,1,1,2,"Brother",5,0,5,5,0,1
627,"7/20/99",1,2031231,1,1,3,"Sister",4,3,3,3,0,0
628,"7/20/99",1,2031231,1,1,4,"Uncle",1,1,1,1,0,0
629,"7/20/99",1,2031231,2,2,1,"Parents",2,0,0,0,2,2
630,"7/20/99",1,2031231,2,2,2,"Brother",1,0,0,0,1,1
631,"7/20/99",1,2031231,2,2,3,"Sister",3,1,2,2,1,1
632,"7/20/99",1,2031231,2,2,4,"Uncle",1,1,0,0,1,0
633,"7/20/99",1,2031339,1,1,2,"Brother",2,0,2,2,0,0
634,"7/20/99",1,2031339,1,1,3,"Sister",2,0,0,1,1,0
635,"7/20/99",1,2031339,1,1,4,"Uncle",1,0,0,0,1,0
636,"7/20/99",1,2031339,2,2,1,"Parents",1,0,0,1,0,0
637,"7/20/99",1,2031339,2,2,2,"Brother",1,0,1,1,0,0
638,"7/20/99",1,2031339,2,2,4,"Uncle",3,3,0,0,3,0
639,"7/20/99",1,2031339,2,2,5,"Aunt",2,2,0,0,2,0
640,"7/20/99",1,2031439,1,1,1,"Parents",1,0,1,1,0,0
641,"7/20/99",1,2031439,1,1,2,"Brother",3,0,3,3,0,1
642,"7/20/99",1,2031439,1,1,4,"Uncle",1,0,0,0,1,0
643,"7/20/99",1,2031439,2,2,2,"Brother",1,0,0,0,1,0
644,"7/20/99",1,2031539,1,1,2,"Brother",4,0,3,3,0,0
645,"7/20/99",1,2031539,1,1,3,"Sister",1,0,0,1,0,0
646,"7/20/99",1,2031539,2,2,4,"Uncle",3,3,0,0,3,0
647,"7/20/99",1,2031639,1,1,2,"Brother",2,0,0,0,2,0
648,"7/20/99",1,2031639,1,1,3,"Sister",2,1,0,1,1,0
649,"7/20/99",1,2031639,1,1,7,"Daughter",1,0,0,1,0,1
650,"7/20/99",1,2031639,2,2,2,"Brother",3,0,0,2,1,0
651,"7/20/99",1,2031639,2,2,3,"Sister",1,0,0,0,1,0
1331,"6/23/99",1,2110131,1,1,2,"Brother",4,4,4,0,0,0
1332,"6/23/99",1,2110131,1,1,3,"Sister",5,3,1,4,0,0
1333,"6/23/99",1,2110131,1,1,5,"Aunt",1,1,0,1,0,0
1334,"6/23/99",1,2110131,1,1,7,"Daughter",1,1,0,1,0,0
1335,"6/23/99",1,2110131,2,2,1,"Parents",1,1,0,1,0,0
1336,"6/23/99",1,2110131,2,2,2,"Brother",1,1,0,1,0,0
1337,"6/23/99",1,2110131,2,2,3,"Sister",2,1,0,2,0,0
1338,"6/23/99",1,2110131,2,2,4,"Uncle",4,4,0,4,0,0
1339,"6/23/99",1,2110131,2,2,5,"Aunt",3,2,0,3,0,0
1340,"6/23/99",1,2110131,2,2,7,"Daughter",1,1,0,1,0,0
1514,"6/23/99",1,2110141,1,1,2,"Brother",1,1,0,1,0,0
1515,"6/23/99",1,2110141,1,1,3,"Sister",1,1,0,1,0,0
1516,"6/23/99",1,2110141,1,1,6,"Son",1,1,1,1,0,1
1517,"6/23/99",1,2110141,1,1,7,"Daughter",2,1,1,2,0,1
1518,"6/23/99",1,2110141,1,2,1,"Parents",2,0,2,0,0,0
1519,"6/23/99",1,2110141,1,2,2,"Brother",2,0,0,2,0,0
1520,"6/23/99",1,2110141,1,2,3,"Sister",3,2,0,0,3,0
1521,"6/23/99",1,2110141,1,2,6,"Son",1,1,1,1,0,1
1522,"6/23/99",1,2110141,1,2,7,"Daughter",2,1,1,2,0,1
1523,"6/23/99",1,2110142,1,1,1,"Parents",2,0,2,0,0,0
1524,"6/23/99",1,2110142,1,1,2,"Brother",2,0,2,0,0,0
1525,"6/23/99",1,2110142,1,1,3,"Sister",3,2,2,1,0,0
1526,"6/23/99",1,2110142,1,1,4,"Uncle",3,3,2,1,0,0
1527,"6/23/99",1,2110142,1,1,5,"Aunt",5,5,0,0,5,0
1528,"6/23/99",1,2110142,2,2,1,"Parents",1,1,0,0,1,0
1529,"6/23/99",1,2110142,2,2,2,"Brother",4,4,0,0,4,2
1530,"6/23/99",1,2110142,2,2,4,"Uncle",3,3,0,0,3,0
1531,"6/23/99",1,2110142,2,2,5,"Aunt",4,4,0,0,4,0
1578,"6/23/99",1,2110151,1,1,6,"Son",2,1,2,2,0,0
1579,"6/23/99",1,2110151,1,1,7,"Daughter",5,0,2,4,1,1
1580,"6/23/99",1,2110151,2,2,6,"Son",2,1,2,2,0,0
1581,"6/23/99",1,2110151,2,2,7,"Daughter",5,0,2,4,1,1
1341,"6/23/99",1,2110231,3,2,1,"Parents",1,0,0,1,0,0
1342,"6/23/99",1,2110231,3,2,2,"Brother",1,1,0,1,0,0
1343,"6/23/99",1,2110231,3,2,3,"Sister",4,1,0,4,0,0
1344,"6/23/99",1,2110231,3,2,6,"Son",5,1,5,5,0,0
1532,"6/23/99",1,2110241,1,1,2,"Brother",1,1,0,1,0,0
1533,"6/23/99",1,2110241,1,1,3,"Sister",4,2,1,1,3,0
1534,"6/23/99",1,2110241,1,1,4,"Uncle",1,0,1,0,0,0
1535,"6/23/99",1,2110241,1,1,6,"Son",2,0,2,0,0,0
1536,"6/23/99",1,2110241,1,1,7,"Daughter",4,0,0,4,0,0
1537,"6/23/99",1,2110241,2,2,2,"Brother",3,3,0,3,0,0
1538,"6/23/99",1,2110241,2,2,4,"Uncle",3,3,0,1,2,0
1539,"6/23/99",1,2110241,2,2,6,"Son",4,0,4,4,0,0
1540,"6/23/99",1,2110241,2,2,7,"Daughter",4,0,0,4,0,0
1541,"6/23/99",1,2110242,1,1,1,"Parents",2,0,2,0,0,1
1542,"6/23/99",1,2110242,1,1,2,"Brother",3,0,3,0,0,0
1543,"6/23/99",1,2110242,1,1,3,"Sister",4,2,0,4,0,0
1544,"6/23/99",1,2110242,1,1,4,"Uncle",4,4,0,4,0,0
1545,"6/23/99",1,2110242,1,1,5,"Aunt",4,2,1,3,0,0
1546,"6/23/99",1,2110242,2,2,1,"Parents",2,2,0,2,0,0
1547,"6/23/99",1,2110242,2,2,2,"Brother",2,0,0,2,0,0
1548,"6/23/99",1,2110242,2,2,4,"Uncle",6,6,0,6,0,0
1549,"6/23/99",1,2110242,2,2,5,"Aunt",5,5,0,5,0,0
1582,"6/23/99",1,2110251,2,2,2,"Brother",1,1,0,0,1,0
1583,"6/23/99",1,2110251,2,2,3,"Sister",1,1,0,0,1,0
1584,"6/23/99",1,2110251,2,2,6,"Son",2,2,2,2,0,0
1585,"6/23/99",1,2110251,2,2,7,"Daughter",4,3,0,4,0,1
1345,"6/23/99",1,2110331,1,1,1,"Parents",2,2,2,2,0,0
1346,"6/23/99",1,2110331,1,1,2,"Brother",1,1,1,1,0,0
1347,"6/23/99",1,2110331,1,1,3,"Sister",7,7,2,5,0,0
1348,"6/23/99",1,2110331,1,1,4,"Uncle",6,6,2,4,0,0
1349,"6/23/99",1,2110331,1,1,5,"Aunt",2,2,0,2,0,0
1350,"6/23/99",1,2110331,1,2,1,"Parents",2,2,2,2,0,0
1351,"6/23/99",1,2110331,1,2,2,"Brother",3,2,3,3,0,0
1352,"6/23/99",1,2110331,1,2,3,"Sister",2,2,1,2,0,0
1353,"6/23/99",1,2110331,1,2,4,"Uncle",3,2,2,1,0,0
1354,"6/23/99",1,2110331,1,2,5,"Aunt",5,5,0,2,3,0
1550,"6/23/99",1,2110341,1,1,2,"Brother",1,0,1,0,0,0
1551,"6/23/99",1,2110341,1,1,6,"Son",3,0,3,0,0,0
1552,"6/23/99",1,2110341,1,1,7,"Daughter",3,3,1,1,1,0
1553,"6/23/99",1,2110341,2,2,1,"Parents",2,2,0,2,0,0
1554,"6/23/99",1,2110341,2,2,2,"Brother",3,3,0,3,0,0
1555,"6/23/99",1,2110341,2,2,3,"Sister",4,4,1,3,0,0
1556,"6/23/99",1,2110341,2,2,4,"Uncle",1,1,0,1,0,0
1557,"6/23/99",1,2110341,2,2,5,"Aunt",2,2,0,1,1,0
1558,"6/23/99",1,2110341,2,2,6,"Son",3,0,3,0,0,0
1559,"6/23/99",1,2110341,2,2,7,"Daughter",3,3,1,1,1,0
1586,"6/23/99",1,2110351,1,1,2,"Brother",1,1,1,0,0,0
1587,"6/23/99",1,2110351,1,1,5,"Aunt",1,0,0,1,0,0
1588,"6/23/99",1,2110351,1,1,6,"Son",3,3,3,0,0,0
1589,"6/23/99",1,2110351,1,1,7,"Daughter",3,1,1,2,0,0
1590,"6/23/99",1,2110351,2,2,2,"Brother",3,3,0,3,0,0
1591,"6/23/99",1,2110351,2,2,3,"Sister",1,1,0,1,0,0
1592,"6/23/99",1,2110351,2,2,5,"Aunt",1,0,1,1,0,0
1593,"6/23/99",1,2110351,2,2,6,"Son",3,3,3,0,0,0
1594,"6/23/99",1,2110351,2,2,7,"Daughter",3,3,1,2,0,0
1355,"6/23/99",1,2110431,1,1,1,"Parents",2,0,0,2,0,0
1356,"6/23/99",1,2110431,1,1,3,"Sister",2,0,0,2,0,0
1357,"6/23/99",1,2110431,1,1,4,"Uncle",6,0,0,6,0,0
1358,"6/23/99",1,2110431,1,1,5,"Aunt",1,1,0,1,0,0
1359,"6/23/99",1,2110431,2,2,1,"Parents",2,2,0,2,0,0
1360,"6/23/99",1,2110431,2,2,2,"Brother",3,3,0,3,0,0
1361,"6/23/99",1,2110431,2,2,3,"Sister",4,1,0,4,0,0
1362,"6/23/99",1,2110431,2,2,4,"Uncle",2,2,0,2,0,0
1363,"6/23/99",1,2110431,2,2,5,"Aunt",5,3,0,5,0,0
1560,"6/23/99",1,2110441,1,1,1,"Parents",1,0,1,0,0,0
1561,"6/23/99",1,2110441,1,1,2,"Brother",2,0,2,0,0,0
1562,"6/23/99",1,2110441,1,1,3,"Sister",1,1,0,1,0,0
1563,"6/23/99",1,2110441,1,1,4,"Uncle",6,6,6,0,0,0
1564,"6/23/99",1,2110441,1,1,5,"Aunt",2,2,1,1,0,0
1565,"6/23/99",1,2110441,2,2,1,"Parents",1,1,0,1,0,0
1566,"6/23/99",1,2110441,2,2,2,"Brother",4,4,0,4,0,0
1567,"6/23/99",1,2110441,2,2,3,"Sister",1,0,0,1,0,0
1568,"6/23/99",1,2110441,2,2,4,"Uncle",2,2,0,2,0,0
1569,"6/23/99",1,2110441,2,2,5,"Aunt",4,3,0,1,0,0
1595,"6/23/99",1,2110459,1,1,1,"Parents",1,0,1,1,0,0
1596,"6/23/99",1,2110459,1,1,2,"Brother",1,1,1,1,0,0
1597,"6/23/99",1,2110459,1,1,3,"Sister",1,1,0,1,0,0
1598,"6/23/99",1,2110459,1,1,4,"Uncle",7,1,3,4,3,0
1599,"6/23/99",1,2110459,2,2,1,"Parents",1,0,1,1,0,0
1600,"6/23/99",1,2110459,2,2,2,"Brother",6,0,6,6,0,0
1601,"6/23/99",1,2110459,2,2,3,"Sister",1,1,0,1,0,0
1602,"6/23/99",1,2110459,2,2,4,"Uncle",3,1,3,3,0,0
1603,"6/23/99",1,2110459,2,2,6,"Son",2,0,2,2,0,0
1604,"6/23/99",1,2110459,2,2,7,"Daughter",1,0,1,1,0,0
1364,"6/23/99",1,2110531,1,1,2,"Brother",4,0,3,0,1,0
1365,"6/23/99",1,2110531,1,1,3,"Sister",3,2,0,3,0,0
1366,"6/23/99",1,2110531,1,1,5,"Aunt",3,1,1,2,0,0
1367,"6/23/99",1,2110531,1,1,7,"Daughter",1,0,0,1,0,0
1368,"6/23/99",1,2110531,1,2,1,"Parents",1,0,0,1,0,0
1369,"6/23/99",1,2110531,1,2,2,"Brother",2,0,0,2,0,0
1370,"6/23/99",1,2110531,1,2,3,"Sister",2,0,0,2,0,0
1371,"6/23/99",1,2110531,1,2,4,"Uncle",1,1,0,1,0,0
1372,"6/23/99",1,2110531,1,2,7,"Daughter",1,0,0,1,0,0
1570,"6/23/99",1,2110541,1,1,2,"Brother",5,0,5,0,0,0
1571,"6/23/99",1,2110541,1,1,3,"Sister",3,0,0,3,0,0
1572,"6/23/99",1,2110541,1,1,4,"Uncle",2,2,0,2,0,0
1573,"6/23/99",1,2110541,1,1,5,"Aunt",1,1,0,1,0,0
1574,"6/23/99",1,2110541,2,2,1,"Parents",2,2,0,0,2,0
1575,"6/23/99",1,2110541,2,2,3,"Sister",1,1,0,0,1,0
1576,"6/23/99",1,2110541,2,2,4,"Uncle",1,1,0,0,1,0
1577,"6/23/99",1,2110541,2,2,5,"Aunt",3,1,0,0,3,0
1373,"6/23/99",1,2110631,1,1,2,"Brother",4,1,3,1,1,0
1374,"6/23/99",1,2110631,1,1,3,"Sister",3,2,0,2,0,0
1375,"6/23/99",1,2110631,1,1,4,"Uncle",2,2,0,2,0,0
1376,"6/23/99",1,2110631,1,1,5,"Aunt",3,2,1,2,0,0
1377,"6/23/99",1,2110631,1,2,1,"Parents",2,2,0,2,0,0
1378,"6/23/99",1,2110631,1,2,2,"Brother",7,0,0,7,0,0
1379,"6/23/99",1,2110631,1,2,3,"Sister",4,1,0,4,0,0
1380,"6/23/99",1,2110631,1,2,4,"Uncle",2,2,0,2,0,0
1381,"6/23/99",1,2110631,1,2,5,"Aunt",8,8,0,7,1,0
1382,"6/23/99",1,2110731,1,1,1,"Parents",2,0,2,0,0,1
1383,"6/23/99",1,2110731,1,1,2,"Brother",3,0,3,0,0,0
1384,"6/23/99",1,2110731,1,1,3,"Sister",4,1,0,1,0,1
1385,"6/23/99",1,2110731,1,1,4,"Uncle",4,4,0,4,0,1
1386,"6/23/99",1,2110731,1,1,5,"Aunt",4,2,1,1,0,0
1387,"6/23/99",1,2110731,1,2,1,"Parents",2,2,0,2,0,2
1388,"6/23/99",1,2110731,1,2,2,"Brother",2,2,0,2,0,0
1389,"6/23/99",1,2110731,1,2,3,"Sister",5,2,0,5,0,0
1390,"6/23/99",1,2110731,1,2,5,"Aunt",1,1,0,1,0,0
1391,"6/23/99",1,2110831,2,1,2,"Brother",4,0,4,0,0,0
1392,"6/23/99",1,2110831,2,1,3,"Sister",3,2,0,3,0,0
1393,"6/23/99",1,2110831,2,1,4,"Uncle",4,0,1,3,0,0
1394,"6/23/99",1,2110831,2,1,5,"Aunt",3,2,2,1,0,0
1395,"6/23/99",1,2110831,2,1,6,"Son",2,0,2,0,0,0
1396,"6/23/99",1,2110831,2,1,7,"Daughter",3,2,1,2,1,0
1397,"6/23/99",1,2110831,2,2,1,"Parents",1,1,0,1,0,0
1398,"6/23/99",1,2110831,2,2,2,"Brother",4,2,0,4,0,0
1399,"6/23/99",1,2110831,2,2,3,"Sister",4,4,0,4,0,0
1400,"6/23/99",1,2110831,2,2,4,"Uncle",6,6,0,6,0,0
1401,"6/23/99",1,2110831,2,2,5,"Aunt",1,1,0,1,0,0
1402,"6/23/99",1,2110831,2,2,6,"Son",2,0,1,2,0,1
1403,"6/23/99",1,2110831,2,2,7,"Daughter",3,2,1,2,1,0
1404,"6/23/99",1,2110832,1,1,1,"Parents",2,0,2,0,0,0
1405,"6/23/99",1,2110832,1,1,2,"Brother",2,0,1,1,1,0
1406,"6/23/99",1,2110832,1,1,3,"Sister",4,0,1,3,1,0
1407,"6/23/99",1,2110832,1,1,4,"Uncle",8,0,4,4,0,0
1408,"6/23/99",1,2110832,1,1,5,"Aunt",7,0,0,7,0,0
1409,"6/23/99",1,2110832,1,2,1,"Parents",2,0,0,2,0,0
1410,"6/23/99",1,2110832,1,2,2,"Brother",1,0,0,1,0,0
1411,"6/23/99",1,2110832,1,2,4,"Uncle",5,0,0,5,0,0
1412,"6/23/99",1,2110832,1,2,5,"Aunt",7,0,0,7,0,0
1413,"6/23/99",1,2110931,1,1,1,"Parents",2,0,2,0,0,0
1414,"6/23/99",1,2110931,1,1,2,"Brother",2,0,2,0,0,0
1415,"6/23/99",1,2110931,1,1,3,"Sister",2,0,0,0,0,0
1416,"6/23/99",1,2110931,1,1,4,"Uncle",5,5,2,0,3,0
1417,"6/23/99",1,2110931,1,1,5,"Aunt",5,5,0,2,3,0
1418,"6/23/99",1,2110931,1,2,1,"Parents",2,0,0,2,0,0
1419,"6/23/99",1,2110931,1,2,2,"Brother",2,0,0,2,0,0
1420,"6/23/99",1,2110931,1,2,4,"Uncle",3,0,0,3,0,0
1421,"6/23/99",1,2110931,1,2,5,"Aunt",1,0,0,1,0,0
1422,"6/23/99",1,2111031,1,1,1,"Parents",1,1,1,0,0,0
1423,"6/23/99",1,2111031,1,1,2,"Brother",2,2,0,0,0,0
1424,"6/23/99",1,2111031,1,1,3,"Sister",1,1,0,1,0,0
1425,"6/23/99",1,2111031,1,1,6,"Son",2,0,2,0,1,2
1426,"6/23/99",1,2111031,1,1,7,"Daughter",1,1,0,1,0,0
1427,"6/23/99",1,2111031,1,2,3,"Sister",1,0,1,0,0,0
1428,"6/23/99",1,2111031,1,2,6,"Son",2,0,2,0,1,2
1429,"6/23/99",1,2111031,1,2,7,"Daughter",1,0,0,1,0,0
1430,"6/23/99",1,2111131,1,1,1,"Parents",1,1,1,0,0,0
1431,"6/23/99",1,2111131,1,1,2,"Brother",1,1,1,0,0,0
1432,"6/23/99",1,2111131,1,1,3,"Sister",2,0,1,1,0,0
1433,"6/23/99",1,2111131,1,1,5,"Aunt",1,0,0,1,0,0
1434,"6/23/99",1,2111131,1,2,1,"Parents",2,2,2,0,0,0
1435,"6/23/99",1,2111131,1,2,2,"Brother",5,0,5,0,0,0
1436,"6/23/99",1,2111131,1,2,3,"Sister",3,2,1,2,0,0
1437,"6/23/99",1,2111131,1,2,4,"Uncle",7,7,7,0,0,0
1438,"6/23/99",1,2111131,1,2,5,"Aunt",3,1,3,0,0,0
1439,"6/23/99",1,2111231,2,1,2,"Brother",2,2,2,0,0,0
1440,"6/23/99",1,2111231,2,1,3,"Sister",1,0,0,1,0,0
1441,"6/23/99",1,2111231,2,1,6,"Son",3,0,3,3,0,0
1442,"6/23/99",1,2111231,2,1,7,"Daughter",2,1,0,2,0,0
1443,"6/23/99",1,2111231,2,2,1,"Parents",2,2,2,0,0,0
1444,"6/23/99",1,2111231,2,2,2,"Brother",6,5,6,0,0,0
1445,"6/23/99",1,2111231,2,2,3,"Sister",5,0,5,0,0,0
1446,"6/23/99",1,2111231,2,2,4,"Uncle",2,1,2,0,0,0
1447,"6/23/99",1,2111232,1,1,1,"Parents",3,3,3,0,0,0
1448,"6/23/99",1,2111232,1,1,2,"Brother",2,0,2,0,0,0
1449,"6/23/99",1,2111232,1,1,3,"Sister",2,0,0,0,0,0
1450,"6/23/99",1,2111232,1,1,4,"Uncle",9,8,9,0,0,0
1451,"6/23/99",1,2111232,1,1,5,"Aunt",7,0,5,2,1,0
1452,"6/23/99",1,2111232,1,2,1,"Parents",1,0,0,1,0,0
1453,"6/23/99",1,2111232,1,2,2,"Brother",2,0,0,2,0,0
1454,"6/23/99",1,2111232,1,2,3,"Sister",3,1,0,0,3,1
1455,"6/23/99",1,2111232,1,2,4,"Uncle",4,4,0,0,4,0
1456,"6/23/99",1,2111232,1,2,5,"Aunt",1,1,0,0,1,0
1457,"6/23/99",1,2111233,2,1,1,"Parents",3,3,3,0,0,1
1458,"6/23/99",1,2111233,2,1,2,"Brother",2,0,2,0,0,0
1459,"6/23/99",1,2111233,2,1,3,"Sister",2,0,0,2,0,0
1460,"6/23/99",1,2111233,2,1,4,"Uncle",9,8,9,0,0,0
1461,"6/23/99",1,2111233,2,1,5,"Aunt",7,0,5,1,1,0
1462,"6/23/99",1,2111233,2,2,1,"Parents",2,2,0,0,2,0
1463,"6/23/99",1,2111233,2,2,2,"Brother",3,2,0,0,3,0
1464,"6/23/99",1,2111233,2,2,3,"Sister",2,1,0,0,2,0
1465,"6/23/99",1,2111233,2,2,4,"Uncle",3,3,0,0,3,0
1466,"6/23/99",1,2111233,2,2,5,"Aunt",1,1,0,0,1,0
1467,"6/23/99",1,2111339,1,1,1,"Parents",1,1,1,0,0,0
1468,"6/23/99",1,2111339,1,1,3,"Sister",2,2,1,1,0,0
1469,"6/23/99",1,2111339,1,1,4,"Uncle",5,5,4,1,0,5
1470,"6/23/99",1,2111339,1,1,5,"Aunt",5,5,0,5,0,0
1471,"6/23/99",1,2111339,2,2,1,"Parents",1,1,0,1,0,1
1472,"6/23/99",1,2111339,2,2,2,"Brother",3,2,0,3,0,2
1473,"6/23/99",1,2111339,2,2,3,"Sister",4,4,0,4,0,0
1474,"6/23/99",1,2111339,2,2,4,"Uncle",5,5,0,5,0,0
1475,"6/23/99",1,2111339,2,2,5,"Aunt",3,3,0,3,0,0
1476,"6/23/99",1,2111439,1,1,2,"Brother",1,0,1,0,0,0
1477,"6/23/99",1,2111439,1,1,3,"Sister",1,0,0,1,0,0
1478,"6/23/99",1,2111439,2,2,1,"Parents",2,2,0,2,0,0
1479,"6/23/99",1,2111439,2,2,2,"Brother",4,0,0,4,0,0
1480,"6/23/99",1,2111439,2,2,3,"Sister",2,0,0,2,0,0
1481,"6/23/99",1,2111439,2,2,4,"Uncle",5,4,0,5,0,0
1482,"6/23/99",1,2111439,2,2,5,"Aunt",5,5,0,5,0,0
1483,"6/23/99",1,2111539,1,1,1,"Parents",2,2,2,0,0,0
1484,"6/23/99",1,2111539,1,1,2,"Brother",1,1,1,0,0,0
1485,"6/23/99",1,2111539,1,1,3,"Sister",5,5,0,5,0,0
1486,"6/23/99",1,2111539,1,1,4,"Uncle",2,1,1,1,0,0
1487,"6/23/99",1,2111539,1,1,5,"Aunt",2,2,0,2,0,0
1488,"6/23/99",1,2111539,2,2,1,"Parents",1,1,0,1,0,0
1489,"6/23/99",1,2111539,2,2,3,"Sister",3,2,0,3,0,0
1490,"6/23/99",1,2111539,2,2,4,"Uncle",2,1,0,2,0,0
1491,"6/23/99",1,2111539,2,2,5,"Aunt",1,0,0,1,0,0
1492,"6/23/99",1,2111639,1,1,2,"Brother",3,0,1,2,0,0
1493,"6/23/99",1,2111639,1,1,4,"Uncle",2,0,0,2,0,0
1494,"6/23/99",1,2111639,1,2,1,"Parents",2,0,0,2,0,2
1495,"6/23/99",1,2111639,1,2,4,"Uncle",6,3,0,3,3,0
1496,"6/23/99",1,2111639,1,2,5,"Aunt",8,4,0,8,0,0
1497,"6/23/99",1,2111739,1,1,2,"Brother",2,2,0,2,0,2
1498,"6/23/99",1,2111739,1,1,4,"Uncle",1,1,0,1,0,0
1499,"6/23/99",1,2111739,1,1,6,"Son",4,0,4,0,0,0
1500,"6/23/99",1,2111739,2,2,1,"Parents",11,0,1,0,0,0
1501,"6/23/99",1,2111739,2,2,2,"Brother",3,0,3,0,0,0
1502,"6/23/99",1,2111739,2,2,3,"Sister",5,1,2,3,0,1
1503,"6/23/99",1,2111739,2,2,6,"Son",4,0,4,0,0,0
1504,"6/23/99",1,2111839,1,1,1,"Parents",2,0,2,0,0,0
1505,"6/23/99",1,2111839,1,1,2,"Brother",1,0,1,0,0,0
1506,"6/23/99",1,2111839,1,1,3,"Sister",2,0,0,1,1,0
1507,"6/23/99",1,2111839,1,1,4,"Uncle",1,0,1,0,0,0
1508,"6/23/99",1,2111839,1,1,5,"Aunt",1,0,0,1,0,0
1509,"6/23/99",1,2111839,2,2,1,"Parents",2,0,0,2,0,2
1510,"6/23/99",1,2111839,2,2,2,"Brother",5,0,0,5,0,0
1511,"6/23/99",1,2111839,2,2,3,"Sister",2,0,1,0,1,0
1512,"6/23/99",1,2111839,2,2,4,"Uncle",6,0,0,0,6,0
1513,"6/23/99",1,2111839,2,2,5,"Aunt",2,0,1,1,0,0
130,"8/03/95",1,2120131,2,1,1,"Parents",2,0,2,2,0,0
131,"8/03/95",1,2120131,2,1,2,"Brother",3,0,3,3,0,0
132,"8/03/95",1,2120131,2,1,3,"Sister",3,0,0,1,2,0
133,"8/03/95",1,2120131,2,1,4,"Uncle",2,0,0,1,1,0
134,"8/03/95",1,2120131,2,1,5,"Aunt",1,0,0,1,0,0
135,"8/03/95",1,2120131,2,1,7,"Daughter",1,0,0,0,1,0
136,"8/03/95",1,2120131,2,2,1,"Parents",1,0,0,0,1,0
137,"8/03/95",1,2120131,2,2,2,"Brother",1,0,0,0,1,0
138,"8/03/95",1,2120131,2,2,3,"Sister",2,0,0,0,2,0
139,"8/03/95",1,2120131,2,2,4,"Uncle",2,2,0,0,2,0
140,"8/03/95",1,2120131,2,2,7,"Daughter",1,0,0,0,1,0
38,"6/19/99",1,2120141,1,1,1,"Parents",1,0,1,1,0,0
39,"6/19/99",1,2120141,1,1,2,"Brother",2,0,2,2,0,0
40,"6/19/99",1,2120141,1,1,3,"Sister",2,0,2,2,0,0
41,"6/19/99",1,2120141,1,1,6,"Son",1,0,1,1,0,0
42,"6/19/99",1,2120141,1,2,2,"Brother",1,0,0,1,0,0
43,"6/19/99",1,2120141,1,2,6,"Son",1,0,1,1,0,0
44,"6/19/99",1,2120142,1,1,1,"Parents",2,0,2,2,0,0
45,"6/19/99",1,2120142,1,1,3,"Sister",2,0,2,2,0,0
46,"6/19/99",1,2120142,1,1,4,"Uncle",3,0,2,3,0,0
47,"6/19/99",1,2120142,1,1,5,"Aunt",2,0,1,2,0,0
48,"6/19/99",1,2120142,1,2,1,"Parents",2,0,0,0,2,0
49,"6/19/99",1,2120142,1,2,2,"Brother",3,0,0,0,3,0
50,"6/19/99",1,2120142,1,2,3,"Sister",2,0,0,0,2,0
51,"6/19/99",1,2120142,1,2,4,"Uncle",1,0,0,0,1,0
52,"6/19/99",1,2120142,1,2,5,"Aunt",1,0,0,0,1,0
93,"6/19/99",1,2120151,2,1,6,"Son",3,3,3,3,0,0
94,"6/19/99",1,2120151,2,1,7,"Daughter",3,3,0,1,2,1
95,"6/19/99",1,2120151,2,2,2,"Brother",1,1,0,1,0,0
96,"6/19/99",1,2120151,2,2,3,"Sister",2,2,0,1,1,0
97,"6/19/99",1,2120151,2,2,6,"Son",3,3,3,3,0,1
98,"6/19/99",1,2120151,2,2,7,"Daughter",3,3,0,1,2,1
141,"8/03/95",1,2120231,1,1,2,"Brother",2,0,2,2,0,0
142,"8/03/95",1,2120231,1,1,3,"Sister",1,0,0,1,0,0
143,"8/03/95",1,2120231,1,1,7,"Daughter",1,0,0,1,0,0
144,"8/03/95",1,2120231,2,2,1,"Parents",1,0,0,1,0,0
145,"8/03/95",1,2120231,2,2,2,"Brother",4,0,0,4,0,0
146,"8/03/95",1,2120231,2,2,3,"Sister",3,0,1,2,0,0
147,"8/03/95",1,2120231,2,2,4,"Uncle",2,0,0,2,0,0
148,"8/03/95",1,2120231,2,2,5,"Aunt",1,0,0,1,0,0
149,"8/03/95",1,2120231,2,2,7,"Daughter",1,0,0,1,0,0
53,"6/19/99",1,2120241,1,1,1,"Parents",1,0,1,1,0,0
54,"6/19/99",1,2120241,1,1,2,"Brother",2,0,2,2,0,0
55,"6/19/99",1,2120241,1,1,3,"Sister",2,0,1,2,0,0
56,"6/19/99",1,2120241,1,1,7,"Daughter",1,0,0,1,0,0
57,"6/19/99",1,2120241,1,2,1,"Parents",1,0,0,0,1,0
58,"6/19/99",1,2120241,1,2,2,"Brother",3,0,0,0,3,0
59,"6/19/99",1,2120241,1,2,3,"Sister",3,0,0,0,3,2
60,"6/19/99",1,2120241,1,2,4,"Uncle",2,1,0,0,2,0
61,"6/19/99",1,2120241,1,2,5,"Aunt",1,0,0,0,1,0
62,"6/19/99",1,2120241,1,2,7,"Daughter",1,0,0,1,0,0
99,"6/19/99",1,2120251,1,1,2,"Brother",4,4,4,4,0,0
100,"6/19/99",1,2120251,1,1,3,"Sister",5,5,0,4,1,0
101,"6/19/99",1,2120251,1,1,4,"Uncle",5,5,5,5,0,0
102,"6/19/99",1,2120251,1,1,5,"Aunt",5,5,0,4,1,0
103,"6/19/99",1,2120251,6,2,1,"Parents",2,2,0,0,2,2
104,"6/19/99",1,2120251,6,2,3,"Sister",1,1,0,0,1,0
105,"6/19/99",1,2120251,6,2,4,"Uncle",3,3,0,0,3,0
106,"6/19/99",1,2120251,6,2,5,"Aunt",9,9,0,6,3,0
150,"8/03/95",1,2120331,1,1,1,"Parents",1,0,1,1,0,0
151,"8/03/95",1,2120331,1,1,2,"Brother",2,0,2,2,0,0
152,"8/03/95",1,2120331,1,1,3,"Sister",5,0,3,3,0,0
153,"8/03/95",1,2120331,1,1,4,"Uncle",2,0,2,2,0,0
154,"8/03/95",1,2120331,1,1,5,"Aunt",1,0,1,1,0,0
155,"8/03/95",1,2120331,1,1,7,"Daughter",1,0,0,1,0,0
156,"8/03/95",1,2120331,2,2,1,"Parents",2,2,2,2,0,0
157,"8/03/95",1,2120331,2,2,2,"Brother",3,0,3,3,0,0
158,"8/03/95",1,2120331,2,2,3,"Sister",3,0,2,3,0,0
159,"8/03/95",1,2120331,2,2,4,"Uncle",3,0,3,3,0,0
160,"8/03/95",1,2120331,2,2,5,"Aunt",4,0,1,4,0,0
161,"8/03/95",1,2120331,2,2,7,"Daughter",1,0,0,1,0,0
63,"6/19/99",1,2120341,1,1,1,"Parents",1,0,1,1,0,0
64,"6/19/99",1,2120341,1,1,2,"Brother",2,0,2,2,0,0
65,"6/19/99",1,2120341,1,1,3,"Sister",1,0,1,1,0,0
66,"6/19/99",1,2120341,1,2,1,"Parents",1,1,0,0,1,0
67,"6/19/99",1,2120341,1,2,3,"Sister",2,0,0,1,1,0
68,"6/19/99",1,2120341,1,2,5,"Aunt",1,1,0,0,1,0
69,"6/19/99",1,2120342,1,1,1,"Parents",1,0,1,1,0,0
70,"6/19/99",1,2120342,1,1,2,"Brother",2,0,2,2,0,0
71,"6/19/99",1,2120342,1,1,3,"Sister",1,0,0,1,0,0
72,"6/19/99",1,2120342,1,2,1,"Parents",1,1,0,0,1,0
73,"6/19/99",1,2120342,1,2,2,"Brother",1,1,0,0,1,1
74,"6/19/99",1,2120342,1,2,3,"Sister",4,4,0,0,4,0
75,"6/19/99",1,2120342,1,2,4,"Uncle",2,2,0,0,2,1
107,"6/19/99",1,2120351,1,1,1,"Parents",1,0,0,1,0,0
108,"6/19/99",1,2120351,1,1,2,"Brother",1,0,1,1,0,0
109,"6/19/99",1,2120351,1,1,5,"Aunt",1,1,1,1,0,0
110,"6/19/99",1,2120351,1,1,6,"Son",3,0,3,3,0,0
111,"6/19/99",1,2120351,1,1,7,"Daughter",4,0,3,4,0,0
112,"6/19/99",1,2120351,1,2,2,"Brother",2,0,0,2,0,0
113,"6/19/99",1,2120351,1,2,3,"Sister",1,0,1,1,0,0
114,"6/19/99",1,2120351,1,2,4,"Uncle",1,0,0,1,0,0
115,"6/19/99",1,2120351,1,2,6,"Son",3,0,3,3,0,0
116,"6/19/99",1,2120351,1,2,7,"Daughter",4,0,3,4,0,0
117,"6/19/99",1,2120352,1,1,1,"Parents",2,0,2,2,0,0
118,"6/19/99",1,2120352,1,1,2,"Brother",2,0,2,2,0,0
119,"6/19/99",1,2120352,1,1,3,"Sister",4,0,3,4,0,0
120,"6/19/99",1,2120352,1,1,4,"Uncle",3,0,1,3,0,0
121,"6/19/99",1,2120352,1,1,5,"Aunt",1,0,1,1,0,0
122,"6/19/99",1,2120352,1,2,1,"Parents",1,0,0,0,1,0
123,"6/19/99",1,2120352,1,2,2,"Brother",1,0,0,0,1,0
124,"6/19/99",1,2120352,1,2,3,"Sister",7,0,0,0,7,0
125,"6/19/99",1,2120352,1,2,4,"Uncle",2,0,0,0,2,0
162,"8/03/95",1,2120431,1,1,1,"Parents",1,0,1,1,0,0
163,"8/03/95",1,2120431,1,1,2,"Brother",2,0,2,2,0,0
164,"8/03/95",1,2120431,1,1,3,"Sister",5,0,3,5,0,0
165,"8/03/95",1,2120431,1,1,4,"Uncle",2,0,2,2,0,0
166,"8/03/95",1,2120431,1,1,5,"Aunt",2,0,1,2,0,0
167,"8/03/95",1,2120431,2,2,1,"Parents",1,0,1,1,0,0
168,"8/03/95",1,2120431,2,2,3,"Sister",1,0,1,1,0,0
169,"8/03/95",1,2120431,2,2,4,"Uncle",2,1,1,1,1,0
170,"8/03/95",1,2120431,2,2,5,"Aunt",3,1,2,2,1,0
76,"6/19/99",1,2120441,5,1,2,"Brother",1,0,1,1,0,0
77,"6/19/99",1,2120441,5,1,3,"Sister",1,0,1,1,0,0
78,"6/19/99",1,2120441,5,1,6,"Son",4,0,4,4,0,2
79,"6/19/99",1,2120441,5,2,2,"Brother",2,0,0,2,0,0
80,"6/19/99",1,2120441,5,2,4,"Uncle",3,1,0,2,0,0
81,"6/19/99",1,2120441,5,2,6,"Son",4,0,4,4,0,2
82,"6/19/99",1,2120441,5,2,7,"Daughter",1,0,1,1,0,0
126,"6/19/99",1,2120459,1,1,2,"Brother",1,1,1,1,0,0
127,"6/19/99",1,2120459,1,1,7,"Daughter",3,3,0,1,2,0
128,"6/19/99",1,2120459,1,2,2,"Brother",1,1,0,1,0,0
129,"6/19/99",1,2120459,1,2,7,"Daughter",3,3,0,1,2,0
171,"8/03/95",1,2120531,1,1,1,"Parents",1,0,1,1,0,0
172,"8/03/95",1,2120531,1,1,2,"Brother",1,0,1,1,0,0
173,"8/03/95",1,2120531,1,1,3,"Sister",5,2,2,2,3,0
174,"8/03/95",1,2120531,1,1,7,"Daughter",1,0,1,1,0,0
175,"8/03/95",1,2120531,2,2,1,"Parents",1,0,0,0,1,0
176,"8/03/95",1,2120531,2,2,2,"Brother",1,0,0,0,1,0
177,"8/03/95",1,2120531,2,2,3,"Sister",2,0,0,0,2,0
178,"8/03/95",1,2120531,2,2,4,"Uncle",1,0,0,0,1,0
179,"8/03/95",1,2120531,2,2,5,"Aunt",1,0,0,0,1,0
180,"8/03/95",1,2120531,2,2,7,"Daughter",1,0,1,1,0,0
83,"6/19/99",1,2120541,1,1,1,"Parents",2,2,0,0,2,2
84,"6/19/99",1,2120541,1,1,2,"Brother",8,8,0,0,8,3
85,"6/19/99",1,2120541,1,1,3,"Sister",3,2,0,0,3,0
86,"6/19/99",1,2120541,1,1,5,"Aunt",1,0,0,0,1,0
87,"6/19/99",1,2120541,1,1,6,"Son",1,0,0,1,0,1
88,"6/19/99",1,2120541,1,1,7,"Daughter",2,2,0,0,2,0
89,"6/19/99",1,2120541,1,2,2,"Brother",1,0,1,1,0,0
90,"6/19/99",1,2120541,1,2,3,"Sister",2,0,0,2,0,0
91,"6/19/99",1,2120541,1,2,6,"Son",1,0,0,1,0,1
92,"6/19/99",1,2120541,1,2,7,"Daughter",2,2,0,0,2,0
181,"8/03/95",1,2120631,1,1,1,"Parents",1,0,1,1,0,0
182,"8/03/95",1,2120631,1,1,2,"Brother",1,0,1,1,0,0
183,"8/03/95",1,2120631,1,1,3,"Sister",5,2,2,2,3,0
184,"8/03/95",1,2120631,1,1,6,"Son",1,0,1,1,0,0
185,"8/03/95",1,2120631,1,2,1,"Parents",2,2,0,0,2,2
186,"8/03/95",1,2120631,1,2,2,"Brother",4,0,0,0,4,0
187,"8/03/95",1,2120631,1,2,3,"Sister",4,1,0,0,4,0
188,"8/03/95",1,2120631,1,2,4,"Uncle",3,0,0,1,2,0
189,"8/03/95",1,2120631,1,2,5,"Aunt",1,1,1,1,0,0
190,"8/03/95",1,2120631,1,2,6,"Son",1,0,1,1,0,0
191,"8/03/95",1,2120731,1,1,1,"Parents",1,0,1,1,0,0
192,"8/03/95",1,2120731,1,1,2,"Brother",3,0,3,3,0,0
193,"8/03/95",1,2120731,1,1,3,"Sister",2,0,1,2,0,0
194,"8/03/95",1,2120731,1,1,4,"Uncle",2,0,0,0,2,0
195,"8/03/95",1,2120731,1,1,5,"Aunt",1,0,0,0,1,0
196,"8/03/95",1,2120731,2,2,1,"Parents",2,0,0,2,0,0
197,"8/03/95",1,2120731,2,2,2,"Brother",5,0,0,5,0,0
198,"8/03/95",1,2120731,2,2,4,"Uncle",5,2,0,5,0,0
199,"8/03/95",1,2120731,2,2,5,"Aunt",2,0,0,2,0,0
200,"8/03/95",1,2120831,2,1,1,"Parents",1,0,0,1,0,0
201,"8/03/95",1,2120831,2,1,2,"Brother",2,0,0,2,0,0
202,"8/03/95",1,2120831,2,1,3,"Sister",3,0,0,1,2,0
203,"8/03/95",1,2120831,2,1,7,"Daughter",2,1,0,1,1,1
204,"8/03/95",1,2120831,2,2,7,"Daughter",2,1,0,1,1,1
205,"8/03/95",1,2120931,1,1,2,"Brother",1,1,1,1,0,0
206,"8/03/95",1,2120931,1,1,6,"Son",5,0,5,5,0,0
207,"8/03/95",1,2120931,1,1,7,"Daughter",4,0,2,4,0,0
208,"8/03/95",1,2120931,1,2,2,"Brother",1,0,1,1,0,0
209,"8/03/95",1,2120931,1,2,6,"Son",5,0,5,5,0,0
210,"8/03/95",1,2120931,1,2,7,"Daughter",4,0,2,4,0,0
211,"8/03/95",1,2120932,1,1,1,"Parents",2,0,2,2,0,0
212,"8/03/95",1,2120932,1,1,2,"Brother",4,0,4,4,0,0
213,"8/03/95",1,2120932,1,1,3,"Sister",4,1,2,2,2,0
214,"8/03/95",1,2120932,1,1,4,"Uncle",2,1,2,2,0,0
215,"8/03/95",1,2120932,1,2,1,"Parents",1,1,0,1,0,0
216,"8/03/95",1,2120932,1,2,2,"Brother",2,1,0,2,0,1
217,"8/03/95",1,2120932,1,2,4,"Uncle",4,4,1,1,3,0
218,"8/03/95",1,2120932,1,2,5,"Aunt",2,1,0,1,1,0
219,"8/03/95",1,2120933,2,1,1,"Parents",2,0,2,2,0,0
220,"8/03/95",1,2120933,2,1,2,"Brother",4,0,2,4,0,0
221,"8/03/95",1,2120933,2,1,3,"Sister",4,0,3,3,1,0
222,"8/03/95",1,2120933,2,1,4,"Uncle",2,1,2,2,0,0
223,"8/03/95",1,2120933,2,2,1,"Parents",2,0,0,2,0,0
224,"8/03/95",1,2120933,2,2,2,"Brother",3,0,0,3,0,0
225,"8/03/95",1,2120933,2,2,3,"Sister",1,0,0,1,0,0
226,"8/03/95",1,2120933,2,2,4,"Uncle",1,1,0,1,0,0
227,"8/03/95",1,2120933,2,2,5,"Aunt",5,3,0,5,0,0
228,"8/03/95",1,2121031,1,1,1,"Parents",2,0,2,2,0,0
229,"8/03/95",1,2121031,1,1,2,"Brother",4,0,4,4,0,0
230,"8/03/95",1,2121031,1,1,3,"Sister",4,2,2,2,0,0
231,"8/03/95",1,2121031,1,1,4,"Uncle",2,1,2,2,0,0
232,"8/03/95",1,2121031,1,2,1,"Parents",1,1,0,1,0,0
233,"8/03/95",1,2121031,1,2,2,"Brother",3,0,0,3,0,0
234,"8/03/95",1,2121031,1,2,3,"Sister",2,1,0,2,0,0
235,"8/03/95",1,2121031,1,2,4,"Uncle",1,1,0,1,0,0
236,"8/03/95",1,2121131,1,1,1,"Parents",2,0,2,2,0,0
237,"8/03/95",1,2121131,1,1,2,"Brother",4,0,4,4,0,0
238,"8/03/95",1,2121131,1,1,3,"Sister",4,1,2,2,0,0
239,"8/03/95",1,2121131,1,1,4,"Uncle",2,2,2,2,0,0
240,"8/03/95",1,2121131,1,2,1,"Parents",2,2,0,0,2,1
241,"8/03/95",1,2121131,1,2,2,"Brother",4,2,0,0,4,0
242,"8/03/95",1,2121131,1,2,3,"Sister",1,0,0,0,1,0
243,"8/03/95",1,2121131,1,2,4,"Uncle",6,1,0,0,6,0
244,"8/03/95",1,2121131,1,2,5,"Aunt",1,0,0,0,1,1
245,"8/03/95",1,2121231,1,1,1,"Parents",1,0,1,1,0,0
246,"8/03/95",1,2121231,1,1,2,"Brother",1,0,1,1,0,0
247,"8/03/95",1,2121231,1,1,3,"Sister",2,0,0,0,2,0
248,"8/03/95",1,2121231,1,1,4,"Uncle",1,0,1,1,0,0
249,"8/03/95",1,2121231,1,1,6,"Son",1,0,1,1,0,0
250,"8/03/95",1,2121231,1,1,7,"Daughter",1,0,0,1,0,0
251,"8/03/95",1,2121231,1,2,2,"Brother",2,2,0,0,2,0
252,"8/03/95",1,2121231,1,2,3,"Sister",2,0,0,0,2,0
253,"8/03/95",1,2121231,1,2,4,"Uncle",2,2,0,0,2,0
254,"8/03/95",1,2121231,1,2,6,"Son",1,0,1,1,0,0
255,"8/03/95",1,2121231,1,2,7,"Daughter",1,0,0,1,0,0
256,"8/03/95",1,2121232,1,1,1,"Parents",2,0,2,2,0,0
257,"8/03/95",1,2121232,1,1,3,"Sister",1,0,0,1,0,0
258,"8/03/95",1,2121232,1,1,4,"Uncle",1,0,1,1,0,0
259,"8/03/95",1,2121232,1,1,5,"Aunt",5,0,0,0,5,0
260,"8/03/95",1,2121232,1,2,1,"Parents",2,0,0,2,0,0
261,"8/03/95",1,2121232,1,2,2,"Brother",1,0,0,1,0,0
262,"8/03/95",1,2121232,1,2,3,"Sister",6,0,0,5,1,0
263,"8/03/95",1,2121232,1,2,4,"Uncle",2,2,0,2,0,0
264,"8/03/95",1,2121232,1,2,5,"Aunt",3,0,0,0,3,0
265,"8/03/95",1,2121339,2,1,2,"Brother",1,0,1,1,0,0
266,"8/03/95",1,2121339,2,1,3,"Sister",3,1,3,3,0,0
267,"8/03/95",1,2121339,2,2,1,"Parents",2,2,2,2,0,2
268,"8/03/95",1,2121339,2,2,3,"Sister",3,3,1,2,1,0
269,"8/03/95",1,2121339,2,2,4,"Uncle",2,2,1,1,1,0
270,"8/03/95",1,2121339,2,2,5,"Aunt",1,1,0,0,1,0
1,"7/29/95",1,2121439,2,1,1,"Parents",1,0,1,1,0,0
2,"6/19/99",1,2121439,2,1,2,"Brother",1,0,1,1,0,0
3,"6/19/99",1,2121439,2,1,3,"Sister",1,0,0,1,0,0
6,"6/19/99",1,2121439,2,1,6,"Son",4,0,4,4,0,0
7,"6/19/99",1,2121439,2,1,7,"Daughter",2,0,1,2,0,0
8,"6/19/99",1,2121439,2,2,1,"Parents",1,0,0,1,0,0
9,"6/19/99",1,2121439,2,2,2,"Brother",1,0,0,1,0,0
10,"6/19/99",1,2121439,2,2,3,"Sister",3,0,0,3,0,0
12,"6/19/99",1,2121439,2,2,5,"Aunt",1,0,0,1,0,0
13,"6/19/99",1,2121439,2,2,6,"Son",4,0,4,4,0,0
14,"6/19/99",1,2121439,2,2,7,"Daughter",2,0,1,2,0,0
15,"6/19/99",1,2121539,1,1,1,"Parents",1,0,1,1,0,0
16,"6/19/99",1,2121539,1,1,2,"Brother",2,2,2,2,0,2
20,"6/19/99",1,2121539,1,1,6,"Son",3,0,3,3,0,3
21,"6/19/99",1,2121639,1,1,3,"Sister",1,0,0,1,0,1
22,"6/19/99",1,2121639,1,1,4,"Uncle",1,0,1,1,0,0
23,"6/19/99",1,2121639,1,1,5,"Aunt",1,0,1,1,0,0
24,"6/19/99",1,2121639,1,2,2,"Brother",1,0,0,1,0,0
25,"6/19/99",1,2121739,1,1,2,"Brother",2,0,0,1,1,0
26,"6/19/99",1,2121739,1,1,3,"Sister",2,0,0,1,1,0
27,"6/19/99",1,2121739,1,1,5,"Aunt",2,0,0,0,2,0
28,"6/19/99",1,2121739,1,2,4,"Uncle",2,0,0,1,1,0
29,"6/19/99",1,2121839,1,1,1,"Parents",1,0,1,1,0,0
30,"6/19/99",1,2121839,1,1,2,"Brother",1,0,1,1,0,0
31,"6/19/99",1,2121839,1,1,3,"Sister",2,0,2,2,0,0
32,"6/19/99",1,2121839,1,1,6,"Son",1,0,1,1,0,0
33,"6/19/99",1,2121839,1,1,7,"Daughter",3,0,1,2,1,0
34,"6/19/99",1,2121839,1,2,2,"Brother",2,0,0,0,2,0
35,"6/19/99",1,2121839,1,2,3,"Sister",1,0,0,0,1,0
36,"6/19/99",1,2121839,1,2,6,"Son",1,0,1,1,0,0
37,"6/19/99",1,2121839,1,2,7,"Daughter",3,0,1,2,1,0
579,"8/30/99",1,2130131,1,1,6,"Son",2,0,2,2,0,0
580,"8/30/99",1,2130131,1,1,7,"Daughter",1,0,0,1,0,0
581,"8/30/99",1,2130131,2,2,1,"Parents",1,1,0,1,0,0
582,"8/30/99",1,2130131,2,2,4,"Uncle",2,2,0,2,0,0
583,"8/30/99",1,2130131,2,2,6,"Son",2,0,2,2,0,0
584,"8/30/99",1,2130131,2,2,7,"Daughter",1,0,0,1,0,0
786,"8/30/99",1,2130141,1,1,1,"Parents",2,2,2,2,0,0
787,"8/30/99",1,2130141,1,1,2,"Brother",2,0,2,2,0,0
788,"8/30/99",1,2130141,1,1,3,"Sister",1,0,1,1,0,0
789,"8/30/99",1,2130141,1,1,4,"Uncle",4,0,2,4,0,0
790,"8/30/99",1,2130141,1,1,5,"Aunt",4,1,0,4,0,0
791,"8/30/99",1,2130141,2,2,1,"Parents",1,0,0,1,0,0
792,"8/30/99",1,2130141,2,2,2,"Brother",2,0,0,2,0,0
793,"8/30/99",1,2130141,2,2,4,"Uncle",2,1,0,2,0,0
831,"8/30/99",1,2130151,1,1,2,"Brother",1,1,0,0,1,0
832,"8/30/99",1,2130151,1,1,3,"Sister",1,1,0,0,1,0
833,"8/30/99",1,2130151,2,2,1,"Parents",2,2,0,0,2,2
834,"8/30/99",1,2130151,2,2,2,"Brother",2,2,0,0,2,0
835,"8/30/99",1,2130151,2,2,3,"Sister",2,2,0,1,1,1
836,"8/30/99",1,2130151,2,2,4,"Uncle",2,2,0,0,2,0
837,"8/30/99",1,2130151,2,2,5,"Aunt",1,1,0,1,0,0
585,"8/30/99",1,2130231,1,1,2,"Brother",1,0,1,1,0,0
586,"8/30/99",1,2130231,1,1,3,"Sister",2,1,0,2,0,0
587,"8/30/99",1,2130231,1,1,4,"Uncle",1,1,0,1,0,0
588,"8/30/99",1,2130231,1,1,5,"Aunt",3,3,0,0,3,0
589,"8/30/99",1,2130231,1,1,6,"Son",3,0,3,3,0,0
590,"8/30/99",1,2130231,1,1,7,"Daughter",1,0,1,1,0,0
591,"8/30/99",1,2130231,2,2,1,"Parents",1,1,0,1,0,0
592,"8/30/99",1,2130231,2,2,2,"Brother",2,2,0,2,0,0
593,"8/30/99",1,2130231,2,2,3,"Sister",2,0,0,2,0,0
594,"8/30/99",1,2130231,2,2,5,"Aunt",2,0,0,2,0,0
595,"8/30/99",1,2130231,2,2,6,"Son",3,0,3,3,0,0
596,"8/30/99",1,2130231,2,2,7,"Daughter",1,0,1,1,0,0
794,"8/30/99",1,2130241,1,1,2,"Brother",1,0,1,1,0,0
795,"8/30/99",1,2130241,1,1,3,"Sister",2,0,0,2,0,0
796,"8/30/99",1,2130241,1,1,4,"Uncle",1,0,0,1,0,0
797,"8/30/99",1,2130241,1,1,5,"Aunt",2,0,0,2,0,0
798,"8/30/99",1,2130241,1,1,6,"Son",2,0,2,2,0,0
799,"8/30/99",1,2130241,1,1,7,"Daughter",3,0,2,2,1,0
800,"8/30/99",1,2130241,2,2,2,"Brother",2,0,0,2,0,0
801,"8/30/99",1,2130241,2,2,3,"Sister",1,0,0,1,0,0
802,"8/30/99",1,2130241,2,2,6,"Son",2,0,2,2,0,0
803,"8/30/99",1,2130241,2,2,7,"Daughter",3,0,2,2,1,0
808,"8/30/99",1,2130242,1,2,1,"Parents",2,0,2,2,0,0
809,"8/30/99",1,2130242,1,2,2,"Brother",1,0,1,1,0,0
810,"8/30/99",1,2130242,1,2,3,"Sister",3,0,2,3,0,0
811,"8/30/99",1,2130242,1,2,4,"Uncle",3,0,1,3,0,0
812,"8/30/99",1,2130242,1,2,5,"Aunt",3,0,0,3,0,0
804,"8/30/99",1,2130242,2,1,1,"Parents",1,0,1,1,0,0
805,"8/30/99",1,2130242,2,1,3,"Sister",1,0,1,1,0,0
806,"8/30/99",1,2130242,2,1,4,"Uncle",1,0,1,1,0,0
807,"8/30/99",1,2130242,2,1,5,"Aunt",4,0,2,4,0,0
597,"8/30/99",1,2130331,1,1,1,"Parents",2,0,2,2,0,0
598,"8/30/99",1,2130331,1,1,2,"Brother",2,0,2,2,0,0
599,"8/30/99",1,2130331,1,1,3,"Sister",1,0,0,0,1,0
600,"8/30/99",1,2130331,1,1,5,"Aunt",3,0,0,3,0,0
601,"8/30/99",1,2130331,1,1,7,"Daughter",2,0,1,1,1,0
602,"8/30/99",1,2130331,2,2,2,"Brother",2,0,2,2,0,0
603,"8/30/99",1,2130331,2,2,4,"Uncle",1,0,1,1,0,0
604,"8/30/99",1,2130331,2,2,7,"Daughter",2,0,1,1,1,0
813,"8/30/99",1,2130341,1,1,2,"Brother",3,0,3,3,0,0
814,"8/30/99",1,2130341,1,1,3,"Sister",1,0,1,1,0,0
815,"8/30/99",1,2130341,2,2,2,"Brother",1,0,0,0,1,0
838,"8/30/99",1,2130351,2,1,2,"Brother",2,2,0,2,0,0
839,"8/30/99",1,2130351,2,1,3,"Sister",3,3,0,3,0,0
840,"8/30/99",1,2130351,2,1,4,"Uncle",3,2,0,3,0,0
841,"8/30/99",1,2130351,2,1,6,"Son",2,0,2,2,0,2
842,"8/30/99",1,2130351,2,1,7,"Daughter",1,0,0,1,0,1
843,"8/30/99",1,2130351,2,2,2,"Brother",2,0,1,2,0,0
844,"8/30/99",1,2130351,2,2,6,"Son",2,0,2,2,0,2
845,"8/30/99",1,2130351,2,2,7,"Daughter",1,0,0,1,0,1
605,"8/30/99",1,2130431,1,1,3,"Sister",1,1,0,0,1,0
606,"8/30/99",1,2130431,1,1,4,"Uncle",1,0,0,0,1,0
607,"8/30/99",1,2130431,1,1,6,"Son",2,0,1,2,0,0
608,"8/30/99",1,2130431,1,1,7,"Daughter",1,1,0,0,1,0
609,"8/30/99",1,2130431,2,2,2,"Brother",1,0,0,0,1,0
610,"8/30/99",1,2130431,2,2,3,"Sister",2,1,1,1,1,0
611,"8/30/99",1,2130431,2,2,5,"Aunt",3,3,0,0,3,0
612,"8/30/99",1,2130431,2,2,6,".",2,0,1,2,0,0
613,"8/30/99",1,2130431,2,2,7,"Daughter",1,1,0,0,1,0
614,"8/30/99",1,2130432,1,1,1,"Parents",2,0,2,2,0,0
615,"8/30/99",1,2130432,1,1,2,"Brother",1,0,0,1,0,0
616,"8/30/99",1,2130432,1,1,3,"Sister",1,0,0,0,1,0
617,"8/30/99",1,2130432,2,2,1,"Parents",2,0,2,2,0,0
618,"8/30/99",1,2130432,2,2,2,"Brother",2,0,2,2,0,0
619,"8/30/99",1,2130432,2,2,3,"Sister",2,1,1,2,0,0
620,"8/30/99",1,2130432,2,2,4,"Uncle",3,0,1,3,0,0
816,"8/30/99",1,2130441,1,1,1,"Parents",1,0,0,1,0,0
817,"8/30/99",1,2130441,1,1,2,"Brother",1,0,0,1,0,0
818,"8/30/99",1,2130441,1,1,3,"Sister",2,0,0,2,0,0
819,"8/30/99",1,2130441,1,1,4,"Uncle",1,0,1,1,0,0
820,"8/30/99",1,2130441,1,1,5,"Aunt",2,0,0,2,0,0
821,"8/30/99",1,2130441,2,2,1,"Parents",1,0,1,1,0,0
822,"8/30/99",1,2130441,2,2,2,"Brother",1,0,1,1,0,0
846,"8/30/99",1,2130459,1,1,1,"Parents",1,1,1,1,0,0
847,"8/30/99",1,2130459,1,1,2,"Brother",1,1,1,1,0,0
848,"8/30/99",1,2130459,1,1,3,"Sister",4,4,0,4,0,0
849,"8/30/99",1,2130459,1,1,4,"Uncle",4,4,2,4,0,0
850,"8/30/99",1,2130459,1,1,5,"Aunt",4,4,0,2,2,0
851,"8/30/99",1,2130459,2,2,1,"Parents",2,2,0,2,0,0
852,"8/30/99",1,2130459,2,2,2,"Brother",1,0,0,1,0,0
853,"8/30/99",1,2130459,2,2,3,"Sister",2,2,0,2,0,0
854,"8/30/99",1,2130459,2,2,4,"Uncle",4,4,0,4,0,0
855,"8/30/99",1,2130459,2,2,5,"Aunt",3,3,0,3,0,0
621,"8/30/99",1,2130531,1,1,1,"Parents",1,0,0,0,1,0
622,"8/30/99",1,2130531,1,1,4,"Uncle",6,0,4,6,0,0
623,"8/30/99",1,2130531,1,1,5,"Aunt",5,0,1,5,0,0
624,"8/30/99",1,2130531,2,2,1,"Parents",2,0,0,0,2,2
625,"8/30/99",1,2130531,2,2,4,"Uncle",2,2,0,2,0,0
626,"8/30/99",1,2130531,2,2,5,"Aunt",4,2,0,1,3,0
823,"8/30/99",1,2130541,1,1,1,"Parents",1,0,1,1,0,0
824,"8/30/99",1,2130541,1,1,2,"Brother",2,0,2,2,0,0
825,"8/30/99",1,2130541,1,1,3,"Sister",3,0,0,3,0,0
826,"8/30/99",1,2130541,1,1,5,"Aunt",1,0,0,1,0,0
827,"8/30/99",1,2130541,2,2,1,"Parents",2,2,0,2,0,2
828,"8/30/99",1,2130541,2,2,2,"Brother",3,0,0,3,0,0
829,"8/30/99",1,2130541,2,2,3,"Sister",1,0,0,1,0,0
830,"8/30/99",1,2130541,2,2,5,"Aunt",1,1,0,1,0,0
627,"8/30/99",1,2130631,1,1,2,"Brother",1,0,0,0,1,0
628,"8/30/99",1,2130631,1,1,3,"Sister",1,0,0,0,1,0
629,"8/30/99",1,2130631,2,2,1,"Parents",2,0,0,2,0,0
630,"8/30/99",1,2130631,2,2,2,"Brother",3,0,0,3,0,0
631,"8/30/99",1,2130631,2,2,3,"Sister",3,0,0,3,0,0
632,"8/30/99",1,2130631,2,2,7,"Daughter",3,0,0,2,1,0
633,"8/30/99",1,2130731,1,1,1,"Parents",1,0,0,0,1,0
634,"8/30/99",1,2130731,1,1,2,"Brother",2,0,1,2,0,0
635,"8/30/99",1,2130731,1,1,3,"Sister",2,0,0,0,2,0
636,"8/30/99",1,2130731,1,1,5,"Aunt",1,0,0,0,1,0
637,"8/30/99",1,2130731,2,2,2,"Brother",3,3,0,0,3,0
638,"8/30/99",1,2130731,2,2,3,"Sister",1,0,0,0,1,0
639,"8/30/99",1,2130731,2,2,4,"Uncle",1,1,0,0,1,1
640,"8/30/99",1,2130831,1,1,2,"Brother",1,0,1,1,0,0
641,"8/30/99",1,2130831,1,1,3,"Sister",2,0,0,2,0,0
642,"8/30/99",1,2130831,1,1,4,"Uncle",4,2,2,4,0,2
643,"8/30/99",1,2130831,1,1,5,"Aunt",2,0,1,2,0,0
644,"8/30/99",1,2130831,2,2,1,"Parents",2,0,2,2,0,0
645,"8/30/99",1,2130831,2,2,2,"Brother",1,0,1,1,0,0
646,"8/30/99",1,2130831,2,2,4,"Uncle",6,1,3,3,3,1
647,"8/30/99",1,2130831,2,2,5,"Aunt",2,0,1,2,0,0
648,"8/30/99",1,2130832,1,1,1,"Parents",1,0,1,1,0,1
649,"8/30/99",1,2130832,1,1,3,"Sister",2,0,0,2,0,0
650,"8/30/99",1,2130832,1,1,4,"Uncle",4,2,2,4,0,0
651,"8/30/99",1,2130832,1,1,5,"Aunt",2,0,1,2,0,0
652,"8/30/99",1,2130832,2,2,1,"Parents",2,0,0,0,2,0
653,"8/30/99",1,2130832,2,2,4,"Uncle",2,2,0,0,2,0
654,"8/30/99",1,2130832,2,2,5,"Aunt",4,1,0,0,4,0
655,"8/30/99",1,2130931,1,1,1,"Parents",1,0,1,1,0,0
656,"8/30/99",1,2130931,1,1,2,"Brother",2,0,2,2,0,0
657,"8/30/99",1,2130931,1,1,3,"Sister",3,0,2,3,0,0
658,"8/30/99",1,2130931,1,1,5,"Aunt",5,0,4,5,0,0
659,"8/30/99",1,2130931,2,2,3,"Sister",5,0,1,5,0,0
660,"8/30/99",1,2130931,2,2,6,"Son",5,0,4,5,0,0
661,"8/30/99",1,2130932,1,1,1,"Parents",2,0,2,2,0,0
662,"8/30/99",1,2130932,1,1,2,"Brother",4,0,3,4,0,0
663,"8/30/99",1,2130932,1,1,4,"Uncle",2,0,2,2,0,0
664,"8/30/99",1,2130932,1,1,5,"Aunt",8,1,3,8,0,0
665,"8/30/99",1,2130932,2,2,1,"Parents",2,0,0,2,0,0
666,"8/30/99",1,2130932,2,2,2,"Brother",2,0,0,2,0,0
667,"8/30/99",1,2130932,2,2,3,"Sister",2,0,0,2,0,0
668,"8/30/99",1,2130932,2,2,4,"Uncle",2,0,0,2,0,0
669,"8/30/99",1,2130932,2,2,5,"Aunt",4,0,1,4,0,0
674,"8/30/99",1,2130933,1,2,1,"Parents",2,0,2,2,0,0
675,"8/30/99",1,2130933,1,2,2,"Brother",4,0,3,4,0,0
676,"8/30/99",1,2130933,1,2,4,"Uncle",2,0,2,2,0,0
677,"8/30/99",1,2130933,1,2,5,"Aunt",8,1,3,8,0,0
670,"8/30/99",1,2130933,2,1,1,"Parents",1,0,1,1,0,0
671,"8/30/99",1,2130933,2,1,3,"Sister",1,0,1,1,0,0
672,"8/30/99",1,2130933,2,1,4,"Uncle",1,0,1,1,0,0
673,"8/30/99",1,2130933,2,1,5,"Aunt",9,0,3,9,0,0
678,"8/30/99",1,2130934,1,1,1,"Parents",2,0,2,2,0,0
679,"8/30/99",1,2130934,1,1,2,"Brother",4,0,3,4,0,0
680,"8/30/99",1,2130934,1,1,4,"Uncle",2,0,2,2,0,0
681,"8/30/99",1,2130934,1,1,5,"Aunt",8,1,3,8,0,0
682,"8/30/99",1,2130934,2,2,1,"Parents",2,2,0,2,0,0
683,"8/30/99",1,2130934,2,2,3,"Sister",1,0,0,1,0,0
684,"8/30/99",1,2130934,2,2,4,"Uncle",2,2,0,1,1,0
685,"8/30/99",1,2130934,2,2,5,"Aunt",8,8,0,6,2,0
686,"8/30/99",1,2131031,1,1,1,"Parents",1,0,1,1,0,0
687,"8/30/99",1,2131031,1,1,2,"Brother",2,0,2,2,0,0
688,"8/30/99",1,2131031,1,1,3,"Sister",3,0,2,2,0,0
689,"8/30/99",1,2131031,2,2,1,"Parents",2,0,0,2,0,2
690,"8/30/99",1,2131031,2,2,2,"Brother",2,0,1,1,0,0
691,"8/30/99",1,2131031,2,2,4,"Uncle",6,1,2,4,0,1
692,"8/30/99",1,2131031,2,2,5,"Aunt",1,1,1,1,0,0
693,"8/30/99",1,2131131,1,1,2,"Brother",3,0,3,3,0,0
694,"8/30/99",1,2131131,1,1,3,"Sister",1,0,1,1,0,0
695,"8/30/99",1,2131131,1,1,6,"Son",1,0,1,1,0,0
696,"8/30/99",1,2131131,1,1,7,"Daughter",2,0,1,2,0,0
697,"8/30/99",1,2131131,2,2,2,"Brother",3,0,0,3,0,0
698,"8/30/99",1,2131131,2,2,6,"Son",1,0,1,1,0,0
699,"8/30/99",1,2131131,2,2,7,"Daughter",2,0,1,2,0,0
700,"8/30/99",1,2131132,1,1,1,"Parents",2,0,2,2,0,0
701,"8/30/99",1,2131132,1,1,3,"Sister",2,0,1,2,0,0
702,"8/30/99",1,2131132,1,1,4,"Uncle",6,0,3,3,3,0
703,"8/30/99",1,2131132,1,1,5,"Aunt",1,0,1,1,0,0
704,"8/30/99",1,2131132,2,2,1,"Parents",2,2,0,2,0,0
705,"8/30/99",1,2131132,2,2,3,"Sister",1,0,0,1,0,0
706,"8/30/99",1,2131132,2,2,4,"Uncle",5,5,0,5,0,0
707,"8/30/99",1,2131231,1,1,2,"Brother",1,0,1,1,0,0
708,"8/30/99",1,2131231,1,1,3,"Sister",2,0,2,2,0,0
709,"8/30/99",1,2131231,1,1,4,"Uncle",1,0,1,1,0,0
710,"8/30/99",1,2131231,5,2,1,"Parents",2,2,0,2,0,0
711,"8/30/99",1,2131231,5,2,2,"Brother",2,2,0,2,0,0
712,"8/30/99",1,2131231,5,2,3,"Sister",1,1,0,1,0,0
713,"8/30/99",1,2131231,5,2,4,"Uncle",3,3,0,3,0,0
714,"8/30/99",1,2131231,5,2,5,"Aunt",6,6,0,6,0,0
715,"8/30/99",1,2131339,1,1,1,"Parents",1,0,1,1,0,0
716,"8/30/99",1,2131339,1,1,2,"Brother",3,1,3,3,0,0
717,"8/30/99",1,2131339,1,1,3,"Sister",4,0,2,4,0,0
718,"8/30/99",1,2131339,1,1,5,"Aunt",1,0,0,1,0,0
719,"8/30/99",1,2131339,2,2,1,"Parents",2,0,0,2,0,0
720,"8/30/99",1,2131339,2,2,2,"Brother",2,0,0,2,0,0
721,"8/30/99",1,2131339,2,2,3,"Sister",1,0,0,1,0,0
722,"8/30/99",1,2131339,2,2,4,"Uncle",3,2,0,3,0,0
723,"8/30/99",1,2131339,2,2,5,"Aunt",1,1,0,1,0,0
724,"8/30/99",1,2131439,1,1,3,"Sister",1,0,0,0,1,0
725,"8/30/99",1,2131439,1,1,6,"Son",1,0,1,1,0,1
726,"8/30/99",1,2131439,1,1,7,"Daughter",3,0,1,3,0,0
727,"8/30/99",1,2131439,2,2,2,"Brother",1,0,0,1,0,0
728,"8/30/99",1,2131439,2,2,3,"Sister",1,0,0,1,0,0
729,"8/30/99",1,2131439,2,2,6,"Son",1,0,1,1,0,1
730,"8/30/99",1,2131439,2,2,7,"Daughter",3,0,1,3,0,0
731,"8/30/99",1,2131539,1,1,1,"Parents",2,2,2,2,0,0
732,"8/30/99",1,2131539,1,1,4,"Uncle",6,6,0,6,0,0
733,"8/30/99",1,2131539,1,1,5,"Aunt",3,3,0,3,0,0
734,"8/30/99",1,2131539,2,2,1,"Parents",2,2,0,2,0,2
735,"8/30/99",1,2131539,2,2,3,"Sister",2,0,0,2,0,0
736,"8/30/99",1,2131539,2,2,4,"Uncle",1,1,0,0,1,0
737,"8/30/99",1,2131539,2,2,5,"Aunt",5,1,0,3,2,0
738,"8/30/99",1,2131639,1,1,1,"Parents",1,0,1,1,0,0
739,"8/30/99",1,2131639,1,1,2,"Brother",4,0,4,4,0,0
740,"8/30/99",1,2131639,1,1,3,"Sister",1,0,0,1,0,0
741,"8/30/99",1,2131639,1,1,4,"Uncle",4,0,0,4,0,0
742,"8/30/99",1,2131639,1,1,5,"Aunt",1,0,0,1,0,0
743,"8/30/99",1,2131639,1,1,7,"Daughter",1,0,1,1,0,0
744,"8/30/99",1,2131639,2,2,3,"Sister",5,0,1,5,0,0
745,"8/30/99",1,2131639,2,2,5,"Aunt",1,0,0,1,0,0
746,"8/30/99",1,2131639,2,2,7,"Daughter",1,0,1,1,0,0
750,"8/30/99",1,2131739,1,2,1,"Parents",1,0,0,1,0,0
751,"8/30/99",1,2131739,1,2,2,"Brother",2,0,0,2,0,0
752,"8/30/99",1,2131739,1,2,3,"Sister",4,0,0,4,0,0
753,"8/30/99",1,2131739,1,2,4,"Uncle",1,1,1,1,0,0
747,"8/30/99",1,2131739,2,1,1,"Parents",1,0,1,1,0,0
748,"8/30/99",1,2131739,2,1,2,"Brother",1,0,1,1,0,0
749,"8/30/99",1,2131739,2,1,4,"Uncle",2,0,2,2,0,1
754,"8/30/99",1,2131839,1,1,6,"Son",1,0,1,1,0,0
755,"8/30/99",1,2131839,1,1,7,"Daughter",4,0,1,4,0,0
756,"8/30/99",1,2131839,2,2,1,"Parents",1,0,0,1,0,0
757,"8/30/99",1,2131839,2,2,2,"Brother",2,0,0,2,0,0
758,"8/30/99",1,2131839,2,2,6,"Son",1,0,1,1,0,0
759,"8/30/99",1,2131839,2,2,7,"Daughter",4,0,1,4,0,0
760,"8/30/99",1,2131939,1,1,1,"Parents",1,0,1,1,0,0
761,"8/30/99",1,2131939,1,1,2,"Brother",3,2,3,3,0,0
762,"8/30/99",1,2131939,1,1,3,"Sister",4,0,1,4,0,0
763,"8/30/99",1,2131939,1,1,4,"Uncle",2,0,0,2,0,0
764,"8/30/99",1,2131939,1,1,5,"Aunt",1,0,0,1,0,0
765,"8/30/99",1,2131939,2,2,1,"Parents",2,1,2,2,0,0
766,"8/30/99",1,2131939,2,2,2,"Brother",3,3,3,3,0,0
767,"8/30/99",1,2131939,2,2,4,"Uncle",4,3,1,4,0,0
768,"8/30/99",1,2131939,2,2,5,"Aunt",4,1,0,4,0,0
769,"8/30/99",1,2132039,1,1,1,"Parents",2,0,2,2,0,0
770,"8/30/99",1,2132039,1,1,2,"Brother",4,0,1,3,1,0
771,"8/30/99",1,2132039,1,1,3,"Sister",1,1,0,1,0,0
772,"8/30/99",1,2132039,1,1,6,"Son",2,0,0,0,2,0
773,"8/30/99",1,2132039,2,2,1,"Parents",2,0,2,2,0,0
774,"8/30/99",1,2132039,2,2,2,"Brother",2,0,2,2,0,0
775,"8/30/99",1,2132039,2,2,4,"Uncle",1,0,1,1,0,0
776,"8/30/99",1,2132039,2,2,5,"Aunt",4,1,2,3,1,0
777,"8/30/99",1,2132039,2,2,6,"Son",2,0,2,2,0,0
778,"8/30/99",1,2132139,1,1,1,"Parents",1,0,1,1,0,0
779,"8/30/99",1,2132139,1,1,3,"Sister",1,0,0,1,0,0
780,"8/30/99",1,2132139,1,1,4,"Uncle",1,0,0,1,0,0
781,"8/30/99",1,2132139,1,1,7,"Daughter",1,0,1,1,0,0
782,"8/30/99",1,2132139,2,2,1,"Parents",1,0,0,1,0,0
783,"8/30/99",1,2132139,2,2,3,"Sister",1,0,0,1,0,0
784,"8/30/99",1,2132139,2,2,5,"Aunt",1,0,0,1,0,0
785,"8/30/99",1,2132139,2,2,7,"Daughter",1,0,1,1,0,0
335,"8/08/99",1,2210131,1,1,1,"Parents",1,0,1,1,0,0
336,"8/08/99",1,2210131,1,1,2,"Brother",3,3,3,3,0,0
337,"8/08/99",1,2210131,1,1,3,"Sister",3,0,0,3,0,0
338,"8/08/99",1,2210131,1,1,4,"Uncle",1,0,0,1,0,0
339,"8/08/99",1,2210131,1,1,5,"Aunt",1,0,0,1,0,0
340,"8/08/99",1,2210131,2,2,1,"Parents",2,2,0,2,0,0
341,"8/08/99",1,2210131,2,2,2,"Brother",3,0,0,3,0,0
342,"8/08/99",1,2210131,2,2,3,"Sister",3,0,0,3,0,0
343,"8/08/99",1,2210131,2,2,4,"Uncle",4,4,0,0,4,0
344,"8/08/99",1,2210131,2,2,5,"Aunt",1,0,0,0,1,0
579,"8/09/99",1,2210141,2,1,1,"Parents",1,0,1,1,0,0
580,"8/09/99",1,2210141,2,1,2,"Brother",2,2,2,2,0,0
581,"8/09/99",1,2210141,2,1,3,"Sister",1,1,0,0,1,0
582,"8/09/99",1,2210141,2,1,7,"Daughter",1,0,0,0,1,0
583,"8/09/99",1,2210141,2,2,2,"Brother",1,1,0,0,1,0
584,"8/09/99",1,2210141,2,2,3,"Sister",2,0,0,0,2,0
585,"8/09/99",1,2210141,2,2,4,"Uncle",1,1,0,0,1,0
586,"8/09/99",1,2210141,2,2,7,"Daughter",1,0,0,0,1,0
643,"8/09/99",1,2210151,1,1,1,"Parents",1,1,1,1,0,0
644,"8/09/99",1,2210151,1,1,2,"Brother",3,3,3,3,0,0
645,"8/09/99",1,2210151,1,1,3,"Sister",3,3,0,3,0,0
646,"8/09/99",1,2210151,1,1,4,"Uncle",2,2,2,2,0,0
647,"8/09/99",1,2210151,1,1,6,"Son",4,0,4,4,0,0
648,"8/09/99",1,2210151,2,2,2,"Brother",4,4,0,4,0,0
649,"8/09/99",1,2210151,2,2,3,"Sister",2,2,0,2,0,0
650,"8/09/99",1,2210151,2,2,4,"Uncle",3,3,0,0,3,0
651,"8/09/99",1,2210151,2,2,6,"Son",4,0,4,4,0,0
345,"8/08/99",1,2210231,1,1,1,"Parents",1,0,1,1,0,0
346,"8/08/99",1,2210231,1,1,2,"Brother",7,0,7,7,0,0
347,"8/08/99",1,2210231,1,1,3,"Sister",4,0,0,2,2,0
348,"8/08/99",1,2210231,1,1,5,"Aunt",2,0,0,0,2,0
349,"8/08/99",1,2210231,2,2,2,"Brother",1,0,0,1,0,0
350,"8/08/99",1,2210231,2,2,3,"Sister",2,0,2,2,0,0
351,"8/08/99",1,2210231,2,2,4,"Uncle",2,2,2,2,0,0
352,"8/08/99",1,2210231,2,2,5,"Aunt",1,0,1,1,0,0
1.79769313486232e+308,"",1.79769313486232e+308,2210241,1.79769313486232e+308,1.79769313486232e+308,1.79769313486232e+308,"",1.79769313486232e+308,1.79769313486232e+308,1.79769313486232e+308,1.79769313486232e+308,1.79769313486232e+308,1.79769313486232e+308
652,"8/09/99",1,2210251,1,1,2,"Brother",2,2,2,2,0,0
653,"8/09/99",1,2210251,1,1,3,"Sister",1,0,0,0,1,0
654,"8/09/99",1,2210251,1,1,6,"Son",2,0,2,2,0,0
655,"8/09/99",1,2210251,1,1,7,"Daughter",3,0,3,3,0,0
656,"8/09/99",1,2210251,2,2,1,"Parents",1,1,0,1,0,0
657,"8/09/99",1,2210251,2,2,2,"Brother",1,0,0,1,0,0
658,"8/09/99",1,2210251,2,2,4,"Uncle",2,2,0,0,2,0
659,"8/09/99",1,2210251,2,2,5,"Aunt",3,3,0,3,0,0
660,"8/09/99",1,2210251,2,2,6,"Son",2,0,2,2,0,0
661,"8/09/99",1,2210251,2,2,7,"Daughter",3,0,3,3,0,0
662,"8/09/99",1,2210252,1,1,1,"Parents",2,2,2,2,0,0
663,"8/09/99",1,2210252,1,1,2,"Brother",1,0,1,1,0,0
664,"8/09/99",1,2210252,1,1,3,"Sister",3,0,0,3,0,0
665,"8/09/99",1,2210252,1,1,4,"Uncle",2,2,2,2,0,0
666,"8/09/99",1,2210252,1,1,5,"Aunt",1,0,0,0,1,0
667,"8/09/99",1,2210252,2,2,1,"Parents",2,2,0,2,0,0
668,"8/09/99",1,2210252,2,2,2,"Brother",3,0,0,3,0,0
669,"8/09/99",1,2210252,2,2,3,"Sister",1,0,0,0,1,0
670,"8/09/99",1,2210252,2,2,4,"Uncle",2,2,0,2,0,0
671,"8/09/99",1,2210253,1,1,1,"Parents",2,2,2,2,0,0
672,"8/09/99",1,2210253,1,1,2,"Brother",1,0,1,1,0,0
673,"8/09/99",1,2210253,1,1,3,"Sister",3,0,0,3,0,0
674,"8/09/99",1,2210253,1,1,4,"Uncle",2,2,2,2,0,0
675,"8/09/99",1,2210253,1,1,5,"Aunt",1,0,0,0,1,0
676,"8/09/99",1,2210253,2,2,1,"Parents",2,2,0,2,0,0
677,"8/09/99",1,2210253,2,2,2,"Brother",3,0,0,3,0,0
678,"8/09/99",1,2210253,2,2,3,"Sister",2,0,0,1,1,0
679,"8/09/99",1,2210253,2,2,4,"Uncle",4,4,0,4,0,0
680,"8/09/99",1,2210253,2,2,5,"Aunt",4,4,0,2,2,0
353,"8/08/99",1,2210331,1,1,2,"Brother",2,2,2,2,0,0
354,"8/08/99",1,2210331,1,1,3,"Sister",1,1,0,1,0,0
355,"8/08/99",1,2210331,1,1,4,"Uncle",1,0,1,1,0,0
356,"8/08/99",1,2210331,2,2,1,"Parents",2,2,0,2,0,0
357,"8/08/99",1,2210331,2,2,2,"Brother",1,0,0,1,0,0
358,"8/08/99",1,2210331,2,2,3,"Sister",3,0,0,3,0,0
359,"8/08/99",1,2210331,2,2,4,"Uncle",2,0,0,2,0,0
360,"8/08/99",1,2210331,2,2,5,"Aunt",1,0,0,1,0,0
588,"8/09/99",1,2210341,1,1,1,"Parents",2,2,2,2,0,0
589,"8/09/99",1,2210341,1,1,2,"Brother",5,5,5,5,0,0
590,"8/09/99",1,2210341,1,1,3,"Sister",6,6,0,6,0,0
591,"8/09/99",1,2210341,1,1,5,"Aunt",2,2,0,0,2,0
592,"8/09/99",1,2210341,2,2,1,"Parents",2,2,0,0,2,0
593,"8/09/99",1,2210341,2,2,2,"Brother",3,3,0,0,3,0
594,"8/09/99",1,2210341,2,2,3,"Sister",1,1,0,0,1,0
595,"8/09/99",1,2210341,2,2,4,"Uncle",5,5,0,0,5,0
596,"8/09/99",1,2210341,2,2,5,"Aunt",4,4,0,0,4,0
681,"8/09/99",1,2210351,4,1,1,"Parents",1,1,1,1,0,0
682,"8/09/99",1,2210351,4,1,2,"Brother",1,0,1,1,0,0
683,"8/09/99",1,2210351,4,1,3,"Sister",1,0,0,1,0,0
684,"8/09/99",1,2210351,4,1,4,"Uncle",1,1,0,1,0,0
685,"8/09/99",1,2210351,4,1,5,"Aunt",1,0,1,1,0,0
361,"8/08/99",1,2210431,1,1,1,"Parents",1,0,1,1,0,0
362,"8/08/99",1,2210431,1,1,2,"Brother",3,0,3,3,0,0
363,"8/08/99",1,2210431,1,1,3,"Sister",3,0,0,2,1,0
364,"8/08/99",1,2210431,1,1,5,"Aunt",2,0,0,1,1,0
365,"8/08/99",1,2210431,2,2,1,"Parents",1,1,0,0,1,0
366,"8/08/99",1,2210431,2,2,2,"Brother",1,0,0,0,1,0
367,"8/08/99",1,2210431,2,2,3,"Sister",5,0,0,2,3,0
597,"8/09/99",1,2210441,1,1,1,"Parents",1,1,1,1,0,0
598,"8/09/99",1,2210441,1,1,2,"Brother",3,3,3,3,0,0
599,"8/09/99",1,2210441,1,1,3,"Sister",2,0,0,2,0,0
600,"8/09/99",1,2210441,1,1,4,"Uncle",1,1,1,1,0,0
601,"8/09/99",1,2210441,2,2,1,"Parents",2,2,2,2,0,0
602,"8/09/99",1,2210441,2,2,2,"Brother",1,0,1,1,0,0
603,"8/09/99",1,2210441,2,2,3,"Sister",2,0,2,2,0,0
604,"8/09/99",1,2210441,2,2,4,"Uncle",1,1,1,1,0,0
605,"8/09/99",1,2210441,2,2,5,"Aunt",2,0,2,2,0,0
686,"8/09/99",1,2210459,1,1,1,"Parents",1,1,1,1,0,0
687,"8/09/99",1,2210459,1,1,2,"Brother",2,2,2,2,0,0
688,"8/09/99",1,2210459,1,1,3,"Sister",1,1,0,0,1,0
689,"8/09/99",1,2210459,1,1,4,"Uncle",2,2,2,2,0,0
690,"8/09/99",1,2210459,2,2,1,"Parents",2,2,0,0,2,0
691,"8/09/99",1,2210459,2,2,2,"Brother",1,0,0,0,1,0
692,"8/09/99",1,2210459,2,2,3,"Sister",4,0,0,0,4,0
693,"8/09/99",1,2210459,2,2,4,"Uncle",2,2,0,0,2,0
694,"8/09/99",1,2210459,2,2,5,"Aunt",1,1,0,0,1,0
368,"8/08/99",1,2210531,2,1,2,"Brother",1,0,1,1,0,0
369,"8/08/99",1,2210531,2,1,3,"Sister",2,0,2,2,0,0
370,"8/08/99",1,2210531,2,1,7,"Daughter",1,0,0,0,1,0
371,"8/08/99",1,2210531,2,2,1,"Parents",2,2,0,0,2,0
372,"8/08/99",1,2210531,2,2,2,"Brother",2,2,0,0,2,0
373,"8/08/99",1,2210531,2,2,3,"Sister",1,1,0,0,1,0
374,"8/08/99",1,2210531,2,2,4,"Uncle",1,1,0,0,1,0
375,"8/08/99",1,2210531,2,2,5,"Aunt",1,1,0,0,1,0
376,"8/08/99",1,2210531,2,2,7,"Daughter",1,0,0,0,1,0
606,"8/09/99",1,2210541,1,1,2,"Brother",1,1,1,1,0,0
607,"8/09/99",1,2210541,1,1,3,"Sister",2,2,0,2,0,0
608,"8/09/99",1,2210541,1,1,6,"Son",2,0,2,2,0,0
609,"8/09/99",1,2210541,1,1,7,"Daughter",1,0,0,1,0,0
610,"8/09/99",1,2210541,1,2,4,"Uncle",1,1,0,0,1,0
611,"8/09/99",1,2210541,1,2,5,"Aunt",2,2,0,0,2,0
612,"8/09/99",1,2210541,1,2,6,"Son",2,0,2,2,0,0
613,"8/09/99",1,2210541,1,2,7,"Daughter",1,0,0,1,0,0
614,"8/09/99",1,2210542,1,1,1,"Parents",2,2,2,2,0,0
615,"8/09/99",1,2210542,1,1,2,"Brother",2,0,2,2,0,0
616,"8/09/99",1,2210542,1,1,3,"Sister",1,0,0,1,0,0
617,"8/09/99",1,2210542,1,1,4,"Uncle",1,1,1,1,0,0
618,"8/09/99",1,2210542,1,1,5,"Aunt",2,0,0,2,0,0
619,"8/09/99",1,2210542,2,2,1,"Parents",2,2,0,0,2,0
620,"8/09/99",1,2210542,2,2,2,"Brother",3,0,0,0,3,0
621,"8/09/99",1,2210542,2,2,3,"Sister",6,0,0,0,6,0
622,"8/09/99",1,2210542,2,2,4,"Uncle",2,2,0,0,2,0
623,"8/09/99",1,2210542,2,2,5,"Aunt",3,3,0,0,3,0
624,"8/09/99",1,2210543,1,1,1,"Parents",2,2,2,2,0,0
625,"8/09/99",1,2210543,1,1,2,"Brother",2,0,2,2,0,0
626,"8/09/99",1,2210543,1,1,3,"Sister",1,0,0,1,0,0
627,"8/09/99",1,2210543,1,1,4,"Uncle",1,1,1,1,0,0
628,"8/09/99",1,2210543,1,1,5,"Aunt",2,0,0,2,0,0
629,"8/09/99",1,2210543,2,2,1,"Parents",2,2,0,0,2,0
630,"8/09/99",1,2210543,2,2,2,"Brother",3,0,0,0,3,0
631,"8/09/99",1,2210543,2,2,3,"Sister",5,0,0,0,5,0
632,"8/09/99",1,2210543,2,2,4,"Uncle",2,2,0,0,2,0
633,"8/09/99",1,2210543,2,2,5,"Aunt",1,1,0,0,1,0
377,"8/08/99",1,2210631,1,1,2,"Brother",5,5,5,5,0,0
378,"8/08/99",1,2210631,1,1,3,"Sister",4,4,0,4,0,0
379,"8/08/99",1,2210631,1,1,4,"Uncle",2,2,1,2,0,0
380,"8/08/99",1,2210631,1,1,5,"Aunt",7,7,0,6,1,0
382,"8/08/99",1,2210631,1,1,7,"Daughter",1,0,0,0,1,0
383,"8/08/99",1,2210631,2,2,1,"Parents",1,1,1,1,0,0
384,"8/08/99",1,2210631,2,2,2,"Brother",3,3,3,3,0,0
385,"8/08/99",1,2210631,2,2,3,"Sister",3,3,2,2,1,0
386,"8/08/99",1,2210631,2,2,5,"Aunt",3,3,3,3,0,0
387,"8/08/99",1,2210631,2,2,7,"Daughter",1,0,0,0,1,0
634,"8/09/99",1,2210641,1,1,2,"Brother",3,3,3,3,0,0
635,"8/09/99",1,2210641,1,1,3,"Sister",1,1,1,1,0,0
636,"8/09/99",1,2210641,1,1,4,"Uncle",4,4,4,4,0,0
637,"8/09/99",1,2210641,1,1,5,"Aunt",4,4,0,4,0,0
638,"8/09/99",1,2210641,2,2,1,"Parents",1,1,1,1,0,0
639,"8/09/99",1,2210641,2,2,2,"Brother",4,4,4,4,0,0
640,"8/09/99",1,2210641,2,2,3,"Sister",2,2,1,1,1,0
641,"8/09/99",1,2210641,2,2,4,"Uncle",1,1,1,1,0,0
642,"8/09/99",1,2210641,2,2,5,"Aunt",4,4,4,4,0,0
388,"8/08/99",1,2210731,1,1,1,"Parents",1,1,1,1,0,0
389,"8/08/99",1,2210731,1,1,2,"Brother",4,4,4,4,0,0
390,"8/08/99",1,2210731,1,1,3,"Sister",3,3,0,3,0,0
391,"8/08/99",1,2210731,1,1,5,"Aunt",1,1,1,1,0,0
392,"8/08/99",1,2210731,1,1,7,"Daughter",1,0,1,1,0,0
393,"8/08/99",1,2210731,2,2,1,"Parents",2,2,0,0,2,0
394,"8/08/99",1,2210731,2,2,2,"Brother",2,2,0,0,2,0
395,"8/08/99",1,2210731,2,2,3,"Sister",5,5,0,0,5,0
396,"8/08/99",1,2210731,2,2,4,"Uncle",6,6,0,0,6,0
397,"8/08/99",1,2210731,2,2,5,"Aunt",4,4,0,0,4,0
398,"8/08/99",1,2210731,2,2,7,"Daughter",1,0,1,1,0,0
399,"8/08/99",1,2210831,1,1,2,"Brother",3,3,3,3,0,0
400,"8/08/99",1,2210831,1,1,3,"Sister",4,4,0,3,1,0
401,"8/08/99",1,2210831,1,1,4,"Uncle",1,1,0,0,1,0
402,"8/08/99",1,2210831,1,1,5,"Aunt",2,2,0,2,0,0
403,"8/08/99",1,2210831,1,1,7,"Daughter",1,0,0,1,0,0
404,"8/08/99",1,2210831,2,2,1,"Parents",2,2,0,2,0,0
405,"8/08/99",1,2210831,2,2,2,"Brother",2,2,0,2,0,0
406,"8/08/99",1,2210831,2,2,3,"Sister",3,3,0,3,0,0
407,"8/08/99",1,2210831,2,2,4,"Uncle",1,1,0,1,0,0
408,"8/08/99",1,2210831,2,2,7,"Daughter",1,0,0,1,0,0
409,"8/08/99",1,2210931,1,1,6,"Son",3,0,3,3,0,0
410,"8/08/99",1,2210931,1,1,7,"Daughter",2,0,0,0,2,0
411,"8/08/99",1,2210931,2,2,1,"Parents",2,0,2,2,0,0
412,"8/08/99",1,2210931,2,2,2,"Brother",2,0,2,2,0,0
413,"8/08/99",1,2210931,2,2,3,"Sister",2,0,2,2,0,0
414,"8/08/99",1,2210931,2,2,5,"Aunt",1,0,1,1,0,0
415,"8/08/99",1,2211031,1,1,1,"Parents",2,2,2,2,0,0
416,"8/08/99",1,2211031,1,1,2,"Brother",3,3,3,3,0,0
417,"8/08/99",1,2211031,1,1,3,"Sister",2,2,0,2,0,0
418,"8/08/99",1,2211031,1,1,4,"Uncle",1,1,1,1,0,0
419,"8/08/99",1,2211031,1,1,5,"Aunt",2,2,2,2,0,0
420,"8/08/99",1,2211031,1,1,7,"Daughter",1,1,0,1,0,0
421,"8/08/99",1,2211031,2,2,1,"Parents",2,2,0,2,0,0
422,"8/08/99",1,2211031,2,2,2,"Brother",4,4,0,4,0,0
423,"8/08/99",1,2211031,2,2,3,"Sister",3,3,0,3,0,0
424,"8/08/99",1,2211031,2,2,4,"Uncle",2,2,0,2,0,0
425,"8/08/99",1,2211031,2,2,5,"Aunt",3,3,0,3,0,0
426,"8/08/99",1,2211031,2,2,7,"Daughter",1,1,0,1,0,0
427,"8/08/99",1,2211131,1,1,1,"Parents",1,1,1,1,0,0
428,"8/09/99",1,2211131,1,1,2,"Brother",1,1,1,1,0,0
429,"8/09/99",1,2211131,1,1,3,"Sister",4,0,2,4,0,0
430,"8/09/99",1,2211131,1,1,4,"Uncle",3,0,1,1,2,0
431,"8/09/99",1,2211131,1,1,5,"Aunt",6,6,2,2,4,0
432,"8/09/99",1,2211131,2,2,1,"Parents",1,1,0,1,0,0
433,"8/09/99",1,2211131,2,2,2,"Brother",3,3,0,3,0,0
434,"8/09/99",1,2211131,2,2,3,"Sister",4,4,0,4,0,0
435,"8/09/99",1,2211131,2,2,4,"Uncle",7,7,0,7,0,0
436,"8/09/99",1,2211131,2,2,5,"Aunt",1,0,0,1,0,0
437,"8/09/99",1,2211231,1,1,2,"Brother",3,0,0,3,0,0
438,"8/09/99",1,2211231,1,1,3,"Sister",2,0,0,2,0,0
439,"8/09/99",1,2211231,1,1,6,"Son",2,0,2,2,0,0
440,"8/09/99",1,2211231,1,1,7,"Daughter",3,0,0,3,0,0
441,"8/09/99",1,2211231,1,2,2,"Brother",2,0,2,2,0,0
442,"8/09/99",1,2211231,1,2,3,"Sister",3,0,3,3,0,0
443,"8/09/99",1,2211231,1,2,5,"Aunt",1,0,0,0,1,0
444,"8/09/99",1,2211231,1,2,6,"Son",2,0,2,2,0,0
445,"8/09/99",1,2211231,1,2,7,"Daughter",3,0,3,3,0,0
446,"8/09/99",1,2211331,1,1,1,"Parents",1,0,1,1,0,0
447,"8/09/99",1,2211331,1,1,2,"Brother",2,2,2,2,0,0
448,"8/09/99",1,2211331,1,1,3,"Sister",4,0,0,4,0,0
449,"8/09/99",1,2211331,1,1,4,"Uncle",1,1,0,1,0,0
450,"8/09/99",1,2211331,1,1,5,"Aunt",4,4,0,2,2,0
451,"8/09/99",1,2211331,2,2,1,"Parents",1,1,1,1,0,0
452,"8/09/99",1,2211331,2,2,2,"Brother",2,0,2,2,0,0
453,"8/09/99",1,2211331,2,2,3,"Sister",4,0,0,2,2,0
454,"8/09/99",1,2211331,2,2,4,"Uncle",3,3,0,3,0,0
455,"8/09/99",1,2211431,1,1,1,"Parents",1,0,1,1,0,0
456,"8/09/99",1,2211431,1,1,2,"Brother",1,1,1,1,0,0
457,"8/09/99",1,2211431,1,1,3,"Sister",2,0,0,0,2,0
458,"8/09/99",1,2211431,1,1,7,"Daughter",1,0,0,0,1,0
459,"8/09/99",1,2211431,2,2,1,"Parents",2,2,0,0,2,0
460,"8/09/99",1,2211431,2,2,2,"Brother",3,0,0,0,3,0
461,"8/09/99",1,2211431,2,2,3,"Sister",2,0,0,0,2,0
462,"8/09/99",1,2211431,2,2,4,"Uncle",1,1,0,0,1,0
463,"8/09/99",1,2211431,2,2,5,"Aunt",2,2,0,0,2,0
464,"8/09/99",1,2211431,2,2,7,"Daughter",1,0,0,0,1,0
465,"8/09/99",1,2211539,1,1,1,"Parents",1,0,1,1,0,0
466,"8/09/99",1,2211539,1,1,2,"Brother",2,0,2,2,0,0
467,"8/09/99",1,2211539,1,1,3,"Sister",1,0,0,1,0,0
468,"8/09/99",1,2211539,1,1,4,"Uncle",2,2,2,2,0,0
469,"8/09/99",1,2211539,1,1,5,"Aunt",1,0,0,1,0,0
470,"8/09/99",1,2211539,2,2,1,"Parents",2,2,0,2,0,0
471,"8/09/99",1,2211539,2,2,2,"Brother",3,0,0,3,0,0
472,"8/09/99",1,2211539,2,2,3,"Sister",2,0,0,2,0,0
473,"8/09/99",1,2211539,2,2,4,"Uncle",3,3,0,3,0,0
474,"8/09/99",1,2211539,2,2,5,"Aunt",4,0,0,4,0,0
475,"8/09/99",1,2211639,1,1,1,"Parents",1,0,1,1,0,0
476,"8/09/99",1,2211639,1,1,2,"Brother",3,0,3,3,0,0
477,"8/09/99",1,2211639,1,1,3,"Sister",1,0,0,0,1,0
478,"8/09/99",1,2211639,2,2,2,"Brother",3,3,0,3,0,0
479,"8/09/99",1,2211639,2,2,3,"Sister",2,2,0,2,0,0
480,"8/09/99",1,2211639,2,2,4,"Uncle",5,5,0,5,0,0
481,"8/09/99",1,2211639,2,2,5,"Aunt",3,3,0,3,0,0
482,"8/09/99",1,2211739,1,1,2,"Brother",2,0,2,2,0,0
483,"8/09/99",1,2211739,1,1,3,"Sister",1,0,1,1,0,0
484,"8/09/99",1,2211739,1,1,4,"Uncle",4,4,4,4,0,0
485,"8/09/99",1,2211739,1,1,5,"Aunt",3,3,0,0,3,0
486,"8/09/99",1,2211739,1,1,7,"Daughter",1,0,1,1,0,0
487,"8/09/99",1,2211739,2,2,1,"Parents",1,1,0,0,1,0
488,"8/09/99",1,2211739,2,2,2,"Brother",1,1,0,0,1,0
489,"8/09/99",1,2211739,2,2,3,"Sister",1,1,0,0,1,0
490,"8/09/99",1,2211739,2,2,4,"Uncle",8,8,0,0,8,0
491,"8/09/99",1,2211739,2,2,5,"Aunt",6,6,0,0,6,0
492,"8/09/99",1,2211739,2,2,7,"Daughter",1,0,1,1,0,0
493,"8/09/99",1,2211839,1,1,1,"Parents",1,0,1,1,0,0
494,"8/09/99",1,2211839,1,1,2,"Brother",2,0,2,2,0,0
495,"8/09/99",1,2211839,1,1,3,"Sister",3,0,0,3,0,0
496,"8/09/99",1,2211839,1,1,4,"Uncle",1,1,1,1,0,0
497,"8/09/99",1,2211839,1,1,5,"Aunt",2,0,0,2,0,0
498,"8/09/99",1,2211839,2,2,1,"Parents",2,2,0,2,0,0
499,"8/09/99",1,2211839,2,2,2,"Brother",1,1,0,1,0,0
500,"8/09/99",1,2211839,2,2,3,"Sister",2,0,0,2,0,0
501,"8/09/99",1,2211839,2,2,4,"Uncle",2,2,0,2,0,0
502,"8/09/99",1,2211839,2,2,5,"Aunt",3,3,0,3,0,0
503,"8/09/99",1,2211939,1,1,1,"Parents",1,0,1,1,0,0
504,"8/09/99",1,2211939,1,1,2,"Brother",3,0,3,3,0,0
505,"8/09/99",1,2211939,1,1,3,"Sister",2,0,2,2,0,0
506,"8/09/99",1,2211939,1,1,4,"Uncle",2,2,2,2,0,0
507,"8/09/99",1,2211939,1,1,5,"Aunt",1,1,0,0,1,0
508,"8/09/99",1,2211939,2,2,1,"Parents",2,1,0,2,0,0
509,"8/09/99",1,2211939,2,2,2,"Brother",4,0,0,4,0,0
510,"8/09/99",1,2211939,2,2,3,"Sister",1,0,0,1,0,0
511,"8/09/99",1,2211939,2,2,4,"Uncle",3,1,0,3,0,0
512,"8/09/99",1,2211939,2,2,5,"Aunt",2,2,0,2,0,0
513,"8/09/99",1,2212039,1,1,1,"Parents",1,0,1,1,0,0
514,"8/09/99",1,2212039,1,1,2,"Brother",3,0,3,3,0,0
515,"8/09/99",1,2212039,1,1,3,"Sister",2,0,0,2,0,0
516,"8/09/99",1,2212039,1,1,5,"Aunt",1,1,0,0,1,0
517,"8/09/99",1,2212039,2,2,1,"Parents",2,2,0,2,0,0
518,"8/09/99",1,2212039,2,2,2,"Brother",4,0,0,4,0,0
519,"8/09/99",1,2212039,2,2,3,"Sister",1,0,0,1,0,0
520,"8/09/99",1,2212039,2,2,4,"Uncle",2,2,0,2,0,0
521,"8/09/99",1,2212039,2,2,5,"Aunt",3,3,0,3,0,0
522,"8/09/99",1,2212139,1,1,1,"Parents",1,0,1,1,0,0
523,"8/09/99",1,2212139,1,1,2,"Brother",4,0,4,4,0,0
524,"8/09/99",1,2212139,1,1,3,"Sister",3,0,3,3,0,0
525,"8/09/99",1,2212139,1,1,4,"Uncle",2,2,2,2,0,0
526,"8/09/99",1,2212139,1,1,5,"Aunt",1,1,0,0,1,0
527,"8/09/99",1,2212139,2,2,1,"Parents",2,2,0,2,0,0
528,"8/09/99",1,2212139,2,2,2,"Brother",1,1,0,1,0,0
529,"8/09/99",1,2212139,2,2,3,"Sister",3,0,0,3,0,0
530,"8/09/99",1,2212139,2,2,4,"Uncle",2,2,0,2,0,0
531,"8/09/99",1,2212139,2,2,5,"Aunt",3,3,0,3,0,0
532,"8/09/99",1,2212239,1,1,1,"Parents",1,1,1,1,0,0
533,"8/09/99",1,2212239,1,1,2,"Brother",3,0,3,3,0,0
534,"8/09/99",1,2212239,1,1,3,"Sister",5,0,0,5,0,0
535,"8/09/99",1,2212239,1,1,4,"Uncle",3,3,3,3,0,0
536,"8/09/99",1,2212239,1,1,5,"Aunt",5,5,0,0,5,0
537,"8/09/99",1,2212239,2,2,2,"Brother",2,2,0,2,0,0
538,"8/09/99",1,2212239,2,2,3,"Sister",1,1,0,1,0,0
539,"8/09/99",1,2212239,2,2,5,"Aunt",1,1,0,0,1,0
541,"8/09/99",1,2212339,1,1,1,"Parents",1,1,1,1,0,0
541,"8/09/99",1,2212339,1,1,2,"Brother",3,3,3,3,0,0
542,"8/09/99",1,2212339,1,1,3,"Sister",4,4,0,3,1,0
543,"8/09/99",1,2212339,1,1,4,"Uncle",2,2,2,2,0,0
544,"8/09/99",1,2212339,1,1,5,"Aunt",3,2,0,2,1,0
545,"8/09/99",1,2212339,2,2,1,"Parents",2,2,0,2,0,0
546,"8/09/99",1,2212339,2,2,2,"Brother",3,0,0,3,0,0
547,"8/09/99",1,2212339,2,2,3,"Sister",2,0,0,2,0,0
548,"8/09/99",1,2212339,2,2,4,"Uncle",3,3,0,3,0,0
549,"8/09/99",1,2212339,2,2,5,"Aunt",1,1,0,0,1,0
550,"8/09/99",1,2212439,1,1,1,"Parents",2,2,2,2,0,0
551,"8/09/99",1,2212439,1,1,2,"Brother",4,0,4,4,0,0
552,"8/09/99",1,2212439,1,1,3,"Sister",3,0,0,3,0,0
553,"8/09/99",1,2212439,1,1,4,"Uncle",2,2,2,2,0,0
554,"8/09/99",1,2212439,1,1,5,"Aunt",3,3,0,3,0,0
555,"8/09/99",1,2212439,2,2,1,"Parents",2,2,0,2,0,0
556,"8/09/99",1,2212439,2,2,2,"Brother",3,0,0,3,0,0
557,"8/09/99",1,2212439,2,2,3,"Sister",1,0,0,1,0,0
558,"8/09/99",1,2212439,2,2,4,"Uncle",1,1,0,1,0,0
559,"8/09/99",1,2212439,2,2,5,"Aunt",3,3,0,0,3,0
560,"8/09/99",1,2212539,1,1,1,"Parents",1,0,1,1,0,0
561,"8/09/99",1,2212539,1,1,2,"Brother",3,0,3,3,0,0
562,"8/09/99",1,2212539,1,1,3,"Sister",2,0,0,2,0,0
563,"8/09/99",1,2212539,1,1,4,"Uncle",1,0,1,1,0,0
564,"8/09/99",1,2212539,1,1,5,"Aunt",3,3,3,3,0,0
565,"8/09/99",1,2212539,2,2,2,"Brother",2,2,0,2,0,0
566,"8/09/99",1,2212539,2,2,3,"Sister",3,3,0,3,0,0
567,"8/09/99",1,2212539,2,2,4,"Uncle",4,4,0,4,0,0
568,"8/09/99",1,2212539,2,2,5,"Aunt",2,2,0,2,0,0
569,"8/09/99",1,2212639,1,1,1,"Parents",2,2,2,2,0,0
570,"8/09/99",1,2212639,1,1,2,"Brother",3,0,3,3,0,0
571,"8/09/99",1,2212639,1,1,3,"Sister",2,0,0,2,0,0
572,"8/09/99",1,2212639,1,1,4,"Uncle",1,0,1,1,0,0
573,"8/09/99",1,2212639,1,1,5,"Aunt",3,3,0,3,0,0
574,"8/09/99",1,2212639,2,2,1,"Parents",2,2,0,2,0,0
575,"8/09/99",1,2212639,2,2,2,"Brother",4,0,0,4,0,0
576,"8/09/99",1,2212639,2,2,3,"Sister",5,0,0,5,0,0
577,"8/09/99",1,2212639,2,2,4,"Uncle",2,2,0,2,0,0
578,"8/09/99",1,2212639,2,2,5,"Aunt",3,3,0,3,0,0
1,"8/31/99",1,2220131,1,1,1,"Parents",2,1,2,2,0,2
2,"9/03/99",1,2220131,1,1,2,"Brother",4,2,3,3,1,1
3,"9/03/99",1,2220131,1,1,3,"Sister",2,1,1,1,1,0
4,"9/03/99",1,2220131,1,1,4,"Uncle",6,3,6,6,0,0
5,"9/03/99",1,2220131,1,1,5,"Aunt",2,1,1,2,0,0
6,"9/03/99",1,2220131,2,2,1,"Parents",1,0,0,0,1,0
7,"9/03/99",1,2220131,2,2,2,"Brother",3,1,0,0,3,2
8,"9/03/99",1,2220131,2,2,3,"Sister",3,2,0,0,3,3
9,"9/03/99",1,2220131,2,2,4,"Uncle",4,0,0,0,4,0
10,"9/03/99",1,2220131,2,2,5,"Aunt",3,2,0,0,3,0
227,"9/04/99",1,2220141,2,1,2,"Brother",2,0,2,2,0,0
228,"9/04/99",1,2220141,2,1,3,"Sister",3,0,0,3,0,0
229,"9/04/99",1,2220141,2,2,1,"Parents",2,2,0,2,0,0
230,"9/04/99",1,2220141,2,2,2,"Brother",5,0,0,5,0,0
231,"9/04/99",1,2220141,2,2,3,"Sister",4,0,0,4,0,0
232,"9/04/99",1,2220141,2,2,4,"Uncle",1,1,0,1,0,0
278,"9/04/99",1,2220151,2,2,2,"Brother",4,4,0,4,0,0
279,"9/04/99",1,2220151,2,2,3,"Sister",1,1,0,1,0,0
280,"9/04/99",1,2220151,2,2,6,"Son",3,3,3,3,0,0
281,"9/04/99",1,2220151,2,2,7,"Daughter",1,0,0,1,0,0
282,"9/04/99",1,2220152,2,1,1,"Parents",1,1,1,1,0,0
283,"9/04/99",1,2220152,2,1,2,"Brother",3,3,3,3,0,0
284,"9/04/99",1,2220152,2,1,3,"Sister",1,1,1,1,0,0
285,"9/04/99",1,2220152,2,1,4,"Uncle",7,7,2,5,2,0
286,"9/04/99",1,2220152,2,1,5,"Aunt",3,3,3,3,0,0
287,"9/04/99",1,2220152,2,2,1,"Parents",1,1,0,0,1,0
288,"9/04/99",1,2220152,2,2,2,"Brother",4,4,0,0,4,0
289,"9/04/99",1,2220152,2,2,4,"Uncle",4,4,0,0,4,0
290,"9/04/99",1,2220152,2,2,5,"Aunt",5,5,0,0,5,0
291,"9/04/99",1,2220153,1,1,1,"Parents",1,1,1,1,0,0
292,"9/04/99",1,2220153,1,1,2,"Brother",3,3,3,3,0,3
293,"9/04/99",1,2220153,1,1,3,"Sister",1,1,1,1,0,1
294,"9/04/99",1,2220153,1,1,4,"Uncle",7,7,2,7,0,1
295,"9/04/99",1,2220153,1,1,5,"Aunt",3,3,3,3,0,2
296,"9/04/99",1,2220153,1,1,7,"Daughter",1,1,0,0,1,0
297,"9/04/99",1,2220153,2,2,1,"Parents",1,1,0,0,1,1
298,"9/04/99",1,2220153,2,2,2,"Brother",1,1,0,0,1,1
299,"9/04/99",1,2220153,2,2,3,"Sister",5,5,1,1,4,3
300,"9/04/99",1,2220153,2,2,4,"Uncle",5,5,0,0,5,0
301,"9/04/99",1,2220153,2,2,5,"Aunt",1,1,0,1,0,0
302,"9/04/99",1,2220153,2,2,7,"Daughter",1,1,0,0,1,0
303,"9/04/99",1,2220154,1,1,1,"Parents",1,0,1,1,0,0
304,"9/04/99",1,2220154,1,1,2,"Brother",3,3,3,3,0,0
305,"9/04/99",1,2220154,1,1,3,"Sister",1,0,0,1,0,0
306,"9/04/99",1,2220154,1,1,4,"Uncle",6,0,2,6,0,0
307,"9/04/99",1,2220154,2,2,1,"Parents",2,1,0,2,0,0
308,"9/04/99",1,2220154,2,2,2,"Brother",1,0,0,1,0,0
309,"9/04/99",1,2220154,2,2,4,"Uncle",6,0,0,4,2,0
310,"9/04/99",1,2220154,2,2,5,"Aunt",2,0,0,2,0,0
11,"9/03/99",1,2220231,2,1,2,"Brother",1,1,1,1,0,0
12,"9/03/99",1,2220231,2,1,3,"Sister",3,0,3,3,0,0
13,"9/03/99",1,2220231,2,1,4,"Uncle",1,1,1,1,0,0
14,"9/03/99",1,2220231,2,1,5,"Aunt",2,0,2,2,0,0
15,"9/03/99",1,2220231,2,1,6,"Son",2,0,2,2,0,0
16,"9/03/99",1,2220231,2,1,7,"Daughter",2,0,0,2,0,0
17,"9/03/99",1,2220231,2,2,2,"Brother",1,1,0,1,0,0
18,"9/03/99",1,2220231,2,2,3,"Sister",4,0,0,4,0,0
19,"9/03/99",1,2220231,2,2,5,"Aunt",1,1,0,1,0,0
20,"9/03/99",1,2220231,2,2,6,"Son",2,0,2,2,0,0
21,"9/03/99",1,2220231,2,2,7,"Daughter",2,0,0,2,0,0
22,"9/03/99",1,2220232,2,1,1,"Parents",2,1,2,2,0,0
23,"9/03/99",1,2220232,2,1,2,"Brother",2,0,2,2,0,0
24,"9/03/99",1,2220232,2,1,3,"Sister",2,0,0,2,0,0
25,"9/03/99",1,2220232,2,1,4,"Uncle",1,1,1,1,0,0
26,"9/03/99",1,2220232,2,1,5,"Aunt",3,0,0,3,0,0
27,"9/03/99",1,2220232,2,2,1,"Parents",2,1,0,2,0,0
28,"9/03/99",1,2220232,2,2,2,"Brother",1,0,0,1,0,0
29,"9/03/99",1,2220232,2,2,3,"Sister",1,0,0,1,0,0
30,"9/03/99",1,2220232,2,2,4,"Uncle",1,1,0,1,0,0
31,"9/03/99",1,2220232,2,2,5,"Aunt",8,2,0,6,2,0
32,"9/03/99",1,2220233,2,1,1,"Parents",2,1,2,2,0,0
33,"9/03/99",1,2220233,2,1,2,"Brother",2,0,2,2,0,0
34,"9/03/99",1,2220233,2,1,3,"Sister",2,0,0,2,0,0
35,"9/03/99",1,2220233,2,1,4,"Uncle",1,1,1,1,0,0
36,"9/03/99",1,2220233,2,1,5,"Aunt",3,0,0,3,0,0
37,"9/03/99",1,2220233,2,2,1,"Parents",2,1,0,2,0,0
38,"9/03/99",1,2220233,2,2,2,"Brother",2,0,0,2,0,0
39,"9/03/99",1,2220233,2,2,3,"Sister",3,0,0,3,0,0
40,"9/03/99",1,2220233,2,2,4,"Uncle",4,4,0,4,0,0
41,"9/03/99",1,2220233,2,2,5,"Aunt",5,1,0,5,0,0
233,"9/04/99",1,2220241,2,1,1,"Parents",2,1,2,2,0,0
234,"9/04/99",1,2220241,2,1,2,"Brother",4,1,3,3,1,0
235,"9/04/99",1,2220241,2,1,3,"Sister",2,1,1,0,1,0
236,"9/04/99",1,2220241,2,1,4,"Uncle",6,3,6,6,0,0
237,"9/04/99",1,2220241,2,1,5,"Aunt",2,1,1,1,0,0
238,"9/04/99",1,2220241,2,2,1,"Parents",1,1,0,1,0,0
239,"9/04/99",1,2220241,2,2,2,"Brother",1,0,0,1,0,0
240,"9/04/99",1,2220241,2,2,3,"Sister",4,0,0,4,0,0
241,"9/04/99",1,2220241,2,2,4,"Uncle",1,1,0,1,0,0
242,"9/04/99",1,2220241,2,2,5,"Aunt",1,0,0,1,0,0
311,"9/04/99",1,2220251,1,1,1,"Parents",1,1,1,1,0,1
312,"9/04/99",1,2220251,1,1,2,"Brother",1,1,1,1,0,0
313,"9/04/99",1,2220251,1,1,3,"Sister",5,5,0,5,0,2
314,"9/04/99",1,2220251,1,1,4,"Uncle",1,1,0,1,0,1
315,"9/04/99",1,2220251,2,2,1,"Parents",1,1,1,1,0,1
316,"9/04/99",1,2220251,2,2,2,"Brother",4,4,4,4,0,4
317,"9/04/99",1,2220251,2,2,3,"Sister",4,4,1,4,0,3
318,"9/04/99",1,2220251,2,2,4,"Uncle",1,1,0,1,0,0
319,"9/04/99",1,2220251,2,2,5,"Aunt",2,2,0,2,0,0
243,"9/04/99",1,2220341,1,1,1,"Parents",1,0,0,1,0,0
244,"9/04/99",1,2220341,1,1,2,"Brother",1,0,0,1,0,0
245,"9/04/99",1,2220341,1,1,3,"Sister",2,0,0,2,0,0
246,"9/04/99",1,2220341,1,1,4,"Uncle",3,1,0,3,0,0
247,"9/04/99",1,2220341,1,1,6,"Son",1,0,0,0,1,0
320,"9/04/99",1,2220351,1,1,1,"Parents",1,1,1,1,0,0
321,"9/04/99",1,2220351,1,1,4,"Uncle",4,4,0,4,0,0
322,"9/04/99",1,2220351,1,1,5,"Aunt",3,3,1,3,0,0
323,"9/04/99",1,2220351,6,2,1,"Parents",2,2,0,2,0,2
324,"9/04/99",1,2220351,6,2,2,"Brother",1,1,0,1,0,1
325,"9/04/99",1,2220351,6,2,4,"Uncle",7,7,0,4,3,2
326,"9/04/99",1,2220351,6,2,5,"Aunt",5,5,0,5,0,2
42,"9/03/99",1,2220431,1,1,3,"Sister",2,0,0,2,0,0
43,"9/03/99",1,2220431,1,1,4,"Uncle",1,0,1,0,0,0
44,"9/03/99",1,2220431,3,2,1,"Parents",2,2,0,2,0,0
45,"9/03/99",1,2220431,3,2,2,"Brother",3,0,0,3,0,0
46,"9/03/99",1,2220431,3,2,3,"Sister",2,0,0,2,0,0
47,"9/03/99",1,2220431,3,2,4,"Uncle",1,1,0,1,0,0
248,"9/04/99",1,2220441,1,1,2,"Brother",1,1,1,1,0,0
249,"9/04/99",1,2220441,1,1,6,"Son",2,0,2,2,0,0
250,"9/04/99",1,2220441,1,1,7,"Daughter",3,0,0,3,0,0
251,"9/04/99",1,2220441,3,2,2,"Brother",1,0,0,1,0,0
252,"9/04/99",1,2220441,3,2,3,"Sister",1,0,0,1,0,0
253,"9/04/99",1,2220441,3,2,6,"Son",1,0,1,1,0,0
254,"9/04/99",1,2220441,3,2,7,"Daughter",1,0,0,1,0,0
255,"9/04/99",1,2220442,1,1,1,"Parents",1,1,1,1,0,0
256,"9/04/99",1,2220442,1,1,2,"Brother",2,0,2,2,0,0
257,"9/04/99",1,2220442,1,1,3,"Sister",4,0,2,2,2,0
258,"9/04/99",1,2220442,1,1,4,"Uncle",6,0,1,1,5,0
259,"9/04/99",1,2220442,2,2,1,"Parents",1,0,0,0,1,0
260,"9/04/99",1,2220442,2,2,2,"Brother",1,0,0,0,1,0
261,"9/04/99",1,2220442,2,2,3,"Sister",1,0,0,0,1,0
262,"9/04/99",1,2220442,2,2,4,"Uncle",4,0,0,0,4,0
263,"9/04/99",1,2220442,2,2,5,"Aunt",2,0,0,0,2,0
327,"9/04/99",1,2220459,1,1,2,"Brother",2,0,2,2,0,0
328,"9/04/99",1,2220459,1,1,3,"Sister",1,0,0,1,0,0
329,"9/04/99",1,2220459,1,1,6,"Son",1,0,1,1,0,0
330,"9/04/99",1,2220459,2,2,2,"Brother",3,0,0,3,0,0
331,"9/04/99",1,2220459,2,2,3,"Sister",2,0,0,2,0,0
332,"9/04/99",1,2220459,2,2,4,"Uncle",3,0,0,3,0,0
333,"9/04/99",1,2220459,2,2,6,"Son",1,0,1,1,0,0
48,"9/03/99",1,2220531,1,1,2,"Brother",2,2,2,2,0,0
49,"9/03/99",1,2220531,1,1,3,"Sister",3,1,0,3,0,0
50,"9/03/99",1,2220531,1,1,6,"Son",3,0,3,3,0,0
51,"9/03/99",1,2220531,1,1,7,"Daughter",1,0,1,1,0,0
52,"9/03/99",1,2220531,2,2,2,"Brother",1,0,0,0,1,0
53,"9/03/99",1,2220531,2,2,6,"Son",3,0,3,3,0,0
54,"9/03/99",1,2220531,2,2,7,"Daughter",1,0,1,1,0,0
55,"9/03/99",1,2220532,1,1,1,"Parents",2,0,2,2,0,0
56,"9/03/99",1,2220532,1,1,2,"Brother",2,0,2,2,0,2
57,"9/03/99",1,2220532,1,1,3,"Sister",1,0,0,1,0,1
58,"9/03/99",1,2220532,1,1,4,"Uncle",3,2,2,2,1,0
59,"9/03/99",1,2220532,1,1,5,"Aunt",3,1,0,3,0,0
60,"9/03/99",1,2220532,2,2,1,"Parents",2,1,0,2,0,1
61,"9/03/99",1,2220532,2,2,2,"Brother",2,0,0,2,0,2
62,"9/03/99",1,2220532,2,2,3,"Sister",2,1,0,1,1,2
63,"9/03/99",1,2220532,2,2,4,"Uncle",2,1,0,2,0,0
64,"9/03/99",1,2220532,2,2,5,"Aunt",5,2,0,3,2,0
65,"9/03/99",1,2220533,1,1,1,"Parents",2,0,2,2,0,1
66,"9/03/99",1,2220533,1,1,2,"Brother",2,0,2,2,0,2
67,"9/03/99",1,2220533,1,1,3,"Sister",1,0,0,1,0,1
68,"9/03/99",1,2220533,1,1,4,"Uncle",3,2,2,2,1,0
69,"9/03/99",1,2220533,1,1,5,"Aunt",3,1,0,3,0,0
70,"9/03/99",1,2220533,2,2,1,"Parents",1,1,0,0,1,1
71,"9/03/99",1,2220533,2,2,2,"Brother",2,2,0,0,2,2
72,"9/03/99",1,2220533,2,2,3,"Sister",3,2,0,1,2,1
73,"9/03/99",1,2220533,2,2,4,"Uncle",5,3,0,0,5,2
74,"9/03/99",1,2220533,2,2,5,"Aunt",4,2,0,0,4,0
75,"9/03/99",1,2220631,2,1,2,"Brother",1,1,1,1,0,0
76,"9/03/99",1,2220631,2,1,3,"Sister",2,0,0,0,2,0
77,"9/03/99",1,2220631,2,1,7,"Daughter",3,0,0,3,0,0
78,"9/03/99",1,2220631,2,2,2,"Brother",2,0,0,2,0,0
79,"9/03/99",1,2220631,2,2,3,"Sister",1,0,0,0,1,0
80,"9/03/99",1,2220631,2,2,7,"Daughter",3,0,0,3,0,0
264,"9/04/99",1,2220641,1,1,1,"Parents",2,0,2,2,0,0
265,"9/04/99",1,2220641,1,1,2,"Brother",1,0,1,1,0,0
266,"9/04/99",1,2220641,1,1,3,"Sister",1,0,1,1,0,0
267,"9/04/99",1,2220641,1,1,4,"Uncle",5,4,5,5,0,0
268,"9/04/99",1,2220641,1,1,5,"Aunt",3,2,1,2,1,0
269,"9/04/99",1,2220641,2,2,1,"Parents",2,1,0,2,0,1
270,"9/04/99",1,2220641,2,2,2,"Brother",1,1,0,1,0,1
271,"9/04/99",1,2220641,2,2,3,"Sister",4,1,0,4,0,1
272,"9/04/99",1,2220641,2,2,4,"Uncle",4,2,0,4,0,0
273,"9/04/99",1,2220641,2,2,5,"Aunt",5,2,0,5,0,0
81,"9/03/99",1,2220731,1,1,1,"Parents",2,2,2,2,0,0
82,"9/03/99",1,2220731,1,1,2,"Brother",4,2,4,4,0,0
83,"9/03/99",1,2220731,1,1,3,"Sister",1,0,1,1,0,0
84,"9/03/99",1,2220731,1,1,4,"Uncle",8,1,0,7,1,0
85,"9/03/99",1,2220731,1,1,5,"Aunt",2,2,0,2,0,0
86,"9/03/99",1,2220731,10,2,1,"Parents",1,1,1,1,0,0
87,"9/03/99",1,2220731,10,2,2,"Brother",4,1,4,4,0,0
88,"9/03/99",1,2220731,10,2,3,"Sister",2,2,0,2,0,0
89,"9/03/99",1,2220731,10,2,4,"Uncle",4,4,1,3,0,0
90,"9/03/99",1,2220731,10,2,5,"Aunt",2,2,0,2,0,0
91,"9/03/99",1,2220831,1,1,2,"Brother",3,3,3,3,0,0
92,"9/03/99",1,2220831,1,1,3,"Sister",2,0,0,2,0,0
93,"9/03/99",1,2220831,1,1,4,"Uncle",1,1,0,1,0,0
94,"9/03/99",1,2220831,1,1,5,"Aunt",1,1,1,1,0,0
95,"9/03/99",1,2220831,1,1,7,"Daughter",1,0,0,1,0,0
96,"9/03/99",1,2220831,2,2,1,"Parents",2,2,2,2,0,0
97,"9/03/99",1,2220831,2,2,2,"Brother",4,0,0,4,0,0
98,"9/03/99",1,2220831,2,2,3,"Sister",2,0,0,2,0,0
99,"9/03/99",1,2220831,2,2,5,"Aunt",3,0,0,3,0,0
100,"9/03/99",1,2220831,2,2,7,"Daughter",1,0,0,0,1,0
101,"9/03/99",1,2220931,1,1,1,"Parents",1,0,1,1,0,0
102,"9/03/99",1,2220931,1,1,2,"Brother",3,3,3,3,0,0
103,"9/03/99",1,2220931,1,1,3,"Sister",1,1,1,1,0,1
104,"9/03/99",1,2220931,1,1,4,"Uncle",5,4,2,5,0,2
105,"9/03/99",1,2220931,1,1,5,"Aunt",6,4,0,6,0,1
106,"9/03/99",1,2220931,2,2,1,"Parents",2,2,0,0,2,2
107,"9/03/99",1,2220931,2,2,2,"Brother",3,3,0,0,3,3
108,"9/03/99",1,2220931,2,2,3,"Sister",3,3,1,1,2,2
109,"9/03/99",1,2220931,2,2,4,"Uncle",6,4,0,0,6,3
110,"9/03/99",1,2220931,2,2,5,"Aunt",5,5,0,1,4,0
111,"9/03/99",1,2221031,1,1,2,"Brother",2,0,0,2,0,0
112,"9/03/99",1,2221031,1,1,3,"Sister",3,0,0,3,0,0
113,"9/03/99",1,2221031,1,1,5,"Aunt",5,0,2,5,0,0
114,"9/03/99",1,2221031,4,2,1,"Parents",2,1,0,2,0,0
115,"9/03/99",1,2221031,4,2,2,"Brother",3,0,3,3,0,0
116,"9/03/99",1,2221031,4,2,3,"Sister",2,0,0,2,0,0
117,"9/03/99",1,2221031,4,2,4,"Uncle",2,2,2,2,0,0
118,"9/03/99",1,2221031,4,2,5,"Aunt",3,0,2,3,0,0
119,"9/03/99",1,2221131,1,1,1,"Parents",1,0,1,1,0,0
120,"9/03/99",1,2221131,1,1,2,"Brother",1,0,1,1,0,0
121,"9/03/99",1,2221131,1,1,3,"Sister",5,2,0,4,1,0
122,"9/03/99",1,2221131,1,1,5,"Aunt",1,0,0,0,1,0
123,"9/03/99",1,2221131,1,1,7,"Daughter",2,0,1,2,0,0
124,"9/03/99",1,2221131,2,2,1,"Parents",1,0,0,1,0,0
125,"9/03/99",1,2221131,2,2,2,"Brother",5,1,0,5,0,2
126,"9/03/99",1,2221131,2,2,3,"Sister",3,0,0,2,1,0
127,"9/03/99",1,2221131,2,2,4,"Uncle",2,0,0,2,0,0
128,"9/03/99",1,2221131,2,2,7,"Daughter",2,0,1,2,0,0
129,"9/03/99",1,2221231,1,1,1,"Parents",2,2,2,2,0,0
130,"9/04/99",1,2221231,1,1,2,"Brother",4,4,4,4,0,0
131,"9/04/99",1,2221231,1,1,4,"Uncle",5,5,3,3,2,0
132,"9/04/99",1,2221231,2,2,1,"Parents",1,1,0,1,0,0
133,"9/04/99",1,2221231,2,2,2,"Brother",3,3,0,3,0,0
134,"9/04/99",1,2221231,2,2,3,"Sister",3,0,0,3,0,0
135,"9/04/99",1,2221231,2,2,4,"Uncle",6,6,0,3,3,0
136,"9/04/99",1,2221231,2,2,5,"Aunt",8,8,0,6,2,0
137,"9/04/99",1,2221331,1,1,1,"Parents",1,0,1,1,0,0
138,"9/04/99",1,2221331,1,1,2,"Brother",1,1,1,1,0,1
139,"9/04/99",1,2221331,1,1,3,"Sister",2,1,1,1,1,1
140,"9/04/99",1,2221331,1,1,7,"Daughter",1,1,0,1,0,1
141,"9/04/99",1,2221331,2,2,1,"Parents",1,0,1,1,0,1
142,"9/04/99",1,2221331,2,2,3,"Sister",2,1,2,2,0,0
143,"9/04/99",1,2221331,2,2,5,"Aunt",1,0,1,1,0,0
144,"9/04/99",1,2221331,2,2,7,"Daughter",1,1,0,1,0,1
145,"9/04/99",1,2221431,1,1,1,"Parents",2,0,2,2,0,1
146,"9/04/99",1,2221431,1,1,2,"Brother",2,2,2,2,0,1
147,"9/04/99",1,2221431,1,1,3,"Sister",1,1,0,1,0,0
148,"9/04/99",1,2221431,1,1,4,"Uncle",4,4,1,1,3,2
149,"9/04/99",1,2221431,1,1,5,"Aunt",4,4,2,2,2,0
150,"9/04/99",1,2221431,2,2,1,"Parents",2,2,0,2,0,1
151,"9/04/99",1,2221431,2,2,2,"Brother",1,1,0,1,0,1
152,"9/04/99",1,2221431,2,2,3,"Sister",3,3,0,3,0,0
153,"9/04/99",1,2221431,2,2,4,"Uncle",5,3,1,5,0,1
154,"9/04/99",1,2221431,2,2,5,"Aunt",2,1,1,2,0,0
155,"9/04/99",1,2221539,1,1,1,"Parents",1,0,0,1,0,0
156,"9/04/99",1,2221539,1,1,2,"Brother",2,0,0,2,0,0
157,"9/04/99",1,2221539,1,1,3,"Sister",1,0,0,1,0,0
158,"9/04/99",1,2221539,1,1,5,"Aunt",1,0,0,1,0,0
159,"9/04/99",1,2221539,1,2,2,"Brother",1,0,1,1,0,0
160,"9/04/99",1,2221539,1,2,3,"Sister",2,0,0,2,0,0
161,"9/04/99",1,2221639,2,1,2,"Brother",1,1,1,1,0,0
162,"9/04/99",1,2221639,2,1,3,"Sister",2,0,0,2,0,0
164,"9/04/99",1,2221639,2,1,4,"Uncle",2,2,0,2,0,0
163,"9/04/99",1,2221639,2,2,3,"Sister",1,1,0,1,0,0
165,"9/04/99",1,2221639,2,2,5,"Aunt",1,1,0,1,0,0
166,"9/04/99",1,2221739,1,1,2,"Brother",2,0,2,2,0,0
167,"9/04/99",1,2221739,1,1,3,"Sister",1,0,1,1,0,0
168,"9/04/99",1,2221739,1,1,4,"Uncle",2,0,2,2,0,0
169,"9/04/99",1,2221739,2,2,1,"Parents",1,0,0,1,0,0
170,"9/04/99",1,2221739,2,2,2,"Brother",2,0,0,2,0,0
171,"9/04/99",1,2221739,2,2,3,"Sister",1,0,0,1,0,0
172,"9/04/99",1,2221739,2,2,4,"Uncle",2,2,0,2,0,0
173,"9/04/99",1,2221839,1,1,2,"Brother",4,4,4,4,0,2
174,"9/04/99",1,2221839,1,1,3,"Sister",2,2,2,2,0,1
175,"9/04/99",1,2221839,1,1,7,"Daughter",4,2,2,2,2,4
176,"9/04/99",1,2221839,2,2,2,"Brother",4,4,0,0,4,3
177,"9/04/99",1,2221839,2,2,3,"Sister",1,1,0,0,1,1
178,"9/04/99",1,2221839,2,2,4,"Uncle",2,2,0,1,1,0
179,"9/04/99",1,2221839,2,2,7,"Daughter",4,2,2,2,2,4
180,"9/04/99",1,2221939,1,1,1,"Parents",1,0,0,0,0,0
181,"9/04/99",1,2221939,1,1,2,"Brother",5,5,5,5,0,0
182,"9/04/99",1,2221939,1,1,3,"Sister",2,0,1,2,0,0
183,"9/04/99",1,2221939,1,1,4,"Uncle",4,4,4,4,0,0
184,"9/04/99",1,2222039,1,1,1,"Parents",2,2,0,2,0,0
185,"9/04/99",1,2222039,1,1,2,"Brother",4,0,4,4,0,0
186,"9/04/99",1,2222039,1,1,3,"Sister",2,0,2,2,0,0
187,"9/04/99",1,2222039,1,1,4,"Uncle",4,0,4,4,0,0
188,"9/04/99",1,2222039,1,1,5,"Aunt",2,0,0,1,1,0
189,"9/04/99",1,2222039,2,2,1,"Parents",2,1,2,2,0,0
190,"9/04/99",1,2222039,2,2,2,"Brother",4,0,4,4,0,0
191,"9/04/99",1,2222039,2,2,3,"Sister",2,0,0,2,0,0
192,"9/04/99",1,2222039,2,2,5,"Aunt",1,0,0,1,0,0
193,"9/04/99",1,2222139,1,1,1,"Parents",2,1,0,2,0,0
194,"9/04/99",1,2222139,1,1,2,"Brother",3,0,0,3,0,0
195,"9/04/99",1,2222139,1,1,3,"Sister",1,0,0,1,0,0
196,"9/04/99",1,2222139,1,1,4,"Uncle",2,2,0,2,0,0
197,"9/04/99",1,2222139,1,1,5,"Aunt",1,0,0,1,0,0
198,"9/04/99",1,2222139,1,2,2,"Brother",2,0,2,2,0,0
199,"9/04/99",1,2222139,1,2,3,"Sister",1,0,0,0,1,0
200,"9/04/99",1,2222239,1,1,1,"Parents",1,0,1,1,0,0
201,"9/04/99",1,2222239,1,1,2,"Brother",2,0,2,2,0,0
202,"9/04/99",1,2222239,1,1,3,"Sister",1,0,0,1,0,0
203,"9/04/99",1,2222239,2,2,1,"Parents",2,2,0,2,0,0
204,"9/04/99",1,2222239,2,2,2,"Brother",3,0,0,3,0,0
205,"9/04/99",1,2222239,2,2,3,"Sister",1,0,0,1,0,0
206,"9/04/99",1,2222239,2,2,4,"Uncle",2,2,0,2,0,0
207,"9/04/99",1,2222239,2,2,5,"Aunt",1,0,0,1,0,0
208,"9/04/99",1,2222339,2,1,1,"Parents",1,1,1,1,0,0
209,"9/04/99",1,2222339,2,1,2,"Brother",3,0,3,3,0,0
210,"9/04/99",1,2222339,2,1,3,"Sister",2,0,0,2,0,0
211,"9/04/99",1,2222339,2,1,4,"Uncle",1,1,1,1,0,0
212,"9/04/99",1,2222339,2,2,1,"Parents",2,2,0,2,0,0
213,"9/04/99",1,2222339,2,2,2,"Brother",4,0,0,4,0,0
214,"9/04/99",1,2222339,2,2,3,"Sister",1,0,0,1,0,0
215,"9/04/99",1,2222339,2,2,4,"Uncle",2,2,0,2,0,0
216,"9/04/99",1,2222339,2,2,5,"Aunt",1,1,0,1,0,0
217,"9/04/99",1,2222439,2,1,1,"Parents",1,1,1,1,0,0
218,"9/04/99",1,2222439,2,1,2,"Brother",3,3,3,3,0,0
219,"9/04/99",1,2222439,2,1,3,"Sister",2,2,0,2,0,0
220,"9/04/99",1,2222439,2,1,4,"Uncle",3,3,0,3,0,0
221,"9/04/99",1,2222439,2,1,5,"Aunt",4,3,0,4,0,0
222,"9/04/99",1,2222439,2,2,1,"Parents",2,2,0,2,0,0
223,"9/04/99",1,2222439,2,2,2,"Brother",4,0,0,4,0,0
224,"9/04/99",1,2222439,2,2,3,"Sister",1,0,0,1,0,0
225,"9/04/99",1,2222439,2,2,4,"Uncle",2,2,0,2,0,0
226,"9/04/99",1,2222439,2,2,5,"Aunt",6,6,0,6,0,0
1099,"6/17/99",1,2230131,1,1,1,"Parents",1,0,1,1,0,0
1100,"6/22/99",1,2230131,1,1,2,"Brother",3,0,2,2,1,0
1101,"6/22/99",1,2230131,1,1,3,"Sister",3,0,1,1,2,0
1102,"6/22/99",1,2230131,1,1,4,"Uncle",2,2,1,2,0,0
1103,"6/22/99",1,2230131,1,1,5,"Aunt",2,2,0,2,0,0
1104,"6/22/99",1,2230131,1,1,6,"Son",1,0,1,0,0,0
1105,"6/22/99",1,2230131,2,2,1,"Parents",1,1,0,1,0,0
1106,"6/22/99",1,2230131,2,2,2,"Brother",2,2,0,2,0,0
1107,"6/22/99",1,2230131,2,2,3,"Sister",5,0,0,1,4,0
1108,"6/22/99",1,2230131,2,2,4,"Uncle",2,2,1,2,0,0
1109,"6/22/99",1,2230131,2,2,5,"Aunt",2,2,1,1,1,0
1110,"6/22/99",1,2230131,2,2,6,"Son",1,0,1,0,0,0
1111,"6/22/99",1,2230132,1,1,1,"Parents",2,0,2,2,0,0
1112,"6/22/99",1,2230132,1,1,2,"Brother",2,0,2,2,0,0
1113,"6/22/99",1,2230132,1,1,4,"Uncle",5,2,3,5,0,0
1114,"6/22/99",1,2230132,1,1,5,"Aunt",9,0,2,4,5,0
1115,"6/22/99",1,2230132,2,2,1,"Parents",2,2,1,1,1,0
1116,"6/22/99",1,2230132,2,2,2,"Brother",3,3,3,3,0,0
1117,"6/22/99",1,2230132,2,2,4,"Uncle",3,3,0,0,3,0
1118,"6/22/99",1,2230132,2,2,5,"Aunt",2,2,0,1,1,0
1364,"6/22/99",1,2230141,1,1,1,"Parents",1,0,1,0,0,0
1365,"6/22/99",1,2230141,1,1,2,"Brother",2,0,2,0,0,0
1366,"6/22/99",1,2230141,1,1,3,"Sister",1,0,1,0,0,0
1367,"6/22/99",1,2230141,1,1,4,"Uncle",1,1,1,0,0,0
1368,"6/22/99",1,2230141,1,1,5,"Aunt",2,2,1,1,0,0
1369,"6/22/99",1,2230141,2,2,2,"Brother",1,0,0,1,0,0
1370,"6/22/99",1,2230141,2,2,4,"Uncle",3,3,0,3,0,0
1371,"6/22/99",1,2230141,2,2,5,"Aunt",4,4,0,4,0,0
1414,"6/22/99",1,2230151,1,1,2,"Brother",2,2,2,0,0,0
1415,"6/22/99",1,2230151,1,1,3,"Sister",3,3,0,0,0,0
1416,"6/22/99",1,2230151,1,1,4,"Uncle",1,1,0,0,0,0
1417,"6/22/99",1,2230151,1,1,5,"Aunt",2,2,0,0,0,0
1418,"6/22/99",1,2230151,2,2,1,"Parents",2,2,2,0,0,0
1419,"6/22/99",1,2230151,2,2,2,"Brother",5,5,5,0,0,0
1420,"6/22/99",1,2230151,2,2,3,"Sister",3,3,3,0,0,0
1421,"6/22/99",1,2230151,2,2,4,"Uncle",2,2,2,0,0,0
1422,"6/22/99",1,2230151,2,2,5,"Aunt",1,1,0,0,0,0
1119,"6/22/99",1,2230231,1,1,2,"Brother",3,0,2,2,1,0
1120,"6/22/99",1,2230231,1,1,4,"Uncle",2,0,1,2,0,0
1121,"6/22/99",1,2230231,1,1,6,"Son",1,0,1,0,0,0
1122,"6/22/99",1,2230231,2,2,1,"Parents",1,0,0,1,0,0
1123,"6/22/99",1,2230231,2,2,3,"Sister",2,2,0,1,1,0
1124,"6/22/99",1,2230231,2,2,5,"Aunt",1,0,0,0,1,0
1125,"6/22/99",1,2230231,2,2,6,"Son",1,0,1,0,0,0
1126,"6/22/99",1,2230232,1,1,1,"Parents",2,0,2,2,0,0
1127,"6/22/99",1,2230232,1,1,2,"Brother",2,0,2,2,0,0
1128,"6/22/99",1,2230232,1,1,4,"Uncle",6,6,2,4,2,0
1129,"6/22/99",1,2230232,1,1,5,"Aunt",2,2,0,2,0,0
1130,"6/22/99",1,2230232,2,2,1,"Parents",2,2,0,2,0,2
1131,"6/22/99",1,2230232,2,2,2,"Brother",2,0,0,2,0,0
1132,"6/22/99",1,2230232,2,2,4,"Uncle",5,0,0,5,0,0
1133,"6/22/99",1,2230232,2,2,5,"Aunt",4,0,0,4,0,0
1372,"6/22/99",1,2230241,1,1,1,"Parents",1,0,1,1,0,0
1373,"6/22/99",1,2230241,1,1,2,"Brother",1,0,1,1,0,0
1374,"6/22/99",1,2230241,1,1,3,"Sister",5,0,1,0,2,0
1375,"6/22/99",1,2230241,1,1,5,"Aunt",3,3,1,2,0,0
1376,"6/22/99",1,2230241,2,2,1,"Parents",2,0,2,0,0,0
1377,"6/22/99",1,2230241,2,2,2,"Brother",1,0,1,0,0,0
1378,"6/22/99",1,2230241,2,2,3,"Sister",1,0,1,0,0,0
1379,"6/22/99",1,2230241,2,2,4,"Uncle",2,2,2,0,0,0
1380,"6/22/99",1,2230241,2,2,5,"Aunt",4,2,4,0,0,0
1423,"6/22/99",1,2230251,1,1,1,"Parents",1,1,1,0,0,0
1424,"6/22/99",1,2230251,1,1,2,"Brother",6,6,6,0,0,0
1425,"6/22/99",1,2230251,1,1,3,"Sister",1,1,0,1,0,0
1426,"6/22/99",1,2230251,1,1,5,"Aunt",1,1,0,1,0,0
1427,"6/22/99",1,2230251,2,2,2,"Brother",2,2,2,0,0,0
1428,"6/22/99",1,2230251,2,2,5,"Aunt",1,1,0,0,1,0
1134,"6/22/99",1,2230331,1,1,1,"Parents",1,0,0,0,1,0
1135,"6/22/99",1,2230331,1,1,2,"Brother",3,0,0,0,3,0
1136,"6/22/99",1,2230331,1,1,3,"Sister",1,0,0,0,1,0
1137,"6/22/99",1,2230331,1,1,4,"Uncle",3,0,0,0,3,0
1138,"6/22/99",1,2230331,1,1,5,"Aunt",4,0,0,0,4,0
1139,"6/22/99",1,2230331,1,1,7,"Daughter",1,0,1,0,0,0
1140,"6/22/99",1,2230331,2,2,1,"Parents",2,0,2,0,0,0
1141,"6/22/99",1,2230331,2,2,2,"Brother",3,0,3,0,0,0
1142,"6/22/99",1,2230331,2,2,3,"Sister",3,0,3,0,0,0
1143,"6/22/99",1,2230331,2,2,4,"Uncle",1,1,0,1,0,0
1144,"6/22/99",1,2230331,2,2,5,"Aunt",7,1,0,7,0,0
1145,"6/22/99",1,2230331,2,2,7,"Daughter",1,0,1,0,0,0
1381,"6/22/99",1,2230341,1,1,1,"Parents",1,0,1,0,0,0
1382,"6/22/99",1,2230341,1,1,2,"Brother",4,0,3,1,0,0
1383,"6/22/99",1,2230341,1,1,3,"Sister",2,0,2,0,0,0
1384,"6/22/99",1,2230341,1,1,5,"Aunt",2,2,0,2,0,0
1385,"6/22/99",1,2230341,2,2,1,"Parents",2,0,0,2,0,0
1386,"6/22/99",1,2230341,2,2,2,"Brother",4,0,0,4,0,0
1387,"6/22/99",1,2230341,2,2,3,"Sister",5,0,0,5,0,0
1388,"6/22/99",1,2230341,2,2,4,"Uncle",2,0,0,2,0,0
1389,"6/22/99",1,2230341,2,2,5,"Aunt",4,0,0,4,0,0
1429,"6/22/99",1,2230351,1,1,2,"Brother",1,1,1,0,0,0
1430,"6/22/99",1,2230351,1,1,3,"Sister",5,5,1,4,0,0
1431,"6/22/99",1,2230351,1,1,4,"Uncle",5,2,2,3,0,0
1432,"6/22/99",1,2230351,1,1,5,"Aunt",5,3,0,1,2,0
1433,"6/22/99",1,2230351,1,1,7,"Daughter",1,1,1,0,0,0
1434,"6/22/99",1,2230351,2,2,1,"Parents",2,2,0,2,0,0
1435,"6/22/99",1,2230351,2,2,2,"Brother",4,4,0,4,0,0
1436,"6/22/99",1,2230351,2,2,3,"Sister",3,0,0,3,0,0
1437,"6/22/99",1,2230351,2,2,4,"Uncle",2,2,0,2,0,0
1438,"6/22/99",1,2230351,2,2,5,"Aunt",3,3,0,3,0,0
1439,"6/22/99",1,2230351,2,2,7,"Daughter",1,1,1,0,0,0
1146,"6/22/99",1,2230431,1,1,2,"Brother",2,0,2,0,0,0
1147,"6/22/99",1,2230431,1,1,3,"Sister",3,0,0,1,2,0
1148,"6/22/99",1,2230431,1,1,4,"Uncle",4,0,3,1,0,0
1149,"6/22/99",1,2230431,1,1,5,"Aunt",4,0,1,1,2,0
1150,"6/22/99",1,2230431,2,2,1,"Parents",2,0,0,1,1,0
1151,"6/22/99",1,2230431,2,2,2,"Brother",1,0,0,1,0,0
1152,"6/22/99",1,2230431,2,2,4,"Uncle",4,0,0,3,1,0
1153,"6/22/99",1,2230431,2,2,5,"Aunt",3,0,0,0,3,0
1154,"6/22/99",1,2230432,1,1,1,"Parents",2,1,1,1,1,0
1155,"6/22/99",1,2230432,1,1,2,"Brother",5,3,1,1,4,0
1156,"6/22/99",1,2230432,1,1,3,"Sister",2,2,1,1,1,0
1157,"6/22/99",1,2230432,1,1,4,"Uncle",4,4,3,4,0,0
1158,"6/22/99",1,2230432,1,1,5,"Aunt",6,5,0,1,5,0
1159,"6/22/99",1,2230432,2,2,1,"Parents",2,2,0,0,2,0
1160,"6/22/99",1,2230432,2,2,2,"Brother",1,0,0,0,1,0
1161,"6/22/99",1,2230432,2,2,4,"Uncle",6,6,0,4,2,0
1162,"6/22/99",1,2230432,2,2,5,"Aunt",4,4,0,1,3,0
1390,"6/22/99",1,2230441,1,1,1,"Parents",1,0,1,0,0,0
1391,"6/22/99",1,2230441,1,1,3,"Sister",1,0,1,0,0,0
1392,"6/22/99",1,2230441,2,2,1,"Parents",1,1,1,0,0,0
1393,"6/22/99",1,2230441,2,2,2,"Brother",3,3,3,0,0,0
1394,"6/22/99",1,2230441,2,2,3,"Sister",3,1,2,0,0,0
1395,"6/22/99",1,2230441,2,2,4,"Uncle",8,8,3,5,0,0
1396,"6/22/99",1,2230441,2,2,5,"Aunt",6,6,0,5,1,0
1440,"6/22/99",1,2230459,1,1,2,"Brother",2,2,2,0,0,0
1441,"6/22/99",1,2230459,1,1,3,"Sister",1,1,0,1,0,0
1442,"6/22/99",1,2230459,1,1,5,"Aunt",4,4,1,3,0,0
1443,"6/22/99",1,2230459,1,1,7,"Daughter",4,4,2,0,2,0
1444,"6/22/99",1,2230459,2,2,1,"Parents",1,1,0,1,0,0
1445,"6/22/99",1,2230459,2,2,2,"Brother",4,4,0,4,0,0
1446,"6/22/99",1,2230459,2,2,3,"Sister",1,1,0,1,0,0
1447,"6/22/99",1,2230459,2,2,7,"Daughter",4,4,2,0,2,0
1163,"6/22/99",1,2230531,1,1,2,"Brother",2,2,2,0,0,0
1164,"6/22/99",1,2230531,1,1,3,"Sister",2,2,1,1,0,0
1165,"6/22/99",1,2230531,1,1,7,"Daughter",1,1,1,0,0,0
1166,"6/22/99",1,2230531,2,2,2,"Brother",1,1,0,1,0,0
1167,"6/22/99",1,2230531,2,2,3,"Sister",3,0,1,1,1,0
1168,"6/22/99",1,2230531,2,2,7,"Daughter",1,1,1,0,0,0
1397,"6/22/99",1,2230541,1,1,2,"Brother",2,2,2,0,0,0
1398,"6/22/99",1,2230541,1,1,3,"Sister",2,2,1,0,1,0
1399,"6/22/99",1,2230541,1,1,4,"Uncle",3,3,3,0,0,0
1400,"6/22/99",1,2230541,1,1,7,"Daughter",7,7,1,6,0,0
1401,"6/22/99",1,2230541,2,2,1,"Parents",1,0,0,0,0,0
1402,"6/22/99",1,2230541,2,2,2,"Brother",5,1,0,5,0,0
1403,"6/22/99",1,2230541,2,2,3,"Sister",4,4,0,4,0,0
1404,"6/22/99",1,2230541,2,2,7,"Daughter",7,7,1,6,0,0
1169,"6/22/99",1,2230631,1,1,1,"Parents",1,1,1,0,0,0
1170,"6/22/99",1,2230631,1,1,2,"Brother",3,0,3,0,0,0
1171,"6/22/99",1,2230631,1,1,3,"Sister",3,0,2,0,1,0
1172,"6/22/99",1,2230631,1,1,4,"Uncle",2,2,2,0,0,0
1173,"6/22/99",1,2230631,1,1,5,"Aunt",6,4,3,3,0,0
1174,"6/22/99",1,2230631,2,2,1,"Parents",2,0,0,0,2,0
1175,"6/22/99",1,2230631,2,2,2,"Brother",1,0,0,0,1,0
1176,"6/22/99",1,2230631,2,2,3,"Sister",4,2,0,2,2,0
1177,"6/22/99",1,2230631,2,2,4,"Uncle",1,1,0,0,1,0
1178,"6/22/99",1,2230631,2,2,5,"Aunt",3,1,0,0,3,0
1405,"6/22/99",1,2230641,1,1,1,"Parents",1,0,1,0,0,0
1406,"6/22/99",1,2230641,1,1,3,"Sister",5,5,1,2,2,0
1407,"6/22/99",1,2230641,1,1,4,"Uncle",1,1,0,1,0,0
1408,"6/22/99",1,2230641,1,1,5,"Aunt",5,5,1,4,0,0
1409,"6/22/99",1,2230641,2,2,1,"Parents",1,1,0,1,0,0
1410,"6/22/99",1,2230641,2,2,2,"Brother",5,5,0,5,0,0
1411,"6/22/99",1,2230641,2,2,3,"Sister",4,4,0,1,3,0
1412,"6/22/99",1,2230641,2,2,4,"Uncle",1,1,0,1,0,0
1413,"6/22/99",1,2230641,2,2,5,"Aunt",1,1,0,1,0,0
1179,"6/22/99",1,2230731,1,1,2,"Brother",2,0,2,2,0,0
1180,"6/22/99",1,2230731,1,1,3,"Sister",1,1,1,1,0,0
1181,"6/22/99",1,2230731,1,1,4,"Uncle",2,2,2,2,0,0
1182,"6/22/99",1,2230731,1,1,5,"Aunt",3,3,2,2,1,0
1183,"6/22/99",1,2230731,2,2,2,"Brother",3,3,0,3,0,0
1184,"6/22/99",1,2230731,2,2,3,"Sister",2,2,0,0,2,0
1185,"6/22/99",1,2230831,1,1,1,"Parents",1,1,1,0,0,0
1186,"6/22/99",1,2230831,1,1,2,"Brother",5,5,5,0,0,0
1187,"6/22/99",1,2230831,1,1,3,"Sister",2,2,2,0,0,0
1188,"6/22/99",1,2230831,1,1,4,"Uncle",5,5,5,0,0,0
1189,"6/22/99",1,2230831,1,1,5,"Aunt",10,0,1,9,0,1
1190,"6/22/99",1,2230831,2,2,1,"Parents",2,2,0,2,0,0
1191,"6/22/99",1,2230831,2,2,2,"Brother",2,2,0,2,0,0
1192,"6/22/99",1,2230831,2,2,3,"Sister",3,3,2,0,1,0
1193,"6/22/99",1,2230831,2,2,4,"Uncle",9,9,0,9,0,0
1194,"6/22/99",1,2230831,2,2,5,"Aunt",3,3,0,3,0,0
1195,"6/22/99",1,2230931,1,1,1,"Parents",1,0,1,1,0,0
1196,"6/22/99",1,2230931,1,1,3,"Sister",4,3,0,2,2,0
1197,"6/22/99",1,2230931,1,1,4,"Uncle",4,2,1,1,3,0
1198,"6/22/99",1,2230931,1,1,5,"Aunt",1,1,0,0,1,0
1199,"6/22/99",1,2230931,2,2,1,"Parents",1,0,0,1,0,0
1200,"6/22/99",1,2230931,2,2,2,"Brother",4,0,0,4,0,0
1201,"6/22/99",1,2230931,2,2,3,"Sister",3,0,1,2,0,0
1202,"6/22/99",1,2230931,2,2,4,"Uncle",1,1,0,0,1,0
1204,"6/22/99",1,2231031,1,2,3,"Sister",2,0,0,2,0,0
1205,"6/22/99",1,2231031,1,2,4,"Uncle",3,0,2,1,0,0
1206,"6/22/99",1,2231031,1,2,5,"Aunt",2,0,0,2,0,0
1207,"6/22/99",1,2231031,2,2,2,"Brother",3,0,0,3,0,0
1216,"6/22/99",1,2231131,2,1,2,"Brother",2,2,0,1,1,0
1217,"6/22/99",1,2231131,2,1,3,"Sister",2,2,0,1,1,0
1218,"6/22/99",1,2231131,2,1,4,"Uncle",2,2,0,2,0,0
1219,"6/22/99",1,2231131,2,1,6,"Son",1,0,1,0,0,0
1220,"6/22/99",1,2231131,2,1,7,"Daughter",1,0,1,0,0,0
1210,"6/22/99",1,2231131,2,2,1,"Parents",1,1,1,0,0,0
1211,"6/22/99",1,2231131,2,2,2,"Brother",2,2,2,0,0,0
1212,"6/22/99",1,2231131,2,2,3,"Sister",5,5,2,3,0,0
1213,"6/22/99",1,2231131,2,2,5,"Aunt",2,2,0,2,0,0
1214,"6/22/99",1,2231131,2,2,6,"Son",1,0,1,0,0,0
1215,"6/22/99",1,2231131,2,2,7,"Daughter",1,0,1,0,0,0
1221,"6/22/99",1,2231132,1,1,1,"Parents",1,1,1,0,0,0
1222,"6/22/99",1,2231132,1,1,2,"Brother",1,1,1,0,0,0
1223,"6/22/99",1,2231132,1,1,3,"Sister",2,0,1,0,0,0
1224,"6/22/99",1,2231132,1,1,4,"Uncle",4,4,2,0,2,0
1225,"6/22/99",1,2231132,1,1,5,"Aunt",7,7,2,3,2,0
1226,"6/22/99",1,2231132,2,2,1,"Parents",1,1,0,1,0,0
1227,"6/22/99",1,2231132,2,2,2,"Brother",3,3,0,3,0,0
1228,"6/22/99",1,2231132,2,2,3,"Sister",2,2,0,2,0,0
1229,"6/22/99",1,2231132,2,2,4,"Uncle",3,3,0,3,0,0
1230,"6/22/99",1,2231132,2,2,5,"Aunt",2,2,0,2,0,0
1231,"6/22/99",1,2231231,1,1,1,"Parents",1,1,1,0,0,0
1232,"6/22/99",1,2231231,1,1,2,"Brother",2,2,2,0,0,0
1233,"6/22/99",1,2231231,1,1,3,"Sister",5,4,0,5,0,0
1234,"6/22/99",1,2231231,1,1,4,"Uncle",10,10,5,0,5,0
1235,"6/22/99",1,2231231,1,1,5,"Aunt",6,6,0,5,1,0
1236,"6/22/99",1,2231231,2,2,1,"Parents",1,1,0,1,0,0
1237,"6/22/99",1,2231231,2,2,2,"Brother",3,3,0,3,0,0
1238,"6/22/99",1,2231231,2,2,4,"Uncle",1,1,0,1,0,0
1239,"6/22/99",1,2231231,2,2,6,"Son",4,0,4,0,0,0
1240,"6/22/99",1,2231231,2,2,7,"Daughter",1,0,1,0,0,0
1241,"6/22/99",1,2231331,1,1,2,"Brother",2,2,2,0,0,0
1242,"6/22/99",1,2231331,1,1,3,"Sister",1,1,0,1,0,0
1243,"6/22/99",1,2231331,1,1,5,"Aunt",4,4,1,3,0,0
1244,"6/22/99",1,2231331,2,2,1,"Parents",1,1,0,1,0,0
1245,"6/22/99",1,2231331,2,2,2,"Brother",2,2,0,2,0,0
1246,"6/22/99",1,2231331,2,2,3,"Sister",2,2,0,2,0,0
1247,"6/22/99",1,2231431,1,1,2,"Brother",1,1,1,0,0,0
1248,"6/22/99",1,2231431,1,1,3,"Sister",1,1,0,1,0,0
1249,"6/22/99",1,2231431,1,1,6,"Son",4,4,4,0,0,0
1250,"6/22/99",1,2231431,1,1,7,"Daughter",3,3,0,2,1,0
1251,"6/22/99",1,2231431,2,2,1,"Parents",1,1,0,1,0,0
1252,"6/22/99",1,2231431,2,2,2,"Brother",5,5,0,5,0,0
1253,"6/22/99",1,2231431,2,2,3,"Sister",3,3,0,3,0,0
1254,"6/22/99",1,2231431,2,2,4,"Uncle",1,1,0,1,0,0
1255,"6/22/99",1,2231431,2,2,6,"Son",4,4,4,0,0,0
1256,"6/22/99",1,2231431,2,2,7,"Daughter",3,3,0,2,1,0
1259,"6/22/99",1,2231432,1,2,3,"Sister",3,0,0,2,1,0
1262,"6/22/99",1,2231432,2,2,1,"Parents",2,2,2,0,0,2
1263,"6/22/99",1,2231432,2,2,2,"Brother",2,2,2,0,0,2
1265,"6/22/99",1,2231432,2,2,4,"Uncle",6,6,1,5,0,0
1266,"6/22/99",1,2231432,2,2,5,"Aunt",4,4,0,4,0,0
1267,"6/22/99",1,2231433,2,1,1,"Parents",1,1,1,0,0,0
1268,"6/22/99",1,2231433,2,1,2,"Brother",3,0,3,0,0,0
1269,"6/22/99",1,2231433,2,1,3,"Sister",3,0,0,2,1,0
1270,"6/22/99",1,2231433,2,1,4,"Uncle",5,5,1,4,0,0
1271,"6/22/99",1,2231433,2,1,5,"Aunt",1,1,0,1,0,0
1272,"6/22/99",1,2231433,2,2,1,"Parents",2,2,0,2,0,2
1273,"6/22/99",1,2231433,2,2,2,"Brother",1,1,0,1,0,0
1274,"6/22/99",1,2231433,2,2,3,"Sister",1,0,0,1,0,0
1275,"6/22/99",1,2231433,2,2,4,"Uncle",2,2,0,2,0,0
1276,"6/22/99",1,2231433,2,2,5,"Aunt",6,6,0,6,0,0
1277,"6/22/99",1,2231539,2,1,1,"Parents",1,1,1,0,0,0
1278,"6/22/99",1,2231539,2,1,2,"Brother",2,2,2,0,0,0
1279,"6/22/99",1,2231539,2,1,3,"Sister",1,1,1,0,0,0
1280,"6/22/99",1,2231539,2,1,4,"Uncle",4,4,4,0,0,0
1281,"6/22/99",1,2231539,2,1,5,"Aunt",2,2,2,0,0,0
1282,"6/22/99",1,2231539,2,2,1,"Parents",1,1,0,0,1,0
1283,"6/22/99",1,2231539,2,2,2,"Brother",10,10,0,0,10,0
1284,"6/22/99",1,2231539,2,2,3,"Sister",6,6,0,0,6,0
1285,"6/22/99",1,2231539,2,2,4,"Uncle",2,2,0,0,2,0
1286,"6/22/99",1,2231539,2,2,5,"Aunt",5,0,0,0,5,0
1287,"6/22/99",1,2231639,1,1,1,"Parents",2,2,2,2,0,0
1288,"6/22/99",1,2231639,1,1,2,"Brother",4,4,4,4,0,0
1289,"6/22/99",1,2231639,1,1,7,"Daughter",1,0,0,1,0,0
1290,"6/22/99",1,2231639,2,2,1,"Parents",1,1,0,1,0,0
1291,"6/22/99",1,2231639,2,2,2,"Brother",9,0,0,9,0,0
1292,"6/22/99",1,2231639,2,2,3,"Sister",5,0,0,5,0,0
1293,"6/22/99",1,2231639,2,2,4,"Uncle",8,8,0,8,0,0
1294,"6/22/99",1,2231639,2,2,5,"Aunt",7,7,0,7,0,0
1295,"6/22/99",1,2231639,2,2,7,"Daughter",1,0,0,1,0,0
1296,"6/22/99",1,2231739,1,1,2,"Brother",3,3,3,0,0,0
1297,"6/22/99",1,2231739,1,1,3,"Sister",2,2,0,2,0,0
1298,"6/22/99",1,2231739,1,1,4,"Uncle",3,2,2,1,0,0
1299,"6/22/99",1,2231739,1,1,5,"Aunt",2,2,0,2,0,0
1300,"6/22/99",1,2231739,2,2,1,"Parents",1,1,0,1,0,0
1301,"6/22/99",1,2231739,2,2,2,"Brother",2,2,0,2,0,0
1302,"6/22/99",1,2231739,2,2,3,"Sister",4,4,0,4,0,0
1303,"6/22/99",1,2231739,2,2,4,"Uncle",6,6,0,6,0,0
1304,"6/22/99",1,2231739,2,2,5,"Aunt",5,5,0,5,0,0
1305,"6/22/99",1,2231839,1,1,1,"Parents",2,2,2,0,0,0
1306,"6/22/99",1,2231839,1,1,2,"Brother",4,0,4,0,0,0
1307,"6/22/99",1,2231839,1,1,3,"Sister",1,0,1,0,0,0
1308,"6/22/99",1,2231839,1,1,4,"Uncle",1,1,1,0,0,0
1309,"6/22/99",1,2231839,1,1,5,"Aunt",1,1,0,1,0,0
1310,"6/22/99",1,2231839,2,2,1,"Parents",2,2,0,2,0,0
1311,"6/22/99",1,2231839,2,2,2,"Brother",3,3,0,3,0,0
1312,"6/22/99",1,2231839,2,2,3,"Sister",3,3,0,3,0,0
1313,"6/22/99",1,2231839,2,2,4,"Uncle",6,6,0,6,0,0
1314,"6/22/99",1,2231839,2,2,5,"Aunt",2,2,0,2,0,0
1315,"6/22/99",1,2231939,1,1,1,"Parents",1,1,1,1,0,0
1316,"6/22/99",1,2231939,1,1,2,"Brother",1,1,1,1,0,0
1317,"6/22/99",1,2231939,1,1,3,"Sister",3,3,0,3,0,0
1318,"6/22/99",1,2231939,1,1,4,"Uncle",5,5,5,5,0,0
1319,"6/22/99",1,2231939,2,2,1,"Parents",1,1,0,0,1,1
1320,"6/22/99",1,2231939,2,2,2,"Brother",3,3,0,0,3,3
1321,"6/22/99",1,2231939,2,2,3,"Sister",2,2,0,2,0,0
1322,"6/22/99",1,2232039,1,1,1,"Parents",2,2,2,0,0,0
1323,"6/22/99",1,2232039,1,1,2,"Brother",2,2,2,0,0,0
1324,"6/22/99",1,2232039,1,1,3,"Sister",4,4,0,0,0,0
1325,"6/22/99",1,2232039,1,1,4,"Uncle",4,4,4,0,0,0
1326,"6/22/99",1,2232039,1,1,5,"Aunt",1,1,0,0,1,0
1327,"6/22/99",1,2232039,2,2,1,"Parents",1,1,1,0,0,0
1328,"6/22/99",1,2232039,2,2,2,"Brother",2,2,2,0,0,0
1329,"6/22/99",1,2232039,2,2,3,"Sister",3,3,1,0,0,0
1330,"6/22/99",1,2232039,2,2,4,"Uncle",4,4,4,0,0,0
1331,"6/22/99",1,2232039,2,2,5,"Aunt",1,1,0,0,1,0
1332,"6/22/99",1,2232139,1,1,1,"Parents",1,1,1,0,0,0
1333,"6/22/99",1,2232139,1,1,2,"Brother",5,5,5,0,0,0
1334,"6/22/99",1,2232139,1,1,3,"Sister",3,3,0,3,0,0
1335,"6/22/99",1,2232139,1,1,4,"Uncle",4,4,0,4,0,0
1336,"6/22/99",1,2232139,1,1,5,"Aunt",3,3,0,3,0,0
1337,"6/22/99",1,2232139,2,2,1,"Parents",2,2,0,2,0,0
1338,"6/22/99",1,2232139,2,2,2,"Brother",2,2,0,2,0,0
1339,"6/22/99",1,2232139,2,2,4,"Uncle",6,6,0,6,0,0
1340,"6/22/99",1,2232139,2,2,5,"Aunt",5,5,0,5,0,0
1341,"6/22/99",1,2232239,1,1,1,"Parents",1,1,1,0,0,0
1342,"6/22/99",1,2232239,1,1,2,"Brother",1,1,1,0,0,0
1343,"6/22/99",1,2232239,1,1,3,"Sister",6,6,6,0,0,0
1344,"6/22/99",1,2232239,1,1,5,"Aunt",2,2,0,2,0,0
1345,"6/22/99",1,2232239,1,1,6,"Son",2,0,2,0,0,0
1346,"6/22/99",1,2232239,1,1,7,"Daughter",1,0,1,0,0,0
1347,"6/22/99",1,2232239,2,2,1,"Parents",2,2,0,2,0,0
1348,"6/22/99",1,2232239,2,2,2,"Brother",3,3,0,3,0,0
1349,"6/22/99",1,2232239,2,2,3,"Sister",3,3,0,3,0,0
1350,"6/22/99",1,2232239,2,2,4,"Uncle",1,1,0,1,0,0
1351,"6/22/99",1,2232239,2,2,5,"Aunt",3,3,0,3,0,0
1352,"6/22/99",1,2232239,2,2,6,"Son",2,0,2,0,0,0
1353,"6/22/99",1,2232239,2,2,7,"Daughter",1,0,1,0,0,0
1354,"6/22/99",1,2232339,1,1,2,"Brother",1,1,1,0,0,0
1355,"6/22/99",1,2232339,1,1,3,"Sister",1,1,0,1,0,0
1356,"6/22/99",1,2232339,1,1,6,"Son",3,0,3,0,0,0
1357,"6/22/99",1,2232339,1,1,7,"Daughter",1,0,1,0,0,0
1358,"6/22/99",1,2232339,2,2,1,"Parents",1,1,0,1,0,0
1359,"6/22/99",1,2232339,2,2,2,"Brother",2,2,0,2,0,0
1360,"6/22/99",1,2232339,2,2,4,"Uncle",2,2,0,2,0,0
1361,"6/22/99",1,2232339,2,2,5,"Aunt",4,4,0,4,0,0
1362,"6/22/99",1,2232339,2,2,6,"Son",3,0,3,0,0,0
1363,"6/22/99",1,2232339,2,2,7,"Daughter",1,0,1,0,0,0
149,"6/14/99",1,2310131,2,1,6,"Son",3,0,3,0,0,0
150,"6/14/99",1,2310131,2,1,7,"Daughter",2,0,1,1,0,0
151,"6/14/99",1,2310131,2,2,2,"Brother",2,0,0,0,2,0
152,"6/14/99",1,2310131,2,2,3,"Sister",1,0,0,0,1,0
153,"6/14/99",1,2310131,2,2,4,"Uncle",3,0,0,0,3,0
154,"6/14/99",1,2310131,2,2,6,"Son",3,0,3,0,0,0
155,"6/14/99",1,2310131,2,2,7,"Daughter",2,0,1,1,0,0
307,"6/21/99",1,2310141,2,1,1,"Parents",2,0,2,0,0,0
308,"6/21/99",1,2310141,2,1,2,"Brother",3,0,2,0,1,0
309,"6/21/99",1,2310141,2,1,3,"Sister",1,0,1,0,0,0
310,"6/21/99",1,2310141,2,1,5,"Aunt",1,0,0,1,0,0
311,"6/21/99",1,2310141,2,2,1,"Parents",2,0,0,2,0,0
312,"6/21/99",1,2310141,2,2,2,"Brother",3,0,0,3,0,0
313,"6/21/99",1,2310141,2,2,3,"Sister",2,0,0,2,0,0
314,"6/21/99",1,2310141,2,2,4,"Uncle",2,0,0,1,1,0
315,"6/21/99",1,2310141,2,2,5,"Aunt",2,0,0,2,0,0
342,"6/21/99",1,2310151,5,1,3,"Sister",6,0,2,0,4,0
343,"6/21/99",1,2310151,5,1,4,"Uncle",3,0,0,1,2,0
344,"6/21/99",1,2310151,5,1,5,"Aunt",4,0,1,0,3,0
345,"6/21/99",1,2310151,5,2,1,"Parents",1,0,0,0,1,0
346,"6/21/99",1,2310151,5,2,2,"Brother",4,0,0,0,4,0
347,"6/21/99",1,2310151,5,2,3,"Sister",2,0,0,0,2,0
348,"6/21/99",1,2310151,5,2,4,"Uncle",4,0,0,0,4,0
349,"6/21/99",1,2310151,5,2,5,"Aunt",6,0,0,0,6,0
161,"6/15/99",1,2310231,2,2,2,"Brother",2,1,0,1,1,0
316,"6/21/99",1,2310241,1,1,1,"Parents",1,0,1,0,0,0
317,"6/21/99",1,2310241,1,1,2,"Brother",1,0,0,0,1,0
318,"6/21/99",1,2310241,1,1,4,"Uncle",2,0,0,0,2,0
319,"6/21/99",1,2310241,1,2,1,"Parents",1,0,0,0,1,0
320,"6/21/99",1,2310241,1,2,2,"Brother",3,0,0,0,3,0
321,"6/21/99",1,2310241,1,2,3,"Sister",5,0,0,0,5,0
322,"6/21/99",1,2310241,1,2,4,"Uncle",2,0,0,0,2,0
323,"6/21/99",1,2310241,1,2,5,"Aunt",1,0,0,0,1,0
163,"6/15/99",1,2310331,1,2,1,"Parents",2,0,2,2,0,1
167,"6/15/99",1,2310331,2,2,2,"Brother",2,2,0,2,0,0
168,"6/15/99",1,2310331,2,2,3,"Sister",5,1,0,5,0,0
169,"6/15/99",1,2310331,2,2,4,"Uncle",1,1,0,1,0,0
170,"6/15/99",1,2310331,2,2,5,"Aunt",4,0,0,4,0,0
324,"6/21/99",1,2310341,1,1,1,"Parents",1,0,1,0,0,0
325,"6/21/99",1,2310341,1,1,2,"Brother",6,0,4,2,0,1
326,"6/21/99",1,2310341,1,1,3,"Sister",2,0,0,2,0,0
327,"6/21/99",1,2310341,1,1,4,"Uncle",6,0,4,0,2,0
328,"6/21/99",1,2310341,1,1,5,"Aunt",1,0,0,1,0,0
329,"6/21/99",1,2310341,1,2,1,"Parents",2,0,0,0,2,0
330,"6/21/99",1,2310341,1,2,2,"Brother",2,0,0,0,2,0
331,"6/21/99",1,2310341,1,2,3,"Sister",2,1,0,0,2,0
332,"6/21/99",1,2310341,1,2,4,"Uncle",6,2,0,0,6,0
333,"6/21/99",1,2310341,1,2,5,"Aunt",4,1,0,0,4,0
350,"6/21/99",1,2310351,1,1,3,"Sister",1,0,0,1,0,0
351,"6/21/99",1,2310351,1,1,6,"Son",2,0,2,0,0,0
352,"6/21/99",1,2310351,1,1,7,"Daughter",3,0,1,2,0,0
353,"6/21/99",1,2310351,1,2,6,"Son",2,0,2,0,0,0
354,"6/21/99",1,2310351,1,2,7,"Daughter",3,0,1,2,0,0
355,"6/21/99",1,2310352,1,1,1,"Parents",2,0,2,0,0,0
356,"6/21/99",1,2310352,1,1,2,"Brother",1,0,0,0,1,0
357,"6/21/99",1,2310352,1,1,3,"Sister",3,0,1,2,0,1
358,"6/21/99",1,2310352,1,1,5,"Aunt",1,0,0,1,0,0
359,"6/21/99",1,2310352,1,2,2,"Brother",4,0,0,3,1,1
360,"6/21/99",1,2310352,1,2,3,"Sister",2,0,0,2,0,0
361,"6/21/99",1,2310352,1,2,5,"Aunt",2,0,0,2,0,0
362,"6/21/99",1,2310353,2,1,1,"Parents",2,1,2,0,0,0
364,"6/21/99",1,2310353,2,1,3,"Sister",3,0,1,2,0,0
365,"6/21/99",1,2310353,2,2,1,"Parents",2,2,0,0,2,0
366,"6/21/99",1,2310353,2,2,2,"Brother",4,0,0,0,4,0
367,"6/21/99",1,2310353,2,2,3,"Sister",2,1,0,0,2,0
368,"6/21/99",1,2310353,2,2,4,"Uncle",4,4,0,0,4,0
369,"6/21/99",1,2310353,2,2,5,"Aunt",1,1,0,0,1,0
171,"6/15/99",1,2310431,2,1,6,"Son",2,0,2,0,0,1
172,"6/15/99",1,2310431,2,1,7,"Daughter",1,0,0,0,1,1
334,"6/21/99",1,2310441,2,1,1,"Parents",1,0,1,1,0,0
335,"6/21/99",1,2310441,2,1,2,"Brother",1,0,1,0,0,0
336,"6/21/99",1,2310441,2,1,3,"Sister",2,0,1,1,0,0
337,"6/21/99",1,2310441,2,1,4,"Uncle",1,1,0,0,1,0
338,"6/21/99",1,2310441,2,1,5,"Aunt",1,1,1,0,0,0
339,"6/21/99",1,2310441,2,2,1,"Parents",1,0,1,0,0,0
340,"6/21/99",1,2310441,2,2,3,"Sister",2,0,1,1,0,0
341,"6/21/99",1,2310441,2,2,4,"Uncle",1,0,1,0,0,0
370,"6/21/99",1,2310459,1,1,1,"Parents",2,0,2,2,0,0
371,"6/21/99",1,2310459,1,1,2,"Brother",5,0,5,1,4,0
372,"6/21/99",1,2310459,1,1,3,"Sister",2,0,2,1,1,0
373,"6/21/99",1,2310459,1,1,4,"Uncle",1,0,1,1,0,0
374,"6/21/99",1,2310459,1,1,5,"Aunt",2,0,2,2,0,0
375,"6/21/99",1,2310459,1,1,6,"Son",2,0,2,0,0,0
382,"6/21/99",1,2310459,2,1,7,"Daughter",1,0,1,0,0,0
376,"6/21/99",1,2310459,2,2,1,"Parents",1,1,1,0,0,0
377,"6/21/99",1,2310459,2,2,2,"Brother",3,3,2,0,1,0
378,"6/21/99",1,2310459,2,2,3,"Sister",5,0,1,1,3,0
379,"6/21/99",1,2310459,2,2,4,"Uncle",3,0,0,2,1,0
380,"6/21/99",1,2310459,2,2,5,"Aunt",5,0,0,4,1,0
381,"6/21/99",1,2310459,2,2,6,"Son",2,0,2,0,0,0
176,"6/15/99",1,2310531,2,2,1,"Parents",1,0,0,1,0,0
177,"6/15/99",1,2310531,2,2,2,"Brother",3,0,0,3,0,0
178,"6/15/99",1,2310531,2,2,3,"Sister",2,0,0,2,0,0
179,"6/15/99",1,2310531,2,2,4,"Uncle",1,0,0,1,0,0
180,"6/15/99",1,2310531,2,2,5,"Aunt",2,0,0,2,0,0
182,"6/15/99",1,2310631,1,2,3,"Sister",2,0,0,0,2,1
183,"6/15/99",1,2310631,1,2,4,"Uncle",1,0,1,0,0,0
184,"6/15/99",1,2310631,2,2,2,"Brother",4,0,0,4,0,0
187,"6/15/99",1,2310731,2,2,2,"Brother",3,2,0,3,0,1
188,"6/15/99",1,2310731,2,2,3,"Sister",2,1,0,0,2,0
189,"6/15/99",1,2310731,2,2,4,"Uncle",2,1,0,2,0,0
190,"6/15/99",1,2310831,1,1,6,"Son",1,0,1,0,0,1
191,"6/15/99",1,2310831,2,2,1,"Parents",1,0,0,1,0,0
192,"6/15/99",1,2310831,2,2,2,"Brother",2,0,0,2,0,0
193,"6/15/99",1,2310831,2,2,3,"Sister",2,0,1,1,0,0
194,"6/15/99",1,2310831,2,2,5,"Aunt",1,0,0,0,0,0
195,"6/15/99",1,2310831,2,2,6,"Son",1,0,1,0,0,1
196,"6/15/99",1,2310832,1,2,1,"Parents",2,0,2,0,0,0
197,"6/15/99",1,2310832,1,2,2,"Brother",4,0,3,1,0,0
200,"6/15/99",1,2310832,2,2,3,"Sister",5,0,0,5,0,0
201,"6/15/99",1,2310832,2,2,4,"Uncle",6,0,0,2,4,0
202,"6/15/99",1,2310832,2,2,5,"Aunt",3,0,0,2,1,0
203,"6/15/99",1,2310832,2,2,7,"Daughter",1,0,1,0,0,0
206,"6/15/99",1,2310931,1,2,3,"Sister",2,0,1,0,1,0
208,"6/15/99",1,2310931,1,2,5,"Aunt",2,0,0,2,0,0
209,"6/15/99",1,2310931,2,2,1,"Parents",2,0,0,2,0,0
210,"6/15/99",1,2310931,2,2,2,"Brother",2,0,0,1,1,0
212,"6/15/99",1,2310931,2,2,4,"Uncle",6,0,0,6,0,0
215,"6/19/99",1,2311031,1,1,7,"Daughter",2,0,0,2,0,0
216,"6/19/99",1,2311031,2,1,2,"Brother",4,0,0,4,0,0
217,"6/19/99",1,2311031,2,1,3,"Sister",2,0,0,2,0,0
218,"6/19/99",1,2311031,2,1,6,"Son",1,0,0,0,1,1
220,"6/19/99",1,2311032,1,2,1,"Parents",2,0,2,0,0,0
221,"6/19/99",1,2311032,1,2,2,"Brother",2,0,1,1,0,0
222,"6/19/99",1,2311032,1,2,3,"Sister",4,0,2,2,0,0
228,"6/19/99",1,2311032,2,2,4,"Uncle",3,0,0,0,3,0
229,"6/19/99",1,2311032,2,2,5,"Aunt",4,0,0,0,4,0
231,"6/19/99",1,2311131,1,1,3,"Sister",2,0,1,1,0,0
232,"6/19/99",1,2311131,1,1,4,"Uncle",1,0,1,0,0,0
233,"6/19/99",1,2311131,2,1,1,"Parents",1,0,0,1,0,0
234,"6/19/99",1,2311131,2,1,2,"Brother",1,0,0,0,1,0
237,"6/19/99",1,2311131,2,1,5,"Aunt",1,0,1,0,0,0
241,"6/19/99",1,2311231,2,2,2,"Brother",2,0,0,2,0,0
242,"6/19/99",1,2311231,2,2,3,"Sister",3,0,0,3,0,0
246,"6/19/99",1,2311339,1,2,3,"Sister",1,0,0,1,0,0
247,"6/19/99",1,2311339,1,2,4,"Uncle",1,0,1,0,0,0
248,"6/19/99",1,2311339,1,2,5,"Aunt",1,0,0,1,0,0
249,"6/19/99",1,2311339,2,2,1,"Parents",1,0,1,0,0,0
250,"6/19/99",1,2311339,2,2,2,"Brother",1,0,1,0,0,0
254,"6/19/99",1,2311439,1,2,3,"Sister",2,0,1,1,0,0
256,"6/19/99",1,2311439,2,2,1,"Parents",1,0,0,1,0,0
257,"6/19/99",1,2311439,2,2,2,"Brother",2,0,0,2,0,0
259,"6/19/99",1,2311439,2,2,4,"Uncle",1,0,0,1,0,0
260,"6/19/99",1,2311439,2,2,5,"Aunt",2,0,0,0,2,0
263,"6/19/99",1,2311539,1,2,4,"Uncle",3,0,2,1,0,0
264,"6/19/99",1,2311539,1,2,5,"Aunt",1,0,0,0,1,0
265,"6/19/99",1,2311539,2,2,1,"Parents",2,0,0,0,2,0
266,"6/19/99",1,2311539,2,2,2,"Brother",3,0,0,0,3,0
267,"6/19/99",1,2311539,2,2,3,"Sister",1,0,0,0,1,0
268,"6/19/99",1,2311639,1,2,2,"Brother",1,0,1,0,0,0
269,"6/19/99",1,2311639,1,2,3,"Sister",1,0,1,0,0,0
271,"6/19/99",1,2311639,2,2,1,"Parents",1,0,0,1,0,0
274,"6/19/99",1,2311639,2,2,4,"Uncle",1,0,0,1,0,0
275,"6/19/99",1,2311639,2,2,5,"Aunt",1,0,0,1,0,0
277,"6/19/99",1,2311739,1,2,2,"Brother",3,0,1,0,0,0
278,"6/19/99",1,2311739,2,2,1,"Parents",2,0,0,0,2,0
280,"6/19/99",1,2311739,2,2,3,"Sister",1,0,1,0,0,0
281,"6/19/99",1,2311739,2,2,5,"Aunt",2,0,0,0,0,0
282,"6/19/99",1,2311839,2,1,2,"Brother",3,0,0,3,0,0
283,"6/19/99",1,2311839,2,1,4,"Uncle",1,0,0,1,0,0
284,"6/19/99",1,2311839,2,1,5,"Aunt",1,0,0,1,0,0
286,"6/19/99",1,2311939,1,2,4,"Uncle",1,0,1,0,0,0
287,"6/19/99",1,2311939,2,2,2,"Brother",4,0,0,4,0,0
288,"6/19/99",1,2311939,2,2,3,"Sister",1,0,0,1,0,0
290,"6/19/99",1,2311939,2,2,5,"Aunt",1,0,0,1,0,0
292,"6/19/99",1,2312039,1,1,3,"Sister",4,0,0,1,2,0
293,"6/19/99",1,2312039,1,1,4,"Uncle",1,0,1,0,0,0
295,"6/19/99",1,2312039,2,1,1,"Parents",2,0,0,1,0,0
296,"6/19/99",1,2312039,2,1,2,"Brother",1,0,0,1,0,0
298,"6/19/99",1,2312039,2,1,5,"Aunt",1,0,0,1,0,0
300,"6/21/99",1,2312139,1,1,2,"Brother",1,1,0,1,0,0
301,"6/21/99",1,2312139,1,1,3,"Sister",5,0,0,0,5,0
302,"6/21/99",1,2312139,1,2,1,"Parents",1,0,1,0,0,0
303,"6/21/99",1,2312139,1,2,2,"Brother",1,0,0,0,1,0
304,"6/21/99",1,2312139,1,2,3,"Sister",1,0,0,0,1,0
305,"6/21/99",1,2312139,1,2,4,"Uncle",1,0,0,1,0,0
306,"6/21/99",1,2312139,1,2,5,"Aunt",1,0,0,1,0,0
548,"7/16/99",1,2320131,2,1,7,"Daughter",1,0,0,1,0,0
549,"7/16/99",1,2320131,2,2,2,"Brother",1,0,1,1,0,0
728,"7/19/99",1,2320141,2,1,1,"Parents",2,0,2,2,0,0
729,"7/19/99",1,2320141,2,1,2,"Brother",3,0,3,3,0,0
730,"7/19/99",1,2320141,2,1,3,"Sister",4,0,2,2,0,0
731,"7/19/99",1,2320141,2,1,4,"Uncle",1,0,0,1,0,0
732,"7/19/99",1,2320141,2,2,1,"Parents",2,0,0,2,0,0
733,"7/19/99",1,2320141,2,2,2,"Brother",2,0,0,2,0,0
734,"7/19/99",1,2320141,2,2,3,"Sister",4,0,0,0,4,0
735,"7/19/99",1,2320141,2,2,4,"Uncle",11,0,0,4,7,0
736,"7/19/99",1,2320141,2,2,5,"Aunt",1,0,0,1,0,0
774,"7/19/99",1,2320151,2,1,1,"Parents",1,0,1,1,0,0
775,"7/19/99",1,2320151,2,1,2,"Brother",2,0,2,2,0,0
776,"7/19/99",1,2320151,2,1,3,"Sister",3,0,0,3,0,0
777,"7/19/99",1,2320151,2,1,4,"Uncle",1,0,1,1,0,0
778,"7/19/99",1,2320151,2,1,5,"Aunt",2,0,1,1,0,0
779,"7/19/99",1,2320151,2,2,1,"Parents",1,0,0,1,0,0
780,"7/19/99",1,2320151,2,2,2,"Brother",2,0,0,2,0,0
781,"7/19/99",1,2320151,2,2,3,"Sister",1,0,0,1,0,0
782,"7/19/99",1,2320151,2,2,4,"Uncle",2,0,0,2,0,0
783,"7/19/99",1,2320151,2,2,5,"Aunt",2,0,0,2,0,0
784,"7/19/99",1,2320152,1,1,1,"Parents",1,0,1,1,0,0
785,"7/19/99",1,2320152,1,1,2,"Brother",2,0,2,2,0,0
786,"7/19/99",1,2320152,1,1,3,"Sister",3,0,1,2,0,0
787,"7/19/99",1,2320152,1,1,4,"Uncle",4,0,4,4,0,0
788,"7/19/99",1,2320152,1,1,5,"Aunt",3,0,1,2,0,0
789,"7/19/99",1,2320152,1,2,1,"Parents",2,0,0,0,2,0
790,"7/19/99",1,2320152,1,2,2,"Brother",3,0,0,0,3,0
791,"7/19/99",1,2320152,1,2,3,"Sister",4,0,0,0,4,0
792,"7/19/99",1,2320152,1,2,4,"Uncle",2,0,0,0,2,0
550,"7/16/99",1,2320231,2,1,1,"Parents",1,0,1,1,0,0
551,"7/16/99",1,2320231,2,1,2,"Brother",1,0,0,0,1,0
552,"7/16/99",1,2320231,2,1,3,"Sister",3,0,0,3,0,0
553,"7/16/99",1,2320231,2,2,1,"Parents",1,0,0,1,0,0
554,"7/16/99",1,2320231,2,2,2,"Brother",4,0,0,1,0,0
555,"7/16/99",1,2320231,2,2,3,"Sister",1,0,0,1,0,0
556,"7/16/99",1,2320231,2,2,4,"Uncle",1,0,0,1,0,0
557,"7/16/99",1,2320232,2,1,1,"Parents",1,0,1,1,0,0
558,"7/16/99",1,2320232,2,1,2,"Brother",1,0,0,0,1,0
559,"7/16/99",1,2320232,2,1,3,"Sister",1,0,0,0,1,0
560,"7/16/99",1,2320232,2,1,4,"Uncle",1,0,1,1,0,0
561,"7/16/99",1,2320232,2,2,1,"Parents",2,0,0,2,0,0
562,"7/16/99",1,2320232,2,2,3,"Sister",4,0,0,2,2,0
563,"7/16/99",1,2320232,2,2,4,"Uncle",5,0,0,2,3,0
737,"7/19/99",1,2320241,2,1,1,"Parents",1,0,1,1,0,0
738,"7/19/99",1,2320241,2,1,6,"Son",1,0,1,1,0,0
739,"7/19/99",1,2320242,1,1,1,"Parents",2,0,2,2,0,0
740,"7/19/99",1,2320242,1,1,2,"Brother",1,0,1,1,0,0
741,"7/19/99",1,2320242,1,1,3,"Sister",1,0,1,1,0,0
742,"7/19/99",1,2320242,1,1,4,"Uncle",2,0,2,2,0,0
743,"7/19/99",1,2320242,1,1,5,"Aunt",4,0,1,3,0,0
744,"7/19/99",1,2320242,1,2,1,"Parents",1,0,0,1,0,0
745,"7/19/99",1,2320242,1,2,2,"Brother",3,0,0,1,2,0
746,"7/19/99",1,2320242,1,2,3,"Sister",2,0,0,2,0,0
793,"7/19/99",1,2320251,1,1,2,"Brother",1,1,1,1,0,0
794,"7/19/99",1,2320251,1,1,6,"Son",2,0,2,2,0,1
795,"7/19/99",1,2320251,1,1,7,"Daughter",1,0,0,1,0,1
796,"7/19/99",1,2320251,1,2,1,"Parents",2,0,0,2,0,0
797,"7/19/99",1,2320251,1,2,2,"Brother",3,0,0,3,0,0
798,"7/19/99",1,2320251,1,2,3,"Sister",5,0,0,5,0,0
799,"7/19/99",1,2320252,2,1,1,"Parents",1,0,1,1,0,0
800,"7/19/99",1,2320252,2,1,2,"Brother",2,0,1,1,0,0
801,"7/19/99",1,2320252,2,1,3,"Sister",3,0,1,2,0,0
802,"7/19/99",1,2320252,2,1,4,"Uncle",1,0,1,1,0,0
803,"7/19/99",1,2320252,2,1,5,"Aunt",2,0,0,2,0,0
804,"7/19/99",1,2320252,2,2,1,"Parents",2,0,0,2,0,0
805,"7/19/99",1,2320252,2,2,2,"Brother",1,0,0,1,0,0
806,"7/19/99",1,2320252,2,2,3,"Sister",5,0,0,5,0,0
807,"7/19/99",1,2320252,2,2,4,"Uncle",5,0,0,5,0,0
808,"7/19/99",1,2320252,2,2,5,"Aunt",2,0,1,1,0,0
809,"7/19/99",1,2320253,1,1,1,"Parents",1,0,1,1,0,0
810,"7/19/99",1,2320253,1,1,2,"Brother",2,0,2,2,0,0
811,"7/19/99",1,2320253,1,1,3,"Sister",3,0,1,2,0,0
812,"7/19/99",1,2320253,1,1,4,"Uncle",1,0,1,1,0,0
813,"7/19/99",1,2320253,1,1,5,"Aunt",1,0,0,0,1,0
814,"7/19/99",1,2320253,1,2,1,"Parents",2,0,0,2,0,0
815,"7/19/99",1,2320253,1,2,3,"Sister",5,0,0,5,0,0
816,"7/19/99",1,2320253,1,2,4,"Uncle",1,0,0,1,0,0
564,"7/16/99",1,2320331,2,1,1,"Brother",2,0,2,2,0,0
565,"7/16/99",1,2320331,2,1,2,"Brother",3,0,3,3,0,0
566,"7/16/99",1,2320331,2,1,3,"Sister",4,0,2,2,2,0
567,"7/16/99",1,2320331,2,1,4,"Uncle",1,0,0,0,1,0
568,"7/16/99",1,2320331,2,2,1,"Parents",1,0,0,1,0,0
569,"7/16/99",1,2320331,2,2,3,"Sister",3,0,0,2,1,0
570,"7/16/99",1,2320331,2,2,4,"Uncle",1,0,0,1,0,0
571,"7/16/99",1,2320331,2,2,5,"Aunt",1,0,0,0,1,0
747,"7/19/99",1,2320341,3,1,1,"Parents",1,0,1,1,0,0
748,"7/19/99",1,2320341,3,1,3,"Sister",1,0,0,0,1,0
749,"7/19/99",1,2320341,3,2,1,"Parents",1,0,0,0,1,0
750,"7/19/99",1,2320341,3,2,2,"Brother",1,0,0,0,1,0
751,"7/19/99",1,2320341,3,2,3,"Sister",2,0,0,0,2,0
817,"7/19/99",1,2320351,2,1,2,"Brother",2,0,1,1,0,0
818,"7/19/99",1,2320351,2,1,3,"Sister",2,0,0,1,0,0
819,"7/19/99",1,2320351,2,1,4,"Uncle",2,0,2,2,0,0
820,"7/19/99",1,2320351,2,1,5,"Aunt",2,0,0,1,0,0
821,"7/19/99",1,2320351,2,2,1,"Parents",2,0,0,2,0,0
822,"7/19/99",1,2320351,2,2,2,"Brother",1,0,0,1,0,0
823,"7/19/99",1,2320351,2,2,3,"Sister",4,0,0,4,0,0
824,"7/19/99",1,2320351,2,2,4,"Uncle",3,0,0,3,0,0
825,"7/19/99",1,2320351,2,2,5,"Aunt",2,0,0,2,0,0
572,"7/16/99",1,2320431,2,1,1,"Parents",1,0,1,1,0,0
573,"7/16/99",1,2320431,2,1,2,"Brother",1,0,0,1,0,0
574,"7/16/99",1,2320431,2,1,3,"Sister",1,0,0,1,0,0
575,"7/16/99",1,2320431,2,2,1,"Parents",1,0,0,1,0,0
576,"7/16/99",1,2320431,2,2,2,"Brother",3,0,0,3,0,0
577,"7/16/99",1,2320431,2,2,3,"Sister",3,0,0,3,0,0
578,"7/16/99",1,2320432,2,1,1,"Parents",2,0,2,2,0,0
579,"7/16/99",1,2320432,2,1,2,"Brother",3,0,1,1,1,0
580,"7/16/99",1,2320432,2,1,3,"Sister",1,0,0,0,1,0
581,"7/16/99",1,2320432,2,1,4,"Uncle",1,0,0,0,1,0
582,"7/16/99",1,2320432,2,1,5,"Aunt",4,0,1,1,3,0
583,"7/16/99",1,2320432,2,2,2,"Brother",4,0,0,2,2,0
584,"7/16/99",1,2320432,2,2,3,"Sister",2,0,0,0,2,0
585,"7/16/99",1,2320432,2,2,4,"Uncle",4,0,0,0,4,0
586,"7/16/99",1,2320433,2,1,1,"Parents",2,0,2,2,0,0
587,"7/16/99",1,2320433,2,1,2,"Brother",3,0,2,2,1,0
588,"7/16/99",1,2320433,2,1,3,"Sister",1,0,0,0,1,0
589,"7/16/99",1,2320433,2,1,4,"Uncle",1,0,0,0,1,0
590,"7/16/99",1,2320433,2,1,5,"Aunt",1,0,0,1,0,0
591,"7/16/99",1,2320433,2,2,1,"Parents",1,0,0,1,0,0
592,"7/16/99",1,2320433,2,2,2,"Brother",2,0,0,1,1,0
593,"7/16/99",1,2320433,2,2,3,"Sister",2,0,0,1,1,0
594,"7/16/99",1,2320433,2,2,4,"Uncle",7,0,3,4,0,0
595,"7/16/99",1,2320433,2,2,5,"Aunt",5,0,0,2,3,0
596,"7/16/99",1,2320434,2,1,1,"Parents",2,0,2,2,0,0
597,"7/16/99",1,2320434,2,1,2,"Brother",3,0,3,3,0,0
598,"7/16/99",1,2320434,2,1,3,"Sister",1,0,0,0,1,0
599,"7/16/99",1,2320434,2,1,4,"Uncle",1,0,0,0,1,0
600,"7/16/99",1,2320434,2,1,5,"Aunt",1,0,0,1,0,0
601,"7/16/99",1,2320434,2,2,1,"Parents",2,0,2,2,0,0
602,"7/16/99",1,2320434,2,2,2,"Brother",2,0,2,2,0,0
603,"7/16/99",1,2320434,2,2,3,"Sister",2,0,1,1,1,0
604,"7/16/99",1,2320434,2,2,4,"Uncle",2,0,0,1,1,0
605,"7/16/99",1,2320434,2,2,5,"Aunt",2,0,0,0,2,0
752,"7/19/99",1,2320441,1,1,2,"Brother",1,1,1,1,0,0
753,"7/19/99",1,2320441,1,1,3,"Sister",3,0,0,2,1,0
754,"7/19/99",1,2320441,1,2,1,"Parents",1,0,0,0,1,0
755,"7/19/99",1,2320441,1,2,3,"Sister",3,0,0,2,1,0
756,"7/19/99",1,2320441,1,2,4,"Uncle",3,0,0,3,0,0
757,"7/19/99",1,2320441,1,2,5,"Aunt",2,0,0,2,0,0
758,"7/19/99",1,2320442,2,1,1,"Parents",2,0,2,2,0,0
759,"7/19/99",1,2320442,2,1,2,"Brother",1,0,1,1,0,0
760,"7/19/99",1,2320442,2,1,3,"Sister",2,0,0,2,0,0
761,"7/19/99",1,2320442,2,1,4,"Uncle",2,0,1,1,0,0
762,"7/19/99",1,2320442,2,1,5,"Aunt",5,0,0,4,1,0
763,"7/19/99",1,2320442,2,2,1,"Parents",1,0,0,1,0,0
764,"7/19/99",1,2320442,2,2,2,"Brother",3,0,0,3,0,0
765,"7/19/99",1,2320442,2,2,3,"Sister",3,0,0,3,0,0
766,"7/19/99",1,2320442,2,2,4,"Uncle",3,0,0,3,0,0
767,"7/19/99",1,2320442,2,2,5,"Aunt",1,0,0,1,0,0
826,"7/19/99",1,2320459,1,1,3,"Sister",2,0,1,1,0,0
606,"7/16/99",1,2320531,1,1,1,"Parents",1,0,1,1,0,0
607,"7/16/99",1,2320531,1,1,2,"Brother",2,0,1,1,1,0
608,"7/16/99",1,2320531,1,1,3,"Sister",6,0,2,2,2,0
609,"7/16/99",1,2320531,1,1,4,"Uncle",5,0,5,5,0,0
610,"7/16/99",1,2320531,1,1,5,"Aunt",6,0,0,6,0,0
611,"7/16/99",1,2320531,1,2,1,"Parents",1,0,1,1,0,0
612,"7/16/99",1,2320531,1,2,2,"Brother",1,0,1,1,0,0
768,"7/19/99",1,2320541,2,1,1,"Parents",2,0,1,1,0,0
769,"7/19/99",1,2320541,2,1,2,"Brother",3,0,3,3,0,0
770,"7/19/99",1,2320541,2,1,4,"Uncle",4,0,4,4,0,0
771,"7/19/99",1,2320541,2,2,3,"Sister",3,0,0,3,0,0
772,"7/19/99",1,2320541,2,2,4,"Uncle",2,0,0,2,0,0
773,"7/19/99",1,2320541,2,2,5,"Aunt",3,0,0,3,0,0
613,"7/16/99",1,2320631,2,1,2,"Brother",2,0,0,0,2,0
614,"7/16/99",1,2320631,2,2,4,"Uncle",1,1,1,1,0,0
615,"7/16/99",1,2320731,2,1,2,"Brother",1,0,1,1,0,0
616,"7/16/99",1,2320731,2,2,1,"Parents",2,0,0,0,2,0
617,"7/16/99",1,2320731,2,2,2,"Brother",3,0,0,0,3,0
618,"7/16/99",1,2320731,2,2,3,"Sister",6,0,0,0,6,0
619,"7/16/99",1,2320731,2,2,4,"Uncle",4,0,0,0,4,0
620,"7/16/99",1,2320831,2,1,3,"Sister",1,0,0,1,0,0
621,"7/16/99",1,2320831,2,2,1,"Parents",1,0,1,1,0,0
622,"7/16/99",1,2320831,2,2,2,"Brother",4,0,2,2,2,0
623,"7/16/99",1,2320831,2,2,3,"Sister",2,0,1,1,0,0
624,"7/16/99",1,2320931,2,1,6,"Son",1,0,1,1,0,0
625,"7/16/99",1,2320931,2,1,7,"Daughter",2,0,0,2,0,0
626,"7/16/99",1,2320931,2,2,2,"Brother",2,0,1,1,1,0
627,"7/16/99",1,2320931,2,2,3,"Sister",4,0,3,3,0,0
628,"7/16/99",1,2320931,2,2,4,"Uncle",1,0,1,1,0,0
629,"7/16/99",1,2320932,2,1,1,"Parents",2,0,2,2,0,0
630,"7/16/99",1,2320932,2,1,2,"Brother",1,0,1,1,0,0
631,"7/16/99",1,2320932,2,1,3,"Sister",4,0,1,3,0,0
632,"7/16/99",1,2320932,2,1,4,"Uncle",2,0,2,2,0,0
633,"7/16/99",1,2320932,2,1,5,"Aunt",3,0,3,3,0,0
634,"7/16/99",1,2320932,2,2,1,"Parents",2,0,0,2,0,0
635,"7/16/99",1,2320932,2,2,2,"Brother",5,0,0,5,0,0
636,"7/16/99",1,2320932,2,2,3,"Sister",3,0,0,3,0,0
637,"7/16/99",1,2320932,2,2,4,"Uncle",2,0,0,2,0,0
638,"7/16/99",1,2320932,2,2,5,"Aunt",2,0,0,2,0,0
639,"7/16/99",1,2321031,2,1,1,"Parents",2,0,2,2,0,0
640,"7/16/99",1,2321031,2,1,2,"Brother",1,0,1,1,0,0
641,"7/16/99",1,2321031,2,1,3,"Sister",4,0,0,4,0,0
642,"7/16/99",1,2321031,2,1,4,"Uncle",2,0,0,1,1,0
643,"7/16/99",1,2321031,2,1,5,"Aunt",4,0,2,2,0,0
644,"7/16/99",1,2321031,2,2,1,"Parents",2,0,0,0,2,0
645,"7/16/99",1,2321031,2,2,2,"Brother",6,0,0,0,6,0
646,"7/16/99",1,2321031,2,2,3,"Sister",2,0,0,0,2,0
647,"7/16/99",1,2321031,2,2,4,"Uncle",4,0,0,0,4,0
648,"7/16/99",1,2321031,2,2,5,"Aunt",4,0,0,0,4,0
1.79769313486232e+308,"",1.79769313486232e+308,2321131,1.79769313486232e+308,1.79769313486232e+308,1.79769313486232e+308,"",1.79769313486232e+308,1.79769313486232e+308,1.79769313486232e+308,1.79769313486232e+308,1.79769313486232e+308,1.79769313486232e+308
650,"7/16/99",1,2321132,1,1,1,"Parents",1,0,1,1,0,0
651,"7/16/99",1,2321132,1,1,2,"Brother",2,0,2,2,0,0
652,"7/16/99",1,2321132,1,1,3,"Sister",6,0,2,4,0,0
653,"7/16/99",1,2321132,1,1,5,"Aunt",1,0,1,1,0,0
654,"7/16/99",1,2321132,1,2,1,"Parents",1,0,0,1,0,0
655,"7/16/99",1,2321132,1,2,2,"Brother",3,0,0,1,0,0
656,"7/16/99",1,2321132,1,2,3,"Sister",2,0,0,2,0,0
657,"7/16/99",1,2321132,1,2,4,"Uncle",1,0,0,1,0,0
658,"7/16/99",1,2321132,1,2,5,"Aunt",2,0,0,2,0,0
659,"7/16/99",1,2321231,1,1,3,"Sister",2,0,0,0,2,0
660,"7/16/99",1,2321231,1,2,2,"Brother",1,0,1,1,0,0
661,"7/16/99",1,2321231,1,2,3,"Sister",1,0,0,1,0,0
662,"7/16/99",1,2321232,2,1,1,"Parents",1,0,1,1,0,0
663,"7/16/99",1,2321232,2,1,2,"Brother",7,0,3,4,0,0
664,"7/16/99",1,2321232,2,1,3,"Sister",1,0,1,1,0,0
665,"7/16/99",1,2321232,2,1,5,"Aunt",2,0,0,2,0,0
666,"7/16/99",1,2321232,2,2,1,"Parents",1,0,0,1,0,0
667,"7/16/99",1,2321232,2,2,2,"Brother",2,0,0,2,0,0
668,"7/16/99",1,2321232,2,2,3,"Sister",6,0,0,4,2,0
669,"7/16/99",1,2321232,2,2,5,"Aunt",1,0,0,1,0,0
670,"7/16/99",1,2321339,2,1,1,"Parents",1,0,1,1,0,0
671,"7/16/99",1,2321339,2,1,2,"Brother",2,0,2,2,0,0
672,"7/16/99",1,2321339,2,1,3,"Sister",2,0,2,2,0,0
673,"7/16/99",1,2321339,2,1,4,"Uncle",1,0,1,1,0,0
674,"7/16/99",1,2321339,2,1,5,"Aunt",1,0,0,0,1,0
675,"7/16/99",1,2321339,2,2,1,"Parents",1,0,1,1,0,0
676,"7/16/99",1,2321339,2,2,2,"Brother",2,0,2,2,0,0
677,"7/16/99",1,2321339,2,2,3,"Sister",5,0,1,4,0,0
678,"7/16/99",1,2321339,2,2,4,"Uncle",1,0,1,1,0,0
679,"7/16/99",1,2321339,2,2,5,"Aunt",1,0,1,1,0,0
680,"7/16/99",1,2321439,2,1,1,"Parents",1,0,1,1,0,0
681,"7/19/99",1,2321439,2,1,2,"Brother",4,0,4,4,0,0
682,"7/19/99",1,2321439,2,1,3,"Sister",2,0,0,2,0,0
683,"7/19/99",1,2321439,2,1,4,"Uncle",3,0,0,3,0,0
684,"7/19/99",1,2321439,2,1,5,"Aunt",1,0,0,1,0,0
685,"7/19/99",1,2321439,2,2,1,"Parents",2,0,2,2,0,0
686,"7/19/99",1,2321439,2,2,2,"Brother",4,0,4,4,0,0
687,"7/19/99",1,2321439,2,2,3,"Sister",3,0,0,3,0,0
691,"7/19/99",1,2321539,2,1,2,"Brother",1,0,1,1,0,0
692,"7/19/99",1,2321539,2,1,3,"Sister",1,0,0,1,0,0
688,"7/19/99",1,2321539,2,2,2,"Brother",2,0,0,0,2,0
689,"7/19/99",1,2321539,2,2,3,"Sister",4,0,3,3,0,0
690,"7/19/99",1,2321539,2,2,4,"Uncle",1,0,1,1,0,0
693,"7/19/99",1,2321639,2,1,1,"Parents",1,0,1,1,0,0
694,"7/19/99",1,2321639,2,1,2,"Brother",2,0,2,2,0,0
695,"7/19/99",1,2321639,2,1,3,"Sister",2,0,1,1,0,0
696,"7/19/99",1,2321639,2,1,4,"Uncle",2,0,2,2,0,0
697,"7/19/99",1,2321639,2,1,5,"Aunt",3,0,0,3,0,0
698,"7/19/99",1,2321639,2,2,2,"Brother",3,0,0,0,3,0
699,"7/19/99",1,2321639,2,2,3,"Sister",3,0,0,0,3,0
700,"7/19/99",1,2321639,2,2,4,"Uncle",4,0,0,0,4,0
701,"7/19/99",1,2321639,2,2,5,"Aunt",2,0,0,0,2,0
702,"7/19/99",1,2321739,2,1,1,"Parents",2,0,1,1,0,0
703,"7/19/99",1,2321739,2,1,2,"Brother",4,0,4,4,0,0
704,"7/19/99",1,2321739,2,1,4,"Uncle",2,0,1,1,0,0
705,"7/19/99",1,2321739,2,1,5,"Aunt",3,0,0,1,2,0
706,"7/19/99",1,2321739,2,2,1,"Parents",1,0,0,1,0,0
707,"7/19/99",1,2321739,2,2,2,"Brother",2,0,0,1,0,0
708,"7/19/99",1,2321739,2,2,3,"Sister",5,0,0,4,1,0
709,"7/19/99",1,2321739,2,2,4,"Uncle",3,0,0,0,3,0
710,"7/19/99",1,2321739,2,2,5,"Aunt",1,0,0,0,1,0
711,"7/19/99",1,2321839,2,1,1,"Parents",1,0,1,1,0,0
712,"7/19/99",1,2321839,2,1,2,"Brother",3,0,1,1,0,0
713,"7/19/99",1,2321839,2,1,3,"Sister",2,0,1,1,0,0
714,"7/19/99",1,2321839,2,1,4,"Uncle",3,0,0,3,0,0
715,"7/19/99",1,2321839,2,1,5,"Aunt",1,0,0,1,0,0
716,"7/19/99",1,2321839,2,2,1,"Parents",1,0,0,1,0,0
717,"7/19/99",1,2321839,2,2,2,"Brother",4,0,0,4,0,0
718,"7/19/99",1,2321839,2,2,3,"Sister",1,0,1,1,0,0
719,"7/19/99",1,2321839,2,2,4,"Uncle",2,0,0,2,0,0
720,"7/19/99",1,2321839,2,2,5,"Aunt",1,0,0,1,0,0
721,"7/19/99",1,2321939,2,1,2,"Brother",3,0,3,3,0,0
722,"7/19/99",1,2321939,2,1,3,"Sister",1,0,1,1,0,0
723,"7/19/99",1,2321939,2,2,1,"Parents",1,0,0,1,0,0
724,"7/19/99",1,2321939,2,2,2,"Brother",1,0,0,0,1,0
725,"7/19/99",1,2321939,2,2,3,"Sister",3,0,0,2,1,0
726,"7/19/99",1,2321939,2,2,4,"Uncle",4,0,0,4,0,0
727,"7/19/99",1,2321939,2,2,5,"Aunt",2,0,1,1,0,0
336,"9/09/95",1,2330131,1,1,2,"Brother",3,0,0,0,3,0
337,"9/09/95",1,2330131,1,1,3,"Sister",3,0,0,0,3,0
338,"9/09/95",1,2330131,1,2,2,"Brother",2,0,1,0,1,0
339,"9/09/95",1,2330131,1,2,3,"Sister",4,0,1,0,3,0
506,"6/27/99",1,2330141,1,1,1,"Parents",1,0,1,0,0,0
507,"6/27/99",1,2330141,1,1,3,"Sister",2,0,2,0,0,0
508,"6/27/99",1,2330141,1,1,4,"Uncle",4,0,4,0,0,0
509,"6/27/99",1,2330141,1,1,5,"Aunt",2,0,2,0,0,0
510,"6/27/99",1,2330141,1,2,1,"Parents",2,0,0,2,0,0
511,"6/27/99",1,2330141,1,2,2,"Brother",2,0,0,2,0,0
512,"6/27/99",1,2330141,1,2,3,"Sister",2,0,0,2,0,0
513,"6/27/99",1,2330141,1,2,4,"Uncle",6,0,0,2,4,0
514,"6/27/99",1,2330141,1,2,5,"Aunt",4,0,0,4,0,0
540,"6/27/99",1,2330151,1,1,2,"Brother",1,1,0,0,1,1
541,"6/27/99",1,2330151,1,1,3,"Sister",3,0,0,0,3,2
542,"6/27/99",1,2330151,1,1,4,"Uncle",2,0,0,2,0,0
543,"6/27/99",1,2330151,1,1,5,"Aunt",2,0,0,2,0,0
544,"6/27/99",1,2330151,2,2,1,"Parents",1,1,0,1,0,1
545,"6/27/99",1,2330151,2,2,2,"Brother",2,2,0,1,1,2
546,"6/27/99",1,2330151,2,2,3,"Sister",2,0,1,1,0,1
547,"6/27/99",1,2330151,2,2,4,"Uncle",2,2,0,0,2,1
548,"6/27/99",1,2330151,2,2,5,"Aunt",2,0,0,1,1,0
340,"9/09/95",1,2330231,2,1,2,"Brother",6,2,3,6,0,0
341,"9/09/95",1,2330231,2,1,3,"Sister",1,0,0,1,0,0
342,"9/09/95",1,2330231,2,1,4,"Uncle",1,0,1,1,0,0
343,"9/09/95",1,2330231,2,1,5,"Aunt",1,0,0,1,0,0
344,"9/09/95",1,2330231,2,2,1,"Parents",1,0,0,1,0,0
345,"9/09/95",1,2330231,2,2,3,"Sister",4,0,1,3,0,0
346,"9/09/95",1,2330231,2,2,4,"Uncle",1,0,0,1,0,0
515,"6/27/99",1,2330241,1,1,2,"Brother",1,0,1,0,0,0
516,"6/27/99",1,2330241,1,1,3,"Sister",2,0,0,0,2,2
517,"6/27/99",1,2330241,1,1,4,"Uncle",1,0,1,0,0,1
518,"6/27/99",1,2330241,1,1,5,"Aunt",2,0,0,0,2,2
549,"6/27/99",1,2330251,1,1,2,"Brother",1,1,1,1,0,0
550,"6/27/99",1,2330251,1,2,2,"Brother",3,0,0,1,2,0
551,"6/27/99",1,2330251,1,2,3,"Sister",2,0,0,1,1,0
347,"9/09/95",1,2330331,1,1,1,"Parents",1,0,1,0,0,1
348,"9/09/95",1,2330331,1,1,2,"Brother",2,0,1,0,1,1
349,"9/09/95",1,2330331,1,1,3,"Sister",1,0,0,1,0,1
350,"9/09/95",1,2330331,1,1,4,"Uncle",1,0,0,0,1,0
351,"9/09/95",1,2330331,1,1,5,"Aunt",5,3,0,0,5,0
352,"9/09/95",1,2330331,2,2,1,"Parents",1,0,0,1,0,1
353,"9/09/95",1,2330331,2,2,2,"Brother",4,4,0,4,0,4
354,"9/09/95",1,2330331,2,2,3,"Sister",5,0,0,1,4,3
355,"9/09/95",1,2330331,2,2,4,"Uncle",4,4,0,4,0,0
356,"9/09/95",1,2330331,2,2,7,"Daughter",1,0,1,0,0,1
519,"6/27/99",1,2330341,1,2,1,"Parents",1,0,0,0,1,0
520,"6/27/99",1,2330341,1,2,3,"Sister",6,0,0,4,2,0
552,"6/27/99",1,2330351,1,1,1,"Parents",1,0,1,0,0,0
553,"6/27/99",1,2330351,1,1,2,"Brother",3,2,0,2,1,0
554,"6/27/99",1,2330351,1,1,4,"Uncle",4,2,0,3,1,0
555,"6/27/99",1,2330351,1,1,5,"Aunt",2,0,0,2,0,0
556,"6/27/99",1,2330351,1,1,6,"Son",2,0,2,0,0,2
557,"6/27/99",1,2330351,1,1,7,"Daughter",3,0,1,2,0,3
558,"6/27/99",1,2330351,2,2,1,"Parents",1,0,1,0,0,0
559,"6/27/99",1,2330351,2,2,2,"Brother",1,0,1,0,0,0
560,"6/27/99",1,2330351,2,2,3,"Sister",1,0,0,1,0,0
561,"6/27/99",1,2330351,2,2,4,"Uncle",3,1,2,0,1,0
562,"6/27/99",1,2330351,2,2,5,"Aunt",1,0,0,0,1,0
357,"9/09/95",1,2330431,2,2,1,"Parents",1,0,0,0,1,0
358,"9/09/95",1,2330431,2,2,2,"Brother",3,0,0,0,3,0
359,"9/09/95",1,2330431,2,2,3,"Sister",4,0,0,0,4,0
360,"9/09/95",1,2330431,2,2,5,"Aunt",8,0,0,0,8,0
521,"6/27/99",1,2330441,1,1,1,"Parents",2,0,1,0,1,2
522,"6/27/99",1,2330441,1,1,2,"Brother",6,0,6,0,0,0
523,"6/27/99",1,2330441,1,1,3,"Sister",5,0,4,1,0,0
524,"6/27/99",1,2330441,1,1,4,"Uncle",3,0,1,2,0,0
525,"6/27/99",1,2330441,1,1,5,"Aunt",2,0,0,2,0,0
526,"6/27/99",1,2330441,2,2,1,"Parents",2,1,0,2,0,2
527,"6/27/99",1,2330441,2,2,2,"Brother",2,0,0,2,0,1
528,"6/27/99",1,2330441,2,2,3,"Sister",1,0,0,1,0,0
529,"6/27/99",1,2330441,2,2,4,"Uncle",10,6,0,6,4,0
530,"6/27/99",1,2330441,2,2,5,"Aunt",5,0,0,2,3,0
563,"6/27/99",1,2330459,1,1,3,"Sister",2,2,0,2,0,0
564,"6/27/99",1,2330459,1,2,2,"Brother",4,4,0,0,4,0
565,"6/27/99",1,2330459,1,2,3,"Sister",6,6,0,0,6,0
361,"9/09/95",1,2330531,2,2,1,"Parents",1,0,0,1,0,0
362,"9/09/95",1,2330531,2,2,2,"Brother",1,0,0,0,1,0
363,"9/09/95",1,2330531,2,2,4,"Uncle",2,2,0,2,0,0
364,"9/09/95",1,2330531,2,2,7,"Daughter",1,0,0,0,1,0
531,"6/27/99",1,2330541,2,1,1,"Parents",1,0,1,0,0,0
532,"6/27/99",1,2330541,2,1,2,"Brother",1,0,1,0,0,0
533,"6/27/99",1,2330541,2,1,3,"Sister",2,0,1,1,0,0
534,"6/27/99",1,2330541,2,1,4,"Uncle",2,0,2,0,0,0
535,"6/27/99",1,2330541,2,1,5,"Aunt",2,0,1,2,0,0
536,"6/27/99",1,2330541,2,2,1,"Parents",1,0,0,1,0,0
537,"6/27/99",1,2330541,2,2,2,"Brother",3,0,0,3,0,0
538,"6/27/99",1,2330541,2,2,3,"Sister",1,0,0,1,0,0
539,"6/27/99",1,2330541,2,2,5,"Aunt",3,0,0,3,0,0
365,"9/09/95",1,2330631,1,1,2,"Brother",1,1,1,0,0,0
366,"9/09/95",1,2330631,1,1,3,"Sister",1,0,0,1,0,0
367,"9/09/95",1,2330631,1,1,4,"Uncle",3,3,0,3,0,0
368,"9/09/95",1,2330631,1,1,5,"Aunt",1,0,0,1,0,0
369,"9/09/95",1,2330631,1,1,7,"Daughter",2,0,0,2,0,0
370,"9/09/95",1,2330631,2,2,1,"Parents",1,1,1,0,0,1
371,"9/09/95",1,2330631,2,2,2,"Brother",4,4,4,0,0,2
372,"9/09/95",1,2330631,2,2,3,"Sister",3,0,0,3,0,0
373,"9/09/95",1,2330631,2,2,5,"Aunt",1,0,0,1,0,0
374,"9/09/95",1,2330631,2,2,7,"Daughter",2,0,0,2,0,0
375,"9/09/95",1,2330731,1,1,2,"Brother",2,0,2,0,0,2
376,"9/09/95",1,2330731,1,1,3,"Sister",1,0,0,1,0,1
377,"9/09/95",1,2330731,1,1,4,"Uncle",1,1,0,1,0,0
378,"9/09/95",1,2330731,1,1,7,"Daughter",1,0,1,0,0,0
379,"9/09/95",1,2330731,2,2,1,"Parents",1,1,0,0,1,1
380,"9/09/95",1,2330731,2,2,2,"Brother",2,0,0,0,2,2
381,"9/09/95",1,2330731,2,2,3,"Sister",3,0,0,1,2,0
382,"9/09/95",1,2330731,2,2,4,"Uncle",1,1,0,0,1,0
383,"9/09/95",1,2330731,2,2,5,"Aunt",1,0,0,0,1,0
384,"9/09/95",1,2330731,2,2,7,"Daughter",1,0,1,0,0,0
385,"9/09/95",1,2330831,2,1,1,"Parents",1,1,0,1,0,0
386,"9/09/95",1,2330831,2,1,2,"Brother",3,0,0,3,0,0
387,"9/09/95",1,2330831,2,1,3,"Sister",4,0,0,4,0,0
388,"9/09/95",1,2330831,2,2,1,"Parents",1,0,1,0,0,0
389,"9/09/95",1,2330831,2,2,2,"Brother",3,0,3,0,0,0
390,"9/09/95",1,2330831,2,2,3,"Sister",2,0,2,0,0,0
391,"9/09/95",1,2330831,2,2,4,"Uncle",1,0,0,0,1,0
392,"9/09/95",1,2330831,2,2,5,"Aunt",2,0,1,1,0,0
393,"9/09/95",1,2330931,1,1,1,"Parents",1,0,1,0,0,0
394,"9/09/95",1,2330931,1,1,4,"Uncle",1,1,0,1,0,0
395,"9/09/95",1,2330931,1,1,7,"Daughter",1,0,0,0,1,1
396,"9/09/95",1,2330931,2,2,1,"Parents",1,0,1,0,0,1
397,"9/09/95",1,2330931,2,2,3,"Sister",3,0,1,2,0,0
398,"9/09/95",1,2330931,2,2,7,"Daughter",1,0,0,0,1,1
399,"9/09/95",1,2331031,1,1,1,"Parents",1,0,1,0,0,0
400,"9/09/95",1,2331031,1,1,2,"Brother",3,0,3,0,0,1
401,"9/09/95",1,2331031,1,1,3,"Sister",4,0,3,1,0,0
402,"9/09/95",1,2331031,1,1,5,"Aunt",1,0,0,1,0,0
403,"9/09/95",1,2331031,1,2,1,"Parents",1,0,0,0,1,0
404,"9/09/95",1,2331031,1,2,2,"Brother",3,0,0,0,3,1
405,"9/09/95",1,2331031,1,2,3,"Sister",2,0,0,0,2,0
406,"9/09/95",1,2331031,1,2,4,"Uncle",6,0,0,0,6,0
407,"9/09/95",1,2331031,1,2,5,"Aunt",3,0,0,0,3,0
408,"9/09/95",1,2331131,1,1,2,"Brother",3,0,0,3,0,0
409,"9/09/95",1,2331131,1,1,3,"Sister",2,0,0,2,0,0
410,"9/09/95",1,2331131,2,2,2,"Brother",3,0,0,2,1,3
411,"9/09/95",1,2331231,1,1,2,"Brother",4,4,0,4,0,4
412,"9/09/95",1,2331231,1,1,3,"Sister",2,0,0,2,0,0
413,"9/09/95",1,2331231,1,1,4,"Uncle",2,2,0,2,0,0
414,"9/09/95",1,2331231,1,1,5,"Aunt",3,0,0,3,0,0
415,"9/09/95",1,2331339,1,1,2,"Brother",2,2,0,2,0,2
416,"9/09/95",1,2331339,1,1,4,"Uncle",1,0,0,1,0,0
417,"9/09/95",1,2331339,1,1,5,"Aunt",3,0,0,3,0,0
418,"9/09/95",1,2331339,1,1,7,"Daughter",2,0,0,1,1,0
419,"9/09/95",1,2331339,2,2,1,"Parents",1,0,0,0,1,1
420,"9/09/95",1,2331339,2,2,2,"Brother",2,2,0,0,2,2
421,"9/09/95",1,2331339,2,2,3,"Sister",3,0,0,0,3,1
422,"9/09/95",1,2331339,2,2,4,"Uncle",1,1,0,0,1,0
423,"9/09/95",1,2331339,2,2,5,"Aunt",1,0,0,1,0,0
424,"9/09/95",1,2331339,2,2,7,"Daughter",2,0,0,1,1,0
425,"9/09/95",1,2331439,1,1,2,"Brother",1,0,0,0,1,0
426,"9/09/95",1,2331439,1,1,3,"Sister",3,0,0,0,3,0
427,"9/09/95",1,2331439,1,1,6,"Son",4,0,4,0,0,4
428,"9/09/95",1,2331439,1,1,7,"Daughter",1,0,0,0,1,0
429,"9/09/95",1,2331439,1,2,2,"Brother",3,0,0,0,3,0
430,"9/09/95",1,2331439,1,2,3,"Sister",3,0,0,0,3,0
431,"9/09/95",1,2331439,1,2,4,"Uncle",2,0,0,0,2,0
432,"9/09/95",1,2331439,1,2,5,"Aunt",2,0,0,0,2,0
433,"9/09/95",1,2331439,1,2,6,"Son",4,0,4,0,0,4
434,"9/09/95",1,2331439,1,2,7,"Daughter",1,0,0,0,1,0
435,"9/09/95",1,2331539,1,1,1,"Parents",2,1,2,0,0,2
436,"9/09/95",1,2331539,1,1,2,"Brother",3,0,2,0,1,3
437,"9/09/95",1,2331539,1,1,3,"Sister",3,0,0,2,1,1
438,"9/09/95",1,2331539,1,1,4,"Uncle",5,5,0,5,0,0
439,"9/09/95",1,2331539,1,1,5,"Aunt",3,0,0,2,1,0
441,"9/09/95",1,2331539,2,2,2,"Brother",3,0,0,3,0,3
442,"9/09/95",1,2331639,2,1,2,"Brother",3,0,0,0,3,0
443,"9/09/95",1,2331639,2,1,3,"Sister",1,0,0,0,1,0
444,"9/09/95",1,2331639,2,2,2,"Brother",2,0,0,0,2,0
445,"9/09/95",1,2331639,2,2,3,"Sister",1,0,0,0,1,0
446,"6/27/99",1,2331739,1,1,1,"Parents",1,0,1,0,0,0
447,"6/27/99",1,2331739,1,1,2,"Brother",2,0,2,0,0,0
448,"6/27/99",1,2331739,1,1,5,"Aunt",1,0,0,1,0,0
449,"6/27/99",1,2331739,1,2,1,"Parents",1,0,0,1,0,0
450,"6/27/99",1,2331739,1,2,2,"Brother",2,0,0,2,0,0
451,"6/27/99",1,2331739,1,2,3,"Sister",1,0,0,1,0,0
452,"6/27/99",1,2331739,1,2,4,"Uncle",3,0,0,3,0,0
453,"6/27/99",1,2331739,1,2,5,"Aunt",2,0,0,0,2,0
454,"6/27/99",1,2331839,2,1,1,"Parents",2,0,2,0,0,0
455,"6/27/99",1,2331839,2,1,2,"Brother",3,0,0,0,3,0
456,"6/27/99",1,2331839,2,1,3,"Sister",4,0,2,0,2,0
457,"6/27/99",1,2331839,2,1,4,"Uncle",2,0,2,0,0,0
458,"6/27/99",1,2331839,2,1,5,"Aunt",1,0,0,1,0,0
459,"6/27/99",1,2331839,2,2,1,"Parents",2,0,2,0,0,0
460,"6/27/99",1,2331839,2,2,2,"Brother",4,0,2,0,0,0
461,"6/27/99",1,2331839,2,2,3,"Sister",4,0,3,0,1,0
462,"6/27/99",1,2331839,2,2,4,"Uncle",1,0,1,0,0,0
463,"6/27/99",1,2331839,2,2,5,"Aunt",3,0,0,3,0,0
464,"6/27/99",1,2331939,1,1,1,"Parents",1,0,1,0,0,0
465,"6/27/99",1,2331939,1,1,2,"Brother",2,0,1,0,0,0
466,"6/27/99",1,2331939,1,1,3,"Sister",2,0,1,0,1,0
467,"6/27/99",1,2331939,1,1,4,"Uncle",4,0,4,0,0,0
468,"6/27/99",1,2331939,1,1,5,"Aunt",1,0,0,1,0,0
469,"6/27/99",1,2331939,1,2,1,"Parents",1,0,0,1,0,0
470,"6/27/99",1,2331939,1,2,2,"Brother",6,0,0,6,0,0
471,"6/27/99",1,2331939,1,2,3,"Sister",1,0,0,0,1,0
472,"6/27/99",1,2331939,1,2,4,"Uncle",3,0,0,3,0,0
473,"6/27/99",1,2331939,1,2,5,"Aunt",3,0,0,3,0,0
474,"6/27/99",1,2332039,2,1,1,"Parents",1,0,0,1,0,0
475,"6/27/99",1,2332039,2,1,2,"Brother",4,0,2,1,1,0
476,"6/27/99",1,2332039,2,1,3,"Sister",4,0,0,1,3,0
477,"6/27/99",1,2332039,2,1,4,"Uncle",2,0,0,2,0,0
478,"6/27/99",1,2332039,2,1,5,"Aunt",1,0,0,1,0,0
479,"6/27/99",1,2332039,2,2,1,"Parents",2,0,2,0,0,0
480,"6/27/99",1,2332039,2,2,2,"Brother",4,0,4,0,0,0
481,"6/27/99",1,2332039,2,2,3,"Sister",1,0,0,1,0,0
482,"6/27/99",1,2332039,2,2,4,"Uncle",5,0,3,2,0,0
483,"6/27/99",1,2332039,2,2,5,"Aunt",3,0,0,3,0,0
484,"6/27/99",1,2332139,2,1,1,"Parents",1,0,1,0,0,0
485,"6/27/99",1,2332139,2,1,2,"Brother",1,0,1,0,0,0
486,"6/27/99",1,2332139,2,1,3,"Sister",2,0,1,0,1,0
487,"6/27/99",1,2332139,2,1,4,"Uncle",1,0,0,1,0,0
488,"6/27/99",1,2332139,2,1,5,"Aunt",1,0,0,1,0,0
489,"6/27/99",1,2332139,2,2,1,"Parents",2,0,0,2,0,0
490,"6/27/99",1,2332139,2,2,2,"Brother",1,0,0,1,0,0
491,"6/27/99",1,2332139,2,2,4,"Uncle",1,0,0,1,0,0
492,"6/27/99",1,2332139,2,2,5,"Aunt",2,0,0,2,0,0
493,"6/27/99",1,2332239,1,1,3,"Sister",5,0,0,1,4,0
494,"6/27/99",1,2332239,1,1,4,"Uncle",1,0,0,0,1,0
495,"6/27/99",1,2332239,1,1,5,"Aunt",3,0,0,3,0,0
496,"6/27/99",1,2332239,1,2,1,"Parents",2,0,0,0,2,0
497,"6/27/99",1,2332239,1,2,2,"Brother",1,0,0,0,1,0
498,"6/27/99",1,2332239,1,2,3,"Sister",3,0,0,1,2,0
499,"6/27/99",1,2332239,1,2,4,"Uncle",1,0,0,0,1,0
500,"6/27/99",1,2332339,2,1,1,"Parents",1,0,1,0,0,0
501,"6/27/99",1,2332339,2,1,2,"Brother",1,0,1,0,0,0
502,"6/27/99",1,2332339,2,1,4,"Uncle",1,0,1,0,0,0
503,"6/27/99",1,2332339,2,2,1,"Parents",1,0,0,0,1,0
504,"6/27/99",1,2332339,2,2,2,"Brother",1,0,0,0,1,0
505,"6/27/99",1,2332339,2,2,3,"Sister",4,0,0,0,4,0
1,"6/4/99",1,2410131,2,1,2,"Brother",2,1,1,1,0,0
2,"6/4/99",1,2410131,2,1,3,"Sister",2,1,0,2,0,0
3,"6/4/99",1,2410131,2,1,4,"Uncle",1,1,0,1,0,0
4,"6/4/99",1,2410131,2,1,5,"Aunt",4,1,0,4,0,0
5,"6/4/99",1,2410131,2,1,6,"Son",1,0,1,0,0,1
6,"6/4/99",1,2410131,2,1,7,"Daughter",2,0,1,1,0,0
7,"6/4/99",1,2410131,2,2,3,"Sister",3,1,3,0,0,0
8,"6/4/99",1,2410131,2,2,4,"Uncle",1,0,1,0,0,0
9,"6/4/99",1,2410131,2,2,6,"Son",1,0,1,0,0,1
10,"6/4/99",1,2410131,2,2,7,"Daughter",2,0,1,1,0,0
163,"6/04/99",1,2410141,2,1,3,"Sister",1,0,0,1,0,0
164,"6/04/99",1,2410141,2,1,4,"Uncle",1,0,0,1,0,0
165,"6/04/99",1,2410141,2,1,7,"Daughter",8,0,0,5,3,0
166,"6/04/99",1,2410141,2,2,2,"Brother",2,2,0,2,0,0
167,"6/04/99",1,2410141,2,2,4,"Uncle",1,0,0,1,0,0
168,"6/04/99",1,2410141,2,2,5,"Aunt",1,0,0,1,0,0
169,"6/04/99",1,2410141,2,2,7,"Daughter",8,0,0,5,3,0
197,"6/04/99",1,2410151,1,1,2,"Brother",4,2,4,0,0,1
197,"6/04/99",1,2410151,1,1,3,"Sister",1,1,0,1,0,1
198,"6/04/99",1,2410151,1,1,4,"Uncle",2,2,1,1,0,0
199,"6/04/99",1,2410151,1,2,1,"Parents",2,0,2,0,0,0
200,"6/04/99",1,2410151,1,2,2,"Brother",1,0,1,0,0,0
201,"6/04/99",1,2410151,1,2,3,"Sister",3,0,3,0,0,0
202,"6/04/99",1,2410151,1,2,4,"Uncle",5,2,5,0,0,0
203,"6/04/99",1,2410151,1,2,5,"Aunt",5,2,1,4,0,0
11,"6/4/99",1,2410231,1,1,2,"Brother",2,2,2,0,0,2
12,"6/4/99",1,2410231,1,1,3,"Sister",1,0,1,0,0,0
13,"6/4/99",1,2410231,1,1,5,"Aunt",1,1,1,0,0,1
14,"6/4/99",1,2410231,1,1,6,"Son",1,0,0,0,1,1
15,"6/4/99",1,2410231,1,1,7,"Daughter",2,0,1,0,1,2
16,"6/4/99",1,2410231,1,2,2,"Brother",1,0,0,1,0,0
17,"6/4/99",1,2410231,1,2,6,"Son",1,0,0,0,1,1
18,"6/4/99",1,2410231,1,2,7,"Daughter",2,0,1,0,1,2
170,"6/04/99",1,2410241,2,1,2,"Brother",2,0,0,2,0,0
171,"6/04/99",1,2410241,2,1,6,"Son",1,1,1,0,0,0
172,"6/04/99",1,2410241,2,1,7,"Daughter",3,1,0,3,0,0
173,"6/04/99",1,2410241,2,2,2,"Brother",2,0,0,2,0,0
174,"6/04/99",1,2410241,2,2,3,"Sister",1,1,0,1,0,0
175,"6/04/99",1,2410241,2,2,5,"Aunt",1,1,1,0,0,0
176,"6/04/99",1,2410241,2,2,7,"Daughter",3,1,0,3,0,0
20,"6/4/99",1,2410331,1,1,3,"Sister",3,0,2,3,0,0
21,"6/4/99",1,2410331,1,1,4,"Uncle",2,1,1,1,0,0
22,"6/4/99",1,2410331,1,2,1,"Parents",1,0,1,1,0,0
23,"6/4/99",1,2410331,1,2,2,"Brother",3,0,3,3,0,0
24,"6/4/99",1,2410331,1,2,3,"Sister",3,0,2,3,0,0
25,"6/4/99",1,2410331,1,2,4,"Uncle",1,0,1,1,0,0
26,"6/4/99",1,2410331,1,2,5,"Aunt",2,1,0,2,0,0
177,"6/04/99",1,2410341,1,1,3,"Sister",1,0,1,0,0,0
178,"6/04/99",1,2410341,1,1,6,"Son",2,0,0,0,2,0
179,"6/04/99",1,2410341,1,1,7,"Daughter",4,0,1,3,0,0
180,"6/04/99",1,2410341,1,2,2,"Brother",3,1,0,0,3,0
181,"6/04/99",1,2410341,1,2,3,"Sister",3,0,0,0,3,0
182,"6/04/99",1,2410341,1,2,4,"Uncle",1,0,0,0,1,0
183,"6/04/99",1,2410341,1,2,5,"Aunt",2,0,0,0,2,0
184,"6/04/99",1,2410341,1,2,6,"Son",2,0,0,0,2,0
185,"6/04/99",1,2410341,1,2,7,"Daughter",4,0,1,3,0,0
204,"6/04/99",1,2410351,2,1,1,"Parents",2,1,2,0,0,0
205,"6/04/99",1,2410351,2,1,2,"Brother",4,2,4,0,0,0
206,"6/04/99",1,2410351,2,1,3,"Sister",4,2,2,2,0,0
207,"6/04/99",1,2410351,2,1,5,"Aunt",2,2,0,2,0,0
208,"6/04/99",1,2410351,2,2,1,"Parents",1,0,1,0,0,0
209,"6/04/99",1,2410351,2,2,2,"Brother",3,2,0,3,0,0
210,"6/04/99",1,2410351,2,2,3,"Sister",5,2,0,3,2,0
211,"6/04/99",1,2410351,2,2,4,"Uncle",4,4,0,4,0,0
212,"6/04/99",1,2410351,2,2,5,"Aunt",2,1,0,2,0,0
27,"6/4/99",1,2410431,2,1,1,"Parents",1,0,1,0,0,0
28,"6/4/99",1,2410431,2,1,2,"Brother",3,1,3,0,0,0
29,"6/4/99",1,2410431,2,1,3,"Sister",3,0,2,1,0,0
30,"6/4/99",1,2410431,2,1,4,"Uncle",2,1,1,1,0,0
31,"6/4/99",1,2410431,2,2,1,"Parents",2,1,0,0,2,0
32,"6/4/99",1,2410431,2,2,2,"Brother",2,2,0,0,2,0
33,"6/4/99",1,2410431,2,2,3,"Sister",4,2,1,0,3,0
34,"6/4/99",1,2410431,2,2,4,"Uncle",3,2,0,0,3,0
35,"6/4/99",1,2410431,2,2,5,"Aunt",3,1,0,0,3,0
213,"6/04/99",1,2410459,2,1,1,"Parents",1,1,1,0,0,0
214,"6/04/99",1,2410459,2,1,2,"Brother",5,5,5,0,0,4
215,"6/04/99",1,2410459,2,1,3,"Sister",3,2,0,3,0,0
216,"6/04/99",1,2410459,2,1,4,"Uncle",2,2,0,2,0,2
217,"6/04/99",1,2410459,2,1,5,"Aunt",2,2,0,2,0,0
218,"6/04/99",1,2410459,2,2,1,"Parents",1,0,0,1,0,0
219,"6/04/99",1,2410459,2,2,2,"Brother",2,2,0,2,0,0
220,"6/04/99",1,2410459,2,2,3,"Sister",5,2,0,5,0,0
221,"6/04/99",1,2410459,2,2,4,"Uncle",2,2,0,2,0,0
222,"6/04/99",1,2410459,2,2,5,"Aunt",1,1,0,1,0,0
36,"6/4/99",1,2410531,1,1,2,"Brother",1,1,1,0,0,1
37,"6/4/99",1,2410531,1,1,3,"Sister",1,0,1,0,0,0
38,"6/4/99",1,2410531,1,1,5,"Aunt",1,1,1,0,0,0
39,"6/4/99",1,2410531,1,1,6,"Son",1,0,1,0,0,1
40,"6/4/99",1,2410531,1,1,7,"Daughter",2,1,1,1,0,0
41,"6/4/99",1,2410531,2,2,2,"Brother",2,1,1,1,0,1
42,"6/4/99",1,2410531,2,2,3,"Sister",4,1,4,4,0,1
43,"6/4/99",1,2410531,2,2,4,"Uncle",8,4,0,8,0,0
44,"6/4/99",1,2410531,2,2,5,"Aunt",2,1,0,2,0,0
45,"6/4/99",1,2410531,2,2,6,"Son",1,0,1,0,0,1
46,"6/4/99",1,2410531,2,2,7,"Daughter",2,1,1,1,0,0
186,"6/04/99",1,2410541,1,1,1,"Parents",1,0,1,0,0,0
187,"6/04/99",1,2410541,1,1,2,"Brother",3,0,3,0,0,0
188,"6/04/99",1,2410541,1,1,3,"Sister",2,0,0,2,0,0
189,"6/04/99",1,2410541,1,1,4,"Uncle",2,0,2,0,0,0
190,"6/04/99",1,2410541,1,1,5,"Aunt",1,0,0,1,0,0
191,"6/04/99",1,2410541,2,2,1,"Parents",2,0,0,2,0,0
192,"6/04/99",1,2410541,2,2,2,"Brother",1,0,0,1,0,0
193,"6/04/99",1,2410541,2,2,3,"Sister",2,0,1,1,0,0
194,"6/04/99",1,2410541,2,2,4,"Uncle",7,3,0,7,0,0
195,"6/04/99",1,2410541,2,2,5,"Aunt",2,0,0,2,0,0
47,"6/4/99",1,2410631,1,1,2,"Brother",3,1,3,0,0,0
48,"6/4/99",1,2410631,1,1,3,"Sister",1,1,1,0,0,0
49,"6/4/99",1,2410631,1,1,4,"Uncle",2,1,1,1,0,0
50,"6/4/99",1,2410631,1,1,5,"Aunt",2,1,2,0,0,0
51,"6/4/99",1,2410631,1,2,1,"Parents",1,0,0,1,0,0
52,"6/4/99",1,2410631,1,2,4,"Uncle",5,3,0,5,0,3
53,"6/4/99",1,2410631,1,2,5,"Aunt",1,1,0,1,0,0
54,"6/4/99",1,2410731,1,1,2,"Brother",1,0,1,1,0,1
55,"6/4/99",1,2410731,1,1,3,"Sister",2,0,2,2,0,0
56,"6/4/99",1,2410731,1,1,7,"Daughter",1,0,0,1,0,0
57,"6/4/99",1,2410731,1,2,1,"Parents",1,0,0,0,1,0
58,"6/4/99",1,2410731,1,2,2,"Brother",2,0,0,0,2,0
59,"6/4/99",1,2410731,1,2,3,"Sister",4,2,0,0,4,0
60,"6/4/99",1,2410731,1,2,7,"Daughter",1,0,0,1,0,0
61,"6/4/99",1,2410931,3,1,2,"Brother",2,1,1,1,0,0
62,"6/4/99",1,2410931,3,2,1,"Parents",1,0,1,0,0,0
63,"6/4/99",1,2410931,3,2,2,"Brother",1,0,1,0,0,0
64,"6/4/99",1,2410931,3,2,3,"Sister",4,1,2,2,0,0
65,"6/4/99",1,2410931,3,2,4,"Uncle",1,0,1,0,0,0
66,"6/4/99",1,2410931,3,2,5,"Aunt",1,0,1,1,0,0
67,"6/4/99",1,2411031,1,1,1,"Parents",2,1,2,0,0,0
68,"6/4/99",1,2411031,1,1,2,"Brother",3,0,3,0,0,0
69,"6/4/99",1,2411031,1,1,3,"Sister",4,2,0,2,2,0
70,"6/4/99",1,2411031,1,1,4,"Uncle",9,4,0,6,3,2
71,"6/4/99",1,2411031,1,1,5,"Aunt",8,6,0,8,0,0
72,"6/4/99",1,2411031,1,2,1,"Parents",1,0,0,1,0,0
73,"6/4/99",1,2411031,1,2,2,"Brother",3,0,0,3,0,0
74,"6/4/99",1,2411031,1,2,3,"Sister",4,0,0,4,0,0
76,"6/4/99",1,2411031,1,2,5,"Aunt",3,0,0,3,0,0
77,"6/4/99",1,2411231,1,1,2,"Brother",2,0,2,0,0,0
78,"6/4/99",1,2411231,1,1,3,"Sister",1,0,0,0,1,0
82,"6/4/99",1,2411231,2,1,4,"Uncle",3,0,0,3,0,0
83,"6/4/99",1,2411231,2,1,5,"Aunt",3,0,0,3,0,0
79,"6/4/99",1,2411231,2,2,1,"Parents",2,0,0,2,0,0
84,"6/4/99",1,2411339,2,1,1,"Parents",1,0,1,0,0,0
90,"6/4/99",1,2411339,2,1,2,"Brother",3,1,3,0,0,0
86,"6/4/99",1,2411339,2,1,3,"Sister",2,0,0,2,0,0
87,"6/4/99",1,2411339,2,1,4,"Uncle",2,0,1,1,0,0
88,"6/4/99",1,2411339,2,1,5,"Aunt",3,1,0,3,0,0
89,"6/4/99",1,2411339,2,2,1,"Parents",1,0,1,0,0,0
93,"6/04/99",1,2411439,1,1,1,"Parents",2,1,0,2,0,0
94,"6/04/99",1,2411439,1,1,2,"Brother",3,0,1,2,0,0
95,"6/04/99",1,2411439,1,1,3,"Sister",2,1,0,2,0,0
96,"6/04/99",1,2411439,1,1,4,"Uncle",3,0,0,3,0,0
97,"6/04/99",1,2411439,1,1,5,"Aunt",2,0,0,2,0,0
98,"6/04/99",1,2411439,1,2,1,"Parents",1,0,1,0,0,0
99,"6/04/99",1,2411439,1,2,2,"Brother",2,0,1,0,1,0
100,"6/04/99",1,2411439,1,2,3,"Sister",3,1,2,0,1,0
101,"6/04/99",1,2411439,1,2,4,"Uncle",3,0,3,0,0,0
102,"6/04/99",1,2411539,2,1,1,"Parents",1,0,1,0,0,0
103,"6/04/99",1,2411539,2,1,2,"Brother",3,0,3,0,0,0
104,"6/04/99",1,2411539,2,1,3,"Sister",2,0,1,1,0,0
105,"6/04/99",1,2411539,2,1,4,"Uncle",2,0,2,0,0,0
106,"6/04/99",1,2411539,2,1,5,"Aunt",1,0,0,1,0,0
107,"6/04/99",1,2411539,2,2,1,"Parents",2,0,2,0,0,0
108,"6/04/99",1,2411539,2,2,2,"Brother",2,0,0,2,0,0
109,"6/04/99",1,2411539,2,2,3,"Sister",1,0,1,0,0,0
110,"6/04/99",1,2411539,2,2,4,"Uncle",4,0,0,4,0,0
111,"6/04/99",1,2411539,2,2,5,"Aunt",1,0,0,1,0,0
112,"6/04/99",1,2411639,1,1,2,"Brother",4,2,4,0,0,0
113,"6/04/99",1,2411639,1,1,3,"Sister",1,0,1,0,0,0
114,"6/04/99",1,2411639,1,1,4,"Uncle",3,1,1,0,2,0
115,"6/04/99",1,2411639,1,1,6,"Son",1,0,0,0,1,1
116,"6/04/99",1,2411639,1,1,7,"Daughter",2,0,0,2,0,0
117,"6/04/99",1,2411639,1,2,2,"Brother",1,1,0,1,0,0
118,"6/04/99",1,2411639,1,2,3,"Sister",1,1,0,1,0,0
119,"6/04/99",1,2411639,1,2,6,"Son",1,0,0,0,1,1
120,"6/04/99",1,2411639,1,2,7,"Daughter",2,0,0,2,0,0
121,"6/04/99",1,2411739,1,1,2,"Brother",5,0,5,0,0,0
122,"6/04/99",1,2411739,1,1,3,"Sister",2,2,0,2,0,0
123,"6/04/99",1,2411739,1,1,4,"Uncle",1,0,1,0,0,0
124,"6/04/99",1,2411739,1,1,5,"Aunt",7,3,1,2,2,0
125,"6/04/99",1,2411739,1,2,1,"Parents",1,0,1,0,0,0
126,"6/04/99",1,2411739,1,2,2,"Brother",4,0,4,0,0,0
127,"6/04/99",1,2411739,1,2,3,"Sister",4,1,2,2,0,0
128,"6/04/99",1,2411739,1,2,4,"Uncle",3,0,3,0,0,0
129,"6/04/99",1,2411739,1,2,5,"Aunt",2,1,2,0,0,0
130,"6/04/99",1,2411839,1,1,2,"Brother",3,0,3,0,0,0
131,"6/04/99",1,2411839,1,1,3,"Sister",1,0,1,0,0,0
132,"6/04/99",1,2411839,1,1,4,"Uncle",2,2,0,2,0,0
133,"6/04/99",1,2411839,1,1,5,"Aunt",1,0,0,1,0,0
134,"6/04/99",1,2411839,2,2,1,"Parents",1,0,0,1,0,0
135,"6/04/99",1,2411839,2,2,2,"Brother",4,2,0,4,0,0
136,"6/04/99",1,2411839,2,2,3,"Sister",3,1,0,3,0,0
137,"6/04/99",1,2411839,2,2,5,"Aunt",1,0,0,0,1,0
138,"6/04/99",1,2411939,1,1,1,"Parents",1,0,1,1,0,0
139,"6/04/99",1,2411939,1,1,2,"Brother",2,0,2,2,0,0
140,"6/04/99",1,2411939,1,1,3,"Sister",3,0,3,0,0,0
141,"6/04/99",1,2411939,1,2,2,"Brother",1,0,0,1,0,0
142,"6/04/99",1,2411939,1,2,3,"Sister",1,0,1,0,0,0
143,"6/04/99",1,2411939,1,2,4,"Uncle",1,0,0,1,0,0
144,"6/04/99",1,2411939,1,2,7,"Daughter",2,0,0,2,0,0
145,"6/04/99",1,2412039,1,1,2,"Brother",4,0,3,1,0,0
146,"6/04/99",1,2412039,1,1,3,"Sister",1,0,0,1,0,0
147,"6/04/99",1,2412039,1,1,4,"Uncle",1,0,0,1,0,0
148,"6/04/99",1,2412039,1,1,5,"Aunt",1,0,1,0,0,0
149,"6/04/99",1,2412039,1,1,6,"Son",2,0,2,0,0,0
150,"6/04/99",1,2412039,1,1,7,"Daughter",2,0,0,2,0,0
151,"6/04/99",1,2412039,2,2,2,"Brother",1,0,1,1,0,0
152,"6/04/99",1,2412039,2,2,3,"Sister",8,2,0,1,7,3
153,"6/04/99",1,2412039,2,2,5,"Aunt",1,0,0,1,0,0
154,"6/04/99",1,2412039,2,2,6,"Son",2,0,2,0,0,0
155,"6/04/99",1,2412039,2,2,7,"Daughter",2,0,0,2,0,0
156,"6/04/99",1,2412139,1,1,2,"Brother",5,1,0,5,0,1
157,"6/04/99",1,2412139,1,1,3,"Sister",4,1,0,4,0,1
158,"6/04/99",1,2412139,1,1,4,"Uncle",2,0,0,2,0,0
160,"6/04/99",1,2412139,2,2,1,"Parents",2,0,2,2,0,0
161,"6/04/99",1,2412139,2,2,2,"Brother",4,0,4,0,0,0
162,"6/04/99",1,2412139,2,2,5,"Aunt",4,1,3,1,0,0
204,"8/06/99",1,2420131,1,1,2,"Brother",6,3,4,4,2,2
205,"8/06/99",1,2420131,1,1,3,"Sister",1,1,0,1,0,0
206,"8/06/99",1,2420131,1,1,4,"Uncle",2,1,2,2,0,1
207,"8/06/99",1,2420131,1,1,7,"Daughter",1,1,0,0,1,0
208,"8/06/99",1,2420131,2,2,1,"Parents",1,1,0,0,1,0
209,"8/06/99",1,2420131,2,2,2,"Brother",2,2,0,0,2,0
210,"8/06/99",1,2420131,2,2,3,"Sister",6,2,0,0,6,0
211,"8/06/99",1,2420131,2,2,7,"Daughter",1,1,0,0,1,0
370,"8/06/99",1,2420141,2,1,1,"Parents",1,0,1,1,0,0
371,"8/06/99",1,2420141,2,1,2,"Brother",3,2,3,3,0,0
372,"8/06/99",1,2420141,2,1,3,"Sister",1,1,0,0,1,1
373,"8/06/99",1,2420141,2,1,5,"Aunt",1,1,0,1,0,0
374,"8/06/99",1,2420141,2,2,1,"Parents",2,1,0,2,0,1
375,"8/06/99",1,2420141,2,2,2,"Brother",2,2,0,2,0,1
376,"8/06/99",1,2420141,2,2,3,"Sister",3,2,0,3,0,0
377,"8/06/99",1,2420141,2,2,4,"Uncle",4,2,0,4,0,0
378,"8/06/99",1,2420141,2,2,5,"Aunt",4,2,0,4,0,0
402,"8/06/99",1,2420151,2,1,1,"Parents",1,1,1,1,0,0
403,"8/06/99",1,2420151,2,1,2,"Brother",4,4,4,4,0,0
404,"8/06/99",1,2420151,2,1,3,"Sister",4,4,0,4,0,0
405,"8/06/99",1,2420151,2,1,5,"Aunt",2,2,0,2,0,0
406,"8/06/99",1,2420151,2,2,1,"Parents",1,1,0,1,0,0
407,"8/06/99",1,2420151,2,2,2,"Brother",4,2,0,4,0,0
408,"8/06/99",1,2420151,2,2,3,"Sister",4,2,0,4,0,0
409,"8/06/99",1,2420151,2,2,4,"Uncle",3,3,0,3,0,0
410,"8/06/99",1,2420151,2,2,5,"Aunt",2,2,0,2,0,0
212,"8/06/99",1,2420231,1,1,2,"Brother",1,0,1,1,0,0
213,"8/06/99",1,2420231,1,1,3,"Sister",1,0,0,0,1,0
214,"8/06/99",1,2420231,2,2,2,"Brother",3,3,0,2,1,0
215,"8/06/99",1,2420231,2,2,3,"Sister",1,1,0,1,0,0
216,"8/06/99",1,2420231,2,2,4,"Uncle",4,4,0,1,3,0
217,"8/06/99",1,2420231,2,2,5,"Aunt",3,3,0,1,2,0
379,"8/06/99",1,2420241,1,1,1,"Parents",1,1,1,1,0,0
380,"8/06/99",1,2420241,1,1,2,"Brother",4,0,4,4,0,0
381,"8/06/99",1,2420241,1,1,3,"Sister",3,1,1,3,0,0
382,"8/06/99",1,2420241,1,1,5,"Aunt",1,1,0,1,0,0
383,"8/06/99",1,2420241,1,2,1,"Parents",2,2,0,0,2,2
384,"8/06/99",1,2420241,1,2,2,"Brother",3,3,0,0,3,3
385,"8/06/99",1,2420241,1,2,3,"Sister",1,1,0,0,1,0
386,"8/06/99",1,2420241,1,2,4,"Uncle",1,1,0,0,1,0
387,"8/06/99",1,2420241,1,2,5,"Aunt",1,1,0,0,1,0
411,"8/06/99",1,2420251,1,1,1,"Parents",1,1,1,1,0,0
412,"8/06/99",1,2420251,1,1,2,"Brother",3,3,3,3,0,2
413,"8/06/99",1,2420251,1,1,3,"Sister",4,3,1,4,0,1
414,"8/06/99",1,2420251,2,2,2,"Brother",2,2,0,2,0,0
415,"8/06/99",1,2420251,2,2,3,"Sister",3,2,0,3,0,0
416,"8/06/99",1,2420251,2,2,4,"Uncle",2,2,0,2,0,0
218,"8/06/99",1,2420331,1,1,2,"Brother",6,3,4,4,2,2
219,"8/06/99",1,2420331,1,1,3,"Sister",1,1,0,1,0,0
220,"8/06/99",1,2420331,1,1,4,"Uncle",2,1,2,2,0,1
222,"8/06/99",1,2420331,1,2,2,"Brother",1,1,0,1,0,1
223,"8/06/99",1,2420331,1,2,3,"Sister",4,2,0,4,0,2
224,"8/06/99",1,2420331,1,2,4,"Uncle",6,3,1,3,3,1
225,"8/06/99",1,2420331,1,2,5,"Aunt",1,1,0,1,0,0
226,"8/06/99",1,2420331,1,2,7,"Daughter",1,0,0,1,0,0
417,"8/06/99",1,2420351,1,1,1,"Parents",1,1,1,1,0,0
418,"8/06/99",1,2420351,1,1,2,"Brother",3,3,3,3,0,0
419,"8/06/99",1,2420351,1,1,3,"Sister",4,2,0,4,0,0
420,"8/06/99",1,2420351,1,1,6,"Son",1,0,1,1,0,0
421,"8/06/99",1,2420351,2,2,1,"Parents",2,1,0,0,2,0
422,"8/06/99",1,2420351,2,2,2,"Brother",2,2,0,0,2,0
423,"8/06/99",1,2420351,2,2,3,"Sister",3,2,0,0,3,0
424,"8/06/99",1,2420351,2,2,4,"Uncle",9,7,0,0,9,0
425,"8/06/99",1,2420351,2,2,5,"Aunt",9,6,0,0,9,0
426,"8/06/99",1,2420351,2,2,6,"Son",1,0,1,1,0,0
227,"8/06/99",1,2420431,1,1,2,"Brother",1,0,1,1,0,0
228,"8/06/99",1,2420431,1,1,3,"Sister",1,1,0,1,0,0
229,"8/06/99",1,2420431,1,1,4,"Uncle",2,2,2,2,0,0
230,"8/06/99",1,2420431,1,1,5,"Aunt",2,2,2,2,0,0
231,"8/06/99",1,2420431,2,2,7,"Daughter",1,1,0,1,0,0
388,"8/06/99",1,2420441,1,1,2,"Brother",2,0,1,1,1,0
389,"8/06/99",1,2420441,1,1,3,"Sister",1,0,0,0,1,0
390,"8/06/99",1,2420441,1,1,6,"Son",1,0,1,1,0,0
391,"8/06/99",1,2420441,1,1,7,"Daughter",2,0,0,2,0,0
392,"8/06/99",1,2420441,2,2,2,"Brother",1,0,0,0,1,0
393,"8/06/99",1,2420441,2,2,3,"Sister",5,0,1,1,4,0
394,"8/06/99",1,2420441,2,2,6,"Son",1,0,1,1,0,0
395,"8/06/99",1,2420441,2,2,7,"Daughter",2,0,0,2,0,0
427,"8/06/99",1,2420459,1,1,2,"Brother",4,4,4,4,0,4
428,"8/06/99",1,2420459,1,1,3,"Sister",3,3,1,3,0,0
429,"8/06/99",1,2420459,1,1,6,"Son",2,0,0,0,2,2
430,"8/06/99",1,2420459,1,1,7,"Daughter",4,4,0,4,0,0
431,"8/06/99",1,2420459,2,2,2,"Brother",1,1,0,0,1,0
432,"8/06/99",1,2420459,2,2,3,"Sister",1,1,0,0,1,0
433,"8/06/99",1,2420459,2,2,4,"Uncle",1,1,0,0,1,0
434,"8/06/99",1,2420459,2,2,5,"Aunt",1,1,0,0,1,0
435,"8/06/99",1,2420459,2,2,6,"Son",2,0,0,0,2,2
436,"8/06/99",1,2420459,2,2,7,"Daughter",4,4,0,4,0,0
232,"8/06/99",1,2420531,1,1,2,"Brother",3,3,2,3,0,0
233,"8/06/99",1,2420531,1,1,3,"Sister",1,1,1,1,0,0
234,"8/06/99",1,2420531,1,1,4,"Uncle",2,2,0,2,0,0
235,"8/06/99",1,2420531,1,1,5,"Aunt",2,2,0,2,0,0
236,"8/06/99",1,2420531,1,1,7,"Daughter",1,1,0,1,0,0
237,"8/06/99",1,2420531,2,2,1,"Parents",1,1,0,1,0,0
238,"8/06/99",1,2420531,2,2,2,"Brother",2,2,0,2,0,0
239,"8/06/99",1,2420531,2,2,3,"Sister",7,4,0,7,0,0
240,"8/06/99",1,2420531,2,2,4,"Uncle",1,1,0,1,0,0
241,"8/06/99",1,2420531,2,2,7,"Daughter",1,1,0,1,0,0
396,"8/06/99",1,2420541,1,1,1,"Parents",1,1,0,0,1,1
397,"8/06/99",1,2420541,1,1,2,"Brother",1,0,1,1,0,0
398,"8/06/99",1,2420541,1,1,4,"Uncle",2,2,0,0,2,0
399,"8/06/99",1,2420541,1,1,5,"Aunt",3,3,0,0,3,0
400,"8/06/99",1,2420541,3,2,1,"Parents",2,1,0,2,0,0
401,"8/06/99",1,2420541,3,2,3,"Sister",1,1,0,1,0,0
242,"8/06/99",1,2420631,1,1,2,"Brother",6,6,3,3,3,3
243,"8/06/99",1,2420631,1,1,3,"Sister",3,3,0,0,3,1
244,"8/06/99",1,2420631,1,1,4,"Uncle",1,1,0,0,1,0
245,"8/06/99",1,2420631,1,1,5,"Aunt",3,3,0,0,3,0
246,"8/06/99",1,2420631,1,1,7,"Daughter",1,0,0,1,0,0
247,"8/06/99",1,2420631,2,2,1,"Parents",1,1,0,1,0,0
248,"8/06/99",1,2420631,2,2,2,"Brother",4,4,0,4,0,0
249,"8/06/99",1,2420631,2,2,3,"Sister",4,2,0,4,0,0
250,"8/06/99",1,2420631,2,2,4,"Uncle",1,1,0,1,0,1
251,"8/06/99",1,2420631,2,2,7,"Daughter",1,0,0,1,0,0
252,"8/06/99",1,2420731,1,1,2,"Brother",4,3,3,4,0,0
253,"8/06/99",1,2420731,1,1,3,"Sister",3,3,1,3,0,0
254,"8/06/99",1,2420731,1,1,5,"Aunt",1,1,0,1,0,1
255,"8/06/99",1,2420731,1,1,6,"Son",1,0,0,0,1,1
256,"8/06/99",1,2420731,1,1,7,"Daughter",1,0,0,1,0,0
257,"8/06/99",1,2420731,1,2,1,"Parents",1,1,0,1,0,0
258,"8/06/99",1,2420731,1,2,2,"Brother",1,1,0,1,0,0
259,"8/06/99",1,2420731,1,2,3,"Sister",3,3,0,3,0,0
260,"8/06/99",1,2420731,1,2,4,"Uncle",4,4,0,4,0,0
261,"8/06/99",1,2420731,1,2,5,"Aunt",4,3,0,4,0,0
263,"8/06/99",1,2420731,1,2,6,"Son",1,0,0,0,1,1
264,"8/06/99",1,2420731,1,2,7,"Daughter",1,0,0,1,0,0
265,"8/06/99",1,2420831,1,1,2,"Brother",6,1,3,3,3,3
266,"8/06/99",1,2420831,1,1,3,"Sister",3,1,0,2,1,0
267,"8/06/99",1,2420831,1,1,4,"Uncle",1,1,0,0,1,0
268,"8/06/99",1,2420831,1,1,5,"Aunt",1,1,0,0,1,0
269,"8/06/99",1,2420831,2,2,1,"Parents",1,1,0,1,0,0
270,"8/06/99",1,2420831,2,2,2,"Brother",2,1,0,2,0,0
271,"8/06/99",1,2420831,2,2,3,"Sister",2,0,0,2,0,0
272,"8/06/99",1,2420831,2,2,4,"Uncle",1,1,0,1,0,0
273,"8/06/99",1,2420931,1,1,2,"Brother",1,1,1,1,0,0
274,"8/06/99",1,2420931,1,1,3,"Sister",4,2,0,2,2,0
275,"8/06/99",1,2420931,1,1,5,"Aunt",1,1,0,1,0,0
276,"8/06/99",1,2420931,2,2,1,"Parents",2,0,0,0,2,0
277,"8/06/99",1,2420931,2,2,2,"Brother",1,1,0,0,1,0
278,"8/06/99",1,2420931,2,2,3,"Sister",1,0,0,0,1,0
279,"8/06/99",1,2420931,2,2,5,"Aunt",1,1,0,0,1,0
280,"8/06/99",1,2421031,1,1,2,"Brother",3,3,3,3,0,0
281,"8/06/99",1,2421031,1,1,7,"Daughter",1,0,0,1,0,0
282,"8/06/99",1,2421031,2,2,2,"Brother",1,1,0,0,1,0
283,"8/06/99",1,2421031,2,2,3,"Sister",4,3,0,2,2,0
284,"8/06/99",1,2421031,2,2,4,"Uncle",3,3,0,0,3,0
285,"8/06/99",1,2421031,2,2,7,"Daughter",1,0,0,1,0,0
286,"8/06/99",1,2421131,1,1,2,"Brother",1,1,1,1,0,1
287,"8/06/99",1,2421131,1,1,3,"Sister",3,3,0,0,3,0
288,"8/06/99",1,2421131,1,1,4,"Uncle",1,1,0,1,0,0
289,"8/06/99",1,2421131,2,2,1,"Parents",1,1,0,0,1,0
290,"8/06/99",1,2421131,2,2,2,"Brother",4,4,0,0,4,0
291,"8/06/99",1,2421131,2,2,3,"Sister",2,1,0,0,2,0
292,"8/06/99",1,2421131,2,2,4,"Uncle",2,2,0,0,2,0
293,"8/06/99",1,2421131,2,2,5,"Aunt",3,3,0,0,3,0
294,"8/06/99",1,2421132,2,1,1,"Parents",1,1,1,1,0,0
295,"8/06/99",1,2421132,2,1,2,"Brother",1,1,1,1,0,0
296,"8/06/99",1,2421132,2,1,3,"Sister",3,3,0,0,3,0
297,"8/06/99",1,2421132,2,1,4,"Uncle",1,1,1,1,0,0
298,"8/06/99",1,2421132,2,2,1,"Parents",1,0,0,1,0,0
299,"8/06/99",1,2421132,2,2,2,"Brother",2,2,0,2,0,0
300,"8/06/99",1,2421132,2,2,3,"Sister",1,1,0,1,0,0
301,"8/06/99",1,2421132,2,2,4,"Uncle",2,2,0,2,0,0
302,"8/06/99",1,2421132,2,2,5,"Aunt",2,2,0,2,0,0
303,"8/06/99",1,2421231,1,1,1,"Parents",1,1,1,1,0,0
304,"8/06/99",1,2421231,1,1,2,"Brother",1,0,1,1,0,1
305,"8/06/99",1,2421231,1,1,3,"Sister",3,2,1,3,0,0
306,"8/06/99",1,2421231,1,1,4,"Uncle",6,4,4,4,2,0
307,"8/06/99",1,2421231,1,1,5,"Aunt",3,0,0,3,0,0
308,"8/06/99",1,2421231,2,2,1,"Parents",2,0,2,2,0,0
309,"8/06/99",1,2421231,2,2,2,"Brother",4,0,4,4,0,0
310,"8/06/99",1,2421231,2,2,3,"Sister",3,1,1,3,0,0
311,"8/06/99",1,2421231,2,2,4,"Uncle",6,4,6,6,0,0
312,"8/06/99",1,2421231,2,2,5,"Aunt",5,2,3,5,0,0
313,"8/06/99",1,2421232,1,1,1,"Parents",1,1,1,1,0,0
314,"8/06/99",1,2421232,1,1,2,"Brother",1,0,1,1,0,0
315,"8/06/99",1,2421232,1,1,3,"Sister",3,2,1,3,0,0
316,"8/06/99",1,2421232,1,1,4,"Uncle",6,4,4,6,0,0
317,"8/06/99",1,2421232,1,1,5,"Aunt",3,0,3,3,0,0
318,"8/06/99",1,2421232,2,2,1,"Parents",2,2,0,2,0,2
319,"8/06/99",1,2421232,2,2,2,"Brother",1,0,0,1,0,0
320,"8/06/99",1,2421232,2,2,3,"Sister",4,2,0,4,0,0
321,"8/06/99",1,2421232,2,2,4,"Uncle",5,4,0,5,0,0
322,"8/06/99",1,2421232,2,2,5,"Aunt",3,2,0,3,0,0
323,"8/06/99",1,2421339,1,1,3,"Sister",1,0,1,1,0,0
324,"8/06/99",1,2421339,1,1,4,"Uncle",4,4,0,4,0,2
325,"8/06/99",1,2421339,1,1,6,"Son",2,0,1,1,1,1
326,"8/06/99",1,2421339,1,1,7,"Daughter",2,0,1,1,1,0
327,"8/06/99",1,2421339,2,2,1,"Parents",1,1,0,1,0,0
328,"8/06/99",1,2421339,2,2,2,"Brother",1,1,0,1,0,0
329,"8/06/99",1,2421339,2,2,3,"Sister",4,1,0,4,0,0
330,"8/06/99",1,2421339,2,2,4,"Uncle",4,4,0,4,0,0
331,"8/06/99",1,2421339,2,2,6,"Son",2,0,1,1,1,1
332,"8/06/99",1,2421339,2,2,7,"Daughter",2,0,1,1,1,0
333,"8/06/99",1,2421439,1,1,1,"Parents",2,1,2,2,0,1
334,"8/06/99",1,2421439,1,1,2,"Brother",6,0,6,6,0,0
335,"8/06/99",1,2421439,1,1,3,"Sister",2,0,0,2,0,0
336,"8/06/99",1,2421439,1,1,4,"Uncle",1,1,1,1,0,0
337,"8/06/99",1,2421439,1,1,5,"Aunt",3,2,0,3,0,0
338,"8/06/99",1,2421439,2,2,1,"Parents",2,1,0,0,2,0
339,"8/06/99",1,2421439,2,2,2,"Brother",3,1,0,0,3,0
340,"8/06/99",1,2421439,2,2,3,"Sister",4,1,0,0,4,0
341,"8/06/99",1,2421439,2,2,4,"Uncle",3,3,0,0,3,0
342,"8/06/99",1,2421439,2,2,5,"Aunt",9,9,0,0,9,0
343,"8/06/99",1,2421539,1,1,2,"Brother",1,0,1,1,0,0
344,"8/06/99",1,2421539,1,1,3,"Sister",2,2,0,2,0,1
345,"8/06/99",1,2421539,1,1,4,"Uncle",5,5,2,2,3,1
346,"8/06/99",1,2421539,1,1,5,"Aunt",6,6,1,2,4,0
347,"8/06/99",1,2421639,1,1,2,"Brother",3,3,3,3,0,0
348,"8/06/99",1,2421639,1,1,3,"Sister",2,2,0,2,0,0
349,"8/06/99",1,2421639,1,1,5,"Aunt",1,1,0,1,0,0
350,"8/06/99",1,2421639,2,2,1,"Parents",2,1,0,0,2,0
351,"8/06/99",1,2421639,2,2,2,"Brother",4,2,0,0,4,0
352,"8/06/99",1,2421639,2,2,3,"Sister",3,2,0,0,3,0
353,"8/06/99",1,2421639,2,2,4,"Uncle",5,5,0,0,5,0
354,"8/06/99",1,2421639,2,2,5,"Aunt",4,4,0,0,4,0
355,"8/06/99",1,2421739,1,1,2,"Brother",3,3,3,3,0,0
356,"8/06/99",1,2421739,1,1,3,"Sister",1,1,0,1,0,0
357,"8/06/99",1,2421739,1,1,5,"Aunt",1,1,0,0,1,0
358,"8/06/99",1,2421739,2,2,2,"Brother",4,2,0,4,0,0
359,"8/06/99",1,2421739,2,2,3,"Sister",4,2,0,4,0,2
360,"8/06/99",1,2421839,1,1,2,"Brother",4,4,1,2,1,0
361,"8/06/99",1,2421839,1,1,3,"Sister",2,2,0,1,1,0
362,"8/06/99",1,2421839,1,1,6,"Son",1,0,1,1,0,0
363,"8/06/99",1,2421839,1,1,7,"Daughter",1,0,0,0,1,0
364,"8/06/99",1,2421839,1,2,1,"Parents",1,1,1,1,0,0
365,"8/06/99",1,2421839,1,2,2,"Brother",5,2,5,5,0,0
366,"8/06/99",1,2421839,1,2,3,"Sister",2,1,0,1,1,0
367,"8/06/99",1,2421839,1,2,4,"Uncle",2,2,0,0,2,0
368,"8/06/99",1,2421839,1,2,6,"Son",1,0,1,1,0,0
369,"8/06/99",1,2421839,1,2,7,"Daughter",1,0,0,0,1,0
784,"8/17/99",1,2430131,2,1,2,"Brother",4,0,1,1,3,0
785,"8/17/99",1,2430131,2,1,3,"Sister",1,0,0,0,1,0
786,"8/17/99",1,2430131,2,2,1,"Parents",1,0,1,1,0,0
787,"8/17/99",1,2430131,2,2,2,"Brother",3,0,2,2,1,0
788,"8/17/99",1,2430131,2,2,3,"Sister",2,0,2,2,0,0
789,"8/17/99",1,2430131,2,2,4,"Uncle",2,1,0,0,2,0
790,"8/17/99",1,2430131,2,2,5,"Aunt",1,0,1,1,0,0
912,"8/18/99",1,2430141,1,1,2,"Brother",3,0,3,3,0,0
913,"8/18/99",1,2430141,1,1,3,"Sister",1,1,0,0,1,0
914,"8/18/99",1,2430141,1,1,4,"Uncle",1,0,0,0,1,0
915,"8/18/99",1,2430141,1,1,6,"Son",2,0,2,2,0,0
916,"8/18/99",1,2430141,1,1,7,"Daughter",5,5,2,3,2,1
917,"8/18/99",1,2430141,2,2,2,"Brother",2,2,0,0,2,0
918,"8/18/99",1,2430141,2,2,3,"Sister",1,1,0,0,1,0
919,"8/18/99",1,2430141,2,2,4,"Uncle",1,1,0,0,1,0
920,"8/18/99",1,2430141,2,2,6,"Son",2,0,2,2,0,0
921,"8/18/99",1,2430141,2,2,7,"Daughter",5,5,2,3,2,1
922,"8/18/99",1,2430142,2,1,1,"Parents",2,0,2,2,0,0
923,"8/18/99",1,2430142,2,1,2,"Brother",3,0,3,3,0,0
924,"8/18/99",1,2430142,2,1,3,"Sister",5,0,1,3,2,0
925,"8/18/99",1,2430142,2,1,4,"Uncle",4,2,2,2,2,0
926,"8/18/99",1,2430142,2,1,5,"Aunt",1,1,0,0,1,0
927,"8/18/99",1,2430142,2,2,1,"Parents",2,2,0,0,2,0
928,"8/18/99",1,2430142,2,2,2,"Brother",1,0,0,0,1,0
929,"8/18/99",1,2430142,2,2,3,"Sister",4,0,0,0,4,0
930,"8/18/99",1,2430142,2,2,4,"Uncle",4,4,0,0,4,0
931,"8/18/99",1,2430142,2,2,5,"Aunt",5,5,0,0,5,0
932,"8/18/99",1,2430143,1,1,1,"Parents",2,0,2,2,0,0
933,"8/18/99",1,2430143,1,1,2,"Brother",3,0,3,3,0,0
934,"8/18/99",1,2430143,1,1,3,"Sister",5,4,2,2,3,0
935,"8/18/99",1,2430143,1,1,4,"Uncle",4,3,2,2,2,0
936,"8/18/99",1,2430143,1,1,5,"Aunt",2,2,0,0,2,0
937,"8/18/99",1,2430143,2,2,1,"Parents",1,0,0,0,1,0
938,"8/18/99",1,2430143,2,2,2,"Brother",1,0,0,0,1,0
939,"8/18/99",1,2430143,2,2,4,"Uncle",1,1,0,0,1,0
940,"8/18/99",1,2430143,2,2,5,"Aunt",2,2,0,0,2,0
976,"8/18/99",1,2430151,2,1,2,"Brother",1,1,1,1,0,1
977,"8/18/99",1,2430151,2,1,3,"Sister",2,2,0,2,0,2
978,"8/18/99",1,2430151,2,1,7,"Daughter",1,1,0,0,1,1
979,"8/18/99",1,2430151,2,2,1,"Parents",1,1,0,1,0,1
980,"8/18/99",1,2430151,2,2,3,"Sister",2,2,0,0,2,0
981,"8/18/99",1,2430151,2,2,7,"Daughter",1,1,0,0,1,1
791,"8/17/99",1,2430231,1,1,1,"Parents",1,0,1,1,0,0
792,"8/17/99",1,2430231,1,1,2,"Brother",2,2,2,2,0,0
793,"8/17/99",1,2430231,1,1,3,"Sister",3,0,0,1,2,0
794,"8/17/99",1,2430231,1,1,4,"Uncle",3,3,0,1,2,0
795,"8/17/99",1,2430231,1,1,5,"Aunt",5,5,0,1,4,0
796,"8/17/99",1,2430231,1,2,2,"Brother",1,1,0,0,1,0
797,"8/17/99",1,2430231,1,2,4,"Uncle",2,2,0,0,2,0
798,"8/17/99",1,2430231,1,2,5,"Aunt",1,1,0,0,1,0
941,"8/18/99",1,2430241,1,1,2,"Brother",2,0,2,2,0,0
942,"8/18/99",1,2430241,1,1,3,"Sister",3,2,1,1,2,0
943,"8/18/99",1,2430241,1,1,4,"Uncle",3,0,0,0,3,0
944,"8/18/99",1,2430241,1,1,5,"Aunt",7,2,0,0,7,0
945,"8/18/99",1,2430241,1,2,1,"Parents",2,0,0,2,0,1
946,"8/18/99",1,2430241,1,2,2,"Brother",2,0,0,2,0,1
947,"8/18/99",1,2430241,1,2,3,"Sister",2,1,0,2,0,1
948,"8/18/99",1,2430241,1,2,4,"Uncle",6,3,0,6,0,0
949,"8/18/99",1,2430241,1,2,5,"Aunt",7,3,0,6,1,0
950,"8/18/99",1,2430242,1,1,1,"Parents",1,0,1,1,0,0
951,"8/18/99",1,2430242,1,1,2,"Brother",3,0,3,3,0,3
952,"8/18/99",1,2430242,1,1,3,"Sister",2,1,0,1,1,1
953,"8/18/99",1,2430242,1,1,4,"Uncle",4,4,1,1,3,1
954,"8/18/99",1,2430242,1,1,5,"Aunt",6,6,1,2,4,2
955,"8/18/99",1,2430242,1,2,1,"Parents",1,1,0,0,1,0
956,"8/18/99",1,2430242,1,2,2,"Brother",2,0,0,0,2,0
957,"8/18/99",1,2430242,1,2,3,"Sister",3,0,0,0,3,0
958,"8/18/99",1,2430242,1,2,4,"Uncle",2,2,0,0,2,0
959,"8/18/99",1,2430242,1,2,5,"Aunt",3,2,0,1,2,0
960,"8/18/99",1,2430242,1,2,6,"Son",1,0,1,1,0,0
982,"8/18/99",1,2430251,1,1,2,"Brother",3,3,2,2,1,0
983,"8/18/99",1,2430251,1,1,3,"Sister",1,1,0,1,0,0
984,"8/18/99",1,2430251,1,1,4,"Uncle",2,2,0,0,2,0
985,"8/18/99",1,2430251,1,1,5,"Aunt",2,2,0,1,1,0
986,"8/18/99",1,2430251,2,2,1,"Parents",1,1,0,0,1,0
987,"8/18/99",1,2430251,2,2,2,"Brother",4,4,0,0,4,0
988,"8/18/99",1,2430251,2,2,3,"Sister",3,3,0,1,2,0
989,"8/18/99",1,2430251,2,2,5,"Aunt",2,2,0,0,2,0
799,"8/17/99",1,2430331,1,1,1,"Parents",1,1,1,1,0,0
800,"8/17/99",1,2430331,1,1,2,"Brother",2,2,2,2,0,0
801,"8/17/99",1,2430331,1,1,4,"Uncle",1,1,0,0,1,0
802,"8/17/99",1,2430331,2,2,1,"Parents",1,1,0,0,1,0
803,"8/17/99",1,2430331,2,2,2,"Brother",2,1,0,0,2,0
804,"8/17/99",1,2430331,2,2,3,"Sister",2,2,0,0,2,0
805,"8/17/99",1,2430331,2,2,4,"Uncle",1,1,0,0,1,0
806,"8/17/99",1,2430331,2,2,5,"Aunt",1,1,0,0,1,0
990,"8/18/99",1,2430351,1,1,2,"Brother",3,3,2,2,1,2
991,"8/18/99",1,2430351,1,1,3,"Sister",1,1,0,1,0,0
992,"8/18/99",1,2430351,1,1,4,"Uncle",2,2,0,0,2,0
993,"8/18/99",1,2430351,1,1,5,"Aunt",2,2,0,1,1,0
994,"8/18/99",1,2430351,2,2,1,"Parents",2,2,0,0,2,0
995,"8/18/99",1,2430351,2,2,2,"Brother",2,2,0,0,2,0
996,"8/18/99",1,2430351,2,2,3,"Sister",1,1,0,0,1,0
997,"8/18/99",1,2430351,2,2,4,"Uncle",2,2,0,0,2,0
998,"8/18/99",1,2430351,2,2,5,"Aunt",1,1,0,0,1,0
807,"8/17/99",1,2430431,1,1,6,"Son",2,2,2,2,0,2
808,"8/17/99",1,2430431,1,1,7,"Daughter",2,1,0,1,1,0
809,"8/17/99",1,2430431,1,2,6,"Son",3,3,3,3,0,3
810,"8/17/99",1,2430431,1,2,7,"Daughter",2,1,0,1,1,0
961,"8/18/99",1,2430441,2,1,1,"Parents",2,0,2,2,0,0
962,"8/18/99",1,2430441,2,1,2,"Brother",4,0,4,4,0,0
963,"8/18/99",1,2430441,2,1,3,"Sister",1,0,0,1,0,0
964,"8/18/99",1,2430441,2,1,4,"Uncle",2,2,0,0,2,0
965,"8/18/99",1,2430441,2,1,5,"Aunt",3,2,0,2,1,0
966,"8/18/99",1,2430441,2,2,1,"Parents",1,1,0,0,1,1
967,"8/18/99",1,2430441,2,2,3,"Sister",3,3,1,1,2,0
968,"8/18/99",1,2430441,2,2,4,"Uncle",5,5,0,0,5,0
969,"8/18/99",1,2430441,2,2,5,"Aunt",3,3,0,0,3,0
999,"8/18/99",1,2430459,1,1,3,"Sister",1,1,0,0,1,0
1000,"8/18/99",1,2430459,1,1,6,"Son",1,0,0,0,1,1
1001,"8/18/99",1,2430459,1,1,7,"Daughter",4,4,0,0,4,0
1002,"8/18/99",1,2430459,1,2,2,"Brother",1,1,0,0,1,0
1003,"8/18/99",1,2430459,1,2,3,"Sister",2,2,0,0,2,0
1004,"8/18/99",1,2430459,1,2,5,"Aunt",1,1,0,0,1,0
1005,"8/18/99",1,2430459,1,2,6,"Son",1,0,0,0,0,1
1006,"8/18/99",1,2430459,1,2,7,"Daughter",4,4,0,0,4,0
811,"8/17/99",1,2430531,1,1,1,"Parents",1,1,1,1,0,1
812,"8/17/99",1,2430531,1,1,2,"Brother",2,2,2,2,0,1
813,"8/17/99",1,2430531,1,1,3,"Sister",2,2,0,1,0,0
814,"8/17/99",1,2430531,2,2,1,"Parents",1,1,0,1,0,0
815,"8/17/99",1,2430531,2,2,2,"Brother",1,0,0,1,0,0
970,"8/18/99",1,2430541,2,1,3,"Sister",3,3,0,0,3,0
971,"8/18/99",1,2430541,2,1,6,"Son",4,0,4,4,0,0
972,"8/18/99",1,2430541,2,2,2,"Brother",3,3,0,3,0,0
973,"8/18/99",1,2430541,2,2,3,"Sister",1,1,0,1,0,0
974,"8/18/99",1,2430541,2,2,4,"Uncle",1,1,0,1,0,0
975,"8/18/99",1,2430541,2,2,5,"Aunt",2,2,0,1,0,0
816,"8/18/99",1,2430631,2,1,1,"Parents",1,1,1,1,0,1
817,"8/18/99",1,2430631,2,1,2,"Brother",2,2,2,2,0,1
818,"8/18/99",1,2430631,2,1,3,"Sister",2,2,0,2,0,0
819,"8/18/99",1,2430631,2,1,4,"Uncle",6,6,1,1,5,0
820,"8/18/99",1,2430631,2,1,5,"Aunt",1,1,0,0,1,0
821,"8/18/99",1,2430631,2,2,1,"Parents",1,1,0,0,1,0
822,"8/18/99",1,2430631,2,2,2,"Brother",2,2,0,0,2,2
823,"8/18/99",1,2430631,2,2,3,"Sister",2,2,0,0,2,0
824,"8/18/99",1,2430631,2,2,4,"Uncle",3,3,0,0,3,0
825,"8/18/99",1,2430631,2,2,5,"Aunt",4,4,0,0,4,0
826,"8/18/99",1,2430731,1,1,1,"Parents",2,0,1,1,1,0
827,"8/18/99",1,2430731,1,1,2,"Brother",2,0,1,2,0,0
828,"8/18/99",1,2430731,1,1,3,"Sister",3,0,0,0,3,0
829,"8/18/99",1,2430731,1,1,4,"Uncle",6,6,3,6,0,0
830,"8/18/99",1,2430731,1,1,5,"Aunt",3,0,0,0,3,0
831,"8/18/99",1,2430731,2,2,2,"Brother",2,0,0,2,0,0
832,"8/18/99",1,2430731,2,2,3,"Sister",1,0,0,1,0,0
833,"8/18/99",1,2430731,2,2,5,"Aunt",2,0,0,0,2,0
834,"8/18/99",1,2430831,1,1,2,"Brother",1,0,0,0,1,0
835,"8/18/99",1,2430831,1,1,3,"Sister",4,1,0,0,4,0
836,"8/18/99",1,2430831,1,1,4,"Uncle",2,2,0,0,2,0
837,"8/18/99",1,2430831,1,1,5,"Aunt",2,2,0,2,0,0
838,"8/18/99",1,2430831,2,2,1,"Parents",1,1,0,1,0,1
839,"8/18/99",1,2430831,2,2,2,"Brother",4,0,0,4,0,0
840,"8/18/99",1,2430831,2,2,3,"Sister",4,0,0,3,1,0
841,"8/18/99",1,2430831,2,2,4,"Uncle",3,3,0,3,0,0
842,"8/18/99",1,2430831,2,2,5,"Aunt",2,2,0,0,2,0
843,"8/18/99",1,2430931,1,1,1,"Parents",1,0,1,1,0,0
844,"8/18/99",1,2430931,1,1,2,"Brother",3,0,3,3,0,3
845,"8/18/99",1,2430931,1,1,3,"Sister",2,0,0,0,2,0
846,"8/18/99",1,2430931,1,1,5,"Aunt",1,1,1,1,0,0
847,"8/18/99",1,2430931,1,1,6,"Son",1,0,1,1,0,0
848,"8/18/99",1,2430931,2,2,1,"Parents",2,1,0,0,2,1
849,"8/18/99",1,2430931,2,2,2,"Brother",1,1,0,0,1,0
850,"8/18/99",1,2430931,2,2,3,"Sister",2,1,0,0,2,0
851,"8/18/99",1,2430931,2,2,4,"Uncle",1,1,0,0,1,0
852,"8/18/99",1,2430931,2,2,6,"Son",1,0,1,1,0,0
853,"8/18/99",1,2430932,1,1,1,"Parents",2,1,2,2,0,2
854,"8/18/99",1,2430932,1,1,2,"Brother",1,0,1,1,0,0
855,"8/18/99",1,2430932,1,1,3,"Sister",1,0,0,1,0,0
856,"8/18/99",1,2430932,1,1,4,"Uncle",4,2,4,4,0,0
857,"8/18/99",1,2430932,1,1,5,"Aunt",4,2,2,2,2,0
858,"8/18/99",1,2430932,2,2,1,"Parents",2,0,2,2,0,2
859,"8/18/99",1,2430932,2,2,2,"Brother",4,0,4,4,0,0
860,"8/18/99",1,2430932,2,2,3,"Sister",1,0,0,1,0,0
861,"8/18/99",1,2430932,2,2,4,"Uncle",4,2,2,4,0,0
862,"8/18/99",1,2430932,2,2,5,"Aunt",1,0,0,1,0,0
863,"8/18/99",1,2431031,1,1,2,"Brother",1,1,1,1,0,0
864,"8/18/99",1,2431131,1,1,2,"Brother",1,1,1,1,0,0
865,"8/18/99",1,2431131,2,2,4,"Uncle",1,1,0,0,1,0
866,"8/18/99",1,2431231,1,1,1,"Parents",1,0,0,0,1,0
867,"8/18/99",1,2431231,1,1,2,"Brother",1,1,1,1,0,0
868,"8/18/99",1,2431231,1,1,3,"Sister",3,0,0,1,2,0
869,"8/18/99",1,2431231,1,1,4,"Uncle",2,2,2,2,0,0
870,"8/18/99",1,2431231,2,2,1,"Parents",1,1,0,0,1,1
871,"8/18/99",1,2431231,2,2,2,"Brother",1,1,0,0,1,1
872,"8/18/99",1,2431231,2,2,3,"Sister",2,0,0,0,2,0
873,"8/18/99",1,2431231,2,2,4,"Uncle",3,0,0,0,3,0
874,"8/18/99",1,2431339,1,1,2,"Brother",4,4,1,3,1,0
876,"8/18/99",1,2431339,1,1,3,"Sister",3,3,0,1,2,0
876,"8/18/99",1,2431339,1,2,1,"Parents",2,1,0,0,2,0
877,"8/18/99",1,2431339,1,2,2,"Brother",3,0,0,0,3,0
878,"8/18/99",1,2431339,1,2,3,"Sister",1,0,0,0,1,0
879,"8/18/99",1,2431339,1,2,4,"Uncle",1,1,0,0,1,0
880,"8/18/99",1,2431339,1,2,5,"Aunt",1,1,0,0,1,0
881,"8/18/99",1,2431439,1,1,2,"Brother",1,1,1,1,0,0
882,"8/18/99",1,2431439,1,1,3,"Sister",1,1,0,1,0,0
883,"8/18/99",1,2431439,1,1,4,"Uncle",2,2,0,2,0,0
884,"8/18/99",1,2431439,1,1,5,"Aunt",5,3,0,2,3,0
885,"8/18/99",1,2431439,1,2,1,"Parents",1,1,1,1,0,0
886,"8/18/99",1,2431439,1,2,3,"Sister",2,2,2,2,0,0
887,"8/18/99",1,2431439,1,2,4,"Uncle",4,4,0,4,0,0
888,"8/18/99",1,2431539,1,1,2,"Brother",1,1,0,0,1,0
889,"8/18/99",1,2431539,1,1,6,"Son",1,0,1,1,0,0
890,"8/18/99",1,2431539,1,2,2,"Brother",1,1,1,1,0,0
891,"8/18/99",1,2431539,1,2,3,"Sister",2,2,0,0,2,0
892,"8/18/99",1,2431539,1,2,6,"Son",1,0,1,1,0,0
893,"8/18/99",1,2431639,1,1,1,"Parents",1,0,1,1,0,0
894,"8/18/99",1,2431639,1,1,2,"Brother",1,0,1,1,0,0
895,"8/18/99",1,2431639,1,1,4,"Uncle",9,2,2,2,7,0
896,"8/18/99",1,2431639,1,1,5,"Aunt",6,1,2,2,4,0
897,"8/18/99",1,2431639,1,2,1,"Parents",2,0,0,2,0,0
898,"8/18/99",1,2431639,1,2,2,"Brother",1,0,0,1,0,0
899,"8/18/99",1,2431639,1,2,3,"Sister",3,0,0,3,0,0
900,"8/18/99",1,2431639,1,2,4,"Uncle",6,1,2,2,4,0
901,"8/18/99",1,2431639,1,2,5,"Aunt",8,0,6,6,2,0
902,"8/18/99",1,2431739,2,1,1,"Parents",1,0,1,1,0,0
903,"8/18/99",1,2431739,2,1,2,"Brother",2,2,2,2,0,0
904,"8/18/99",1,2431739,2,1,3,"Sister",4,0,0,0,4,0
905,"8/18/99",1,2431739,2,1,4,"Uncle",5,5,4,4,0,0
906,"8/18/99",1,2431739,2,1,5,"Aunt",3,0,0,3,0,0
907,"8/18/99",1,2431739,2,2,1,"Parents",1,1,0,1,0,0
908,"8/18/99",1,2431739,2,2,2,"Brother",2,2,0,2,0,0
909,"8/18/99",1,2431739,2,2,3,"Sister",1,1,0,1,0,0
910,"8/18/99",1,2431739,2,2,4,"Uncle",1,1,0,0,1,0
911,"8/18/99",1,2431739,2,2,5,"Aunt",1,1,0,0,1,0
1,"7/07/99",1,2510141,1,1,2,"Brother",1,1,1,1,0,0
2,"7/29/99",1,2510141,1,1,3,"Sister",1,0,0,1,0,0
3,"7/29/99",1,2510141,1,1,6,"Son",2,0,1,1,1,2
4,"7/29/99",1,2510141,1,1,7,"Daughter",4,2,1,1,2,4
5,"7/29/99",1,2510141,2,2,2,"Brother",2,2,0,2,0,2
6,"7/29/99",1,2510141,2,2,6,"Son",2,0,1,1,1,2
7,"7/29/99",1,2510141,2,2,7,"Daughter",4,2,1,1,2,4
138,"7/29/99",1,2510151,3,1,2,"Brother",1,1,1,1,0,1
139,"7/29/99",1,2510151,3,1,3,"Sister",2,2,1,1,0,1
140,"7/29/99",1,2510151,3,1,5,"Aunt",2,2,0,1,1,0
141,"7/29/99",1,2510151,3,2,2,"Brother",1,1,1,1,0,0
142,"7/29/99",1,2510151,3,2,3,"Sister",1,1,0,1,0,0
143,"7/29/99",1,2510151,3,2,5,"Aunt",4,4,1,1,3,0
8,"7/29/99",1,2510241,1,1,2,"Brother",1,0,0,0,1,0
9,"7/29/99",1,2510241,1,2,1,"Parents",1,0,1,1,0,0
10,"7/29/99",1,2510241,1,2,2,"Brother",1,0,0,0,0,0
11,"7/29/99",1,2510241,1,2,3,"Sister",2,0,0,0,2,0
12,"7/29/99",1,2510241,1,2,4,"Uncle",1,0,1,1,0,0
144,"7/29/99",1,2510251,2,1,2,"Brother",2,2,2,2,0,0
145,"7/29/99",1,2510251,2,1,3,"Sister",1,0,0,0,1,1
146,"7/29/99",1,2510251,2,2,1,"Parents",1,0,0,0,1,1
147,"7/29/99",1,2510251,2,2,2,"Brother",5,3,0,0,5,4
148,"7/29/99",1,2510251,2,2,4,"Uncle",1,1,0,0,1,0
13,"7/29/99",1,2510341,1,1,2,"Brother",1,1,1,1,0,0
149,"7/29/99",1,2510351,2,1,2,"Brother",1,0,1,1,0,0
150,"7/29/99",1,2510351,2,2,1,"Parents",1,1,0,0,1,1
151,"7/29/99",1,2510351,2,2,2,"Brother",1,1,0,0,1,1
152,"7/29/99",1,2510351,2,2,3,"Sister",5,2,1,2,2,2
153,"7/29/99",1,2510351,2,2,4,"Uncle",1,1,0,0,1,1
154,"7/29/99",1,2510351,2,2,5,"Aunt",1,0,0,0,1,0
14,"7/29/99",1,2510441,1,1,2,"Brother",1,0,0,0,1,0
15,"7/29/99",1,2510441,1,1,6,"Son",2,0,2,2,0,2
16,"7/29/99",1,2510441,1,2,1,"Parents",1,0,1,1,0,0
17,"7/29/99",1,2510441,1,2,2,"Brother",3,1,3,3,0,0
18,"7/29/99",1,2510441,1,2,3,"Sister",3,1,0,3,0,1
19,"7/29/99",1,2510441,1,2,4,"Uncle",2,1,0,0,2,0
20,"7/29/99",1,2510441,1,2,6,"Son",2,0,2,2,0,2
21,"7/29/99",1,2510442,2,1,1,"Parents",2,0,2,2,0,2
22,"7/29/99",1,2510442,2,1,2,"Brother",4,0,4,4,0,2
23,"7/29/99",1,2510442,2,1,3,"Sister",2,0,1,1,0,0
24,"7/29/99",1,2510442,2,1,4,"Uncle",4,1,4,4,0,0
25,"7/29/99",1,2510442,2,2,1,"Parents",2,0,0,0,2,0
26,"7/29/99",1,2510442,2,2,2,"Brother",3,0,0,0,3,0
27,"7/29/99",1,2510442,2,2,3,"Sister",1,0,0,0,1,0
28,"7/29/99",1,2510442,2,2,4,"Uncle",3,2,0,0,3,0
29,"7/29/99",1,2510442,2,2,5,"Aunt",3,0,0,0,3,0
155,"7/29/99",1,2510459,1,1,2,"Brother",1,1,1,1,0,0
156,"7/29/99",1,2510459,1,1,4,"Uncle",2,1,1,1,1,0
157,"7/29/99",1,2510459,1,1,7,"Daughter",2,2,1,1,1,2
158,"7/29/99",1,2510459,2,2,2,"Brother",2,2,0,0,2,0
159,"7/29/99",1,2510459,2,2,3,"Sister",2,2,1,1,1,1
160,"7/29/99",1,2510459,2,2,7,"Daughter",2,2,1,1,1,2
30,"7/29/99",1,2510541,2,1,1,"Parents",2,0,2,2,0,0
31,"7/29/99",1,2510541,2,1,2,"Brother",4,0,4,4,0,2
32,"7/29/99",1,2510541,2,1,3,"Sister",2,0,1,1,1,0
33,"7/29/99",1,2510541,2,1,4,"Uncle",1,0,0,0,1,0
34,"7/29/99",1,2510541,2,1,5,"Aunt",4,1,2,2,2,0
35,"7/29/99",1,2510541,2,2,1,"Parents",2,1,2,2,0,2
36,"7/29/99",1,2510541,2,2,2,"Brother",1,0,1,1,0,0
37,"7/29/99",1,2510541,2,2,3,"Sister",3,0,3,3,0,0
38,"7/29/99",1,2510541,2,2,4,"Uncle",2,0,0,0,2,0
39,"7/29/99",1,2510541,2,2,5,"Aunt",1,0,0,0,1,0
40,"7/29/99",1,2510641,1,1,1,"Parents",1,0,1,1,0,1
41,"7/29/99",1,2510641,1,1,2,"Brother",2,0,2,2,0,0
42,"7/29/99",1,2510641,1,1,3,"Sister",4,1,4,4,0,0
43,"7/29/99",1,2510641,1,1,5,"Aunt",1,0,0,0,1,0
44,"7/29/99",1,2510641,3,2,1,"Parents",1,0,0,1,0,1
45,"7/29/99",1,2510642,1,1,1,"Parents",1,0,1,1,0,1
46,"7/29/99",1,2510642,1,1,2,"Brother",2,0,2,2,0,0
47,"7/29/99",1,2510642,1,1,3,"Sister",4,1,4,4,0,0
48,"7/29/99",1,2510642,1,1,5,"Aunt",1,0,0,0,1,0
49,"7/29/99",1,2510642,1,2,1,"Parents",1,0,1,1,0,1
50,"7/29/99",1,2510642,1,2,2,"Brother",2,0,2,2,0,2
51,"7/29/99",1,2510642,1,2,3,"Sister",2,0,1,1,1,1
52,"7/29/99",1,2510642,1,2,4,"Uncle",2,1,2,2,0,1
53,"7/29/99",1,2510642,1,2,5,"Aunt",6,2,0,0,6,0
54,"7/29/99",1,2510741,2,1,1,"Parents",1,0,1,1,0,0
55,"7/29/99",1,2510741,2,1,2,"Brother",1,0,1,1,0,1
56,"7/29/99",1,2510741,2,1,3,"Sister",1,0,0,1,0,0
57,"7/29/99",1,2510741,2,1,4,"Uncle",5,3,5,5,0,0
58,"7/29/99",1,2510741,2,1,5,"Aunt",3,1,2,2,0,0
59,"7/29/99",1,2510741,2,2,2,"Brother",2,2,0,0,2,2
60,"7/29/99",1,2510741,2,2,3,"Sister",2,2,0,0,2,2
61,"7/29/99",1,2510741,2,2,4,"Uncle",2,2,0,0,2,0
62,"7/29/99",1,2510741,2,2,5,"Aunt",1,1,0,0,1,0
63,"7/29/99",1,2510841,1,1,2,"Brother",3,0,3,3,0,1
64,"7/29/99",1,2510841,1,1,3,"Sister",1,0,0,0,1,0
65,"7/29/99",1,2510841,1,1,4,"Uncle",2,0,1,1,0,0
66,"7/29/99",1,2510841,1,2,2,"Brother",5,0,0,0,5,3
67,"7/29/99",1,2510841,1,2,3,"Sister",2,1,0,0,2,0
68,"7/29/99",1,2510941,6,1,2,"Brother",3,0,3,3,0,3
69,"7/29/99",1,2510941,6,1,3,"Sister",2,1,2,2,0,0
70,"7/29/99",1,2510941,6,1,4,"Uncle",1,0,1,1,0,0
71,"7/29/99",1,2510941,6,2,2,"Brother",3,3,0,0,3,0
72,"7/29/99",1,2510941,6,2,4,"Uncle",3,3,0,0,3,0
73,"7/29/99",1,2511041,1,1,2,"Brother",3,0,3,3,0,0
74,"7/29/99",1,2511041,1,1,3,"Sister",2,1,2,2,0,0
75,"7/29/99",1,2511041,1,1,4,"Uncle",1,0,1,1,0,0
76,"7/29/99",1,2511041,1,2,1,"Parents",1,0,0,0,1,0
77,"7/29/99",1,2511041,1,2,2,"Brother",3,0,0,0,1,0
78,"7/29/99",1,2511041,1,2,4,"Uncle",1,0,0,0,1,0
79,"7/29/99",1,2511041,1,2,5,"Aunt",1,0,0,0,1,0
80,"7/29/99",1,2511141,5,1,2,"Brother",3,2,3,3,0,1
81,"7/29/99",1,2511141,5,1,3,"Sister",3,3,0,0,3,0
82,"7/29/99",1,2511141,5,1,4,"Uncle",1,1,1,1,0,0
83,"7/29/99",1,2511141,5,1,5,"Aunt",1,1,0,0,1,0
84,"7/29/99",1,2511141,6,2,2,"Brother",1,1,0,0,1,1
85,"7/29/99",1,2511141,6,2,5,"Aunt",1,1,0,0,1,0
86,"7/29/99",1,2511241,1,1,1,"Parents",1,0,1,1,0,0
87,"7/29/99",1,2511241,1,1,2,"Brother",1,0,1,1,0,0
88,"7/29/99",1,2511241,1,1,3,"Sister",4,0,1,1,3,1
89,"7/29/99",1,2511241,1,1,4,"Uncle",3,2,0,0,3,0
90,"7/29/99",1,2511241,1,2,1,"Parents",1,0,0,0,1,1
91,"7/29/99",1,2511241,1,2,2,"Brother",2,2,0,0,2,2
92,"7/29/99",1,2511241,1,2,3,"Sister",3,1,0,0,3,0
93,"7/29/99",1,2511241,1,2,4,"Uncle",3,3,0,0,3,0
94,"7/29/99",1,2511241,1,2,5,"Aunt",1,0,0,0,1,0
95,"7/29/99",1,2511341,2,1,2,"Brother",2,0,1,1,0,0
96,"7/29/99",1,2511341,2,1,3,"Sister",2,0,1,1,1,2
97,"7/29/99",1,2511341,2,1,4,"Uncle",1,1,0,0,0,0
98,"7/29/99",1,2511341,2,1,5,"Aunt",3,2,1,1,1,0
99,"7/29/99",1,2511341,2,2,1,"Parents",1,0,0,0,1,0
100,"7/29/99",1,2511341,2,2,2,"Brother",1,0,0,0,1,0
101,"7/29/99",1,2511341,2,2,3,"Sister",2,0,0,0,2,1
102,"7/29/99",1,2511341,2,2,4,"Uncle",4,1,0,0,4,0
103,"7/29/99",1,2511341,2,2,5,"Aunt",1,0,0,0,1,0
104,"7/29/99",1,2511342,1,1,1,"Parents",1,0,1,1,0,0
105,"7/29/99",1,2511342,1,1,2,"Brother",1,0,1,1,0,0
106,"7/29/99",1,2511342,1,1,3,"Sister",2,0,1,1,1,2
107,"7/29/99",1,2511342,1,1,4,"Uncle",1,1,0,0,0,0
108,"7/29/99",1,2511342,1,1,5,"Aunt",3,2,1,1,1,0
109,"7/29/99",1,2511342,1,2,1,"Parents",2,0,0,0,2,0
110,"7/29/99",1,2511342,1,2,2,"Brother",2,0,0,0,2,0
111,"7/29/99",1,2511342,1,2,3,"Sister",1,0,0,0,1,0
112,"7/29/99",1,2511342,1,2,4,"Uncle",2,1,0,0,2,0
113,"7/29/99",1,2511342,1,2,5,"Aunt",2,0,0,0,2,0
117,"7/29/99",1,2511441,1,2,1,"Parents",2,0,2,2,0,2
118,"7/29/99",1,2511441,1,2,2,"Brother",4,0,4,4,0,2
119,"7/29/99",1,2511441,1,2,3,"Sister",3,0,0,0,3,0
120,"7/29/99",1,2511441,1,2,4,"Uncle",5,2,1,1,4,0
114,"7/29/99",1,2511441,2,1,2,"Brother",3,0,3,3,0,0
115,"7/29/99",1,2511441,2,1,3,"Sister",1,0,0,0,1,0
116,"7/29/99",1,2511441,2,1,4,"Uncle",1,0,0,1,0,0
121,"7/29/99",1,2511541,2,1,2,"Brother",2,1,2,2,0,0
122,"7/29/99",1,2511541,2,1,3,"Sister",2,0,0,0,2,0
123,"7/29/99",1,2511541,2,2,1,"Parents",1,0,0,1,0,0
124,"7/29/99",1,2511641,2,1,1,"Parents",1,0,1,1,0,0
125,"7/29/99",1,2511641,2,1,2,"Brother",1,0,1,1,0,0
126,"7/29/99",1,2511641,2,1,3,"Sister",2,0,2,2,0,0
127,"7/29/99",1,2511641,2,1,5,"Aunt",2,0,0,0,2,0
128,"7/29/99",1,2511641,2,2,1,"Parents",1,1,0,0,1,1
129,"7/29/99",1,2511641,2,2,2,"Brother",2,0,0,0,2,1
130,"7/29/99",1,2511641,2,2,3,"Sister",3,0,0,0,3,0
131,"7/29/99",1,2511641,2,2,4,"Uncle",2,2,0,1,1,0
132,"7/29/99",1,2511641,2,2,5,"Aunt",4,3,0,2,2,0
133,"7/29/99",1,2511741,1,1,2,"Brother",3,0,0,0,3,0
134,"7/29/99",1,2511741,1,1,3,"Sister",2,0,0,0,2,0
135,"7/29/99",1,2511741,1,1,4,"Uncle",1,0,0,0,1,0
136,"7/29/99",1,2511741,2,2,1,"Parents",1,0,1,1,0,1
137,"7/29/99",1,2511741,2,2,3,"Sister",1,0,0,1,0,0
583,"6/06/99",1,2520141,5,1,3,"Sister",1,1,1,0,0,1
584,"6/10/99",1,2520141,5,2,1,"Parents",1,1,0,0,1,1
585,"6/10/99",1,2520141,5,2,2,"Brother",4,0,0,0,4,1
586,"6/10/99",1,2520141,5,2,3,"Sister",1,0,0,0,1,0
587,"6/10/99",1,2520141,5,2,4,"Uncle",1,1,0,0,1,0
704,"6/10/99",1,2520151,1,1,1,"Parents",1,0,1,0,0,1
705,"6/10/99",1,2520151,1,1,2,"Brother",1,1,1,0,0,1
706,"6/10/99",1,2520151,1,1,3,"Sister",2,0,0,0,2,0
707,"6/10/99",1,2520151,1,2,1,"Parents",1,0,0,1,0,0
708,"6/10/99",1,2520151,1,2,2,"Brother",1,0,0,1,0,0
709,"6/10/99",1,2520151,1,2,3,"Sister",4,2,1,0,3,0
710,"6/10/99",1,2520151,1,2,4,"Uncle",2,1,0,1,1,0
711,"6/10/99",1,2520151,1,2,5,"Aunt",6,5,0,1,4,0
588,"6/10/99",1,2520241,1,1,2,"Brother",3,0,2,0,1,2
589,"6/10/99",1,2520241,1,1,3,"Sister",4,2,1,3,0,0
590,"6/10/99",1,2520241,1,2,2,"Brother",2,2,0,2,0,0
591,"6/10/99",1,2520241,1,2,3,"Sister",1,1,0,0,1,0
712,"6/10/99",1,2520251,2,1,1,"Parents",1,0,1,0,0,0
713,"6/10/99",1,2520251,2,1,2,"Brother",1,0,1,0,0,0
714,"6/10/99",1,2520251,2,1,3,"Sister",2,1,0,1,1,0
715,"6/10/99",1,2520251,2,1,4,"Uncle",3,2,1,0,2,1
716,"6/10/99",1,2520251,2,2,1,"Parents",1,0,0,0,1,1
717,"6/10/99",1,2520251,2,2,2,"Brother",2,1,0,0,2,2
718,"6/10/99",1,2520251,2,2,3,"Sister",6,2,0,0,6,3
592,"6/10/99",1,2520341,2,1,2,"Brother",1,0,0,0,1,0
593,"6/10/99",1,2520341,2,1,3,"Sister",2,0,0,0,2,0
594,"6/10/99",1,2520341,2,2,1,"Parents",1,0,0,0,1,1
595,"6/10/99",1,2520341,2,2,2,"Brother",2,1,0,0,2,2
596,"6/10/99",1,2520341,2,2,4,"Uncle",1,1,1,0,0,1
597,"6/10/99",1,2520341,2,2,5,"Aunt",1,1,1,0,0,1
719,"6/10/99",1,2520351,1,1,2,"Brother",2,0,2,0,0,0
720,"6/10/99",1,2520351,1,2,2,"Brother",3,0,3,0,0,3
721,"6/10/99",1,2520351,1,2,3,"Sister",1,0,1,0,0,0
722,"6/10/99",1,2520351,1,2,5,"Aunt",2,2,0,1,1,0
598,"6/10/99",1,2520441,1,1,1,"Parents",1,0,1,0,0,1
599,"6/10/99",1,2520441,1,1,2,"Brother",3,2,3,0,0,2
600,"6/10/99",1,2520441,1,1,3,"Sister",3,0,1,1,1,1
601,"6/10/99",1,2520441,1,2,1,"Parents",1,1,1,0,0,1
602,"6/10/99",1,2520441,1,2,2,"Brother",3,1,3,0,0,1
603,"6/10/99",1,2520441,1,2,3,"Sister",2,0,0,0,2,1
723,"6/10/99",1,2520459,1,1,1,"Parents",1,0,1,0,0,0
724,"6/10/99",1,2520459,1,1,2,"Brother",3,3,3,0,0,0
725,"6/10/99",1,2520459,1,1,3,"Sister",3,3,0,2,1,0
726,"6/10/99",1,2520459,1,1,5,"Aunt",1,0,1,0,0,0
727,"6/10/99",1,2520459,1,2,1,"Parents",1,0,0,1,0,0
728,"6/10/99",1,2520459,1,2,2,"Brother",1,0,0,1,0,0
729,"6/10/99",1,2520459,1,2,3,"Sister",3,0,1,2,0,0
730,"6/10/99",1,2520459,1,2,4,"Uncle",1,0,0,1,0,0
604,"6/10/99",1,2520541,1,1,2,"Brother",2,1,2,0,0,1
605,"6/10/99",1,2520541,1,1,6,"Son",3,0,3,0,0,3
606,"6/10/99",1,2520541,1,2,2,"Brother",2,2,0,2,0,0
607,"6/10/99",1,2520541,1,2,3,"Sister",1,1,1,0,0,0
608,"6/10/99",1,2520541,1,2,6,"Son",3,0,3,0,0,3
609,"6/10/99",1,2520542,1,1,1,"Parents",2,0,2,0,0,2
610,"6/10/99",1,2520542,1,1,2,"Brother",4,0,4,0,0,2
611,"6/10/99",1,2520542,1,1,4,"Uncle",3,1,2,0,1,1
612,"6/10/99",1,2520542,1,1,5,"Aunt",1,0,0,0,1,0
613,"6/10/99",1,2520542,1,2,1,"Parents",1,0,0,1,0,1
614,"6/10/99",1,2520542,1,2,2,"Brother",2,2,0,1,1,1
615,"6/10/99",1,2520542,1,2,3,"Sister",3,2,0,2,1,2
616,"6/10/99",1,2520542,1,2,4,"Uncle",1,1,0,0,1,0
617,"6/10/99",1,2520641,1,2,1,"Parents",1,0,0,0,1,1
618,"6/10/99",1,2520641,1,2,3,"Sister",1,0,0,0,1,0
619,"6/10/99",1,2520641,1,2,4,"Uncle",4,2,0,0,4,2
620,"6/10/99",1,2520741,5,1,2,"Brother",3,2,3,0,0,0
621,"6/10/99",1,2520741,5,1,3,"Sister",1,1,0,0,1,0
622,"6/10/99",1,2520741,5,1,4,"Uncle",1,1,0,0,1,0
623,"6/10/99",1,2520741,5,2,1,"Parents",1,0,0,0,1,1
624,"6/10/99",1,2520741,5,2,2,"Brother",5,5,0,0,5,5
625,"6/10/99",1,2520741,5,2,3,"Sister",3,3,0,0,3,0
626,"6/10/99",1,2520741,5,2,4,"Uncle",4,2,0,0,4,0
627,"6/10/99",1,2520741,5,2,5,"Aunt",1,1,0,0,1,0
628,"6/10/99",1,2520841,1,1,2,"Brother",2,0,2,0,0,2
629,"6/10/99",1,2520841,1,1,3,"Sister",4,2,1,0,3,0
630,"6/10/99",1,2520841,1,1,4,"Uncle",3,1,1,1,1,0
631,"6/10/99",1,2520841,2,2,1,"Parents",1,0,1,0,0,1
632,"6/10/99",1,2520841,2,2,2,"Brother",2,0,2,0,0,0
633,"6/10/99",1,2520841,2,2,3,"Sister",3,2,1,2,0,2
634,"6/10/99",1,2520841,2,2,4,"Uncle",6,0,6,0,0,0
635,"6/10/99",1,2520841,2,2,5,"Aunt",5,1,0,2,3,0
636,"6/10/99",1,2520941,1,1,2,"Brother",3,0,3,0,0,0
637,"6/10/99",1,2520941,1,1,3,"Sister",3,1,0,0,3,0
638,"6/10/99",1,2520941,1,2,2,"Brother",1,0,1,0,0,1
639,"6/10/99",1,2520941,1,2,3,"Sister",1,0,1,0,0,0
640,"6/10/99",1,2520941,1,2,5,"Aunt",1,1,0,0,1,0
641,"6/10/99",1,2521041,2,1,2,"Brother",2,0,2,0,0,0
642,"6/10/99",1,2521041,2,1,3,"Sister",1,0,1,0,0,0
643,"6/10/99",1,2521041,2,2,1,"Parents",1,1,0,0,1,1
644,"6/10/99",1,2521041,2,2,2,"Brother",2,2,0,0,2,2
645,"6/10/99",1,2521041,2,2,3,"Sister",1,1,0,0,1,1
646,"6/10/99",1,2521041,2,2,5,"Aunt",1,1,0,0,1,0
647,"6/10/99",1,2521041,2,2,7,"Daughter",2,1,0,1,1,1
648,"6/10/99",1,2521141,1,1,1,"Parents",1,0,1,0,0,1
649,"6/10/99",1,2521141,1,1,2,"Brother",1,0,1,0,0,0
650,"6/10/99",1,2521141,1,1,3,"Sister",4,0,2,2,0,0
651,"6/10/99",1,2521141,1,1,5,"Aunt",1,1,0,0,1,0
652,"6/10/99",1,2521141,1,2,1,"Parents",1,1,0,0,1,0
653,"6/10/99",1,2521141,1,2,2,"Brother",4,4,0,0,4,2
654,"6/10/99",1,2521141,1,2,3,"Sister",1,1,0,0,1,0
655,"6/10/99",1,2521141,1,2,4,"Uncle",3,2,0,0,3,0
656,"6/10/99",1,2521141,1,2,5,"Aunt",3,3,0,0,3,0
657,"6/10/99",1,2521241,2,1,3,"Sister",1,0,0,0,1,0
658,"6/10/99",1,2521341,2,1,1,"Parents",1,0,1,0,0,1
659,"6/10/99",1,2521341,2,1,2,"Brother",3,0,0,0,3,0
660,"6/10/99",1,2521341,2,1,3,"Sister",3,0,0,2,1,0
661,"6/10/99",1,2521341,2,2,1,"Parents",2,0,0,0,2,2
662,"6/10/99",1,2521341,2,2,2,"Brother",6,0,0,0,6,3
663,"6/10/99",1,2521441,2,1,1,"Parents",1,0,1,0,0,1
664,"6/10/99",1,2521441,2,1,2,"Brother",2,0,2,0,0,2
665,"6/10/99",1,2521441,2,1,3,"Sister",2,1,1,1,0,1
666,"6/10/99",1,2521441,2,1,4,"Uncle",2,2,0,2,0,2
667,"6/10/99",1,2521441,2,1,5,"Aunt",5,5,0,3,2,2
668,"6/10/99",1,2521441,3,2,1,"Parents",2,1,0,2,0,2
669,"6/10/99",1,2521441,3,2,2,"Brother",4,4,0,4,0,4
670,"6/10/99",1,2521441,3,2,3,"Sister",4,3,0,4,0,0
671,"6/10/99",1,2521441,3,2,4,"Uncle",2,2,0,2,0,0
672,"6/10/99",1,2521441,3,2,5,"Aunt",1,1,0,1,0,0
673,"6/10/99",1,2521541,1,1,1,"Parents",1,0,1,0,0,1
674,"6/10/99",1,2521541,1,1,2,"Brother",2,0,2,0,0,2
675,"6/10/99",1,2521541,1,1,3,"Sister",2,1,1,1,0,2
676,"6/10/99",1,2521541,1,1,4,"Uncle",2,2,0,2,0,2
677,"6/10/99",1,2521541,1,1,5,"Aunt",5,5,0,3,2,3
678,"6/10/99",1,2521541,2,2,1,"Parents",1,1,0,0,1,1
679,"6/10/99",1,2521541,2,2,2,"Brother",3,0,0,0,3,1
680,"6/10/99",1,2521541,2,2,3,"Sister",5,2,0,2,3,0
681,"6/10/99",1,2521541,2,2,4,"Uncle",5,2,0,0,5,0
682,"6/10/99",1,2521541,2,2,5,"Aunt",4,1,0,0,4,0
683,"6/10/99",1,2521542,3,1,1,"Parents",1,0,1,0,0,1
684,"6/10/99",1,2521542,3,1,2,"Brother",3,0,3,0,0,2
685,"6/10/99",1,2521542,3,1,3,"Sister",1,1,0,1,0,1
686,"6/10/99",1,2521542,3,1,4,"Uncle",2,2,0,2,0,0
687,"6/10/99",1,2521542,3,1,5,"Aunt",5,5,0,3,2,0
688,"6/10/99",1,2521542,3,2,1,"Parents",1,0,0,0,1,1
689,"6/10/99",1,2521542,3,2,2,"Brother",1,0,0,0,1,0
690,"6/10/99",1,2521542,3,2,3,"Sister",3,2,0,0,3,0
691,"6/10/99",1,2521542,3,2,4,"Uncle",2,2,0,0,1,0
692,"6/10/99",1,2521641,2,1,1,"Parents",2,0,2,0,0,2
693,"6/10/99",1,2521641,2,1,2,"Brother",1,1,1,0,0,0
694,"6/10/99",1,2521641,2,1,3,"Sister",3,1,0,0,3,0
695,"6/10/99",1,2521641,2,1,4,"Uncle",4,2,2,2,0,0
696,"6/10/99",1,2521641,2,1,5,"Aunt",1,0,0,0,1,0
697,"6/10/99",1,2521641,2,2,1,"Parents",1,0,1,0,0,0
698,"6/10/99",1,2521641,2,2,2,"Brother",2,1,2,0,0,1
699,"6/10/99",1,2521641,2,2,3,"Sister",1,0,0,0,1,0
700,"6/10/99",1,2521641,2,2,4,"Uncle",3,3,0,3,0,0
701,"6/10/99",1,2521741,1,1,2,"Brother",1,1,1,0,0,1
702,"6/10/99",1,2521741,1,2,3,"Sister",1,1,0,0,1,1
703,"6/10/99",1,2521741,1,2,6,"Son",4,0,4,0,0,4
1,"5/19/99",1,2530141,2,1,2,"Brother",1,0,1,1,0,0
2,"5/20/99",1,2530141,2,1,3,"Sister",2,0,1,2,0,0
3,"5/20/99",1,2530141,2,1,4,"Uncle",3,3,0,0,3,0
4,"5/20/99",1,2530141,2,2,1,"Parents",1,0,1,1,0,1
5,"5/20/99",1,2530141,2,2,3,"Sister",2,1,0,0,2,0
6,"5/20/99",1,2530141,2,2,7,"Daughter",1,1,0,0,1,0
122,"5/20/99",1,2530151,1,1,2,"Brother",1,1,1,1,0,1
123,"5/20/99",1,2530151,1,1,3,"Sister",2,2,0,0,2,0
124,"5/20/99",1,2530151,1,1,4,"Uncle",1,1,0,1,0,1
125,"5/20/99",1,2530151,1,2,1,"Parents",2,2,0,2,0,2
126,"5/20/99",1,2530151,1,2,2,"Brother",6,6,0,6,0,6
127,"5/20/99",1,2530151,1,2,3,"Sister",2,2,0,2,0,2
128,"5/20/99",1,2530151,1,2,4,"Uncle",10,6,0,10,0,0
129,"5/20/99",1,2530151,1,2,5,"Aunt",7,2,0,6,1,0
7,"5/20/99",1,2530241,2,1,3,"Sister",2,0,0,1,1,0
8,"5/20/99",1,2530241,2,1,4,"Uncle",1,0,0,1,0,0
9,"5/20/99",1,2530241,2,1,5,"Aunt",1,0,0,0,1,0
11,"5/20/99",1,2530241,2,1,7,"Daughter",2,0,0,0,2,0
12,"5/20/99",1,2530241,2,2,1,"Parents",2,2,0,0,2,2
13,"5/20/99",1,2530241,2,2,2,"Brother",3,3,0,0,3,3
14,"5/20/99",1,2530241,2,2,3,"Sister",1,0,0,0,1,0
15,"5/20/99",1,2530241,2,2,4,"Uncle",4,0,0,1,3,0
16,"5/20/99",1,2530241,2,2,5,"Aunt",1,1,0,1,0,0
18,"5/20/99",1,2530241,2,2,7,"Daughter",2,0,0,0,2,0
130,"5/20/99",1,2530251,2,1,2,"Brother",1,0,1,0,0,0
131,"5/20/99",1,2530251,2,1,3,"Sister",1,0,0,0,1,1
132,"5/20/99",1,2530251,2,1,4,"Uncle",1,1,0,0,1,0
133,"5/20/99",1,2530251,2,2,1,"Parents",2,0,0,2,0,2
134,"5/20/99",1,2530251,2,2,2,"Brother",1,0,0,1,0,1
135,"5/20/99",1,2530251,2,2,3,"Sister",3,0,0,3,0,1
136,"5/20/99",1,2530251,2,2,4,"Uncle",5,1,0,5,0,0
137,"5/20/99",1,2530251,2,2,5,"Aunt",1,0,0,0,1,0
19,"5/20/99",1,2530341,1,1,2,"Brother",1,1,1,0,0,0
20,"5/20/99",1,2530341,1,1,3,"Sister",1,1,0,0,1,0
21,"5/20/99",1,2530341,1,1,6,"Son",1,0,0,0,1,1
22,"5/20/99",1,2530341,2,2,2,"Brother",2,2,2,0,0,0
23,"5/20/99",1,2530341,2,2,6,"Son",1,0,1,0,1,1
590,"9/11/99",1,2530351,2,1,5,"Aunt",1,1,1,0,0,0
591,"9/11/99",1,2530351,2,2,1,"Parents",1,1,0,0,1,1
592,"9/11/99",1,2530351,2,2,2,"Brother",2,2,0,0,2,2
593,"9/11/99",1,2530351,2,2,3,"Sister",1,1,0,0,1,1
594,"9/11/99",1,2530351,2,2,4,"Uncle",2,2,0,0,2,0
24,"5/20/99",1,2530441,1,1,2,"Brother",3,1,0,0,3,0
25,"5/20/99",1,2530441,1,1,3,"Sister",4,2,0,1,3,0
26,"5/20/99",1,2530441,1,1,4,"Uncle",2,0,2,2,0,0
27,"5/20/99",1,2530441,1,1,5,"Aunt",3,1,1,0,2,0
28,"5/20/99",1,2530441,1,2,2,"Brother",1,0,0,0,1,1
29,"5/20/99",1,2530441,1,2,3,"Sister",1,0,0,0,1,1
138,"5/20/99",1,2530459,2,1,2,"Brother",1,0,1,0,0,0
139,"5/20/99",1,2530459,2,1,3,"Sister",2,2,1,1,0,0
140,"5/20/99",1,2530459,2,2,2,"Brother",5,5,0,0,5,5
141,"5/20/99",1,2530459,2,2,3,"Sister",5,3,0,0,5,5
142,"5/20/99",1,2530459,2,2,4,"Uncle",2,2,0,0,2,0
30,"5/20/99",1,2530541,1,1,2,"Brother",3,3,3,0,0,3
31,"5/20/99",1,2530541,1,1,3,"Sister",2,0,0,1,1,0
32,"5/20/99",1,2530541,2,2,1,"Parents",1,1,0,0,1,1
33,"5/20/99",1,2530541,2,2,2,"Brother",3,3,0,0,3,3
34,"5/20/99",1,2530541,2,2,3,"Sister",4,4,0,1,3,4
35,"5/20/99",1,2530541,2,2,4,"Uncle",1,1,0,0,1,0
36,"5/20/99",1,2530541,2,2,5,"Aunt",6,3,0,1,5,0
37,"5/20/99",1,2530641,3,1,4,"Uncle",3,3,0,0,3,2
38,"5/20/99",1,2530641,3,1,5,"Aunt",3,3,0,1,2,0
39,"5/20/99",1,2530741,1,1,2,"Brother",2,0,2,2,0,2
40,"5/20/99",1,2530741,1,1,3,"Sister",1,1,0,0,1,0
41,"5/20/99",1,2530741,1,1,4,"Uncle",1,1,1,1,0,1
42,"5/20/99",1,2530741,1,1,5,"Aunt",2,0,0,0,1,0
43,"5/20/99",1,2530741,1,1,7,"Daughter",2,0,0,2,0,2
44,"5/20/99",1,2530741,1,2,1,"Parents",1,0,0,0,1,1
45,"5/20/99",1,2530741,1,2,2,"Brother",4,4,0,0,4,4
46,"5/20/99",1,2530741,1,2,3,"Sister",1,0,0,0,1,0
47,"5/20/99",1,2530741,1,2,4,"Uncle",1,1,0,0,1,0
48,"5/20/99",1,2530741,1,2,5,"Aunt",1,0,0,0,1,0
49,"5/20/99",1,2530741,1,2,7,"Daughter",2,0,0,2,0,2
50,"5/20/99",1,2530841,1,1,2,"Brother",2,0,2,0,0,2
51,"5/20/99",1,2530841,1,1,3,"Sister",3,0,1,0,2,3
52,"5/20/99",1,2530841,1,1,4,"Uncle",1,1,0,0,1,0
53,"5/20/99",1,2530841,1,1,5,"Aunt",1,0,0,0,1,0
54,"5/20/99",1,2530841,3,2,1,"Parents",2,0,0,2,0,2
55,"5/20/99",1,2530841,3,2,3,"Sister",2,1,0,0,2,0
56,"5/20/99",1,2530841,3,2,4,"Uncle",6,6,0,6,0,0
57,"5/20/99",1,2530841,3,2,5,"Aunt",3,0,1,1,1,0
58,"5/20/99",1,2530941,1,1,2,"Brother",4,0,4,0,0,0
59,"5/20/99",1,2530941,1,1,3,"Sister",2,1,1,0,1,0
60,"5/20/99",1,2530941,1,1,7,"Daughter",3,2,0,1,2,1
61,"5/20/99",1,2530941,2,2,2,"Brother",2,0,0,2,0,0
62,"5/20/99",1,2530941,2,2,3,"Sister",2,2,0,0,2,1
63,"5/20/99",1,2530941,2,2,7,"Daughter",3,2,0,1,2,1
64,"5/20/99",1,2531041,1,1,2,"Brother",1,0,1,0,0,0
65,"5/20/99",1,2531041,1,2,2,"Brother",2,0,0,1,1,0
66,"5/20/99",1,2531041,1,2,3,"Sister",1,0,0,1,0,1
67,"5/20/99",1,2531041,1,2,5,"Aunt",1,1,0,1,0,0
68,"5/20/99",1,2531141,5,1,2,"Brother",1,0,1,0,0,0
69,"5/20/99",1,2531141,5,1,7,"Daughter",2,0,1,0,1,1
70,"5/20/99",1,2531141,5,2,1,"Parents",1,0,0,1,0,0
71,"5/20/99",1,2531141,5,2,2,"Brother",2,2,0,2,0,0
72,"5/20/99",1,2531141,5,2,3,"Sister",5,0,1,3,1,0
73,"5/20/99",1,2531141,5,2,7,"Daughter",3,0,1,0,1,1
74,"5/20/99",1,2531241,1,1,1,"Parents",2,0,2,0,0,0
75,"5/20/99",1,2531241,1,1,2,"Brother",1,0,1,0,0,0
76,"5/20/99",1,2531241,1,1,3,"Sister",1,0,0,0,1,0
77,"5/20/99",1,2531241,1,1,4,"Uncle",3,3,3,0,0,0
78,"5/20/99",1,2531241,1,1,5,"Aunt",2,2,0,1,1,0
79,"5/20/99",1,2531241,2,2,1,"Parents",2,2,0,2,0,0
80,"5/20/99",1,2531241,2,2,2,"Brother",1,1,0,1,0,0
81,"5/20/99",1,2531241,2,2,4,"Uncle",6,6,0,4,2,1
82,"5/20/99",1,2531341,2,1,1,"Parents",1,1,0,0,1,1
83,"5/20/99",1,2531341,2,1,3,"Sister",1,0,0,0,1,1
84,"5/20/99",1,2531341,2,1,4,"Uncle",2,2,0,0,1,0
85,"5/20/99",1,2531341,2,1,5,"Aunt",1,1,0,1,0,0
86,"5/20/99",1,2531341,2,1,7,"Daughter",2,2,0,0,2,2
87,"5/20/99",1,2531341,2,2,1,"Parents",1,0,0,0,1,1
88,"5/20/99",1,2531341,2,2,3,"Sister",1,0,0,0,1,1
89,"5/20/99",1,2531341,2,2,4,"Uncle",2,2,0,0,2,2
90,"5/20/99",1,2531341,2,2,6,"Son",1,0,1,0,0,0
91,"5/20/99",1,2531341,2,2,7,"Daughter",2,2,0,0,2,2
92,"5/20/99",1,2531441,1,1,3,"Sister",1,1,0,1,0,0
94,"5/20/99",1,2531441,1,1,7,"Daughter",2,1,0,2,0,0
95,"5/20/99",1,2531441,1,2,1,"Parents",2,1,0,0,2,1
96,"5/20/99",1,2531441,1,2,2,"Brother",3,3,0,0,3,0
97,"5/20/99",1,2531441,1,2,3,"Sister",1,0,0,0,1,0
98,"5/20/99",1,2531441,1,2,7,"Daughter",2,1,0,2,0,0
99,"5/20/99",1,2531541,1,1,2,"Brother",2,2,2,0,0,2
100,"5/20/99",1,2531541,1,1,3,"Sister",4,3,1,0,3,2
101,"5/20/99",1,2531541,1,1,4,"Uncle",1,1,0,0,1,0
102,"5/20/99",1,2531541,1,1,5,"Aunt",1,1,0,1,0,0
103,"5/20/99",1,2531541,1,2,1,"Parents",1,1,0,1,0,1
104,"5/20/99",1,2531541,1,2,2,"Brother",3,3,0,1,0,3
105,"5/20/99",1,2531541,1,2,4,"Uncle",3,3,0,1,2,1
106,"5/20/99",1,2531541,1,2,5,"Aunt",3,3,0,0,3,3
107,"5/20/99",1,2531641,1,1,2,"Brother",1,0,1,0,0,0
108,"5/20/99",1,2531641,1,1,3,"Sister",1,0,0,0,1,0
109,"5/20/99",1,2531641,1,1,6,"Son",1,0,1,0,0,1
110,"5/20/99",1,2531641,1,1,7,"Daughter",3,0,1,0,2,2
111,"5/20/99",1,2531641,1,2,4,"Uncle",1,1,0,0,1,1
112,"5/20/99",1,2531641,1,2,6,"Son",1,0,1,0,0,1
113,"5/20/99",1,2531641,1,2,7,"Daughter",3,0,1,0,2,2
114,"5/20/99",1,2531741,1,1,2,"Brother",3,2,2,0,1,0
115,"5/20/99",1,2531741,1,1,3,"Sister",1,0,0,0,1,0
116,"5/20/99",1,2531741,1,1,4,"Uncle",1,1,0,0,1,0
117,"5/20/99",1,2531741,1,1,7,"Daughter",1,0,1,0,1,0
118,"5/20/99",1,2531741,1,2,2,"Brother",2,0,0,2,0,0
119,"5/20/99",1,2531741,1,2,3,"Sister",3,0,0,0,3,1
120,"5/20/99",1,2531741,1,2,4,"Uncle",2,0,0,2,0,0
121,"5/20/99",1,2531741,1,2,7,"Daughter",1,0,1,0,1,0
1,"7/07/99",1,2540149,2,1,1,"Parents",1,0,1,0,0,1
3,"9/12/99",1,2540149,2,1,3,"Sister",2,1,0,1,1,0
2,"9/12/99",1,2540149,2,1,4,"Uncle",4,0,4,0,0,1
5,"9/12/99",1,2540149,2,1,5,"Aunt",3,2,0,1,2,0
6,"9/12/99",1,2540149,2,2,1,"Parents",2,1,0,0,2,2
7,"9/12/99",1,2540149,2,2,2,"Brother",2,0,0,0,2,0
8,"9/12/99",1,2540149,2,2,3,"Sister",3,1,0,0,3,0
9,"9/12/99",1,2540149,2,2,4,"Uncle",1,0,0,0,1,0
10,"9/12/99",1,2540149,2,2,5,"Aunt",2,0,0,0,2,0
118,"9/12/99",1,2540159,2,1,2,"Brother",1,1,1,0,0,0
119,"9/12/99",1,2540159,2,1,3,"Sister",3,3,0,2,1,3
120,"9/12/99",1,2540159,2,1,6,"Son",1,0,1,0,0,1
121,"9/12/99",1,2540159,2,1,7,"Daughter",1,1,0,1,0,0
122,"9/12/99",1,2540159,2,2,1,"Parents",2,2,0,0,2,2
123,"9/12/99",1,2540159,2,2,2,"Brother",2,2,0,0,2,2
124,"9/12/99",1,2540159,2,2,3,"Sister",2,1,0,0,2,0
125,"9/12/99",1,2540159,2,2,4,"Uncle",1,1,0,1,0,0
126,"9/12/99",1,2540159,2,2,5,"Aunt",2,2,0,2,0,0
127,"9/12/99",1,2540159,2,2,6,"Son",1,0,1,0,0,1
128,"9/12/99",1,2540159,2,2,7,"Daughter",1,1,0,1,0,0
11,"9/12/99",1,2540249,2,1,2,"Brother",6,0,6,0,0,2
12,"9/12/99",1,2540249,2,1,3,"Sister",1,1,0,0,1,0
13,"9/12/99",1,2540249,2,1,4,"Uncle",1,1,0,1,0,0
14,"9/12/99",1,2540249,2,1,5,"Aunt",2,2,0,2,0,0
15,"9/12/99",1,2540249,2,2,1,"Parents",1,0,0,1,0,0
16,"9/12/99",1,2540249,2,2,2,"Brother",3,0,0,1,0,0
17,"9/12/99",1,2540249,2,2,3,"Sister",5,2,0,5,0,0
18,"9/12/99",1,2540249,2,2,4,"Uncle",4,4,0,1,3,0
19,"9/12/99",1,2540249,2,2,5,"Aunt",1,1,0,1,0,0
129,"9/12/99",1,2540259,4,1,2,"Brother",1,1,1,0,0,0
130,"9/12/99",1,2540259,4,1,3,"Sister",3,3,0,2,1,2
131,"9/12/99",1,2540259,4,1,6,"Son",2,0,2,0,0,1
132,"9/12/99",1,2540259,4,1,7,"Daughter",1,0,0,0,1,0
133,"9/12/99",1,2540259,4,2,2,"Brother",1,0,0,1,0,1
134,"9/12/99",1,2540259,4,2,3,"Sister",2,2,0,2,0,1
135,"9/12/99",1,2540259,4,2,6,"Son",2,0,2,0,0,1
136,"9/12/99",1,2540259,4,2,7,"Daughter",1,0,0,0,1,0
20,"9/12/99",1,2540349,1,1,2,"Brother",2,0,2,0,0,0
21,"9/12/99",1,2540349,1,2,2,"Brother",1,0,1,0,0,0
22,"9/12/99",1,2540349,1,2,3,"Sister",3,3,0,1,2,3
23,"9/12/99",1,2540349,1,2,4,"Uncle",1,1,0,0,1,0
137,"9/12/99",1,2540359,2,1,1,"Parents",1,0,1,0,0,0
138,"9/12/99",1,2540359,2,1,4,"Uncle",2,2,0,0,2,2
139,"9/12/99",1,2540359,2,1,5,"Aunt",1,1,0,1,0,1
140,"9/12/99",1,2540359,2,2,2,"Brother",3,1,0,0,3,0
141,"9/12/99",1,2540359,2,2,3,"Sister",1,1,0,0,1,0
24,"9/12/99",1,2540449,2,1,2,"Brother",2,0,2,0,0,0
25,"9/12/99",1,2540449,2,1,3,"Sister",1,0,0,1,0,0
26,"9/12/99",1,2540449,2,1,4,"Uncle",4,0,0,4,0,0
27,"9/12/99",1,2540449,2,2,1,"Parents",2,0,0,2,0,2
28,"9/12/99",1,2540449,2,2,3,"Sister",3,0,0,3,0,1
29,"9/12/99",1,2540449,2,2,4,"Uncle",3,0,0,1,2,0
30,"9/12/99",1,2540449,2,2,5,"Aunt",1,0,0,1,0,0
142,"9/12/99",1,2540459,2,1,2,"Brother",3,3,3,0,0,0
143,"9/12/99",1,2540459,2,1,3,"Sister",6,6,0,2,4,0
144,"9/12/99",1,2540459,2,2,1,"Parents",1,1,0,1,0,0
145,"9/12/99",1,2540459,2,2,2,"Brother",6,6,0,3,3,2
146,"9/12/99",1,2540459,2,2,3,"Sister",2,2,0,2,0,0
147,"9/12/99",1,2540459,2,2,4,"Uncle",1,1,0,1,0,0
148,"9/12/99",1,2540459,2,2,5,"Aunt",3,2,0,0,3,0
31,"9/12/99",1,2540549,2,1,1,"Parents",2,0,2,0,0,2
32,"9/12/99",1,2540549,2,1,2,"Brother",4,0,4,0,0,1
33,"9/12/99",1,2540549,2,1,3,"Sister",1,0,1,0,0,0
34,"9/12/99",1,2540549,2,1,5,"Aunt",5,0,0,0,5,0
35,"9/12/99",1,2540549,2,2,1,"Parents",1,0,0,1,0,1
36,"9/12/99",1,2540549,2,2,2,"Brother",5,0,0,5,0,2
37,"9/12/99",1,2540549,2,2,3,"Sister",4,0,0,1,3,0
38,"9/12/99",1,2540549,2,2,4,"Uncle",2,0,0,2,0,0
39,"9/12/99",1,2540549,2,2,5,"Aunt",2,0,0,0,2,0
149,"9/12/99",1,2540559,1,1,1,"Parents",1,0,1,0,0,0
150,"9/12/99",1,2540559,1,1,2,"Brother",3,0,3,0,0,1
151,"9/12/99",1,2540559,1,1,3,"Sister",3,0,2,1,0,0
152,"9/12/99",1,2540559,1,2,2,"Brother",4,0,0,0,4,0
153,"9/12/99",1,2540559,1,2,3,"Sister",2,0,0,0,2,0
154,"9/12/99",1,2540559,1,2,4,"Uncle",1,0,0,0,1,0
155,"9/12/99",1,2540559,1,2,5,"Aunt",2,1,0,0,2,0
40,"9/12/99",1,2540649,1,1,2,"Brother",1,0,1,0,0,0
41,"9/12/99",1,2540649,2,2,1,"Parents",1,0,0,1,0,0
42,"9/12/99",1,2540649,2,2,2,"Brother",1,0,0,1,0,0
43,"9/12/99",1,2540649,2,2,5,"Aunt",1,0,0,0,1,0
44,"9/12/99",1,2540749,1,1,1,"Parents",2,0,2,0,0,0
45,"9/12/99",1,2540749,1,1,2,"Brother",5,0,5,0,0,0
46,"9/12/99",1,2540749,1,1,3,"Sister",1,0,0,0,1,0
47,"9/12/99",1,2540749,1,1,4,"Uncle",1,1,0,1,0,0
48,"9/12/99",1,2540749,1,1,5,"Aunt",2,2,0,1,1,0
49,"9/12/99",1,2540749,1,2,1,"Parents",2,1,0,2,0,0
50,"9/12/99",1,2540749,1,2,2,"Brother",3,0,0,2,0,0
51,"9/12/99",1,2540749,1,2,3,"Sister",5,3,0,4,1,0
52,"9/12/99",1,2540749,1,2,4,"Uncle",4,4,0,4,0,0
53,"9/12/99",1,2540749,1,2,5,"Aunt",7,7,0,6,1,0
54,"9/12/99",1,2540849,2,1,1,"Parents",2,0,2,0,0,0
55,"9/12/99",1,2540849,2,1,2,"Brother",5,0,5,0,0,0
56,"9/12/99",1,2540849,2,1,3,"Sister",1,1,0,0,1,0
57,"9/12/99",1,2540849,2,1,4,"Uncle",1,0,0,1,0,0
58,"9/12/99",1,2540849,2,1,5,"Aunt",1,1,0,1,0,0
59,"9/12/99",1,2540849,2,2,1,"Parents",2,1,0,0,2,0
60,"9/12/99",1,2540849,2,2,2,"Brother",4,0,0,0,4,0
61,"9/12/99",1,2540849,2,2,3,"Sister",2,2,0,0,2,0
62,"9/12/99",1,2540849,2,2,4,"Uncle",7,7,0,2,5,0
63,"9/12/99",1,2540849,2,2,5,"Aunt",4,4,0,1,3,0
64,"9/12/99",1,2540949,2,1,1,"Parents",1,0,1,0,0,0
65,"9/12/99",1,2540949,2,1,2,"Brother",2,0,2,0,0,0
66,"9/12/99",1,2540949,2,1,3,"Sister",2,1,0,2,0,0
67,"9/12/99",1,2540949,2,1,4,"Uncle",5,0,5,0,0,0
68,"9/12/99",1,2540949,2,1,5,"Aunt",2,2,0,0,2,0
69,"9/12/99",1,2540949,2,2,1,"Parents",1,1,0,0,1,0
70,"9/12/99",1,2540949,2,2,2,"Brother",3,3,0,0,3,0
71,"9/12/99",1,2540949,2,2,3,"Sister",3,1,0,1,2,0
72,"9/12/99",1,2541049,1,1,1,"Parents",1,0,1,0,0,0
73,"9/12/99",1,2541049,1,1,2,"Brother",1,0,1,0,0,0
74,"9/12/99",1,2541049,1,1,3,"Sister",3,0,0,1,2,0
75,"9/12/99",1,2541049,1,1,4,"Uncle",3,0,0,0,3,0
76,"9/12/99",1,2541049,1,1,5,"Aunt",1,1,0,1,0,0
77,"9/12/99",1,2541049,1,2,1,"Parents",1,0,0,1,0,0
78,"9/12/99",1,2541049,1,2,2,"Brother",1,0,0,1,0,0
79,"9/12/99",1,2541049,1,2,3,"Sister",1,0,0,0,1,0
80,"9/12/99",1,2541049,1,2,4,"Uncle",3,3,0,3,0,0
81,"9/12/99",1,2541049,1,2,5,"Aunt",1,1,0,0,1,0
82,"9/12/99",1,2541149,1,1,2,"Brother",2,0,2,0,0,0
83,"9/12/99",1,2541149,1,1,3,"Sister",1,0,0,0,1,0
84,"9/12/99",1,2541149,1,2,1,"Parents",1,0,0,0,1,1
85,"9/12/99",1,2541149,1,2,2,"Brother",3,0,0,0,3,3
86,"9/12/99",1,2541149,1,2,3,"Sister",4,0,0,0,4,0
87,"9/12/99",1,2541249,1,1,2,"Brother",3,0,3,0,0,0
88,"9/12/99",1,2541249,1,1,3,"Sister",2,0,0,0,2,0
89,"9/12/99",1,2541249,1,2,4,"Uncle",4,0,0,1,3,0
90,"9/12/99",1,2541249,1,2,5,"Aunt",3,0,0,1,1,0
91,"9/12/99",1,2541349,1,1,1,"Parents",2,0,2,0,0,0
92,"9/12/99",1,2541349,1,1,2,"Brother",2,0,2,0,0,0
93,"9/12/99",1,2541349,1,1,3,"Sister",3,0,0,2,1,0
94,"9/12/99",1,2541349,1,1,4,"Uncle",2,2,0,1,1,0
95,"9/12/99",1,2541349,1,1,5,"Aunt",3,0,0,0,3,0
96,"9/12/99",1,2541349,1,2,1,"Parents",2,1,0,0,2,0
97,"9/12/99",1,2541349,1,2,2,"Brother",4,0,0,0,4,0
98,"9/12/99",1,2541349,1,2,3,"Sister",4,0,0,0,4,0
99,"9/12/99",1,2541349,1,2,4,"Uncle",2,0,0,0,2,0
100,"9/12/99",1,2541349,1,2,5,"Aunt",1,1,0,1,0,0
101,"9/12/99",1,2541449,1,1,2,"Brother",2,0,2,0,0,2
102,"9/12/99",1,2541449,1,1,3,"Sister",3,1,0,3,0,1
103,"9/12/99",1,2541449,1,1,4,"Uncle",3,0,1,0,2,3
104,"9/12/99",1,2541449,1,1,5,"Aunt",3,0,1,1,1,0
105,"9/12/99",1,2541449,2,2,1,"Parents",1,1,0,0,1,1
106,"9/12/99",1,2541449,2,2,2,"Brother",3,1,0,0,3,3
107,"9/12/99",1,2541449,2,2,3,"Sister",3,3,0,0,3,2
108,"9/12/99",1,2541449,2,2,4,"Uncle",2,2,0,0,2,0
109,"9/12/99",1,2541449,2,2,5,"Aunt",2,2,0,0,2,0
110,"9/12/99",1,2541549,2,1,2,"Brother",3,0,3,0,0,0
111,"9/12/99",1,2541549,2,1,3,"Sister",3,0,0,1,2,0
112,"9/12/99",1,2541549,2,1,4,"Uncle",1,0,1,0,0,0
113,"9/12/99",1,2541549,2,1,5,"Aunt",3,3,0,1,2,0
114,"9/12/99",1,2541549,2,2,1,"Parents",2,2,0,2,0,1
115,"9/12/99",1,2541549,2,2,2,"Brother",2,0,0,2,0,0
116,"9/12/99",1,2541549,2,2,3,"Sister",3,1,0,3,0,1
117,"9/12/99",1,2541549,2,2,5,"Aunt",2,2,0,1,1,0
194,"7/13/99",1,2610141,1,1,1,"Parents",1,0,1,1,0,0
195,"7/13/99",1,2610141,1,1,2,"Brother",3,0,3,3,0,0
196,"7/13/99",1,2610141,1,1,3,"Sister",2,1,1,2,0,1
197,"7/13/99",1,2610141,1,1,4,"Uncle",2,1,2,2,0,0
198,"7/13/99",1,2610141,2,2,1,"Parents",1,0,0,1,0,1
199,"7/13/99",1,2610141,2,2,2,"Brother",1,1,0,1,0,1
200,"7/13/99",1,2610141,2,2,3,"Sister",3,1,0,2,1,0
201,"7/13/99",1,2610141,2,2,4,"Uncle",1,0,0,1,0,0
328,"7/13/99",1,2610151,2,1,2,"Brother",2,1,2,2,0,1
329,"7/13/99",1,2610151,2,1,3,"Sister",1,0,0,1,0,0
330,"7/13/99",1,2610151,2,1,4,"Uncle",1,0,1,1,0,0
331,"7/13/99",1,2610151,2,1,6,"Son",1,0,1,1,0,0
332,"7/13/99",1,2610151,2,2,1,"Parents",1,0,0,1,0,1
333,"7/13/99",1,2610151,2,2,2,"Brother",2,1,0,2,0,1
334,"7/13/99",1,2610151,2,2,3,"Sister",4,2,1,2,2,0
335,"7/13/99",1,2610151,2,2,4,"Uncle",1,1,1,1,0,0
336,"7/13/99",1,2610151,2,2,5,"Aunt",1,0,0,1,0,0
337,"7/13/99",1,2610151,2,2,6,"Son",1,0,1,1,0,0
338,"7/13/99",1,2610152,1,1,1,"Parents",1,1,1,1,0,1
339,"7/13/99",1,2610152,1,1,2,"Brother",4,0,4,4,0,0
340,"7/13/99",1,2610152,1,1,3,"Sister",2,1,1,2,0,1
341,"7/13/99",1,2610152,1,1,4,"Uncle",2,1,2,2,0,0
342,"7/13/99",1,2610152,1,1,5,"Aunt",2,0,0,2,0,0
343,"7/13/99",1,2610152,2,2,1,"Parents",2,1,0,2,0,2
344,"7/13/99",1,2610152,2,2,2,"Brother",3,0,0,3,0,0
345,"7/13/99",1,2610152,2,2,3,"Sister",4,2,0,4,0,1
346,"7/13/99",1,2610152,2,2,4,"Uncle",2,2,0,2,0,0
347,"7/13/99",1,2610152,2,2,5,"Aunt",1,0,0,1,0,0
202,"7/13/99",1,2610241,1,1,1,"Parents",1,0,1,1,0,0
203,"7/13/99",1,2610241,1,1,2,"Brother",1,0,1,1,0,1
204,"7/13/99",1,2610241,1,1,3,"Sister",2,1,1,1,1,1
205,"7/13/99",1,2610241,1,1,5,"Aunt",1,0,1,1,0,0
206,"7/13/99",1,2610241,2,2,1,"Parents",1,0,0,1,0,1
207,"7/13/99",1,2610241,2,2,2,"Brother",7,0,0,7,0,1
208,"7/13/99",1,2610241,2,2,3,"Sister",3,0,0,3,0,0
209,"7/13/99",1,2610241,2,2,4,"Uncle",2,0,0,2,0,0
348,"7/13/99",1,2610251,1,1,1,"Parents",1,0,1,1,0,0
349,"7/13/99",1,2610251,1,1,2,"Brother",1,1,1,1,0,1
350,"7/13/99",1,2610251,1,1,3,"Sister",1,0,1,1,0,0
351,"7/13/99",1,2610251,1,1,4,"Uncle",3,1,0,3,0,1
352,"7/13/99",1,2610251,1,1,5,"Aunt",3,1,0,2,1,0
353,"7/13/99",1,2610251,1,1,6,"Son",1,0,1,1,0,0
354,"7/13/99",1,2610251,2,2,1,"Parents",1,0,1,1,0,0
355,"7/13/99",1,2610251,2,2,2,"Brother",2,0,2,2,0,1
356,"7/13/99",1,2610251,2,2,3,"Sister",3,0,2,2,0,0
357,"7/13/99",1,2610251,2,2,4,"Uncle",1,0,0,1,0,0
358,"7/13/99",1,2610251,2,2,5,"Aunt",1,0,0,1,0,0
359,"7/13/99",1,2610251,2,2,6,"Son",1,0,1,1,0,0
360,"7/13/99",1,2610252,1,1,1,"Parents",1,0,1,1,0,1
361,"7/13/99",1,2610252,1,1,2,"Brother",1,1,1,1,0,1
362,"7/13/99",1,2610252,1,1,3,"Sister",1,0,1,1,0,0
363,"7/13/99",1,2610252,1,1,4,"Uncle",3,1,0,3,0,1
364,"7/13/99",1,2610252,1,1,5,"Aunt",3,1,0,2,1,1
365,"7/13/99",1,2610252,2,2,1,"Parents",2,1,2,2,0,1
366,"7/13/99",1,2610252,2,2,2,"Brother",4,2,4,4,0,1
367,"7/13/99",1,2610252,2,2,3,"Sister",3,1,2,3,0,0
368,"7/13/99",1,2610252,2,2,4,"Uncle",2,1,2,2,0,0
369,"7/13/99",1,2610252,2,2,5,"Aunt",1,0,0,1,0,0
370,"7/13/99",1,2610253,1,1,1,"Parents",2,1,2,2,0,2
371,"7/13/99",1,2610253,1,1,2,"Brother",3,0,3,3,0,0
372,"7/13/99",1,2610253,1,1,4,"Uncle",1,1,1,1,0,1
373,"7/13/99",1,2610253,1,1,5,"Aunt",1,0,1,1,0,0
374,"7/13/99",1,2610253,2,2,1,"Parents",2,1,2,2,0,2
375,"7/13/99",1,2610253,2,2,2,"Brother",2,0,2,2,0,1
376,"7/13/99",1,2610253,2,2,4,"Uncle",2,1,2,2,0,0
377,"7/13/99",1,2610253,2,2,5,"Aunt",1,0,0,1,0,0
212,"7/13/99",1,2610341,2,2,2,"Brother",2,2,2,2,0,1
213,"7/13/99",1,2610341,2,2,3,"Sister",2,1,1,2,0,1
214,"7/13/99",1,2610341,2,2,5,"Aunt",1,1,0,0,1,0
378,"7/13/99",1,2610351,1,1,1,"Parents",1,1,1,1,0,1
379,"7/13/99",1,2610351,1,1,3,"Sister",2,1,1,1,1,1
380,"7/13/99",1,2610351,1,1,4,"Uncle",1,0,1,1,0,0
381,"7/13/99",1,2610351,1,1,5,"Aunt",1,1,1,1,0,1
382,"7/13/99",1,2610351,2,2,1,"Parents",2,0,0,2,0,1
383,"7/13/99",1,2610351,2,2,2,"Brother",1,0,0,1,0,0
384,"7/13/99",1,2610351,2,2,3,"Sister",1,0,0,1,0,0
385,"7/13/99",1,2610351,2,2,4,"Uncle",4,2,0,4,0,1
386,"7/13/99",1,2610351,2,2,5,"Aunt",4,1,0,4,0,1
215,"7/13/99",1,2610441,6,2,2,"Brother",4,4,0,0,4,2
216,"7/13/99",1,2610441,6,2,3,"Sister",2,0,0,0,2,0
387,"7/13/99",1,2610459,1,1,2,"Brother",1,1,1,1,0,1
388,"7/13/99",1,2610459,1,1,3,"Sister",3,2,1,3,0,1
389,"7/13/99",1,2610459,2,2,2,"Brother",3,3,1,3,0,1
390,"7/13/99",1,2610459,2,2,3,"Sister",4,3,1,4,0,2
217,"7/13/99",1,2610541,1,1,1,"Parents",1,0,1,1,0,0
218,"7/13/99",1,2610541,1,1,2,"Brother",1,0,1,1,0,1
219,"7/13/99",1,2610541,1,1,3,"Sister",3,1,2,3,0,1
220,"7/13/99",1,2610541,2,2,1,"Parents",2,0,0,0,2,2
221,"7/13/99",1,2610541,2,2,2,"Brother",4,0,0,0,4,2
222,"7/13/99",1,2610541,2,2,3,"Sister",3,0,0,0,3,0
223,"7/13/99",1,2610541,2,2,4,"Uncle",1,0,0,0,1,0
224,"7/13/99",1,2610541,2,2,5,"Aunt",1,0,0,0,1,0
225,"7/13/99",1,2610641,1,1,2,"Brother",3,1,2,3,0,2
226,"7/13/99",1,2610641,1,1,3,"Sister",1,1,0,1,0,1
227,"7/13/99",1,2610641,1,1,4,"Uncle",1,0,0,0,1,0
228,"7/13/99",1,2610641,2,2,1,"Parents",1,0,1,1,0,1
229,"7/13/99",1,2610641,2,2,2,"Brother",2,1,2,2,0,1
230,"7/13/99",1,2610641,2,2,3,"Sister",1,0,1,1,0,0
231,"7/13/99",1,2610641,2,2,4,"Uncle",1,0,1,1,0,0
232,"7/13/99",1,2610641,2,2,5,"Aunt",1,1,0,1,0,1
233,"7/13/99",1,2610741,1,1,1,"Parents",2,0,2,2,0,1
234,"7/13/99",1,2610741,1,1,4,"Uncle",3,1,1,2,1,1
235,"7/13/99",1,2610741,3,2,1,"Parents",2,0,0,2,0,1
236,"7/13/99",1,2610741,3,2,2,"Brother",3,0,0,3,0,0
237,"7/13/99",1,2610741,3,2,4,"Uncle",2,1,0,2,0,1
238,"7/13/99",1,2610741,3,2,5,"Aunt",3,1,0,3,0,0
239,"7/13/99",1,2610841,1,1,2,"Brother",3,1,3,3,0,1
240,"7/13/99",1,2610841,1,1,3,"Sister",4,1,2,4,0,0
241,"7/13/99",1,2610841,1,1,4,"Uncle",3,0,2,3,0,0
242,"7/13/99",1,2610841,1,1,5,"Aunt",2,0,0,2,0,0
243,"7/13/99",1,2610841,2,2,1,"Parents",1,0,0,1,0,1
244,"7/13/99",1,2610841,2,2,2,"Brother",4,1,0,4,0,1
245,"7/13/99",1,2610841,2,2,3,"Sister",5,2,2,5,0,0
246,"7/13/99",1,2610841,2,2,4,"Uncle",1,0,0,1,0,0
247,"7/13/99",1,2610841,2,2,5,"Aunt",3,0,0,3,0,0
248,"7/13/99",1,2610941,1,1,1,"Parents",1,0,0,0,1,1
249,"7/13/99",1,2610941,1,1,2,"Brother",3,0,0,0,3,1
250,"7/13/99",1,2610941,1,1,3,"Sister",4,0,0,0,4,0
251,"7/13/99",1,2610941,1,1,4,"Uncle",2,0,0,0,2,0
252,"7/13/99",1,2610941,1,1,5,"Aunt",1,0,0,0,1,0
253,"7/13/99",1,2610941,2,2,1,"Parents",2,0,2,2,0,2
254,"7/13/99",1,2610941,2,2,2,"Brother",2,0,2,2,0,0
255,"7/13/99",1,2610941,2,2,3,"Sister",4,1,1,3,1,1
256,"7/13/99",1,2610941,2,2,4,"Uncle",2,0,2,2,0,0
257,"7/13/99",1,2610941,2,2,5,"Aunt",2,1,0,2,0,0
258,"7/13/99",1,2611041,1,1,2,"Brother",1,1,1,1,0,1
259,"7/13/99",1,2611041,1,1,3,"Sister",1,1,0,1,0,1
260,"7/13/99",1,2611041,1,1,6,"Son",1,0,1,1,0,0
261,"7/13/99",1,2611041,2,2,2,"Brother",2,2,2,2,0,0
262,"7/13/99",1,2611041,2,2,3,"Sister",3,2,0,3,0,1
263,"7/13/99",1,2611041,2,2,6,"Son",1,0,1,1,0,0
264,"7/13/99",1,2611141,1,1,1,"Parents",2,0,2,2,0,1
265,"7/13/99",1,2611141,1,1,2,"Brother",2,0,2,2,0,0
266,"7/13/99",1,2611141,1,1,3,"Sister",6,2,1,3,3,1
267,"7/13/99",1,2611141,1,1,4,"Uncle",1,1,1,1,0,1
268,"7/13/99",1,2611141,1,1,5,"Aunt",1,1,1,1,0,0
269,"7/13/99",1,2611141,2,2,1,"Parents",2,1,0,2,0,1
270,"7/13/99",1,2611141,2,2,2,"Brother",3,0,0,3,0,0
271,"7/13/99",1,2611141,2,2,3,"Sister",3,1,0,3,0,1
272,"7/13/99",1,2611141,2,2,4,"Uncle",1,0,0,1,0,0
273,"7/13/99",1,2611141,2,2,5,"Aunt",1,1,0,0,1,1
274,"7/13/99",1,2611241,1,1,3,"Sister",1,1,0,1,0,1
275,"7/13/99",1,2611241,1,1,6,"Son",1,0,1,1,0,0
276,"7/13/99",1,2611241,2,2,1,"Parents",2,0,2,2,0,1
277,"7/13/99",1,2611241,2,2,2,"Brother",3,0,3,3,0,0
278,"7/13/99",1,2611241,2,2,3,"Sister",5,2,0,3,2,2
279,"7/13/99",1,2611241,2,2,4,"Uncle",1,1,1,1,0,1
280,"7/13/99",1,2611241,2,2,5,"Aunt",1,0,0,1,0,0
281,"7/13/99",1,2611241,2,2,6,"Son",1,1,0,1,0,0
282,"7/13/99",1,2611242,1,1,1,"Parents",2,0,2,2,0,1
283,"7/13/99",1,2611242,1,1,4,"Uncle",3,0,3,3,0,0
284,"7/13/99",1,2611242,1,1,5,"Aunt",1,1,0,1,0,0
285,"7/13/99",1,2611242,2,2,1,"Parents",2,0,0,2,0,1
286,"7/13/99",1,2611242,2,2,2,"Brother",3,0,0,3,0,0
287,"7/13/99",1,2611242,2,2,3,"Sister",4,0,1,4,0,0
288,"7/13/99",1,2611242,2,2,4,"Uncle",3,1,0,3,0,0
289,"7/13/99",1,2611242,2,2,5,"Aunt",2,1,0,2,0,0
290,"7/13/99",1,2611341,1,1,1,"Parents",2,0,2,2,0,1
291,"7/13/99",1,2611341,1,1,2,"Brother",3,0,3,3,0,1
292,"7/13/99",1,2611341,1,1,3,"Sister",2,1,0,1,1,0
293,"7/13/99",1,2611341,1,1,4,"Uncle",2,2,0,2,0,1
294,"7/13/99",1,2611341,1,1,5,"Aunt",1,0,1,1,0,0
295,"7/13/99",1,2611341,2,2,2,"Brother",3,2,0,1,2,2
296,"7/13/99",1,2611341,2,2,3,"Sister",1,1,1,1,0,1
297,"7/13/99",1,2611441,1,1,1,"Parents",2,0,2,2,0,1
298,"7/13/99",1,2611441,1,1,2,"Brother",2,1,2,2,0,0
299,"7/13/99",1,2611441,1,1,3,"Sister",1,0,1,1,0,0
300,"7/13/99",1,2611441,1,1,5,"Aunt",1,0,1,1,0,1
301,"7/13/99",1,2611441,2,2,1,"Parents",1,1,1,1,0,1
302,"7/13/99",1,2611441,2,2,2,"Brother",4,4,1,1,0,2
303,"7/13/99",1,2611441,2,2,4,"Uncle",2,2,1,2,0,0
304,"7/13/99",1,2611541,1,1,2,"Brother",4,1,4,4,0,1
305,"7/13/99",1,2611541,1,1,3,"Sister",3,0,1,3,0,0
306,"7/13/99",1,2611541,1,1,4,"Uncle",2,1,1,2,0,0
307,"7/13/99",1,2611541,1,1,5,"Aunt",3,1,1,2,1,0
308,"7/13/99",1,2611541,2,2,1,"Parents",1,1,0,1,0,1
309,"7/13/99",1,2611541,2,2,2,"Brother",4,2,0,4,0,2
310,"7/13/99",1,2611541,2,2,3,"Sister",3,1,1,3,0,0
311,"7/13/99",1,2611541,2,2,4,"Uncle",1,0,0,1,0,0
312,"7/13/99",1,2611541,2,2,5,"Aunt",2,0,0,1,1,0
313,"7/13/99",1,2611641,1,1,1,"Parents",2,1,2,2,0,2
314,"7/13/99",1,2611641,1,1,2,"Brother",4,2,4,4,0,2
315,"7/13/99",1,2611641,1,1,3,"Sister",3,2,1,3,0,1
316,"7/13/99",1,2611641,1,1,4,"Uncle",1,1,1,1,0,0
317,"7/13/99",1,2611641,1,1,5,"Aunt",4,1,1,3,0,0
318,"7/13/99",1,2611641,2,2,1,"Parents",2,2,0,0,2,2
319,"7/13/99",1,2611641,2,2,2,"Brother",1,1,0,0,1,1
320,"7/13/99",1,2611641,2,2,3,"Sister",1,0,0,0,1,0
321,"7/13/99",1,2611641,2,2,5,"Aunt",3,2,0,0,3,0
322,"7/13/99",1,2611741,1,1,1,"Parents",2,1,2,2,0,2
323,"7/13/99",1,2611741,1,1,2,"Brother",6,5,6,6,0,2
324,"7/13/99",1,2611741,1,1,3,"Sister",7,3,3,6,1,1
325,"7/13/99",1,2611741,1,1,5,"Aunt",3,2,0,1,2,0
326,"7/13/99",1,2611741,2,2,1,"Parents",1,1,0,1,0,1
327,"7/13/99",1,2611741,2,2,2,"Brother",3,3,0,3,0,2
9,"5/11/99",1,2620141,2,2,2,"Brother",5,2,0,5,0,2
12,"5/11/99",1,2620141,2,2,5,"Aunt",1,1,1,1,0,1
14,"5/11/99",1,2620141,2,2,7,"Daughter",1,1,1,0,0,1
1,"5/19/99",1,2620141,3,1,1,"Parents",1,0,1,1,0,1
2,"5/11/99",1,2620141,3,1,2,"Brother",1,0,1,1,0,1
3,"5/11/99",1,2620141,3,1,3,"Sister",4,2,2,3,1,2
4,"5/11/99",1,2620141,3,1,4,"Uncle",2,1,2,2,0,1
5,"5/11/99",1,2620141,3,1,5,"Aunt",2,1,0,2,0,1
7,"5/11/99",1,2620141,3,1,7,"Daughter",1,0,1,1,0,1
15,"5/11/99",1,2620241,1,1,1,"Parents",1,0,1,1,0,1
16,"5/11/99",1,2620241,1,1,2,"Brother",2,0,2,2,0,1
17,"5/11/99",1,2620241,1,1,3,"Sister",3,1,1,3,0,0
18,"5/11/99",1,2620241,1,1,4,"Uncle",1,1,1,1,0,0
23,"5/11/99",1,2620241,1,2,1,"Parents",2,0,2,2,0,1
23,"5/11/99",1,2620241,1,2,2,"Brother",2,0,2,2,0,1
24,"5/11/99",1,2620241,1,2,3,"Sister",1,0,1,1,0,0
25,"5/11/99",1,2620241,1,2,4,"Uncle",1,1,1,1,0,0
26,"5/11/99",1,2620241,1,2,5,"Aunt",1,0,1,1,0,0
204,"5/11/99",1,2620251,1,1,1,"Parents",1,1,1,1,0,1
205,"5/11/99",1,2620251,1,1,2,"Brother",3,3,1,1,2,1
206,"5/11/99",1,2620251,1,1,3,"Sister",5,5,1,4,0,1
207,"5/11/99",1,2620251,1,1,4,"Uncle",2,2,0,2,0,0
208,"5/11/99",1,2620251,1,1,5,"Aunt",2,0,0,2,0,0
209,"5/11/99",1,2620251,1,1,6,"Son",1,0,1,1,0,0
210,"5/11/99",1,2620251,1,1,7,"Daughter",3,0,3,3,0,0
211,"5/11/99",1,2620251,2,2,1,"Parents",2,2,2,2,0,0
212,"5/11/99",1,2620251,2,2,2,"Brother",5,5,5,5,0,1
213,"5/11/99",1,2620251,2,2,3,"Sister",2,2,2,2,0,0
214,"5/11/99",1,2620251,2,2,4,"Uncle",2,2,2,2,0,1
216,"5/11/99",1,2620251,2,2,6,"Son",1,0,1,1,0,0
217,"5/11/99",1,2620251,2,2,7,"Daughter",3,0,3,3,0,0
29,"5/11/99",1,2620341,2,1,1,"Parents",1,0,1,1,0,0
30,"5/11/99",1,2620341,2,1,2,"Brother",1,0,1,1,0,1
31,"5/11/99",1,2620341,2,1,3,"Sister",2,1,2,2,0,1
33,"5/11/99",1,2620341,2,1,5,"Aunt",2,0,1,2,0,0
220,"5/11/99",1,2620351,3,1,3,"Sister",1,0,0,1,0,0
223,"5/11/99",1,2620351,3,1,6,"Son",1,0,1,0,1,1
224,"5/11/99",1,2620351,3,1,7,"Daughter",1,1,1,1,0,0
226,"5/11/99",1,2620351,3,2,2,"Brother",2,2,2,2,0,0
227,"5/11/99",1,2620351,3,2,3,"Sister",1,1,1,1,0,0
230,"5/11/99",1,2620351,3,2,6,"Son",1,0,1,1,0,1
231,"5/11/99",1,2620351,3,2,7,"Daughter",1,1,1,1,0,0
36,"5/11/99",1,2620441,2,1,1,"Parents",1,0,1,1,0,0
37,"5/11/99",1,2620441,2,1,2,"Brother",1,0,1,1,0,1
38,"5/11/99",1,2620441,2,1,3,"Sister",2,1,1,2,0,1
39,"5/11/99",1,2620441,2,1,4,"Uncle",2,1,2,2,0,0
40,"5/11/99",1,2620441,2,1,5,"Aunt",1,0,1,1,0,0
41,"5/11/99",1,2620441,2,1,6,"Son",2,0,2,2,0,1
42,"5/11/99",1,2620441,2,1,7,"Daughter",4,1,4,4,0,1
43,"5/11/99",1,2620441,2,2,1,"Parents",2,0,2,2,0,1
44,"5/11/99",1,2620441,2,2,2,"Brother",3,0,3,3,0,1
45,"5/11/99",1,2620441,2,2,3,"Sister",1,0,1,1,0,0
46,"5/11/99",1,2620441,2,2,4,"Uncle",3,0,3,3,0,0
48,"5/11/99",1,2620441,2,2,6,"Son",2,0,2,2,0,1
49,"5/11/99",1,2620441,2,2,7,"Daughter",4,1,4,4,0,1
233,"5/11/99",1,2620459,1,1,2,"Brother",4,2,4,4,0,1
234,"5/11/99",1,2620459,1,1,3,"Sister",4,2,3,4,0,0
235,"5/11/99",1,2620459,1,1,4,"Uncle",2,1,2,2,0,1
236,"5/11/99",1,2620459,1,1,5,"Aunt",1,1,1,1,0,0
237,"5/11/99",1,2620459,1,1,6,"Son",2,0,2,2,0,1
239,"5/11/99",1,2620459,2,2,1,"Parents",1,0,1,1,0,0
240,"5/11/99",1,2620459,2,2,2,"Brother",2,0,2,2,0,0
241,"5/11/99",1,2620459,2,2,3,"Sister",5,0,5,5,0,1
242,"5/11/99",1,2620459,2,2,4,"Uncle",1,0,0,1,0,0
243,"5/11/99",1,2620459,2,2,5,"Aunt",5,0,3,2,0,0
244,"5/11/99",1,2620459,2,2,6,"Son",2,0,2,2,0,1
50,"5/11/99",1,2620541,1,1,1,"Parents",1,0,1,1,0,0
51,"5/11/99",1,2620541,1,1,2,"Brother",2,2,2,2,0,0
52,"5/11/99",1,2620541,1,1,3,"Sister",1,1,0,1,0,0
55,"5/11/99",1,2620541,1,1,6,"Son",2,0,2,2,0,1
58,"5/11/99",1,2620641,2,1,2,"Brother",2,0,2,2,0,1
59,"5/11/99",1,2620641,2,1,3,"Sister",3,1,1,2,0,2
60,"5/11/99",1,2620641,2,1,4,"Uncle",1,0,1,1,0,1
62,"5/11/99",1,2620641,2,1,6,"Son",2,0,2,2,0,2
63,"5/11/99",1,2620641,2,1,7,"Daughter",3,0,2,3,0,1
64,"5/11/99",1,2620641,2,2,1,"Parents",1,1,1,1,0,1
65,"5/11/99",1,2620641,2,2,2,"Brother",1,1,1,1,0,1
66,"5/11/99",1,2620641,2,2,3,"Sister",5,2,2,3,0,2
67,"5/11/99",1,2620641,2,2,4,"Uncle",4,4,4,4,0,0
68,"5/11/99",1,2620641,2,2,5,"Aunt",2,0,1,0,1,0
69,"5/11/99",1,2620641,2,2,6,"Son",2,0,2,2,0,2
70,"5/11/99",1,2620641,2,2,7,"Daughter",3,0,2,1,0,1
71,"5/11/99",1,2620741,1,1,1,"Parents",1,1,1,1,0,1
72,"5/11/99",1,2620741,1,1,2,"Brother",1,0,1,1,0,0
73,"5/11/99",1,2620741,1,1,3,"Sister",2,2,1,1,0,0
78,"5/11/99",1,2620741,1,2,1,"Parents",1,1,1,1,0,1
79,"5/11/99",1,2620741,1,2,2,"Brother",1,1,1,1,0,1
80,"5/11/99",1,2620741,1,2,3,"Sister",5,4,3,3,2,3
81,"5/11/99",1,2620741,1,2,4,"Uncle",1,1,1,1,0,0
82,"5/11/99",1,2620741,1,2,5,"Aunt",2,1,0,2,0,1
86,"5/11/99",1,2620841,1,1,2,"Brother",3,0,0,0,3,3
87,"5/11/99",1,2620841,1,1,3,"Sister",1,0,0,0,1,1
89,"5/11/99",1,2620841,1,1,5,"Aunt",1,0,0,0,1,0
91,"5/11/99",1,2620841,1,1,7,"Daughter",2,0,2,2,0,2
97,"5/11/99",1,2620941,8,1,6,"Son",1,0,0,0,1,1
98,"5/11/99",1,2620941,8,1,7,"Daughter",2,0,1,2,0,1
100,"5/11/99",1,2621041,2,1,2,"Brother",3,1,3,3,0,1
106,"5/11/99",1,2621041,2,2,1,"Parents",2,0,2,2,0,2
108,"5/11/99",1,2621041,2,2,3,"Sister",2,1,1,1,1,2
109,"5/11/99",1,2621041,2,2,4,"Uncle",2,0,2,2,0,0
110,"5/11/99",1,2621041,2,2,5,"Aunt",2,0,1,2,0,0
113,"5/11/99",1,2621141,1,1,1,"Parents",1,0,1,1,0,0
114,"5/11/99",1,2621141,1,1,2,"Brother",4,0,3,4,0,2
117,"5/11/99",1,2621141,1,1,5,"Aunt",1,0,0,1,0,0
118,"5/11/99",1,2621141,1,1,6,"Son",2,0,2,2,0,0
119,"5/11/99",1,2621141,1,1,7,"Daughter",1,0,1,1,0,0
120,"5/11/99",1,2621141,1,2,1,"Parents",1,0,1,1,0,1
123,"5/11/99",1,2621141,1,2,4,"Uncle",2,0,2,2,0,1
124,"5/11/99",1,2621141,1,2,5,"Aunt",4,2,4,4,0,2
125,"5/11/99",1,2621141,1,2,6,"Son",2,0,2,2,0,0
126,"5/11/99",1,2621141,1,2,7,"Daughter",1,0,1,1,0,0
128,"5/11/99",1,2621241,1,1,2,"Brother",4,1,4,4,0,1
129,"5/11/99",1,2621241,1,1,3,"Sister",4,2,2,4,0,2
131,"5/11/99",1,2621241,1,1,5,"Aunt",2,1,1,2,0,1
132,"5/11/99",1,2621241,1,1,6,"Son",1,0,1,1,0,1
133,"5/11/99",1,2621241,1,1,7,"Daughter",3,0,3,3,0,1
135,"5/11/99",1,2621241,1,2,2,"Brother",3,1,0,3,0,1
136,"5/11/99",1,2621241,1,2,3,"Sister",1,1,0,1,0,1
139,"5/11/99",1,2621241,1,2,6,"Son",1,0,1,1,0,1
140,"5/11/99",1,2621241,1,2,7,"Daughter",3,0,3,3,0,1
142,"5/11/99",1,2621341,2,1,2,"Brother",3,2,2,2,0,2
143,"5/11/99",1,2621341,2,1,3,"Sister",2,2,2,2,0,0
144,"5/11/99",1,2621341,2,1,4,"Uncle",3,1,0,2,0,1
148,"5/11/99",1,2621341,2,2,1,"Parents",2,2,0,2,0,2
149,"5/11/99",1,2621341,2,2,2,"Brother",3,3,0,3,0,3
150,"5/11/99",1,2621341,2,2,3,"Sister",4,4,1,3,0,2
151,"5/11/99",1,2621341,2,2,4,"Uncle",1,1,0,1,0,1
152,"5/11/99",1,2621341,2,2,5,"Aunt",2,2,0,2,0,1
157,"5/11/99",1,2621441,2,1,3,"Sister",1,0,1,1,0,0
161,"5/11/99",1,2621441,2,1,7,"Daughter",3,1,2,2,1,2
163,"5/11/99",1,2621441,2,2,2,"Brother",2,0,1,1,0,0
164,"5/11/99",1,2621441,2,2,3,"Sister",1,0,1,1,0,1
168,"5/11/99",1,2621441,2,2,7,"Daughter",3,1,2,2,1,2
169,"5/11/99",1,2621541,1,1,1,"Parents",1,0,1,1,0,0
170,"5/11/99",1,2621541,1,1,2,"Brother",2,0,2,2,0,1
172,"5/11/99",1,2621541,1,1,4,"Uncle",2,0,2,2,0,0
173,"5/11/99",1,2621541,1,1,5,"Aunt",2,1,2,2,0,1
175,"5/11/99",1,2621541,1,1,7,"Daughter",3,2,2,3,0,3
177,"5/11/99",1,2621541,2,2,2,"Brother",1,0,1,1,0,1
178,"5/11/99",1,2621541,2,2,3,"Sister",3,0,1,3,0,1
182,"5/11/99",1,2621541,2,2,7,"Daughter",3,2,2,3,0,3
188,"5/11/99",1,2621641,4,1,6,"Son",3,0,0,0,2,2
189,"5/11/99",1,2621641,4,1,7,"Daughter",1,0,1,1,0,0
195,"5/11/99",1,2621741,2,1,6,"Son",2,0,1,1,1,1
196,"5/11/99",1,2621741,2,1,7,"Daughter",2,0,1,1,0,1
199,"5/11/99",1,2621741,2,2,3,"Sister",1,1,1,1,0,1
202,"5/11/99",1,2621741,2,2,6,"Son",2,0,1,1,1,1
203,"5/11/99",1,2621741,2,2,7,"Daughter",2,0,1,1,0,1
985,"6/17/99",1,2630141,1,1,1,"Parents",1,1,1,1,0,1
986,"6/17/99",1,2630141,1,1,2,"Brother",4,1,4,4,0,1
987,"6/17/99",1,2630141,1,1,3,"Sister",5,2,2,3,2,1
988,"6/17/99",1,2630141,1,1,4,"Uncle",1,1,0,0,1,0
989,"6/17/99",1,2630141,2,2,1,"Parents",2,2,0,2,0,0
990,"6/17/99",1,2630141,2,2,2,"Brother",1,1,0,1,0,0
991,"6/17/99",1,2630141,2,2,3,"Sister",5,2,0,3,2,1
992,"6/17/99",1,2630141,2,2,4,"Uncle",2,1,0,1,1,0
993,"6/17/99",1,2630141,2,2,5,"Aunt",1,1,0,1,0,0
1070,"6/17/99",1,2630151,1,1,1,"Parents",1,1,1,1,0,1
1071,"6/17/99",1,2630151,1,1,2,"Brother",1,1,1,1,0,1
1072,"6/17/99",1,2630151,1,1,3,"Sister",4,4,0,3,1,1
1073,"6/17/99",1,2630151,1,1,4,"Uncle",1,1,1,1,0,1
1074,"6/17/99",1,2630152,1,1,1,"Parents",1,1,1,1,0,1
1075,"6/17/99",1,2630152,1,1,2,"Brother",1,1,1,1,0,1
1076,"6/17/99",1,2630152,1,1,3,"Sister",4,4,0,3,1,2
1077,"6/17/99",1,2630152,1,1,4,"Uncle",1,1,0,1,0,1
1078,"6/17/99",1,2630152,1,2,1,"Parents",2,1,0,0,2,2
1079,"6/17/99",1,2630152,1,2,2,"Brother",3,3,0,0,3,1
1080,"6/17/99",1,2630152,1,2,3,"Sister",1,1,0,1,0,1
994,"6/17/99",1,2630241,1,1,1,"Parents",1,1,1,1,0,0
995,"6/17/99",1,2630241,1,1,2,"Brother",4,2,4,4,0,2
996,"6/17/99",1,2630241,1,1,3,"Sister",5,4,2,3,2,0
997,"6/17/99",1,2630241,1,1,4,"Uncle",1,1,0,0,1,0
998,"6/17/99",1,2630241,1,2,1,"Parents",2,2,0,0,2,2
999,"6/17/99",1,2630241,1,2,2,"Brother",7,0,0,0,7,0
1000,"6/17/99",1,2630241,1,2,3,"Sister",3,3,0,0,3,1
1001,"6/17/99",1,2630241,1,2,4,"Uncle",2,2,0,0,2,0
1002,"6/17/99",1,2630241,1,2,5,"Aunt",4,2,0,0,4,0
1081,"6/17/99",1,2630251,2,1,2,"Brother",1,0,0,1,0,0
1082,"6/17/99",1,2630251,2,1,3,"Sister",4,1,0,0,4,1
1083,"6/17/99",1,2630251,2,1,4,"Uncle",2,1,0,0,2,0
1084,"6/17/99",1,2630251,2,1,5,"Aunt",1,0,0,0,1,1
1085,"6/17/99",1,2630251,2,2,1,"Parents",1,0,1,1,0,0
1086,"6/17/99",1,2630251,2,2,2,"Brother",2,1,0,2,0,0
1087,"6/17/99",1,2630251,2,2,3,"Sister",2,0,1,1,1,0
1088,"6/17/99",1,2630251,2,2,5,"Aunt",1,1,0,0,1,0
1003,"6/17/99",1,2630341,2,1,1,"Parents",2,1,0,2,0,0
1004,"6/17/99",1,2630341,2,1,2,"Brother",3,3,0,3,0,1
1005,"6/17/99",1,2630341,2,1,3,"Sister",1,1,0,1,0,1
1006,"6/17/99",1,2630341,2,1,4,"Uncle",1,0,1,0,0,0
1007,"6/17/99",1,2630341,2,1,5,"Aunt",1,0,0,1,0,0
1008,"6/17/99",1,2630341,2,2,1,"Parents",1,0,1,1,0,1
1009,"6/17/99",1,2630341,2,2,2,"Brother",4,0,0,0,4,0
1010,"6/17/99",1,2630341,2,2,3,"Sister",5,2,2,3,2,2
1011,"6/17/99",1,2630341,2,2,4,"Uncle",2,1,0,1,1,1
1012,"6/17/99",1,2630341,2,2,5,"Aunt",4,1,0,3,1,0
1013,"6/17/99",1,2630441,1,1,1,"Parents",1,0,1,1,0,1
1014,"6/17/99",1,2630441,1,1,2,"Brother",3,0,3,3,0,2
1015,"6/17/99",1,2630441,1,1,3,"Sister",1,0,1,1,0,0
1016,"6/17/99",1,2630441,1,1,4,"Uncle",1,1,1,1,0,0
1017,"6/17/99",1,2630441,1,1,5,"Aunt",1,1,0,0,1,0
1018,"6/17/99",1,2630441,2,2,1,"Parents",2,2,2,2,0,1
1019,"6/17/99",1,2630441,2,2,2,"Brother",3,1,1,1,2,1
1020,"6/17/99",1,2630441,2,2,3,"Sister",2,0,0,0,2,0
1021,"6/17/99",1,2630441,2,2,4,"Uncle",1,1,0,0,1,0
1022,"6/17/99",1,2630441,2,2,5,"Aunt",1,1,0,1,0,0
1089,"6/17/99",1,2630459,1,1,1,"Parents",2,2,0,0,2,1
1090,"6/17/99",1,2630459,1,1,2,"Brother",5,2,1,1,4,1
1091,"6/17/99",1,2630459,1,1,3,"Sister",2,1,1,1,1,0
1092,"6/17/99",1,2630459,1,1,4,"Uncle",3,2,2,2,1,0
1093,"6/17/99",1,2630459,1,1,5,"Aunt",1,1,0,0,1,0
1094,"6/17/99",1,2630459,2,2,1,"Parents",2,0,0,0,0,1
1095,"6/17/99",1,2630459,2,2,2,"Brother",3,0,0,3,0,0
1096,"6/17/99",1,2630459,2,2,3,"Sister",2,0,0,2,0,0
1097,"6/17/99",1,2630459,2,2,4,"Uncle",10,5,0,10,0,2
1098,"6/17/99",1,2630459,2,2,5,"Aunt",5,2,0,4,1,1
1023,"6/17/99",1,2630641,1,1,6,"Son",1,0,0,1,0,0
1024,"6/17/99",1,2630641,1,1,7,"Daughter",2,1,1,1,1,1
1025,"6/17/99",1,2630841,1,1,1,"Parents",1,0,1,1,0,1
1026,"6/17/99",1,2630841,1,1,2,"Brother",4,0,4,4,0,2
1027,"6/17/99",1,2630841,1,1,4,"Uncle",1,1,1,1,0,1
1028,"6/17/99",1,2630841,1,1,5,"Aunt",1,1,0,0,1,0
1033,"6/17/99",1,2631141,2,1,1,"Parents",1,1,1,1,0,1
1034,"6/17/99",1,2631141,2,1,2,"Brother",4,0,4,4,0,1
1035,"6/17/99",1,2631141,2,1,3,"Sister",3,0,3,2,0,0
1036,"6/17/99",1,2631141,2,1,4,"Uncle",4,2,0,3,1,1
1037,"6/17/99",1,2631141,2,1,5,"Aunt",5,2,0,5,0,1
1038,"6/17/99",1,2631241,1,1,1,"Parents",1,1,1,1,0,1
1039,"6/17/99",1,2631241,1,1,2,"Brother",3,1,1,1,2,1
1040,"6/17/99",1,2631241,1,1,3,"Sister",5,3,1,1,1,1
1041,"6/17/99",1,2631241,1,1,5,"Aunt",1,1,0,0,1,0
1042,"6/17/99",1,2631241,2,2,1,"Parents",2,1,0,0,2,1
1043,"6/17/99",1,2631241,2,2,2,"Brother",2,2,0,0,2,1
1044,"6/17/99",1,2631241,2,2,3,"Sister",2,1,0,0,2,1
1045,"6/17/99",1,2631241,2,2,4,"Uncle",4,2,0,0,4,0
1046,"6/17/99",1,2631341,1,1,1,"Parents",2,0,0,0,2,1
1047,"6/17/99",1,2631341,1,1,2,"Brother",2,0,0,0,2,0
1048,"6/17/99",1,2631341,1,1,3,"Sister",2,2,0,0,2,2
1049,"6/17/99",1,2631341,1,1,4,"Uncle",2,2,0,0,2,1
1050,"6/17/99",1,2631341,1,1,5,"Aunt",2,2,0,0,2,2
1051,"6/17/99",1,2631341,2,2,1,"Parents",1,1,1,1,0,1
1052,"6/17/99",1,2631341,2,2,2,"Brother",4,2,2,2,2,1
1053,"6/17/99",1,2631341,2,2,3,"Sister",5,2,2,2,3,1
1054,"6/17/99",1,2631341,2,2,5,"Aunt",1,1,0,0,1,0
1055,"6/17/99",1,2631541,1,1,1,"Parents",2,1,0,2,0,0
1056,"6/17/99",1,2631541,1,1,2,"Brother",4,0,0,3,1,0
1057,"6/17/99",1,2631541,1,1,3,"Sister",2,1,0,1,1,0
1058,"6/17/99",1,2631541,1,1,4,"Uncle",1,1,1,1,0,1
1059,"6/17/99",1,2631541,1,1,5,"Aunt",4,1,0,0,3,0
1060,"6/17/99",1,2631541,2,2,1,"Parents",2,1,2,2,0,2
1061,"6/17/99",1,2631541,2,2,2,"Brother",2,1,2,2,0,1
1062,"6/17/99",1,2631541,2,2,3,"Sister",3,1,2,2,1,1
1063,"6/17/99",1,2631541,2,2,4,"Uncle",1,1,0,1,0,0
1064,"6/17/99",1,2631541,2,2,5,"Aunt",4,1,0,0,3,0
1065,"6/17/99",1,2631741,1,1,1,"Parents",1,0,1,1,0,1
1066,"6/17/99",1,2631741,1,1,2,"Brother",3,1,2,3,0,1
1067,"6/17/99",1,2631741,1,1,3,"Sister",3,2,1,1,2,1
1068,"6/17/99",1,2631741,1,1,4,"Uncle",1,0,0,0,1,0
1069,"6/17/99",1,2631741,1,1,5,"Aunt",4,0,0,3,1,0
1,"5/19/99",1,2710141,2,1,2,"Brother",1,1,1,0,0,0
2,"5/05/99",1,2710141,2,1,7,"Daughter",4,0,0,4,0,0
3,"5/05/99",1,2710141,2,2,1,"Parents",2,1,0,1,0,0
4,"5/05/99",1,2710141,2,2,2,"Brother",3,0,0,3,0,0
5,"5/05/99",1,2710141,2,2,7,"Daughter",4,0,0,4,0,0
108,"5/05/99",1,2710151,4,1,2,"Brother",1,1,1,0,0,0
109,"5/05/99",1,2710151,4,1,3,"Sister",2,2,1,1,0,0
111,"5/05/99",1,2710151,4,1,7,"Daughter",2,0,0,0,2,0
112,"5/05/99",1,2710151,4,2,1,"Parents",2,2,0,2,0,0
113,"5/05/99",1,2710151,4,2,3,"Sister",7,7,0,4,3,0
114,"5/05/99",1,2710151,4,2,4,"Uncle",2,2,0,2,0,0
115,"5/05/99",1,2710151,4,2,5,"Aunt",1,1,0,1,0,0
117,"5/05/99",1,2710151,4,2,7,"Daughter",2,0,0,0,2,0
6,"5/05/99",1,2710241,1,1,3,"Sister",1,0,0,1,0,0
7,"5/05/99",1,2710241,1,1,5,"Aunt",1,1,0,1,0,0
8,"5/05/99",1,2710241,1,2,1,"Parents",1,1,0,1,0,0
9,"5/05/99",1,2710241,1,2,2,"Brother",4,4,0,4,0,0
10,"5/05/99",1,2710241,1,2,4,"Uncle",2,2,0,2,0,0
11,"5/05/99",1,2710241,1,2,5,"Aunt",3,3,0,3,0,0
118,"5/05/99",1,2710251,2,1,2,"Brother",3,0,3,0,0,0
119,"5/05/99",1,2710251,2,1,3,"Sister",2,2,0,2,0,0
120,"5/05/99",1,2710251,2,1,4,"Uncle",3,3,0,3,0,0
121,"5/05/99",1,2710251,2,1,5,"Aunt",1,1,0,0,1,0
122,"5/05/99",1,2710251,2,2,1,"Parents",2,1,0,2,0,0
123,"5/05/99",1,2710251,2,2,2,"Brother",3,0,0,3,0,0
124,"5/05/99",1,2710251,2,2,3,"Sister",5,2,0,2,3,0
125,"5/05/99",1,2710251,2,2,4,"Uncle",3,3,0,2,1,0
126,"5/05/99",1,2710251,2,2,5,"Aunt",5,5,0,2,3,0
12,"5/05/99",1,2710341,1,1,1,"Parents",1,0,1,0,0,0
13,"5/05/99",1,2710341,1,1,2,"Brother",1,0,1,0,0,0
14,"5/05/99",1,2710341,1,1,4,"Uncle",7,0,0,1,6,0
15,"5/05/99",1,2710341,1,1,5,"Aunt",1,0,0,1,0,0
16,"5/05/99",1,2710341,1,2,1,"Parents",2,0,2,0,0,0
17,"5/05/99",1,2710341,1,2,2,"Brother",1,0,1,0,0,0
18,"5/05/99",1,2710341,1,2,3,"Sister",3,0,2,1,0,0
19,"5/05/99",1,2710341,1,2,4,"Uncle",4,0,2,2,0,0
20,"5/05/99",1,2710341,1,2,5,"Aunt",2,0,1,1,0,0
127,"5/05/99",1,2710351,2,1,1,"Parents",1,0,1,0,0,0
128,"5/05/99",1,2710351,2,1,2,"Brother",4,0,4,0,0,0
129,"5/05/99",1,2710351,2,1,3,"Sister",2,2,0,2,0,0
130,"5/05/99",1,2710351,2,1,4,"Uncle",1,0,0,1,0,0
131,"5/05/99",1,2710351,2,1,5,"Aunt",2,0,0,2,0,0
133,"5/05/99",1,2710351,2,1,7,"Daughter",3,2,0,3,0,1
134,"5/05/99",1,2710351,2,2,1,"Parents",1,0,0,1,0,0
135,"5/05/99",1,2710351,2,2,2,"Brother",5,4,0,5,0,0
136,"5/05/99",1,2710351,2,2,3,"Sister",3,3,0,3,0,0
137,"5/05/99",1,2710351,2,2,4,"Uncle",2,2,0,2,0,0
138,"5/05/99",1,2710351,2,2,5,"Aunt",1,1,0,1,0,0
139,"5/05/99",1,2710351,2,2,7,"Daughter",3,2,0,3,0,1
21,"5/05/99",1,2710441,2,1,1,"Parents",1,0,1,0,0,0
22,"5/05/99",1,2710441,2,1,2,"Brother",4,0,0,0,0,0
23,"5/05/99",1,2710441,2,1,3,"Sister",2,2,0,2,0,0
24,"5/05/99",1,2710441,2,1,4,"Uncle",1,0,0,1,0,0
25,"5/05/99",1,2710441,2,1,5,"Aunt",4,0,0,4,0,0
27,"5/05/99",1,2710441,2,2,1,"Parents",2,2,0,0,2,0
28,"5/05/99",1,2710441,2,2,3,"Sister",8,7,0,0,8,0
29,"5/05/99",1,2710441,2,2,4,"Uncle",3,3,0,0,3,0
30,"5/05/99",1,2710441,2,2,5,"Aunt",3,3,0,0,3,0
140,"5/05/99",1,2710459,1,1,1,"Parents",1,0,0,0,1,0
141,"5/05/99",1,2710459,1,1,2,"Brother",4,1,1,0,3,0
142,"5/05/99",1,2710459,1,1,3,"Sister",3,0,0,0,3,0
143,"5/05/99",1,2710459,1,1,4,"Uncle",3,0,1,0,2,0
144,"5/05/99",1,2710459,1,1,5,"Aunt",2,0,1,0,1,0
145,"5/05/99",1,2710459,1,2,1,"Parents",1,0,0,0,1,0
146,"5/05/99",1,2710459,1,2,3,"Sister",4,0,1,0,3,0
147,"5/05/99",1,2710459,1,2,5,"Aunt",1,0,0,0,1,0
31,"5/05/99",1,2710541,1,1,2,"Brother",1,0,0,0,1,0
32,"5/05/99",1,2710541,1,2,2,"Brother",3,0,0,3,0,0
33,"5/05/99",1,2710541,1,2,3,"Sister",2,0,0,2,0,0
35,"5/05/99",1,2710541,1,2,7,"Daughter",1,0,0,0,0,0
36,"5/05/99",1,2710641,1,1,1,"Parents",1,0,1,0,0,0
37,"5/05/99",1,2710641,1,1,3,"Sister",3,0,1,0,2,0
38,"5/05/99",1,2710641,1,1,4,"Uncle",1,1,0,1,0,0
39,"5/05/99",1,2710641,1,1,6,"Son",3,0,3,0,0,0
40,"5/05/99",1,2710641,1,2,1,"Parents",2,0,0,2,0,0
41,"5/05/99",1,2710641,1,2,2,"Brother",2,0,0,2,0,0
42,"5/05/99",1,2710641,1,2,3,"Sister",2,1,0,1,1,0
43,"5/05/99",1,2710641,1,2,4,"Uncle",4,0,0,0,4,0
44,"5/05/99",1,2710641,1,2,5,"Aunt",2,0,0,1,1,0
45,"5/05/99",1,2710641,1,2,6,"Son",3,0,3,0,0,0
46,"5/05/99",1,2710642,1,1,1,"Parents",1,0,1,0,0,0
47,"5/05/99",1,2710642,1,1,2,"Brother",4,0,4,0,0,0
48,"5/05/99",1,2710642,1,1,3,"Sister",3,0,1,0,2,0
49,"5/05/99",1,2710642,1,1,4,"Uncle",1,1,0,1,0,0
50,"5/05/99",1,2710741,1,1,1,"Parents",1,1,1,0,0,1
51,"5/05/99",1,2710741,1,1,2,"Brother",2,0,2,0,0,0
52,"5/05/99",1,2710741,1,1,3,"Sister",2,0,2,0,0,0
53,"5/05/99",1,2710741,1,1,5,"Aunt",2,2,0,2,0,0
54,"5/05/99",1,2710741,1,1,7,"Daughter",1,0,1,1,0,0
55,"5/05/99",1,2710741,1,2,1,"Parents",1,0,0,1,0,0
56,"5/05/99",1,2710741,1,2,2,"Brother",6,0,0,6,0,0
57,"5/05/99",1,2710741,1,2,3,"Sister",3,0,1,1,1,0
58,"5/05/99",1,2710741,1,2,7,"Daughter",1,0,1,1,0,0
59,"5/05/99",1,2710841,2,1,1,"Parents",2,1,1,0,0,0
60,"5/05/99",1,2710841,2,1,4,"Uncle",3,3,2,1,0,0
61,"5/05/99",1,2710841,2,1,5,"Aunt",3,0,0,3,0,0
62,"5/05/99",1,2710841,2,2,1,"Parents",2,1,0,2,0,1
63,"5/05/99",1,2710841,2,2,2,"Brother",5,0,0,5,0,0
64,"5/05/99",1,2710841,2,2,3,"Sister",1,1,0,1,0,0
65,"5/05/99",1,2710841,2,2,4,"Uncle",3,3,0,3,0,0
66,"5/05/99",1,2710841,2,2,5,"Aunt",4,4,0,4,0,0
67,"5/05/99",1,2710941,2,1,1,"Parents",1,0,0,1,0,0
68,"5/05/99",1,2710941,2,1,3,"Sister",1,1,0,1,0,0
69,"5/05/99",1,2710941,2,2,3,"Sister",2,1,0,1,1,2
70,"5/05/99",1,2711041,1,1,2,"Brother",4,1,3,0,1,0
71,"5/05/99",1,2711041,1,1,3,"Sister",2,1,0,1,1,0
72,"5/05/99",1,2711041,1,1,4,"Uncle",1,1,0,0,1,0
73,"5/05/99",1,2711041,1,1,7,"Daughter",1,1,1,1,0,0
74,"5/05/99",1,2711041,1,2,1,"Parents",1,0,0,1,0,0
75,"5/05/99",1,2711041,1,2,2,"Brother",6,1,0,6,0,0
76,"5/05/99",1,2711041,1,2,3,"Sister",3,0,0,2,1,0
77,"5/05/99",1,2711041,1,2,4,"Uncle",1,1,0,0,1,0
78,"5/05/99",1,2711041,1,2,5,"Aunt",1,1,0,1,0,0
79,"5/05/99",1,2711041,1,2,7,"Daughter",1,1,1,1,0,0
80,"5/05/99",1,2711141,2,1,3,"Sister",2,0,0,0,2,0
81,"5/05/99",1,2711141,2,2,2,"Brother",1,0,0,0,1,0
82,"5/05/99",1,2711141,2,2,3,"Sister",4,0,0,0,2,0
83,"5/05/99",1,2711241,1,1,3,"Sister",2,2,0,2,0,0
84,"5/05/99",1,2711241,1,1,5,"Aunt",1,1,0,1,0,0
85,"5/05/99",1,2711241,1,2,1,"Parents",2,0,0,2,0,0
86,"5/05/99",1,2711241,1,2,2,"Brother",3,0,0,3,0,0
87,"5/05/99",1,2711241,1,2,3,"Sister",1,0,0,1,0,0
88,"5/05/99",1,2711241,1,2,4,"Uncle",6,1,0,6,0,0
89,"5/05/99",1,2711341,2,2,1,"Parents",2,0,2,0,0,0
90,"5/05/99",1,2711341,2,2,2,"Brother",4,0,4,0,0,0
91,"5/05/99",1,2711341,2,2,3,"Sister",3,0,0,3,0,0
92,"5/05/99",1,2711341,2,2,4,"Uncle",5,0,0,5,0,0
93,"5/05/99",1,2711341,2,2,5,"Aunt",5,5,0,0,5,0
94,"5/05/99",1,2711541,1,1,1,"Parents",1,0,1,0,0,0
95,"5/05/99",1,2711541,1,1,2,"Brother",1,0,0,1,0,0
96,"5/05/99",1,2711541,1,1,3,"Sister",3,0,1,1,1,0
97,"5/05/99",1,2711541,1,1,5,"Aunt",1,0,0,0,1,0
98,"5/05/99",1,2711541,2,2,2,"Brother",2,2,0,2,0,0
99,"5/05/99",1,2711541,2,2,5,"Aunt",1,0,0,1,0,0
100,"5/05/99",1,2711641,1,1,1,"Parents",1,0,1,0,0,0
101,"5/05/99",1,2711641,1,1,2,"Brother",1,0,1,0,0,0
102,"5/05/99",1,2711641,1,1,3,"Sister",2,1,1,0,1,0
103,"5/05/99",1,2711741,3,1,6,"Son",1,0,0,1,0,0
104,"5/05/99",1,2711741,3,1,7,"Daughter",3,0,0,3,0,0
105,"5/05/99",1,2711741,3,2,3,"Sister",1,0,0,1,0,0
106,"5/05/99",1,2711741,3,2,6,"Son",1,0,0,1,0,0
107,"5/05/99",1,2711741,3,2,7,"Daughter",3,0,0,3,0,0
377,"6/18/99",1,2720141,1,1,1,"Parents",1,0,1,0,0,0
378,"6/27/99",1,2720141,1,1,2,"Brother",2,0,2,0,0,0
379,"6/27/99",1,2720141,1,1,3,"Sister",3,0,3,0,0,3
380,"6/27/99",1,2720141,1,1,4,"Uncle",2,0,0,0,2,0
381,"6/27/99",1,2720141,1,1,5,"Aunt",1,0,0,0,1,0
382,"6/27/99",1,2720141,2,2,1,"Prents",2,1,0,2,0,0
383,"6/27/99",1,2720141,2,2,2,"Brother",3,0,0,3,0,0
384,"6/27/99",1,2720141,2,2,3,"Sister",5,0,0,1,4,0
385,"6/27/99",1,2720141,2,2,4,"Uncle",1,0,1,0,0,0
386,"6/27/99",1,2720141,2,2,5,"Aunt",1,0,0,0,0,0
542,"6/27/99",1,2720151,1,1,2,"Brother",1,0,0,0,1,0
543,"6/27/99",1,2720151,1,1,3,"Sister",1,0,0,0,0,0
544,"6/27/99",1,2720151,1,1,4,"Uncle",1,1,0,1,0,0
545,"6/27/99",1,2720151,1,1,5,"Aunt",1,0,0,1,0,1
546,"6/27/99",1,2720151,2,2,1,"Prents",2,1,0,0,0,0
547,"6/27/99",1,2720151,2,2,2,"Brother",1,0,0,0,0,0
548,"6/27/99",1,2720151,2,2,3,"Sister",2,0,0,0,0,0
549,"6/27/99",1,2720151,2,2,5,"Aunt",2,0,0,0,0,0
387,"6/27/99",1,2720241,1,1,2,"Brother",1,0,0,0,1,0
388,"6/27/99",1,2720241,1,1,4,"Uncle",4,4,0,0,0,0
389,"6/27/99",1,2720241,2,2,1,"Prents",1,0,0,0,1,0
390,"6/27/99",1,2720241,2,2,2,"Brother",3,0,3,0,0,0
391,"6/27/99",1,2720241,2,2,3,"Sister",1,0,1,0,0,0
392,"6/27/99",1,2720241,2,2,4,"Uncle",1,0,0,0,1,0
550,"6/27/99",1,2720251,1,1,1,"Parents",1,0,1,0,0,0
551,"6/27/99",1,2720251,1,1,2,"Brother",2,2,2,0,0,0
552,"6/27/99",1,2720251,1,1,3,"Sister",2,0,0,1,0,0
553,"6/27/99",1,2720251,1,1,4,"Uncle",1,0,1,0,0,0
554,"6/27/99",1,2720251,1,1,5,"Aunt",1,0,0,1,0,0
555,"6/27/99",1,2720251,1,1,7,"Daughter",2,0,0,0,0,0
556,"6/27/99",1,2720251,2,2,1,"Prents",2,1,0,0,0,0
557,"6/27/99",1,2720251,2,2,2,"Brother",2,0,0,0,0,0
558,"6/27/99",1,2720251,2,2,3,"Sister",4,0,0,0,0,0
559,"6/27/99",1,2720251,2,2,7,"Daughter",2,0,0,0,0,0
393,"6/27/99",1,2720341,1,1,2,"Brother",2,0,2,0,0,0
394,"6/27/99",1,2720341,1,1,3,"Sister",2,0,1,0,1,0
395,"6/27/99",1,2720341,1,1,6,"Son",3,0,3,0,0,0
396,"6/27/99",1,2720341,1,1,7,"Daughter",2,0,0,2,0,0
397,"6/27/99",1,2720341,2,2,2,"Brother",3,1,0,1,0,0
398,"6/27/99",1,2720341,2,2,3,"Sister",4,0,0,4,0,0
399,"6/27/99",1,2720341,2,2,6,"Son",3,0,3,0,0,0
400,"6/27/99",1,2720341,2,2,7,"Daughter",2,0,0,2,0,0
401,"6/27/99",1,2720342,1,1,1,"Parents",2,0,2,0,0,0
402,"6/27/99",1,2720342,1,1,2,"Brother",5,0,5,0,0,0
403,"6/27/99",1,2720342,1,1,3,"Sister",2,0,0,1,1,0
404,"6/27/99",1,2720342,1,1,4,"Uncle",3,3,2,1,0,0
405,"6/27/99",1,2720342,1,1,5,"Aunt",6,6,0,6,0,0
406,"6/27/99",1,2720342,2,2,1,"Prents",2,0,0,0,0,0
407,"6/27/99",1,2720342,2,2,2,"Brother",1,0,0,0,0,0
408,"6/27/99",1,2720342,2,2,3,"Sister",5,0,0,0,0,0
409,"6/27/99",1,2720342,2,2,4,"Uncle",3,0,0,0,0,0
410,"6/27/99",1,2720342,2,2,5,"Aunt",3,0,0,0,0,0
411,"6/27/99",1,2720343,1,1,1,"Parents",2,0,2,0,0,0
412,"6/27/99",1,2720343,1,1,2,"Brother",5,0,5,0,0,0
413,"6/27/99",1,2720343,1,1,3,"Sister",2,0,0,1,1,0
414,"6/27/99",1,2720343,1,1,4,"Uncle",3,3,2,1,0,0
415,"6/27/99",1,2720343,1,1,5,"Aunt",6,6,0,6,0,0
416,"6/27/99",1,2720343,2,2,1,"Prents",2,1,0,0,0,0
417,"6/27/99",1,2720343,2,2,2,"Brother",5,0,0,0,2,0
418,"6/27/99",1,2720343,2,2,3,"Sister",1,0,0,0,0,0
419,"6/27/99",1,2720343,2,2,4,"Uncle",3,0,0,0,0,0
420,"6/27/99",1,2720343,2,2,5,"Aunt",1,0,0,0,0,0
421,"6/27/99",1,2720344,1,1,1,"Parents",2,1,2,0,0,0
422,"6/27/99",1,2720344,1,1,2,"Brother",5,0,4,0,1,0
423,"6/27/99",1,2720344,1,1,3,"Sister",2,0,0,1,1,0
424,"6/27/99",1,2720344,1,1,4,"Uncle",3,3,2,1,0,0
425,"6/27/99",1,2720344,1,1,5,"Aunt",6,6,0,6,0,0
426,"6/27/99",1,2720344,1,1,6,"Son",1,0,1,0,0,0
427,"6/27/99",1,2720344,1,1,7,"Daughter",1,0,1,0,0,0
428,"6/27/99",1,2720344,2,2,1,"Prents",1,0,0,1,0,0
429,"6/27/99",1,2720344,2,2,2,"Brother",2,0,0,2,0,0
430,"6/27/99",1,2720344,2,2,3,"Sister",3,0,0,2,1,0
431,"6/27/99",1,2720344,2,2,5,"Aunt",3,0,0,1,0,0
432,"6/27/99",1,2720344,2,2,6,"Son",1,0,1,0,0,0
433,"6/27/99",1,2720344,2,2,7,"Daughter",1,0,1,0,0,0
560,"6/27/99",1,2720351,1,1,2,"Brother",1,1,1,0,0,0
561,"6/27/99",1,2720351,1,1,5,"Aunt",1,0,0,1,0,0
562,"6/27/99",1,2720351,2,2,1,"Prents",1,1,0,1,0,0
563,"6/27/99",1,2720351,2,2,2,"Brother",3,3,0,3,0,0
564,"6/27/99",1,2720351,2,2,3,"Sister",3,0,0,3,0,0
434,"6/27/99",1,2720441,2,1,1,"Parents",1,0,1,0,0,0
435,"6/27/99",1,2720441,2,1,2,"Brother",6,0,5,0,1,0
436,"6/27/99",1,2720441,2,1,3,"Sister",3,0,0,2,0,0
437,"6/27/99",1,2720441,2,1,4,"Uncle",5,0,0,0,2,0
438,"6/27/99",1,2720441,2,1,5,"Aunt",1,0,0,0,0,0
439,"6/27/99",1,2720441,2,2,2,"Brother",2,0,0,2,0,0
440,"6/27/99",1,2720441,2,2,3,"Sister",3,1,1,0,0,0
565,"6/27/99",1,2720459,1,1,1,"Parents",1,1,0,1,0,0
566,"6/27/99",1,2720459,1,1,2,"Brother",2,2,0,2,0,0
567,"6/27/99",1,2720459,1,1,3,"Sister",3,0,0,3,0,0
568,"6/27/99",1,2720459,1,1,7,"Daughter",1,0,0,1,0,0
569,"6/27/99",1,2720459,2,2,1,"Prents",1,0,0,1,0,0
570,"6/27/99",1,2720459,2,2,2,"Brother",2,2,0,2,0,0
571,"6/27/99",1,2720459,2,2,3,"Sister",5,0,0,5,0,0
572,"6/27/99",1,2720459,2,2,7,"Daughter",1,0,0,1,0,0
441,"6/27/99",1,2720541,1,1,2,"Brother",2,0,0,1,1,0
442,"6/27/99",1,2720541,1,1,3,"Sister",2,0,0,1,0,0
443,"6/27/99",1,2720541,1,1,7,"Daughter",1,0,0,1,0,0
444,"6/27/99",1,2720541,2,2,1,"Prents",1,0,0,1,0,0
445,"6/27/99",1,2720541,2,2,2,"Brother",1,0,0,0,0,0
446,"6/27/99",1,2720541,2,2,7,"Daughter",1,0,0,1,0,0
447,"6/27/99",1,2720641,1,1,2,"Brother",3,2,0,0,3,0
448,"6/27/99",1,2720641,1,1,3,"Sister",4,0,0,0,4,0
449,"6/27/99",1,2720641,1,1,7,"Daughter",1,0,0,0,1,0
450,"6/27/99",1,2720641,2,2,1,"Prents",2,1,0,0,0,0
451,"6/27/99",1,2720641,2,2,2,"Brother",5,0,0,0,2,0
452,"6/27/99",1,2720641,2,2,3,"Sister",1,0,0,0,1,0
453,"6/27/99",1,2720641,2,2,4,"Uncle",2,2,0,0,0,0
454,"6/27/99",1,2720641,2,2,5,"Aunt",1,0,0,0,0,0
455,"6/27/99",1,2720641,2,2,7,"Daughter",1,0,0,0,1,0
456,"6/27/99",1,2720741,2,1,2,"Brother",1,1,1,0,0,0
457,"6/27/99",1,2720741,2,1,3,"Sister",1,0,0,0,1,0
458,"6/27/99",1,2720741,2,1,4,"Uncle",3,1,1,2,0,0
459,"6/27/99",1,2720741,2,1,5,"Aunt",1,0,0,1,0,0
460,"6/27/99",1,2720741,2,2,1,"Prents",2,0,0,2,0,0
461,"6/27/99",1,2720741,2,2,2,"Brother",5,0,0,3,0,0
462,"6/27/99",1,2720741,2,2,3,"Sister",6,0,0,1,0,0
463,"6/27/99",1,2720741,2,2,4,"Uncle",2,0,0,1,0,0
464,"6/27/99",1,2720741,2,2,5,"Aunt",1,0,0,1,0,0
465,"6/27/99",1,2720841,1,1,2,"Brother",3,0,3,0,0,0
466,"6/27/99",1,2720841,1,1,3,"Sister",4,0,2,0,0,0
467,"6/27/99",1,2720841,1,1,5,"Aunt",2,2,0,0,0,0
468,"6/27/99",1,2720841,3,2,1,"Prents",2,0,0,2,0,0
469,"6/27/99",1,2720841,3,2,2,"Brother",1,0,0,1,0,0
470,"6/27/99",1,2720841,3,2,3,"Sister",3,0,0,3,0,0
471,"6/27/99",1,2720841,3,2,4,"Uncle",1,0,0,1,0,0
472,"6/27/99",1,2720841,3,2,5,"Aunt",4,0,0,3,1,0
473,"6/27/99",1,2720941,1,1,1,"Parents",2,1,2,0,0,0
474,"6/27/99",1,2720941,1,1,2,"Brother",4,0,3,0,1,0
475,"6/27/99",1,2720941,1,1,3,"Sister",4,0,0,3,0,0
476,"6/27/99",1,2720941,1,1,5,"Aunt",1,0,0,1,0,0
477,"6/27/99",1,2720941,2,2,1,"Prents",1,1,0,1,0,0
478,"6/27/99",1,2720941,2,2,2,"Brother",5,0,0,5,0,0
479,"6/27/99",1,2720941,2,2,3,"Sister",3,0,0,3,0,0
480,"6/27/99",1,2720941,2,2,4,"Uncle",5,5,0,5,0,0
481,"6/27/99",1,2720942,1,1,2,"Brother",4,0,3,0,1,0
482,"6/27/99",1,2720942,1,1,3,"Sister",4,0,0,3,0,0
483,"6/27/99",1,2720942,1,1,5,"Aunt",1,0,0,1,0,0
484,"6/27/99",1,2720942,2,2,1,"Prents",2,2,0,0,0,0
485,"6/27/99",1,2720942,2,2,2,"Brother",1,0,0,0,0,0
486,"6/27/99",1,2720942,2,2,3,"Sister",2,0,0,0,0,0
487,"6/27/99",1,2720942,2,2,4,"Uncle",5,5,0,3,0,0
488,"6/27/99",1,2720942,2,2,5,"Aunt",4,0,0,3,1,0
489,"6/27/99",1,2721041,1,1,1,"Parents",1,0,0,0,0,0
490,"6/27/99",1,2721041,1,1,2,"Brother",1,0,0,0,0,0
491,"6/27/99",1,2721041,1,1,3,"Sister",2,0,1,1,0,0
492,"6/27/99",1,2721041,1,1,4,"Uncle",4,0,2,2,0,0
493,"6/27/99",1,2721041,1,1,5,"Aunt",5,0,2,3,0,0
494,"6/27/99",1,2721041,2,2,1,"Prents",2,0,2,0,0,0
495,"6/27/99",1,2721041,2,2,2,"Brother",2,0,2,0,0,0
496,"6/27/99",1,2721041,2,2,3,"Sister",2,0,1,0,0,0
497,"6/27/99",1,2721041,2,2,4,"Uncle",4,0,0,4,0,0
498,"6/27/99",1,2721041,2,2,5,"Aunt",4,0,0,4,0,0
499,"6/27/99",1,2721141,1.79769313486232e+308,1,2,"Brother",1,0,1,0,0,0
500,"6/27/99",1,2721141,1.79769313486232e+308,1,7,"Daughter",1,0,0,1,0,0
501,"6/27/99",1,2721141,1.79769313486232e+308,2,2,"Brother",1,0,0,0,0,0
502,"6/27/99",1,2721141,1.79769313486232e+308,2,7,"Daughter",1,0,0,1,0,0
503,"6/27/99",1,2721241,2,1,1,"Parents",1,1,1,0,0,1
504,"6/27/99",1,2721241,2,1,2,"Brother",3,0,3,0,0,0
505,"6/27/99",1,2721241,2,1,3,"Sister",1,0,1,0,0,0
506,"6/27/99",1,2721241,2,1,4,"Uncle",2,0,2,0,0,0
507,"6/27/99",1,2721241,2,1,5,"Aunt",3,0,0,3,0,0
508,"6/27/99",1,2721241,2,2,1,"Prents",1,1,0,1,0,0
509,"6/27/99",1,2721241,2,2,2,"Brother",4,0,0,4,0,0
510,"6/27/99",1,2721241,2,2,3,"Sister",5,0,1,4,0,0
511,"6/27/99",1,2721341,1,1,3,"Sister",3,0,1,2,0,0
512,"6/27/99",1,2721341,1,1,4,"Uncle",2,0,2,0,0,0
513,"6/27/99",1,2721341,1,1,5,"Aunt",1,0,0,1,0,0
514,"6/27/99",1,2721341,2,2,1,"Prents",2,0,0,2,0,0
515,"6/27/99",1,2721341,2,2,2,"Brother",3,0,0,3,0,0
516,"6/27/99",1,2721341,2,2,3,"Sister",3,0,0,3,0,0
517,"6/27/99",1,2721341,2,2,4,"Uncle",1,0,0,1,0,0
518,"6/27/99",1,2721341,2,2,5,"Aunt",1,0,0,1,0,0
519,"6/27/99",1,2721441,2,1,2,"Brother",1,0,0,1,0,0
520,"6/27/99",1,2721441,2,1,3,"Sister",1,0,0,1,0,0
521,"6/27/99",1,2721441,2,2,3,"Sister",2,0,1,0,1,0
522,"6/27/99",1,2721541,2,1,2,"Brother",1,0,1,0,0,0
523,"6/27/99",1,2721541,2,1,3,"Sister",1,0,0,1,0,0
524,"6/27/99",1,2721541,2,1,4,"Uncle",3,0,0,3,0,0
525,"6/27/99",1,2721541,2,1,5,"Aunt",5,0,0,5,0,0
526,"6/27/99",1,2721541,2,2,1,"Prents",2,0,0,2,0,0
527,"6/27/99",1,2721541,2,2,2,"Brother",3,0,0,3,0,0
528,"6/27/99",1,2721541,2,2,3,"Sister",3,0,0,3,0,0
529,"6/27/99",1,2721541,2,2,4,"Uncle",7,4,0,7,0,0
530,"6/27/99",1,2721541,2,2,5,"Aunt",7,0,0,6,0,0
531,"6/27/99",1,2721641,1,1,7,"Daughter",2,0,1,0,1,0
532,"6/27/99",1,2721641,2,2,1,"Prents",1,0,0,1,0,0
533,"6/27/99",1,2721641,2,2,2,"Brother",5,0,0,5,0,0
534,"6/27/99",1,2721641,2,2,3,"Sister",2,0,0,2,0,0
535,"6/27/99",1,2721641,2,2,7,"Daughter",2,0,1,0,1,0
536,"6/27/99",1,2721741,1,1,2,"Brother",2,0,0,1,1,0
537,"6/27/99",1,2721741,1,1,3,"Sister",1,0,0,1,0,0
538,"6/27/99",1,2721741,2,2,1,"Prents",2,1,0,0,0,0
539,"6/27/99",1,2721741,2,2,2,"Brother",1,0,0,0,0,0
540,"6/27/99",1,2721741,2,2,3,"Sister",1,0,0,0,0,0
541,"6/27/99",1,2721741,2,2,4,"Uncle",2,2,0,0,0,0
1,"7/27/99",1,2730141,1,1,1,"Parents",1,0,1,1,0,0
2,"7/27/99",1,2730141,1,1,2,"Brother",4,0,4,4,0,0
3,"7/27/99",1,2730141,1,1,3,"Sister",2,0,0,0,0,0
4,"7/27/99",1,2730141,1,1,4,"Uncle",2,0,0,0,0,0
5,"7/27/99",1,2730141,1,1,5,"Aunt",3,0,0,0,0,0
6,"7/27/99",1,2730141,2,2,1,"Parents",2,0,0,0,0,0
7,"7/27/99",1,2730141,2,2,2,"Brother",1,0,0,0,0,0
8,"7/27/99",1,2730141,2,2,3,"Sister",4,0,0,0,0,0
9,"7/27/99",1,2730141,2,2,4,"Uncle",5,0,0,0,0,0
10,"7/27/99",1,2730141,2,2,5,"Aunt",4,0,0,0,0,0
93,"7/27/99",1,2730151,1,1,1,"Parents",1,1,1,1,0,0
94,"7/27/99",1,2730151,1,1,2,"Brother",6,4,6,6,0,0
95,"7/27/99",1,2730151,1,1,3,"Sister",6,0,2,4,0,0
96,"7/27/99",1,2730151,2,2,1,"Parents",1,0,0,1,0,0
97,"7/27/99",1,2730151,2,2,2,"Brother",3,3,0,3,0,0
98,"7/27/99",1,2730151,2,2,4,"Uncle",3,0,0,0,3,0
11,"7/27/99",1,2730241,1,1,1,"Parents",1,0,1,1,0,0
12,"7/27/99",1,2730241,1,1,2,"Brother",4,0,4,4,0,0
13,"7/27/99",1,2730241,1,1,3,"Sister",2,0,0,0,0,0
14,"7/27/99",1,2730241,1,1,4,"Uncle",2,0,0,0,0,0
15,"7/27/99",1,2730241,1,1,5,"Aunt",3,0,0,0,0,0
16,"7/27/99",1,2730241,2,2,1,"Parents",2,0,0,0,2,0
17,"7/27/99",1,2730241,2,2,2,"Brother",1,0,0,0,1,0
18,"7/27/99",1,2730241,2,2,3,"Sister",3,0,0,0,1,0
19,"7/27/99",1,2730241,2,2,4,"Uncle",1,0,0,0,1,0
20,"7/27/99",1,2730241,2,2,5,"Aunt",5,0,0,0,2,0
99,"7/27/99",1,2730251,1,1,1,"Parents",1,0,1,1,0,0
100,"7/27/99",1,2730251,1,1,2,"Brother",2,2,0,0,0,0
101,"7/27/99",1,2730251,1,1,3,"Sister",1,0,0,1,0,0
102,"7/27/99",1,2730251,1,1,4,"Uncle",1,1,1,1,0,0
103,"7/27/99",1,2730251,1,1,5,"Aunt",2,0,0,2,0,0
104,"7/27/99",1,2730251,2,2,1,"Parents",1,1,0,1,0,0
105,"7/27/99",1,2730251,2,2,2,"Brother",3,0,0,3,0,2
106,"7/27/99",1,2730251,2,2,3,"Sister",1,0,0,1,0,0
107,"7/27/99",1,2730251,2,2,4,"Uncle",1,0,0,1,0,0
21,"7/27/99",1,2730341,1,1,6,"Son",1,0,0,0,0,0
22,"7/27/99",1,2730341,1,1,7,"Daughter",4,0,0,0,0,0
23,"7/27/99",1,2730341,2,2,2,"Brother",2,0,1,1,1,1
24,"7/27/99",1,2730341,2,2,3,"Sister",1,0,0,1,0,1
25,"7/27/99",1,2730341,2,2,4,"Uncle",1,0,0,0,0,0
108,"7/27/99",1,2730351,1,1,3,"Sister",1,0,1,1,0,0
109,"7/27/99",1,2730351,1,1,7,"Daughter",1,0,0,1,0,0
110,"7/27/99",1,2730351,2,2,2,"Brother",1,0,0,0,1,0
111,"7/27/99",1,2730351,2,2,3,"Sister",1,0,0,0,1,0
112,"7/27/99",1,2730351,2,2,7,"Daughter",1,0,0,1,0,0
27,"7/27/99",1,2730441,2,1,3,"Sister",1,0,1,1,0,0
28,"7/27/99",1,2730441,2,1,6,"Son",1,0,0,0,0,0
29,"7/27/99",1,2730441,2,1,7,"Daughter",2,0,0,0,0,0
30,"7/27/99",1,2730441,2,2,1,"Parents",1,1,1,1,0,0
31,"7/27/99",1,2730441,2,2,2,"Brother",3,0,2,2,0,0
32,"7/27/99",1,2730441,2,2,3,"Sister",1,0,0,0,1,0
33,"7/27/99",1,2730441,2,2,4,"Uncle",2,0,0,0,0,0
113,"7/27/99",1,2730459,1,1,1,"Parents",1,1,1,1,0,0
114,"7/27/99",1,2730459,1,1,2,"Brother",5,3,5,5,0,0
115,"7/27/99",1,2730459,1,1,3,"Sister",4,0,1,2,0,0
116,"7/27/99",1,2730459,2,2,1,"Parents",1,1,0,0,0,0
117,"7/27/99",1,2730459,2,2,2,"Brother",4,4,0,0,0,0
118,"7/27/99",1,2730459,2,2,3,"Sister",3,0,0,1,1,0
34,"7/27/99",1,2730641,1,1,2,"Brother",1,0,1,1,0,0
35,"7/27/99",1,2730641,1,1,6,"Son",1,0,0,0,1,0
36,"7/27/99",1,2730641,1,1,7,"Daughter",1,0,0,0,1,0
37,"7/27/99",1,2730641,2,2,1,"Parents",1,0,0,1,0,0
38,"7/27/99",1,2730641,2,2,2,"Brother",1,0,0,1,0,0
39,"7/27/99",1,2730641,2,2,3,"Sister",1,0,0,1,0,0
40,"7/27/99",1,2730641,2,2,5,"Aunt",3,0,0,1,0,0
41,"7/27/99",1,2730841,1,1,2,"Brother",1,0,1,1,0,1
42,"7/27/99",1,2730841,1,1,3,"Sister",2,0,2,2,0,0
43,"7/27/99",1,2730841,1,1,6,"Son",1,0,0,1,0,0
44,"7/27/99",1,2730941,1,1,2,"Brother",1,1,1,1,0,0
45,"7/27/99",1,2730941,1,1,3,"Sister",3,0,1,2,0,0
46,"7/27/99",1,2730941,1,1,5,"Aunt",1,0,0,1,0,0
47,"7/27/99",1,2731041,1,1,2,"Brother",3,0,3,3,0,0
48,"7/27/99",1,2731041,1,1,3,"Sister",1,0,0,1,0,0
49,"7/27/99",1,2731041,2,2,1,"Parents",2,1,0,2,0,0
50,"7/27/99",1,2731041,2,2,2,"Brother",2,0,0,2,0,0
51,"7/27/99",1,2731041,2,2,3,"Sister",4,0,0,2,0,0
52,"7/27/99",1,2731141,1,1,2,"Brother",1,0,0,1,0,0
53,"7/27/99",1,2731141,1,1,7,"Daughter",1,0,0,0,0,0
54,"7/27/99",1,2731141,2,2,2,"Brother",1,1,0,1,0,1
55,"7/27/99",1,2731141,2,2,7,"Daughter",1,0,0,0,0,0
56,"7/27/99",1,2731241,1,1,1,"Parents",1,0,1,1,0,0
57,"7/27/99",1,2731241,1,1,2,"Brother",4,2,4,4,0,2
58,"7/27/99",1,2731241,1,1,3,"Sister",2,0,0,1,0,0
59,"7/27/99",1,2731241,1,1,5,"Aunt",3,0,1,1,0,0
60,"7/27/99",1,2731241,2,2,1,"Parents",2,0,0,2,0,0
61,"7/27/99",1,2731241,2,2,2,"Brother",2,0,0,2,0,0
62,"7/27/99",1,2731241,2,2,3,"Sister",4,0,0,2,0,0
63,"7/27/99",1,2731241,2,2,4,"Uncle",4,3,0,4,0,0
64,"7/27/99",1,2731241,2,2,5,"Aunt",3,0,0,2,0,0
65,"7/27/99",1,2731341,1,1,1,"Parents",2,1,2,2,0,0
66,"7/27/99",1,2731341,1,1,2,"Brother",3,0,2,2,0,0
67,"7/27/99",1,2731341,1,1,3,"Sister",3,0,0,3,0,0
68,"7/27/99",1,2731341,1,1,4,"Uncle",1,0,0,0,0,0
69,"7/27/99",1,2731341,2,2,1,"Parents",1,0,0,1,0,0
70,"7/27/99",1,2731341,2,2,2,"Brother",1,0,0,1,0,0
71,"7/27/99",1,2731341,2,2,3,"Sister",2,0,0,1,0,0
72,"7/27/99",1,2731341,2,2,4,"Uncle",1,0,0,1,0,0
73,"7/27/99",1,2731341,2,2,5,"Aunt",2,0,0,1,0,0
74,"7/27/99",1,2731541,1,1,2,"Brother",2,0,2,2,0,0
75,"7/27/99",1,2731541,1,1,3,"Sister",1,0,0,1,0,0
76,"7/27/99",1,2731541,1,1,4,"Uncle",4,1,4,4,0,4
77,"7/27/99",1,2731541,1,1,5,"Aunt",1,0,1,1,0,0
78,"7/27/99",1,2731641,1,1,2,"Brother",1,0,1,1,0,0
79,"7/27/99",1,2731641,1,1,3,"Sister",2,0,1,1,0,0
80,"7/27/99",1,2731641,1,1,7,"Daughter",1,0,1,1,0,0
81,"7/27/99",1,2731641,2,2,1,"Parents",1,0,0,1,0,0
82,"7/27/99",1,2731641,2,2,2,"Brother",3,3,0,3,0,3
83,"7/27/99",1,2731641,2,2,3,"Sister",2,0,0,2,0,0
84,"7/27/99",1,2731641,2,2,5,"Aunt",3,0,0,0,0,0
85,"7/27/99",1,2731641,2,2,7,"Daughter",1,0,1,1,0,0
86,"7/27/99",1,2731741,1,1,2,"Brother",2,1,2,2,0,0
87,"7/27/99",1,2731741,1,1,3,"Sister",2,0,1,1,0,0
88,"7/27/99",1,2731741,1,1,4,"Uncle",1,0,1,1,0,0
89,"7/27/99",1,2731741,1,1,5,"Aunt",1,0,1,1,0,0
90,"7/27/99",1,2731741,2,2,1,"Parents",1,0,0,1,0,0
91,"7/27/99",1,2731741,2,2,2,"Brother",4,0,0,4,0,0
92,"7/27/99",1,2731741,2,2,4,"Uncle",1,0,0,0,0,0
143,"6/17/99",1,2810141,1,1,2,"Brother",2,2,0,0,2,0
144,"6/17/99",1,2810141,1,1,3,"Sister",2,2,0,0,2,0
145,"6/17/99",1,2810141,1,1,4,"Uncle",1,1,0,0,1,0
146,"6/17/99",1,2810141,2,2,1,"Parents",2,0,2,0,0,0
147,"6/17/99",1,2810141,2,2,2,"Brother",4,0,1,0,3,0
148,"6/17/99",1,2810141,2,2,3,"Sister",2,0,1,0,1,0
149,"6/17/99",1,2810141,2,2,5,"Aunt",2,0,1,0,1,0
251,"6/17/99",1,2810151,1,1,1,"Parents",1,1,1,0,0,0
252,"6/17/99",1,2810151,1,1,2,"Brother",1,1,0,0,1,0
253,"6/17/99",1,2810151,1,1,4,"Uncle",7,7,2,0,5,0
254,"6/17/99",1,2810151,1,1,5,"Aunt",1,0,0,1,0,0
255,"6/17/99",1,2810151,1,1,6,"Son",1,0,1,1,0,0
256,"6/17/99",1,2810151,1,2,1,"Parents",1,1,0,0,1,0
257,"6/17/99",1,2810151,1,2,2,"Brother",1,1,0,0,1,0
258,"6/17/99",1,2810151,1,2,3,"Sister",5,0,0,2,3,0
259,"6/17/99",1,2810151,1,2,4,"Uncle",1,1,0,1,0,0
260,"6/17/99",1,2810151,1,2,5,"Aunt",2,0,0,0,2,0
261,"6/17/99",1,2810151,1,2,6,"Son",1,0,1,0,0,0
151,"6/17/99",1,2810241,1,1,1,"Parents",1,1,1,0,0,0
152,"6/17/99",1,2810241,1,1,2,"Brother",4,4,4,0,0,0
153,"6/17/99",1,2810241,1,1,3,"Sister",2,2,0,1,1,0
154,"6/17/99",1,2810241,1,1,4,"Uncle",1,1,0,0,1,0
155,"6/17/99",1,2810241,6,2,1,"Parents",2,2,0,0,2,0
156,"6/17/99",1,2810241,6,2,2,"Brother",3,3,0,0,3,0
157,"6/17/99",1,2810241,6,2,3,"Sister",3,0,0,0,3,0
158,"6/17/99",1,2810241,6,2,5,"Aunt",1,1,0,0,1,0
262,"6/17/99",1,2810251,1,1,2,"Brother",2,1,0,0,2,0
263,"6/17/99",1,2810251,1,1,6,"Son",3,0,2,2,1,0
264,"6/17/99",1,2810251,1,1,7,"Daughter",1,0,0,1,0,1
269,"6/17/99",1,2810252,1,1,1,"Parents",1,1,1,1,0,0
270,"6/17/99",1,2810252,1,1,2,"Brother",3,0,2,2,1,0
271,"6/17/99",1,2810252,1,1,3,"Sister",1,0,0,1,0,0
272,"6/17/99",1,2810252,1,1,4,"Uncle",3,3,0,2,1,0
273,"6/17/99",1,2810252,1,1,5,"Aunt",1,0,0,0,1,0
274,"6/17/99",1,2810252,2,2,1,"Parents",1,1,0,1,0,0
275,"6/17/99",1,2810252,2,2,2,"Brother",1,1,0,0,1,0
276,"6/17/99",1,2810252,2,2,5,"Aunt",2,0,0,2,0,0
159,"6/17/99",1,2810341,1,1,1,"Parents",1,0,1,0,0,0
160,"6/17/99",1,2810341,1,1,3,"Sister",1,0,0,0,1,0
161,"6/17/99",1,2810341,1,1,4,"Uncle",3,3,0,0,3,0
162,"6/17/99",1,2810341,2,2,2,"Brother",2,2,0,2,0,0
277,"6/17/99",1,2810351,1,1,2,"Brother",4,4,4,4,0,0
278,"6/17/99",1,2810351,1,2,1,"Parents",1,0,0,0,1,0
279,"6/17/99",1,2810351,1,2,2,"Brother",5,5,0,0,5,0
280,"6/17/99",1,2810351,1,2,3,"Sister",4,0,0,0,4,0
281,"6/17/99",1,2810351,1,2,4,"Uncle",1,0,0,0,1,0
282,"6/17/99",1,2810459,1,1,7,"Daughter",1,0,1,1,0,0
283,"6/17/99",1,2810459,2,2,1,"Parents",1,0,0,0,1,0
284,"6/17/99",1,2810459,2,2,2,"Brother",1,0,0,0,1,0
285,"6/17/99",1,2810459,2,2,3,"Sister",5,0,1,1,3,0
286,"6/17/99",1,2810459,2,2,7,"Daughter",1,0,1,1,0,0
163,"6/17/99",1,2810541,1,1,3,"Sister",1,0,0,0,1,0
164,"6/17/99",1,2810541,1,1,4,"Uncle",2,0,0,0,2,0
165,"6/17/99",1,2810541,1,1,5,"Aunt",1,0,0,1,0,0
166,"6/17/99",1,2810541,1,1,7,"Daughter",3,0,0,1,2,0
167,"6/17/99",1,2810541,2,2,2,"Brother",1,0,0,0,1,0
168,"6/17/99",1,2810541,2,2,3,"Sister",2,0,0,0,2,0
169,"6/17/99",1,2810541,2,2,6,"Son",3,0,3,3,0,0
170,"6/17/99",1,2810541,2,2,7,"Daughter",3,0,0,1,2,0
171,"6/17/99",1,2810641,1,1,1,"Parents",1,1,1,0,0,0
172,"6/17/99",1,2810641,1,1,2,"Brother",4,4,4,0,0,0
173,"6/17/99",1,2810641,1,1,3,"Sister",2,0,0,1,1,0
174,"6/17/99",1,2810641,1,1,4,"Uncle",1,1,0,0,1,0
175,"6/17/99",1,2810641,1,1,6,"Son",1,0,1,0,0,0
176,"6/17/99",1,2810641,1,1,7,"Daughter",2,0,2,0,0,0
177,"6/17/99",1,2810641,1,2,2,"Brother",2,2,0,0,2,0
178,"6/17/99",1,2810641,1,2,3,"Sister",3,0,0,2,1,0
179,"6/17/99",1,2810641,1,2,5,"Aunt",1,0,0,0,1,0
180,"6/17/99",1,2810641,1,2,6,"Son",1,0,1,0,0,0
181,"6/17/99",1,2810641,1,2,7,"Daughter",2,0,2,0,0,0
182,"6/17/99",1,2810741,1,1,1,"Parents",1,0,1,1,0,0
183,"6/17/99",1,2810741,1,1,2,"Brother",6,6,6,6,0,0
184,"6/17/99",1,2810741,1,1,3,"Sister",3,0,1,1,2,0
185,"6/17/99",1,2810741,1,1,4,"Uncle",5,5,0,4,1,0
186,"6/17/99",1,2810741,1,1,5,"Aunt",2,0,0,2,0,0
187,"6/17/99",1,2810741,2,2,1,"Parents",1,0,0,0,1,0
188,"6/17/99",1,2810741,2,2,2,"Brother",2,2,0,2,0,0
189,"6/17/99",1,2810741,2,2,3,"Sister",3,0,0,3,0,0
190,"6/17/99",1,2810741,2,2,4,"Uncle",1,1,0,1,0,0
191,"6/17/99",1,2810841,1,1,1,"Parents",1,0,1,0,0,0
192,"6/17/99",1,2810841,1,1,2,"Brother",4,4,4,0,0,0
193,"6/17/99",1,2810841,1,1,3,"Sister",2,2,0,1,1,0
194,"6/17/99",1,2810841,1,1,4,"Uncle",1,1,0,0,1,0
195,"6/17/99",1,2810841,1,1,7,"Daughter",1,0,0,1,0,0
196,"6/17/99",1,2810841,2,2,1,"Parents",1,1,0,1,0,0
197,"6/17/99",1,2810841,2,2,2,"Brother",1,1,0,1,0,0
198,"6/17/99",1,2810841,2,2,3,"Sister",1,0,1,0,0,0
199,"6/17/99",1,2810841,2,2,4,"Uncle",4,4,0,1,3,0
200,"6/17/99",1,2810841,2,2,5,"Aunt",9,9,0,1,8,0
201,"6/17/99",1,2810841,2,2,7,"Daughter",1,0,0,1,0,0
202,"6/17/99",1,2810941,1,1,2,"Brother",1,0,1,1,0,0
203,"6/17/99",1,2810941,1,1,3,"Sister",2,0,0,0,2,0
204,"6/17/99",1,2810941,2,2,1,"Parents",1,0,0,0,1,0
205,"6/17/99",1,2810941,2,2,2,"Brother",2,0,0,0,2,0
206,"6/17/99",1,2810941,2,2,3,"Sister",3,0,0,1,2,0
207,"6/17/99",1,2810941,2,2,5,"Aunt",1,0,0,0,1,0
208,"6/17/99",1,2811041,1,1,2,"Brother",1,0,1,0,0,0
209,"6/17/99",1,2811041,1,1,5,"Aunt",1,0,1,0,0,0
210,"6/17/99",1,2811041,1,1,7,"Daughter",1,0,0,0,1,0
211,"6/17/99",1,2811041,2,2,2,"Brother",1,1,1,0,0,0
212,"6/17/99",1,2811041,2,2,3,"Sister",3,0,1,1,1,0
213,"6/17/99",1,2811041,2,2,4,"Uncle",2,2,0,0,2,0
214,"6/17/99",1,2811041,2,2,5,"Aunt",2,0,0,0,2,0
215,"6/17/99",1,2811041,2,2,7,"Daughter",1,0,0,0,1,0
216,"6/17/99",1,2811141,1,1,1,"Parents",2,1,1,1,0,0
217,"6/17/99",1,2811141,1,1,2,"Brother",4,0,2,1,1,0
218,"6/17/99",1,2811141,1,1,4,"Uncle",3,3,3,0,0,0
219,"6/17/99",1,2811141,1,1,5,"Aunt",1,0,0,1,0,0
220,"6/17/99",1,2811141,1,1,6,"Son",2,0,2,0,0,0
221,"6/17/99",1,2811141,1,1,7,"Daughter",1,0,1,1,0,0
222,"6/17/99",1,2811141,2,2,1,"Parents",1,0,0,0,1,0
223,"6/17/99",1,2811141,2,2,2,"Brother",3,3,0,0,3,0
224,"6/17/99",1,2811141,2,2,3,"Sister",2,2,0,0,2,0
225,"6/17/99",1,2811141,2,2,4,"Uncle",2,2,0,0,2,0
226,"6/17/99",1,2811141,2,2,6,"Son",2,0,2,0,0,0
227,"6/17/99",1,2811141,2,2,7,"Daughter",1,0,1,1,0,0
228,"6/17/99",1,2811341,1,1,3,"Sister",1,0,0,0,1,0
229,"6/17/99",1,2811341,1,1,7,"Daughter",2,0,0,1,1,0
230,"6/17/99",1,2811341,2,2,1,"Parents",1,0,0,0,1,0
231,"6/17/99",1,2811341,2,2,2,"Brother",1,1,0,0,1,0
232,"6/17/99",1,2811341,2,2,3,"Sister",1,0,0,0,1,0
233,"6/17/99",1,2811341,2,2,4,"Uncle",1,0,0,1,0,0
234,"6/17/99",1,2811341,2,2,7,"Daughter",2,0,0,1,1,0
235,"6/17/99",1,2811441,1,1,2,"Brother",2,0,1,1,0,0
236,"6/17/99",1,2811441,1,1,3,"Sister",1,1,1,0,0,0
237,"6/17/99",1,2811441,1,1,4,"Uncle",2,2,2,0,0,0
238,"6/17/99",1,2811441,2,2,2,"Brother",1,1,0,0,0,0
239,"6/17/99",1,2811441,2,2,3,"Sister",2,2,0,0,0,0
240,"6/17/99",1,2811441,2,2,4,"Uncle",2,2,0,0,0,0
241,"6/17/99",1,2811741,1,1,1,"Parents",1,0,0,0,1,0
242,"6/17/99",1,2811741,1,1,2,"Brother",3,0,0,1,2,0
243,"6/17/99",1,2811741,1,1,3,"Sister",2,0,0,0,2,0
244,"6/17/99",1,2811741,1,1,4,"Uncle",3,0,0,0,3,0
245,"6/17/99",1,2811741,1,1,5,"Aunt",1,0,0,1,0,0
246,"6/17/99",1,2811741,2,2,1,"Parents",1,1,1,0,0,0
247,"6/17/99",1,2811741,2,2,2,"Brother",3,0,1,0,2,0
248,"6/17/99",1,2811741,2,2,3,"Sister",3,0,0,2,1,0
249,"6/17/99",1,2811741,2,2,4,"Uncle",2,2,0,0,2,0
250,"6/17/99",1,2811741,2,2,5,"Aunt",1,0,1,0,0,0
1666,"7/06/99",1,2820141,1,1,1,"Parents",2,1,1,1,0,0
1667,"7/06/99",1,2820141,1,1,2,"Brother",3,0,2,2,1,1
1668,"7/06/99",1,2820141,1,1,3,"Sister",3,0,1,2,1,1
1669,"7/06/99",1,2820141,1,1,4,"Uncle",5,3,2,3,2,0
1670,"7/06/99",1,2820141,1,1,5,"Aunt",3,0,1,3,0,0
1671,"7/06/99",1,2820141,2,2,1,"Parents",1,0,0,1,0,0
1672,"7/06/99",1,2820141,2,2,2,"Brother",10,0,0,8,2,5
1673,"7/06/99",1,2820141,2,2,3,"Sister",5,0,0,2,3,0
1817,"7/06/99",1,2820151,1,1,2,"Brother",3,3,2,3,0,0
1815,"7/06/99",1,2820151,1,1,3,"Sister",2,0,2,2,0,0
1816,"7/06/99",1,2820151,2,2,1,"Parents",2,1,0,0,2,0
1817,"7/06/99",1,2820151,2,2,2,"Brother",2,0,0,0,2,0
1818,"7/06/99",1,2820151,2,2,3,"Sister",2,0,0,0,2,0
1819,"7/06/99",1,2820151,2,2,4,"Uncle",5,5,0,0,5,0
1820,"7/06/99",1,2820151,2,2,5,"Aunt",4,0,0,0,4,0
1674,"7/06/99",1,2820241,1,1,1,"Parents",2,1,2,2,0,0
1675,"7/06/99",1,2820241,1,1,2,"Brother",5,0,5,5,0,0
1676,"7/06/99",1,2820241,1,1,3,"Sister",3,0,1,1,2,0
1677,"7/06/99",1,2820241,1,1,4,"Uncle",4,4,3,3,1,0
1678,"7/06/99",1,2820241,1,1,5,"Aunt",1,0,0,1,0,0
1679,"7/06/99",1,2820241,2,2,1,"Parents",1,0,0,1,0,0
1680,"7/06/99",1,2820241,2,2,2,"Brother",2,0,2,2,0,0
1681,"7/06/99",1,2820241,2,2,3,"Sister",2,0,0,2,0,0
1682,"7/06/99",1,2820241,2,2,4,"Uncle",1,0,0,1,0,0
1821,"7/06/99",1,2820251,1,1,1,"Parents",1,0,1,1,0,0
1822,"7/06/99",1,2820251,1,1,2,"Brother",7,4,3,5,2,0
1823,"7/06/99",1,2820251,1,1,3,"Sister",1,0,0,1,0,0
1824,"7/06/99",1,2820251,1,1,4,"Uncle",2,2,0,2,0,0
1825,"7/06/99",1,2820251,2,2,1,"Parents",1,1,0,0,1,0
1826,"7/06/99",1,2820251,2,2,2,"Brother",4,4,0,0,4,0
1827,"7/06/99",1,2820251,2,2,3,"Sister",3,0,0,0,3,0
1828,"7/06/99",1,2820251,2,2,4,"Uncle",1,1,0,0,1,0
1829,"7/06/99",1,2820251,2,2,5,"Aunt",3,0,0,0,3,0
1830,"7/06/99",1,2820351,1,1,3,"Sister",4,0,0,1,3,0
1831,"7/06/99",1,2820351,1,1,5,"Aunt",1,0,0,1,0,0
1832,"7/06/99",1,2820351,2,2,2,"Brother",4,0,0,0,4,0
1833,"7/06/99",1,2820351,2,2,3,"Sister",2,0,0,0,2,0
1834,"7/06/99",1,2820351,2,2,5,"Aunt",1,0,0,0,1,0
1683,"7/06/99",1,2820441,1,1,1,"Parents",1,0,1,1,0,0
1684,"7/06/99",1,2820441,1,1,2,"Brother",1,0,0,0,1,1
1685,"7/06/99",1,2820441,1,1,3,"Sister",5,0,0,3,2,2
1686,"7/06/99",1,2820441,1,1,4,"Uncle",2,2,1,2,0,0
1687,"7/06/99",1,2820441,2,2,1,"Parents",2,1,0,1,0,0
1688,"7/06/99",1,2820441,2,2,2,"Brother",2,0,0,2,0,1
1689,"7/06/99",1,2820441,2,2,3,"Sister",4,0,0,1,3,0
1690,"7/06/99",1,2820441,2,2,4,"Uncle",6,0,0,6,0,0
1691,"7/06/99",1,2820441,2,2,5,"Aunt",4,0,0,2,2,0
1835,"7/06/99",1,2820459,1,1,2,"Brother",3,1,3,3,0,1
1836,"7/06/99",1,2820459,1,1,3,"Sister",1,0,0,1,0,0
1837,"7/06/99",1,2820459,2,2,1,"Parents",1,0,0,0,1,0
1838,"7/06/99",1,2820459,2,2,3,"Sister",2,0,0,2,0,0
1692,"7/06/99",1,2820541,1,1,2,"Brother",4,0,4,4,0,4
1693,"7/06/99",1,2820541,1,1,3,"Sister",2,0,1,2,0,0
1694,"7/06/99",1,2820541,2,2,2,"Brother",5,0,0,5,0,0
1695,"7/06/99",1,2820541,2,2,3,"Sister",5,0,1,5,0,0
1696,"7/06/99",1,2820541,2,2,4,"Uncle",3,0,0,3,0,0
1697,"7/06/99",1,2820541,2,2,5,"Aunt",3,0,0,3,0,0
1698,"7/06/99",1,2820741,1,1,1,"Parents",2,1,1,1,0,0
1699,"7/06/99",1,2820741,1,1,2,"Brother",3,0,3,3,0,0
1700,"7/06/99",1,2820741,1,1,3,"Sister",5,0,1,4,1,0
1701,"7/06/99",1,2820741,1,1,4,"Uncle",1,0,0,1,0,0
1702,"7/06/99",1,2820741,1,1,5,"Aunt",1,0,0,1,0,0
1703,"7/06/99",1,2820741,2,2,1,"Parents",2,0,0,2,0,0
1704,"7/06/99",1,2820741,2,2,2,"Brother",5,5,0,5,0,0
1705,"7/06/99",1,2820741,2,2,3,"Sister",1,0,0,1,0,0
1706,"7/06/99",1,2820741,2,2,4,"Uncle",1,0,0,1,0,0
1707,"7/06/99",1,2820741,2,2,5,"Aunt",2,0,0,2,0,0
1708,"7/06/99",1,2820841,1,1,1,"Parents",2,0,2,2,0,1
1709,"7/06/99",1,2820841,1,1,2,"Brother",3,0,3,3,0,1
1710,"7/06/99",1,2820841,1,1,3,"Sister",5,0,1,1,4,0
1711,"7/06/99",1,2820841,1,1,4,"Uncle",3,0,3,3,0,0
1712,"7/06/99",1,2820841,2,2,1,"Parents",2,0,0,0,2,1
1713,"7/06/99",1,2820841,2,2,2,"Brother",3,0,0,0,3,0
1714,"7/06/99",1,2820841,2,2,3,"Sister",3,0,0,2,1,0
1715,"7/06/99",1,2820841,2,2,4,"Uncle",5,0,0,0,5,0
1716,"7/06/99",1,2820841,2,2,5,"Aunt",4,0,0,0,4,0
1717,"7/06/99",1,2820941,1,1,1,"Parents",1,0,1,1,0,0
1718,"7/06/99",1,2820941,1,1,2,"Brother",4,3,3,4,0,0
1719,"7/06/99",1,2820941,1,1,3,"Sister",1,0,0,1,0,0
1720,"7/06/99",1,2820941,1,1,4,"Uncle",1,0,0,1,0,0
1721,"7/06/99",1,2820941,1,1,5,"Aunt",1,0,0,1,0,0
1722,"7/06/99",1,2820941,2,2,1,"Parents",2,1,0,2,0,0
1723,"7/06/99",1,2820941,2,2,2,"Brother",3,0,0,3,0,0
1724,"7/06/99",1,2820941,2,2,3,"Sister",4,0,1,4,0,0
1725,"7/06/99",1,2820941,2,2,4,"Uncle",3,3,0,3,0,0
1726,"7/06/99",1,2820941,2,2,5,"Aunt",2,0,0,1,1,0
1727,"7/06/99",1,2821041,1,1,1,"Parents",1,0,0,0,1,0
1728,"7/06/99",1,2821041,1,1,2,"Brother",2,0,0,0,2,0
1729,"7/06/99",1,2821041,1,1,3,"Sister",3,0,0,0,3,0
1730,"7/06/99",1,2821041,1,1,5,"Aunt",2,0,0,0,2,0
1731,"7/06/99",1,2821141,1,1,1,"Parents",1,0,1,1,0,0
1732,"7/06/99",1,2821141,1,1,2,"Brother",3,0,3,3,0,2
1733,"7/06/99",1,2821141,1,1,3,"Sister",2,0,1,2,0,0
1734,"7/06/99",1,2821141,1,1,4,"Uncle",1,0,0,1,0,0
1735,"7/06/99",1,2821141,2,2,1,"Parents",1,0,0,1,0,0
1736,"7/06/99",1,2821141,2,2,2,"Brother",2,0,0,2,0,1
1737,"7/06/99",1,2821141,2,2,3,"Sister",1,0,0,1,0,0
1738,"7/06/99",1,2821141,2,2,5,"Aunt",4,0,1,1,3,0
1739,"7/06/99",1,2821241,1,1,1,"Parents",1,0,1,1,0,1
1740,"7/06/99",1,2821241,1,1,2,"Brother",2,0,1,2,0,0
1741,"7/06/99",1,2821241,1,1,3,"Sister",3,0,0,3,0,0
1742,"7/06/99",1,2821241,1,1,4,"Uncle",1,0,1,1,0,0
1743,"7/06/99",1,2821241,1,1,5,"Aunt",2,0,0,1,1,0
1744,"7/06/99",1,2821241,2,2,1,"Parents",1,0,0,1,0,0
1745,"7/06/99",1,2821241,2,2,2,"Brother",1,0,0,1,0,1
1746,"7/06/99",1,2821241,2,2,3,"Sister",2,0,0,2,0,0
1747,"7/06/99",1,2821241,2,2,4,"Uncle",5,0,0,5,0,0
1748,"7/06/99",1,2821341,1,1,2,"Brother",2,0,2,2,0,1
1749,"7/06/99",1,2821341,1,1,4,"Uncle",1,0,1,1,0,0
1750,"7/06/99",1,2821341,2,2,1,"Parents",2,0,0,0,2,0
1751,"7/06/99",1,2821341,2,2,2,"Brother",5,0,0,0,5,0
1752,"7/06/99",1,2821341,2,2,3,"Sister",6,0,0,0,6,2
1753,"7/06/99",1,2821441,1,1,1,"Parents",2,0,2,2,0,2
1754,"7/06/99",1,2821441,1,1,2,"Brother",5,0,5,5,0,3
1755,"7/06/99",1,2821441,1,1,3,"Sister",3,0,0,3,0,2
1756,"7/06/99",1,2821441,1,1,4,"Uncle",6,0,2,6,0,0
1757,"7/06/99",1,2821441,1,1,5,"Aunt",6,0,0,6,0,0
1758,"7/06/99",1,2821441,2,2,1,"Parents",1,0,0,1,0,1
1759,"7/06/99",1,2821441,2,2,2,"Brother",6,0,0,6,0,3
1760,"7/06/99",1,2821541,1,1,1,"Parents",2,0,2,2,0,0
1761,"7/06/99",1,2821541,1,1,2,"Brother",5,0,5,5,0,3
1762,"7/06/99",1,2821541,1,1,3,"Sister",3,0,3,3,0,0
1763,"7/06/99",1,2821541,1,1,4,"Uncle",6,0,0,6,0,0
1764,"7/06/99",1,2821541,1,1,5,"Aunt",6,0,0,6,0,0
1765,"7/06/99",1,2821541,2,2,1,"Parents",1,0,0,1,0,0
1766,"7/06/99",1,2821541,2,2,2,"Brother",3,0,0,3,0,2
1767,"7/06/99",1,2821541,2,2,3,"Sister",4,0,0,4,0,0
1768,"7/06/99",1,2821541,2,2,4,"Uncle",4,0,0,4,0,0
1769,"7/06/99",1,2821541,2,2,5,"Aunt",5,0,0,5,0,0
1770,"7/06/99",1,2821542,1,1,1,"Parents",2,0,2,2,0,0
1771,"7/06/99",1,2821542,1,1,2,"Brother",5,0,5,5,0,0
1772,"7/06/99",1,2821542,1,1,3,"Sister",3,0,0,3,0,0
1773,"7/06/99",1,2821542,1,1,4,"Uncle",6,0,0,6,0,0
1774,"7/06/99",1,2821542,1,1,5,"Aunt",6,0,0,6,0,0
1775,"7/06/99",1,2821542,2,2,1,"Parents",2,0,0,0,2,0
1776,"7/06/99",1,2821542,2,2,2,"Brother",7,0,0,0,7,0
1777,"7/06/99",1,2821542,2,2,3,"Sister",2,0,0,0,2,0
1778,"7/06/99",1,2821542,2,2,4,"Uncle",1,0,0,0,1,0
1779,"7/06/99",1,2821542,2,2,5,"Aunt",1,0,0,0,1,0
1780,"7/06/99",1,2821543,1,1,1,"Parents",2,0,2,2,0,0
1781,"7/06/99",1,2821543,1,1,2,"Brother",5,0,5,5,0,2
1782,"7/06/99",1,2821543,1,1,3,"Sister",3,0,0,3,0,0
1783,"7/06/99",1,2821543,1,1,4,"Uncle",6,0,0,6,0,0
1784,"7/06/99",1,2821543,1,1,5,"Aunt",6,0,0,6,0,0
1785,"7/06/99",1,2821543,2,2,1,"Parents",2,0,0,2,0,0
1786,"7/06/99",1,2821543,2,2,2,"Brother",3,0,0,3,0,0
1787,"7/06/99",1,2821543,2,2,3,"Sister",1,0,0,1,0,0
1788,"7/06/99",1,2821543,2,2,4,"Uncle",3,2,0,3,0,0
1789,"7/06/99",1,2821543,2,2,5,"Aunt",3,0,0,3,0,0
1790,"7/06/99",1,2821544,1,1,2,"Brother",3,0,3,3,0,2
1791,"7/06/99",1,2821544,1,1,3,"Sister",3,0,0,2,1,0
1792,"7/06/99",1,2821544,1,1,4,"Uncle",1,0,1,1,0,0
1793,"7/06/99",1,2821544,2,2,1,"Parents",1,0,0,1,0,0
1794,"7/06/99",1,2821544,2,2,2,"Brother",4,0,0,4,0,3
1795,"7/06/99",1,2821544,2,2,3,"Sister",3,0,0,3,0,0
1796,"7/06/99",1,2821641,1,1,1,"Parents",1,0,1,1,0,0
1797,"7/06/99",1,2821641,1,1,2,"Brother",2,0,2,2,0,2
1798,"7/06/99",1,2821641,1,1,3,"Sister",8,0,7,7,1,0
1799,"7/06/99",1,2821641,1,1,5,"Aunt",2,0,0,2,0,0
1800,"7/06/99",1,2821641,2,2,1,"Parents",1,0,0,1,0,0
1801,"7/06/99",1,2821641,2,2,2,"Brother",2,0,0,2,0,0
1802,"7/06/99",1,2821641,2,2,3,"Sister",1,0,0,1,0,0
1803,"7/06/99",1,2821641,2,2,4,"Uncle",1,0,0,1,0,0
1804,"7/06/99",1,2821641,2,2,5,"Aunt",1,0,0,1,0,0
1805,"7/06/99",1,2821741,1,1,1,"Parents",1,0,1,1,0,0
1806,"7/06/99",1,2821741,1,1,2,"Brother",3,0,3,3,0,2
1807,"7/06/99",1,2821741,1,1,3,"Sister",5,0,2,5,0,1
1808,"7/06/99",1,2821741,1,1,5,"Aunt",2,0,0,1,1,0
1809,"7/06/99",1,2821741,2,2,1,"Parents",1,0,0,1,0,0
1810,"7/06/99",1,2821741,2,2,2,"Brother",5,0,0,5,0,2
1811,"7/06/99",1,2821741,2,2,3,"Sister",2,0,0,1,1,0
1812,"7/06/99",1,2821741,2,2,4,"Uncle",3,0,0,3,0,0
1813,"7/06/99",1,2821741,2,2,5,"Aunt",2,0,0,2,0,0
613,"6/10/99",1,2830141,1,1,1,"Parents",2,0,2,2,0,0
614,"6/10/99",1,2830141,1,1,2,"Brother",4,0,4,4,0,0
615,"6/10/99",1,2830141,1,1,3,"Sister",1,0,1,1,0,0
616,"6/10/99",1,2830141,1,1,4,"Uncle",5,5,2,5,0,0
617,"6/10/99",1,2830141,1,1,5,"Aunt",6,0,1,5,1,0
618,"6/10/99",1,2830141,2,2,1,"Parents",2,0,0,0,2,0
619,"6/10/99",1,2830141,2,2,2,"Brother",1,0,0,0,1,0
620,"6/10/99",1,2830141,2,2,3,"Sister",1,0,1,1,0,0
621,"6/10/99",1,2830141,2,2,4,"Uncle",4,3,0,0,4,0
622,"6/10/99",1,2830141,2,2,5,"Aunt",4,0,0,0,4,0
787,"6/10/99",1,2830151,1,1,1,"Parents",1,1,0,1,0,0
788,"6/10/99",1,2830151,1,1,2,"Brother",6,6,6,6,0,0
789,"6/10/99",1,2830151,1,1,3,"Sister",3,3,2,3,0,0
790,"6/10/99",1,2830151,1,1,5,"Aunt",1,0,0,0,1,0
791,"6/10/99",1,2830151,1,2,1,"Parents",1,0,0,1,0,0
792,"6/10/99",1,2830151,1,2,2,"Brother",4,4,0,4,0,0
793,"6/10/99",1,2830151,1,2,3,"Sister",2,0,0,2,0,0
794,"6/10/99",1,2830151,1,2,4,"Uncle",2,0,0,0,2,0
795,"6/10/99",1,2830151,1,2,5,"Aunt",4,0,0,1,3,0
623,"6/10/99",1,2830241,1,1,1,"Parents",2,0,2,2,0,0
624,"6/10/99",1,2830241,1,1,2,"Brother",5,0,5,5,0,0
625,"6/10/99",1,2830241,1,1,3,"Sister",3,0,0,1,2,0
626,"6/10/99",1,2830241,1,1,4,"Uncle",5,5,1,1,4,0
627,"6/10/99",1,2830241,1,1,5,"Aunt",5,0,1,2,3,0
628,"6/10/99",1,2830241,2,2,1,"Parents",1,0,0,1,0,0
629,"6/10/99",1,2830241,2,2,2,"Brother",4,0,0,2,2,0
630,"6/10/99",1,2830241,2,2,3,"Sister",4,0,0,2,2,0
631,"6/10/99",1,2830241,2,2,4,"Uncle",2,2,0,2,0,0
632,"6/10/99",1,2830241,2,2,5,"Aunt",2,0,0,1,1,0
796,"6/10/99",1,2830251,2,1,6,"Son",3,3,3,3,0,0
798,"6/10/99",1,2830251,2,2,2,"Brother",4,4,2,2,2,0
800,"6/10/99",1,2830251,2,2,7,"Daughter",4,0,1,4,0,1
801,"6/10/99",1,2830252,1,1,1,"Parents",1,0,1,1,0,0
802,"6/10/99",1,2830252,1,1,2,"Brother",3,3,3,3,0,0
803,"6/10/99",1,2830252,1,1,3,"Sister",4,0,1,4,0,0
804,"6/10/99",1,2830252,1,1,4,"Uncle",7,7,1,2,5,0
805,"6/10/99",1,2830252,1,2,1,"Parents",2,1,0,0,2,0
806,"6/10/99",1,2830252,1,2,2,"Brother",1,0,0,0,1,0
807,"6/10/99",1,2830252,1,2,3,"Sister",5,0,0,0,5,0
808,"6/10/99",1,2830252,1,2,4,"Uncle",3,3,0,0,3,0
809,"6/10/99",1,2830252,1,2,5,"Aunt",3,0,0,0,3,0
810,"6/10/99",1,2830253,1,1,2,"Brother",3,3,3,3,0,0
811,"6/10/99",1,2830253,1,1,3,"Sister",4,0,1,3,0,0
812,"6/10/99",1,2830253,1,1,4,"Uncle",6,0,2,2,4,0
813,"6/10/99",1,2830253,1,1,5,"Aunt",1,0,0,0,1,0
814,"6/10/99",1,2830253,1,2,2,"Brother",5,0,5,5,0,0
815,"6/10/99",1,2830253,1,2,3,"Sister",2,0,0,1,1,0
816,"6/10/99",1,2830253,1,2,4,"Uncle",3,0,0,0,3,0
633,"6/10/99",1,2830341,1,1,1,"Parents",2,0,2,2,0,0
634,"6/10/99",1,2830341,1,1,2,"Brother",3,3,3,3,0,0
635,"6/10/99",1,2830341,1,1,3,"Sister",4,0,1,3,1,0
636,"6/10/99",1,2830341,1,1,4,"Uncle",3,2,1,1,2,0
637,"6/10/99",1,2830341,1,1,5,"Aunt",2,0,0,2,0,0
638,"6/10/99",1,2830341,1,1,6,"Son",2,0,2,2,0,0
639,"6/10/99",1,2830341,1,2,1,"Parents",1,0,0,1,0,0
640,"6/10/99",1,2830341,1,2,2,"Brother",4,0,0,4,0,0
641,"6/10/99",1,2830341,1,2,3,"Sister",7,0,0,3,4,0
642,"6/10/99",1,2830341,1,2,4,"Uncle",8,5,0,8,0,0
643,"6/10/99",1,2830341,1,2,5,"Aunt",3,0,0,3,0,0
644,"6/10/99",1,2830341,1,2,6,"Son",2,0,2,2,0,0
645,"6/10/99",1,2830342,1,1,1,"Parents",2,1,2,2,0,0
646,"6/10/99",1,2830342,1,1,2,"Brother",3,0,3,3,0,0
647,"6/10/99",1,2830342,1,1,3,"Sister",3,0,3,3,0,0
648,"6/10/99",1,2830342,1,1,4,"Uncle",7,3,3,7,0,0
649,"6/10/99",1,2830342,1,1,5,"Aunt",11,0,3,11,0,0
650,"6/10/99",1,2830342,1,2,1,"Parents",2,1,0,0,2,0
651,"6/10/99",1,2830342,1,2,2,"Brother",6,0,0,0,6,0
652,"6/10/99",1,2830342,1,2,3,"Sister",2,0,0,0,2,0
653,"6/10/99",1,2830342,1,2,4,"Uncle",11,8,0,0,11,0
654,"6/10/99",1,2830342,1,2,5,"Aunt",4,0,0,0,4,0
655,"6/10/99",1,2830343,1,1,1,"Parents",2,2,2,2,0,0
656,"6/10/99",1,2830343,1,1,2,"Brother",3,0,3,3,0,0
657,"6/10/99",1,2830343,1,1,3,"Sister",3,0,3,3,0,0
658,"6/10/99",1,2830343,1,1,4,"Uncle",8,8,4,8,0,0
659,"6/10/99",1,2830343,1,1,5,"Aunt",10,0,1,9,1,0
660,"6/10/99",1,2830343,1,2,1,"Parents",2,0,0,2,0,0
661,"6/10/99",1,2830343,1,2,2,"Brother",2,0,0,2,0,0
662,"6/10/99",1,2830343,1,2,3,"Sister",1,0,0,1,0,0
663,"6/10/99",1,2830343,1,2,4,"Uncle",9,5,0,6,3,0
664,"6/10/99",1,2830343,1,2,5,"Aunt",6,0,0,2,4,0
817,"6/10/99",1,2830351,1,1,2,"Brother",2,2,1,1,1,0
818,"6/10/99",1,2830351,1,1,3,"Sister",2,2,0,2,0,0
819,"6/10/99",1,2830351,1,1,6,"Son",4,0,4,4,0,0
820,"6/10/99",1,2830351,1,1,7,"Daughter",4,0,1,2,2,0
821,"6/10/99",1,2830351,1,2,6,"Son",4,0,4,4,0,0
822,"6/10/99",1,2830351,1,2,7,"Daughter",4,0,1,2,2,0
665,"6/10/99",1,2830441,1,1,1,"Parents",2,1,2,2,0,0
666,"6/10/99",1,2830441,1,1,2,"Brother",3,0,3,3,0,0
667,"6/10/99",1,2830441,1,1,3,"Sister",4,0,1,2,2,0
668,"6/10/99",1,2830441,1,1,4,"Uncle",3,1,1,1,2,0
669,"6/10/99",1,2830441,1,1,5,"Aunt",1,0,1,1,0,0
670,"6/10/99",1,2830441,1,2,1,"Parents",2,0,0,0,2,0
671,"6/10/99",1,2830441,1,2,2,"Brother",3,0,0,0,3,0
672,"6/10/99",1,2830441,1,2,3,"Sister",3,0,0,0,3,0
673,"6/10/99",1,2830441,1,2,4,"Uncle",5,0,0,0,5,0
674,"6/10/99",1,2830441,1,2,5,"Aunt",1,0,0,0,1,0
823,"6/10/99",1,2830459,1,1,2,"Brother",1,1,1,1,0,0
824,"6/10/99",1,2830459,1,1,3,"Sister",2,0,0,1,1,0
825,"6/10/99",1,2830459,1,2,2,"Brother",5,5,0,0,5,0
826,"6/10/99",1,2830459,1,2,3,"Sister",1,0,0,0,1,0
827,"6/10/99",1,2830459,1,2,5,"Aunt",5,0,0,0,5,0
675,"6/10/99",1,2830541,1,1,1,"Parents",2,1,2,2,0,0
676,"6/10/99",1,2830541,1,1,2,"Brother",3,0,3,3,0,0
677,"6/10/99",1,2830541,1,1,3,"Sister",4,0,1,2,2,0
678,"6/10/99",1,2830541,1,1,4,"Uncle",5,4,1,1,4,0
679,"6/10/99",1,2830541,1,1,5,"Aunt",4,0,1,2,2,0
680,"6/10/99",1,2830541,1,2,1,"Parents",2,0,0,2,0,0
681,"6/10/99",1,2830541,1,2,2,"Brother",5,0,0,5,0,0
682,"6/10/99",1,2830541,1,2,3,"Sister",5,0,0,2,3,0
683,"6/10/99",1,2830541,1,2,4,"Uncle",2,0,0,0,2,0
685,"6/10/99",1,2830641,1,1,2,"Brother",2,0,2,2,0,0
686,"6/10/99",1,2830641,1,1,3,"Sister",2,0,0,2,0,0
687,"6/10/99",1,2830641,1,1,5,"Aunt",1,0,0,1,0,0
688,"6/10/99",1,2830641,1,2,1,"Parents",1,0,0,0,1,0
689,"6/10/99",1,2830641,1,2,2,"Brother",5,0,0,0,5,0
690,"6/10/99",1,2830641,1,2,3,"Sister",4,0,0,0,4,0
691,"6/10/99",1,2830641,1,2,4,"Uncle",5,5,0,0,5,0
692,"6/10/99",1,2830741,1,1,1,"Parents",2,1,2,2,0,0
693,"6/10/99",1,2830741,1,1,2,"Brother",5,0,5,5,0,0
694,"6/10/99",1,2830741,1,1,3,"Sister",2,0,2,2,0,0
695,"6/10/99",1,2830741,1,1,5,"Aunt",1,0,0,1,0,0
696,"6/10/99",1,2830741,1,2,1,"Parents",2,1,0,0,2,0
697,"6/10/99",1,2830741,1,2,2,"Brother",4,4,0,0,4,0
698,"6/10/99",1,2830741,1,2,3,"Sister",2,0,0,2,0,0
699,"6/10/99",1,2830841,1,1,1,"Parents",1,0,1,1,0,0
700,"6/10/99",1,2830841,1,1,2,"Brother",2,0,2,2,0,0
701,"6/10/99",1,2830841,1,1,3,"Sister",4,0,1,3,1,0
702,"6/10/99",1,2830841,1,1,4,"Uncle",3,3,3,3,0,0
703,"6/10/99",1,2830841,1,1,5,"Aunt",1,0,0,0,1,0
704,"6/10/99",1,2830841,1,2,2,"Brother",3,0,0,3,0,0
705,"6/10/99",1,2830841,1,2,4,"Uncle",8,8,0,3,5,0
706,"6/10/99",1,2830841,1,2,5,"Aunt",6,0,0,3,3,0
707,"6/10/99",1,2830941,1,2,1,"Parents",1,0,1,1,0,0
708,"6/10/99",1,2830941,1,2,2,"Brother",3,0,3,3,0,0
709,"6/10/99",1,2830941,1,2,3,"Sister",1,0,0,1,0,0
710,"6/10/99",1,2830941,1,2,4,"Uncle",3,3,3,3,0,0
711,"6/10/99",1,2830941,1,2,5,"Aunt",1,0,0,0,1,0
712,"6/10/99",1,2831041,1,1,1,"Parents",1,0,1,1,0,0
713,"6/10/99",1,2831041,1,1,3,"Sister",2,0,2,2,0,0
714,"6/10/99",1,2831041,1,2,1,"Parents",2,0,2,2,0,0
715,"6/10/99",1,2831041,1,2,2,"Brother",3,0,3,3,0,0
716,"6/10/99",1,2831041,1,2,3,"Sister",3,0,0,1,2,0
717,"6/10/99",1,2831041,1,2,4,"Uncle",3,0,1,0,2,0
718,"6/10/99",1,2831041,1,2,5,"Aunt",1,0,0,0,0,0
719,"6/10/99",1,2831141,1,1,1,"Parents",1,0,1,1,0,0
720,"6/10/99",1,2831141,1,1,2,"Brother",3,0,3,3,0,0
721,"6/10/99",1,2831141,1,1,3,"Sister",2,0,1,2,0,0
722,"6/10/99",1,2831141,1,1,4,"Uncle",6,6,2,6,0,0
723,"6/10/99",1,2831141,1,1,5,"Aunt",1,0,0,1,0,0
724,"6/10/99",1,2831141,1,2,1,"Parents",2,1,0,2,0,0
725,"6/10/99",1,2831141,1,2,2,"Brother",2,0,0,2,0,0
726,"6/10/99",1,2831141,1,2,3,"Sister",2,0,0,2,0,0
727,"6/10/99",1,2831141,1,2,4,"Uncle",1,1,0,1,0,0
728,"6/10/99",1,2831141,1,2,5,"Aunt",2,0,0,2,0,0
729,"6/10/99",1,2831241,1,1,1,"Parents",1,0,1,1,0,0
730,"6/10/99",1,2831241,1,1,2,"Brother",3,0,3,3,0,0
731,"6/10/99",1,2831241,1,1,3,"Sister",2,0,1,2,0,0
732,"6/10/99",1,2831241,1,1,4,"Uncle",6,6,2,6,0,0
733,"6/10/99",1,2831241,1,1,5,"Aunt",1,0,0,1,0,0
734,"6/10/99",1,2831241,1,2,1,"Parents",1,0,0,1,0,0
735,"6/10/99",1,2831241,1,2,2,"Brother",4,0,0,4,0,0
736,"6/10/99",1,2831241,1,2,3,"Sister",4,0,0,4,0,0
737,"6/10/99",1,2831341,1,1,1,"Parents",1,0,1,1,0,0
738,"6/10/99",1,2831341,1,1,2,"Brother",3,0,3,3,0,0
739,"6/10/99",1,2831341,1,1,3,"Sister",2,0,1,2,0,0
740,"6/10/99",1,2831341,1,1,4,"Uncle",6,6,2,6,0,0
741,"6/10/99",1,2831341,1,1,5,"Aunt",1,0,0,1,0,0
742,"6/10/99",1,2831341,1,2,1,"Parents",2,1,0,2,0,0
743,"6/10/99",1,2831341,1,2,2,"Brother",4,0,0,4,0,0
744,"6/10/99",1,2831341,1,2,3,"Sister",1,0,0,1,0,0
745,"6/10/99",1,2831341,1,2,4,"Uncle",3,3,0,3,0,0
746,"6/10/99",1,2831341,1,2,5,"Aunt",2,0,0,2,0,0
747,"6/10/99",1,2831441,1,1,1,"Parents",2,2,0,2,0,0
748,"6/10/99",1,2831441,1,1,2,"Brother",4,4,0,4,0,0
749,"6/10/99",1,2831441,1,1,3,"Sister",1,0,0,1,0,0
750,"6/10/99",1,2831441,1,1,5,"Aunt",1,0,0,1,0,0
751,"6/10/99",1,2831441,1,2,1,"Parents",1,1,1,1,0,0
752,"6/10/99",1,2831441,1,2,2,"Brother",4,0,4,4,0,0
753,"6/10/99",1,2831441,1,2,3,"Sister",2,0,1,1,1,0
754,"6/10/99",1,2831441,1,2,4,"Uncle",6,6,2,6,0,0
755,"6/10/99",1,2831441,1,2,5,"Aunt",1,0,0,1,0,0
756,"6/10/99",1,2831442,1,1,1,"Parents",2,0,2,2,0,0
757,"6/10/99",1,2831442,1,1,2,"Brother",2,0,2,2,0,0
758,"6/10/99",1,2831442,1,1,4,"Uncle",8,5,4,8,0,0
759,"6/10/99",1,2831442,1,1,5,"Aunt",2,0,1,1,1,0
760,"6/10/99",1,2831442,1,2,1,"Parents",1,0,0,1,0,0
761,"6/10/99",1,2831442,1,2,2,"Brother",4,0,4,4,0,0
762,"6/10/99",1,2831442,1,2,3,"Sister",3,3,1,2,1,0
763,"6/10/99",1,2831442,1,2,4,"Uncle",1,0,0,1,0,0
764,"6/10/99",1,2831442,1,2,5,"Aunt",1,0,0,1,0,0
765,"6/10/99",1,2831541,1,1,2,"Brother",3,3,0,3,0,0
766,"6/10/99",1,2831541,1,1,3,"Sister",1,0,0,1,0,0
767,"6/10/99",1,2831541,1,1,4,"Uncle",1,1,0,1,0,0
768,"6/10/99",1,2831541,1,1,5,"Aunt",1,0,0,1,0,0
769,"6/10/99",1,2831541,1,2,1,"Parents",1,1,0,1,0,0
770,"6/10/99",1,2831541,1,2,2,"Brother",4,4,0,4,0,0
771,"6/10/99",1,2831541,1,2,3,"Sister",3,0,0,2,1,0
772,"6/10/99",1,2831541,1,2,4,"Uncle",1,1,0,1,0,0
773,"6/10/99",1,2831541,1,2,5,"Aunt",1,0,0,1,0,0
774,"6/10/99",1,2831641,1,1,3,"Sister",1,0,1,1,0,0
775,"6/10/99",1,2831641,2,2,1,"Parents",1,0,0,0,1,0
776,"6/10/99",1,2831641,2,2,2,"Brother",2,0,0,0,1,0
777,"6/10/99",1,2831641,2,2,3,"Sister",4,0,0,1,3,0
778,"6/10/99",1,2831641,2,2,5,"Aunt",2,0,0,0,2,0
779,"6/10/99",1,2831741,1,1,1,"Parents",1,0,1,1,0,0
780,"6/10/99",1,2831741,1,1,2,"Brother",2,0,2,2,0,0
781,"6/10/99",1,2831741,1,1,3,"Sister",2,0,0,2,0,0
782,"6/10/99",1,2831741,1,1,4,"Uncle",2,0,1,0,1,0
783,"6/10/99",1,2831741,1,2,2,"Brother",5,0,0,0,5,0
784,"6/10/99",1,2831741,1,2,3,"Sister",1,0,0,0,1,0
785,"6/10/99",1,2831741,1,2,4,"Uncle",3,0,0,0,3,0
786,"6/10/99",1,2831741,1,2,5,"Aunt",5,0,0,0,5,0
187,"6/26/99",1,2840149,1,1,2,"Brother",4,0,4,4,0,1
188,"6/26/99",1,2840149,1,1,3,"Sister",3,0,0,3,0,1
189,"6/26/99",1,2840149,1,1,5,"Aunt",1,0,0,0,1,0
190,"6/26/99",1,2840149,2,2,2,"Brother",2,0,0,2,0,0
191,"6/26/99",1,2840149,2,2,3,"Sister",2,0,0,1,1,0
192,"6/26/99",1,2840149,2,2,4,"Uncle",3,0,0,3,0,0
193,"6/26/99",1,2840149,2,2,5,"Aunt",2,0,0,2,0,0
294,"6/26/99",1,2840159,1,1,2,"Brother",1,1,0,0,1,0
295,"6/26/99",1,2840159,1,1,3,"Sister",7,0,1,3,4,0
296,"6/26/99",1,2840159,1,1,4,"Uncle",1,1,0,1,0,0
194,"6/26/99",1,2840249,1,1,1,"Parents",2,0,2,2,0,0
195,"6/26/99",1,2840249,1,1,3,"Sister",2,0,1,2,0,0
196,"6/26/99",1,2840249,1,1,4,"Uncle",1,0,0,0,1,0
197,"6/26/99",1,2840249,1,1,5,"Aunt",3,0,0,2,1,0
198,"6/26/99",1,2840249,2,2,1,"Parents",2,0,0,2,0,0
199,"6/26/99",1,2840249,2,2,2,"Brother",4,0,0,4,0,0
200,"6/26/99",1,2840249,2,2,3,"Sister",3,0,0,3,0,0
201,"6/26/99",1,2840249,2,2,4,"Uncle",1,0,0,1,0,0
297,"6/26/99",1,2840259,1,1,1,"Parents",1,0,1,1,0,0
298,"6/26/99",1,2840259,1,1,2,"Brother",2,2,2,2,0,0
299,"6/26/99",1,2840259,1,1,3,"Sister",2,0,2,2,0,0
300,"6/26/99",1,2840259,1,1,4,"Uncle",2,0,0,2,0,0
301,"6/26/99",1,2840259,1,1,5,"Aunt",1,0,0,1,0,0
302,"6/26/99",1,2840259,2,2,1,"Parents",2,0,2,2,0,0
303,"6/26/99",1,2840259,2,2,2,"Brother",3,0,3,3,0,0
304,"6/26/99",1,2840259,2,2,3,"Sister",4,0,1,4,0,0
305,"6/26/99",1,2840259,2,2,4,"Uncle",5,0,0,5,0,0
306,"6/26/99",1,2840259,2,2,5,"Aunt",2,0,0,0,2,0
202,"6/26/99",1,2840349,1,1,1,"Parents",1,0,1,1,0,0
203,"6/26/99",1,2840349,1,1,2,"Brother",4,0,3,1,0,0
204,"6/26/99",1,2840349,1,1,4,"Uncle",1,0,1,1,0,0
205,"6/26/99",1,2840349,1,1,5,"Aunt",2,0,0,2,0,0
206,"6/26/99",1,2840349,2,2,1,"Parents",2,0,0,0,2,0
207,"6/26/99",1,2840349,2,2,2,"Brother",3,0,0,0,3,0
208,"6/26/99",1,2840349,2,2,3,"Sister",1,0,0,0,1,0
209,"6/26/99",1,2840349,2,2,4,"Uncle",5,0,0,0,5,0
210,"6/26/99",1,2840349,2,2,5,"Aunt",3,0,0,0,3,0
307,"6/26/99",1,2840359,1,1,1,"Parents",1,0,1,1,0,0
308,"6/26/99",1,2840359,1,1,2,"Brother",1,0,1,1,0,0
309,"6/26/99",1,2840359,1,1,3,"Sister",2,0,0,2,0,0
310,"6/26/99",1,2840359,1,1,4,"Uncle",2,0,0,0,2,0
311,"6/26/99",1,2840359,1,1,5,"Aunt",3,0,0,1,2,0
312,"6/26/99",1,2840359,2,2,1,"Parents",2,0,2,2,0,0
313,"6/26/99",1,2840359,2,2,2,"Brother",3,0,3,3,0,0
314,"6/26/99",1,2840359,2,2,3,"Sister",7,0,3,3,0,0
315,"6/26/99",1,2840359,2,2,4,"Uncle",3,0,3,3,0,0
316,"6/26/99",1,2840359,2,2,5,"Aunt",8,0,0,6,2,0
211,"6/26/99",1,2840449,1,1,1,"Parents",1,0,1,1,0,1
212,"6/26/99",1,2840449,1,1,2,"Brother",4,0,4,4,0,0
213,"6/26/99",1,2840449,1,1,4,"Uncle",5,0,2,5,0,0
214,"6/26/99",1,2840449,1,1,5,"Aunt",4,0,4,4,0,0
215,"6/26/99",1,2840449,2,2,1,"Parents",1,0,0,1,0,0
216,"6/26/99",1,2840449,2,2,2,"Brother",4,0,0,4,0,0
217,"6/26/99",1,2840449,2,2,3,"Sister",2,0,0,1,1,0
218,"6/26/99",1,2840449,2,2,4,"Uncle",3,0,0,3,0,0
317,"6/26/99",1,2840459,1,1,1,"Parents",2,1,2,2,0,0
318,"6/26/99",1,2840459,1,1,2,"Brother",2,2,2,2,0,0
319,"6/26/99",1,2840459,1,1,3,"Sister",2,0,2,2,0,0
320,"6/26/99",1,2840459,1,1,4,"Uncle",4,4,4,4,0,0
321,"6/26/99",1,2840459,1,1,5,"Aunt",5,0,5,5,0,0
322,"6/26/99",1,2840459,2,2,1,"Parents",2,1,0,0,1,0
323,"6/26/99",1,2840459,2,2,2,"Brother",3,0,0,0,2,0
324,"6/26/99",1,2840459,2,2,3,"Sister",4,0,0,0,4,0
325,"6/26/99",1,2840459,2,2,4,"Uncle",3,0,0,0,3,0
326,"6/26/99",1,2840459,2,2,5,"Aunt",2,0,0,0,2,0
219,"6/26/99",1,2840549,1,1,1,"Parents",1,0,1,1,0,0
220,"6/26/99",1,2840549,1,1,2,"Brother",1,0,1,1,0,0
221,"6/26/99",1,2840549,1,1,3,"Sister",2,0,0,2,0,0
222,"6/26/99",1,2840549,1,1,4,"Uncle",3,3,2,3,0,1
223,"6/26/99",1,2840549,1,1,5,"Aunt",7,0,0,7,0,0
224,"6/26/99",1,2840549,2,2,1,"Parents",2,0,0,2,0,1
225,"6/26/99",1,2840549,2,2,2,"Brother",1,0,0,1,0,0
226,"6/26/99",1,2840549,2,2,4,"Uncle",4,2,0,3,1,0
227,"6/26/99",1,2840549,2,2,5,"Aunt",7,0,0,7,0,0
327,"6/26/99",1,2840559,1,1,1,"Parents",1,0,1,1,0,0
328,"6/26/99",1,2840559,1,1,2,"Brother",9,0,9,9,0,2
329,"6/26/99",1,2840559,1,1,3,"Sister",2,0,2,2,0,1
330,"6/26/99",1,2840559,1,1,4,"Uncle",5,0,3,5,0,0
331,"6/26/99",1,2840559,1,1,5,"Aunt",1,0,1,1,0,0
332,"6/26/99",1,2840559,2,2,1,"Parents",2,0,0,2,0,0
333,"6/26/99",1,2840559,2,2,2,"Brother",2,0,0,2,0,0
334,"6/26/99",1,2840559,2,2,3,"Sister",4,0,0,4,0,0
335,"6/26/99",1,2840559,2,2,4,"Uncle",5,0,0,5,0,0
228,"6/26/99",1,2840649,1,1,1,"Parents",1,0,1,1,0,0
229,"6/26/99",1,2840649,1,1,2,"Brother",3,0,2,3,0,0
230,"6/26/99",1,2840649,1,1,3,"Sister",3,0,2,2,0,1
231,"6/26/99",1,2840649,1,1,4,"Uncle",1,0,1,1,0,1
232,"6/26/99",1,2840649,1,1,5,"Aunt",2,0,0,0,2,0
233,"6/26/99",1,2840649,2,2,1,"Parents",2,0,0,2,0,0
234,"6/26/99",1,2840649,2,2,2,"Brother",3,0,0,3,0,0
235,"6/26/99",1,2840649,2,2,3,"Sister",2,0,0,2,0,0
236,"6/26/99",1,2840649,2,2,4,"Uncle",4,0,0,4,0,0
237,"6/26/99",1,2840649,2,2,5,"Aunt",1,0,0,1,0,0
238,"6/26/99",1,2840749,1,1,1,"Parents",2,1,2,2,0,0
239,"6/26/99",1,2840749,1,1,2,"Brother",1,0,1,1,0,0
240,"6/26/99",1,2840749,1,1,3,"Sister",2,0,0,2,0,0
241,"6/26/99",1,2840749,1,1,4,"Uncle",3,3,2,3,0,0
242,"6/26/99",1,2840749,1,1,5,"Aunt",7,0,0,7,0,0
243,"6/26/99",1,2840749,2,2,1,"Parents",2,1,0,2,0,0
244,"6/26/99",1,2840749,2,2,2,"Brother",4,0,4,4,0,0
245,"6/26/99",1,2840749,2,2,3,"Sister",4,0,2,4,0,0
246,"6/26/99",1,2840749,2,2,4,"Uncle",5,0,0,5,0,0
247,"6/26/99",1,2840749,2,2,5,"Aunt",2,0,0,2,0,0
248,"6/26/99",1,2840849,1,1,1,"Parents",2,0,2,2,0,0
249,"6/26/99",1,2840849,1,1,2,"Brother",2,0,2,2,0,0
250,"6/26/99",1,2840849,1,1,3,"Sister",6,0,2,6,0,0
251,"6/26/99",1,2840849,1,1,4,"Uncle",3,0,2,3,0,0
252,"6/26/99",1,2840849,1,1,5,"Aunt",5,0,1,5,0,0
253,"6/26/99",1,2840849,2,2,1,"Parents",1,0,0,1,0,0
254,"6/26/99",1,2840849,2,2,2,"Brother",3,0,0,3,0,0
255,"6/26/99",1,2840849,2,2,3,"Sister",4,0,0,4,0,0
256,"6/26/99",1,2840849,2,2,4,"Uncle",1,0,0,1,0,0
257,"6/26/99",1,2840849,2,2,5,"Aunt",5,0,0,3,2,0
258,"6/26/99",1,2840949,1,1,2,"Brother",3,3,3,3,0,0
259,"6/26/99",1,2840949,1,1,3,"Sister",3,0,0,3,0,0
260,"6/26/99",1,2840949,1,1,4,"Uncle",3,3,3,3,0,0
261,"6/26/99",1,2840949,1,1,5,"Aunt",2,0,0,2,0,0
262,"6/26/99",1,2841049,1,1,4,"Uncle",1,0,0,0,1,0
263,"6/26/99",1,2841049,2,2,1,"Parents",1,0,0,0,1,0
264,"6/26/99",1,2841049,2,2,2,"Brother",3,0,0,0,3,0
265,"6/26/99",1,2841049,2,2,3,"Sister",3,0,0,0,3,0
266,"6/26/99",1,2841049,2,2,4,"Uncle",2,0,0,0,2,0
267,"6/26/99",1,2841149,1,1,2,"Brother",1,0,1,1,0,0
268,"6/26/99",1,2841149,1,1,3,"Sister",3,0,0,3,0,0
269,"6/26/99",1,2841149,1,1,4,"Uncle",1,0,1,1,0,0
270,"6/26/99",1,2841149,2,2,1,"Parents",2,0,0,0,2,0
271,"6/26/99",1,2841149,2,2,2,"Brother",7,0,0,0,7,0
272,"6/26/99",1,2841149,2,2,3,"Sister",5,0,0,0,5,0
273,"6/26/99",1,2841249,1,1,2,"Brother",1,0,1,1,0,0
274,"6/26/99",1,2841249,1,1,3,"Sister",2,0,0,2,0,0
275,"6/26/99",1,2841249,1,1,4,"Uncle",1,0,0,0,1,0
276,"6/26/99",1,2841249,2,2,2,"Brother",1,0,0,1,0,0
277,"6/26/99",1,2841249,2,2,4,"Uncle",2,0,0,2,0,0
278,"6/26/99",1,2841349,1,1,1,"Parents",1,0,1,1,0,0
279,"6/26/99",1,2841349,1,1,2,"Brother",1,0,1,1,0,0
280,"6/26/99",1,2841349,1,1,3,"Sister",1,0,1,1,0,1
281,"6/26/99",1,2841349,2,2,1,"Parents",2,0,0,2,0,0
282,"6/26/99",1,2841349,2,2,2,"Brother",1,0,0,1,0,0
283,"6/26/99",1,2841349,2,2,4,"Uncle",8,0,0,0,8,0
284,"6/26/99",1,2841449,1,1,2,"Brother",4,0,4,4,0,0
285,"6/26/99",1,2841449,1,1,3,"Sister",3,0,0,3,0,0
286,"6/26/99",1,2841449,1,1,5,"Aunt",1,0,0,0,1,0
287,"6/26/99",1,2841549,1,1,1,"Parents",1,0,1,1,0,0
288,"6/26/99",1,2841549,1,1,2,"Brother",3,0,3,3,0,0
289,"6/26/99",1,2841549,1,1,3,"Sister",1,0,1,1,0,0
290,"6/26/99",1,2841549,2,2,1,"Parents",1,0,0,1,0,0
291,"6/26/99",1,2841549,2,2,2,"Brother",3,0,0,3,0,0
292,"6/26/99",1,2841549,2,2,3,"Sister",1,0,0,1,0,0
293,"6/26/99",1,2841549,2,2,4,"Uncle",2,0,0,2,0,0
1363,"6/20/99",1,2910141,1,1,1,"Parents",2,2,2,0,0,2
1364,"6/24/99",1,2910141,1,1,2,"Brother",3,0,3,0,0,3
1365,"6/24/99",1,2910141,1,1,3,"Sister",1,1,0,0,1,1
1366,"6/24/99",1,2910141,1,1,4,"Uncle",1,1,1,0,0,1
1367,"6/24/99",1,2910141,1,1,5,"Aunt",3,3,0,2,1,1
1368,"6/24/99",1,2910141,2,2,1,"Parents",1,1,0,1,0,1
1369,"6/24/99",1,2910141,2,2,2,"Brother",2,2,0,2,0,2
1370,"6/24/99",1,2910141,2,2,3,"Sister",6,2,0,3,3,3
1371,"6/24/99",1,2910141,2,2,4,"Uncle",3,1,0,1,2,1
1372,"6/24/99",1,2910141,2,2,5,"Aunt",5,3,0,1,4,0
1502,"6/24/99",1,2910151,1,1,1,"Parents",1,0,1,0,0,0
1503,"6/24/99",1,2910151,1,1,2,"Brother",2,2,2,0,0,2
1504,"6/24/99",1,2910151,1,1,4,"Uncle",1,0,0,0,1,0
1505,"6/24/99",1,2910151,2,2,1,"Parents",2,1,0,0,2,2
1506,"6/24/99",1,2910151,2,2,2,"Brother",3,0,0,0,3,1
1507,"6/24/99",1,2910151,2,2,3,"Sister",1,0,0,1,0,0
1508,"6/24/99",1,2910151,2,2,4,"Uncle",2,2,0,0,2,1
1509,"6/24/99",1,2910151,2,2,5,"Aunt",2,2,0,0,2,2
1373,"6/24/99",1,2910241,1,1,1,"Parents",1,0,1,0,0,0
1374,"6/24/99",1,2910241,1,1,2,"Brother",1,1,1,0,0,1
1375,"6/24/99",1,2910241,1,1,3,"Sister",1,1,0,1,0,1
1376,"6/24/99",1,2910241,1,1,4,"Uncle",2,2,0,0,2,1
1377,"6/24/99",1,2910241,1,1,6,"Son",3,0,3,0,0,1
1378,"6/24/99",1,2910241,1,1,7,"Daughter",1,0,1,0,0,0
1379,"6/24/99",1,2910241,2,2,1,"Parents",1,1,0,0,1,1
1380,"6/24/99",1,2910241,2,2,2,"Brother",7,3,0,0,7,5
1381,"6/24/99",1,2910241,2,2,3,"Sister",4,2,0,0,4,2
1382,"6/24/99",1,2910241,2,2,4,"Uncle",5,5,0,0,5,5
1383,"6/24/99",1,2910241,2,2,5,"Aunt",1,1,0,0,1,0
1384,"6/24/99",1,2910241,2,2,6,"Son",3,0,3,0,0,1
1385,"6/24/99",1,2910241,2,2,7,"Daughter",1,0,1,0,0,0
1510,"6/24/99",1,2910251,1,1,2,"Brother",3,2,3,0,0,2
1511,"6/24/99",1,2910251,1,1,3,"Sister",3,0,0,2,1,1
1512,"6/24/99",1,2910251,1,1,4,"Uncle",1,0,1,0,0,0
1513,"6/24/99",1,2910251,1,1,5,"Aunt",1,0,0,0,1,0
1514,"6/24/99",1,2910251,1,1,7,"Daughter",2,0,0,2,0,2
1515,"6/24/99",1,2910251,2,2,2,"Brother",5,0,0,0,5,2
1516,"6/24/99",1,2910251,2,2,3,"Sister",3,0,0,1,2,0
1517,"6/24/99",1,2910251,2,2,4,"Uncle",2,2,0,0,2,0
1518,"6/24/99",1,2910251,2,2,7,"Daughter",2,0,0,2,0,2
1386,"6/24/99",1,2910341,1,1,1,"Parents",2,0,2,0,0,1
1387,"6/24/99",1,2910341,1,1,2,"Brother",1,0,1,0,0,0
1388,"6/24/99",1,2910341,1,1,3,"Sister",2,0,1,0,1,2
1389,"6/24/99",1,2910341,1,1,4,"Uncle",4,3,3,1,0,2
1390,"6/24/99",1,2910341,1,1,5,"Aunt",1,0,0,1,0,0
1519,"6/24/99",1,2910351,1,1,1,"Parents",1,0,1,0,0,0
1520,"6/24/99",1,2910351,1,1,2,"Brother",3,3,2,0,1,0
1521,"6/24/99",1,2910351,1,1,3,"Sister",1,1,0,0,1,0
1522,"6/24/99",1,2910351,1,1,5,"Aunt",1,1,0,0,1,0
1523,"6/24/99",1,2910351,2,2,1,"Parents",2,2,0,2,0,0
1524,"6/24/99",1,2910351,2,2,2,"Brother",1,1,0,1,0,0
1525,"6/24/99",1,2910351,2,2,3,"Sister",1,1,0,1,0,0
1526,"6/24/99",1,2910351,2,2,4,"Uncle",2,2,0,2,0,0
1527,"6/24/99",1,2910351,2,2,5,"Aunt",4,0,0,2,2,0
1391,"6/24/99",1,2910441,1,1,1,"Parents",2,0,2,0,0,2
1392,"6/24/99",1,2910441,1,1,2,"Brother",5,0,3,0,2,2
1393,"6/24/99",1,2910441,1,1,3,"Sister",2,0,0,1,1,1
1394,"6/24/99",1,2910441,1,1,4,"Uncle",3,0,3,0,0,0
1395,"6/24/99",1,2910441,1,1,5,"Aunt",3,1,0,2,1,0
1528,"6/24/99",1,2910459,1,1,7,"Daughter",3,3,0,1,2,3
1529,"6/24/99",1,2910459,2,2,1,"Parents",2,2,0,2,0,2
1530,"6/24/99",1,2910459,2,2,2,"Brother",3,3,0,3,0,3
1531,"6/24/99",1,2910459,2,2,7,"Daughter",2,2,0,0,2,2
1396,"6/24/99",1,2910541,1,1,2,"Brother",3,0,0,3,0,1
1397,"6/24/99",1,2910541,1,1,3,"Sister",1,0,0,0,1,1
1398,"6/24/99",1,2910541,1,1,6,"Son",2,0,2,0,0,0
1399,"6/24/99",1,2910541,1,1,7,"Daughter",1,0,0,1,0,1
1400,"6/24/99",1,2910641,1,1,2,"Brother",1,1,1,0,0,1
1401,"6/24/99",1,2910641,1,1,7,"Daughter",4,3,2,1,1,3
1402,"6/24/99",1,2910741,1,1,1,"Parents",1,1,1,0,0,1
1403,"6/24/99",1,2910741,1,1,2,"Brother",6,0,5,0,1,0
1404,"6/24/99",1,2910741,1,1,3,"Sister",3,1,0,1,2,0
1405,"6/24/99",1,2910741,1,1,4,"Uncle",5,5,3,1,1,0
1406,"6/24/99",1,2910741,2,2,1,"Parents",1,0,0,0,1,0
1407,"6/24/99",1,2910741,2,2,2,"Brother",1,0,0,0,1,0
1408,"6/24/99",1,2910741,2,2,3,"Sister",5,2,0,1,4,0
1409,"6/24/99",1,2910741,2,2,4,"Uncle",1,1,0,0,1,0
1410,"6/24/99",1,2910841,1,1,2,"Brother",2,0,2,0,0,0
1411,"6/24/99",1,2910841,1,1,3,"Sister",3,1,0,2,1,2
1412,"6/24/99",1,2910841,1,1,4,"Uncle",4,0,3,0,1,0
1413,"6/24/99",1,2910841,1,1,5,"Aunt",1,0,0,1,0,0
1414,"6/24/99",1,2910841,2,2,1,"Parents",2,1,0,0,2,1
1415,"6/24/99",1,2910841,2,2,2,"Brother",4,0,0,0,4,0
1416,"6/24/99",1,2910841,2,2,3,"Sister",3,1,0,1,2,3
1417,"6/24/99",1,2910841,2,2,4,"Uncle",3,2,0,1,2,1
1418,"6/24/99",1,2910841,2,2,5,"Aunt",4,0,0,0,4,0
1419,"6/24/99",1,2911041,1,1,1,"Parents",2,0,2,0,0,2
1420,"6/24/99",1,2911041,1,1,2,"Brother",3,1,3,0,0,1
1421,"6/24/99",1,2911041,1,1,3,"Sister",4,1,1,0,3,2
1422,"6/24/99",1,2911041,1,1,4,"Uncle",1,0,0,0,1,0
1423,"6/24/99",1,2911041,1,1,5,"Aunt",2,2,0,0,2,0
1424,"6/24/99",1,2911041,2,2,1,"Parents",2,2,0,0,2,2
1425,"6/24/99",1,2911041,2,2,2,"Brother",7,0,0,0,7,7
1427,"6/24/99",1,2911041,2,2,4,"Uncle",4,4,0,0,4,2
1428,"6/24/99",1,2911141,1,1,1,"Parents",2,1,2,0,0,1
1429,"6/24/99",1,2911141,1,1,2,"Brother",3,2,3,0,0,0
1430,"6/24/99",1,2911141,1,1,3,"Sister",6,2,0,4,2,0
1431,"6/24/99",1,2911141,1,1,4,"Uncle",4,4,3,0,1,2
1432,"6/24/99",1,2911141,1,1,5,"Aunt",1,0,0,1,0,0
1433,"6/24/99",1,2911141,2,2,1,"Parents",1,1,0,0,1,1
1434,"6/24/99",1,2911141,2,2,2,"Brother",6,6,0,0,6,6
1435,"6/24/99",1,2911141,2,2,4,"Uncle",1,1,0,0,1,0
1436,"6/24/99",1,2911141,2,2,5,"Aunt",1,0,0,0,1,0
1437,"6/24/99",1,2911241,1,1,2,"Brother",2,2,2,0,0,0
1438,"6/24/99",1,2911241,1,1,4,"Uncle",1,1,1,0,0,0
1439,"6/24/99",1,2911241,2,2,4,"Uncle",1,0,0,0,1,0
1440,"6/24/99",1,2911242,1,1,1,"Parents",2,0,2,0,0,0
1441,"6/24/99",1,2911242,1,1,2,"Brother",1,0,1,0,0,0
1442,"6/24/99",1,2911242,1,1,3,"Sister",4,1,1,1,2,3
1443,"6/24/99",1,2911242,1,1,4,"Uncle",2,2,2,0,0,0
1444,"6/24/99",1,2911242,2,2,1,"Parents",2,2,0,0,2,2
1445,"6/24/99",1,2911242,2,2,2,"Brother",2,0,0,0,2,2
1446,"6/24/99",1,2911242,2,2,3,"Sister",11,1,0,1,0,1
1447,"6/24/99",1,2911242,2,2,4,"Uncle",3,1,0,0,3,0
1448,"6/24/99",1,2911242,2,2,5,"Aunt",5,5,0,1,4,3
1449,"6/24/99",1,2911243,1,1,1,"Parents",2,0,2,0,0,0
1450,"6/24/99",1,2911243,1,1,2,"Brother",1,0,1,0,0,0
1451,"6/24/99",1,2911243,1,1,3,"Sister",4,1,1,1,2,2
1452,"6/24/99",1,2911243,1,1,4,"Uncle",2,2,2,0,0,0
1453,"6/24/99",1,2911243,2,2,1,"Parents",2,0,0,0,2,0
1454,"6/24/99",1,2911243,2,2,2,"Brother",4,0,0,0,4,0
1455,"6/24/99",1,2911243,2,2,3,"Sister",5,0,0,0,5,0
1456,"6/24/99",1,2911243,2,2,4,"Uncle",3,0,0,0,3,0
1457,"6/24/99",1,2911243,2,2,5,"Aunt",2,2,0,2,0,0
1458,"6/24/99",1,2911341,1,1,1,"Parents",1,0,1,0,0,1
1459,"6/24/99",1,2911341,1,1,2,"Brother",1,1,1,0,0,1
1460,"6/24/99",1,2911341,1,1,3,"Sister",3,2,0,1,2,3
1461,"6/24/99",1,2911341,1,1,4,"Uncle",5,2,2,0,3,1
1462,"6/24/99",1,2911341,2,2,1,"Parents",2,2,2,0,0,2
1463,"6/24/99",1,2911341,2,2,2,"Brother",1,1,1,0,0,1
1464,"6/24/99",1,2911341,2,2,3,"Sister",2,2,0,1,1,2
1465,"6/24/99",1,2911341,2,2,4,"Uncle",5,5,1,0,4,2
1466,"6/24/99",1,2911341,2,2,5,"Aunt",8,6,0,1,7,3
1467,"6/24/99",1,2911441,1,1,1,"Parents",2,1,2,0,0,1
1468,"6/24/99",1,2911441,1,1,2,"Brother",3,0,3,0,0,0
1469,"6/24/99",1,2911441,1,1,3,"Sister",2,2,1,0,1,1
1470,"6/24/99",1,2911441,1,1,4,"Uncle",2,2,0,0,2,1
1471,"6/24/99",1,2911441,1,1,5,"Aunt",3,0,0,3,0,0
1472,"6/24/99",1,2911441,2,2,1,"Parents",2,2,0,2,0,2
1473,"6/24/99",1,2911441,2,2,2,"Brother",4,1,0,4,0,1
1474,"6/24/99",1,2911441,2,2,3,"Sister",1,1,0,1,0,1
1475,"6/24/99",1,2911441,2,2,4,"Uncle",4,0,0,0,4,0
1476,"6/24/99",1,2911441,2,2,5,"Aunt",1,0,0,0,1,1
1477,"6/24/99",1,2911541,1,1,2,"Brother",1,1,1,0,0,1
1478,"6/24/99",1,2911541,1,1,3,"Sister",2,0,0,0,2,0
1479,"6/24/99",1,2911541,1,1,4,"Uncle",2,2,0,0,2,0
1480,"6/24/99",1,2911541,1,1,5,"Aunt",2,0,0,0,2,0
1481,"6/24/99",1,2911541,1,1,6,"Son",3,0,1,2,0,3
1482,"6/24/99",1,2911541,1,1,7,"Daughter",5,0,1,0,4,4
1483,"6/24/99",1,2911541,2,2,2,"Brother",1,0,0,1,0,0
1484,"6/24/99",1,2911541,2,2,3,"Sister",2,0,0,0,2,1
1485,"6/24/99",1,2911541,2,2,4,"Uncle",1,1,0,0,1,0
1486,"6/24/99",1,2911541,2,2,6,"Son",3,0,1,2,0,3
1487,"6/24/99",1,2911541,2,2,7,"Daughter",5,0,1,0,4,4
1488,"6/24/99",1,2911641,1,1,1,"Parents",2,1,2,0,0,1
1489,"6/24/99",1,2911641,1,1,2,"Brother",2,0,2,0,0,2
1490,"6/24/99",1,2911641,1,1,3,"Sister",5,2,1,0,4,3
1491,"6/24/99",1,2911641,1,1,4,"Uncle",2,2,1,1,0,0
1492,"6/24/99",1,2911641,1,1,5,"Aunt",5,3,0,0,5,0
1493,"6/24/99",1,2911641,2,2,1,"Parents",2,1,2,0,0,2
1494,"6/24/99",1,2911641,2,2,3,"Sister",3,1,2,0,1,1
1495,"6/24/99",1,2911641,2,2,4,"Uncle",5,3,2,3,0,0
1496,"6/24/99",1,2911641,2,2,5,"Aunt",5,5,0,4,1,0
1497,"6/24/99",1,2911741,1,1,2,"Brother",1,0,1,0,0,0
1498,"6/24/99",1,2911741,1,1,3,"Sister",1,0,1,0,0,0
1499,"6/24/99",1,2911741,1,1,4,"Uncle",1,0,1,0,0,0
1500,"6/24/99",1,2911741,2,2,1,"Parents",1,0,0,0,1,0
1501,"6/24/99",1,2911741,2,2,2,"Brother",6,0,0,0,6,0
223,"6/04/99",1,2920141,2,1,2,"Brother",3,0,3,0,0,0
224,"6/05/99",1,2920141,2,1,4,"Uncle",1,0,0,0,1,0
225,"6/05/99",1,2920141,2,1,5,"Aunt",2,0,1,0,1,0
226,"6/05/99",1,2920141,2,1,6,"Son",1,0,1,0,0,0
227,"6/05/99",1,2920141,5,2,2,"Brother",3,0,1,1,1,0
228,"6/05/99",1,2920141,5,2,3,"Sister",1,0,0,0,1,0
229,"6/05/99",1,2920141,5,2,4,"Uncle",1,0,1,0,0,0
230,"6/05/99",1,2920142,1,1,2,"Brother",3,0,3,0,0,0
231,"6/05/99",1,2920142,1,1,4,"Uncle",1,0,0,0,1,0
232,"6/05/99",1,2920142,1,1,5,"Aunt",1,0,1,0,0,0
233,"6/05/99",1,2920142,2,2,1,"Parents",2,0,0,2,0,0
234,"6/05/99",1,2920142,2,2,2,"Brother",1,0,0,1,0,1
235,"6/05/99",1,2920142,2,2,3,"Sister",3,0,2,0,1,1
236,"6/05/99",1,2920142,2,2,4,"Uncle",2,0,0,1,0,0
237,"6/05/99",1,2920142,2,2,5,"Aunt",2,0,0,1,1,0
372,"6/05/99",1,2920151,1,1,2,"Brother",1,0,1,0,0,0
373,"6/05/99",1,2920151,1,1,3,"Sister",1,0,0,0,1,0
374,"6/05/99",1,2920151,1,1,7,"Daughter",1,0,0,1,0,0
375,"6/05/99",1,2920151,2,2,1,"Parents",1,0,1,0,0,0
376,"6/05/99",1,2920151,2,2,3,"Sister",2,0,2,0,0,1
378,"6/05/99",1,2920151,2,2,7,"Daughter",1,0,0,1,0,0
379,"6/05/99",1,2920152,1,1,1,"Parents",2,2,2,0,0,0
380,"6/05/99",1,2920152,1,1,2,"Brother",1,0,1,0,0,0
381,"6/05/99",1,2920152,1,1,3,"Sister",1,0,0,1,0,1
382,"6/05/99",1,2920152,1,1,4,"Uncle",3,0,1,0,2,0
383,"6/05/99",1,2920152,1,1,5,"Aunt",2,1,0,0,2,1
384,"6/05/99",1,2920152,2,2,1,"Parents",2,1,0,0,2,1
385,"6/05/99",1,2920152,2,2,2,"Brother",3,0,0,0,3,2
386,"6/05/99",1,2920152,2,2,3,"Sister",3,2,0,1,2,2
387,"6/05/99",1,2920152,2,2,4,"Uncle",2,1,0,1,1,0
239,"6/05/99",1,2920241,1,1,1,"Parents",1,0,0,1,0,0
240,"6/05/99",1,2920241,1,1,3,"Sister",1,0,0,1,0,0
241,"6/05/99",1,2920241,1,1,6,"Son",4,0,4,0,0,4
242,"6/05/99",1,2920241,1,1,7,"Daughter",2,0,2,0,0,2
245,"6/05/99",1,2920242,1,1,6,"Son",3,0,0,0,0,3
246,"6/05/99",1,2920242,1,1,7,"Daughter",2,0,2,0,0,2
388,"6/05/99",1,2920251,1,1,2,"Brother",1,0,0,0,1,0
389,"6/05/99",1,2920251,1,1,7,"Daughter",3,0,3,0,0,0
250,"6/05/99",1,2920341,2,2,2,"Brother",1,0,1,0,0,0
251,"6/05/99",1,2920341,2,2,3,"Sister",4,0,0,3,1,0
252,"6/05/99",1,2920341,2,2,6,"Son",7,0,7,0,0,0
254,"6/05/99",1,2920342,1,1,2,"Brother",6,0,6,0,0,0
255,"6/05/99",1,2920342,1,1,4,"Uncle",2,0,1,1,0,0
256,"6/05/99",1,2920342,1,1,5,"Aunt",6,0,3,3,0,0
257,"6/05/99",1,2920342,2,1,1,"Parents",1,1,0,0,1,0
258,"6/05/99",1,2920342,2,2,2,"Brother",1,0,0,0,1,0
259,"6/05/99",1,2920342,2,2,3,"Sister",5,0,0,1,4,0
260,"6/05/99",1,2920342,2,2,4,"Uncle",1,1,0,0,1,0
261,"6/05/99",1,2920342,2,2,5,"Aunt",4,0,0,0,4,0
262,"6/05/99",1,2920343,1,1,1,"Parents",1,0,1,0,0,0
263,"6/05/99",1,2920343,1,1,2,"Brother",6,0,6,0,0,1
264,"6/05/99",1,2920343,1,1,4,"Uncle",2,0,1,1,0,0
265,"6/05/99",1,2920343,1,1,5,"Aunt",6,0,3,3,0,0
266,"6/05/99",1,2920343,2,2,1,"Parents",1,1,0,1,0,1
267,"6/05/99",1,2920343,2,2,2,"Brother",2,0,0,2,0,0
268,"6/05/99",1,2920343,2,2,3,"Sister",2,0,1,1,0,1
269,"6/05/99",1,2920343,2,2,4,"Uncle",1,0,0,1,0,0
270,"6/05/99",1,2920343,2,2,5,"Aunt",1,0,1,0,0,0
390,"6/05/99",1,2920351,1,1,6,"Son",3,0,3,0,0,0
391,"6/05/99",1,2920351,1,1,7,"Daughter",2,1,1,0,1,0
392,"6/05/99",1,2920351,2,2,2,"Brother",1,1,0,1,0,1
393,"6/05/99",1,2920351,2,2,3,"Sister",1,1,0,1,0,1
394,"6/05/99",1,2920351,2,2,6,"Son",3,0,3,0,0,0
395,"6/05/99",1,2920351,2,2,7,"Daughter",2,1,1,0,1,0
271,"6/05/99",1,2920441,1,1,1,"Parents",1,0,1,0,0,0
272,"6/05/99",1,2920441,1,1,2,"Brother",6,0,6,0,0,0
273,"6/05/99",1,2920441,1,1,4,"Uncle",2,0,1,1,0,0
274,"6/05/99",1,2920441,1,1,5,"Aunt",6,0,3,2,1,0
275,"6/05/99",1,2920441,2,2,1,"Parents",1,0,0,1,0,1
276,"6/05/99",1,2920441,2,2,2,"Brother",3,0,0,3,0,0
277,"6/05/99",1,2920441,2,2,3,"Sister",3,1,0,1,2,1
278,"6/05/99",1,2920441,2,2,4,"Uncle",4,0,1,2,1,0
279,"6/05/99",1,2920441,2,2,5,"Aunt",3,0,1,2,0,0
396,"6/05/99",1,2920459,1,1,2,"Brother",1,1,1,0,0,1
397,"6/05/99",1,2920459,1,1,3,"Sister",1,0,0,1,0,0
398,"6/05/99",1,2920459,1,1,5,"Aunt",1,1,0,0,1,1
400,"6/05/99",1,2920459,2,2,2,"Brother",2,0,0,2,0,1
280,"6/05/99",1,2920541,1,1,1,"Parents",2,0,2,0,0,0
281,"6/05/99",1,2920541,1,1,2,"Brother",2,0,2,0,0,0
282,"6/05/99",1,2920541,1,1,3,"Sister",4,0,3,0,1,1
283,"6/05/99",1,2920541,1,1,5,"Aunt",4,0,3,1,0,0
284,"6/05/99",1,2920541,2,2,1,"Parents",1,0,0,0,1,0
285,"6/05/99",1,2920541,2,2,2,"Brother",2,0,0,0,2,0
286,"6/05/99",1,2920541,2,2,3,"Sister",3,0,0,0,3,0
287,"6/05/99",1,2920541,2,2,4,"Uncle",3,3,0,0,3,1
288,"6/05/99",1,2920541,2,2,5,"Aunt",5,0,0,0,5,0
289,"6/05/99",1,2920641,1,1,1,"Parents",1,0,1,0,0,0
290,"6/05/99",1,2920641,1,1,2,"Brother",3,0,0,3,0,2
291,"6/05/99",1,2920641,1,1,4,"Uncle",1,0,1,0,0,1
292,"6/05/99",1,2920641,2,2,1,"Parents",1,0,0,1,0,1
293,"6/05/99",1,2920641,2,2,2,"Brother",1,0,0,1,0,1
294,"6/05/99",1,2920641,2,2,3,"Sister",2,0,0,2,0,1
295,"6/05/99",1,2920641,2,2,4,"Uncle",3,0,0,3,0,1
296,"6/05/99",1,2920641,2,2,5,"Aunt",3,0,0,3,0,1
297,"6/05/99",1,2920741,1,1,1,"Parents",1,0,1,0,0,0
298,"6/05/99",1,2920741,1,1,2,"Brother",3,0,3,0,0,0
299,"6/05/99",1,2920741,1,1,4,"Uncle",1,0,0,1,0,0
300,"6/05/99",1,2920741,2,2,1,"Parents",1,1,1,0,0,1
301,"6/05/99",1,2920741,2,2,2,"Brother",3,0,0,3,0,0
302,"6/05/99",1,2920741,2,2,3,"Sister",4,0,0,4,0,0
303,"6/05/99",1,2920741,2,2,4,"Uncle",1,0,0,1,0,0
304,"6/05/99",1,2920741,2,2,5,"Aunt",5,0,0,4,1,0
305,"6/05/99",1,2920841,1,1,1,"Parents",1,1,0,0,1,0
306,"6/05/99",1,2920841,1,1,2,"Brother",3,0,0,0,3,0
307,"6/05/99",1,2920841,1,1,3,"Sister",2,1,0,0,2,0
308,"6/05/99",1,2920841,1,1,4,"Uncle",1,1,0,0,1,0
309,"6/05/99",1,2920841,1,1,5,"Aunt",3,0,0,0,3,0
310,"6/05/99",1,2920841,2,2,1,"Parents",2,0,2,0,0,2
311,"6/05/99",1,2920841,2,2,2,"Brother",2,0,2,0,0,2
312,"6/05/99",1,2920841,2,2,3,"Sister",3,0,0,2,1,2
313,"6/05/99",1,2920841,2,2,4,"Uncle",2,0,2,0,0,1
314,"6/05/99",1,2920941,1,1,6,"Son",4,0,4,0,0,0
315,"6/05/99",1,2920941,1,1,7,"Daughter",3,0,2,1,2,0
316,"6/05/99",1,2920941,2,2,2,"Brother",1,0,1,0,0,0
317,"6/05/99",1,2920941,2,2,3,"Sister",3,0,1,2,0,0
318,"6/05/99",1,2920941,2,2,6,"Son",4,0,4,0,0,0
319,"6/05/99",1,2920941,2,2,7,"Daughter",3,0,2,1,2,0
320,"6/05/99",1,2921041,1,1,1,"Parents",2,1,2,0,0,1
321,"6/05/99",1,2921041,1,1,2,"Brother",4,0,4,0,0,0
322,"6/05/99",1,2921041,1,1,3,"Sister",5,0,2,1,2,1
323,"6/05/99",1,2921041,1,1,4,"Uncle",1,0,1,0,0,0
324,"6/05/99",1,2921041,1,1,5,"Aunt",4,0,0,4,0,0
325,"6/05/99",1,2921041,2,2,1,"Parents",1,0,0,0,1,0
326,"6/05/99",1,2921041,2,2,2,"Brother",1,0,0,0,1,0
327,"6/05/99",1,2921041,2,2,3,"Sister",1,0,0,0,1,0
328,"6/05/99",1,2921041,2,2,4,"Uncle",1,0,0,0,1,0
329,"6/05/99",1,2921141,2,2,1,"Parents",1,0,0,0,1,1
330,"6/05/99",1,2921141,2,2,3,"Sister",3,0,0,0,3,2
331,"6/05/99",1,2921141,2,2,7,"Daughter",2,0,0,1,1,2
332,"6/05/99",1,2921241,1,1,2,"Brother",2,0,0,0,2,2
333,"6/05/99",1,2921241,1,1,3,"Sister",2,0,0,0,2,2
334,"6/05/99",1,2921241,1,1,7,"Daughter",1,0,0,0,1,0
335,"6/05/99",1,2921341,1,1,1,"Parents",2,0,2,0,0,0
336,"6/05/99",1,2921341,1,1,2,"Brother",6,0,5,0,1,2
337,"6/05/99",1,2921341,1,1,3,"Sister",2,0,2,0,0,0
338,"6/05/99",1,2921341,1,1,4,"Uncle",1,0,1,0,0,0
339,"6/05/99",1,2921341,1,1,5,"Aunt",2,0,0,1,1,0
340,"6/05/99",1,2921341,2,2,1,"Parents",2,0,0,0,2,2
341,"6/05/99",1,2921341,2,2,2,"Brother",3,0,0,0,3,1
342,"6/05/99",1,2921341,2,2,3,"Sister",6,0,0,2,4,1
343,"6/05/99",1,2921341,2,2,4,"Uncle",2,0,0,0,2,0
344,"6/05/99",1,2921341,2,2,5,"Aunt",3,0,0,0,3,0
346,"6/05/99",1,2921441,1,1,3,"Sister",1,0,0,1,0,0
347,"6/05/99",1,2921441,1,1,7,"Daughter",3,0,3,3,0,0
348,"6/05/99",1,2921442,1,1,1,"Parents",1,0,1,0,0,0
349,"6/05/99",1,2921442,1,1,2,"Brother",2,0,2,0,0,1
350,"6/05/99",1,2921442,1,1,3,"Sister",1,0,0,0,1,0
351,"6/05/99",1,2921442,2,2,1,"Parents",2,0,0,0,2,1
352,"6/05/99",1,2921442,2,2,2,"Brother",2,0,0,0,2,0
353,"6/05/99",1,2921442,2,2,3,"Sister",2,0,0,0,2,0
354,"6/05/99",1,2921442,2,2,4,"Uncle",5,2,0,2,3,0
355,"6/05/99",1,2921541,1,1,1,"Parents",2,0,1,1,0,0
356,"6/05/99",1,2921541,1,1,2,"Brother",3,0,0,3,0,1
357,"6/05/99",1,2921541,1,1,4,"Uncle",1,0,0,1,0,0
358,"6/05/99",1,2921541,1,1,5,"Aunt",1,0,0,1,0,0
359,"6/05/99",1,2921541,1,1,6,"Son",1,0,1,0,0,0
360,"6/05/99",1,2921541,2,2,1,"Parents",1,1,1,0,0,1
361,"6/05/99",1,2921541,2,2,2,"Brother",2,0,2,0,0,0
362,"6/05/99",1,2921541,2,2,3,"Sister",2,0,0,2,0,0
363,"6/05/99",1,2921541,2,2,6,"Son",1,0,1,0,0,0
364,"6/05/99",1,2921542,1,1,1,"Parents",1,1,0,0,0,0
365,"6/05/99",1,2921542,1,1,2,"Brother",1,0,1,0,0,0
366,"6/05/99",1,2921542,1,1,3,"Sister",3,0,1,2,0,0
367,"6/05/99",1,2921542,2,2,1,"Parents",2,0,0,2,0,0
368,"6/05/99",1,2921542,2,2,2,"Brother",1,0,0,1,0,1
369,"6/05/99",1,2921542,2,2,3,"Sister",1,0,0,1,0,1
370,"6/05/99",1,2921542,2,2,4,"Uncle",5,0,0,3,2,0
371,"6/05/99",1,2921542,2,2,5,"Aunt",7,0,0,4,3,0
285,"8/06/99",1,2930141,1,1,1,"Parents",1,1,1,1,0,1
286,"8/06/99",1,2930141,1,1,2,"Brother",2,0,2,2,0,0
287,"8/06/99",1,2930141,1,1,4,"Uncle",1,0,0,1,0,0
288,"8/06/99",1,2930141,2,2,1,"Parents",2,1,0,0,2,1
289,"8/06/99",1,2930141,2,2,2,"Brother",5,0,0,0,5,0
290,"8/06/99",1,2930141,2,2,3,"Sister",2,0,0,0,2,2
291,"8/06/99",1,2930141,2,2,4,"Uncle",3,0,0,0,3,1
398,"8/06/99",1,2930151,1,1,2,"Brother",3,3,3,3,0,0
399,"8/06/99",1,2930151,1,1,3,"Sister",2,2,0,1,1,0
400,"8/06/99",1,2930151,1,1,7,"Daughter",1,1,0,1,0,1
401,"8/06/99",1,2930151,2,2,2,"Brother",1,1,0,0,1,1
402,"8/06/99",1,2930151,2,2,3,"Sister",2,2,1,1,1,1
403,"8/06/99",1,2930151,2,2,4,"Uncle",1,1,0,0,1,0
404,"8/06/99",1,2930151,2,2,7,"Daughter",1,1,0,0,1,1
292,"8/06/99",1,2930241,1,1,1,"Parents",1,0,1,1,0,0
293,"8/06/99",1,2930241,1,1,2,"Brother",3,1,1,1,2,1
294,"8/06/99",1,2930241,1,1,3,"Sister",2,2,2,2,0,0
295,"8/06/99",1,2930241,1,1,4,"Uncle",2,0,0,0,2,0
296,"8/06/99",1,2930241,1,1,6,"Son",1,0,1,1,0,1
297,"8/06/99",1,2930241,1,1,7,"Daughter",1,1,0,0,1,0
298,"8/06/99",1,2930241,2,2,2,"Brother",1,0,1,1,0,1
299,"8/06/99",1,2930241,2,2,3,"Sister",3,0,0,1,2,0
300,"8/06/99",1,2930241,2,2,4,"Uncle",2,0,1,2,0,0
301,"8/06/99",1,2930241,2,2,5,"Aunt",3,0,1,3,0,1
302,"8/06/99",1,2930241,2,2,6,"Son",1,0,1,1,0,1
303,"8/06/99",1,2930241,2,2,7,"Daughter",1,1,0,0,1,1
304,"8/06/99",1,2930242,1,1,1,"Parents",2,1,2,2,0,2
305,"8/06/99",1,2930242,1,1,2,"Brother",1,0,1,1,0,0
306,"8/06/99",1,2930242,1,1,3,"Sister",1,0,0,0,1,0
307,"8/06/99",1,2930242,1,1,4,"Uncle",4,0,2,2,2,0
308,"8/06/99",1,2930242,2,2,1,"Parents",1,1,0,0,1,1
309,"8/06/99",1,2930242,2,2,2,"Brother",3,0,0,0,3,2
310,"8/06/99",1,2930242,2,2,3,"Sister",5,2,0,1,4,1
311,"8/06/99",1,2930242,2,2,4,"Uncle",4,3,0,1,3,2
312,"8/06/99",1,2930242,2,2,5,"Aunt",2,1,0,0,2,0
405,"8/06/99",1,2930251,3,1,1,"Parents",1,1,1,1,0,1
406,"8/06/99",1,2930251,3,1,3,"Sister",2,2,0,0,2,2
407,"8/06/99",1,2930251,3,1,4,"Uncle",4,4,4,4,0,4
408,"8/06/99",1,2930251,3,1,5,"Aunt",2,2,0,1,1,2
409,"8/06/99",1,2930251,8,2,1,"Parents",2,2,0,0,2,2
410,"8/06/99",1,2930251,8,2,2,"Brother",1,1,0,0,1,1
411,"8/06/99",1,2930251,8,2,4,"Uncle",4,4,0,0,4,1
412,"8/06/99",1,2930251,8,2,5,"Aunt",4,2,0,1,3,2
313,"8/06/99",1,2930341,1,1,1,"Parents",1,0,1,1,0,0
314,"8/06/99",1,2930341,1,1,2,"Brother",4,0,4,4,0,0
315,"8/06/99",1,2930341,1,1,4,"Uncle",1,0,1,1,0,0
316,"8/06/99",1,2930341,1,1,5,"Aunt",2,0,0,1,1,0
317,"8/06/99",1,2930341,2,2,1,"Parents",1,0,0,0,1,0
318,"8/06/99",1,2930341,2,2,2,"Brother",3,0,0,0,3,0
319,"8/06/99",1,2930341,2,2,3,"Sister",3,0,0,1,2,0
320,"8/06/99",1,2930341,2,2,4,"Uncle",5,0,0,0,5,0
321,"8/06/99",1,2930341,2,2,5,"Aunt",7,0,0,2,5,0
413,"8/06/99",1,2930351,1,1,2,"Brother",3,3,3,3,0,2
414,"8/06/99",1,2930351,1,1,3,"Sister",2,0,1,2,0,0
415,"8/06/99",1,2930351,1,1,5,"Aunt",2,2,0,2,0,0
416,"8/06/99",1,2930351,1,1,6,"Son",2,0,2,2,0,0
417,"8/06/99",1,2930351,2,2,1,"Parents",1,0,0,1,0,1
418,"8/06/99",1,2930351,2,2,5,"Aunt",1,0,0,1,0,0
419,"8/06/99",1,2930351,2,2,6,"Son",2,0,2,2,0,0
420,"8/06/99",1,2930352,1,1,1,"Parents",2,1,2,2,0,2
421,"8/06/99",1,2930352,1,1,2,"Brother",3,0,3,3,0,2
422,"8/06/99",1,2930352,1,1,4,"Uncle",6,6,3,3,3,0
423,"8/06/99",1,2930352,1,1,5,"Aunt",6,4,3,3,3,0
424,"8/06/99",1,2930352,2,2,1,"Parents",1,0,0,0,1,1
425,"8/06/99",1,2930352,2,2,4,"Uncle",2,2,0,0,2,0
426,"8/06/99",1,2930353,1,1,1,"Parents",2,1,2,2,0,2
427,"8/06/99",1,2930353,1,1,2,"Brother",3,0,3,3,0,2
428,"8/06/99",1,2930353,1,1,4,"Uncle",6,6,3,3,3,2
429,"8/06/99",1,2930353,1,1,5,"Aunt",6,4,1,3,3,0
430,"8/06/99",1,2930353,2,2,1,"Parents",2,1,2,2,0,2
431,"8/06/99",1,2930353,2,2,3,"Sister",2,2,0,0,2,2
432,"8/06/99",1,2930353,2,2,4,"Uncle",3,2,0,0,3,0
433,"8/06/99",1,2930353,2,2,5,"Aunt",5,0,0,0,5,0
322,"8/06/99",1,2930441,1,1,3,"Sister",1,1,1,1,0,1
323,"8/06/99",1,2930441,1,1,7,"Daughter",1,1,0,0,1,1
324,"8/06/99",1,2930441,2,2,2,"Brother",2,2,0,0,2,1
325,"8/06/99",1,2930441,2,2,3,"Sister",2,2,0,0,2,2
326,"8/06/99",1,2930441,2,2,4,"Uncle",3,2,0,2,1,0
327,"8/06/99",1,2930441,2,2,5,"Aunt",1,0,0,1,0,0
328,"8/06/99",1,2930441,2,2,7,"Daughter",1,1,0,0,1,1
434,"8/06/99",1,2930459,1,1,3,"Sister",2,0,0,0,2,0
435,"8/06/99",1,2930459,2,2,2,"Brother",1,0,1,1,0,0
436,"8/06/99",1,2930459,2,2,3,"Sister",4,1,0,2,2,0
329,"8/06/99",1,2930541,1,1,1,"Parents",1,0,1,1,0,0
330,"8/06/99",1,2930541,1,1,2,"Brother",1,1,1,1,0,1
331,"8/06/99",1,2930541,1,1,3,"Sister",3,3,0,2,1,1
332,"8/06/99",1,2930541,1,1,4,"Uncle",4,2,2,3,1,0
333,"8/06/99",1,2930541,1,1,5,"Aunt",2,2,0,0,2,0
334,"8/06/99",1,2930541,2,2,1,"Parents",2,1,0,2,0,1
335,"8/06/99",1,2930541,2,2,2,"Brother",1,0,0,1,0,1
336,"8/06/99",1,2930541,2,2,3,"Sister",1,1,1,1,0,1
337,"8/06/99",1,2930541,2,2,4,"Uncle",1,1,0,1,0,0
338,"8/06/99",1,2930541,2,2,5,"Aunt",4,3,0,2,2,0
339,"8/06/99",1,2930641,1,1,7,"Daughter",2,0,0,0,2,2
340,"8/06/99",1,2930641,2,2,7,"Daughter",2,0,0,0,2,2
341,"8/06/99",1,2930741,1,1,2,"Brother",2,0,1,1,1,0
342,"8/06/99",1,2930741,1,1,3,"Sister",1,0,0,1,0,0
343,"8/06/99",1,2930741,1,1,4,"Uncle",2,0,2,2,0,0
344,"8/06/99",1,2930741,1,1,5,"Aunt",1,0,1,1,0,0
345,"8/06/99",1,2930741,2,2,2,"Brother",3,2,0,3,0,1
346,"8/06/99",1,2930741,2,2,3,"Sister",1,0,0,0,1,1
347,"8/06/99",1,2930841,1,1,2,"Brother",2,0,1,1,1,0
348,"8/06/99",1,2930841,1,1,3,"Sister",1,0,0,1,0,0
349,"8/06/99",1,2930841,1,1,4,"Uncle",2,0,2,2,0,0
350,"8/06/99",1,2930841,1,1,5,"Aunt",1,0,1,1,0,0
351,"8/06/99",1,2930841,2,2,2,"Brother",1,0,0,0,1,1
352,"8/06/99",1,2930941,1,1,1,"Parents",1,0,0,1,0,0
353,"8/06/99",1,2930941,1,1,2,"Brother",3,3,0,0,3,1
354,"8/06/99",1,2930941,1,1,3,"Sister",2,2,0,1,1,0
355,"8/06/99",1,2930941,1,1,4,"Uncle",1,0,1,1,0,0
356,"8/06/99",1,2930941,2,2,1,"Parents",1,1,0,0,1,1
357,"8/06/99",1,2930941,2,2,2,"Brother",1,1,0,0,1,1
358,"8/06/99",1,2930941,2,2,3,"Sister",2,2,1,1,1,1
359,"8/06/99",1,2930941,2,2,4,"Uncle",4,4,0,0,4,0
360,"8/06/99",1,2930941,2,2,5,"Aunt",1,0,0,0,1,0
361,"8/06/99",1,2931041,1,1,2,"Brother",1,0,0,1,0,1
362,"8/06/99",1,2931041,1,1,3,"Sister",1,0,0,1,0,0
363,"8/06/99",1,2931041,1,1,7,"Daughter",1,0,0,1,0,1
364,"8/06/99",1,2931141,1,1,3,"Sister",1,1,0,0,1,1
365,"8/06/99",1,2931141,1,1,7,"Daughter",2,0,1,2,0,2
366,"8/06/99",1,2931241,1,1,1,"Parents",1,0,1,1,0,0
367,"8/06/99",1,2931241,1,1,2,"Brother",1,0,0,0,1,0
368,"8/06/99",1,2931241,1,1,5,"Aunt",4,0,0,0,4,0
369,"8/06/99",1,2931241,2,2,1,"Parents",1,1,0,0,1,1
370,"8/06/99",1,2931241,2,2,2,"Brother",3,0,0,0,3,3
371,"8/06/99",1,2931241,2,2,3,"Sister",2,1,0,0,2,2
372,"8/06/99",1,2931241,2,2,4,"Uncle",2,0,0,0,2,0
373,"8/06/99",1,2931241,2,2,5,"Aunt",5,2,0,0,5,0
374,"8/06/99",1,2931341,1,1,1,"Parents",1,0,1,1,0,0
375,"8/06/99",1,2931341,1,1,2,"Brother",1,1,1,1,0,0
376,"8/06/99",1,2931341,1,1,3,"Sister",1,0,0,0,1,0
377,"8/06/99",1,2931341,2,2,1,"Parents",1,0,1,1,0,1
378,"8/06/99",1,2931341,2,2,2,"Brother",1,1,1,1,0,1
379,"8/06/99",1,2931341,2,2,3,"Sister",3,1,2,3,0,1
380,"8/06/99",1,2931341,2,2,5,"Aunt",3,2,0,1,2,0
381,"8/06/99",1,2931441,1,1,1,"Parents",1,0,1,1,0,0
382,"8/06/99",1,2931441,1,1,2,"Brother",1,0,1,1,0,0
383,"8/06/99",1,2931441,2,2,2,"Brother",3,0,0,0,3,2
384,"8/06/99",1,2931441,2,2,3,"Sister",1,0,0,0,1,1
385,"8/06/99",1,2931541,3,1,1,"Parents",1,0,1,1,0,0
386,"8/06/99",1,2931541,3,1,2,"Brother",1,0,1,1,0,0
387,"8/06/99",1,2931541,4,2,1,"Parents",1,0,0,0,1,0
388,"8/06/99",1,2931541,4,2,2,"Brother",2,0,0,0,2,1
389,"8/06/99",1,2931541,4,2,4,"Uncle",2,0,0,0,2,0
390,"8/06/99",1,2931641,1,1,2,"Brother",1,1,1,1,0,1
391,"8/06/99",1,2931641,1,1,4,"Uncle",2,2,2,2,0,0
392,"8/06/99",1,2931641,1,1,5,"Aunt",3,2,2,2,1,2
393,"8/06/99",1,2931641,2,2,1,"Parents",2,2,0,2,0,2
394,"8/06/99",1,2931641,2,2,2,"Brother",4,4,0,4,0,4
395,"8/06/99",1,2931641,2,2,3,"Sister",4,3,0,4,0,2
396,"8/06/99",1,2931641,2,2,4,"Uncle",3,1,0,2,1,2
397,"8/06/99",1,2931641,2,2,5,"Aunt",3,3,0,3,0,1
1,"7/07/99",1,3010119,1,1,2,"Brother",2,2,2,2,0,1
2,"8/16/99",1,3010119,1,1,3,"Sister",3,2,0,3,0,1
3,"8/16/99",1,3010119,1,1,4,"Uncle",5,2,2,2,3,1
4,"8/16/99",1,3010119,1,1,5,"Aunt",1,0,0,1,0,0
5,"8/16/99",1,3010119,2,2,2,"Brother",5,0,0,4,1,1
6,"8/16/99",1,3010119,2,2,3,"Sister",2,0,0,1,1,0
7,"8/16/99",1,3010119,2,2,4,"Uncle",5,3,1,2,2,0
8,"8/16/99",1,3010119,2,2,5,"Aunt",1,1,0,1,0,0
91,"8/16/99",1,3010149,2,1,2,"Brother",4,2,0,1,3,0
92,"8/16/99",1,3010149,2,1,3,"Sister",7,4,2,2,3,0
93,"8/16/99",1,3010149,2,1,4,"Uncle",1,1,0,0,1,0
94,"8/16/99",1,3010149,2,1,5,"Aunt",2,1,0,0,2,0
95,"8/16/99",1,3010149,2,1,7,"Daughter",3,3,1,1,2,1
133,"8/16/99",1,3010159,1,1,1,"Parents",1,1,1,1,0,0
134,"8/16/99",1,3010159,1,1,2,"Brother",3,3,3,3,0,1
135,"8/16/99",1,3010159,1,1,3,"Sister",2,2,0,2,0,1
136,"8/16/99",1,3010159,1,1,4,"Uncle",3,3,0,3,0,0
137,"8/16/99",1,3010159,1,1,5,"Aunt",1,1,0,1,0,0
138,"8/16/99",1,3010159,1,2,2,"Brother",4,4,0,4,0,2
139,"8/16/99",1,3010159,1,2,3,"Sister",2,2,0,2,0,0
140,"8/16/99",1,3010159,1,2,4,"Uncle",5,3,0,3,2,0
141,"8/16/99",1,3010159,1,2,5,"Aunt",3,3,0,3,0,0
9,"8/16/99",1,3010219,1,1,1,"Parents",1,0,1,1,0,0
10,"8/16/99",1,3010219,1,1,2,"Brother",5,0,5,5,0,1
11,"8/16/99",1,3010219,1,1,3,"Sister",2,0,0,1,1,0
12,"8/16/99",1,3010219,1,1,4,"Uncle",2,2,0,0,2,0
13,"8/16/99",1,3010219,1,1,5,"Aunt",1,0,0,1,0,0
14,"8/16/99",1,3010219,1,1,6,"Son",1,0,1,1,0,0
15,"8/16/99",1,3010219,2,2,1,"Parents",1,1,0,1,0,0
16,"8/16/99",1,3010219,2,2,2,"Brother",3,0,0,1,2,1
17,"8/16/99",1,3010219,2,2,3,"Sister",3,0,0,3,0,1
18,"8/16/99",1,3010219,2,2,6,"Son",1,0,1,1,0,0
96,"8/16/99",1,3010249,1,1,2,"Brother",4,0,4,4,0,1
97,"8/16/99",1,3010249,1,1,3,"Sister",1,0,0,0,1,0
98,"8/16/99",1,3010249,1,1,4,"Uncle",1,0,0,1,0,0
99,"8/16/99",1,3010249,2,2,1,"Parents",1,0,0,1,0,0
100,"8/16/99",1,3010249,2,2,2,"Brother",1,0,0,1,0,0
101,"8/16/99",1,3010249,2,2,3,"Sister",3,1,0,2,0,0
102,"8/16/99",1,3010249,2,2,4,"Uncle",2,0,0,2,0,0
103,"8/16/99",1,3010249,2,2,5,"Aunt",3,0,0,3,0,0
143,"8/16/99",1,3010259,2,1,3,"Sister",3,3,0,1,2,1
143,"8/16/99",1,3010259,2,1,4,"Uncle",2,2,0,1,1,0
144,"8/16/99",1,3010259,2,1,5,"Aunt",2,2,0,1,1,0
145,"8/16/99",1,3010259,2,1,7,"Daughter",2,2,1,1,0,1
146,"8/16/99",1,3010259,2,2,3,"Sister",2,2,1,1,0,0
147,"8/16/99",1,3010259,2,2,4,"Uncle",2,2,1,1,0,1
148,"8/16/99",1,3010259,2,2,5,"Aunt",3,3,1,2,0,0
149,"8/16/99",1,3010259,2,2,7,"Daughter",2,2,1,1,0,0
19,"8/16/99",1,3010319,1,1,1,"Parents",1,0,1,1,0,0
20,"8/16/99",1,3010319,1,1,2,"Brother",2,0,2,2,0,0
21,"8/16/99",1,3010319,1,1,3,"Sister",3,0,1,2,0,0
22,"8/16/99",1,3010319,1,1,5,"Aunt",2,0,2,2,0,0
23,"8/16/99",1,3010319,2,2,1,"Parents",1,0,0,1,0,0
24,"8/16/99",1,3010319,2,2,2,"Brother",3,0,0,3,0,1
25,"8/16/99",1,3010319,2,2,3,"Sister",2,0,0,2,0,0
26,"8/16/99",1,3010319,2,2,4,"Uncle",5,0,0,5,0,0
27,"8/16/99",1,3010319,2,2,5,"Aunt",4,0,0,4,0,0
104,"8/16/99",1,3010349,2,1,1,"Parents",1,0,1,1,0,0
105,"8/16/99",1,3010349,2,1,2,"Brother",2,2,2,2,0,1
106,"8/16/99",1,3010349,2,1,3,"Sister",5,0,1,2,2,0
107,"8/16/99",1,3010349,2,1,4,"Uncle",1,1,1,1,0,1
108,"8/16/99",1,3010349,2,1,5,"Aunt",1,1,0,0,1,0
109,"8/16/99",1,3010349,2,2,2,"Brother",5,5,0,5,0,2
110,"8/16/99",1,3010349,2,2,3,"Sister",4,4,0,4,0,1
111,"8/16/99",1,3010349,2,2,4,"Uncle",5,5,0,5,0,0
112,"8/16/99",1,3010349,2,2,5,"Aunt",5,5,0,5,0,0
150,"8/16/99",1,3010359,2,1,1,"Parents",1,1,1,1,0,0
151,"8/16/99",1,3010359,2,1,2,"Brother",3,0,0,0,3,1
152,"8/16/99",1,3010359,2,1,3,"Sister",2,2,1,1,0,1
153,"8/16/99",1,3010359,2,1,4,"Uncle",3,3,0,3,0,0
154,"8/16/99",1,3010359,2,1,5,"Aunt",1,1,0,1,0,0
155,"8/16/99",1,3010359,2,2,1,"Parents",2,2,0,2,0,0
156,"8/16/99",1,3010359,2,2,2,"Brother",4,3,0,2,2,2
157,"8/16/99",1,3010359,2,2,3,"Sister",4,3,0,1,3,0
158,"8/16/99",1,3010359,2,2,4,"Uncle",8,5,0,8,0,0
159,"8/16/99",1,3010359,2,2,5,"Aunt",5,4,2,2,1,0
28,"8/16/99",1,3010419,1,1,1,"Parents",1,0,1,1,0,0
29,"8/16/99",1,3010419,1,1,2,"Brother",3,0,3,3,0,1
30,"8/16/99",1,3010419,1,1,3,"Sister",2,1,2,2,0,1
31,"8/16/99",1,3010419,1,1,4,"Uncle",2,1,1,1,0,0
32,"8/16/99",1,3010419,1,1,5,"Aunt",4,3,0,4,0,0
33,"8/16/99",1,3010419,2,2,1,"Parents",1,0,0,1,0,1
34,"8/16/99",1,3010419,2,2,2,"Brother",3,3,0,3,0,1
35,"8/16/99",1,3010419,2,2,3,"Sister",1,1,0,1,0,0
36,"8/16/99",1,3010419,2,2,4,"Uncle",7,5,0,7,0,1
37,"8/16/99",1,3010419,2,2,5,"Aunt",2,1,0,2,0,0
113,"8/16/99",1,3010449,1,1,1,"Parents",1,0,0,1,0,0
114,"8/16/99",1,3010449,1,1,2,"Brother",3,1,0,3,0,2
115,"8/16/99",1,3010449,1,1,3,"Sister",7,2,3,5,0,0
116,"8/16/99",1,3010449,1,1,4,"Uncle",1,0,0,1,0,0
117,"8/16/99",1,3010449,1,1,5,"Aunt",3,1,1,1,0,0
118,"8/16/99",1,3010449,1,1,7,"Daughter",1,0,0,1,0,0
160,"8/16/99",1,3010459,1,1,4,"Uncle",1,0,1,1,0,0
161,"8/16/99",1,3010459,1,1,5,"Aunt",1,0,0,1,0,0
162,"8/16/99",1,3010459,1,1,6,"Son",1,0,1,1,0,0
163,"8/16/99",1,3010459,1,1,7,"Daughter",2,0,0,1,1,1
164,"8/16/99",1,3010459,1,2,1,"Parents",1,0,0,0,1,0
165,"8/16/99",1,3010459,1,2,2,"Brother",2,0,0,0,2,0
166,"8/16/99",1,3010459,1,2,3,"Sister",1,0,0,1,0,0
167,"8/16/99",1,3010459,1,2,4,"Uncle",1,0,0,0,1,0
168,"8/16/99",1,3010459,1,2,6,"Son",1,0,1,1,0,0
169,"8/16/99",1,3010459,1,2,7,"Daughter",2,0,0,1,1,0
38,"8/16/99",1,3010519,1,1,1,"Parents",2,1,2,2,0,0
39,"8/16/99",1,3010519,1,1,2,"Brother",3,2,3,3,0,2
40,"8/16/99",1,3010519,1,1,3,"Sister",4,2,1,3,0,1
41,"8/16/99",1,3010519,1,1,4,"Uncle",2,0,0,2,0,1
42,"8/16/99",1,3010519,1,1,5,"Aunt",1,0,0,1,0,0
43,"8/16/99",1,3010519,1,1,7,"Daughter",3,0,1,2,0,0
44,"8/16/99",1,3010519,2,2,1,"Parents",1,0,0,1,0,0
45,"8/16/99",1,3010519,2,2,2,"Brother",3,0,0,3,0,1
46,"8/16/99",1,3010519,2,2,3,"Sister",7,2,3,4,0,0
47,"8/16/99",1,3010519,2,2,4,"Uncle",1,0,0,1,0,0
48,"8/16/99",1,3010519,2,2,5,"Aunt",2,2,0,2,0,0
49,"8/16/99",1,3010519,2,2,7,"Daughter",3,0,1,2,0,1
119,"8/16/99",1,3010549,1,1,1,"Parents",1,0,1,1,0,0
120,"8/16/99",1,3010549,1,1,2,"Brother",3,0,3,3,0,0
121,"8/16/99",1,3010549,2,2,1,"Parents",1,0,0,1,0,0
122,"8/16/99",1,3010549,2,2,2,"Brother",2,2,0,2,0,2
123,"8/16/99",1,3010549,2,2,3,"Sister",4,4,2,2,0,1
124,"8/16/99",1,3010549,2,2,5,"Aunt",2,0,0,2,0,0
50,"8/16/99",1,3010619,1,1,2,"Brother",3,2,3,3,0,1
51,"8/16/99",1,3010619,1,1,3,"Sister",4,2,2,2,0,0
52,"8/16/99",1,3010619,1,1,4,"Uncle",3,1,2,2,0,0
53,"8/16/99",1,3010619,1,1,5,"Aunt",2,1,1,1,0,0
54,"8/16/99",1,3010619,2,2,1,"Parents",2,1,0,2,0,0
55,"8/16/99",1,3010619,2,2,2,"Brother",5,1,0,5,0,2
56,"8/16/99",1,3010619,2,2,3,"Sister",5,1,0,2,3,0
57,"8/16/99",1,3010619,2,2,4,"Uncle",5,2,0,2,3,2
58,"8/16/99",1,3010619,2,2,5,"Aunt",3,1,0,2,1,0
125,"8/16/99",1,3010649,1,1,1,"Parents",1,0,0,0,1,0
126,"8/16/99",1,3010649,1,1,2,"Brother",5,5,0,0,5,2
127,"8/16/99",1,3010649,1,1,3,"Sister",2,2,1,1,1,1
128,"8/16/99",1,3010649,1,1,5,"Aunt",3,3,0,0,3,0
129,"8/16/99",1,3010649,1,2,2,"Brother",4,2,2,2,2,2
130,"8/16/99",1,3010649,1,2,3,"Sister",2,2,1,1,1,1
131,"8/16/99",1,3010649,1,2,4,"Uncle",2,0,2,2,0,0
132,"8/16/99",1,3010649,1,2,5,"Aunt",4,2,0,3,1,0
59,"8/16/99",1,3010719,1,1,1,"Parents",2,0,2,2,0,0
60,"8/16/99",1,3010719,1,1,2,"Brother",3,0,3,3,0,1
61,"8/16/99",1,3010719,1,1,3,"Sister",3,1,0,3,0,0
62,"8/16/99",1,3010719,1,1,4,"Uncle",2,1,2,2,0,0
63,"8/16/99",1,3010719,1,1,5,"Aunt",1,0,0,1,0,0
64,"8/16/99",1,3010719,2,2,1,"Parents",2,0,0,2,0,0
65,"8/16/99",1,3010719,2,2,2,"Brother",1,0,0,1,0,0
66,"8/16/99",1,3010719,2,2,3,"Sister",1,0,0,1,0,0
67,"8/16/99",1,3010719,2,2,5,"Aunt",1,0,0,1,0,0
68,"8/16/99",1,3010839,1,1,2,"Brother",3,3,0,3,0,2
69,"8/16/99",1,3010839,1,1,3,"Sister",2,1,0,2,0,0
70,"8/16/99",1,3010839,1,1,5,"Aunt",2,0,0,0,2,0
71,"8/16/99",1,3010919,1,1,2,"Brother",4,0,4,4,0,2
72,"8/16/99",1,3010919,1,1,3,"Sister",1,0,0,0,1,0
73,"8/16/99",1,3010919,1,1,4,"Uncle",1,0,0,1,0,0
74,"8/16/99",1,3010919,1,2,1,"Parents",1,0,0,1,0,0
75,"8/16/99",1,3010919,1,2,2,"Brother",2,0,0,2,0,1
76,"8/16/99",1,3010919,1,2,3,"Sister",1,0,0,1,0,0
77,"8/16/99",1,3010919,1,2,4,"Uncle",2,0,0,2,0,0
78,"8/16/99",1,3010919,1,2,5,"Aunt",2,0,0,2,0,0
79,"8/16/99",1,3011019,1,1,2,"Brother",5,1,5,5,0,1
80,"8/16/99",1,3011019,1,1,3,"Sister",1,0,0,1,0,1
81,"8/16/99",1,3011019,1,2,2,"Brother",5,3,0,2,3,2
82,"8/16/99",1,3011019,1,2,3,"Sister",2,0,2,2,0,1
83,"8/16/99",1,3011019,1,2,4,"Uncle",2,0,0,0,2,0
84,"8/16/99",1,3011119,1,1,2,"Brother",2,0,2,2,0,2
85,"8/16/99",1,3011119,1,1,3,"Sister",1,0,0,1,0,0
86,"8/16/99",1,3011119,1,1,7,"Daughter",1,0,0,1,0,0
87,"8/16/99",1,3011119,2,2,2,"Brother",2,0,0,2,0,0
88,"8/16/99",1,3011119,2,2,3,"Sister",1,0,0,1,0,0
89,"8/16/99",1,3011119,2,2,5,"Aunt",2,0,0,0,0,0
90,"8/16/99",1,3011119,2,2,7,"Daughter",1,0,0,1,0,0
170,"8/16/99",1,3020139,1,1,2,"Brother",1,0,0,1,0,0
171,"8/23/99",1,3020139,1,1,4,"Uncle",1,0,1,1,0,1
172,"8/23/99",1,3020139,2,2,1,"Parents",1,0,1,1,0,1
173,"8/23/99",1,3020139,2,2,5,"Aunt",1,0,0,1,0,0
244,"8/23/99",1,3020149,1,1,2,"Brother",2,0,2,2,0,1
245,"8/23/99",1,3020149,1,1,7,"Daughter",1,0,0,1,0,1
246,"8/23/99",1,3020149,2,2,1,"Parents",2,0,0,2,0,0
247,"8/23/99",1,3020149,2,2,2,"Brother",2,2,0,2,0,0
248,"8/23/99",1,3020149,2,2,3,"Sister",3,2,0,3,0,1
249,"8/23/99",1,3020149,2,2,4,"Uncle",4,1,0,4,0,0
250,"8/23/99",1,3020149,2,2,7,"Daughter",1,0,0,1,0,0
296,"8/23/99",1,3020159,1,1,4,"Uncle",1,1,1,1,0,0
297,"8/23/99",1,3020159,1,1,7,"Daughter",2,2,0,2,0,2
298,"8/23/99",1,3020159,1,2,1,"Parents",2,2,2,2,0,0
299,"8/23/99",1,3020159,1,2,2,"Brother",3,3,3,3,0,1
300,"8/23/99",1,3020159,1,2,3,"Sister",3,3,0,3,0,0
301,"8/23/99",1,3020159,1,2,4,"Uncle",5,3,3,3,0,0
302,"8/23/99",1,3020159,1,2,5,"Aunt",5,2,3,3,0,0
303,"8/23/99",1,3020159,1,2,7,"Daughter",2,2,0,2,0,2
174,"8/23/99",1,3020239,1,1,2,"Brother",4,0,0,4,0,1
175,"8/23/99",1,3020239,1,1,3,"Sister",5,0,0,5,0,0
176,"8/23/99",1,3020239,1,1,4,"Uncle",5,1,2,3,0,1
177,"8/23/99",1,3020239,2,2,1,"Parents",1,0,0,1,0,0
178,"8/23/99",1,3020239,2,2,2,"Brother",3,0,0,3,0,2
179,"8/23/99",1,3020239,2,2,3,"Sister",3,0,0,3,0,2
180,"8/23/99",1,3020239,2,2,4,"Uncle",9,6,0,9,0,2
181,"8/23/99",1,3020239,2,2,5,"Aunt",4,4,0,4,0,0
251,"8/23/99",1,3020249,1,1,2,"Brother",2,0,0,2,0,1
252,"8/23/99",1,3020249,1,1,3,"Sister",2,0,0,2,0,0
253,"8/23/99",1,3020249,1,1,4,"Uncle",3,0,0,3,0,0
254,"8/23/99",1,3020249,1,1,5,"Aunt",2,0,0,2,0,0
255,"8/23/99",1,3020249,1,2,2,"Brother",1,0,1,1,0,1
256,"8/23/99",1,3020249,1,2,3,"Sister",1,0,1,1,0,1
257,"8/23/99",1,3020249,1,2,4,"Uncle",2,0,2,2,0,1
258,"8/23/99",1,3020249,1,2,5,"Aunt",2,0,2,2,0,1
304,"8/23/99",1,3020259,1,1,2,"Brother",2,2,2,2,0,1
305,"8/23/99",1,3020259,1,1,3,"Sister",3,0,0,0,3,1
306,"8/23/99",1,3020259,2,2,1,"Parents",1,1,0,1,0,0
307,"8/23/99",1,3020259,2,2,2,"Brother",2,2,0,2,0,0
308,"8/23/99",1,3020259,2,2,3,"Sister",1,1,0,1,0,0
309,"8/23/99",1,3020259,2,2,4,"Uncle",2,2,0,2,0,0
310,"8/23/99",1,3020259,2,2,5,"Aunt",2,1,1,1,0,0
182,"8/23/99",1,3020339,1,1,1,"Parents",2,0,0,2,0,0
183,"8/23/99",1,3020339,1,1,2,"Brother",5,0,0,5,0,0
184,"8/23/99",1,3020339,1,1,3,"Sister",3,0,0,3,0,0
185,"8/23/99",1,3020339,1,1,4,"Uncle",5,0,0,5,0,0
186,"8/23/99",1,3020339,1,1,5,"Aunt",2,1,0,2,0,0
187,"8/23/99",1,3020339,2,2,1,"Parents",2,0,2,2,0,0
188,"8/23/99",1,3020339,2,2,2,"Brother",1,0,1,1,0,0
189,"8/23/99",1,3020339,2,2,4,"Uncle",2,0,2,2,0,1
190,"8/23/99",1,3020339,2,2,5,"Aunt",3,0,3,3,0,1
259,"8/23/99",1,3020349,1,1,1,"Parents",1,0,1,1,0,0
260,"8/23/99",1,3020349,1,1,2,"Brother",3,0,3,3,0,1
261,"8/23/99",1,3020349,1,1,3,"Sister",1,0,0,1,0,1
262,"8/23/99",1,3020349,1,1,4,"Uncle",1,0,1,1,0,0
263,"8/23/99",1,3020349,1,1,5,"Aunt",2,2,0,0,2,0
264,"8/23/99",1,3020349,2,2,2,"Brother",3,2,0,3,0,1
265,"8/23/99",1,3020349,2,2,5,"Aunt",2,1,0,2,0,0
311,"8/23/99",1,3020359,2,1,1,"Parents",1,1,1,1,0,0
312,"8/23/99",1,3020359,2,1,3,"Sister",3,3,0,3,0,1
313,"8/23/99",1,3020359,2,1,4,"Uncle",3,3,1,2,0,0
314,"8/23/99",1,3020359,2,1,5,"Aunt",4,4,0,4,0,1
315,"8/23/99",1,3020359,2,2,1,"Parents",1,1,1,1,0,1
316,"8/23/99",1,3020359,2,2,2,"Brother",2,2,2,2,0,0
317,"8/23/99",1,3020359,2,2,3,"Sister",2,2,2,2,0,2
318,"8/23/99",1,3020359,2,2,5,"Aunt",3,3,3,3,0,1
191,"8/23/99",1,3020439,1,1,1,"Parents",1,0,1,1,0,0
192,"8/23/99",1,3020439,1,1,2,"Brother",3,0,3,3,0,2
193,"8/23/99",1,3020439,1,1,3,"Sister",1,0,0,1,0,0
194,"8/23/99",1,3020439,1,1,4,"Uncle",6,4,0,6,0,2
195,"8/23/99",1,3020439,1,1,5,"Aunt",1,1,1,1,0,0
196,"8/23/99",1,3020439,2,2,2,"Brother",2,2,0,2,0,2
197,"8/23/99",1,3020439,2,2,3,"Sister",1,1,0,1,0,0
198,"8/23/99",1,3020439,2,2,4,"Uncle",3,3,0,3,0,0
199,"8/23/99",1,3020439,2,2,5,"Aunt",5,4,0,5,0,0
266,"8/23/99",1,3020449,1,1,1,"Parents",1,0,1,1,0,0
267,"8/23/99",1,3020449,1,1,2,"Brother",1,0,0,0,1,0
268,"8/23/99",1,3020449,1,1,3,"Sister",1,0,0,1,0,0
269,"8/23/99",1,3020449,1,1,4,"Uncle",2,1,0,2,0,0
270,"8/23/99",1,3020449,1,1,5,"Aunt",2,0,0,2,0,0
271,"8/23/99",1,3020449,2,2,1,"Parents",2,0,2,2,0,1
272,"8/23/99",1,3020449,2,2,2,"Brother",2,1,2,2,0,0
273,"8/23/99",1,3020449,2,2,3,"Sister",1,0,1,1,0,0
274,"8/23/99",1,3020449,2,2,4,"Uncle",3,1,3,3,0,0
275,"8/23/99",1,3020449,2,2,5,"Aunt",3,0,1,1,0,0
319,"8/23/99",1,3020459,1,1,1,"Parents",1,1,0,1,0,1
320,"8/23/99",1,3020459,1,1,2,"Brother",3,3,3,3,0,1
321,"8/23/99",1,3020459,1,1,3,"Sister",2,2,0,2,0,1
322,"8/23/99",1,3020459,1,1,7,"Daughter",3,3,1,2,0,0
323,"8/23/99",1,3020459,1,2,1,"Parents",1,1,0,1,0,1
324,"8/23/99",1,3020459,1,2,2,"Brother",3,3,0,3,0,1
325,"8/23/99",1,3020459,1,2,3,"Sister",5,5,0,5,0,1
326,"8/23/99",1,3020459,1,2,7,"Daughter",3,3,1,2,0,0
200,"8/23/99",1,3020539,1,1,2,"Brother",1,1,0,1,0,0
201,"8/23/99",1,3020539,1,1,3,"Sister",2,1,0,2,0,1
202,"8/23/99",1,3020539,1,1,4,"Uncle",2,1,0,2,0,0
203,"8/23/99",1,3020539,1,1,5,"Aunt",2,1,0,2,0,0
204,"8/23/99",1,3020539,1,2,2,"Brother",1,0,1,1,0,0
205,"8/23/99",1,3020539,1,2,3,"Sister",1,0,1,1,0,1
206,"8/23/99",1,3020539,1,2,7,"Daughter",1,0,1,1,0,0
276,"8/23/99",1,3020549,1,1,2,"Brother",5,2,5,5,0,1
277,"8/23/99",1,3020549,1,1,3,"Sister",3,1,1,2,0,1
278,"8/23/99",1,3020549,1,1,4,"Uncle",2,0,1,1,0,0
279,"8/23/99",1,3020549,1,1,5,"Aunt",2,1,0,2,0,0
280,"8/23/99",1,3020549,2,2,3,"Sister",7,5,0,7,0,0
207,"8/23/99",1,3020639,1,1,2,"Brother",4,0,4,4,0,1
208,"8/23/99",1,3020639,1,1,3,"Sister",1,0,0,0,1,1
209,"8/23/99",1,3020639,1,1,4,"Uncle",2,0,0,1,1,0
210,"8/23/99",1,3020639,1,1,5,"Aunt",2,0,2,2,0,1
211,"8/23/99",1,3020639,2,2,1,"Parents",2,0,2,2,0,1
212,"8/23/99",1,3020639,2,2,2,"Brother",3,0,3,3,0,1
213,"8/23/99",1,3020639,2,2,3,"Sister",2,0,2,2,0,1
214,"8/23/99",1,3020639,2,2,4,"Uncle",8,0,8,8,0,0
215,"8/23/99",1,3020639,2,2,5,"Aunt",7,0,2,3,2,0
281,"8/23/99",1,3020649,1,1,1,"Parents",2,0,2,2,0,0
282,"8/23/99",1,3020649,1,1,2,"Brother",3,3,2,2,1,1
283,"8/23/99",1,3020649,1,1,3,"Sister",1,0,0,1,0,1
284,"8/23/99",1,3020649,1,1,4,"Uncle",5,5,1,4,0,1
285,"8/23/99",1,3020649,1,1,5,"Aunt",3,0,0,3,0,0
286,"8/23/99",1,3020649,2,2,1,"Parents",1,0,0,1,0,0
287,"8/23/99",1,3020649,2,2,2,"Brother",3,3,0,1,0,1
288,"8/23/99",1,3020649,2,2,3,"Sister",1,1,0,1,0,1
289,"8/23/99",1,3020649,2,2,4,"Uncle",3,3,0,3,0,0
290,"8/23/99",1,3020649,2,2,5,"Aunt",6,4,0,6,0,0
216,"8/23/99",1,3020739,1,1,2,"Brother",4,1,0,4,0,2
217,"8/23/99",1,3020739,1,1,3,"Sister",1,0,0,1,0,0
218,"8/23/99",1,3020739,1,1,5,"Aunt",1,0,0,1,0,0
219,"8/23/99",1,3020739,1,2,2,"Brother",2,0,2,2,0,0
220,"8/23/99",1,3020739,1,2,3,"Sister",1,0,1,1,0,0
221,"8/23/99",1,3020739,1,2,4,"Uncle",2,0,2,2,0,0
222,"8/23/99",1,3020739,1,2,5,"Aunt",2,0,2,2,0,0
291,"8/23/99",1,3020749,2,1,3,"Sister",1,0,0,0,1,0
292,"8/23/99",1,3020749,2,1,4,"Uncle",1,0,0,0,1,0
293,"8/23/99",1,3020749,2,2,3,"Sister",1,0,0,1,0,0
294,"8/23/99",1,3020749,2,2,4,"Uncle",1,0,0,1,0,0
295,"8/23/99",1,3020749,2,2,5,"Aunt",1,0,0,1,0,0
223,"8/23/99",1,3020839,1,1,2,"Brother",2,0,0,2,0,1
224,"8/23/99",1,3020839,1,1,3,"Sister",1,0,0,0,1,1
225,"8/23/99",1,3020839,2,2,1,"Parents",2,0,2,2,0,0
226,"8/23/99",1,3020839,2,2,2,"Brother",3,2,1,1,2,1
227,"8/23/99",1,3020839,2,2,3,"Sister",2,0,1,1,0,0
228,"8/23/99",1,3020839,2,2,4,"Uncle",4,3,0,3,1,0
229,"8/23/99",1,3020839,2,2,7,"Daughter",1,0,1,1,0,1
230,"8/23/99",1,3020939,1,1,2,"Brother",3,0,2,2,1,1
231,"8/23/99",1,3020939,1,1,3,"Sister",5,0,1,1,4,1
232,"8/23/99",1,3020939,2,2,1,"Parents",1,0,0,1,0,0
233,"8/23/99",1,3020939,2,2,2,"Brother",4,1,0,4,0,1
234,"8/23/99",1,3020939,2,2,3,"Sister",2,1,0,1,0,0
235,"8/23/99",1,3021039,1,1,2,"Brother",1,1,1,1,0,1
236,"8/23/99",1,3021039,1,1,3,"Sister",1,0,1,1,0,0
237,"8/23/99",1,3021039,1,1,4,"Uncle",2,1,2,2,0,1
238,"8/23/99",1,3021039,1,1,5,"Aunt",1,1,1,1,0,0
239,"8/23/99",1,3021039,2,2,2,"Brother",2,2,2,2,0,1
240,"8/23/99",1,3021039,2,2,3,"Sister",3,1,2,2,0,1
241,"8/23/99",1,3021039,2,2,4,"Uncle",3,2,2,2,0,0
242,"8/23/99",1,3021039,2,2,5,"Aunt",5,0,1,4,0,0
243,"8/23/99",1,3021039,2,2,7,"Daughter",1,1,0,1,0,0
424,"9/21/99",1,3030139,1,1,2,"Brother",3,1,0,2,0,2
425,"9/21/99",1,3030139,1,1,3,"Sister",2,0,0,2,0,1
426,"9/21/99",1,3030139,1,1,5,"Aunt",2,0,0,2,0,0
427,"9/21/99",1,3030139,1,1,6,"Son",2,0,0,2,0,2
428,"9/21/99",1,3030139,1,2,3,"Sister",1,0,1,0,0,1
429,"9/21/99",1,3030139,1,2,4,"Uncle",1,0,1,0,0,0
430,"9/21/99",1,3030139,1,2,6,"Son",2,0,2,0,0,2
464,"9/22/99",1,3030149,1,1,1,"Parents",1,0,1,0,0,0
465,"9/22/99",1,3030149,1,1,2,"Brother",2,0,2,0,0,1
466,"9/22/99",1,3030149,1,1,3,"Sister",2,0,2,0,0,0
467,"9/22/99",1,3030149,1,1,4,"Uncle",1,0,1,0,0,0
468,"9/22/99",1,3030149,1,1,5,"Aunt",2,0,2,0,0,0
469,"9/22/99",1,3030149,2,2,1,"Parents",1,0,0,1,0,1
470,"9/22/99",1,3030149,2,2,2,"Brother",3,0,0,3,0,1
471,"9/22/99",1,3030149,2,2,4,"Uncle",1,0,0,1,0,0
472,"9/22/99",1,3030149,2,2,5,"Aunt",4,0,0,4,0,0
559,"9/26/99",1,3030159,2,1,2,"Brother",1,1,0,1,0,1
560,"9/26/99",1,3030159,2,1,3,"Sister",1,1,0,1,0,0
561,"9/26/99",1,3030159,2,1,4,"Uncle",1,1,0,1,0,1
562,"9/26/99",1,3030159,2,1,5,"Aunt",1,1,0,1,0,0
563,"9/26/99",1,3030159,2,1,6,"Son",1,1,0,1,0,1
564,"9/26/99",1,3030159,2,2,2,"Brother",1,1,1,0,0,0
565,"9/26/99",1,3030159,2,2,3,"Sister",1,1,1,0,0,0
566,"9/26/99",1,3030159,1.79769313486232e+308,2,7,"Daughter",1,1,0,1,0,0
431,"9/21/99",1,3030239,1,1,1,"Parents",1,0,1,0,0,0
432,"9/21/99",1,3030239,1,1,2,"Brother",2,0,2,0,0,0
433,"9/21/99",1,3030239,1,1,3,"Sister",2,0,2,0,0,2
434,"9/21/99",1,3030239,1,1,4,"Uncle",5,0,5,0,0,0
435,"9/21/99",1,3030239,1,1,5,"Aunt",4,0,4,0,0,0
436,"9/21/99",1,3030239,1,2,4,"Uncle",2,0,2,0,0,2
437,"9/21/99",1,3030239,1,2,5,"Aunt",2,0,2,0,0,0
473,"9/22/99",1,3030249,1,1,2,"Brother",1,0,1,0,0,0
474,"9/22/99",1,3030249,1,1,6,"Son",2,0,2,0,0,2
475,"9/22/99",1,3030249,1,2,1,"Parents",1,0,1,0,0,0
476,"9/22/99",1,3030249,1,2,2,"Brother",1,0,1,0,0,0
477,"9/22/99",1,3030249,1,2,3,"Sister",1,0,0,1,0,1
478,"9/22/99",1,3030249,1,2,5,"Aunt",3,0,0,3,0,0
479,"9/22/99",1,3030249,1,2,6,"Son",2,0,0,0,0,2
567,"9/26/99",1,3030259,5,1,2,"Brother",1,1,1,0,0,0
568,"9/26/99",1,3030259,5,1,3,"Sister",2,2,2,0,0,1
569,"9/26/99",1,3030259,5,1,7,"Daughter",4,4,0,2,2,1
570,"9/26/99",1,3030259,5,2,2,"Brother",2,2,0,0,0,1
571,"9/26/99",1,3030259,5,2,3,"Sister",3,3,0,0,0,0
572,"9/26/99",1,3030259,5,2,5,"Aunt",2,2,0,2,0,0
573,"9/26/99",1,3030259,5,2,7,"Daughter",4,4,0,2,2,1
438,"9/21/99",1,3030339,2,1,1,"Parents",1,0,1,0,0,0
439,"9/21/99",1,3030339,2,1,2,"Brother",2,0,2,0,0,0
440,"9/21/99",1,3030339,2,1,3,"Sister",2,0,2,0,0,2
441,"9/21/99",1,3030339,2,1,5,"Aunt",1,0,0,0,0,0
442,"9/21/99",1,3030339,2,2,1,"Parents",1,0,0,1,0,1
443,"9/21/99",1,3030339,2,2,2,"Brother",3,0,0,3,0,1
444,"9/21/99",1,3030339,2,2,3,"Sister",6,0,1,5,0,0
445,"9/21/99",1,3030339,2,2,4,"Uncle",3,0,0,3,0,0
446,"9/21/99",1,3030339,2,2,5,"Aunt",3,0,0,3,0,3
480,"9/22/99",1,3030349,1,1,1,"Parents",2,0,0,2,0,0
481,"9/22/99",1,3030349,1,1,2,"Brother",3,0,0,3,0,2
482,"9/22/99",1,3030349,1,1,3,"Sister",4,0,0,4,0,3
483,"9/22/99",1,3030349,1,1,5,"Aunt",3,0,0,3,0,0
484,"9/22/99",1,3030349,1,2,2,"Brother",1,0,1,0,0,1
485,"9/22/99",1,3030349,1,2,3,"Sister",2,0,2,0,0,1
486,"9/22/99",1,3030349,1,2,4,"Uncle",2,0,2,0,0,0
487,"9/22/99",1,3030349,1,2,5,"Aunt",1,0,1,0,0,0
574,"9/26/99",1,3030359,1,1,2,"Brother",1,1,1,0,0,1
575,"9/26/99",1,3030359,1,1,3,"Sister",1,1,1,0,0,0
576,"9/26/99",1,3030359,1,2,2,"Brother",1,1,0,1,0,0
577,"9/26/99",1,3030359,1,2,4,"Uncle",2,2,0,2,0,0
447,"9/21/99",1,3030439,2,1,1,"Parents",1,0,1,0,0,0
448,"9/21/99",1,3030439,2,1,2,"Brother",2,0,2,0,0,1
449,"9/21/99",1,3030439,2,1,3,"Sister",3,0,3,0,0,1
450,"9/21/99",1,3030439,2,2,2,"Brother",1,0,0,1,0,1
451,"9/21/99",1,3030439,2,2,3,"Sister",1,0,0,1,0,1
452,"9/21/99",1,3030439,2,2,4,"Uncle",1,0,0,1,0,0
453,"9/21/99",1,3030439,2,2,5,"Aunt",1,0,0,1,0,0
488,"9/22/99",1,3030449,1,1,2,"Brother",3,0,0,3,0,2
489,"9/22/99",1,3030449,1,1,3,"Sister",4,0,0,4,0,1
490,"9/22/99",1,3030449,1,1,4,"Uncle",3,0,0,3,0,0
491,"9/22/99",1,3030449,1,1,5,"Aunt",3,0,0,3,0,0
492,"9/22/99",1,3030449,1,1,7,"Daughter",1,0,0,0,1,0
578,"9/26/99",1,3030459,1,1,2,"Brother",2,2,2,0,0,1
579,"9/26/99",1,3030459,1,1,3,"Sister",2,2,2,0,0,1
580,"9/26/99",1,3030459,1,1,4,"Uncle",1,1,1,0,0,0
581,"9/26/99",1,3030459,1,1,5,"Aunt",2,2,2,0,0,1
582,"9/26/99",1,3030459,1,2,2,"Brother",1,1,0,1,0,0
583,"9/26/99",1,3030459,1,2,3,"Sister",1,1,0,1,0,1
584,"9/26/99",1,3030459,1,2,4,"Uncle",2,1,0,2,0,0
585,"9/26/99",1,3030459,1,2,5,"Aunt",1,1,0,1,0,1
454,"9/21/99",1,3030539,1,1,1,"Parents",2,0,2,0,0,1
455,"9/22/99",1,3030539,1,1,2,"Brother",2,0,2,0,0,1
456,"9/22/99",1,3030539,1,1,3,"Sister",4,0,3,1,0,1
457,"9/22/99",1,3030539,1,1,4,"Uncle",4,0,3,1,0,0
458,"9/22/99",1,3030539,1,1,5,"Aunt",4,0,2,2,0,0
459,"9/22/99",1,3030539,2,2,1,"Parents",1,0,0,1,0,0
460,"9/22/99",1,3030539,2,2,2,"Brother",3,0,0,2,1,0
461,"9/22/99",1,3030539,2,2,3,"Sister",2,0,0,2,0,0
462,"9/22/99",1,3030539,2,2,4,"Uncle",2,0,0,2,0,0
463,"9/22/99",1,3030539,2,2,5,"Aunt",2,0,0,2,0,0
493,"9/22/99",1,3030549,1,1,1,"Parents",1,0,1,0,0,0
494,"9/22/99",1,3030549,1,1,2,"Brother",4,0,4,0,0,2
495,"9/22/99",1,3030549,1,1,3,"Sister",4,0,4,0,0,2
496,"9/22/99",1,3030549,1,1,4,"Uncle",1,0,1,0,0,1
497,"9/22/99",1,3030549,1,1,5,"Aunt",1,0,1,0,0,0
498,"9/22/99",1,3030649,1,1,2,"Brother",6,0,6,0,0,2
499,"9/22/99",1,3030649,1,1,3,"Sister",1,0,1,0,0,0
500,"9/22/99",1,3030649,1,1,4,"Uncle",4,0,4,0,0,1
501,"9/22/99",1,3030649,1,1,5,"Aunt",3,0,2,1,0,0
502,"9/22/99",1,3030649,1,2,2,"Brother",3,0,0,3,0,1
503,"9/22/99",1,3030649,1,2,3,"Sister",2,0,0,2,0,0
504,"9/22/99",1,3030649,1,2,4,"Uncle",4,0,0,4,0,0
505,"9/22/99",1,3030649,1,2,5,"Aunt",3,0,0,3,0,0
506,"9/22/99",1,3030749,1,1,2,"Brother",6,0,6,0,0,0
507,"9/26/99",1,3030749,1,1,3,"Sister",1,0,1,0,0,0
508,"9/26/99",1,3030749,1,1,4,"Uncle",4,0,4,0,0,1
509,"9/26/99",1,3030749,1,1,5,"Aunt",3,0,2,1,0,1
510,"9/26/99",1,3030749,1,1,7,"Daughter",1,0,0,1,0,0
511,"9/26/99",1,3030749,1,2,2,"Brother",2,0,0,2,0,1
512,"9/26/99",1,3030749,1,2,4,"Uncle",2,0,0,2,0,0
513,"9/26/99",1,3030749,1,2,7,"Daughter",1,0,0,1,0,1
514,"9/26/99",1,3030849,1,1,1,"Parents",1,0,1,0,0,0
515,"9/26/99",1,3030849,1,1,2,"Brother",4,0,3,1,0,1
516,"9/26/99",1,3030849,1,1,3,"Sister",1,0,1,0,0,1
517,"9/26/99",1,3030849,1,1,4,"Uncle",3,0,3,0,0,1
518,"9/26/99",1,3030849,1,1,5,"Aunt",3,0,3,0,0,0
519,"9/26/99",1,3030849,1,2,1,"Parents",2,0,0,2,0,1
520,"9/26/99",1,3030849,1,2,2,"Brother",1,0,1,0,0,1
521,"9/26/99",1,3030849,1,2,3,"Sister",1,0,1,0,0,1
522,"9/26/99",1,3030849,1,2,4,"Uncle",3,0,1,2,0,0
523,"9/26/99",1,3030849,1,2,5,"Aunt",2,0,0,2,0,0
524,"9/26/99",1,3030949,1,1,1,"Parents",1,0,1,0,0,1
525,"9/26/99",1,3030949,1,1,2,"Brother",3,0,3,0,0,1
526,"9/26/99",1,3030949,1,1,3,"Sister",1,0,1,0,0,0
527,"9/26/99",1,3030949,2,2,1,"Parents",2,0,0,2,0,2
528,"9/26/99",1,3030949,2,2,2,"Brother",2,0,0,2,0,2
529,"9/26/99",1,3030949,2,2,3,"Sister",1,0,0,1,0,1
530,"9/26/99",1,3030949,2,2,4,"Uncle",7,1,0,6,1,0
531,"9/26/99",1,3030949,2,2,5,"Aunt",1,0,0,1,0,0
532,"9/26/99",1,3031049,2,1,2,"Brother",4,1,4,0,0,1
533,"9/26/99",1,3031049,2,1,3,"Sister",2,0,2,0,0,0
534,"9/26/99",1,3031049,2,1,4,"Uncle",2,0,2,0,0,1
535,"9/26/99",1,3031049,2,1,7,"Daughter",4,1,1,3,0,1
536,"9/26/99",1,3031049,2,2,2,"Brother",4,1,1,3,0,2
537,"9/26/99",1,3031049,2,2,3,"Sister",2,0,0,2,0,1
538,"9/26/99",1,3031049,2,2,4,"Uncle",2,0,0,2,0,0
539,"9/26/99",1,3031049,2,2,5,"Aunt",3,1,0,3,0,0
540,"9/26/99",1,3031049,2,2,7,"Daughter",4,1,1,3,0,1
541,"9/26/99",1,3031149,1,1,2,"Brother",3,0,3,0,0,2
542,"9/26/99",1,3031149,1,1,3,"Sister",1,1,0,1,0,1
543,"9/26/99",1,3031149,1,1,4,"Uncle",2,1,2,0,0,1
544,"9/26/99",1,3031149,1,1,5,"Aunt",1,0,1,0,1,0
545,"9/26/99",1,3031149,2,2,1,"Parents",2,2,2,0,0,1
546,"9/26/99",1,3031149,2,2,3,"Sister",3,2,3,0,0,2
547,"9/26/99",1,3031149,2,2,4,"Uncle",2,2,2,0,0,0
548,"9/26/99",1,3031149,2,2,5,"Aunt",2,2,2,0,0,0
549,"9/26/99",1,3031249,1,1,1,"Parents",2,0,2,0,0,1
550,"9/26/99",1,3031249,1,1,2,"Brother",3,0,3,0,0,3
551,"9/26/99",1,3031249,1,1,3,"Sister",1,0,1,0,0,0
552,"9/26/99",1,3031249,1,1,4,"Uncle",2,0,2,0,0,0
553,"9/26/99",1,3031249,1,1,5,"Aunt",2,0,2,0,0,0
554,"9/26/99",1,3031249,2,2,1,"Parents",2,2,0,2,0,2
555,"9/26/99",1,3031249,2,2,2,"Brother",3,1,0,3,0,2
556,"9/26/99",1,3031249,2,2,3,"Sister",2,1,0,2,0,0
557,"9/26/99",1,3031249,2,2,4,"Uncle",2,1,0,2,0,0
558,"9/26/99",1,3031249,2,2,5,"Aunt",5,0,0,5,0,1
596,"8/08/99",1,3110139,1,1,1,"Parents",1,0,1,1,0,0
597,"8/10/99",1,3110139,1,1,2,"Brother",3,3,3,3,0,1
598,"8/10/99",1,3110139,1,1,3,"Sister",3,2,0,3,0,0
599,"8/10/99",1,3110139,1,1,4,"Uncle",3,3,2,2,0,2
600,"8/10/99",1,3110139,1,1,5,"Aunt",4,2,0,4,0,0
662,"8/10/99",1,3110149,1,1,2,"Brother",1,0,1,1,0,0
663,"8/10/99",1,3110149,1,1,6,"Son",1,0,1,1,0,0
664,"8/10/99",1,3110149,1,1,7,"Daughter",6,0,0,3,3,0
665,"8/10/99",1,3110149,2,2,2,"Brother",2,0,1,1,0,0
666,"8/10/99",1,3110149,2,2,3,"Sister",2,2,0,2,0,0
667,"8/10/99",1,3110149,2,2,4,"Uncle",1,1,1,1,0,0
668,"8/10/99",1,3110149,2,2,7,"Daughter",6,0,0,3,3,0
720,"8/10/99",1,3110159,1,1,1,"Parents",2,1,2,2,0,0
721,"8/10/99",1,3110159,1,1,2,"Brother",4,0,4,4,0,0
722,"8/10/99",1,3110159,1,1,3,"Sister",5,3,1,4,0,0
723,"8/10/99",1,3110159,1,1,5,"Aunt",1,1,0,1,0,0
724,"8/10/99",1,3110159,2,2,1,"Parents",2,1,0,2,0,1
725,"8/10/99",1,3110159,2,2,2,"Brother",4,0,0,4,0,0
726,"8/10/99",1,3110159,2,2,3,"Sister",1,0,0,1,0,0
727,"8/10/99",1,3110159,2,2,4,"Uncle",3,3,0,3,0,0
728,"8/10/99",1,3110159,2,2,5,"Aunt",2,2,0,2,0,0
601,"8/10/99",1,3110239,1,1,1,"Parents",1,0,1,1,0,0
602,"8/10/99",1,3110239,1,1,2,"Brother",3,0,3,3,0,0
603,"8/10/99",1,3110239,1,1,3,"Sister",2,0,0,0,2,0
604,"8/10/99",1,3110239,1,1,5,"Aunt",2,0,0,2,0,0
605,"8/10/99",1,3110239,1,2,1,"Parents",2,0,0,2,0,1
606,"8/10/99",1,3110239,1,2,2,"Brother",1,0,0,1,0,0
607,"8/10/99",1,3110239,1,2,3,"Sister",4,0,0,4,0,0
608,"8/10/99",1,3110239,1,2,4,"Uncle",3,3,0,3,0,0
609,"8/10/99",1,3110239,1,2,5,"Aunt",2,0,0,2,0,0
715,"8/10/99",1,3110249,2,2,1,"Parents",2,1,0,2,0,1
716,"8/10/99",1,3110249,2,2,2,"Brother",2,0,0,1,1,1
717,"8/10/99",1,3110249,2,2,3,"Sister",1,0,0,1,0,0
718,"8/10/99",1,3110249,2,2,4,"Uncle",1,1,0,1,0,0
719,"8/10/99",1,3110249,2,2,5,"Aunt",6,6,0,3,3,0
710,"8/10/99",1,3110249,3,1,1,"Parents",1,0,1,1,0,0
711,"8/10/99",1,3110249,3,1,2,"Brother",1,0,1,1,0,0
712,"8/10/99",1,3110249,3,1,3,"Sister",2,0,1,1,0,0
713,"8/10/99",1,3110249,3,1,4,"Uncle",3,3,0,0,3,0
714,"8/10/99",1,3110249,3,1,5,"Aunt",2,1,0,0,2,0
729,"8/10/99",1,3110259,1,1,2,"Brother",1,1,1,1,0,0
730,"8/10/99",1,3110259,1,1,3,"Sister",4,0,0,4,0,0
731,"8/10/99",1,3110259,1,1,6,"Son",3,0,2,2,1,2
732,"8/10/99",1,3110259,1,1,7,"Daughter",1,1,0,1,0,0
733,"8/10/99",1,3110259,1,2,2,"Brother",6,6,0,0,6,0
734,"8/10/99",1,3110259,1,2,3,"Sister",3,3,0,1,2,0
735,"8/10/99",1,3110259,1,2,5,"Aunt",1,0,0,1,0,0
736,"8/10/99",1,3110259,1,2,6,"Son",3,0,2,2,1,1
737,"8/10/99",1,3110259,1,2,7,"Daughter",1,1,0,1,0,0
610,"8/10/99",1,3110339,1,1,2,"Brother",1,0,1,1,0,0
611,"8/10/99",1,3110339,1,1,3,"Sister",3,3,0,3,0,0
612,"8/10/99",1,3110339,2,2,2,"Brother",4,1,0,4,0,0
613,"8/10/99",1,3110339,2,2,3,"Sister",1,1,0,1,0,0
614,"8/10/99",1,3110339,2,2,5,"Aunt",5,5,0,5,0,0
675,"8/10/99",1,3110349,2,1,1,"Parents",2,0,2,2,0,0
676,"8/10/99",1,3110349,2,1,2,"Brother",2,0,2,2,0,0
677,"8/10/99",1,3110349,2,1,3,"Sister",1,0,0,0,1,0
678,"8/10/99",1,3110349,2,1,4,"Uncle",1,1,1,1,0,0
679,"8/10/99",1,3110349,2,1,5,"Aunt",1,0,0,0,1,0
680,"8/10/99",1,3110349,2,2,1,"Parents",1,0,1,1,0,0
681,"8/10/99",1,3110349,2,2,2,"Brother",3,0,3,3,0,2
682,"8/10/99",1,3110349,2,2,4,"Uncle",4,2,1,4,0,1
683,"8/10/99",1,3110349,2,2,5,"Aunt",5,1,1,5,0,0
738,"8/10/99",1,3110359,1,1,1,"Parents",1,0,1,1,0,0
739,"8/10/99",1,3110359,1,1,2,"Brother",3,0,3,3,0,0
740,"8/10/99",1,3110359,1,1,3,"Sister",2,0,0,2,0,0
741,"8/10/99",1,3110359,1,1,4,"Uncle",4,2,2,3,1,0
742,"8/10/99",1,3110359,1,1,5,"Aunt",1,0,0,1,0,0
743,"8/10/99",1,3110359,1,2,1,"Parents",1,0,0,1,0,0
744,"8/10/99",1,3110359,1,2,2,"Brother",3,0,0,1,2,0
745,"8/10/99",1,3110359,1,2,3,"Sister",4,3,0,1,3,0
615,"8/10/99",1,3110439,1,1,2,"Brother",1,0,0,1,0,0
616,"8/10/99",1,3110439,1,1,4,"Uncle",1,0,0,1,0,0
617,"8/10/99",1,3110439,2,2,3,"Sister",1,0,1,1,0,0
684,"8/10/99",1,3110449,1,1,1,"Parents",1,0,1,1,0,0
685,"8/10/99",1,3110449,1,1,2,"Brother",3,0,2,3,0,2
686,"8/10/99",1,3110449,1,1,3,"Sister",4,2,0,1,3,2
687,"8/10/99",1,3110449,1,1,4,"Uncle",3,1,1,3,0,1
688,"8/10/99",1,3110449,1,2,1,"Parents",2,0,0,2,0,1
689,"8/10/99",1,3110449,1,2,2,"Brother",1,0,0,1,0,0
690,"8/10/99",1,3110449,1,2,3,"Sister",5,1,0,5,0,1
691,"8/10/99",1,3110449,1,2,5,"Aunt",2,2,0,2,0,0
746,"8/10/99",1,3110459,1,1,2,"Brother",3,0,0,3,0,0
747,"8/10/99",1,3110459,1,1,3,"Sister",3,2,0,3,0,0
748,"8/10/99",1,3110459,1,1,4,"Uncle",2,2,0,2,0,0
749,"8/10/99",1,3110459,1,1,6,"Son",1,0,0,0,1,1
750,"8/10/99",1,3110459,1,1,7,"Daughter",2,2,0,2,0,0
751,"8/10/99",1,3110459,1,2,1,"Parents",1,0,1,1,0,0
752,"8/10/99",1,3110459,1,2,2,"Brother",1,0,1,1,0,0
753,"8/10/99",1,3110459,1,2,3,"Sister",7,0,1,6,0,0
754,"8/10/99",1,3110459,1,2,6,"Son",1,0,0,0,1,1
755,"8/10/99",1,3110459,1,2,7,"Daughter",2,2,0,2,0,0
618,"8/10/99",1,3110539,1,1,1,"Parents",2,0,2,2,0,0
619,"8/10/99",1,3110539,1,1,2,"Brother",4,0,4,4,0,0
620,"8/10/99",1,3110539,1,1,3,"Sister",2,0,1,1,0,0
621,"8/10/99",1,3110539,1,1,4,"Uncle",3,1,0,3,0,0
622,"8/10/99",1,3110539,1,1,5,"Aunt",3,1,1,2,0,0
623,"8/10/99",1,3110539,2,2,2,"Brother",2,0,0,1,1,0
624,"8/10/99",1,3110539,2,2,3,"Sister",2,0,0,2,0,0
625,"8/10/99",1,3110539,2,2,5,"Aunt",1,0,0,1,0,0
692,"8/10/99",1,3110549,1,1,1,"Parents",1,0,1,1,0,0
693,"8/10/99",1,3110549,1,1,2,"Brother",1,0,1,1,0,0
694,"8/10/99",1,3110549,1,1,3,"Sister",6,5,0,4,1,2
695,"8/10/99",1,3110549,1,1,4,"Uncle",3,3,1,2,0,0
696,"8/10/99",1,3110549,1,1,5,"Aunt",2,2,0,2,0,0
697,"8/10/99",1,3110549,1,2,1,"Parents",1,1,0,0,1,0
698,"8/10/99",1,3110549,1,2,2,"Brother",2,0,0,0,2,0
699,"8/10/99",1,3110549,1,2,4,"Uncle",5,3,0,0,5,0
700,"8/10/99",1,3110549,1,2,5,"Aunt",7,0,0,2,5,0
626,"8/10/99",1,3110639,1,1,1,"Parents",1,0,1,1,0,0
627,"8/10/99",1,3110639,1,1,2,"Brother",1,0,0,1,0,0
628,"8/10/99",1,3110639,1,1,3,"Sister",1,0,0,1,0,0
629,"8/10/99",1,3110639,1,1,4,"Uncle",6,0,5,5,0,0
630,"8/10/99",1,3110639,1,1,5,"Aunt",4,0,1,3,0,0
631,"8/10/99",1,3110639,1,2,1,"Parents",1,0,0,1,0,0
632,"8/10/99",1,3110639,1,2,2,"Brother",4,0,0,3,1,0
633,"8/10/99",1,3110639,1,2,3,"Sister",4,0,0,4,0,0
634,"8/10/99",1,3110639,1,2,4,"Uncle",9,0,0,9,0,0
635,"8/10/99",1,3110639,1,2,5,"Aunt",6,2,0,6,0,0
701,"8/10/99",1,3110649,1,1,1,"Parents",1,0,1,1,0,0
702,"8/10/99",1,3110649,1,1,3,"Sister",5,5,0,5,0,0
703,"8/10/99",1,3110649,1,1,4,"Uncle",7,5,3,3,4,0
704,"8/10/99",1,3110649,1,1,5,"Aunt",1,1,0,1,0,0
705,"8/10/99",1,3110649,1,2,1,"Parents",2,2,0,2,0,1
706,"8/10/99",1,3110649,1,2,2,"Brother",4,4,0,4,0,1
707,"8/10/99",1,3110649,1,2,3,"Sister",2,1,0,1,1,0
708,"8/10/99",1,3110649,1,2,4,"Uncle",8,6,0,8,0,0
709,"8/10/99",1,3110649,1,2,5,"Aunt",5,3,0,5,0,0
636,"8/10/99",1,3110739,1,1,1,"Parents",2,0,0,2,0,0
637,"8/10/99",1,3110739,1,1,3,"Sister",4,0,0,4,0,1
638,"8/10/99",1,3110739,1,1,4,"Uncle",1,1,1,1,0,0
639,"8/10/99",1,3110739,1,1,5,"Aunt",1,0,0,1,0,0
640,"8/10/99",1,3110739,1,2,2,"Brother",2,1,2,2,0,2
641,"8/10/99",1,3110739,1,2,3,"Sister",2,1,0,2,0,0
642,"8/10/99",1,3110739,1,2,5,"Aunt",1,0,0,1,0,0
643,"8/10/99",1,3110839,2,1,1,"Parents",2,0,2,2,0,0
644,"8/10/99",1,3110839,2,1,2,"Brother",4,0,1,1,2,1
645,"8/10/99",1,3110839,2,1,3,"Sister",2,0,0,0,2,0
646,"8/10/99",1,3110839,2,1,5,"Aunt",2,0,0,1,1,0
647,"8/10/99",1,3110839,2,2,1,"Parents",1,0,0,1,0,0
648,"8/10/99",1,3110839,2,2,2,"Brother",2,0,0,1,1,0
649,"8/10/99",1,3110839,2,2,3,"Sister",1,0,0,0,1,1
650,"8/10/99",1,3110839,2,2,4,"Uncle",3,2,0,2,1,0
651,"8/10/99",1,3110839,2,2,5,"Aunt",1,0,0,0,1,0
652,"8/10/99",1,3110939,1,1,1,"Parents",1,0,1,1,0,0
653,"8/10/99",1,3110939,1,1,3,"Sister",1,0,1,1,0,0
654,"8/10/99",1,3110939,1,1,4,"Uncle",2,2,1,1,0,0
655,"8/10/99",1,3110939,1,1,5,"Aunt",3,0,0,3,0,0
656,"8/10/99",1,3111039,1,1,2,"Brother",1,0,1,1,0,0
657,"8/10/99",1,3111039,1,1,3,"Sister",2,0,2,2,0,0
658,"8/10/99",1,3111039,1,2,1,"Parents",1,1,0,1,0,0
659,"8/10/99",1,3111039,1,2,2,"Brother",3,1,0,2,1,2
660,"8/10/99",1,3111039,1,2,3,"Sister",3,2,0,3,0,0
661,"8/10/99",1,3111039,1,2,5,"Aunt",2,2,0,2,0,0
669,"8/10/99",1,3111139,1,1,1,"Parents",1,0,1,1,0,0
670,"8/10/99",1,3111139,1,1,4,"Uncle",6,0,3,6,0,0
671,"8/10/99",1,3111139,1,1,5,"Aunt",1,1,0,1,0,0
672,"8/10/99",1,3111139,2,2,1,"Parents",2,1,0,2,0,0
673,"8/10/99",1,3111139,2,2,3,"Sister",1,1,0,1,0,0
674,"8/10/99",1,3111139,2,2,5,"Aunt",9,5,0,5,4,0
437,"8/27/99",1,3120139,1,1,1,"Parents",1,0,1,1,0,0
438,"8/27/99",1,3120139,1,1,3,"Sister",3,0,2,2,0,0
439,"8/27/99",1,3120139,1,1,5,"Aunt",1,0,1,1,0,0
440,"8/27/99",1,3120139,1,2,1,"Parents",2,0,1,1,0,0
441,"8/27/99",1,3120139,1,2,2,"Brother",1,0,1,1,0,0
442,"8/27/99",1,3120139,1,2,3,"Sister",4,0,0,4,0,0
443,"8/27/99",1,3120139,1,2,4,"Uncle",7,4,0,7,0,0
444,"8/27/99",1,3120139,1,2,5,"Aunt",2,1,0,2,0,0
1.79769313486232e+308,"",1.79769313486232e+308,3120149,1.79769313486232e+308,1.79769313486232e+308,1.79769313486232e+308,"",1.79769313486232e+308,1.79769313486232e+308,1.79769313486232e+308,1.79769313486232e+308,1.79769313486232e+308,1.79769313486232e+308
549,"8/27/99",1,3120159,1,1,6,"Son",1,0,0,0,1,1
550,"8/27/99",1,3120159,1,1,7,"Daughter",6,0,3,3,0,1
551,"8/27/99",1,3120159,2,2,2,"Brother",1,0,0,1,0,0
552,"8/27/99",1,3120159,2,2,3,"Sister",1,0,1,1,0,0
553,"8/27/99",1,3120159,2,2,6,"Son",1,0,0,0,1,1
554,"8/27/99",1,3120159,2,2,7,"Daughter",6,0,3,3,0,1
445,"8/27/99",1,3120239,1,1,3,"Sister",1,0,0,1,0,0
446,"8/27/99",1,3120239,1,1,4,"Uncle",1,0,0,1,0,0
447,"8/27/99",1,3120239,2,2,1,"Parents",2,1,0,2,0,0
448,"8/27/99",1,3120239,2,2,2,"Brother",4,0,0,4,0,0
449,"8/27/99",1,3120239,2,2,3,"Sister",2,0,0,1,1,0
505,"8/27/99",1,3120249,1,1,2,"Brother",2,2,2,2,0,0
506,"8/27/99",1,3120249,1,1,3,"Sister",4,0,4,4,0,0
507,"8/27/99",1,3120249,1,1,4,"Uncle",1,0,0,0,1,0
508,"8/27/99",1,3120249,1,2,1,"Parents",2,1,1,1,1,0
509,"8/27/99",1,3120249,1,2,2,"Brother",3,0,0,0,3,0
510,"8/27/99",1,3120249,1,2,4,"Uncle",3,3,0,0,3,0
511,"8/27/99",1,3120249,1,2,5,"Aunt",2,2,0,0,2,0
555,"8/27/99",1,3120259,1,1,2,"Brother",1,1,1,1,0,0
556,"8/27/99",1,3120259,1,1,3,"Sister",2,2,0,2,0,0
557,"8/27/99",1,3120259,1,1,4,"Uncle",3,3,3,3,0,0
558,"8/27/99",1,3120259,1,1,6,"Son",1,0,1,1,0,1
559,"8/27/99",1,3120259,2,2,2,"Brother",4,4,0,1,3,3
560,"8/27/99",1,3120259,2,2,6,"Son",1,0,1,1,0,1
450,"8/27/99",1,3120339,1,1,1,"Parents",1,0,1,1,0,0
451,"8/27/99",1,3120339,1,1,4,"Uncle",4,3,1,3,0,0
452,"8/27/99",1,3120339,1,1,5,"Aunt",3,0,0,3,0,0
453,"8/27/99",1,3120339,2,2,1,"Parents",1,0,0,1,0,0
454,"8/27/99",1,3120339,2,2,2,"Brother",1,0,0,1,0,0
455,"8/27/99",1,3120339,2,2,3,"Sister",3,0,0,3,0,0
512,"8/27/99",1,3120349,2,1,2,"Brother",2,0,2,2,0,2
513,"8/27/99",1,3120349,2,2,1,"Parents",2,1,0,0,2,1
514,"8/27/99",1,3120349,2,2,2,"Brother",4,4,0,0,4,1
515,"8/27/99",1,3120349,2,2,3,"Sister",5,4,0,2,3,0
516,"8/27/99",1,3120349,2,2,4,"Uncle",1,0,0,1,0,0
517,"8/27/99",1,3120349,2,2,5,"Aunt",2,0,0,1,1,0
561,"8/27/99",1,3120359,1,1,3,"Sister",2,0,0,1,1,0
562,"8/27/99",1,3120359,1,1,4,"Uncle",2,1,0,2,0,0
563,"8/27/99",1,3120359,1,1,6,"Son",2,0,0,0,2,2
564,"8/27/99",1,3120359,1,1,7,"Daughter",2,1,0,2,0,2
565,"8/27/99",1,3120359,1,2,2,"Brother",2,0,0,2,0,0
566,"8/27/99",1,3120359,1,2,3,"Sister",1,0,0,1,0,0
567,"8/27/99",1,3120359,1,2,6,"Son",2,0,0,0,2,2
568,"8/27/99",1,3120359,2,2,7,"Daughter",2,0,0,2,0,2
456,"8/27/99",1,3120439,1,1,6,"Son",1,0,1,1,0,1
457,"8/27/99",1,3120439,1,1,7,"Daughter",2,0,0,0,2,0
458,"8/27/99",1,3120439,1,2,1,"Parents",2,1,0,2,0,0
459,"8/27/99",1,3120439,1,2,2,"Brother",3,0,0,3,0,0
460,"8/27/99",1,3120439,1,2,6,"Son",1,0,1,1,0,1
461,"8/27/99",1,3120439,1,2,7,"Daughter",2,0,0,0,2,0
518,"8/27/99",1,3120449,1,1,1,"Parents",1,0,1,1,0,0
519,"8/27/99",1,3120449,1,1,2,"Brother",1,0,0,0,1,0
520,"8/27/99",1,3120449,1,1,3,"Sister",2,0,1,2,0,1
521,"8/27/99",1,3120449,1,1,4,"Uncle",2,1,2,2,0,0
522,"8/27/99",1,3120449,1,1,5,"Aunt",4,1,0,1,3,0
523,"8/27/99",1,3120449,1,2,2,"Brother",2,0,0,2,0,0
524,"8/27/99",1,3120449,1,2,3,"Sister",3,0,0,3,0,0
525,"8/27/99",1,3120449,1,2,5,"Aunt",1,0,0,1,0,0
569,"8/27/99",1,3120459,1,1,1,"Parents",1,0,1,1,0,0
570,"8/27/99",1,3120459,1,1,2,"Brother",2,2,1,1,1,2
571,"8/27/99",1,3120459,1,1,5,"Aunt",3,0,0,3,0,0
572,"8/27/99",1,3120459,1,1,6,"Son",1,0,0,0,1,1
573,"8/27/99",1,3120459,1,2,1,"Parents",1,0,1,1,0,0
574,"8/27/99",1,3120459,1,2,2,"Brother",3,0,0,3,0,0
575,"8/27/99",1,3120459,1,2,3,"Sister",2,1,0,1,1,1
576,"8/27/99",1,3120459,1,2,4,"Uncle",3,2,0,3,0,0
577,"8/27/99",1,3120459,1,2,5,"Aunt",1,1,0,0,1,0
578,"8/27/99",1,3120459,1,2,6,"Son",1,0,0,0,1,1
462,"8/27/99",1,3120539,2,1,1,"Parents",1,0,1,1,0,0
463,"8/27/99",1,3120539,2,1,3,"Sister",2,2,0,0,2,0
464,"8/27/99",1,3120539,2,1,6,"Son",1,0,0,0,1,1
465,"8/27/99",1,3120539,2,2,1,"Parents",1,0,0,0,1,0
466,"8/27/99",1,3120539,2,2,2,"Brother",3,3,0,0,3,0
467,"8/27/99",1,3120539,2,2,3,"Sister",2,0,0,1,1,0
468,"8/27/99",1,3120539,2,2,4,"Uncle",3,1,0,0,3,0
469,"8/27/99",1,3120539,2,2,5,"Aunt",4,3,0,0,4,0
470,"8/27/99",1,3120539,2,2,6,"Son",1,0,0,0,1,1
471,"8/27/99",1,3120539,2,2,7,"Daughter",3,0,0,0,3,2
526,"8/27/99",1,3120549,2,1,1,"Parents",2,0,0,2,0,0
527,"8/27/99",1,3120549,2,1,2,"Brother",3,0,0,3,0,0
528,"8/27/99",1,3120549,2,1,3,"Sister",1,0,0,0,1,0
529,"8/27/99",1,3120549,2,1,4,"Uncle",3,0,0,3,0,0
530,"8/27/99",1,3120549,2,1,5,"Aunt",1,0,0,1,0,0
531,"8/27/99",1,3120549,2,2,1,"Parents",1,0,0,1,0,0
532,"8/27/99",1,3120549,2,2,2,"Brother",2,2,2,2,0,0
533,"8/27/99",1,3120549,2,2,3,"Sister",2,0,1,1,0,0
534,"8/27/99",1,3120549,2,2,4,"Uncle",2,0,0,2,0,0
535,"8/27/99",1,3120549,2,2,5,"Aunt",3,2,0,3,0,0
472,"8/27/99",1,3120639,1,1,1,"Parents",2,0,2,2,0,0
473,"8/27/99",1,3120639,1,1,2,"Brother",4,0,3,3,1,0
474,"8/27/99",1,3120639,1,1,3,"Sister",3,0,1,2,1,0
475,"8/27/99",1,3120639,1,1,4,"Uncle",3,3,1,1,1,0
476,"8/27/99",1,3120639,1,1,5,"Aunt",5,0,0,4,1,0
477,"8/27/99",1,3120639,1,2,1,"Parents",2,0,0,1,0,0
478,"8/27/99",1,3120639,1,2,3,"Sister",3,3,0,3,0,2
479,"8/27/99",1,3120639,1,2,4,"Uncle",3,3,0,3,0,0
480,"8/27/99",1,3120639,1,2,5,"Aunt",2,2,0,0,2,0
536,"8/27/99",1,3120649,1,1,3,"Sister",2,0,0,2,0,0
537,"8/27/99",1,3120649,1,1,4,"Uncle",1,1,1,1,0,1
538,"8/27/99",1,3120649,2,2,1,"Parents",2,0,0,2,0,1
539,"8/27/99",1,3120649,2,2,2,"Brother",2,0,0,2,0,0
540,"8/27/99",1,3120649,2,2,3,"Sister",3,0,0,3,0,0
541,"8/27/99",1,3120649,2,2,4,"Uncle",4,4,0,4,0,0
542,"8/27/99",1,3120649,2,2,5,"Aunt",9,4,1,8,0,0
481,"8/27/99",1,3120739,1,1,2,"Brother",1,0,1,1,0,0
482,"8/27/99",1,3120739,1,1,3,"Sister",1,0,0,1,0,0
483,"8/27/99",1,3120739,2,1,1,"Parents",2,0,0,2,0,0
484,"8/27/99",1,3120739,2,2,2,"Brother",3,0,0,2,1,0
485,"8/27/99",1,3120739,2,2,3,"Sister",4,0,0,2,2,0
543,"8/27/99",1,3120749,1,1,3,"Sister",4,0,0,1,3,0
544,"8/27/99",1,3120749,2,2,1,"Parents",1,1,0,1,0,1
545,"8/27/99",1,3120749,2,2,2,"Brother",2,0,0,1,1,2
546,"8/27/99",1,3120749,2,2,3,"Sister",5,0,0,1,4,0
547,"8/27/99",1,3120749,2,2,4,"Uncle",3,2,0,1,2,0
548,"8/27/99",1,3120749,2,2,5,"Aunt",3,3,0,1,2,0
1.79769313486232e+308,".",1.79769313486232e+308,3120839,1,1,2,".",3,0,2,3,0,0
487,"8/27/99",1,3120839,2,2,1,"Parents",1,0,0,1,0,0
488,"8/27/99",1,3120839,2,2,2,"Brother",3,0,0,3,0,0
489,"8/27/99",1,3120839,2,2,3,"Sister",2,0,0,2,0,0
490,"8/27/99",1,3120839,2,2,4,"Uncle",2,2,0,2,0,0
491,"8/27/99",1,3120839,2,2,5,"Aunt",8,6,0,8,0,0
492,"8/27/99",1,3120939,2,1,2,"Brother",1,1,1,1,0,0
493,"8/27/99",1,3120939,2,1,3,"Sister",3,1,0,2,1,0
494,"8/27/99",1,3120939,2,2,2,"Brother",2,0,0,2,0,0
495,"8/27/99",1,3120939,2,2,3,"Sister",3,1,0,3,0,0
496,"8/27/99",1,3120939,2,2,4,"Uncle",3,1,0,3,0,0
497,"8/27/99",1,3120939,2,2,5,"Aunt",2,0,0,2,0,0
498,"8/27/99",1,3121039,1,1,1,"Parents",2,0,2,2,0,0
499,"8/27/99",1,3121039,1,1,2,"Brother",3,0,3,3,0,0
500,"8/27/99",1,3121039,1,1,3,"Sister",3,0,1,2,1,0
501,"8/27/99",1,3121039,1,1,4,"Uncle",1,0,0,1,0,0
502,"8/27/99",1,3121039,1,2,2,"Brother",1,0,0,1,0,0
503,"8/27/99",1,3121039,1,2,4,"Uncle",2,1,0,2,0,0
483,"9/01/99",1,3130139,1,1,1,"Parents",1,0,0,1,0,0
484,"9/06/99",1,3130139,1,1,2,"Brother",2,0,0,2,0,1
485,"9/06/99",1,3130139,1,1,3,"Sister",3,0,0,3,0,0
486,"9/06/99",1,3130139,1,1,4,"Uncle",3,0,0,3,0,0
487,"9/06/99",1,3130139,1,1,5,"Aunt",2,0,0,2,0,0
488,"9/06/99",1,3130139,1,2,2,"Brother",3,0,2,2,0,1
489,"9/06/99",1,3130139,1,2,3,"Sister",1,0,0,1,0,0
490,"9/06/99",1,3130139,1,2,4,"Uncle",4,0,0,4,0,0
491,"9/06/99",1,3130139,1,2,5,"Aunt",2,0,0,2,0,0
519,"9/06/99",1,3130149,1,1,1,"Parents",1,0,1,1,0,0
520,"9/06/99",1,3130149,1,1,2,"Brother",3,0,1,1,2,0
521,"9/06/99",1,3130149,1,1,3,"Sister",1,0,0,0,1,0
522,"9/06/99",1,3130149,1,1,4,"Uncle",3,2,3,3,0,0
523,"9/06/99",1,3130149,1,1,5,"Aunt",6,1,6,6,0,0
524,"9/06/99",1,3130149,2,2,1,"Parents",2,1,0,0,2,1
525,"9/06/99",1,3130149,2,2,2,"Brother",2,0,0,0,2,0
526,"9/06/99",1,3130149,2,2,3,"Sister",3,0,0,0,3,0
527,"9/06/99",1,3130149,2,2,4,"Uncle",9,8,0,0,9,0
528,"9/06/99",1,3130149,2,2,5,"Aunt",4,4,0,0,4,0
595,"9/06/99",1,3130159,2,1,1,"Parents",1,0,1,1,0,0
596,"9/06/99",1,3130159,2,1,2,"Brother",2,0,2,2,0,1
597,"9/06/99",1,3130159,2,1,3,"Sister",2,0,1,1,0,0
598,"9/06/99",1,3130159,2,1,4,"Uncle",1,0,1,1,0,0
599,"9/06/99",1,3130159,2,1,5,"Aunt",2,0,1,1,0,0
600,"9/06/99",1,3130159,2,2,1,"Parents",1,0,0,1,0,1
601,"9/06/99",1,3130159,2,2,2,"Brother",1,0,0,1,0,0
602,"9/06/99",1,3130159,2,2,3,"Sister",1,0,0,1,0,0
603,"9/06/99",1,3130159,2,2,5,"Aunt",2,0,0,2,0,0
492,"9/06/99",1,3130239,2,1,3,"Sister",1,1,0,1,0,0
493,"9/06/99",1,3130239,2,2,1,"Parents",1,0,0,1,0,1
494,"9/06/99",1,3130239,2,2,3,"Sister",2,0,0,2,0,0
530,"9/06/99",1,3130249,2,2,1,"Parents",1,0,0,1,0,1
531,"9/06/99",1,3130249,2,2,2,"Brother",2,0,0,2,0,0
532,"9/06/99",1,3130249,2,2,3,"Sister",1,0,0,1,0,0
533,"9/06/99",1,3130249,2,2,4,"Uncle",1,1,0,1,0,0
534,"9/06/99",1,3130249,2,2,5,"Aunt",2,2,0,1,1,0
529,"9/06/99",1,3130249,4,1,3,"Sister",2,2,0,2,0,0
604,"9/06/99",1,3130259,1,1,3,"Sister",3,0,3,3,0,0
605,"9/06/99",1,3130259,1,1,4,"Uncle",5,3,3,3,0,3
606,"9/06/99",1,3130259,1,1,5,"Aunt",3,0,2,2,0,1
607,"9/06/99",1,3130259,1,2,1,"Parents",1,0,0,1,0,1
608,"9/06/99",1,3130259,1,2,2,"Brother",2,0,0,2,0,0
609,"9/06/99",1,3130259,1,2,3,"Sister",2,0,0,2,0,0
610,"9/06/99",1,3130259,1,2,4,"Uncle",3,0,0,3,0,0
611,"9/06/99",1,3130259,1,2,5,"Aunt",2,0,0,2,0,0
495,"9/06/99",1,3130339,1,1,2,"Brother",1,0,1,1,0,0
496,"9/06/99",1,3130339,1,2,2,"Brother",2,0,0,2,0,0
497,"9/06/99",1,3130339,1,2,3,"Sister",1,0,0,1,0,0
538,"9/06/99",1,3130349,2,2,2,"Brother",4,0,0,4,0,0
539,"9/06/99",1,3130349,2,2,3,"Sister",3,0,1,3,0,0
540,"9/06/99",1,3130349,2,2,4,"Uncle",2,1,0,2,0,0
541,"9/06/99",1,3130349,2,2,5,"Aunt",1,0,0,0,1,0
542,"9/06/99",1,3130349,2,2,6,"Son",1,0,0,0,1,1
535,"9/06/99",1,3130349,3,1,2,"Brother",2,1,1,1,1,0
536,"9/06/99",1,3130349,3,1,3,"Sister",3,0,2,2,1,0
537,"9/06/99",1,3130349,3,1,6,"Son",1,0,0,0,1,1
612,"9/06/99",1,3130359,1,1,2,"Brother",1,1,1,1,0,0
613,"9/06/99",1,3130359,1,1,3,"Sister",1,0,1,1,0,0
614,"9/06/99",1,3130359,1,1,4,"Uncle",2,0,2,2,0,0
615,"9/06/99",1,3130359,1,2,1,"Parents",1,0,0,1,0,0
616,"9/06/99",1,3130359,1,2,2,"Brother",2,0,0,2,0,0
617,"9/06/99",1,3130359,1,2,3,"Sister",5,0,0,5,0,0
498,"9/06/99",1,3130439,2,1,2,"Brother",2,0,0,2,0,0
499,"9/06/99",1,3130439,2,1,3,"Sister",1,0,0,1,0,0
500,"9/06/99",1,3130439,2,1,4,"Uncle",1,0,0,1,0,0
501,"9/06/99",1,3130439,2,2,2,"Brother",2,0,0,2,0,0
502,"9/06/99",1,3130439,2,2,3,"Sister",2,0,0,2,0,0
543,"9/06/99",1,3130449,2,1,1,"Parents",1,0,1,1,0,0
544,"9/06/99",1,3130449,2,1,2,"Brother",1,0,1,1,0,0
545,"9/06/99",1,3130449,2,1,3,"Sister",1,0,0,1,0,0
546,"9/06/99",1,3130449,2,1,4,"Uncle",2,0,0,2,0,0
547,"9/06/99",1,3130449,2,1,5,"Aunt",2,0,0,2,0,0
548,"9/06/99",1,3130449,2,2,1,"Parents",1,0,0,1,0,1
549,"9/06/99",1,3130449,2,2,2,"Brother",1,0,0,1,0,1
550,"9/06/99",1,3130449,2,2,3,"Sister",5,0,0,5,0,0
551,"9/06/99",1,3130449,2,2,4,"Uncle",5,0,0,5,0,0
552,"9/06/99",1,3130449,2,2,5,"Aunt",5,0,0,5,0,0
618,"9/06/99",1,3130459,1,1,2,"Brother",1,0,1,1,0,0
619,"9/06/99",1,3130459,1,1,3,"Sister",2,0,0,0,2,0
620,"9/06/99",1,3130459,1,1,6,"Son",1,0,0,0,1,1
621,"9/06/99",1,3130459,1,1,7,"Daughter",1,1,0,0,1,0
622,"9/06/99",1,3130459,1,2,2,"Brother",2,2,0,2,0,0
623,"9/06/99",1,3130459,1,2,3,"Sister",3,0,0,0,3,0
624,"9/06/99",1,3130459,1,2,6,"Son",1,0,0,0,1,1
625,"9/06/99",1,3130459,1,2,7,"Daughter",1,1,0,0,1,0
503,"9/06/99",1,3130539,2,1,1,"Parents",1,1,0,1,0,0
504,"9/06/99",1,3130539,2,1,3,"Sister",1,0,0,0,1,0
505,"9/06/99",1,3130539,2,1,4,"Uncle",1,1,0,1,0,0
506,"9/06/99",1,3130539,2,1,5,"Aunt",2,0,0,2,0,0
507,"9/06/99",1,3130539,2,2,1,"Parents",1,1,1,1,0,1
508,"9/06/99",1,3130539,2,2,2,"Brother",1,0,1,1,0,1
509,"9/06/99",1,3130539,2,2,3,"Sister",4,3,1,3,0,2
510,"9/06/99",1,3130539,2,2,4,"Uncle",3,3,1,2,0,0
511,"9/06/99",1,3130539,2,2,5,"Aunt",2,0,1,1,0,0
553,"9/06/99",1,3130549,2,1,1,"Parents",2,0,2,2,0,1
554,"9/06/99",1,3130549,2,1,2,"Brother",4,0,4,4,0,0
555,"9/06/99",1,3130549,2,1,3,"Sister",2,0,2,2,0,0
556,"9/06/99",1,3130549,2,1,4,"Uncle",2,0,2,2,0,0
557,"9/06/99",1,3130549,2,1,5,"Aunt",2,0,2,2,0,0
558,"9/06/99",1,3130549,2,2,1,"Parents",2,0,0,2,0,2
559,"9/06/99",1,3130549,2,2,2,"Brother",2,0,0,2,0,1
560,"9/06/99",1,3130549,2,2,3,"Sister",1,0,0,1,0,0
561,"9/06/99",1,3130549,2,2,4,"Uncle",2,0,0,2,0,0
562,"9/06/99",1,3130549,2,2,5,"Aunt",5,0,0,4,1,0
512,"9/06/99",1,3130629,2,1,2,"Brother",3,0,3,3,0,0
513,"9/06/99",1,3130629,2,1,3,"Sister",1,0,0,1,0,0
514,"9/06/99",1,3130629,2,2,1,"Parents",2,0,2,2,0,1
515,"9/06/99",1,3130629,2,2,2,"Brother",3,0,1,2,0,1
516,"9/06/99",1,3130629,2,2,3,"Sister",4,0,2,2,0,0
517,"9/06/99",1,3130629,2,2,4,"Uncle",4,0,2,2,0,0
518,"9/06/99",1,3130629,2,2,5,"Aunt",4,0,2,2,0,0
563,"9/06/99",1,3130649,2,1,2,"Brother",1,0,1,1,0,0
564,"9/06/99",1,3130649,2,1,3,"Sister",1,0,0,1,0,0
565,"9/06/99",1,3130649,2,2,2,"Brother",3,0,0,3,0,0
566,"9/06/99",1,3130649,2,2,3,"Sister",2,0,0,2,0,0
567,"9/06/99",1,3130649,2,2,4,"Uncle",1,0,0,1,0,0
568,"9/06/99",1,3130649,2,2,6,"Son",2,0,0,2,0,0
569,"9/06/99",1,3130749,1,1,2,"Brother",2,0,0,2,0,0
570,"9/06/99",1,3130749,1,1,3,"Sister",1,0,0,1,0,0
571,"9/06/99",1,3130749,1,2,2,"Brother",2,0,2,2,0,0
572,"9/06/99",1,3130749,1,2,3,"Sister",2,0,1,1,0,0
573,"9/06/99",1,3130849,1,1,1,"Parents",1,0,1,1,0,0
574,"9/06/99",1,3130849,1,1,2,"Brother",3,3,2,2,1,0
575,"9/06/99",1,3130849,1,1,3,"Sister",3,0,1,2,0,0
576,"9/06/99",1,3130849,1,1,5,"Aunt",1,0,1,1,0,0
577,"9/06/99",1,3130849,1,2,1,"Parents",1,1,0,1,0,0
578,"9/06/99",1,3130849,1,2,2,"Brother",2,2,0,2,0,0
579,"9/06/99",1,3130849,1,2,3,"Sister",5,0,0,5,0,0
580,"9/06/99",1,3130849,1,2,4,"Uncle",2,2,0,2,0,0
581,"9/06/99",1,3130849,1,2,5,"Aunt",5,2,0,3,2,0
582,"9/06/99",1,3130949,1,1,2,"Brother",1,1,1,1,0,0
583,"9/06/99",1,3131049,2,1,1,"Parents",2,1,2,2,0,1
584,"9/06/99",1,3131049,2,1,3,"Sister",2,0,1,2,0,0
585,"9/06/99",1,3131049,2,1,4,"Uncle",6,3,3,3,3,1
586,"9/06/99",1,3131049,2,1,5,"Aunt",5,1,0,1,4,2
587,"9/06/99",1,3131149,2,1,2,"Brother",1,0,1,1,0,0
588,"9/06/99",1,3131149,2,1,3,"Sister",1,0,0,1,0,0
589,"9/06/99",1,3131149,2,1,5,"Aunt",1,0,1,1,0,0
590,"9/06/99",1,3131149,2,2,1,"Parents",2,1,0,2,0,2
591,"9/06/99",1,3131149,2,2,2,"Brother",2,0,0,0,2,2
592,"9/06/99",1,3131149,2,2,3,"Sister",2,2,0,0,2,2
593,"9/06/99",1,3131149,2,2,4,"Uncle",2,2,0,2,0,1
594,"9/06/99",1,3131149,2,2,5,"Aunt",4,4,0,4,0,0
695,"8/12/99",1,3210139,1,1,1,"Parents",1,0,1,1,0,0
696,"8/12/99",1,3210139,1,1,2,"Brother",3,0,3,3,0,0
697,"8/12/99",1,3210139,1,1,3,"Sister",1,0,0,0,1,0
698,"8/12/99",1,3210139,1,1,5,"Aunt",1,0,0,1,0,0
699,"8/12/99",1,3210139,1,2,1,"Parents",2,0,0,0,2,0
700,"8/12/99",1,3210139,1,2,2,"Brother",1,0,0,0,1,0
701,"8/12/99",1,3210139,1,2,3,"Sister",6,0,0,1,5,0
702,"8/12/99",1,3210139,1,2,4,"Uncle",7,0,0,0,7,0
703,"8/12/99",1,3210139,1,2,5,"Aunt",1,0,0,1,0,0
764,"8/12/99",1,3210149,1,1,1,"Parents",1,0,1,1,0,0
765,"8/12/99",1,3210149,1,1,2,"Brother",4,0,2,2,0,0
766,"8/12/99",1,3210149,1,1,3,"Sister",2,0,0,1,1,0
767,"8/12/99",1,3210149,1,2,1,"Parents",2,1,0,2,0,0
768,"8/12/99",1,3210149,1,2,2,"Brother",3,0,0,2,1,0
769,"8/12/99",1,3210149,1,2,4,"Uncle",8,2,0,0,8,0
770,"8/12/99",1,3210149,1,2,5,"Aunt",2,1,0,1,1,0
804,"8/12/99",1,3210159,1,1,2,"Brother",1,0,0,1,0,0
704,"8/12/99",1,3210239,1,1,2,"Brother",2,2,0,2,0,0
705,"8/12/99",1,3210239,1,1,3,"Sister",3,0,0,3,0,0
706,"8/12/99",1,3210239,1,2,2,"Brother",3,2,0,0,3,0
707,"8/12/99",1,3210239,1,2,3,"Sister",3,0,0,0,3,0
708,"8/12/99",1,3210239,1,2,4,"Uncle",4,4,0,0,4,0
771,"8/12/99",1,3210249,1,2,2,"Brother",2,2,2,2,0,0
772,"8/12/99",1,3210249,1,2,3,"Sister",2,0,0,2,0,0
805,"8/12/99",1,3210259,1,1,2,"Brother",1,1,0,0,1,0
806,"8/12/99",1,3210259,1,1,3,"Sister",2,1,1,1,0,0
807,"8/12/99",1,3210259,1,2,1,"Parents",1,0,0,0,1,0
808,"8/12/99",1,3210259,1,2,2,"Brother",3,0,0,0,3,0
809,"8/12/99",1,3210259,1,2,3,"Sister",3,0,0,0,3,0
810,"8/12/99",1,3210259,1,2,5,"Aunt",1,0,0,0,1,0
709,"8/12/99",1,3210339,1,1,2,"Brother",2,0,0,2,0,0
710,"8/12/99",1,3210339,1,1,5,"Aunt",1,0,0,1,0,0
711,"8/12/99",1,3210339,1,1,6,"Son",2,0,0,2,0,0
712,"8/12/99",1,3210339,1,1,7,"Daughter",2,0,0,2,0,0
713,"8/12/99",1,3210339,1,2,2,"Brother",1,0,1,1,0,1
714,"8/12/99",1,3210339,1,2,3,"Sister",4,0,0,4,0,0
715,"8/12/99",1,3210339,1,2,4,"Uncle",1,0,1,1,0,0
716,"8/12/99",1,3210339,1,2,5,"Aunt",1,0,0,1,0,0
773,"8/12/99",1,3210349,2,1,2,"Brother",2,0,2,2,0,0
774,"8/12/99",1,3210349,2,1,3,"Sister",1,0,0,1,0,0
775,"8/12/99",1,3210349,2,1,4,"Uncle",3,0,0,3,0,0
776,"8/12/99",1,3210349,2,1,5,"Aunt",2,0,0,0,0,0
777,"8/12/99",1,3210349,2,2,1,"Parents",2,0,0,2,0,0
778,"8/12/99",1,3210349,2,2,2,"Brother",3,0,0,3,0,0
779,"8/12/99",1,3210349,2,2,4,"Uncle",4,0,0,2,2,0
780,"8/12/99",1,3210349,2,2,5,"Aunt",2,0,0,2,0,0
811,"8/12/99",1,3210359,1,1,2,"Brother",2,2,0,0,2,0
812,"8/12/99",1,3210359,1,1,4,"Uncle",4,4,0,0,4,0
813,"8/12/99",1,3210359,1,2,1,"Parents",1,0,0,1,0,0
814,"8/12/99",1,3210359,1,2,2,"Brother",5,0,0,0,5,0
815,"8/12/99",1,3210359,1,2,3,"Sister",1,0,0,0,1,0
816,"8/12/99",1,3210359,1,2,4,"Uncle",5,5,0,5,0,0
817,"8/12/99",1,3210359,1,2,5,"Aunt",3,0,0,3,0,0
717,"8/12/99",1,3210439,2,1,2,"Brother",1,1,0,0,1,0
718,"8/12/99",1,3210439,2,1,3,"Sister",1,0,1,1,0,0
719,"8/12/99",1,3210439,2,2,1,"Parents",1,1,0,1,0,0
720,"8/12/99",1,3210439,2,2,3,"Sister",1,0,0,1,0,0
721,"8/12/99",1,3210439,2,2,4,"Uncle",4,1,0,3,0,0
781,"8/12/99",1,3210449,1,1,3,"Sister",1,0,0,1,0,0
782,"8/12/99",1,3210449,1,1,4,"Uncle",1,1,0,1,0,0
783,"8/12/99",1,3210449,1,2,1,"Parents",1,0,0,1,0,0
784,"8/12/99",1,3210449,1,2,2,"Brother",1,0,0,1,0,0
785,"8/12/99",1,3210449,1,2,5,"Aunt",1,0,0,1,0,0
818,"8/12/99",1,3210459,1,1,2,"Brother",2,0,1,1,0,0
819,"8/12/99",1,3210459,1,1,3,"Sister",2,0,0,1,0,0
820,"8/12/99",1,3210459,1,2,1,"Parents",1,0,1,1,0,0
821,"8/12/99",1,3210459,1,2,2,"Brother",2,1,0,0,2,0
822,"8/12/99",1,3210459,1,2,3,"Sister",2,0,0,1,1,0
823,"8/12/99",1,3210459,1,2,4,"Uncle",1,0,1,1,0,0
824,"8/12/99",1,3210459,1,2,5,"Aunt",1,0,0,0,1,0
722,"8/12/99",1,3210539,1,1,4,"Uncle",1,0,1,1,0,0
723,"8/12/99",1,3210539,1,1,5,"Aunt",1,0,0,0,1,0
724,"8/12/99",1,3210539,1,1,6,"Son",1,0,1,1,0,0
725,"8/12/99",1,3210539,1,1,7,"Daughter",3,0,3,3,0,0
726,"8/12/99",1,3210539,1,2,1,"Parents",1,0,1,1,0,0
727,"8/12/99",1,3210539,1,2,2,"Brother",3,0,0,1,2,0
728,"8/12/99",1,3210539,1,2,3,"Sister",1,0,1,1,0,0
729,"8/12/99",1,3210539,1,2,4,"Uncle",3,0,3,3,0,0
730,"8/12/99",1,3210539,1,2,5,"Aunt",5,0,5,5,0,0
786,"8/12/99",1,3210549,1,1,2,"Brother",1,0,1,1,0,0
787,"8/12/99",1,3210549,1,2,2,"Brother",2,0,0,2,0,2
788,"8/12/99",1,3210549,1,2,3,"Sister",1,0,0,1,0,0
789,"8/12/99",1,3210549,1,2,4,"Uncle",2,2,0,2,0,0
731,"8/12/99",1,3210619,2,1,2,"Brother",3,0,3,3,0,0
732,"8/12/99",1,3210619,2,1,3,"Sister",1,0,0,1,0,0
733,"8/12/99",1,3210619,2,1,5,"Aunt",2,0,0,1,1,0
734,"8/12/99",1,3210619,2,1,6,"Son",1,0,0,0,1,1
735,"8/12/99",1,3210619,2,2,2,"Brother",4,0,0,0,4,0
736,"8/12/99",1,3210619,2,2,3,"Sister",1,0,0,1,0,0
790,"8/12/99",1,3210649,1,1,1,"Parents",1,1,1,1,0,0
791,"8/12/99",1,3210649,1,1,2,"Brother",3,3,3,3,0,0
792,"8/12/99",1,3210649,1,1,3,"Sister",3,0,0,3,0,0
793,"8/12/99",1,3210649,1,2,1,"Parents",1,0,0,1,0,0
794,"8/12/99",1,3210649,1,2,2,"Brother",4,4,0,4,0,0
795,"8/12/99",1,3210649,1,2,3,"Sister",3,3,0,3,0,0
739,"8/12/99",1,3210739,1,1,1,"Parents",1,0,1,1,0,0
740,"8/12/99",1,3210739,1,1,3,"Sister",3,0,2,2,1,0
741,"8/12/99",1,3210739,1,1,4,"Uncle",4,0,4,4,0,0
742,"8/12/99",1,3210739,1,1,5,"Aunt",3,0,3,3,0,0
743,"8/12/99",1,3210739,1,2,2,"Brother",1,0,0,1,0,0
744,"8/12/99",1,3210739,1,2,3,"Sister",3,0,0,3,0,0
745,"8/12/99",1,3210739,1,2,4,"Uncle",2,0,0,2,0,0
746,"8/12/99",1,3210739,1,2,5,"Aunt",3,1,0,3,0,0
796,"8/12/99",1,3210749,1,1,1,"Parents",1,0,1,1,0,0
797,"8/12/99",1,3210749,1,1,3,"Sister",4,0,0,4,0,0
798,"8/12/99",1,3210749,1,1,4,"Uncle",8,8,0,4,4,0
799,"8/12/99",1,3210749,1,1,5,"Aunt",5,0,0,0,5,0
800,"8/12/99",1,3210749,1,2,1,"Parents",1,0,0,1,0,0
801,"8/12/99",1,3210749,1,2,2,"Brother",6,0,0,3,3,0
802,"8/12/99",1,3210749,1,2,3,"Sister",3,0,0,3,0,0
803,"8/12/99",1,3210749,1,2,4,"Uncle",3,2,0,3,0,0
745,"8/12/99",1,3210829,1,1,1,"Parents",1,0,1,1,0,0
746,"8/12/99",1,3210829,1,1,2,"Brother",5,0,2,3,2,0
747,"8/12/99",1,3210829,1,1,3,"Sister",2,0,1,1,1,0
748,"8/12/99",1,3210829,1,1,5,"Aunt",1,0,0,1,0,0
749,"8/12/99",1,3210829,1,2,2,"Brother",2,0,0,2,0,0
750,"8/12/99",1,3210829,1,2,3,"Sister",4,0,0,4,0,0
751,"8/12/99",1,3210829,1,2,5,"Aunt",1,0,0,1,0,0
752,"8/12/99",1,3210929,1,1,2,"Brother",1,1,1,1,0,0
753,"8/12/99",1,3210929,2,2,1,"Parents",2,1,0,0,2,2
754,"8/12/99",1,3210929,2,2,2,"Brother",4,0,0,0,4,3
755,"8/12/99",1,3210929,2,2,3,"Sister",3,0,0,0,3,0
756,"8/12/99",1,3210929,2,2,4,"Uncle",7,2,0,0,7,0
757,"8/12/99",1,3210929,2,2,5,"Aunt",4,0,0,0,4,0
758,"8/12/99",1,3211039,1,1,2,"Brother",3,0,3,3,0,0
759,"8/12/99",1,3211039,1,1,3,"Sister",1,0,0,1,0,0
760,"8/12/99",1,3211039,1,1,5,"Aunt",2,0,0,2,0,0
761,"8/12/99",1,3211039,1,2,2,"Brother",1,0,1,1,0,0
762,"8/12/99",1,3211039,1,2,3,"Sister",1,0,0,1,0,0
763,"8/12/99",1,3211039,1,2,4,"Uncle",1,0,1,1,0,0
133,"8/22/99",1,3220139,1,1,1,"Parents",1,0,1,1,0,0
134,"8/24/99",1,3220139,1,1,2,"Brother",4,0,4,4,0,0
135,"8/24/99",1,3220139,1,1,3,"Sister",3,0,2,2,0,0
136,"8/24/99",1,3220139,1,2,2,"Brother",2,0,0,2,0,0
137,"8/24/99",1,3220139,1,2,3,"Sister",3,0,0,0,3,0
210,"9/06/99",1,3220149,1,1,2,"Brother",1,0,1,1,0,0
211,"9/06/99",1,3220149,1,1,3,"Sister",4,0,0,4,0,0
212,"9/06/99",1,3220149,1,1,4,"Uncle",1,0,1,1,0,0
213,"9/06/99",1,3220149,2,2,1,"Parents",2,0,0,2,0,0
214,"9/06/99",1,3220149,2,2,2,"Brother",3,0,0,3,0,0
215,"9/06/99",1,3220149,2,2,3,"Sister",2,0,0,2,0,0
216,"9/06/99",1,3220149,2,2,4,"Uncle",3,0,0,3,0,0
251,"9/06/99",1,3220159,1,1,1,"Parents",2,1,2,2,0,0
252,"9/06/99",1,3220159,1,1,2,"Brother",5,0,4,4,1,0
253,"9/06/99",1,3220159,1,1,3,"Sister",2,0,0,2,0,0
254,"9/06/99",1,3220159,1,1,4,"Uncle",7,5,7,7,0,0
255,"9/06/99",1,3220159,1,1,5,"Aunt",5,0,0,5,0,0
256,"9/06/99",1,3220159,1,2,1,"Parents",1,0,0,0,0,0
257,"9/06/99",1,3220159,1,2,2,"Brother",6,0,3,3,3,0
258,"9/06/99",1,3220159,1,2,3,"Sister",6,0,3,3,0,0
259,"9/06/99",1,3220159,1,2,4,"Uncle",10,4,0,6,4,0
260,"9/06/99",1,3220159,1,2,5,"Aunt",10,0,10,10,0,0
138,"8/24/99",1,3220239,2,1,1,"Parents",1,0,1,1,0,0
139,"8/24/99",1,3220239,2,1,2,"Brother",3,0,0,2,1,0
140,"8/24/99",1,3220239,2,1,3,"Sister",4,0,1,3,0,0
141,"8/24/99",1,3220239,2,1,4,"Uncle",1,0,1,1,0,0
142,"8/24/99",1,3220239,2,2,2,"Brother",2,0,0,1,1,0
143,"8/24/99",1,3220239,2,2,3,"Sister",1,0,0,0,1,0
144,"8/24/99",1,3220239,2,2,4,"Uncle",3,0,0,3,0,0
145,"8/24/99",1,3220239,2,2,5,"Aunt",3,0,0,3,0,0
217,"9/06/99",1,3220249,2,1,1,"Parents",1,0,1,1,0,0
218,"9/06/99",1,3220249,2,1,4,"Uncle",1,0,1,1,0,0
219,"9/06/99",1,3220249,2,1,5,"Aunt",4,0,4,4,0,0
220,"9/06/99",1,3220249,2,2,1,"Parents",2,0,0,2,0,0
221,"9/06/99",1,3220249,2,2,2,"Brother",1,0,0,1,0,0
222,"9/06/99",1,3220249,2,2,3,"Sister",1,0,0,1,0,0
223,"9/06/99",1,3220249,2,2,4,"Uncle",3,0,0,3,0,0
224,"9/06/99",1,3220249,2,2,5,"Aunt",1,0,1,1,0,0
261,"9/06/99",1,3220259,2,1,2,"Brother",2,2,0,2,0,0
262,"9/06/99",1,3220259,2,1,3,"Sister",3,3,0,3,0,0
263,"9/06/99",1,3220259,2,1,4,"Uncle",2,2,0,2,0,0
264,"9/06/99",1,3220259,2,1,5,"Aunt",1,0,0,1,0,0
265,"9/06/99",1,3220259,2,2,2,"Brother",1,1,0,1,0,0
266,"9/06/99",1,3220259,2,2,3,"Sister",1,1,0,1,0,0
1.79769313486232e+308,"",1.79769313486232e+308,3220339,1.79769313486232e+308,1.79769313486232e+308,1.79769313486232e+308,"",1.79769313486232e+308,1.79769313486232e+308,1.79769313486232e+308,1.79769313486232e+308,1.79769313486232e+308,1.79769313486232e+308
225,"9/06/99",1,3220349,2,1,1,"Parents",2,0,0,2,0,0
226,"9/06/99",1,3220349,2,1,2,"Brother",3,0,3,3,0,0
227,"9/06/99",1,3220349,2,1,4,"Uncle",2,0,2,2,0,0
228,"9/06/99",1,3220349,2,1,5,"Aunt",5,0,0,5,0,0
229,"9/06/99",1,3220349,2,2,1,"Parents",1,0,1,1,0,0
230,"9/06/99",1,3220349,2,2,2,"Brother",1,0,0,1,0,0
231,"9/06/99",1,3220349,2,2,3,"Sister",2,0,0,2,0,0
232,"9/06/99",1,3220349,2,2,4,"Uncle",8,0,0,2,5,0
233,"9/06/99",1,3220349,2,2,5,"Aunt",3,0,0,3,0,0
267,"9/06/99",1,3220359,1,1,2,"Brother",1,0,1,1,0,0
268,"9/06/99",1,3220359,1,1,3,"Sister",3,0,0,3,0,0
269,"9/06/99",1,3220359,1,2,1,"Parents",2,0,2,2,0,0
270,"9/06/99",1,3220359,1,2,2,"Brother",2,0,1,1,1,0
271,"9/06/99",1,3220359,1,2,3,"Sister",3,0,1,2,0,0
272,"9/06/99",1,3220359,1,2,4,"Uncle",3,0,3,3,0,0
147,"8/24/99",1,3220419,1,1,1,"Parents",1,0,1,1,0,0
148,"8/24/99",1,3220419,1,1,2,"Brother",6,0,6,6,0,0
149,"8/24/99",1,3220419,1,1,4,"Uncle",1,1,1,1,0,0
150,"8/24/99",1,3220419,1,1,5,"Aunt",3,0,1,2,1,0
151,"8/24/99",1,3220419,1,2,1,"Parents",1,0,0,1,0,0
152,"8/24/99",1,3220419,1,2,2,"Brother",1,0,1,1,0,0
153,"8/24/99",1,3220419,1,2,3,"Sister",1,0,0,1,0,0
154,"8/24/99",1,3220419,1,2,4,"Uncle",8,0,0,8,0,0
155,"8/24/99",1,3220419,1,2,5,"Aunt",3,0,0,3,0,0
234,"9/06/99",1,3220449,1,1,1,"Parents",1,0,1,1,0,0
235,"9/06/99",1,3220449,1,1,2,"Brother",3,0,3,3,0,0
236,"9/06/99",1,3220449,1,1,4,"Uncle",2,0,2,2,0,0
237,"9/06/99",1,3220449,1,1,5,"Aunt",5,0,0,5,0,0
238,"9/06/99",1,3220449,1,2,1,"Parents",2,0,0,2,0,0
239,"9/06/99",1,3220449,1,2,2,"Brother",4,0,0,4,0,0
240,"9/06/99",1,3220449,1,2,3,"Sister",1,0,0,1,0,0
241,"9/06/99",1,3220449,1,2,4,"Uncle",4,0,0,4,0,0
242,"9/06/99",1,3220449,1,2,5,"Aunt",1,0,0,1,0,0
273,"9/06/99",1,3220459,2,1,1,"Parents",1,0,1,1,0,0
274,"9/06/99",1,3220459,2,1,3,"Sister",4,4,1,3,0,0
275,"9/06/99",1,3220459,2,1,5,"Aunt",2,2,0,2,0,0
276,"9/06/99",1,3220459,2,2,1,"Parents",2,2,0,2,0,0
277,"9/06/99",1,3220459,2,2,2,"Brother",4,0,0,4,0,0
278,"9/06/99",1,3220459,2,2,3,"Sister",4,0,0,4,0,0
279,"9/06/99",1,3220459,2,2,4,"Uncle",2,2,0,2,0,0
156,"8/24/99",1,3220539,1,1,1,"Parents",1,0,1,1,0,0
157,"8/24/99",1,3220539,1,1,2,"Brother",4,0,4,4,0,0
158,"8/24/99",1,3220539,1,1,3,"Sister",3,0,2,2,1,0
159,"8/24/99",1,3220539,2,2,2,"Brother",5,0,0,0,5,0
160,"8/24/99",1,3220539,2,2,3,"Sister",4,0,0,0,4,0
243,"9/06/99",1,3220549,2,1,1,"Parents",2,0,0,2,0,2
244,"9/06/99",1,3220549,2,1,2,"Brother",1,0,1,1,0,0
245,"9/06/99",1,3220549,2,1,3,"Sister",3,0,0,3,0,0
246,"9/06/99",1,3220549,2,1,6,"Son",1,0,0,0,0,0
247,"9/06/99",1,3220549,2,1,7,"Daughter",1,0,0,0,0,0
248,"9/06/99",1,3220549,2,2,2,"Brother",2,0,0,2,0,0
249,"9/06/99",1,3220549,2,2,3,"Sister",4,0,0,4,0,0
250,"9/06/99",1,3220549,2,2,4,"Uncle",1,0,0,1,0,0
161,"8/24/99",1,3220619,1,1,2,"Brother",3,0,3,3,0,0
162,"8/24/99",1,3220619,1,1,3,"Sister",3,0,1,2,0,0
163,"8/24/99",1,3220619,1,1,4,"Uncle",4,0,2,2,0,0
164,"8/24/99",1,3220619,1,1,5,"Aunt",5,0,3,3,0,0
165,"8/24/99",1,3220619,1,2,1,"Parents",2,0,0,2,0,0
166,"8/24/99",1,3220619,1,2,2,"Brother",3,0,0,3,0,0
167,"8/24/99",1,3220619,1,2,3,"Sister",4,0,0,4,0,0
168,"8/24/99",1,3220619,1,2,4,"Uncle",3,0,0,3,0,0
169,"8/24/99",1,3220619,1,2,5,"Aunt",2,0,0,1,1,0
170,"8/24/99",1,3220739,2,1,2,"Brother",2,2,2,2,0,2
171,"8/24/99",1,3220739,2,1,3,"Sister",1,0,0,1,0,1
172,"8/24/99",1,3220739,2,2,2,"Brother",1,0,0,1,0,0
173,"8/24/99",1,3220739,2,2,3,"Sister",2,0,0,1,1,0
174,"8/24/99",1,3220739,2,2,4,"Uncle",2,0,0,2,0,0
175,"8/24/99",1,3220839,3,1,2,"Brother",4,0,4,4,0,0
176,"8/24/99",1,3220839,3,1,3,"Sister",3,0,2,2,0,0
177,"8/24/99",1,3220839,3,2,3,"Sister",4,0,0,0,4,0
178,"8/24/99",1,3220839,3,2,4,"Uncle",2,0,0,0,2,0
179,"8/24/99",1,3220839,3,2,6,"Son",4,0,4,4,0,0
180,"8/24/99",1,3220839,3,2,7,"Daughter",3,0,3,3,0,0
181,"8/24/99",1,3220939,1,1,1,"Parents",1,0,1,1,0,0
182,"8/24/99",1,3220939,1,1,2,"Brother",4,0,4,4,0,0
183,"8/24/99",1,3220939,1,1,3,"Sister",3,0,2,2,0,0
184,"8/24/99",1,3220939,1,2,2,"Brother",3,0,0,3,0,0
185,"8/24/99",1,3220939,1,2,3,"Sister",2,0,0,2,0,0
186,"8/24/99",1,3220939,1,2,4,"Uncle",1,0,0,1,0,0
187,"8/24/99",1,3220939,1,2,5,"Aunt",3,0,0,3,0,0
188,"8/24/99",1,3221019,1,1,1,"Parents",2,0,2,2,0,0
189,"8/24/99",1,3221019,1,1,2,"Brother",7,0,7,7,0,0
190,"8/24/99",1,3221019,1,1,5,"Aunt",6,0,0,6,0,0
191,"8/24/99",1,3221019,1,2,1,"Parents",1,0,1,1,0,1
192,"8/24/99",1,3221019,1,2,2,"Brother",2,0,0,2,0,0
193,"8/24/99",1,3221019,1,2,3,"Sister",2,0,0,2,0,0
194,"8/24/99",1,3221019,1,2,4,"Uncle",6,0,0,6,0,0
195,"8/24/99",1,3221019,1,2,5,"Aunt",3,0,0,3,0,0
196,"8/24/99",1,3221139,2,1,1,"Parents",1,0,0,1,0,0
197,"9/06/99",1,3221139,2,1,2,"Brother",3,3,0,3,0,0
198,"9/06/99",1,3221139,2,1,3,"Sister",6,0,0,6,0,0
199,"9/06/99",1,3221139,2,1,4,"Uncle",2,2,0,2,0,0
200,"9/06/99",1,3221139,2,1,5,"Aunt",4,0,0,4,0,0
201,"9/06/99",1,3221139,2,2,1,"Parents",1,0,1,1,0,0
202,"9/06/99",1,3221139,2,2,2,"Brother",1,0,0,1,0,0
203,"9/06/99",1,3221139,2,2,4,"Uncle",4,4,0,4,0,0
204,"9/06/99",1,3221139,2,2,5,"Aunt",4,0,0,4,0,0
205,"9/06/99",1,3221239,1,1,2,"Brother",3,0,0,3,0,0
206,"9/06/99",1,3221239,1,1,3,"Sister",1,0,0,1,0,0
207,"9/06/99",1,3221239,1,2,1,"Parents",1,0,0,1,0,0
208,"9/06/99",1,3221239,1,2,2,"Brother",3,0,0,1,2,0
209,"9/06/99",1,3221239,1,2,3,"Sister",3,0,0,3,0,0
280,"9/06/99",1,3230139,2,1,1,"Parents",2,0,2,2,0,1
281,"9/08/99",1,3230139,2,1,2,"Brother",3,0,2,2,1,2
282,"9/08/99",1,3230139,2,1,3,"Sister",3,0,0,3,0,0
283,"9/08/99",1,3230139,2,1,5,"Aunt",1,0,0,1,0,0
284,"9/08/99",1,3230139,2,2,2,"Brother",2,0,2,2,0,1
285,"9/08/99",1,3230139,2,2,3,"Sister",3,0,3,3,0,0
342,"9/08/99",1,3230149,1,1,1,"Parents",1,1,1,1,0,0
343,"9/08/99",1,3230149,1,1,2,"Brother",1,1,1,1,0,0
344,"9/08/99",1,3230149,1,2,1,"Parents",2,0,0,2,0,0
345,"9/08/99",1,3230149,1,2,2,"Brother",2,0,0,2,0,0
346,"9/08/99",1,3230149,1,2,3,"Sister",4,0,0,3,1,0
347,"9/08/99",1,3230149,1,2,6,"Son",1,0,0,1,0,0
393,"9/10/99",1,3230159,1,1,2,"Brother",4,0,4,4,0,0
394,"9/10/99",1,3230159,1,1,3,"Sister",4,0,2,2,0,0
286,"9/08/99",1,3230219,1,1,1,"Parents",1,0,1,1,0,0
287,"9/08/99",1,3230219,1,1,2,"Brother",2,0,2,2,0,0
288,"9/08/99",1,3230219,1,1,3,"Sister",2,0,1,1,0,0
289,"9/08/99",1,3230219,1,1,4,"Uncle",1,1,1,1,0,0
290,"9/08/99",1,3230219,1,1,5,"Aunt",1,0,1,1,0,0
291,"9/08/99",1,3230219,1,2,1,"Parents",1,0,0,1,0,0
292,"9/08/99",1,3230219,1,2,2,"Brother",1,0,0,1,0,0
293,"9/08/99",1,3230219,1,2,3,"Sister",5,0,0,5,0,0
294,"9/08/99",1,3230219,1,2,4,"Uncle",2,2,0,0,2,0
295,"9/08/99",1,3230219,1,2,5,"Aunt",4,0,0,4,0,0
348,"9/08/99",1,3230249,2,1,3,"Sister",2,0,0,2,0,0
349,"9/10/99",1,3230249,2,2,1,"Parents",2,0,0,2,0,0
350,"9/10/99",1,3230249,2,2,2,"Brother",2,0,0,2,0,0
351,"9/10/99",1,3230249,2,2,3,"Sister",4,0,0,4,0,0
395,"9/10/99",1,3230259,1,1,2,"Brother",1,0,0,1,0,0
396,"9/10/99",1,3230259,1,1,3,"Sister",1,0,0,1,0,0
397,"9/10/99",1,3230259,1,2,2,"Brother",2,0,0,2,0,0
398,"9/10/99",1,3230259,1,2,3,"Sister",4,0,0,4,0,0
399,"9/10/99",1,3230259,1,2,4,"Uncle",2,0,0,2,0,0
296,"9/08/99",1,3230339,2,2,1,"Parents",1,0,0,0,0,0
297,"9/08/99",1,3230339,2,2,2,"Brother",1,0,1,1,0,0
298,"9/08/99",1,3230339,2,2,3,"Sister",4,0,0,4,0,0
299,"9/08/99",1,3230339,2,2,5,"Aunt",1,0,0,1,0,0
352,"9/10/99",1,3230349,1,1,1,"Parents",1,0,1,1,0,0
353,"9/10/99",1,3230349,1,1,2,"Brother",2,0,2,2,0,0
354,"9/10/99",1,3230349,1,1,3,"Sister",3,0,0,3,0,0
355,"9/10/99",1,3230349,1,1,4,"Uncle",1,0,1,1,0,0
356,"9/10/99",1,3230349,1,1,5,"Aunt",1,0,1,1,0,0
357,"9/10/99",1,3230349,1,2,1,"Parents",1,0,0,0,0,0
358,"9/10/99",1,3230349,1,2,2,"Brother",3,1,0,3,0,0
359,"9/10/99",1,3230349,1,2,3,"Sister",1,0,0,1,0,0
360,"9/10/99",1,3230349,1,2,4,"Uncle",4,0,0,4,0,0
361,"9/10/99",1,3230349,1,2,5,"Aunt",3,0,0,3,0,0
400,"9/10/99",1,3230359,2,1,1,"Parents",1,0,1,1,0,0
401,"9/10/99",1,3230359,2,1,2,"Brother",3,0,3,3,0,0
402,"9/10/99",1,3230359,2,1,3,"Sister",2,0,0,2,0,0
403,"9/10/99",1,3230359,2,1,4,"Uncle",3,0,0,3,0,0
404,"9/10/99",1,3230359,2,1,5,"Aunt",1,0,0,1,0,0
405,"9/10/99",1,3230359,2,2,1,"Parents",2,0,0,2,0,0
406,"9/10/99",1,3230359,2,2,2,"Brother",4,0,0,4,0,0
407,"9/10/99",1,3230359,2,2,3,"Sister",3,0,0,3,0,0
408,"9/10/99",1,3230359,2,2,4,"Uncle",3,0,0,3,0,0
409,"9/10/99",1,3230359,2,2,5,"Aunt",2,0,0,2,0,0
300,"9/08/99",1,3230439,1,1,1,"Parents",1,0,1,1,0,0
301,"9/08/99",1,3230439,1,1,2,"Brother",2,0,2,2,0,0
302,"9/08/99",1,3230439,1,1,3,"Sister",4,0,1,3,0,0
303,"9/08/99",1,3230439,1,1,5,"Aunt",2,0,0,2,0,0
304,"9/08/99",1,3230439,1,2,1,"Parents",2,0,0,2,0,0
305,"9/08/99",1,3230439,1,2,2,"Brother",3,0,0,3,0,0
306,"9/08/99",1,3230439,1,2,3,"Sister",5,0,0,5,0,0
307,"9/08/99",1,3230439,1,2,4,"Uncle",4,0,0,4,0,0
362,"9/10/99",1,3230449,1,1,1,"Parents",2,0,2,2,0,1
363,"9/10/99",1,3230449,1,1,2,"Brother",4,0,4,4,0,0
364,"9/10/99",1,3230449,1,1,3,"Sister",3,0,0,3,0,0
365,"9/10/99",1,3230449,1,1,4,"Uncle",1,0,0,1,0,0
366,"9/10/99",1,3230449,1,1,5,"Aunt",2,0,0,2,0,0
367,"9/10/99",1,3230449,1,2,1,"Parents",2,1,0,2,0,0
368,"9/10/99",1,3230449,1,2,2,"Brother",2,0,0,2,0,0
369,"9/10/99",1,3230449,1,2,3,"Sister",2,0,0,2,0,0
370,"9/10/99",1,3230449,1,2,4,"Uncle",3,0,0,3,0,0
371,"9/10/99",1,3230449,1,2,5,"Aunt",2,0,0,2,0,0
410,"9/10/99",1,3230459,1,1,1,"Parents",2,0,2,2,0,0
411,"9/10/99",1,3230459,1,1,3,"Sister",1,0,0,1,0,0
412,"9/10/99",1,3230459,1,1,5,"Aunt",2,0,0,2,0,0
413,"9/10/99",1,3230459,1,2,1,"Parents",2,0,0,2,0,2
414,"9/10/99",1,3230459,1,2,2,"Brother",4,0,0,4,0,1
415,"9/10/99",1,3230459,1,2,4,"Uncle",1,0,0,1,0,0
416,"9/10/99",1,3230459,1,2,5,"Aunt",2,0,0,2,0,0
308,"9/08/99",1,3230539,1,1,2,"Brother",2,0,2,2,0,0
309,"9/08/99",1,3230539,1,1,3,"Sister",4,0,2,2,0,0
310,"9/08/99",1,3230539,1,2,1,"Parents",1,0,0,1,0,0
311,"9/08/99",1,3230539,1,2,2,"Brother",5,0,0,5,0,2
312,"9/08/99",1,3230539,1,2,3,"Sister",5,0,0,5,0,0
313,"9/08/99",1,3230539,1,2,5,"Aunt",1,0,0,1,0,0
372,"9/10/99",1,3230549,1,1,1,"Parents",1,0,1,1,0,0
373,"9/10/99",1,3230549,1,1,2,"Brother",4,0,2,2,0,0
374,"9/10/99",1,3230549,1,1,3,"Sister",2,0,0,2,0,0
375,"9/10/99",1,3230549,1,1,4,"Uncle",1,1,0,1,0,0
376,"9/10/99",1,3230549,1,1,5,"Aunt",1,0,0,1,0,0
377,"9/10/99",1,3230549,1,2,1,"Parents",2,1,0,2,0,2
378,"9/10/99",1,3230549,1,2,2,"Brother",4,0,0,3,1,2
379,"9/10/99",1,3230549,1,2,3,"Sister",5,0,0,5,0,0
314,"9/08/99",1,3230639,3,1,2,"Brother",2,0,0,0,0,0
380,"9/10/99",1,3230649,1,2,2,"Brother",2,0,0,2,0,0
381,"9/10/99",1,3230649,1,2,3,"Sister",2,0,0,2,0,0
382,"9/10/99",1,3230649,1,2,4,"Uncle",3,0,0,3,0,0
383,"9/10/99",1,3230649,1,2,5,"Aunt",2,0,0,2,0,0
315,"9/08/99",1,3230719,1,1,1,"Parents",1,1,0,1,0,1
316,"9/08/99",1,3230719,1,1,2,"Brother",2,0,2,2,0,0
317,"9/08/99",1,3230719,1,1,3,"Sister",2,0,1,1,0,0
318,"9/08/99",1,3230719,1,1,4,"Uncle",1,1,1,1,0,0
319,"9/08/99",1,3230719,1,1,5,"Aunt",1,0,1,1,0,1
320,"9/08/99",1,3230719,1,2,2,"Brother",2,0,0,1,0,2
321,"9/08/99",1,3230719,1,2,3,"Sister",2,0,0,2,0,0
322,"9/08/99",1,3230719,1,2,4,"Uncle",2,0,0,2,0,0
323,"9/08/99",1,3230719,1,2,5,"Aunt",2,0,0,2,0,0
384,"9/10/99",1,3230749,1,1,1,"Parents",1,0,1,1,0,1
385,"9/10/99",1,3230749,1,1,3,"Sister",2,0,2,2,0,0
386,"9/10/99",1,3230749,1,1,4,"Uncle",2,0,2,2,0,0
387,"9/10/99",1,3230749,1,1,5,"Aunt",4,0,2,2,0,0
388,"9/10/99",1,3230749,1,2,1,"Parents",1,0,0,1,0,1
389,"9/10/99",1,3230749,1,2,2,"Brother",2,0,0,2,0,0
390,"9/10/99",1,3230749,1,2,3,"Sister",4,0,0,4,0,0
391,"9/10/99",1,3230749,1,2,4,"Uncle",6,0,0,6,0,0
392,"9/10/99",1,3230749,1,2,5,"Aunt",5,0,0,5,0,0
324,"9/08/99",1,3230839,2,1,2,"Brother",5,0,0,5,0,0
325,"9/08/99",1,3230839,2,1,3,"Sister",1,0,0,1,0,0
326,"9/08/99",1,3230839,2,2,1,"Parents",1,0,1,1,0,0
327,"9/08/99",1,3230839,2,2,2,"Brother",3,0,3,3,0,2
328,"9/08/99",1,3230839,2,2,3,"Sister",4,0,1,3,0,0
329,"9/08/99",1,3230839,2,2,5,"Aunt",2,0,2,2,0,0
330,"9/08/99",1,3230939,1,1,2,"Brother",3,0,3,3,0,0
331,"9/08/99",1,3230939,1,1,3,"Sister",1,0,0,1,0,0
332,"9/08/99",1,3230939,1,1,4,"Uncle",2,0,0,2,0,0
333,"9/08/99",1,3230939,1,2,2,"Brother",1,0,0,1,0,0
334,"9/08/99",1,3230939,1,2,3,"Sister",1,0,0,1,0,0
335,"9/08/99",1,3230939,1,2,4,"Uncle",2,0,0,2,0,0
336,"9/08/99",1,3230939,1,2,5,"Aunt",3,0,0,3,0,0
337,"9/08/99",1,3231039,1,1,2,"Brother",3,0,3,3,0,0
338,"9/08/99",1,3231039,1,1,3,"Sister",5,0,2,3,0,0
339,"9/08/99",1,3231039,1,2,1,"Parents",2,0,0,2,0,0
340,"9/08/99",1,3231039,1,2,2,"Brother",3,0,0,3,0,0
341,"9/08/99",1,3231039,1,2,3,"Sister",5,0,0,5,0,0