"casenum","date","weight_","hhcode","crisisid","crisisde","loss","hcf1","hcf2","exp"
50,"6/06/99",1,110111,1,"Death of primary income eraner",1.79769313486232e+308,4,2,8500
51,"6/06/99",1,110111,2,"Crop damage",1500,1,1.79769313486232e+308,1.79769313486232e+308
52,"6/06/99",1,110112,8,"Huge expenditure due to illness",7000,2,7,5000
53,"6/06/99",1,110112,9,"Loss of money",1700,1,1.79769313486232e+308,0
76,"6/06/99",1,110141,2,"Crop damage",7000,2,1.79769313486232e+308,1500
77,"6/06/99",1,110141,5,"Death of cow/buffalo",7000,7,1.79769313486232e+308,3500
78,"6/06/99",1,110141,8,"Huge expenditure due to illness",1.79769313486232e+308,2,1.79769313486232e+308,1500
84,"6/06/99",1,110151,2,"Crop damage",2000,2,1.79769313486232e+308,1200
85,"6/06/99",1,110151,6,"Damage to house/land due to erosion",25000,1,1.79769313486232e+308,1.79769313486232e+308
54,"6/06/99",1,110211,24,"Expenditure for daughter's marriage",1.79769313486232e+308,2,1.79769313486232e+308,18500
79,"6/06/99",1,110241,8,"Huge expenditure due to illness",1.79769313486232e+308,2,1.79769313486232e+308,3000
86,"6/06/99",1,110251,2,"Crop damage",30000,2,1.79769313486232e+308,7000
87,"6/06/99",1,110251,3,"Burglery/Theft",16000,1,1.79769313486232e+308,1.79769313486232e+308
88,"6/06/99",1,110251,5,"Death of cow/buffalo",5000,2,1.79769313486232e+308,250
55,"6/06/99",1,110311,1,"Death of primary income eraner",1.79769313486232e+308,1,1.79769313486232e+308,2000
80,"6/06/99",1,110341,1.79769313486232e+308,"",1.79769313486232e+308,1.79769313486232e+308,1.79769313486232e+308,1.79769313486232e+308
89,"6/06/99",1,110351,2,"Crop damage",10000,2,1.79769313486232e+308,500
90,"6/06/99",1,110352,2,"Crop damage",8000,2,1.79769313486232e+308,2000
91,"6/06/99",1,110352,8,"Huge expenditure due to illness",1.79769313486232e+308,2,1.79769313486232e+308,600
56,"6/06/99",1,110411,2,"Crop damage",5000,2,4,5000
57,"6/06/99",1,110411,8,"Huge expenditure due to illness",52000,2,3,52000
81,"6/06/99",1,110441,8,"Huge expenditure due to illness",1.79769313486232e+308,2,1.79769313486232e+308,600
92,"6/06/99",1,110459,2,"Crop damage",10000,2,1.79769313486232e+308,3000
93,"6/06/99",1,110459,8,"Huge expenditure due to illness",1.79769313486232e+308,2,1.79769313486232e+308,2000
58,"6/06/99",1,110511,2,"Crop damage",25000,1.79769313486232e+308,1.79769313486232e+308,7000
59,"6/06/99",1,110511,8,"Huge expenditure due to illness",1500,2,1.79769313486232e+308,1000
82,"6/06/99",1,110541,2,"Crop damage",5000,2,1.79769313486232e+308,1500
83,"6/06/99",1,110542,1.79769313486232e+308,"",1.79769313486232e+308,1.79769313486232e+308,1.79769313486232e+308,1.79769313486232e+308
60,"6/06/99",1,110611,2,"Crop damage",15000,2,5,6000
61,"6/06/99",1,110612,2,"Crop damage",1500,2,1.79769313486232e+308,350
62,"6/06/99",1,110612,8,"Huge expenditure due to illness",1.79769313486232e+308,2,1.79769313486232e+308,9000
63,"6/06/99",1,110711,3,"Burglery/Theft",1000,2,1.79769313486232e+308,800
64,"6/06/99",1,110711,9,"Loss of money",640,2,1.79769313486232e+308,200
65,"6/06/99",1,110711,13,"Unnatural death of family member",1.79769313486232e+308,2,1.79769313486232e+308,700
66,"6/06/99",1,110811,1,"Death of primary income eraner",1.79769313486232e+308,1,1.79769313486232e+308,6000
67,"6/06/99",1,110811,2,"Crop damage",4500,2,1.79769313486232e+308,1500
68,"6/06/99",1,110811,30,"Others",2000,1,1.79769313486232e+308,1.79769313486232e+308
69,"6/06/99",1,110911,8,"Huge expenditure due to illness",2500,2,5,2000
70,"6/06/99",1,111011,2,"Crop damage",7000,2,5,2000
71,"6/06/99",1,111111,2,"Crop damage",2000,2,1.79769313486232e+308,700
72,"6/06/99",1,111211,1,"Death of primary income eraner",1.79769313486232e+308,1,1.79769313486232e+308,1.79769313486232e+308
73,"6/06/99",1,111211,2,"Crop damage",8000,2,1.79769313486232e+308,5000
74,"6/06/99",1,111211,5,"Death of cow/buffalo",15000,2,1.79769313486232e+308,200
75,"6/06/99",1,111211,8,"Huge expenditure due to illness",1.79769313486232e+308,2,1.79769313486232e+308,5000
28,"7/22/99",1,120111,7,"Damage to house/land due to cyclone",2500,23,1.79769313486232e+308,2500
29,"7/22/99",1,120111,24,"Expenditure for daughter's marriage",3000,5,1.79769313486232e+308,3000
49,"7/22/99",1,120141,2,"Crop damage",2000,2,1.79769313486232e+308,500
56,"7/22/99",1,120151,2,"Crop damage",2000,2,1.79769313486232e+308,500
57,"7/22/99",1,120151,3,"Burglery/Theft",1000,1,1.79769313486232e+308,1.79769313486232e+308
58,"7/22/99",1,120152,2,"Crop damage",2000,2,1.79769313486232e+308,500
59,"7/22/99",1,120152,8,"Huge expenditure due to illness",1.79769313486232e+308,2,1.79769313486232e+308,8000
30,"7/22/99",1,120211,3,"Burglery/Theft",55000,7,1.79769313486232e+308,1.79769313486232e+308
31,"7/22/99",1,120211,8,"Huge expenditure due to illness",1.79769313486232e+308,2,1.79769313486232e+308,3000
32,"7/22/99",1,120212,1.79769313486232e+308,"",1.79769313486232e+308,1.79769313486232e+308,1.79769313486232e+308,1.79769313486232e+308
50,"7/22/99",1,120241,2,"Crop damage",7000,2,1.79769313486232e+308,1200
51,"7/22/99",1,120241,6,"Damage to house/land due to erosion",4000,1,1.79769313486232e+308,1.79769313486232e+308
52,"7/22/99",1,120242,2,"Crop damage",5000,2,1.79769313486232e+308,1000
53,"7/22/99",1,120242,8,"Huge expenditure due to illness",1.79769313486232e+308,2,1.79769313486232e+308,500
60,"7/22/99",1,120251,2,"Crop damage",6000,2,1.79769313486232e+308,1500
61,"7/22/99",1,120351,6,"Damage to house/land due to erosion",15000,2,1.79769313486232e+308,10000
33,"7/22/99",1,120411,2,"Crop damage",12000,1,1.79769313486232e+308,1.79769313486232e+308
34,"7/22/99",1,120411,5,"Death of cow/buffalo",100,1,1.79769313486232e+308,1.79769313486232e+308
54,"7/22/99",1,120441,2,"Crop damage",1200,1,1.79769313486232e+308,1.79769313486232e+308
62,"7/22/99",1,120459,2,"Crop damage",20000,3,1.79769313486232e+308,1.79769313486232e+308
63,"7/22/99",1,120459,3,"Burglery/Theft",12000,1,1.79769313486232e+308,1.79769313486232e+308
35,"7/22/99",1,120511,8,"Huge expenditure due to illness",1200,1.79769313486232e+308,1.79769313486232e+308,1.79769313486232e+308
38,"7/22/99",1,120512,1.79769313486232e+308,"",1.79769313486232e+308,1.79769313486232e+308,1.79769313486232e+308,1.79769313486232e+308
55,"7/22/99",1,120541,2,"Crop damage",20000,2,1.79769313486232e+308,2500
36,"7/22/99",1,120611,2,"Crop damage",5000,1,1.79769313486232e+308,1.79769313486232e+308
37,"7/22/99",1,120611,6,"Damage to house/land due to erosion",150000,1,1.79769313486232e+308,1.79769313486232e+308
39,"7/22/99",1,120711,2,"Crop damage",15000,1,1.79769313486232e+308,6000
40,"7/22/99",1,120711,8,"Huge expenditure due to illness",1.79769313486232e+308,1,1.79769313486232e+308,7000
41,"7/22/99",1,120811,2,"Crop damage",7000,1,1.79769313486232e+308,1.79769313486232e+308
42,"7/22/99",1,120811,8,"Huge expenditure due to illness",1.79769313486232e+308,2,1.79769313486232e+308,1400
43,"7/22/99",1,120911,3,"Burglery/Theft",6000,1,1.79769313486232e+308,1.79769313486232e+308
44,"7/22/99",1,121011,2,"Crop damage",20000,2,1.79769313486232e+308,1500
45,"7/22/99",1,121011,7,"Damage to house/land due to cyclone",3000,5,1.79769313486232e+308,250
46,"7/22/99",1,121111,2,"Crop damage",2000,1,1.79769313486232e+308,300
47,"7/22/99",1,121111,8,"Huge expenditure due to illness",1.79769313486232e+308,1,1.79769313486232e+308,1400
48,"7/22/99",1,121211,8,"Huge expenditure due to illness",450,7,1.79769313486232e+308,850
20,"8/03/99",1,130141,5,"Death of cow/buffalo",10000,1,1.79769313486232e+308,1.79769313486232e+308
21,"8/03/99",1,130141,8,"Huge expenditure due to illness",1.79769313486232e+308,7,1.79769313486232e+308,3000
28,"8/03/99",1,130151,2,"Crop damage",4000,2,1.79769313486232e+308,500
29,"8/03/99",1,130151,5,"Death of cow/buffalo",10000,1,1.79769313486232e+308,1.79769313486232e+308
30,"8/03/99",1,130151,8,"Huge expenditure due to illness",1.79769313486232e+308,1.79769313486232e+308,2,2700
1,"8/03/99",1,130211,2,"Crop damage",3000,2,1.79769313486232e+308,700
2,"8/03/99",1,130211,7,"Damage to house/land due to cyclone",5000,23,1.79769313486232e+308,3000
22,"8/03/99",1,130241,2,"Crop damage",15000,2,1.79769313486232e+308,300
23,"8/03/99",1,130241,5,"Death of cow/buffalo",3000,1,1.79769313486232e+308,1.79769313486232e+308
31,"8/03/99",1,130251,2,"Crop damage",5000,2,1.79769313486232e+308,1500
3,"8/03/99",1,130311,2,"Crop damage",5000,2,1.79769313486232e+308,1000
4,"8/03/99",1,130311,4,"Theft of cow/buffalo",7000,1,1.79769313486232e+308,1.79769313486232e+308
32,"8/03/99",1,130351,2,"Crop damage",5000,2,1.79769313486232e+308,700
33,"8/03/99",1,130351,5,"Death of cow/buffalo",1200,1,1.79769313486232e+308,1.79769313486232e+308
34,"8/03/99",1,130351,8,"Huge expenditure due to illness",1.79769313486232e+308,2,1.79769313486232e+308,1500
35,"8/03/99",1,130352,2,"Crop damage",6500,2,1.79769313486232e+308,750
36,"8/03/99",1,130352,5,"Death of cow/buffalo",13000,1,1.79769313486232e+308,1.79769313486232e+308
37,"8/03/99",1,130352,8,"Huge expenditure due to illness",1.79769313486232e+308,2,1.79769313486232e+308,2000
38,"8/03/99",1,130353,1.79769313486232e+308,"",1.79769313486232e+308,1.79769313486232e+308,1.79769313486232e+308,1.79769313486232e+308
39,"8/03/99",1,130354,1.79769313486232e+308,"",1.79769313486232e+308,1.79769313486232e+308,1.79769313486232e+308,1.79769313486232e+308
40,"8/03/99",1,130355,2,"Crop damage",6500,2,1.79769313486232e+308,850
41,"8/03/99",1,130355,5,"Death of cow/buffalo",2000,1,1.79769313486232e+308,1.79769313486232e+308
5,"8/03/99",1,130411,1.79769313486232e+308,"",1.79769313486232e+308,1.79769313486232e+308,1.79769313486232e+308,1.79769313486232e+308
24,"8/03/99",1,130441,2,"Crop damage",10000,2,1.79769313486232e+308,1000
25,"8/03/99",1,130441,8,"Huge expenditure due to illness",1.79769313486232e+308,2,4,17500
42,"8/03/99",1,130459,2,"Crop damage",4500,2,1.79769313486232e+308,250
43,"8/03/99",1,130459,8,"Huge expenditure due to illness",1.79769313486232e+308,2,1.79769313486232e+308,8000
44,"8/03/99",1,130459,9,"Loss of money",32000,1,1.79769313486232e+308,1.79769313486232e+308
26,"8/03/99",1,130541,1.79769313486232e+308,"",1.79769313486232e+308,1.79769313486232e+308,1.79769313486232e+308,1.79769313486232e+308
27,"8/03/99",1,130542,1.79769313486232e+308,"",1.79769313486232e+308,1.79769313486232e+308,1.79769313486232e+308,1.79769313486232e+308
6,"8/03/99",1,130611,1.79769313486232e+308,"",1.79769313486232e+308,1.79769313486232e+308,1.79769313486232e+308,1.79769313486232e+308
7,"8/03/99",1,130711,2,"Crop damage",4000,2,1.79769313486232e+308,500
8,"8/03/99",1,130711,5,"Death of cow/buffalo",6000,1,1.79769313486232e+308,1.79769313486232e+308
9,"8/03/99",1,130712,1.79769313486232e+308,"",1.79769313486232e+308,1.79769313486232e+308,1.79769313486232e+308,1.79769313486232e+308
10,"8/03/99",1,130811,2,"Crop damage",15000,2,1.79769313486232e+308,3500
11,"8/03/99",1,130811,5,"Death of cow/buffalo",30000,1,1.79769313486232e+308,1.79769313486232e+308
12,"8/03/99",1,130911,8,"Huge expenditure due to illness",1.79769313486232e+308,2,1.79769313486232e+308,500
13,"8/03/99",1,130911,10,"Evacuation from land",10000,1,1.79769313486232e+308,1.79769313486232e+308
14,"8/03/99",1,131011,2,"Crop damage",3000,2,1.79769313486232e+308,500
15,"8/03/99",1,131011,5,"Death of cow/buffalo",500,1,1.79769313486232e+308,1.79769313486232e+308
16,"8/03/99",1,131011,8,"Huge expenditure due to illness",1.79769313486232e+308,2,1.79769313486232e+308,500
17,"8/03/99",1,131111,1.79769313486232e+308,"",1.79769313486232e+308,1.79769313486232e+308,1.79769313486232e+308,1.79769313486232e+308
18,"8/03/99",1,131211,2,"Crop damage",5000,2,2,1000
19,"8/03/99",1,131211,8,"Huge expenditure due to illness",1.79769313486232e+308,1.79769313486232e+308,2,3200
45,"6/18/99",1,210131,1.79769313486232e+308,"",1.79769313486232e+308,1.79769313486232e+308,1.79769313486232e+308,1.79769313486232e+308
58,"6/18/99",1,210141,1.79769313486232e+308,"",1.79769313486232e+308,1.79769313486232e+308,1.79769313486232e+308,1.79769313486232e+308
63,"6/18/99",1,210151,1.79769313486232e+308,"",1.79769313486232e+308,1.79769313486232e+308,1.79769313486232e+308,1.79769313486232e+308
46,"6/18/99",1,210231,1.79769313486232e+308,"",1.79769313486232e+308,1.79769313486232e+308,1.79769313486232e+308,1.79769313486232e+308
59,"6/18/99",1,210241,24,"Expenditure for daughter's marriage",1.79769313486232e+308,3,1.79769313486232e+308,10000
64,"6/18/99",1,210251,1.79769313486232e+308,"",1.79769313486232e+308,1.79769313486232e+308,1.79769313486232e+308,1.79769313486232e+308
47,"6/18/99",1,210331,8,"Huge expenditure due to illness",6750,3,17,70000
48,"6/18/99",1,210332,1.79769313486232e+308,"",1.79769313486232e+308,1.79769313486232e+308,1.79769313486232e+308,1.79769313486232e+308
60,"6/18/99",1,210341,1.79769313486232e+308,"",1.79769313486232e+308,1.79769313486232e+308,1.79769313486232e+308,1.79769313486232e+308
65,"6/18/99",1,210351,1.79769313486232e+308,"",1.79769313486232e+308,1.79769313486232e+308,1.79769313486232e+308,1.79769313486232e+308
49,"6/18/99",1,210411,1.79769313486232e+308,"",1.79769313486232e+308,1.79769313486232e+308,1.79769313486232e+308,1.79769313486232e+308
61,"6/18/99",1,210441,1.79769313486232e+308,"",1.79769313486232e+308,1.79769313486232e+308,1.79769313486232e+308,1.79769313486232e+308
66,"6/18/99",1,210459,1.79769313486232e+308,"",1.79769313486232e+308,1.79769313486232e+308,1.79769313486232e+308,1.79769313486232e+308
50,"6/18/99",1,210511,8,"Huge expenditure due to illness",1.79769313486232e+308,20,22,20000
62,"6/18/99",1,210541,1.79769313486232e+308,"",1.79769313486232e+308,1.79769313486232e+308,1.79769313486232e+308,1.79769313486232e+308
51,"6/18/99",1,210611,1.79769313486232e+308,"",1.79769313486232e+308,1.79769313486232e+308,1.79769313486232e+308,1.79769313486232e+308
52,"6/18/99",1,210731,1.79769313486232e+308,"",1.79769313486232e+308,1.79769313486232e+308,1.79769313486232e+308,1.79769313486232e+308
53,"6/18/99",1,210811,1.79769313486232e+308,"",1.79769313486232e+308,1.79769313486232e+308,1.79769313486232e+308,1.79769313486232e+308
54,"6/18/99",1,210931,1.79769313486232e+308,"",1.79769313486232e+308,1.79769313486232e+308,1.79769313486232e+308,1.79769313486232e+308
55,"6/18/99",1,211031,1.79769313486232e+308,"",1.79769313486232e+308,1.79769313486232e+308,1.79769313486232e+308,1.79769313486232e+308
56,"6/18/99",1,211131,27,"Burning of house by fire",600,2,1.79769313486232e+308,1500
57,"6/18/99",1,211231,8,"Huge expenditure due to illness",1800,7,2,17000
28,"8/01/99",1,220111,1.79769313486232e+308,"",1.79769313486232e+308,1.79769313486232e+308,1.79769313486232e+308,1.79769313486232e+308
42,"8/04/99",1,220141,1.79769313486232e+308,"",1.79769313486232e+308,1.79769313486232e+308,1.79769313486232e+308,1.79769313486232e+308
47,"8/04/99",1,220151,12,"Land related litigation",1.79769313486232e+308,12,1.79769313486232e+308,10000
29,"8/04/99",1,220211,1.79769313486232e+308,"",1.79769313486232e+308,1.79769313486232e+308,1.79769313486232e+308,1.79769313486232e+308
43,"8/04/99",1,220241,1.79769313486232e+308,"",1.79769313486232e+308,1.79769313486232e+308,1.79769313486232e+308,1.79769313486232e+308
48,"8/04/99",1,220251,12,"Land related litigation",1.79769313486232e+308,12,1.79769313486232e+308,10000
30,"8/04/99",1,220311,1.79769313486232e+308,"",1.79769313486232e+308,1.79769313486232e+308,1.79769313486232e+308,1.79769313486232e+308
44,"8/04/99",1,220341,1.79769313486232e+308,"",1.79769313486232e+308,1.79769313486232e+308,1.79769313486232e+308,1.79769313486232e+308
49,"8/04/99",1,220351,8,"Huge expenditure due to illness",25000,12,2,25000
31,"8/04/99",1,220411,1.79769313486232e+308,"",1.79769313486232e+308,1.79769313486232e+308,1.79769313486232e+308,1.79769313486232e+308
32,"8/04/99",1,220412,1.79769313486232e+308,"",1.79769313486232e+308,1.79769313486232e+308,1.79769313486232e+308,1.79769313486232e+308
45,"8/04/99",1,220441,1.79769313486232e+308,"",1.79769313486232e+308,1.79769313486232e+308,1.79769313486232e+308,1.79769313486232e+308
50,"8/04/99",1,220459,1.79769313486232e+308,"",1.79769313486232e+308,1.79769313486232e+308,1.79769313486232e+308,1.79769313486232e+308
33,"8/04/99",1,220511,1.79769313486232e+308,"",1.79769313486232e+308,1.79769313486232e+308,1.79769313486232e+308,1.79769313486232e+308
46,"8/04/99",1,220541,1.79769313486232e+308,"",1.79769313486232e+308,1.79769313486232e+308,1.79769313486232e+308,1.79769313486232e+308
34,"8/04/99",1,220611,2,"Crop damage",1500,1,1.79769313486232e+308,1.79769313486232e+308
35,"8/04/99",1,220611,8,"Huge expenditure due to illness",30000,3,1.79769313486232e+308,30000
36,"8/04/99",1,220711,1.79769313486232e+308,"",1.79769313486232e+308,1.79769313486232e+308,1.79769313486232e+308,1.79769313486232e+308
37,"8/04/99",1,220911,1.79769313486232e+308,"",1.79769313486232e+308,1.79769313486232e+308,1.79769313486232e+308,1.79769313486232e+308
38,"8/04/99",1,221011,1.79769313486232e+308,"",1.79769313486232e+308,1.79769313486232e+308,1.79769313486232e+308,1.79769313486232e+308
39,"8/04/99",1,221111,1.79769313486232e+308,"",1.79769313486232e+308,1.79769313486232e+308,1.79769313486232e+308,1.79769313486232e+308
40,"8/04/99",1,221112,1.79769313486232e+308,"",1.79769313486232e+308,1.79769313486232e+308,1.79769313486232e+308,1.79769313486232e+308
41,"8/04/99",1,221211,1.79769313486232e+308,"",1.79769313486232e+308,1.79769313486232e+308,1.79769313486232e+308,1.79769313486232e+308
181,"6/19/99",1,230111,1.79769313486232e+308,"",1.79769313486232e+308,1.79769313486232e+308,1.79769313486232e+308,1.79769313486232e+308
194,"6/19/99",1,230141,1.79769313486232e+308,"",1.79769313486232e+308,1.79769313486232e+308,1.79769313486232e+308,1.79769313486232e+308
198,"6/19/99",1,230151,1.79769313486232e+308,"",1.79769313486232e+308,1.79769313486232e+308,1.79769313486232e+308,1.79769313486232e+308
199,"6/19/99",1,230152,8,"Huge expenditure due to illness",1.79769313486232e+308,15,20,10000
182,"6/19/99",1,230211,8,"Huge expenditure due to illness",1.79769313486232e+308,5,1.79769313486232e+308,4000
195,"6/19/99",1,230241,1.79769313486232e+308,"",1.79769313486232e+308,1.79769313486232e+308,1.79769313486232e+308,1.79769313486232e+308
200,"6/19/99",1,230251,8,"Huge expenditure due to illness",1.79769313486232e+308,2,15,20000
183,"6/19/99",1,230311,1.79769313486232e+308,"",1.79769313486232e+308,1.79769313486232e+308,1.79769313486232e+308,1.79769313486232e+308
201,"6/19/99",1,230351,1.79769313486232e+308,"",1.79769313486232e+308,1.79769313486232e+308,1.79769313486232e+308,1.79769313486232e+308
202,"6/19/99",1,230352,1.79769313486232e+308,"",1.79769313486232e+308,1.79769313486232e+308,1.79769313486232e+308,1.79769313486232e+308
184,"6/19/99",1,230411,1.79769313486232e+308,"",1.79769313486232e+308,1.79769313486232e+308,1.79769313486232e+308,1.79769313486232e+308
196,"6/19/99",1,230441,1.79769313486232e+308,"",1.79769313486232e+308,1.79769313486232e+308,1.79769313486232e+308,1.79769313486232e+308
203,"6/19/99",1,230459,1.79769313486232e+308,"",1.79769313486232e+308,1.79769313486232e+308,1.79769313486232e+308,1.79769313486232e+308
185,"6/19/99",1,230511,9,"Loss of money",40000,1,1.79769313486232e+308,1.79769313486232e+308
197,"6/19/99",1,230541,1.79769313486232e+308,"",1.79769313486232e+308,1.79769313486232e+308,1.79769313486232e+308,1.79769313486232e+308
186,"6/19/99",1,230611,1.79769313486232e+308,"",1.79769313486232e+308,1.79769313486232e+308,1.79769313486232e+308,1.79769313486232e+308
187,"6/19/99",1,230612,1.79769313486232e+308,"",1.79769313486232e+308,1.79769313486232e+308,1.79769313486232e+308,1.79769313486232e+308
188,"6/19/99",1,230711,1.79769313486232e+308,"",1.79769313486232e+308,1.79769313486232e+308,1.79769313486232e+308,1.79769313486232e+308
189,"6/19/99",1,230811,1.79769313486232e+308,"",1.79769313486232e+308,1.79769313486232e+308,1.79769313486232e+308,1.79769313486232e+308
190,"6/19/99",1,231011,1.79769313486232e+308,"",1.79769313486232e+308,1.79769313486232e+308,1.79769313486232e+308,1.79769313486232e+308
191,"6/19/99",1,231111,1.79769313486232e+308,"",1.79769313486232e+308,1.79769313486232e+308,1.79769313486232e+308,1.79769313486232e+308
192,"6/19/99",1,231211,1.79769313486232e+308,"",1.79769313486232e+308,1.79769313486232e+308,1.79769313486232e+308,1.79769313486232e+308
193,"6/19/99",1,231212,1.79769313486232e+308,"",1.79769313486232e+308,1.79769313486232e+308,1.79769313486232e+308,1.79769313486232e+308
103,"9/06/99",1,240119,21,"Torture for dowry",1.79769313486232e+308,5,3,20000
114,"9/08/99",1,240149,1.79769313486232e+308,"",1.79769313486232e+308,1.79769313486232e+308,1.79769313486232e+308,1.79769313486232e+308
119,"9/08/99",1,240159,1.79769313486232e+308,"",1.79769313486232e+308,1.79769313486232e+308,1.79769313486232e+308,1.79769313486232e+308
104,"9/08/99",1,240219,1.79769313486232e+308,"",1.79769313486232e+308,1.79769313486232e+308,1.79769313486232e+308,1.79769313486232e+308
115,"9/08/99",1,240249,1.79769313486232e+308,"",1.79769313486232e+308,1.79769313486232e+308,1.79769313486232e+308,1.79769313486232e+308
120,"9/08/99",1,240259,1.79769313486232e+308,"",1.79769313486232e+308,1.79769313486232e+308,1.79769313486232e+308,1.79769313486232e+308
105,"9/08/99",1,240319,1.79769313486232e+308,"",1.79769313486232e+308,1.79769313486232e+308,1.79769313486232e+308,1.79769313486232e+308
116,"9/08/99",1,240349,1.79769313486232e+308,"",1.79769313486232e+308,1.79769313486232e+308,1.79769313486232e+308,1.79769313486232e+308
121,"9/08/99",1,240359,1.79769313486232e+308,"",1.79769313486232e+308,1.79769313486232e+308,1.79769313486232e+308,1.79769313486232e+308
106,"9/08/99",1,240419,1.79769313486232e+308,"",1.79769313486232e+308,1.79769313486232e+308,1.79769313486232e+308,1.79769313486232e+308
117,"9/08/99",1,240449,1.79769313486232e+308,"",1.79769313486232e+308,1.79769313486232e+308,1.79769313486232e+308,1.79769313486232e+308
122,"9/08/99",1,240459,21,"Torture for dowry",1.79769313486232e+308,3,12,60000
107,"9/08/99",1,240519,1.79769313486232e+308,"",1.79769313486232e+308,1.79769313486232e+308,1.79769313486232e+308,1.79769313486232e+308
118,"9/08/99",1,240549,21,"Torture for dowry",1.79769313486232e+308,2,5,14000
123,"9/08/99",1,240559,1.79769313486232e+308,"",1.79769313486232e+308,1.79769313486232e+308,1.79769313486232e+308,1.79769313486232e+308
108,"9/08/99",1,240619,1.79769313486232e+308,"",1.79769313486232e+308,1.79769313486232e+308,1.79769313486232e+308,1.79769313486232e+308
109,"9/08/99",1,240719,1.79769313486232e+308,"",1.79769313486232e+308,1.79769313486232e+308,1.79769313486232e+308,1.79769313486232e+308
110,"9/08/99",1,240819,8,"Huge expenditure due to illness",1.79769313486232e+308,5,1.79769313486232e+308,6000
111,"9/08/99",1,240819,21,"Torture for dowry",1.79769313486232e+308,3,1.79769313486232e+308,16000
112,"9/08/99",1,240919,1.79769313486232e+308,"",1.79769313486232e+308,1.79769313486232e+308,1.79769313486232e+308,1.79769313486232e+308
113,"9/08/99",1,241019,13,"Unnatural death of family member",1.79769313486232e+308,2,5,5000
261,"6/22/99",1,310111,7,"Damage to house/land due to cyclone",2000,2,1.79769313486232e+308,2000
274,"6/27/99",1,310141,1.79769313486232e+308,"",1.79769313486232e+308,1.79769313486232e+308,1.79769313486232e+308,1.79769313486232e+308
278,"6/27/99",1,310151,1.79769313486232e+308,"",1.79769313486232e+308,1.79769313486232e+308,1.79769313486232e+308,1.79769313486232e+308
262,"6/27/99",1,310211,1.79769313486232e+308,"",1.79769313486232e+308,1.79769313486232e+308,1.79769313486232e+308,1.79769313486232e+308
275,"6/27/99",1,310241,1.79769313486232e+308,"",1.79769313486232e+308,1.79769313486232e+308,1.79769313486232e+308,1.79769313486232e+308
279,"6/27/99",1,310251,1.79769313486232e+308,"",1.79769313486232e+308,1.79769313486232e+308,1.79769313486232e+308,1.79769313486232e+308
263,"6/27/99",1,310311,8,"Huge expenditure due to illness",25000,5,1.79769313486232e+308,25000
280,"6/27/99",1,310351,1.79769313486232e+308,"",1.79769313486232e+308,1.79769313486232e+308,1.79769313486232e+308,1.79769313486232e+308
276,"6/27/99",1,310441,10,"Evacuation from land",5280000,1.79769313486232e+308,2,10000
281,"6/27/99",1,310459,1.79769313486232e+308,"",1.79769313486232e+308,1.79769313486232e+308,1.79769313486232e+308,1.79769313486232e+308
264,"6/27/99",1,310511,24,"Expenditure for daughter's marriage",35000,2,22,35000
72,"9/11/99",1,310541,8,"Huge expenditure due to illness",2000,15,1.79769313486232e+308,2000
265,"6/27/99",1,310611,1.79769313486232e+308,"",1.79769313486232e+308,1.79769313486232e+308,1.79769313486232e+308,1.79769313486232e+308
277,"6/27/99",1,310641,1.79769313486232e+308,"",1.79769313486232e+308,1.79769313486232e+308,1.79769313486232e+308,1.79769313486232e+308
266,"6/27/99",1,310711,1.79769313486232e+308,"",1.79769313486232e+308,1.79769313486232e+308,1.79769313486232e+308,1.79769313486232e+308
267,"6/27/99",1,310811,7,"Damage to house/land due to cyclone",600,1,1.79769313486232e+308,1.79769313486232e+308
268,"6/27/99",1,310811,24,"Expenditure for daughter's marriage",15000,15,1.79769313486232e+308,15000
269,"6/27/99",1,310911,1.79769313486232e+308,"",1.79769313486232e+308,1.79769313486232e+308,1.79769313486232e+308,1.79769313486232e+308
270,"6/27/99",1,311011,1.79769313486232e+308,"",1.79769313486232e+308,1.79769313486232e+308,1.79769313486232e+308,1.79769313486232e+308
271,"6/27/99",1,311111,1.79769313486232e+308,"",1.79769313486232e+308,1.79769313486232e+308,1.79769313486232e+308,1.79769313486232e+308
272,"6/27/99",1,311211,1.79769313486232e+308,"",1.79769313486232e+308,1.79769313486232e+308,1.79769313486232e+308,1.79769313486232e+308
273,"6/27/99",1,311411,8,"Huge expenditure due to illness",17500,7,1.79769313486232e+308,17500
1,"7/07/99",1,320111,10,"Evacuation from land",20000,7,2,20000
17,"7/13/99",1,320141,8,"Huge expenditure due to illness",5000,22,2,1.79769313486232e+308
18,"7/13/99",1,320141,30,"Others",10000,1,1.79769313486232e+308,1.79769313486232e+308
19,"7/13/99",1,320142,1.79769313486232e+308,"",1.79769313486232e+308,1.79769313486232e+308,1.79769313486232e+308,1.79769313486232e+308
28,"7/13/99",1,320151,30,"Others",90000,7,1.79769313486232e+308,1.79769313486232e+308
29,"7/13/99",1,320152,7,"Damage to house/land due to cyclone",5000,7,1.79769313486232e+308,5000
30,"7/13/99",1,320153,30,"Others",100000,2,22,100000
31,"7/13/99",1,320154,8,"Huge expenditure due to illness",8000,7,2,8000
32,"7/13/99",1,320154,30,"Others",150000,3,22,150000
2,"7/13/99",1,320211,9,"Loss of money",35000,1,1.79769313486232e+308,1.79769313486232e+308
20,"7/13/99",1,320241,24,"Expenditure for daughter's marriage",40000,2,5,40000
33,"7/13/99",1,320251,30,"Others",100000,3,7,100000
3,"7/13/99",1,320311,3,"Burglery/Theft",15000,12,3,15000
21,"7/13/99",1,320341,24,"Expenditure for daughter's marriage",16000,7,2,16000
22,"7/13/99",1,320341,30,"Others",214000,1,1.79769313486232e+308,1.79769313486232e+308
4,"7/13/99",1,320411,5,"Death of cow/buffalo",11000,1,1.79769313486232e+308,1.79769313486232e+308
23,"7/13/99",1,320441,30,"Others",3000,23,1.79769313486232e+308,3000
24,"7/13/99",1,320442,1.79769313486232e+308,"",1.79769313486232e+308,1.79769313486232e+308,1.79769313486232e+308,1.79769313486232e+308
25,"7/13/99",1,320443,1.79769313486232e+308,"",1.79769313486232e+308,1.79769313486232e+308,1.79769313486232e+308,1.79769313486232e+308
34,"7/13/99",1,320459,1.79769313486232e+308,"",1.79769313486232e+308,1.79769313486232e+308,1.79769313486232e+308,1.79769313486232e+308
5,"7/13/99",1,320511,8,"Huge expenditure due to illness",20000,4,2,20000
26,"7/13/99",1,320541,1.79769313486232e+308,"",1.79769313486232e+308,1.79769313486232e+308,1.79769313486232e+308,1.79769313486232e+308
6,"7/13/99",1,320611,8,"Huge expenditure due to illness",9000,22,1.79769313486232e+308,9000
27,"7/13/99",1,320641,25,"Sacking without reason",96000,2,1.79769313486232e+308,96000
7,"7/13/99",1,320711,8,"Huge expenditure due to illness",4000,2,1.79769313486232e+308,4000
8,"7/13/99",1,321011,7,"Damage to house/land due to cyclone",5000,6,1.79769313486232e+308,5000
9,"7/13/99",1,321011,30,"Others",10000,23,1.79769313486232e+308,11500
10,"7/13/99",1,321111,1.79769313486232e+308,"",1.79769313486232e+308,1.79769313486232e+308,1.79769313486232e+308,1.79769313486232e+308
11,"7/13/99",1,321211,30,"Others",80000,3,1.79769313486232e+308,80000
12,"7/13/99",1,321212,1.79769313486232e+308,"",1.79769313486232e+308,1.79769313486232e+308,1.79769313486232e+308,1.79769313486232e+308
13,"7/13/99",1,321311,3,"Burglery/Theft",15000,1,1.79769313486232e+308,1.79769313486232e+308
14,"7/13/99",1,321311,30,"Others",30000,7,1.79769313486232e+308,30000
15,"7/13/99",1,321411,1.79769313486232e+308,"",1.79769313486232e+308,1.79769313486232e+308,1.79769313486232e+308,1.79769313486232e+308
16,"7/13/99",1,321412,1.79769313486232e+308,"",1.79769313486232e+308,1.79769313486232e+308,1.79769313486232e+308,1.79769313486232e+308
1,"8/14/99",1,330111,8,"Huge expenditure due to illness",7000,3,1.79769313486232e+308,7000
15,"8/22/99",1,330141,30,"Others",3000,23,1.79769313486232e+308,3450
21,"8/22/99",1,330151,1.79769313486232e+308,"",1.79769313486232e+308,1.79769313486232e+308,1.79769313486232e+308,1.79769313486232e+308
2,"8/22/99",1,330211,8,"Huge expenditure due to illness",12000,7,23,12000
3,"8/22/99",1,330211,16,"Expenditure incurred on court/polic",3500,3,7,35000
16,"8/22/99",1,330241,16,"Expenditure incurred on court/polic",4000,4,2,4000
17,"8/22/99",1,330241,30,"Others",10000,22,7,10000
22,"8/22/99",1,330251,24,"Expenditure for daughter's marriage",100000,3,7,100000
18,"8/22/99",1,330341,1.79769313486232e+308,"",1.79769313486232e+308,1.79769313486232e+308,1.79769313486232e+308,1.79769313486232e+308
4,"8/22/99",1,330411,1.79769313486232e+308,"",1.79769313486232e+308,1.79769313486232e+308,1.79769313486232e+308,1.79769313486232e+308
23,"8/22/99",1,330459,8,"Huge expenditure due to illness",45000,22,1.79769313486232e+308,45000
5,"8/22/99",1,330511,1.79769313486232e+308,"",1.79769313486232e+308,1.79769313486232e+308,1.79769313486232e+308,1.79769313486232e+308
19,"8/22/99",1,330541,8,"Huge expenditure due to illness",600,23,1.79769313486232e+308,600
6,"8/22/99",1,330611,1.79769313486232e+308,"",1.79769313486232e+308,1.79769313486232e+308,1.79769313486232e+308,1.79769313486232e+308
20,"8/22/99",1,330641,1.79769313486232e+308,"",1.79769313486232e+308,1.79769313486232e+308,1.79769313486232e+308,1.79769313486232e+308
7,"8/22/99",1,330731,1.79769313486232e+308,"",1.79769313486232e+308,1.79769313486232e+308,1.79769313486232e+308,1.79769313486232e+308
8,"8/22/99",1,330811,1.79769313486232e+308,"",1.79769313486232e+308,1.79769313486232e+308,1.79769313486232e+308,1.79769313486232e+308
9,"8/22/99",1,330911,8,"Huge expenditure due to illness",1500,7,2,1500
10,"8/22/99",1,331111,8,"Huge expenditure due to illness",1200,2,4,12000
11,"8/22/99",1,331211,1.79769313486232e+308,"",1.79769313486232e+308,1.79769313486232e+308,1.79769313486232e+308,1.79769313486232e+308
12,"8/22/99",1,331311,2,"Crop damage",3000,1,1.79769313486232e+308,1.79769313486232e+308
13,"8/22/99",1,331411,8,"Huge expenditure due to illness",4000,5,1.79769313486232e+308,4000
14,"8/22/99",1,331412,1.79769313486232e+308,"",1.79769313486232e+308,1.79769313486232e+308,1.79769313486232e+308,1.79769313486232e+308
94,"6/26/99",1,410111,1.79769313486232e+308,"",1.79769313486232e+308,1.79769313486232e+308,1.79769313486232e+308,1.79769313486232e+308
108,"6/28/99",1,410141,8,"Huge expenditure due to illness",5000,2,1.79769313486232e+308,5000
116,"6/28/99",1,410151,8,"Huge expenditure due to illness",7000,2,1.79769313486232e+308,1.79769313486232e+308
117,"6/28/99",1,410151,30,"Others",10000,12,1.79769313486232e+308,80000
95,"6/26/99",1,410211,8,"Huge expenditure due to illness",600,2,4,600
109,"6/28/99",1,410241,21,"Torture for dowry",1.79769313486232e+308,4,5,5000
118,"6/28/99",1,410251,1.79769313486232e+308,"",1.79769313486232e+308,1.79769313486232e+308,1.79769313486232e+308,1.79769313486232e+308
96,"6/26/99",1,410311,1.79769313486232e+308,"",1.79769313486232e+308,1.79769313486232e+308,1.79769313486232e+308,1.79769313486232e+308
110,"6/28/99",1,410341,1.79769313486232e+308,"",1.79769313486232e+308,1.79769313486232e+308,1.79769313486232e+308,1.79769313486232e+308
111,"6/28/99",1,410342,9,"Loss of money",1000,1,1.79769313486232e+308,1.79769313486232e+308
112,"6/28/99",1,410343,2,"Crop damage",2000,1,1.79769313486232e+308,1.79769313486232e+308
113,"6/28/99",1,410344,1.79769313486232e+308,"",1.79769313486232e+308,1.79769313486232e+308,1.79769313486232e+308,1.79769313486232e+308
119,"6/28/99",1,410351,8,"Huge expenditure due to illness",7000,3,4,7000
120,"6/28/99",1,410351,12,"Land related litigation",10000,2,4,10000
121,"6/28/99",1,410351,21,"Torture for dowry",1.79769313486232e+308,2,1.79769313486232e+308,10000
97,"6/26/99",1,410411,1.79769313486232e+308,"",1.79769313486232e+308,1.79769313486232e+308,1.79769313486232e+308,1.79769313486232e+308
114,"6/28/99",1,410441,1.79769313486232e+308,"",1.79769313486232e+308,1.79769313486232e+308,1.79769313486232e+308,1.79769313486232e+308
122,"6/28/99",1,410459,8,"Huge expenditure due to illness",1300,2,1.79769313486232e+308,1300
98,"6/26/99",1,410511,8,"Huge expenditure due to illness",8000,2,1.79769313486232e+308,8000
115,"6/28/99",1,410541,8,"Huge expenditure due to illness",2000,2,1.79769313486232e+308,2000
99,"6/26/99",1,410611,1.79769313486232e+308,"",1.79769313486232e+308,1.79769313486232e+308,1.79769313486232e+308,1.79769313486232e+308
100,"6/26/99",1,410612,1.79769313486232e+308,"",1.79769313486232e+308,1.79769313486232e+308,1.79769313486232e+308,1.79769313486232e+308
101,"6/26/99",1,410711,16,"Expenditure incurred on court/polic",200,4,1.79769313486232e+308,200
102,"6/26/99",1,410712,1.79769313486232e+308,"",1.79769313486232e+308,1.79769313486232e+308,1.79769313486232e+308,1.79769313486232e+308
103,"6/26/99",1,410811,5,"Death of cow/buffalo",1500,1,1.79769313486232e+308,1.79769313486232e+308
104,"6/26/99",1,410911,8,"Huge expenditure due to illness",2000,2,1.79769313486232e+308,2000
105,"6/26/99",1,411011,1.79769313486232e+308,"",1.79769313486232e+308,1.79769313486232e+308,1.79769313486232e+308,1.79769313486232e+308
106,"6/26/99",1,411111,9,"Loss of money",43000,20,1.79769313486232e+308,43000
107,"6/28/99",1,411211,2,"Crop damage",4500,1,1.79769313486232e+308,1.79769313486232e+308
1,"8/09/95",1,420111,1.79769313486232e+308,"",1.79769313486232e+308,1.79769313486232e+308,1.79769313486232e+308,1.79769313486232e+308
17,"8/09/95",1,420141,1.79769313486232e+308,"",1.79769313486232e+308,1.79769313486232e+308,1.79769313486232e+308,1.79769313486232e+308
22,"8/09/95",1,420151,1.79769313486232e+308,"",1.79769313486232e+308,1.79769313486232e+308,1.79769313486232e+308,1.79769313486232e+308
2,"8/09/95",1,420211,1.79769313486232e+308,"",1.79769313486232e+308,1.79769313486232e+308,1.79769313486232e+308,1.79769313486232e+308
18,"8/09/95",1,420241,27,"Burning of house by fire",6000,9,15,6000
23,"8/09/95",1,420251,16,"Expenditure incurred on court/polic",4500,2,1.79769313486232e+308,4500
3,"8/09/95",1,420311,8,"Huge expenditure due to illness",5000,3,1.79769313486232e+308,14000
19,"8/09/95",1,420341,8,"Huge expenditure due to illness",13000,2,15,13000
24,"8/09/95",1,420351,1.79769313486232e+308,"",1.79769313486232e+308,1.79769313486232e+308,1.79769313486232e+308,1.79769313486232e+308
4,"8/09/95",1,420411,1.79769313486232e+308,"",1.79769313486232e+308,1.79769313486232e+308,1.79769313486232e+308,1.79769313486232e+308
20,"8/09/95",1,420441,2,"Crop damage",1800,1,1.79769313486232e+308,1.79769313486232e+308
25,"8/09/95",1,420459,1.79769313486232e+308,"",1.79769313486232e+308,1.79769313486232e+308,1.79769313486232e+308,1.79769313486232e+308
5,"8/09/95",1,420521,1.79769313486232e+308,"",1.79769313486232e+308,1.79769313486232e+308,1.79769313486232e+308,1.79769313486232e+308
6,"8/09/95",1,420522,1.79769313486232e+308,"",1.79769313486232e+308,1.79769313486232e+308,1.79769313486232e+308,1.79769313486232e+308
21,"8/09/95",1,420541,1.79769313486232e+308,"",1.79769313486232e+308,1.79769313486232e+308,1.79769313486232e+308,1.79769313486232e+308
7,"8/09/95",1,420611,1.79769313486232e+308,"",1.79769313486232e+308,1.79769313486232e+308,1.79769313486232e+308,1.79769313486232e+308
8,"8/09/95",1,420711,24,"Expenditure for daughter's marriage",8000,23,15,1.79769313486232e+308
9,"8/09/95",1,420821,1.79769313486232e+308,"",1.79769313486232e+308,1.79769313486232e+308,1.79769313486232e+308,1.79769313486232e+308
10,"8/09/95",1,420921,1.79769313486232e+308,"",1.79769313486232e+308,1.79769313486232e+308,1.79769313486232e+308,1.79769313486232e+308
11,"8/09/95",1,421021,8,"Huge expenditure due to illness",2000,4,2,2000
12,"8/09/95",1,421121,1.79769313486232e+308,"",1.79769313486232e+308,1.79769313486232e+308,1.79769313486232e+308,1.79769313486232e+308
13,"8/09/95",1,421211,1.79769313486232e+308,"",1.79769313486232e+308,1.79769313486232e+308,1.79769313486232e+308,1.79769313486232e+308
14,"8/09/95",1,421212,8,"Huge expenditure due to illness",1000,1,1.79769313486232e+308,1.79769313486232e+308
15,"8/09/95",1,421212,9,"Loss of money",800,1,1.79769313486232e+308,1.79769313486232e+308
16,"8/09/95",1,421213,30,"Others",1000,4,2,1000
1,"6/24/99",1,430111,1.79769313486232e+308,"",1.79769313486232e+308,1.79769313486232e+308,1.79769313486232e+308,1.79769313486232e+308
16,"6/24/99",1,430141,28,"Family feud",1.79769313486232e+308,2,1.79769313486232e+308,3000
23,"6/24/99",1,430151,1.79769313486232e+308,"",1.79769313486232e+308,1.79769313486232e+308,1.79769313486232e+308,1.79769313486232e+308
2,"6/24/99",1,430211,8,"Huge expenditure due to illness",3000,2,1.79769313486232e+308,3000
17,"6/24/99",1,430241,3,"Burglery/Theft",2500,1,1.79769313486232e+308,1.79769313486232e+308
24,"6/24/99",1,430251,1.79769313486232e+308,"",1.79769313486232e+308,1.79769313486232e+308,1.79769313486232e+308,1.79769313486232e+308
25,"6/24/99",1,430252,1.79769313486232e+308,"",1.79769313486232e+308,1.79769313486232e+308,1.79769313486232e+308,1.79769313486232e+308
3,"6/24/99",1,430311,21,"Torture for dowry",1.79769313486232e+308,2,4,4000
18,"6/24/99",1,430341,8,"Huge expenditure due to illness",5000,3,1.79769313486232e+308,5000
19,"6/24/99",1,430341,12,"Land related litigation",4000,3,1.79769313486232e+308,4000
4,"6/24/99",1,430411,12,"Land related litigation",5000,2,1.79769313486232e+308,5000
20,"6/24/99",1,430441,8,"Huge expenditure due to illness",12000,2,4,12000
21,"6/24/99",1,430442,1.79769313486232e+308,"",1.79769313486232e+308,1.79769313486232e+308,1.79769313486232e+308,1.79769313486232e+308
26,"6/24/99",1,430459,1.79769313486232e+308,"",1.79769313486232e+308,1.79769313486232e+308,1.79769313486232e+308,1.79769313486232e+308
5,"6/24/99",1,430511,8,"Huge expenditure due to illness",5000,3,1.79769313486232e+308,5000
6,"6/24/99",1,430511,9,"Loss of money",5000,23,1.79769313486232e+308,5000
22,"6/24/99",1,430541,1.79769313486232e+308,"",1.79769313486232e+308,1.79769313486232e+308,1.79769313486232e+308,1.79769313486232e+308
7,"6/24/99",1,430611,1.79769313486232e+308,"",1.79769313486232e+308,1.79769313486232e+308,1.79769313486232e+308,1.79769313486232e+308
8,"6/24/99",1,430711,8,"Huge expenditure due to illness",3000,1,1.79769313486232e+308,1.79769313486232e+308
9,"6/24/99",1,430811,1.79769313486232e+308,"",1.79769313486232e+308,1.79769313486232e+308,1.79769313486232e+308,1.79769313486232e+308
10,"6/24/99",1,430812,1.79769313486232e+308,"",1.79769313486232e+308,1.79769313486232e+308,1.79769313486232e+308,1.79769313486232e+308
11,"6/24/99",1,430813,1.79769313486232e+308,"",1.79769313486232e+308,1.79769313486232e+308,1.79769313486232e+308,1.79769313486232e+308
12,"6/24/99",1,430911,1.79769313486232e+308,"",1.79769313486232e+308,1.79769313486232e+308,1.79769313486232e+308,1.79769313486232e+308
13,"6/24/99",1,431011,1.79769313486232e+308,"",1.79769313486232e+308,1.79769313486232e+308,1.79769313486232e+308,1.79769313486232e+308
14,"6/24/99",1,431111,1.79769313486232e+308,"",1.79769313486232e+308,1.79769313486232e+308,1.79769313486232e+308,1.79769313486232e+308
15,"6/24/99",1,431211,1.79769313486232e+308,"",1.79769313486232e+308,1.79769313486232e+308,1.79769313486232e+308,1.79769313486232e+308
41,"9/09/99",1,440119,1.79769313486232e+308,"",1.79769313486232e+308,1.79769313486232e+308,1.79769313486232e+308,1.79769313486232e+308
52,"9/09/99",1,440149,1.79769313486232e+308,"",1.79769313486232e+308,1.79769313486232e+308,1.79769313486232e+308,1.79769313486232e+308
57,"9/09/99",1,440159,4,"Theft of cow/buffalo",4000,24,1.79769313486232e+308,4000
42,"9/09/99",1,440219,27,"Burning of house by fire",25000,12,17,25000
53,"9/09/99",1,440249,1.79769313486232e+308,"",1.79769313486232e+308,1.79769313486232e+308,1.79769313486232e+308,1.79769313486232e+308
58,"9/09/99",1,440259,1.79769313486232e+308,"",1.79769313486232e+308,1.79769313486232e+308,1.79769313486232e+308,1.79769313486232e+308
43,"9/09/99",1,440319,1.79769313486232e+308,"",1.79769313486232e+308,1.79769313486232e+308,1.79769313486232e+308,1.79769313486232e+308
54,"9/09/99",1,440349,1.79769313486232e+308,"",1.79769313486232e+308,1.79769313486232e+308,1.79769313486232e+308,1.79769313486232e+308
59,"9/09/99",1,440359,21,"Torture for dowry",5000,24,1.79769313486232e+308,5000
44,"9/09/99",1,440419,4,"Theft of cow/buffalo",5000,23,1.79769313486232e+308,5000
55,"9/09/99",1,440449,8,"Huge expenditure due to illness",15000,4,2,15000
60,"9/09/99",1,440459,8,"Huge expenditure due to illness",3000,2,1.79769313486232e+308,3000
45,"9/09/99",1,440519,15,"Undue harrassment by police",10000,4,22,10000
56,"9/09/99",1,440549,27,"Burning of house by fire",5000,22,1.79769313486232e+308,3000
61,"9/09/99",1,440559,2,"Crop damage",8000,24,1.79769313486232e+308,8000
46,"9/09/99",1,440619,1.79769313486232e+308,"",1.79769313486232e+308,1.79769313486232e+308,1.79769313486232e+308,1.79769313486232e+308
47,"9/09/99",1,440719,8,"Huge expenditure due to illness",5000,23,1.79769313486232e+308,5000
48,"9/09/99",1,440819,2,"Crop damage",6000,24,1.79769313486232e+308,1.79769313486232e+308
49,"9/09/99",1,440919,8,"Huge expenditure due to illness",1000,23,1.79769313486232e+308,1000
50,"9/09/99",1,441019,8,"Huge expenditure due to illness",10000,2,1.79769313486232e+308,10000
51,"9/09/99",1,441019,30,"Others",8000,17,1.79769313486232e+308,8000
77,"7/13/99",1,510111,1.79769313486232e+308,"",1.79769313486232e+308,1.79769313486232e+308,1.79769313486232e+308,1.79769313486232e+308
91,"7/20/99",1,510141,1.79769313486232e+308,"",1.79769313486232e+308,1.79769313486232e+308,1.79769313486232e+308,1.79769313486232e+308
97,"7/20/99",1,510151,2,"Crop damage",20000,2,1.79769313486232e+308,20000
98,"7/20/99",1,510152,2,"Crop damage",15000,1,1.79769313486232e+308,1.79769313486232e+308
78,"7/20/99",1,510211,8,"Huge expenditure due to illness",7000,23,1.79769313486232e+308,7000
79,"7/20/99",1,510211,24,"Expenditure for daughter's marriage",50000,23,2,50000
92,"7/20/99",1,510241,1.79769313486232e+308,"",1.79769313486232e+308,1.79769313486232e+308,1.79769313486232e+308,1.79769313486232e+308
99,"7/20/99",1,510251,1.79769313486232e+308,"",1.79769313486232e+308,1.79769313486232e+308,1.79769313486232e+308,1.79769313486232e+308
80,"7/20/99",1,510311,1.79769313486232e+308,"",1.79769313486232e+308,1.79769313486232e+308,1.79769313486232e+308,1.79769313486232e+308
93,"7/20/99",1,510341,1.79769313486232e+308,"",1.79769313486232e+308,1.79769313486232e+308,1.79769313486232e+308,1.79769313486232e+308
100,"7/20/99",1,510351,1.79769313486232e+308,"",1.79769313486232e+308,1.79769313486232e+308,1.79769313486232e+308,1.79769313486232e+308
81,"7/20/99",1,510411,1.79769313486232e+308,"",1.79769313486232e+308,1.79769313486232e+308,1.79769313486232e+308,1.79769313486232e+308
94,"7/20/99",1,510441,1.79769313486232e+308,"",1.79769313486232e+308,1.79769313486232e+308,1.79769313486232e+308,1.79769313486232e+308
95,"7/20/99",1,510442,1.79769313486232e+308,"",1.79769313486232e+308,1.79769313486232e+308,1.79769313486232e+308,1.79769313486232e+308
101,"7/20/99",1,510459,8,"Huge expenditure due to illness",10000,6,1.79769313486232e+308,10000
82,"7/20/99",1,510511,8,"Huge expenditure due to illness",10000,2,1.79769313486232e+308,10000
96,"7/20/99",1,510541,1.79769313486232e+308,"",1.79769313486232e+308,1.79769313486232e+308,1.79769313486232e+308,1.79769313486232e+308
83,"7/20/99",1,510611,10,"Evacuation from land",5000,5,1.79769313486232e+308,5000
84,"7/20/99",1,510711,2,"Crop damage",8000,1,1.79769313486232e+308,1.79769313486232e+308
85,"7/20/99",1,510712,1.79769313486232e+308,"",1.79769313486232e+308,1.79769313486232e+308,1.79769313486232e+308,1.79769313486232e+308
86,"7/20/99",1,510811,2,"Crop damage",20000,1,1.79769313486232e+308,1.79769313486232e+308
87,"7/20/99",1,510911,1.79769313486232e+308,"",1.79769313486232e+308,1.79769313486232e+308,1.79769313486232e+308,1.79769313486232e+308
88,"7/20/99",1,511011,2,"Crop damage",20000,12,18,20000
89,"7/20/99",1,511111,1.79769313486232e+308,"",1.79769313486232e+308,1.79769313486232e+308,1.79769313486232e+308,1.79769313486232e+308
90,"7/20/99",1,511211,2,"Crop damage",10000,18,1.79769313486232e+308,10000
157,"6/19/99",1,520111,1.79769313486232e+308,"",1.79769313486232e+308,1.79769313486232e+308,1.79769313486232e+308,1.79769313486232e+308
171,"6/19/99",1,520141,2,"Crop damage",10000,5,1.79769313486232e+308,10000
172,"6/19/99",1,520141,8,"Huge expenditure due to illness",6000,4,1.79769313486232e+308,6000
177,"6/19/99",1,520151,1.79769313486232e+308,"",1.79769313486232e+308,1.79769313486232e+308,1.79769313486232e+308,1.79769313486232e+308
158,"6/19/99",1,520211,8,"Huge expenditure due to illness",25000,2,1.79769313486232e+308,25000
173,"6/19/99",1,520241,1.79769313486232e+308,"",1.79769313486232e+308,1.79769313486232e+308,1.79769313486232e+308,1.79769313486232e+308
178,"6/19/99",1,520251,27,"Burning of house by fire",30000,17,2,30000
159,"6/19/99",1,520311,1.79769313486232e+308,"",1.79769313486232e+308,1.79769313486232e+308,1.79769313486232e+308,1.79769313486232e+308
174,"6/19/99",1,520341,30,"Others",50000,1,1.79769313486232e+308,1.79769313486232e+308
179,"6/19/99",1,520351,8,"Huge expenditure due to illness",20000,2,1.79769313486232e+308,20000
160,"6/19/99",1,520411,8,"Huge expenditure due to illness",27000,18,1.79769313486232e+308,27000
175,"6/19/99",1,520441,8,"Huge expenditure due to illness",20000,5,2,20000
180,"6/19/99",1,520459,1.79769313486232e+308,"",1.79769313486232e+308,1.79769313486232e+308,1.79769313486232e+308,1.79769313486232e+308
176,"6/19/99",1,520541,1.79769313486232e+308,"",1.79769313486232e+308,1.79769313486232e+308,1.79769313486232e+308,1.79769313486232e+308
161,"6/19/99",1,520611,1.79769313486232e+308,"",1.79769313486232e+308,1.79769313486232e+308,1.79769313486232e+308,1.79769313486232e+308
162,"6/19/99",1,520711,2,"Crop damage",5000,2,1.79769313486232e+308,5000
163,"6/19/99",1,520711,8,"Huge expenditure due to illness",40000,2,1.79769313486232e+308,40000
164,"6/19/99",1,520711,30,"Others",20000,1,1.79769313486232e+308,1.79769313486232e+308
165,"6/19/99",1,520811,2,"Crop damage",40000,1,1.79769313486232e+308,1.79769313486232e+308
166,"6/19/99",1,520911,2,"Crop damage",20000,23,2,20000
167,"6/19/99",1,520911,5,"Death of cow/buffalo",10000,23,5,15000
168,"6/19/99",1,521011,1.79769313486232e+308,"",1.79769313486232e+308,1.79769313486232e+308,1.79769313486232e+308,1.79769313486232e+308
169,"6/19/99",1,521111,1.79769313486232e+308,"",1.79769313486232e+308,1.79769313486232e+308,1.79769313486232e+308,1.79769313486232e+308
170,"6/19/99",1,521211,16,"Expenditure incurred on court/polic",4000,2,1.79769313486232e+308,4000
158,"6/15/99",1,530111,1.79769313486232e+308,"",1.79769313486232e+308,1.79769313486232e+308,1.79769313486232e+308,1.79769313486232e+308
177,"6/20/99",1,530141,1.79769313486232e+308,"",1.79769313486232e+308,1.79769313486232e+308,1.79769313486232e+308,1.79769313486232e+308
182,"6/20/99",1,530151,2,"Crop damage",25000,1,1.79769313486232e+308,1.79769313486232e+308
183,"6/20/99",1,530152,2,"Crop damage",20000,1,1.79769313486232e+308,1.79769313486232e+308
184,"6/20/99",1,530153,2,"Crop damage",50000,2,1.79769313486232e+308,50000
159,"6/20/99",1,530211,2,"Crop damage",25000,2,1.79769313486232e+308,25000
178,"6/20/99",1,530241,2,"Crop damage",50000,2,1.79769313486232e+308,20000
185,"6/20/99",1,530251,2,"Crop damage",35000,2,1.79769313486232e+308,35000
186,"6/20/99",1,530251,3,"Burglery/Theft",50000,1,1.79769313486232e+308,1.79769313486232e+308
187,"6/20/99",1,530251,16,"Expenditure incurred on court/polic",8000,12,1.79769313486232e+308,8000
160,"6/20/99",1,530311,1.79769313486232e+308,"",1.79769313486232e+308,1.79769313486232e+308,1.79769313486232e+308,1.79769313486232e+308
179,"6/20/99",1,530341,16,"Expenditure incurred on court/polic",8000,23,1.79769313486232e+308,8000
188,"6/20/99",1,530351,2,"Crop damage",20000,1,1.79769313486232e+308,1.79769313486232e+308
189,"6/20/99",1,530351,16,"Expenditure incurred on court/polic",200000,3,4,200000
161,"6/20/99",1,530411,2,"Crop damage",10000,1,1.79769313486232e+308,1.79769313486232e+308
162,"6/20/99",1,530411,5,"Death of cow/buffalo",2000,2,1.79769313486232e+308,2000
180,"6/20/99",1,530441,8,"Huge expenditure due to illness",82000,3,2,82000
190,"6/20/99",1,530459,2,"Crop damage",15000,1,1.79769313486232e+308,1.79769313486232e+308
191,"6/20/99",1,530459,8,"Huge expenditure due to illness",5000,5,1.79769313486232e+308,5000
163,"6/20/99",1,530511,5,"Death of cow/buffalo",4000,5,1.79769313486232e+308,4000
181,"6/20/99",1,530541,1.79769313486232e+308,"",1.79769313486232e+308,1.79769313486232e+308,1.79769313486232e+308,1.79769313486232e+308
164,"6/20/99",1,530611,1.79769313486232e+308,"",1.79769313486232e+308,1.79769313486232e+308,1.79769313486232e+308,1.79769313486232e+308
165,"6/20/99",1,530711,2,"Crop damage",10000,2,5,10000
166,"6/20/99",1,530811,9,"Loss of money",5000,2,1.79769313486232e+308,5000
167,"6/20/99",1,530911,1.79769313486232e+308,"",1.79769313486232e+308,1.79769313486232e+308,1.79769313486232e+308,1.79769313486232e+308
168,"6/20/99",1,531011,9,"Loss of money",85000,12,1.79769313486232e+308,85000
169,"6/20/99",1,531011,16,"Expenditure incurred on court/polic",10500,4,1.79769313486232e+308,10500
170,"6/20/99",1,531012,2,"Crop damage",10000,1,1.79769313486232e+308,1.79769313486232e+308
171,"6/20/99",1,531012,7,"Damage to house/land due to cyclone",35000,18,23,20000
172,"6/20/99",1,531013,2,"Crop damage",15000,23,1.79769313486232e+308,15000
173,"6/20/99",1,531014,2,"Crop damage",25000,23,1.79769313486232e+308,25000
174,"6/20/99",1,531111,1.79769313486232e+308,"",1.79769313486232e+308,1.79769313486232e+308,1.79769313486232e+308,1.79769313486232e+308
175,"6/20/99",1,531211,2,"Crop damage",50000,2,1.79769313486232e+308,20000
176,"6/20/99",1,531211,16,"Expenditure incurred on court/polic",30000,2,1.79769313486232e+308,30000
135,"8/10/99",1,610111,1.79769313486232e+308,"",1.79769313486232e+308,1.79769313486232e+308,1.79769313486232e+308,1.79769313486232e+308
149,"8/12/99",1,610141,1.79769313486232e+308,"",1.79769313486232e+308,1.79769313486232e+308,1.79769313486232e+308,1.79769313486232e+308
150,"8/12/99",1,610142,1.79769313486232e+308,"",1.79769313486232e+308,1.79769313486232e+308,1.79769313486232e+308,1.79769313486232e+308
156,"8/12/99",1,610151,1.79769313486232e+308,"",1.79769313486232e+308,1.79769313486232e+308,1.79769313486232e+308,1.79769313486232e+308
151,"8/12/99",1,610241,1.79769313486232e+308,"",1.79769313486232e+308,1.79769313486232e+308,1.79769313486232e+308,1.79769313486232e+308
152,"8/12/99",1,610242,1.79769313486232e+308,"",1.79769313486232e+308,1.79769313486232e+308,1.79769313486232e+308,1.79769313486232e+308
153,"8/12/99",1,610243,1.79769313486232e+308,"",1.79769313486232e+308,1.79769313486232e+308,1.79769313486232e+308,1.79769313486232e+308
157,"8/12/99",1,610251,1.79769313486232e+308,"",1.79769313486232e+308,1.79769313486232e+308,1.79769313486232e+308,1.79769313486232e+308
136,"8/12/99",1,610311,1.79769313486232e+308,"",1.79769313486232e+308,1.79769313486232e+308,1.79769313486232e+308,1.79769313486232e+308
154,"8/12/99",1,610341,7,"Damage to house/land due to cyclone",1500,2,1.79769313486232e+308,1500
158,"8/12/99",1,610351,1.79769313486232e+308,"",1.79769313486232e+308,1.79769313486232e+308,1.79769313486232e+308,1.79769313486232e+308
137,"8/12/99",1,610411,1.79769313486232e+308,"",1.79769313486232e+308,1.79769313486232e+308,1.79769313486232e+308,1.79769313486232e+308
155,"8/12/99",1,610441,8,"Huge expenditure due to illness",5000,1,1.79769313486232e+308,1.79769313486232e+308
159,"8/12/99",1,610459,7,"Damage to house/land due to cyclone",5000,1,1.79769313486232e+308,1.79769313486232e+308
138,"8/12/99",1,610511,1.79769313486232e+308,"",1.79769313486232e+308,1.79769313486232e+308,1.79769313486232e+308,1.79769313486232e+308
139,"8/12/99",1,610611,1.79769313486232e+308,"",1.79769313486232e+308,1.79769313486232e+308,1.79769313486232e+308,1.79769313486232e+308
140,"8/12/99",1,610711,1.79769313486232e+308,"",1.79769313486232e+308,1.79769313486232e+308,1.79769313486232e+308,1.79769313486232e+308
141,"8/12/99",1,610811,1.79769313486232e+308,"",1.79769313486232e+308,1.79769313486232e+308,1.79769313486232e+308,1.79769313486232e+308
142,"8/12/99",1,610911,7,"Damage to house/land due to cyclone",20000,1,1.79769313486232e+308,1.79769313486232e+308
143,"8/12/99",1,611011,1.79769313486232e+308,"",1.79769313486232e+308,1.79769313486232e+308,1.79769313486232e+308,1.79769313486232e+308
144,"8/12/99",1,611012,1.79769313486232e+308,"",1.79769313486232e+308,1.79769313486232e+308,1.79769313486232e+308,1.79769313486232e+308
145,"8/12/99",1,611111,1.79769313486232e+308,"",1.79769313486232e+308,1.79769313486232e+308,1.79769313486232e+308,1.79769313486232e+308
146,"8/12/99",1,611211,1.79769313486232e+308,"",1.79769313486232e+308,1.79769313486232e+308,1.79769313486232e+308,1.79769313486232e+308
147,"8/12/99",1,611212,1.79769313486232e+308,"",1.79769313486232e+308,1.79769313486232e+308,1.79769313486232e+308,1.79769313486232e+308
148,"8/12/99",1,611213,1.79769313486232e+308,"",1.79769313486232e+308,1.79769313486232e+308,1.79769313486232e+308,1.79769313486232e+308
238,"6/23/99",1,620111,1.79769313486232e+308,"",1.79769313486232e+308,1.79769313486232e+308,1.79769313486232e+308,1.79769313486232e+308
247,"6/23/99",1,620141,9,"Loss of money",1600,2,1.79769313486232e+308,1600
252,"6/23/99",1,620151,1.79769313486232e+308,"",1.79769313486232e+308,1.79769313486232e+308,1.79769313486232e+308,1.79769313486232e+308
74,"9/11/99",1,620152,9,"Loss of money",2000,1,1.79769313486232e+308,1.79769313486232e+308
239,"6/23/99",1,620211,7,"Damage to house/land due to cyclone",1500,22,1.79769313486232e+308,1000
248,"6/23/99",1,620241,1.79769313486232e+308,"",1.79769313486232e+308,1.79769313486232e+308,1.79769313486232e+308,1.79769313486232e+308
76,"9/11/99",1,620251,7,"Damage to house/land due to cyclone",50000,1,1.79769313486232e+308,1.79769313486232e+308
77,"9/11/99",1,620251,8,"Huge expenditure due to illness",3000,2,1.79769313486232e+308,1.79769313486232e+308
78,"9/11/99",1,620252,9,"Loss of money",30000,1,1.79769313486232e+308,1.79769313486232e+308
81,"9/11/99",1,620253,1.79769313486232e+308,"",1.79769313486232e+308,1.79769313486232e+308,1.79769313486232e+308,1.79769313486232e+308
82,"9/11/99",1,620254,9,"Loss of money",50000,1,1.79769313486232e+308,1.79769313486232e+308
240,"6/23/99",1,620311,1.79769313486232e+308,"",1.79769313486232e+308,1.79769313486232e+308,1.79769313486232e+308,1.79769313486232e+308
249,"6/23/99",1,620341,1.79769313486232e+308,"",1.79769313486232e+308,1.79769313486232e+308,1.79769313486232e+308,1.79769313486232e+308
83,"9/11/99",1,620351,1.79769313486232e+308,"",1.79769313486232e+308,1.79769313486232e+308,1.79769313486232e+308,1.79769313486232e+308
241,"6/23/99",1,620411,1.79769313486232e+308,"",1.79769313486232e+308,1.79769313486232e+308,1.79769313486232e+308,1.79769313486232e+308
250,"6/23/99",1,620441,1.79769313486232e+308,"",1.79769313486232e+308,1.79769313486232e+308,1.79769313486232e+308,1.79769313486232e+308
84,"9/11/99",1,620459,27,"Burning of house by fire",200000,1,1.79769313486232e+308,1.79769313486232e+308
242,"6/23/99",1,620511,1.79769313486232e+308,"",1.79769313486232e+308,1.79769313486232e+308,1.79769313486232e+308,1.79769313486232e+308
243,"6/23/99",1,620512,1.79769313486232e+308,"",1.79769313486232e+308,1.79769313486232e+308,1.79769313486232e+308,1.79769313486232e+308
251,"6/23/99",1,620541,1.79769313486232e+308,"",1.79769313486232e+308,1.79769313486232e+308,1.79769313486232e+308,1.79769313486232e+308
66,"9/11/99",1,620611,1.79769313486232e+308,"",1.79769313486232e+308,1.79769313486232e+308,1.79769313486232e+308,1.79769313486232e+308
244,"6/23/99",1,620711,27,"Burning of house by fire",60000,16,1.79769313486232e+308,60000
245,"6/23/99",1,620811,1.79769313486232e+308,"",1.79769313486232e+308,1.79769313486232e+308,1.79769313486232e+308,1.79769313486232e+308
246,"6/23/99",1,620911,1.79769313486232e+308,"",1.79769313486232e+308,1.79769313486232e+308,1.79769313486232e+308,1.79769313486232e+308
67,"9/11/99",1,621011,3,"Burglery/Theft",1000,2,1.79769313486232e+308,1000
68,"9/11/99",1,621111,1.79769313486232e+308,"",1.79769313486232e+308,1.79769313486232e+308,1.79769313486232e+308,1.79769313486232e+308
71,"9/11/99",1,621211,1.79769313486232e+308,"",1.79769313486232e+308,1.79769313486232e+308,1.79769313486232e+308,1.79769313486232e+308
121,"7/21/99",1,630111,2,"Crop damage",30000,1,1.79769313486232e+308,1.79769313486232e+308
122,"7/21/99",1,630111,5,"Death of cow/buffalo",8000,1,1.79769313486232e+308,1.79769313486232e+308
132,"7/21/99",1,630141,8,"Huge expenditure due to illness",3000,7,1.79769313486232e+308,3000
139,"7/21/99",1,630151,1.79769313486232e+308,"",1.79769313486232e+308,1.79769313486232e+308,1.79769313486232e+308,1.79769313486232e+308
123,"7/21/99",1,630211,1.79769313486232e+308,"",1.79769313486232e+308,1.79769313486232e+308,1.79769313486232e+308,1.79769313486232e+308
133,"7/21/99",1,630241,1.79769313486232e+308,"",1.79769313486232e+308,1.79769313486232e+308,1.79769313486232e+308,1.79769313486232e+308
134,"7/21/99",1,630242,7,"Damage to house/land due to cyclone",20000,2,1.79769313486232e+308,20000
140,"7/21/99",1,630251,8,"Huge expenditure due to illness",42000,3,1.79769313486232e+308,42000
141,"7/21/99",1,630252,1.79769313486232e+308,"",1.79769313486232e+308,1.79769313486232e+308,1.79769313486232e+308,1.79769313486232e+308
45,"8/03/99",1,630311,5,"Death of cow/buffalo",9000,1,1.79769313486232e+308,9000
135,"7/21/99",1,630341,21,"Torture for dowry",1.79769313486232e+308,23,1.79769313486232e+308,2000
136,"7/21/99",1,630342,8,"Huge expenditure due to illness",5000,16,1.79769313486232e+308,5000
142,"7/21/99",1,630351,7,"Damage to house/land due to cyclone",30000,3,1.79769313486232e+308,30000
143,"7/21/99",1,630352,10,"Evacuation from land",2000,2,1.79769313486232e+308,2000
46,"8/03/99",1,630411,3,"Burglery/Theft",7000,2,7,7000
47,"8/03/99",1,630411,8,"Huge expenditure due to illness",30000,7,11,30000
137,"7/21/99",1,630441,1.79769313486232e+308,"",1.79769313486232e+308,1.79769313486232e+308,1.79769313486232e+308,1.79769313486232e+308
144,"7/21/99",1,630459,16,"Expenditure incurred on court/polic",4000,2,1.79769313486232e+308,4000
124,"7/21/99",1,630511,7,"Damage to house/land due to cyclone",5000,1,1.79769313486232e+308,1.79769313486232e+308
125,"7/21/99",1,630512,1.79769313486232e+308,"",1.79769313486232e+308,1.79769313486232e+308,1.79769313486232e+308,1.79769313486232e+308
126,"7/21/99",1,630513,1.79769313486232e+308,"",1.79769313486232e+308,1.79769313486232e+308,1.79769313486232e+308,1.79769313486232e+308
138,"7/21/99",1,630541,1.79769313486232e+308,"",1.79769313486232e+308,1.79769313486232e+308,1.79769313486232e+308,1.79769313486232e+308
127,"7/21/99",1,630611,1.79769313486232e+308,"",1.79769313486232e+308,1.79769313486232e+308,1.79769313486232e+308,1.79769313486232e+308
128,"7/21/99",1,630711,12,"Land related litigation",20000,2,1.79769313486232e+308,2000
48,"8/03/99",1,630811,3,"Burglery/Theft",3000,2,1.79769313486232e+308,1.79769313486232e+308
50,"8/06/99",1,630911,1.79769313486232e+308,"",1.79769313486232e+308,1.79769313486232e+308,1.79769313486232e+308,1.79769313486232e+308
129,"7/21/99",1,631011,1.79769313486232e+308,"",1.79769313486232e+308,1.79769313486232e+308,1.79769313486232e+308,1.79769313486232e+308
130,"7/21/99",1,631111,24,"Expenditure for daughter's marriage",2000,23,2,2000
131,"7/21/99",1,631211,7,"Damage to house/land due to cyclone",1500,11,21,1500
55,"6/05/99",1,710111,8,"Huge expenditure due to illness",8000,5,1.79769313486232e+308,8000
71,"6/07/99",1,710141,8,"Huge expenditure due to illness",2000,5,1.79769313486232e+308,4400
75,"6/07/99",1,710151,1.79769313486232e+308,"",1.79769313486232e+308,1.79769313486232e+308,1.79769313486232e+308,1.79769313486232e+308
56,"6/07/99",1,710211,1.79769313486232e+308,"",1.79769313486232e+308,1.79769313486232e+308,1.79769313486232e+308,1.79769313486232e+308
72,"6/07/99",1,710241,1.79769313486232e+308,"",1.79769313486232e+308,1.79769313486232e+308,1.79769313486232e+308,1.79769313486232e+308
76,"6/07/99",1,710251,21,"Torture for dowry",1.79769313486232e+308,3,1.79769313486232e+308,30000
57,"6/07/99",1,710311,7,"Damage to house/land due to cyclone",500,23,1.79769313486232e+308,3000
77,"6/07/99",1,710351,5,"Death of cow/buffalo",4000,2,1.79769313486232e+308,4000
58,"6/07/99",1,710411,1.79769313486232e+308,"",1.79769313486232e+308,1.79769313486232e+308,1.79769313486232e+308,1.79769313486232e+308
78,"6/07/99",1,710459,3,"Burglery/Theft",5000,1,2,1200
73,"6/07/99",1,710541,1.79769313486232e+308,"",1.79769313486232e+308,1.79769313486232e+308,1.79769313486232e+308,1.79769313486232e+308
74,"6/07/99",1,710542,1.79769313486232e+308,"",1.79769313486232e+308,1.79769313486232e+308,1.79769313486232e+308,1.79769313486232e+308
59,"6/07/99",1,710611,1.79769313486232e+308,"",1.79769313486232e+308,1.79769313486232e+308,1.79769313486232e+308,1.79769313486232e+308
60,"6/07/99",1,710711,1.79769313486232e+308,"",1.79769313486232e+308,1.79769313486232e+308,1.79769313486232e+308,1.79769313486232e+308
61,"6/07/99",1,710811,1.79769313486232e+308,"",1.79769313486232e+308,1.79769313486232e+308,1.79769313486232e+308,1.79769313486232e+308
62,"6/07/99",1,710911,24,"Expenditure for daughter's marriage",12000,1.79769313486232e+308,1.79769313486232e+308,1.79769313486232e+308
63,"6/07/99",1,710912,1.79769313486232e+308,"",1.79769313486232e+308,1.79769313486232e+308,1.79769313486232e+308,1.79769313486232e+308
64,"6/07/99",1,711011,21,"Torture for dowry",1.79769313486232e+308,22,1.79769313486232e+308,8000
65,"6/07/99",1,711111,8,"Huge expenditure due to illness",3000,4,5,3800
66,"6/07/99",1,711211,8,"Huge expenditure due to illness",2500,5,1.79769313486232e+308,300
67,"6/07/99",1,711211,21,"Torture for dowry",1.79769313486232e+308,18,1.79769313486232e+308,8000
68,"6/07/99",1,711311,21,"Torture for dowry",1.79769313486232e+308,18,7,10000
69,"6/07/99",1,711411,1.79769313486232e+308,"",1.79769313486232e+308,1.79769313486232e+308,1.79769313486232e+308,1.79769313486232e+308
70,"6/07/99",1,711412,1.79769313486232e+308,"",1.79769313486232e+308,1.79769313486232e+308,1.79769313486232e+308,1.79769313486232e+308
134,"6/09/99",1,720111,4,"Theft of cow/buffalo",1000,1,1.79769313486232e+308,1.79769313486232e+308
153,"6/17/99",1,720141,1.79769313486232e+308,"",1.79769313486232e+308,1.79769313486232e+308,1.79769313486232e+308,1.79769313486232e+308
157,"6/17/99",1,720151,1.79769313486232e+308,"",1.79769313486232e+308,1.79769313486232e+308,1.79769313486232e+308,1.79769313486232e+308
135,"6/17/99",1,720212,1.79769313486232e+308,"",1.79769313486232e+308,1.79769313486232e+308,1.79769313486232e+308,1.79769313486232e+308
154,"6/17/99",1,720241,8,"Huge expenditure due to illness",1500,2,25,1500
158,"6/17/99",1,720251,1.79769313486232e+308,"",1.79769313486232e+308,1.79769313486232e+308,1.79769313486232e+308,1.79769313486232e+308
136,"6/17/99",1,720311,5,"Death of cow/buffalo",5000,1,1.79769313486232e+308,1.79769313486232e+308
137,"6/17/99",1,720311,8,"Huge expenditure due to illness",8000,1.79769313486232e+308,1.79769313486232e+308,10000
138,"6/17/99",1,720312,1.79769313486232e+308,"",1.79769313486232e+308,1.79769313486232e+308,1.79769313486232e+308,1.79769313486232e+308
139,"6/17/99",1,720313,8,"Huge expenditure due to illness",1500,1.79769313486232e+308,1.79769313486232e+308,1500
159,"6/17/99",1,720351,5,"Death of cow/buffalo",10000,1,1.79769313486232e+308,1.79769313486232e+308
140,"6/17/99",1,720411,8,"Huge expenditure due to illness",3000,2,1.79769313486232e+308,3000
141,"6/17/99",1,720412,1.79769313486232e+308,"",1.79769313486232e+308,1.79769313486232e+308,1.79769313486232e+308,1.79769313486232e+308
155,"6/17/99",1,720441,1.79769313486232e+308,"",1.79769313486232e+308,1.79769313486232e+308,1.79769313486232e+308,1.79769313486232e+308
160,"6/17/99",1,720459,1.79769313486232e+308,"",1.79769313486232e+308,1.79769313486232e+308,1.79769313486232e+308,1.79769313486232e+308
142,"6/17/99",1,720511,1.79769313486232e+308,"",1.79769313486232e+308,1.79769313486232e+308,1.79769313486232e+308,1.79769313486232e+308
143,"6/17/99",1,720611,1.79769313486232e+308,"",1.79769313486232e+308,1.79769313486232e+308,1.79769313486232e+308,1.79769313486232e+308
156,"6/17/99",1,720641,1.79769313486232e+308,"",1.79769313486232e+308,1.79769313486232e+308,1.79769313486232e+308,1.79769313486232e+308
144,"6/17/99",1,720711,8,"Huge expenditure due to illness",13000,2,22,13500
145,"6/17/99",1,720811,1.79769313486232e+308,"",1.79769313486232e+308,1.79769313486232e+308,1.79769313486232e+308,1.79769313486232e+308
146,"6/17/99",1,720812,1.79769313486232e+308,"",1.79769313486232e+308,1.79769313486232e+308,1.79769313486232e+308,1.79769313486232e+308
147,"6/17/99",1,720911,1.79769313486232e+308,"",1.79769313486232e+308,1.79769313486232e+308,1.79769313486232e+308,1.79769313486232e+308
148,"6/17/99",1,721011,8,"Huge expenditure due to illness",1700,5,1.79769313486232e+308,1955
149,"6/17/99",1,721111,1.79769313486232e+308,"",1.79769313486232e+308,1.79769313486232e+308,1.79769313486232e+308,1.79769313486232e+308
150,"6/17/99",1,721211,1.79769313486232e+308,"",1.79769313486232e+308,1.79769313486232e+308,1.79769313486232e+308,1.79769313486232e+308
151,"6/17/99",1,721311,1.79769313486232e+308,"",1.79769313486232e+308,1.79769313486232e+308,1.79769313486232e+308,1.79769313486232e+308
152,"6/17/99",1,721411,8,"Huge expenditure due to illness",3000,7,1.79769313486232e+308,3000
51,"8/04/99",1,730111,8,"Huge expenditure due to illness",7000,2,1.79769313486232e+308,7000
71,"8/08/99",1,730141,1.79769313486232e+308,"",1.79769313486232e+308,1.79769313486232e+308,1.79769313486232e+308,1.79769313486232e+308
79,"8/08/99",1,730151,1.79769313486232e+308,"",1.79769313486232e+308,1.79769313486232e+308,1.79769313486232e+308,1.79769313486232e+308
52,"8/08/99",1,730211,8,"Huge expenditure due to illness",1000,7,1.79769313486232e+308,1000
72,"8/08/99",1,730241,1.79769313486232e+308,"",1.79769313486232e+308,1.79769313486232e+308,1.79769313486232e+308,1.79769313486232e+308
80,"8/08/99",1,730251,1.79769313486232e+308,"",1.79769313486232e+308,1.79769313486232e+308,1.79769313486232e+308,1.79769313486232e+308
53,"8/08/99",1,730311,1.79769313486232e+308,"",1.79769313486232e+308,1.79769313486232e+308,1.79769313486232e+308,1.79769313486232e+308
73,"8/08/99",1,730341,1.79769313486232e+308,"",1.79769313486232e+308,1.79769313486232e+308,1.79769313486232e+308,1.79769313486232e+308
81,"8/08/99",1,730351,1.79769313486232e+308,"",1.79769313486232e+308,1.79769313486232e+308,1.79769313486232e+308,1.79769313486232e+308
54,"8/08/99",1,730411,8,"Huge expenditure due to illness",1600,25,1.79769313486232e+308,1600
74,"8/08/99",1,730441,1.79769313486232e+308,"",1.79769313486232e+308,1.79769313486232e+308,1.79769313486232e+308,1.79769313486232e+308
82,"8/08/99",1,730459,1.79769313486232e+308,"",1.79769313486232e+308,1.79769313486232e+308,1.79769313486232e+308,1.79769313486232e+308
55,"8/08/99",1,730511,1.79769313486232e+308,"",1.79769313486232e+308,1.79769313486232e+308,1.79769313486232e+308,1.79769313486232e+308
75,"8/08/99",1,730541,1.79769313486232e+308,"",1.79769313486232e+308,1.79769313486232e+308,1.79769313486232e+308,1.79769313486232e+308
56,"8/08/99",1,730611,1.79769313486232e+308,"",1.79769313486232e+308,1.79769313486232e+308,1.79769313486232e+308,1.79769313486232e+308
57,"8/08/99",1,730612,1.79769313486232e+308,"",1.79769313486232e+308,1.79769313486232e+308,1.79769313486232e+308,1.79769313486232e+308
76,"8/08/99",1,730641,1,"Death of primary income eraner",1.79769313486232e+308,2,1.79769313486232e+308,2000
77,"8/08/99",1,730642,1.79769313486232e+308,"",1.79769313486232e+308,1.79769313486232e+308,1.79769313486232e+308,1.79769313486232e+308
78,"8/08/99",1,730643,1.79769313486232e+308,"",1.79769313486232e+308,1.79769313486232e+308,1.79769313486232e+308,1.79769313486232e+308
58,"8/08/99",1,730711,1.79769313486232e+308,"",1.79769313486232e+308,1.79769313486232e+308,1.79769313486232e+308,1.79769313486232e+308
59,"8/08/99",1,730712,8,"Huge expenditure due to illness",1200,2,1.79769313486232e+308,1200
60,"8/08/99",1,730811,1.79769313486232e+308,"",1.79769313486232e+308,1.79769313486232e+308,1.79769313486232e+308,1.79769313486232e+308
61,"8/08/99",1,730911,8,"Huge expenditure due to illness",4000,3,4,4000
62,"8/08/99",1,731011,1.79769313486232e+308,"",1.79769313486232e+308,1.79769313486232e+308,1.79769313486232e+308,1.79769313486232e+308
63,"8/08/99",1,731111,1.79769313486232e+308,"",1.79769313486232e+308,1.79769313486232e+308,1.79769313486232e+308,1.79769313486232e+308
64,"8/08/99",1,731211,1.79769313486232e+308,"",1.79769313486232e+308,1.79769313486232e+308,1.79769313486232e+308,1.79769313486232e+308
65,"8/08/99",1,731311,1.79769313486232e+308,"",1.79769313486232e+308,1.79769313486232e+308,1.79769313486232e+308,1.79769313486232e+308
66,"8/08/99",1,731411,1.79769313486232e+308,"",1.79769313486232e+308,1.79769313486232e+308,1.79769313486232e+308,1.79769313486232e+308
67,"8/08/99",1,731412,1.79769313486232e+308,"",1.79769313486232e+308,1.79769313486232e+308,1.79769313486232e+308,1.79769313486232e+308
68,"8/08/99",1,731413,1.79769313486232e+308,"",1.79769313486232e+308,1.79769313486232e+308,1.79769313486232e+308,1.79769313486232e+308
69,"8/08/99",1,731414,1.79769313486232e+308,"",1.79769313486232e+308,1.79769313486232e+308,1.79769313486232e+308,1.79769313486232e+308
70,"8/08/99",1,731415,1.79769313486232e+308,"",1.79769313486232e+308,1.79769313486232e+308,1.79769313486232e+308,1.79769313486232e+308
56,"8/23/99",1,740119,1.79769313486232e+308,"",1.79769313486232e+308,1.79769313486232e+308,1.79769313486232e+308,1.79769313486232e+308
66,"9/01/99",1,740149,1.79769313486232e+308,"",1.79769313486232e+308,1.79769313486232e+308,1.79769313486232e+308,1.79769313486232e+308
71,"9/01/99",1,740159,1.79769313486232e+308,"",1.79769313486232e+308,1.79769313486232e+308,1.79769313486232e+308,1.79769313486232e+308
57,"9/01/99",1,740219,1.79769313486232e+308,"",1.79769313486232e+308,1.79769313486232e+308,1.79769313486232e+308,1.79769313486232e+308
67,"9/01/99",1,740249,1.79769313486232e+308,"",1.79769313486232e+308,1.79769313486232e+308,1.79769313486232e+308,1.79769313486232e+308
72,"9/01/99",1,740259,1.79769313486232e+308,"",1.79769313486232e+308,1.79769313486232e+308,1.79769313486232e+308,1.79769313486232e+308
58,"9/01/99",1,740319,4,"Theft of cow/buffalo",3000,1,1.79769313486232e+308,1.79769313486232e+308
68,"9/01/99",1,740349,1.79769313486232e+308,"",1.79769313486232e+308,1.79769313486232e+308,1.79769313486232e+308,1.79769313486232e+308
73,"9/01/99",1,740359,2,"Crop damage",20000,1,1.79769313486232e+308,1.79769313486232e+308
59,"9/01/99",1,740419,1.79769313486232e+308,"",1.79769313486232e+308,1.79769313486232e+308,1.79769313486232e+308,1.79769313486232e+308
69,"9/01/99",1,740449,1.79769313486232e+308,"",1.79769313486232e+308,1.79769313486232e+308,1.79769313486232e+308,1.79769313486232e+308
74,"9/01/99",1,740459,1.79769313486232e+308,"",1.79769313486232e+308,1.79769313486232e+308,1.79769313486232e+308,1.79769313486232e+308
60,"9/01/99",1,740519,1.79769313486232e+308,"",1.79769313486232e+308,1.79769313486232e+308,1.79769313486232e+308,1.79769313486232e+308
70,"9/01/99",1,740549,1.79769313486232e+308,"",1.79769313486232e+308,1.79769313486232e+308,1.79769313486232e+308,1.79769313486232e+308
75,"9/01/99",1,740559,2,"Crop damage",20000,1,1.79769313486232e+308,1.79769313486232e+308
61,"9/01/99",1,740619,1.79769313486232e+308,"",1.79769313486232e+308,1.79769313486232e+308,1.79769313486232e+308,1.79769313486232e+308
62,"9/01/99",1,740719,1.79769313486232e+308,"",1.79769313486232e+308,1.79769313486232e+308,1.79769313486232e+308,1.79769313486232e+308
63,"9/01/99",1,740819,21,"Torture for dowry",1.79769313486232e+308,2,5,35000
64,"9/01/99",1,740919,1.79769313486232e+308,"",1.79769313486232e+308,1.79769313486232e+308,1.79769313486232e+308,1.79769313486232e+308
65,"9/01/99",1,741019,8,"Huge expenditure due to illness",2100,23,1.79769313486232e+308,2100
253,"6/28/99",1,810111,16,"Expenditure incurred on court/polic",40000,2,5,40000
254,"6/28/99",1,810111,21,"Torture for dowry",1.79769313486232e+308,1.79769313486232e+308,1.79769313486232e+308,5000
255,"6/28/99",1,810111,24,"Expenditure for daughter's marriage",1.79769313486232e+308,5,2,10000
276,"6/28/99",1,810141,2,"Crop damage",2000,1,1.79769313486232e+308,1.79769313486232e+308
285,"6/28/99",1,810151,2,"Crop damage",500,1,1.79769313486232e+308,1.79769313486232e+308
256,"6/28/99",1,810211,2,"Crop damage",3750,1,1.79769313486232e+308,1.79769313486232e+308
277,"6/28/99",1,810241,5,"Death of cow/buffalo",4000,1,1.79769313486232e+308,1.79769313486232e+308
278,"6/28/99",1,810241,30,"Others",1400,1,1.79769313486232e+308,1.79769313486232e+308
286,"6/28/99",1,810251,2,"Crop damage",6000,1,1.79769313486232e+308,1.79769313486232e+308
287,"6/28/99",1,810251,5,"Death of cow/buffalo",7000,1,1.79769313486232e+308,150
288,"6/28/99",1,810251,8,"Huge expenditure due to illness",4500,2,1.79769313486232e+308,4500
257,"6/28/99",1,810311,2,"Crop damage",5560,1,1.79769313486232e+308,1.79769313486232e+308
258,"6/28/99",1,810311,5,"Death of cow/buffalo",7000,1,1.79769313486232e+308,300
259,"6/28/99",1,810311,7,"Damage to house/land due to cyclone",3000,2,1.79769313486232e+308,3000
279,"6/28/99",1,810341,3,"Burglery/Theft",4500,1,1.79769313486232e+308,1.79769313486232e+308
280,"6/28/99",1,810341,8,"Huge expenditure due to illness",8000,25,22,8000
281,"6/28/99",1,810341,24,"Expenditure for daughter's marriage",1.79769313486232e+308,25,2,10000
289,"6/28/99",1,810351,2,"Crop damage",2000,1,1.79769313486232e+308,1.79769313486232e+308
290,"6/28/99",1,810351,7,"Damage to house/land due to cyclone",4000,1,1.79769313486232e+308,2000
260,"6/28/99",1,810411,2,"Crop damage",3300,1,1.79769313486232e+308,1.79769313486232e+308
261,"6/28/99",1,810411,5,"Death of cow/buffalo",6000,2,1.79769313486232e+308,200
282,"6/28/99",1,810441,2,"Crop damage",4000,1,1.79769313486232e+308,1.79769313486232e+308
283,"6/28/99",1,810441,5,"Death of cow/buffalo",5500,1,1.79769313486232e+308,1.79769313486232e+308
291,"6/28/99",1,810459,2,"Crop damage",10000,1,1.79769313486232e+308,1.79769313486232e+308
292,"6/28/99",1,810459,5,"Death of cow/buffalo",4000,2,1.79769313486232e+308,300
284,"6/28/99",1,810541,1.79769313486232e+308,"",1.79769313486232e+308,1.79769313486232e+308,1.79769313486232e+308,1.79769313486232e+308
262,"6/28/99",1,810711,2,"Crop damage",3500,1,1.79769313486232e+308,0
263,"6/28/99",1,810711,30,"Others",1400,1,1.79769313486232e+308,0
264,"6/28/99",1,810811,2,"Crop damage",1000,1,1.79769313486232e+308,1.79769313486232e+308
265,"6/28/99",1,810811,7,"Damage to house/land due to cyclone",5000,20,1.79769313486232e+308,3000
266,"6/28/99",1,810811,8,"Huge expenditure due to illness",1400,19,1.79769313486232e+308,1400
267,"6/28/99",1,810811,21,"Torture for dowry",1.79769313486232e+308,19,1.79769313486232e+308,5000
268,"6/28/99",1,810811,24,"Expenditure for daughter's marriage",1.79769313486232e+308,20,1.79769313486232e+308,5000
269,"6/28/99",1,811011,2,"Crop damage",300,1,1.79769313486232e+308,1.79769313486232e+308
270,"6/28/99",1,811011,30,"Others",1050,1,1.79769313486232e+308,1.79769313486232e+308
271,"6/28/99",1,811111,2,"Crop damage",15000,1,1.79769313486232e+308,1.79769313486232e+308
272,"6/28/99",1,811111,5,"Death of cow/buffalo",2000,2,1.79769313486232e+308,150
273,"6/28/99",1,811211,2,"Crop damage",5460,1,1.79769313486232e+308,1.79769313486232e+308
274,"6/28/99",1,811212,1.79769313486232e+308,"",1.79769313486232e+308,1.79769313486232e+308,1.79769313486232e+308,1.79769313486232e+308
275,"6/28/99",1,811213,1.79769313486232e+308,"",1.79769313486232e+308,1.79769313486232e+308,1.79769313486232e+308,1.79769313486232e+308
389,"7/12/99",1,820111,2,"Crop damage",200,1,1.79769313486232e+308,1.79769313486232e+308
390,"7/12/99",1,820111,9,"Loss of money",90000,1,1.79769313486232e+308,1.79769313486232e+308
413,"7/12/99",1,820141,7,"Damage to house/land due to cyclone",1000,2,1.79769313486232e+308,320
421,"7/12/99",1,820151,1.79769313486232e+308,"",1.79769313486232e+308,1.79769313486232e+308,1.79769313486232e+308,1.79769313486232e+308
391,"7/12/99",1,820211,2,"Crop damage",1000,1,1.79769313486232e+308,1.79769313486232e+308
414,"7/12/99",1,820241,2,"Crop damage",600,1,1.79769313486232e+308,1.79769313486232e+308
415,"7/12/99",1,820241,7,"Damage to house/land due to cyclone",2000,1,1.79769313486232e+308,600
422,"7/12/99",1,820251,9,"Loss of money",40000,1,1.79769313486232e+308,1.79769313486232e+308
392,"7/12/99",1,820311,3,"Burglery/Theft",300,1,1.79769313486232e+308,1.79769313486232e+308
416,"7/12/99",1,820341,1.79769313486232e+308,"",1.79769313486232e+308,1.79769313486232e+308,1.79769313486232e+308,1.79769313486232e+308
423,"7/12/99",1,820351,2,"Crop damage",2000,1,1.79769313486232e+308,1.79769313486232e+308
424,"7/12/99",1,820351,5,"Death of cow/buffalo",7000,2,1.79769313486232e+308,400
425,"7/12/99",1,820351,7,"Damage to house/land due to cyclone",3000,2,1.79769313486232e+308,3000
426,"7/12/99",1,820351,21,"Torture for dowry",1.79769313486232e+308,2,1.79769313486232e+308,6000
427,"7/12/99",1,820351,24,"Expenditure for daughter's marriage",1.79769313486232e+308,2,1.79769313486232e+308,13000
428,"7/12/99",1,820351,26,"Tortured by husband/other in-laws",1.79769313486232e+308,2,1.79769313486232e+308,1500
393,"7/12/99",1,820411,2,"Crop damage",6000,1,1.79769313486232e+308,1.79769313486232e+308
394,"7/12/99",1,820411,24,"Expenditure for daughter's marriage",15000,2,3,15000
395,"7/12/99",1,820412,2,"Crop damage",5000,1,1.79769313486232e+308,1.79769313486232e+308
396,"7/12/99",1,820413,2,"Crop damage",6000,1,1.79769313486232e+308,1.79769313486232e+308
417,"7/12/99",1,820441,1.79769313486232e+308,"",1.79769313486232e+308,1.79769313486232e+308,1.79769313486232e+308,1.79769313486232e+308
429,"7/12/99",1,820459,1.79769313486232e+308,"",1.79769313486232e+308,1.79769313486232e+308,1.79769313486232e+308,1.79769313486232e+308
397,"7/12/99",1,820511,24,"Expenditure for daughter's marriage",7000,2,1.79769313486232e+308,7000
418,"7/12/99",1,820541,8,"Huge expenditure due to illness",10000,2,1.79769313486232e+308,10000
419,"7/12/99",1,820542,16,"Expenditure incurred on court/polic",20000,25,1.79769313486232e+308,25000
420,"7/12/99",1,820542,30,"Others",4000,2,1.79769313486232e+308,1.79769313486232e+308
398,"7/12/99",1,820611,1.79769313486232e+308,"",1.79769313486232e+308,1.79769313486232e+308,1.79769313486232e+308,1.79769313486232e+308
399,"7/12/99",1,820612,1.79769313486232e+308,"",1.79769313486232e+308,1.79769313486232e+308,1.79769313486232e+308,1.79769313486232e+308
400,"7/12/99",1,820613,1.79769313486232e+308,"",1.79769313486232e+308,1.79769313486232e+308,1.79769313486232e+308,1.79769313486232e+308
401,"7/12/99",1,820711,28,"Family feud",1.79769313486232e+308,1,1.79769313486232e+308,4000
402,"7/12/99",1,820712,1.79769313486232e+308,"",1.79769313486232e+308,1.79769313486232e+308,1.79769313486232e+308,1.79769313486232e+308
403,"7/12/99",1,820811,7,"Damage to house/land due to cyclone",100,2,1.79769313486232e+308,400
404,"7/12/99",1,820911,2,"Crop damage",1000,1,1.79769313486232e+308,1.79769313486232e+308
405,"7/12/99",1,820911,7,"Damage to house/land due to cyclone",15000,7,1.79769313486232e+308,100
406,"7/12/99",1,820911,27,"Burning of house by fire",3000,1,1.79769313486232e+308,1.79769313486232e+308
407,"7/12/99",1,821011,1.79769313486232e+308,"",1.79769313486232e+308,1.79769313486232e+308,1.79769313486232e+308,1.79769313486232e+308
408,"7/12/99",1,821012,8,"Huge expenditure due to illness",7000,2,1.79769313486232e+308,7000
409,"7/12/99",1,821111,2,"Crop damage",1000,1,1.79769313486232e+308,1.79769313486232e+308
410,"7/12/99",1,821111,7,"Damage to house/land due to cyclone",3000,2,1.79769313486232e+308,1000
411,"7/12/99",1,821211,15,"Undue harrassment by police",4000,1,1.79769313486232e+308,1.79769313486232e+308
412,"7/12/99",1,821211,30,"Others",40000,5,7,40000
56,"7/13/99",1,830111,1.79769313486232e+308,"",1.79769313486232e+308,1.79769313486232e+308,1.79769313486232e+308,1.79769313486232e+308
70,"7/13/99",1,830141,8,"Huge expenditure due to illness",3000,2,1.79769313486232e+308,3000
74,"7/13/99",1,830151,2,"Crop damage",5000,1,1.79769313486232e+308,1.79769313486232e+308
75,"7/13/99",1,830151,5,"Death of cow/buffalo",10000,2,1.79769313486232e+308,700
57,"7/13/99",1,830211,1.79769313486232e+308,"",1.79769313486232e+308,1.79769313486232e+308,1.79769313486232e+308,1.79769313486232e+308
76,"7/13/99",1,830251,1,"Death of primary income eraner",1.79769313486232e+308,1,1.79769313486232e+308,1.79769313486232e+308
77,"7/13/99",1,830251,2,"Crop damage",2000,1,1.79769313486232e+308,1.79769313486232e+308
78,"7/13/99",1,830251,8,"Huge expenditure due to illness",30000,3,1.79769313486232e+308,30000
58,"7/13/99",1,830311,1.79769313486232e+308,"",1.79769313486232e+308,1.79769313486232e+308,1.79769313486232e+308,1.79769313486232e+308
71,"7/13/99",1,830341,2,"Crop damage",3000,1,1.79769313486232e+308,1.79769313486232e+308
79,"7/13/99",1,830351,2,"Crop damage",4000,1,1.79769313486232e+308,1.79769313486232e+308
59,"7/13/99",1,830411,5,"Death of cow/buffalo",2000,1,1.79769313486232e+308,1.79769313486232e+308
60,"7/13/99",1,830411,8,"Huge expenditure due to illness",8000,2,1.79769313486232e+308,8000
72,"7/13/99",1,830441,1.79769313486232e+308,"",1.79769313486232e+308,1.79769313486232e+308,1.79769313486232e+308,1.79769313486232e+308
80,"7/13/99",1,830459,8,"Huge expenditure due to illness",20000,2,4,20000
73,"7/13/99",1,830541,2,"Crop damage",2500,1,1.79769313486232e+308,1.79769313486232e+308
61,"7/13/99",1,830611,2,"Crop damage",3000,1,1.79769313486232e+308,1.79769313486232e+308
62,"7/13/99",1,830711,30,"Others",6000,1,1.79769313486232e+308,6000
63,"7/13/99",1,830811,1.79769313486232e+308,"",1.79769313486232e+308,1.79769313486232e+308,1.79769313486232e+308,1.79769313486232e+308
64,"7/13/99",1,830911,8,"Huge expenditure due to illness",5000,2,1.79769313486232e+308,5000
65,"7/13/99",1,830911,27,"Burning of house by fire",3000,1,1.79769313486232e+308,3000
66,"7/13/99",1,831011,1.79769313486232e+308,"",1.79769313486232e+308,1.79769313486232e+308,1.79769313486232e+308,1.79769313486232e+308
67,"7/13/99",1,831012,1.79769313486232e+308,"",1.79769313486232e+308,1.79769313486232e+308,1.79769313486232e+308,1.79769313486232e+308
68,"7/13/99",1,831111,1.79769313486232e+308,"",1.79769313486232e+308,1.79769313486232e+308,1.79769313486232e+308,1.79769313486232e+308
69,"7/13/99",1,831211,2,"Crop damage",4000,1,1.79769313486232e+308,1.79769313486232e+308
430,"7/12/99",1,910121,2,"Crop damage",2800,1,1.79769313486232e+308,1.79769313486232e+308
447,"7/12/99",1,910141,1.79769313486232e+308,"",1.79769313486232e+308,1.79769313486232e+308,1.79769313486232e+308,1.79769313486232e+308
452,"7/12/99",1,910151,1.79769313486232e+308,"",1.79769313486232e+308,1.79769313486232e+308,1.79769313486232e+308,1.79769313486232e+308
431,"7/12/99",1,910221,2,"Crop damage",5200,2,1.79769313486232e+308,320
432,"7/12/99",1,910222,2,"Crop damage",11400,1,1.79769313486232e+308,1.79769313486232e+308
448,"7/12/99",1,910241,1.79769313486232e+308,"",1.79769313486232e+308,1.79769313486232e+308,1.79769313486232e+308,1.79769313486232e+308
453,"7/12/99",1,910251,2,"Crop damage",9000,2,1.79769313486232e+308,350
433,"7/12/99",1,910321,1.79769313486232e+308,"",1.79769313486232e+308,1.79769313486232e+308,1.79769313486232e+308,1.79769313486232e+308
434,"7/12/99",1,910322,1.79769313486232e+308,"",1.79769313486232e+308,1.79769313486232e+308,1.79769313486232e+308,1.79769313486232e+308
449,"7/12/99",1,910341,2,"Crop damage",4500,2,1.79769313486232e+308,250
454,"7/12/99",1,910351,2,"Crop damage",20000,2,1.79769313486232e+308,2600
455,"7/12/99",1,910352,1.79769313486232e+308,"",1.79769313486232e+308,1.79769313486232e+308,1.79769313486232e+308,1.79769313486232e+308
435,"7/12/99",1,910421,1.79769313486232e+308,"",1.79769313486232e+308,1.79769313486232e+308,1.79769313486232e+308,1.79769313486232e+308
450,"7/12/99",1,910441,1.79769313486232e+308,"",1.79769313486232e+308,1.79769313486232e+308,1.79769313486232e+308,1.79769313486232e+308
456,"7/12/99",1,910459,2,"Crop damage",12000,2,1.79769313486232e+308,150
436,"7/12/99",1,910521,2,"Crop damage",700,1,1.79769313486232e+308,1
437,"7/12/99",1,910521,8,"Huge expenditure due to illness",20000,3,1.79769313486232e+308,28000
451,"7/12/99",1,910541,2,"Crop damage",8000,1,1.79769313486232e+308,1.79769313486232e+308
438,"7/12/99",1,910622,2,"Crop damage",4500,2,1.79769313486232e+308,250
439,"7/12/99",1,910721,1.79769313486232e+308,"",1.79769313486232e+308,1.79769313486232e+308,1.79769313486232e+308,1.79769313486232e+308
440,"7/12/99",1,910722,2,"Crop damage",3000,2,1.79769313486232e+308,40
441,"7/12/99",1,910821,1.79769313486232e+308,"",1.79769313486232e+308,1.79769313486232e+308,1.79769313486232e+308,1.79769313486232e+308
442,"7/12/99",1,910822,1.79769313486232e+308,"",1.79769313486232e+308,1.79769313486232e+308,1.79769313486232e+308,1.79769313486232e+308
443,"7/12/99",1,910921,2,"Crop damage",9000,1,1.79769313486232e+308,1.79769313486232e+308
444,"7/12/99",1,911021,8,"Huge expenditure due to illness",20000,3,1.79769313486232e+308,12000
445,"7/12/99",1,911121,1.79769313486232e+308,"",1.79769313486232e+308,1.79769313486232e+308,1.79769313486232e+308,1.79769313486232e+308
446,"7/12/99",1,911221,2,"Crop damage",9000,2,1.79769313486232e+308,580
105,"6/10/99",1,920121,1.79769313486232e+308,"",1.79769313486232e+308,1.79769313486232e+308,1.79769313486232e+308,1.79769313486232e+308
117,"6/13/99",1,920141,1.79769313486232e+308,"",1.79769313486232e+308,1.79769313486232e+308,1.79769313486232e+308,1.79769313486232e+308
106,"6/13/99",1,920221,2,"Crop damage",3000,1,1.79769313486232e+308,1.79769313486232e+308
118,"6/13/99",1,920241,2,"Crop damage",2400,2,1.79769313486232e+308,185
122,"6/13/99",1,920251,2,"Crop damage",11400,2,1.79769313486232e+308,250
123,"6/13/99",1,920252,2,"Crop damage",3600,2,1.79769313486232e+308,180
107,"6/13/99",1,920321,2,"Crop damage",8400,2,1.79769313486232e+308,520
119,"6/13/99",1,920341,2,"Crop damage",4500,2,1.79769313486232e+308,160
124,"6/13/99",1,920351,2,"Crop damage",15000,2,1.79769313486232e+308,1800
125,"6/13/99",1,920352,2,"Crop damage",37500,1,1.79769313486232e+308,4170
126,"6/13/99",1,920353,2,"Crop damage",12000,2,1.79769313486232e+308,1280
108,"6/13/99",1,920421,2,"Crop damage",4000,2,1.79769313486232e+308,300
120,"6/13/99",1,920441,1.79769313486232e+308,"",1.79769313486232e+308,1.79769313486232e+308,1.79769313486232e+308,1.79769313486232e+308
127,"6/13/99",1,920459,2,"Crop damage",7200,1,1.79769313486232e+308,270
109,"6/13/99",1,920521,3,"Burglery/Theft",800,1,1.79769313486232e+308,1.79769313486232e+308
121,"6/13/99",1,920541,1.79769313486232e+308,"",1.79769313486232e+308,1.79769313486232e+308,1.79769313486232e+308,1.79769313486232e+308
110,"6/13/99",1,920621,1.79769313486232e+308,"",1.79769313486232e+308,1.79769313486232e+308,1.79769313486232e+308,1.79769313486232e+308
111,"6/13/99",1,920721,8,"Huge expenditure due to illness",1.79769313486232e+308,2,1.79769313486232e+308,7000
112,"6/13/99",1,920821,1.79769313486232e+308,"",1.79769313486232e+308,1.79769313486232e+308,1.79769313486232e+308,1.79769313486232e+308
113,"6/13/99",1,920921,2,"Crop damage",16500,2,1.79769313486232e+308,1200
114,"6/13/99",1,921021,2,"Crop damage",12000,1,1.79769313486232e+308,1.79769313486232e+308
115,"6/13/99",1,921121,1.79769313486232e+308,"",1.79769313486232e+308,1.79769313486232e+308,1.79769313486232e+308,1.79769313486232e+308
116,"6/13/99",1,921221,2,"Crop damage",4000,2,1.79769313486232e+308,800
71,"5/31/99",1,930121,2,"Crop damage",7500,1,1.79769313486232e+308,1.79769313486232e+308
87,"5/31/99",1,930141,2,"Crop damage",5400,1.79769313486232e+308,1.79769313486232e+308,1.79769313486232e+308
94,"5/31/99",1,930151,2,"Crop damage",15000,1.79769313486232e+308,1.79769313486232e+308,1.79769313486232e+308
72,"5/31/99",1,930221,7,"Damage to house/land due to cyclone",10000,2,1.79769313486232e+308,2000
73,"5/31/99",1,930221,9,"Loss of money",10000,2,8,2000
88,"5/31/99",1,930241,2,"Crop damage",3600,1.79769313486232e+308,1.79769313486232e+308,1.79769313486232e+308
89,"5/31/99",1,930241,8,"Huge expenditure due to illness",2000,2,1.79769313486232e+308,1000
95,"5/31/99",1,930251,2,"Crop damage",10500,1.79769313486232e+308,1.79769313486232e+308,1.79769313486232e+308
74,"5/31/99",1,930321,2,"Crop damage",9000,1.79769313486232e+308,1.79769313486232e+308,1.79769313486232e+308
90,"5/31/99",1,930341,2,"Crop damage",1500,1.79769313486232e+308,1.79769313486232e+308,1.79769313486232e+308
91,"5/31/99",1,930342,1.79769313486232e+308,"",1.79769313486232e+308,1.79769313486232e+308,1.79769313486232e+308,1.79769313486232e+308
96,"5/31/99",1,930351,2,"Crop damage",5500,1.79769313486232e+308,1.79769313486232e+308,1.79769313486232e+308
97,"5/31/99",1,930352,1.79769313486232e+308,"",1.79769313486232e+308,1.79769313486232e+308,1.79769313486232e+308,1.79769313486232e+308
75,"5/31/99",1,930421,2,"Crop damage",4500,1,1.79769313486232e+308,1.79769313486232e+308
76,"5/31/99",1,930421,8,"Huge expenditure due to illness",800,2,1.79769313486232e+308,800
92,"5/31/99",1,930441,1.79769313486232e+308,"",1.79769313486232e+308,1.79769313486232e+308,1.79769313486232e+308,1.79769313486232e+308
98,"5/31/99",1,930459,2,"Crop damage",7500,1.79769313486232e+308,1.79769313486232e+308,1.79769313486232e+308
77,"5/31/99",1,930521,1.79769313486232e+308,"",1.79769313486232e+308,1.79769313486232e+308,1.79769313486232e+308,1.79769313486232e+308
93,"5/31/99",1,930541,2,"Crop damage",1200,1.79769313486232e+308,1.79769313486232e+308,1.79769313486232e+308
78,"5/31/99",1,930621,8,"Huge expenditure due to illness",700,1.79769313486232e+308,1.79769313486232e+308,700
79,"5/31/99",1,930721,2,"Crop damage",5400,1,1.79769313486232e+308,1.79769313486232e+308
80,"5/31/99",1,930821,2,"Crop damage",3900,1.79769313486232e+308,1.79769313486232e+308,1.79769313486232e+308
81,"5/31/99",1,930921,2,"Crop damage",6000,1.79769313486232e+308,1.79769313486232e+308,1.79769313486232e+308
82,"5/31/99",1,931021,2,"Crop damage",6000,1.79769313486232e+308,1.79769313486232e+308,1.79769313486232e+308
83,"5/31/99",1,931022,2,"Crop damage",3000,1,1.79769313486232e+308,1.79769313486232e+308
84,"5/31/99",1,931121,2,"Crop damage",5250,1,1.79769313486232e+308,1.79769313486232e+308
85,"5/31/99",1,931221,2,"Crop damage",19500,1.79769313486232e+308,1.79769313486232e+308,1.79769313486232e+308
86,"5/31/99",1,931222,1.79769313486232e+308,"",1.79769313486232e+308,1.79769313486232e+308,1.79769313486232e+308,1.79769313486232e+308
59,"5/23/99",1,1010121,8,"Huge expenditure due to illness",2000,24,1.79769313486232e+308,2000
60,"5/28/99",1,1010121,24,"Expenditure for daughter's marriage",5000,23,1.79769313486232e+308,5000
71,"5/28/99",1,1010141,1.79769313486232e+308,"",1.79769313486232e+308,1.79769313486232e+308,1.79769313486232e+308,1.79769313486232e+308
75,"5/28/99",1,1010151,2,"Crop damage",8000,24,1.79769313486232e+308,1.79769313486232e+308
76,"5/28/99",1,1010151,5,"Death of cow/buffalo",3000,1,1.79769313486232e+308,1.79769313486232e+308
77,"5/28/99",1,1010152,1.79769313486232e+308,"",1.79769313486232e+308,1.79769313486232e+308,1.79769313486232e+308,1.79769313486232e+308
73,"9/11/99",1,1010153,8,"Huge expenditure due to illness",4000,24,22,4000
61,"5/28/99",1,1010221,8,"Huge expenditure due to illness",7000,24,2,5000
69,"9/11/99",1,1010241,8,"Huge expenditure due to illness",4000,22,6,2000
78,"5/28/99",1,1010251,12,"Land related litigation",5000,24,22,5000
62,"5/28/99",1,1010321,24,"Expenditure for daughter's marriage",5000,23,1.79769313486232e+308,5000
72,"5/28/99",1,1010341,27,"Burning of house by fire",3000,1,1.79769313486232e+308,1.79769313486232e+308
79,"5/28/99",1,1010351,8,"Huge expenditure due to illness",10000,5,22,10000
63,"5/28/99",1,1010421,24,"Expenditure for daughter's marriage",10000,5,2,10000
64,"5/28/99",1,1010422,3,"Burglery/Theft",4000,23,1.79769313486232e+308,4000
73,"5/28/99",1,1010441,5,"Death of cow/buffalo",3000,1,1.79769313486232e+308,1.79769313486232e+308
80,"5/28/99",1,1010459,5,"Death of cow/buffalo",3000,1,1.79769313486232e+308,1.79769313486232e+308
81,"5/28/99",1,1010459,8,"Huge expenditure due to illness",4000,22,24,4000
74,"5/28/99",1,1010542,1.79769313486232e+308,"",1.79769313486232e+308,1.79769313486232e+308,1.79769313486232e+308,1.79769313486232e+308
65,"5/28/99",1,1010621,20,"Hyjacking",2000,1,1.79769313486232e+308,1.79769313486232e+308
66,"5/28/99",1,1010821,8,"Huge expenditure due to illness",5000,22,24,2000
67,"5/28/99",1,1010921,5,"Death of cow/buffalo",3000,1,1.79769313486232e+308,1.79769313486232e+308
68,"5/28/99",1,1011021,24,"Expenditure for daughter's marriage",2000,7,1.79769313486232e+308,2000
69,"5/28/99",1,1011121,5,"Death of cow/buffalo",2500,1,1.79769313486232e+308,1.79769313486232e+308
70,"5/28/99",1,1011221,3,"Burglery/Theft",5000,1,1.79769313486232e+308,1.79769313486232e+308
62,"9/11/99",1,1020121,5,"Death of cow/buffalo",3000,1,1.79769313486232e+308,1.79769313486232e+308
107,"6/03/99",1,1020122,21,"Torture for dowry",1.79769313486232e+308,23,1.79769313486232e+308,3000
108,"6/09/99",1,1020123,1.79769313486232e+308,"",1.79769313486232e+308,1.79769313486232e+308,1.79769313486232e+308,1.79769313486232e+308
124,"6/09/99",1,1020141,1.79769313486232e+308,"",1.79769313486232e+308,1.79769313486232e+308,1.79769313486232e+308,1.79769313486232e+308
129,"6/09/99",1,1020151,8,"Huge expenditure due to illness",3000,24,22,3000
109,"6/09/99",1,1020221,2,"Crop damage",10000,5,1.79769313486232e+308,2000
110,"6/09/99",1,1020221,21,"Torture for dowry",1.79769313486232e+308,5,24,5000
125,"6/09/99",1,1020241,8,"Huge expenditure due to illness",1200,24,1.79769313486232e+308,1200
130,"6/09/99",1,1020251,8,"Huge expenditure due to illness",10000,22,24,10000
111,"6/09/99",1,1020321,24,"Expenditure for daughter's marriage",10000,23,24,10000
126,"6/09/99",1,1020341,24,"Expenditure for daughter's marriage",8000,24,22,8000
131,"6/09/99",1,1020351,21,"Torture for dowry",1.79769313486232e+308,4,1.79769313486232e+308,10000
132,"6/09/99",1,1020351,24,"Expenditure for daughter's marriage",5000,24,1.79769313486232e+308,5000
112,"6/09/99",1,1020421,27,"Burning of house by fire",10000,1,1.79769313486232e+308,1.79769313486232e+308
113,"6/09/99",1,1020422,1.79769313486232e+308,"",1.79769313486232e+308,1.79769313486232e+308,1.79769313486232e+308,1.79769313486232e+308
127,"6/09/99",1,1020441,1.79769313486232e+308,"",1.79769313486232e+308,1.79769313486232e+308,1.79769313486232e+308,1.79769313486232e+308
133,"6/09/99",1,1020459,5,"Death of cow/buffalo",2500,5,1.79769313486232e+308,3500
114,"6/09/99",1,1020521,21,"Torture for dowry",1.79769313486232e+308,23,24,5000
128,"6/09/99",1,1020541,1.79769313486232e+308,"",1.79769313486232e+308,1.79769313486232e+308,1.79769313486232e+308,1.79769313486232e+308
115,"6/09/99",1,1020621,7,"Damage to house/land due to cyclone",10000,4,24,10000
116,"6/09/99",1,1020622,1.79769313486232e+308,"",1.79769313486232e+308,1.79769313486232e+308,1.79769313486232e+308,1.79769313486232e+308
117,"6/09/99",1,1020721,8,"Huge expenditure due to illness",2500,24,1.79769313486232e+308,2500
118,"6/09/99",1,1020821,5,"Death of cow/buffalo",3000,1,1.79769313486232e+308,1.79769313486232e+308
119,"6/09/99",1,1020821,8,"Huge expenditure due to illness",2000,24,1.79769313486232e+308,2000
120,"6/09/99",1,1020921,24,"Expenditure for daughter's marriage",8000,23,24,8000
121,"6/09/99",1,1021021,21,"Torture for dowry",1.79769313486232e+308,23,1.79769313486232e+308,3000
122,"6/09/99",1,1021121,30,"Others",17000,1,1.79769313486232e+308,1.79769313486232e+308
123,"6/09/99",1,1021221,12,"Land related litigation",5000,24,2,5000
88,"8/12/99",1,1030121,3,"Burglery/Theft",5000,1,1.79769313486232e+308,1.79769313486232e+308
102,"8/12/99",1,1030141,8,"Huge expenditure due to illness",3000,4,1.79769313486232e+308,3000
108,"8/12/99",1,1030151,1.79769313486232e+308,"",1.79769313486232e+308,1.79769313486232e+308,1.79769313486232e+308,1.79769313486232e+308
89,"8/12/99",1,1030221,1.79769313486232e+308,"",1.79769313486232e+308,1.79769313486232e+308,1.79769313486232e+308,1.79769313486232e+308
90,"8/12/99",1,1030222,1.79769313486232e+308,"",1.79769313486232e+308,1.79769313486232e+308,1.79769313486232e+308,1.79769313486232e+308
103,"8/12/99",1,1030241,1,"Death of primary income eraner",1.79769313486232e+308,22,1.79769313486232e+308,1500
109,"8/12/99",1,1030251,1.79769313486232e+308,"",1.79769313486232e+308,1.79769313486232e+308,1.79769313486232e+308,1.79769313486232e+308
91,"8/12/99",1,1030321,8,"Huge expenditure due to illness",3000,23,1.79769313486232e+308,3000
104,"8/12/99",1,1030341,1.79769313486232e+308,"",1.79769313486232e+308,1.79769313486232e+308,1.79769313486232e+308,1.79769313486232e+308
105,"8/12/99",1,1030342,1.79769313486232e+308,"",1.79769313486232e+308,1.79769313486232e+308,1.79769313486232e+308,1.79769313486232e+308
110,"8/12/99",1,1030351,21,"Torture for dowry",1.79769313486232e+308,24,22,5000
111,"8/12/99",1,1030352,1.79769313486232e+308,"",1.79769313486232e+308,1.79769313486232e+308,1.79769313486232e+308,1.79769313486232e+308
92,"8/12/99",1,1030421,2,"Crop damage",15000,1,1.79769313486232e+308,1.79769313486232e+308
106,"8/12/99",1,1030441,21,"Torture for dowry",1.79769313486232e+308,23,1.79769313486232e+308,5000
112,"8/12/99",1,1030459,5,"Death of cow/buffalo",5000,5,1.79769313486232e+308,3000
93,"8/12/99",1,1030521,2,"Crop damage",20000,1,1.79769313486232e+308,1.79769313486232e+308
107,"8/12/99",1,1030541,1.79769313486232e+308,"",1.79769313486232e+308,1.79769313486232e+308,1.79769313486232e+308,1.79769313486232e+308
94,"8/12/99",1,1030621,4,"Theft of cow/buffalo",3000,1,1.79769313486232e+308,1.79769313486232e+308
95,"8/12/99",1,1030721,1.79769313486232e+308,"",1.79769313486232e+308,1.79769313486232e+308,1.79769313486232e+308,1.79769313486232e+308
96,"8/12/99",1,1030821,8,"Huge expenditure due to illness",3000,22,1.79769313486232e+308,3000
97,"8/12/99",1,1030921,8,"Huge expenditure due to illness",500,6,1.79769313486232e+308,500
98,"8/12/99",1,1031021,1.79769313486232e+308,"",1.79769313486232e+308,1.79769313486232e+308,1.79769313486232e+308,1.79769313486232e+308
99,"8/12/99",1,1031121,2,"Crop damage",12000,5,1.79769313486232e+308,5000
100,"8/12/99",1,1031221,21,"Torture for dowry",1.79769313486232e+308,23,1.79769313486232e+308,5000
101,"8/12/99",1,1031221,24,"Expenditure for daughter's marriage",3000,23,1.79769313486232e+308,3000
1,"5/19/99",1,1110121,8,"Huge expenditure due to illness",5000,15,1.79769313486232e+308,5000
30,"5/25/99",1,1110141,7,"Damage to house/land due to cyclone",2000,23,1.79769313486232e+308,2000
31,"5/25/99",1,1110141,8,"Huge expenditure due to illness",3000,23,1.79769313486232e+308,3000
32,"5/25/99",1,1110141,12,"Land related litigation",4000,23,1.79769313486232e+308,4000
39,"5/25/99",1,1110151,4,"Theft of cow/buffalo",8000,1,1.79769313486232e+308,1.79769313486232e+308
40,"5/25/99",1,1110152,1.79769313486232e+308,"",1.79769313486232e+308,1.79769313486232e+308,1.79769313486232e+308,1.79769313486232e+308
2,"5/25/99",1,1110221,2,"Crop damage",10000,1,1.79769313486232e+308,1.79769313486232e+308
33,"5/25/99",1,1110241,8,"Huge expenditure due to illness",1200,7,1.79769313486232e+308,500
34,"5/25/99",1,1110241,12,"Land related litigation",600,2,1.79769313486232e+308,600
41,"5/25/99",1,1110251,8,"Huge expenditure due to illness",8000,5,1.79769313486232e+308,8000
42,"5/25/99",1,1110251,12,"Land related litigation",6000,2,1.79769313486232e+308,6000
3,"5/25/99",1,1110321,7,"Damage to house/land due to cyclone",5000,23,2,5000
4,"5/25/99",1,1110321,8,"Huge expenditure due to illness",4000,2,7,4000
5,"5/25/99",1,1110321,15,"Undue harrassment by police",500,2,1.79769313486232e+308,500
6,"5/25/99",1,1110321,24,"Expenditure for daughter's marriage",4750,15,23,4750
35,"5/25/99",1,1110341,1.79769313486232e+308,"",1.79769313486232e+308,1.79769313486232e+308,1.79769313486232e+308,1.79769313486232e+308
43,"5/25/99",1,1110351,4,"Theft of cow/buffalo",5000,1,1.79769313486232e+308,1.79769313486232e+308
7,"5/25/99",1,1110421,2,"Crop damage",10000,2,1.79769313486232e+308,10000
8,"5/25/99",1,1110421,3,"Burglery/Theft",8000,2,1.79769313486232e+308,8000
9,"5/25/99",1,1110421,5,"Death of cow/buffalo",6000,2,1.79769313486232e+308,6000
10,"5/25/99",1,1110421,12,"Land related litigation",4000,2,1.79769313486232e+308,4000
36,"5/25/99",1,1110441,8,"Huge expenditure due to illness",20000,2,1.79769313486232e+308,20000
37,"5/25/99",1,1110441,12,"Land related litigation",1000,2,1.79769313486232e+308,1000
44,"5/25/99",1,1110459,9,"Loss of money",10000,2,1.79769313486232e+308,10000
11,"5/25/99",1,1110521,1.79769313486232e+308,"",1.79769313486232e+308,1.79769313486232e+308,1.79769313486232e+308,1.79769313486232e+308
38,"5/25/99",1,1110541,8,"Huge expenditure due to illness",4000,2,1.79769313486232e+308,4000
12,"5/25/99",1,1110621,2,"Crop damage",10000,2,1.79769313486232e+308,5000
13,"5/25/99",1,1110621,5,"Death of cow/buffalo",9000,1,1.79769313486232e+308,1.79769313486232e+308
14,"5/25/99",1,1110721,2,"Crop damage",4000,2,1.79769313486232e+308,4000
15,"5/25/99",1,1110821,2,"Crop damage",8000,2,1.79769313486232e+308,8000
16,"5/25/99",1,1110821,5,"Death of cow/buffalo",5000,23,1.79769313486232e+308,5000
17,"5/25/99",1,1110821,24,"Expenditure for daughter's marriage",15000,23,2,15000
18,"5/25/99",1,1110921,2,"Crop damage",1000,18,1.79769313486232e+308,1000
19,"5/25/99",1,1110921,7,"Damage to house/land due to cyclone",5000,19,1.79769313486232e+308,5000
20,"5/25/99",1,1110921,8,"Huge expenditure due to illness",10000,18,1.79769313486232e+308,10000
21,"5/25/99",1,1110921,12,"Land related litigation",1200,2,1.79769313486232e+308,1200
22,"5/25/99",1,1111021,12,"Land related litigation",1000,15,1.79769313486232e+308,1000
23,"5/25/99",1,1111022,12,"Land related litigation",4000,2,15,4000
24,"5/25/99",1,1111121,7,"Damage to house/land due to cyclone",200,7,1.79769313486232e+308,200
25,"5/25/99",1,1111121,8,"Huge expenditure due to illness",600,22,1.79769313486232e+308,600
26,"5/25/99",1,1111121,13,"Unnatural death of family member",1.79769313486232e+308,22,1.79769313486232e+308,400
27,"5/25/99",1,1111221,2,"Crop damage",5000,2,1.79769313486232e+308,5000
28,"5/25/99",1,1111221,5,"Death of cow/buffalo",14000,1,1.79769313486232e+308,1.79769313486232e+308
29,"5/25/99",1,1111222,1.79769313486232e+308,"",1.79769313486232e+308,1.79769313486232e+308,1.79769313486232e+308,1.79769313486232e+308
64,"7/25/99",1,1120121,1.79769313486232e+308,"",1.79769313486232e+308,1.79769313486232e+308,1.79769313486232e+308,1.79769313486232e+308
79,"7/25/99",1,1120141,8,"Huge expenditure due to illness",2000,23,1.79769313486232e+308,2000
80,"7/25/99",1,1120141,24,"Expenditure for daughter's marriage",6000,23,22,6000
81,"7/25/99",1,1120142,1.79769313486232e+308,"",1.79769313486232e+308,1.79769313486232e+308,1.79769313486232e+308,1.79769313486232e+308
87,"7/25/99",1,1120151,1.79769313486232e+308,"",1.79769313486232e+308,1.79769313486232e+308,1.79769313486232e+308,1.79769313486232e+308
65,"7/25/99",1,1120221,12,"Land related litigation",10000,15,1.79769313486232e+308,10000
82,"7/25/99",1,1120241,12,"Land related litigation",2000,2,1.79769313486232e+308,2000
83,"7/25/99",1,1120241,24,"Expenditure for daughter's marriage",2000,25,1.79769313486232e+308,2000
88,"7/25/99",1,1120251,3,"Burglery/Theft",3000,2,1.79769313486232e+308,3000
89,"7/25/99",1,1120251,8,"Huge expenditure due to illness",3000,25,1.79769313486232e+308,3000
66,"7/25/99",1,1120321,1.79769313486232e+308,"",1.79769313486232e+308,1.79769313486232e+308,1.79769313486232e+308,1.79769313486232e+308
84,"7/25/99",1,1120341,12,"Land related litigation",20000,2,1.79769313486232e+308,20000
90,"7/25/99",1,1120351,8,"Huge expenditure due to illness",7000,2,1.79769313486232e+308,7000
91,"7/25/99",1,1120351,20,"Hyjacking",6200,25,1.79769313486232e+308,6200
67,"7/25/99",1,1120421,1.79769313486232e+308,"",1.79769313486232e+308,1.79769313486232e+308,1.79769313486232e+308,1.79769313486232e+308
85,"7/25/99",1,1120441,1.79769313486232e+308,"",1.79769313486232e+308,1.79769313486232e+308,1.79769313486232e+308,1.79769313486232e+308
92,"7/25/99",1,1120459,3,"Burglery/Theft",2000,2,1.79769313486232e+308,2000
68,"7/25/99",1,1120521,5,"Death of cow/buffalo",9000,1,1.79769313486232e+308,1.79769313486232e+308
69,"7/25/99",1,1120522,1.79769313486232e+308,"",1.79769313486232e+308,1.79769313486232e+308,1.79769313486232e+308,1.79769313486232e+308
86,"7/25/99",1,1120541,1.79769313486232e+308,"",1.79769313486232e+308,1.79769313486232e+308,1.79769313486232e+308,1.79769313486232e+308
70,"7/25/99",1,1120621,1.79769313486232e+308,"",1.79769313486232e+308,1.79769313486232e+308,1.79769313486232e+308,1.79769313486232e+308
71,"7/25/99",1,1120622,1.79769313486232e+308,"",1.79769313486232e+308,1.79769313486232e+308,1.79769313486232e+308,1.79769313486232e+308
72,"7/25/99",1,1120721,8,"Huge expenditure due to illness",10000,22,25,10000
73,"7/25/99",1,1120821,1.79769313486232e+308,"",1.79769313486232e+308,1.79769313486232e+308,1.79769313486232e+308,1.79769313486232e+308
74,"7/25/99",1,1120921,8,"Huge expenditure due to illness",12000,2,22,12000
75,"7/25/99",1,1121021,1.79769313486232e+308,"",1.79769313486232e+308,1.79769313486232e+308,1.79769313486232e+308,1.79769313486232e+308
76,"7/25/99",1,1121121,1.79769313486232e+308,"",1.79769313486232e+308,1.79769313486232e+308,1.79769313486232e+308,1.79769313486232e+308
77,"7/25/99",1,1121122,1.79769313486232e+308,"",1.79769313486232e+308,1.79769313486232e+308,1.79769313486232e+308,1.79769313486232e+308
78,"7/25/99",1,1121221,1.79769313486232e+308,"",1.79769313486232e+308,1.79769313486232e+308,1.79769313486232e+308,1.79769313486232e+308
1,"7/07/99",1,1130121,2,"Crop damage",10000,2,1.79769313486232e+308,10000
15,"7/07/99",1,1130141,1.79769313486232e+308,"",1.79769313486232e+308,1.79769313486232e+308,1.79769313486232e+308,1.79769313486232e+308
19,"7/07/99",1,1130151,9,"Loss of money",120000,1,1.79769313486232e+308,1.79769313486232e+308
20,"7/07/99",1,1130151,24,"Expenditure for daughter's marriage",30000,2,1.79769313486232e+308,30000
21,"7/07/99",1,1130152,1.79769313486232e+308,"",1.79769313486232e+308,1.79769313486232e+308,1.79769313486232e+308,1.79769313486232e+308
22,"7/07/99",1,1130153,1.79769313486232e+308,"",1.79769313486232e+308,1.79769313486232e+308,1.79769313486232e+308,1.79769313486232e+308
2,"7/07/99",1,1130221,30,"Others",4000,1,1.79769313486232e+308,1.79769313486232e+308
23,"7/07/99",1,1130251,12,"Land related litigation",2000,15,1.79769313486232e+308,2000
24,"7/07/99",1,1130252,1.79769313486232e+308,"",1.79769313486232e+308,1.79769313486232e+308,1.79769313486232e+308,1.79769313486232e+308
3,"7/07/99",1,1130321,30,"Others",2000,1,1.79769313486232e+308,1.79769313486232e+308
16,"7/07/99",1,1130341,12,"Land related litigation",40000,3,22,40000
25,"7/07/99",1,1130351,1.79769313486232e+308,"",1.79769313486232e+308,1.79769313486232e+308,1.79769313486232e+308,1.79769313486232e+308
4,"7/07/99",1,1130421,30,"Others",6000,2,1.79769313486232e+308,6000
5,"7/07/99",1,1130422,1.79769313486232e+308,"",1.79769313486232e+308,1.79769313486232e+308,1.79769313486232e+308,1.79769313486232e+308
17,"7/07/99",1,1130441,1.79769313486232e+308,"",1.79769313486232e+308,1.79769313486232e+308,1.79769313486232e+308,1.79769313486232e+308
26,"7/07/99",1,1130459,5,"Death of cow/buffalo",1500,1,1.79769313486232e+308,1.79769313486232e+308
6,"7/07/99",1,1130521,1.79769313486232e+308,"",1.79769313486232e+308,1.79769313486232e+308,1.79769313486232e+308,1.79769313486232e+308
18,"7/07/99",1,1130541,1.79769313486232e+308,"",1.79769313486232e+308,1.79769313486232e+308,1.79769313486232e+308,1.79769313486232e+308
7,"7/07/99",1,1130621,2,"Crop damage",10000,1,1.79769313486232e+308,1.79769313486232e+308
8,"7/07/99",1,1130621,12,"Land related litigation",1000,1,1.79769313486232e+308,1000
9,"7/07/99",1,1130721,2,"Crop damage",4000,1,1.79769313486232e+308,1.79769313486232e+308
10,"7/07/99",1,1130821,2,"Crop damage",9000,2,1.79769313486232e+308,9000
11,"7/07/99",1,1130921,2,"Crop damage",10000,1,1.79769313486232e+308,1.79769313486232e+308
12,"7/07/99",1,1131021,1.79769313486232e+308,"",1.79769313486232e+308,1.79769313486232e+308,1.79769313486232e+308,1.79769313486232e+308
13,"7/07/99",1,1131121,2,"Crop damage",7000,1,1.79769313486232e+308,1.79769313486232e+308
14,"7/07/99",1,1131221,3,"Burglery/Theft",8000,1,1.79769313486232e+308,1.79769313486232e+308
1,"5/20/99",1,1210121,2,"Crop damage",24000,17,1.79769313486232e+308,4500
2,"5/24/99",1,1210121,16,"Expenditure incurred on court/polic",4000,2,1.79769313486232e+308,4000
22,"5/24/99",1,1210141,24,"Expenditure for daughter's marriage",10000,5,1.79769313486232e+308,5000
23,"5/24/99",1,1210142,30,"Others",5000,6,25,5000
79,"9/11/99",1,1210151,2,"Crop damage",1400,1,1.79769313486232e+308,1.79769313486232e+308
80,"9/11/99",1,1210151,8,"Huge expenditure due to illness",1500,22,1.79769313486232e+308,1500
24,"5/24/99",1,1210241,8,"Huge expenditure due to illness",2000,22,5,1500
25,"5/24/99",1,1210242,1.79769313486232e+308,"",1.79769313486232e+308,1.79769313486232e+308,1.79769313486232e+308,1.79769313486232e+308
26,"5/24/99",1,1210243,8,"Huge expenditure due to illness",1300,2,15,1300
33,"5/24/99",1,1210251,8,"Huge expenditure due to illness",5000,4,1.79769313486232e+308,5000
34,"5/24/99",1,1210252,2,"Crop damage",1600,1,1.79769313486232e+308,1.79769313486232e+308
35,"5/24/99",1,1210252,7,"Damage to house/land due to cyclone",2000,2,1.79769313486232e+308,2000
36,"5/24/99",1,1210253,2,"Crop damage",6000,1,1.79769313486232e+308,0
3,"5/24/99",1,1210321,2,"Crop damage",1750,1,1.79769313486232e+308,1.79769313486232e+308
4,"5/24/99",1,1210321,7,"Damage to house/land due to cyclone",2000,5,24,3000
27,"5/24/99",1,1210341,24,"Expenditure for daughter's marriage",25000,5,2,25000
28,"5/24/99",1,1210342,24,"Expenditure for daughter's marriage",15000,22,25,15000
37,"5/24/99",1,1210351,2,"Crop damage",4000,5,1.79769313486232e+308,3000
5,"5/24/99",1,1210421,2,"Crop damage",2000,5,1.79769313486232e+308,2000
6,"5/24/99",1,1210421,7,"Damage to house/land due to cyclone",2000,1,1.79769313486232e+308,0
29,"5/24/99",1,1210441,8,"Huge expenditure due to illness",2000,5,15,2000
30,"5/24/99",1,1210441,13,"Unnatural death of family member",1,1.79769313486232e+308,1.79769313486232e+308,1.79769313486232e+308
85,"9/11/99",1,1210459,2,"Crop damage",3500,5,1.79769313486232e+308,3000
7,"5/24/99",1,1210521,7,"Damage to house/land due to cyclone",1200,1,1.79769313486232e+308,1.79769313486232e+308
8,"5/24/99",1,1210521,8,"Huge expenditure due to illness",10000,3,1.79769313486232e+308,10000
9,"5/24/99",1,1210521,30,"Others",3120,18,1.79769313486232e+308,2500
10,"5/24/99",1,1210522,1.79769313486232e+308,"",1.79769313486232e+308,1.79769313486232e+308,1.79769313486232e+308,1.79769313486232e+308
31,"5/24/99",1,1210541,2,"Crop damage",2700,5,1.79769313486232e+308,2000
32,"5/24/99",1,1210541,24,"Expenditure for daughter's marriage",4000,22,23,4000
11,"5/24/99",1,1210621,2,"Crop damage",16000,5,1.79769313486232e+308,10500
12,"5/24/99",1,1210721,2,"Crop damage",10000,1,1.79769313486232e+308,1.79769313486232e+308
13,"5/24/99",1,1210821,2,"Crop damage",20000,1,1.79769313486232e+308,1.79769313486232e+308
14,"5/24/99",1,1210821,3,"Burglery/Theft",2000,1,1.79769313486232e+308,1.79769313486232e+308
15,"5/24/99",1,1210821,7,"Damage to house/land due to cyclone",25000,5,1.79769313486232e+308,15000
16,"5/24/99",1,1210821,9,"Loss of money",65000,1,25,1.79769313486232e+308
17,"5/24/99",1,1210921,1.79769313486232e+308,"",1.79769313486232e+308,1.79769313486232e+308,1.79769313486232e+308,1.79769313486232e+308
18,"5/24/99",1,1211021,3,"Burglery/Theft",6000,1,1.79769313486232e+308,1.79769313486232e+308
19,"5/24/99",1,1211121,2,"Crop damage",1200,5,1.79769313486232e+308,1000
20,"5/24/99",1,1211121,30,"Others",5000,5,22,3000
21,"5/24/99",1,1211122,7,"Damage to house/land due to cyclone",500,1,1.79769313486232e+308,1.79769313486232e+308
244,"6/22/99",1,1220141,30,"Others",3600,2,1.79769313486232e+308,2000
253,"6/22/99",1,1220151,2,"Crop damage",30000,2,24,24000
254,"6/22/99",1,1220151,24,"Expenditure for daughter's marriage",9000,3,1.79769313486232e+308,9000
255,"6/22/99",1,1220151,28,"Family feud",1.79769313486232e+308,13,1.79769313486232e+308,1.79769313486232e+308
256,"6/22/99",1,1220152,28,"Family feud",1.79769313486232e+308,13,1.79769313486232e+308,1000
233,"6/22/99",1,1220221,5,"Death of cow/buffalo",100,1,1.79769313486232e+308,1.79769313486232e+308
245,"6/22/99",1,1220241,24,"Expenditure for daughter's marriage",2000,15,1.79769313486232e+308,2000
257,"6/22/99",1,1220251,8,"Huge expenditure due to illness",2500,5,22,2500
258,"6/22/99",1,1220252,1.79769313486232e+308,"",1.79769313486232e+308,1.79769313486232e+308,1.79769313486232e+308,1.79769313486232e+308
234,"6/22/99",1,1220321,8,"Huge expenditure due to illness",3000,5,4,6000
246,"6/22/99",1,1220341,2,"Crop damage",5000,4,5,5000
247,"6/22/99",1,1220341,28,"Family feud",1.79769313486232e+308,13,1.79769313486232e+308,1.79769313486232e+308
248,"6/22/99",1,1220342,28,"Family feud",1.79769313486232e+308,13,5,1500
249,"6/22/99",1,1220342,30,"Others",3000,5,1.79769313486232e+308,1500
259,"6/22/99",1,1220351,1.79769313486232e+308,"",1.79769313486232e+308,1.79769313486232e+308,1.79769313486232e+308,1.79769313486232e+308
235,"6/22/99",1,1220421,1.79769313486232e+308,"",1.79769313486232e+308,1.79769313486232e+308,1.79769313486232e+308,1.79769313486232e+308
250,"6/22/99",1,1220441,2,"Crop damage",3000,1,1.79769313486232e+308,1.79769313486232e+308
260,"6/22/99",1,1220459,2,"Crop damage",12000,4,5,12000
236,"6/22/99",1,1220521,2,"Crop damage",5000,22,24,4000
251,"6/22/99",1,1220541,2,"Crop damage",5000,4,1.79769313486232e+308,3000
252,"6/22/99",1,1220541,24,"Expenditure for daughter's marriage",12000,5,22,10000
237,"6/22/99",1,1220621,1.79769313486232e+308,"",1.79769313486232e+308,1.79769313486232e+308,1.79769313486232e+308,1.79769313486232e+308
238,"6/22/99",1,1220721,28,"Family feud",1.79769313486232e+308,13,24,1.79769313486232e+308
239,"6/22/99",1,1220722,1.79769313486232e+308,"",1.79769313486232e+308,1.79769313486232e+308,1.79769313486232e+308,1.79769313486232e+308
240,"6/22/99",1,1220821,1.79769313486232e+308,"",1.79769313486232e+308,1.79769313486232e+308,1.79769313486232e+308,1.79769313486232e+308
241,"6/22/99",1,1220921,1.79769313486232e+308,"",1.79769313486232e+308,1.79769313486232e+308,1.79769313486232e+308,1.79769313486232e+308
242,"6/22/99",1,1221021,8,"Huge expenditure due to illness",8000,2,1.79769313486232e+308,8000
243,"6/22/99",1,1221221,1.79769313486232e+308,"",1.79769313486232e+308,1.79769313486232e+308,1.79769313486232e+308,1.79769313486232e+308
346,"7/06/99",1,1230121,28,"Family feud",1.79769313486232e+308,13,1.79769313486232e+308,100
347,"7/06/99",1,1230122,28,"Family feud",1.79769313486232e+308,13,1.79769313486232e+308,1400
359,"7/06/99",1,1230141,1.79769313486232e+308,"",1.79769313486232e+308,1.79769313486232e+308,1.79769313486232e+308,1.79769313486232e+308
363,"7/06/99",1,1230151,2,"Crop damage",3000,12,1.79769313486232e+308,3000
348,"7/06/99",1,1230221,1.79769313486232e+308,"",1.79769313486232e+308,1.79769313486232e+308,1.79769313486232e+308,1.79769313486232e+308
360,"7/06/99",1,1230241,1.79769313486232e+308,"",1.79769313486232e+308,1.79769313486232e+308,1.79769313486232e+308,1.79769313486232e+308
364,"7/06/99",1,1230251,2,"Crop damage",7000,2,19,5000
365,"7/06/99",1,1230251,24,"Expenditure for daughter's marriage",10000,23,2,10000
349,"7/06/99",1,1230321,1.79769313486232e+308,"",1.79769313486232e+308,1.79769313486232e+308,1.79769313486232e+308,1.79769313486232e+308
350,"7/06/99",1,1230322,1.79769313486232e+308,"",1.79769313486232e+308,1.79769313486232e+308,1.79769313486232e+308,1.79769313486232e+308
361,"7/06/99",1,1230341,1.79769313486232e+308,"",1.79769313486232e+308,1.79769313486232e+308,1.79769313486232e+308,1.79769313486232e+308
366,"7/06/99",1,1230351,2,"Crop damage",3000,2,1.79769313486232e+308,3000
367,"7/06/99",1,1230351,28,"Family feud",1.79769313486232e+308,13,1.79769313486232e+308,1.79769313486232e+308
368,"7/06/99",1,1230352,2,"Crop damage",2000,2,1.79769313486232e+308,2000
369,"7/06/99",1,1230352,28,"Family feud",1.79769313486232e+308,13,1.79769313486232e+308,4000
351,"7/06/99",1,1230421,1.79769313486232e+308,"",1.79769313486232e+308,1.79769313486232e+308,1.79769313486232e+308,1.79769313486232e+308
362,"7/06/99",1,1230441,30,"Others",1000,5,24,1000
370,"7/06/99",1,1230459,2,"Crop damage",3500,2,1.79769313486232e+308,3500
371,"7/06/99",1,1230459,30,"Others",20000,22,1.79769313486232e+308,5000
352,"7/06/99",1,1230521,1.79769313486232e+308,"",1.79769313486232e+308,1.79769313486232e+308,1.79769313486232e+308,1.79769313486232e+308
353,"7/06/99",1,1230621,1.79769313486232e+308,"",1.79769313486232e+308,1.79769313486232e+308,1.79769313486232e+308,1.79769313486232e+308
354,"7/06/99",1,1230721,1.79769313486232e+308,"",1.79769313486232e+308,1.79769313486232e+308,1.79769313486232e+308,1.79769313486232e+308
355,"7/06/99",1,1231021,2,"Crop damage",5000,4,22,3000
356,"7/06/99",1,1231121,8,"Huge expenditure due to illness",2000,5,1.79769313486232e+308,2000
357,"7/06/99",1,1231121,30,"Others",9000,4,1.79769313486232e+308,9000
358,"7/06/99",1,1231222,1.79769313486232e+308,"",1.79769313486232e+308,1.79769313486232e+308,1.79769313486232e+308,1.79769313486232e+308
331,"7/04/99",1,1310141,8,"Huge expenditure due to illness",1200,7,1.79769313486232e+308,1200
335,"7/04/99",1,1310151,1.79769313486232e+308,"",1.79769313486232e+308,1.79769313486232e+308,1.79769313486232e+308,1.79769313486232e+308
321,"7/04/99",1,1310221,1.79769313486232e+308,"",1.79769313486232e+308,1.79769313486232e+308,1.79769313486232e+308,1.79769313486232e+308
332,"7/04/99",1,1310241,1.79769313486232e+308,"",1.79769313486232e+308,1.79769313486232e+308,1.79769313486232e+308,1.79769313486232e+308
336,"7/04/99",1,1310251,2,"Crop damage",20000,24,1.79769313486232e+308,5000
337,"7/04/99",1,1310251,8,"Huge expenditure due to illness",4000,4,1.79769313486232e+308,4000
338,"7/04/99",1,1310251,24,"Expenditure for daughter's marriage",20000,4,24,10000
322,"7/04/99",1,1310321,1.79769313486232e+308,"",1.79769313486232e+308,1.79769313486232e+308,1.79769313486232e+308,1.79769313486232e+308
333,"7/04/99",1,1310341,1.79769313486232e+308,"",1.79769313486232e+308,1.79769313486232e+308,1.79769313486232e+308,1.79769313486232e+308
339,"7/04/99",1,1310351,1.79769313486232e+308,"",1.79769313486232e+308,1.79769313486232e+308,1.79769313486232e+308,1.79769313486232e+308
340,"7/04/99",1,1310352,1.79769313486232e+308,"",1.79769313486232e+308,1.79769313486232e+308,1.79769313486232e+308,1.79769313486232e+308
341,"7/04/99",1,1310353,1.79769313486232e+308,"",1.79769313486232e+308,1.79769313486232e+308,1.79769313486232e+308,1.79769313486232e+308
323,"7/04/99",1,1310421,2,"Crop damage",5000,5,2,5000
342,"7/04/99",1,1310459,19,"Kidnapping",1.79769313486232e+308,2,11,60000
324,"7/04/99",1,1310521,1.79769313486232e+308,"",1.79769313486232e+308,1.79769313486232e+308,1.79769313486232e+308,1.79769313486232e+308
334,"7/04/99",1,1310541,1.79769313486232e+308,"",1.79769313486232e+308,1.79769313486232e+308,1.79769313486232e+308,1.79769313486232e+308
325,"7/04/99",1,1310821,1.79769313486232e+308,"",1.79769313486232e+308,1.79769313486232e+308,1.79769313486232e+308,1.79769313486232e+308
326,"7/04/99",1,1310921,1.79769313486232e+308,"",1.79769313486232e+308,1.79769313486232e+308,1.79769313486232e+308,1.79769313486232e+308
327,"7/04/99",1,1311021,1.79769313486232e+308,"",1.79769313486232e+308,1.79769313486232e+308,1.79769313486232e+308,1.79769313486232e+308
328,"7/04/99",1,1311121,16,"Expenditure incurred on court/polic",3000,2,1.79769313486232e+308,3000
329,"7/04/99",1,1311221,8,"Huge expenditure due to illness",7000,1.79769313486232e+308,6,7000
330,"7/04/99",1,1311221,15,"Undue harrassment by police",15000,2,7,15000
140,"7/22/99",1,1320121,1.79769313486232e+308,"",1.79769313486232e+308,1.79769313486232e+308,1.79769313486232e+308,1.79769313486232e+308
152,"7/22/99",1,1320141,1.79769313486232e+308,"",1.79769313486232e+308,1.79769313486232e+308,1.79769313486232e+308,1.79769313486232e+308
153,"7/22/99",1,1320142,1.79769313486232e+308,"",1.79769313486232e+308,1.79769313486232e+308,1.79769313486232e+308,1.79769313486232e+308
159,"7/22/99",1,1320151,8,"Huge expenditure due to illness",1.79769313486232e+308,2,22,1500
160,"7/22/99",1,1320151,30,"Others",1.79769313486232e+308,1.79769313486232e+308,1.79769313486232e+308,65000
141,"7/22/99",1,1320221,24,"Expenditure for daughter's marriage",1.79769313486232e+308,2,1.79769313486232e+308,6000
154,"7/22/99",1,1320241,9,"Loss of money",20000,16,1.79769313486232e+308,1.79769313486232e+308
155,"7/22/99",1,1320241,15,"Undue harrassment by police",1.79769313486232e+308,2,14,4000
142,"7/22/99",1,1320321,2,"Crop damage",1200,1,1.79769313486232e+308,1.79769313486232e+308
156,"7/22/99",1,1320341,1.79769313486232e+308,"",1.79769313486232e+308,1.79769313486232e+308,1.79769313486232e+308,1.79769313486232e+308
161,"7/22/99",1,1320351,1.79769313486232e+308,"",1.79769313486232e+308,1.79769313486232e+308,1.79769313486232e+308,1.79769313486232e+308
143,"7/22/99",1,1320421,1.79769313486232e+308,"",1.79769313486232e+308,1.79769313486232e+308,1.79769313486232e+308,1.79769313486232e+308
157,"7/22/99",1,1320441,8,"Huge expenditure due to illness",1.79769313486232e+308,25,1.79769313486232e+308,1.79769313486232e+308
162,"7/22/99",1,1320459,8,"Huge expenditure due to illness",35000,2,1.79769313486232e+308,35000
144,"7/22/99",1,1320521,8,"Huge expenditure due to illness",1.79769313486232e+308,2,1.79769313486232e+308,4000
158,"7/22/99",1,1320541,1.79769313486232e+308,"",1.79769313486232e+308,1.79769313486232e+308,1.79769313486232e+308,1.79769313486232e+308
145,"7/22/99",1,1320621,2,"Crop damage",250,1,1.79769313486232e+308,1.79769313486232e+308
146,"7/22/99",1,1320621,24,"Expenditure for daughter's marriage",10000,2,3,10000
147,"7/22/99",1,1320721,30,"Others",1000,1,1.79769313486232e+308,1.79769313486232e+308
148,"7/22/99",1,1320921,15,"Undue harrassment by police",1.79769313486232e+308,2,3,12000
149,"7/22/99",1,1321021,5,"Death of cow/buffalo",24000,1,1.79769313486232e+308,1.79769313486232e+308
150,"7/22/99",1,1321021,8,"Huge expenditure due to illness",3000,4,1.79769313486232e+308,3000
151,"7/22/99",1,1321121,1.79769313486232e+308,"",1.79769313486232e+308,1.79769313486232e+308,1.79769313486232e+308,1.79769313486232e+308
20,"8/01/99",1,1330121,1.79769313486232e+308,"",1.79769313486232e+308,1.79769313486232e+308,1.79769313486232e+308,1.79769313486232e+308
31,"8/01/99",1,1330141,1.79769313486232e+308,"",1.79769313486232e+308,1.79769313486232e+308,1.79769313486232e+308,1.79769313486232e+308
36,"8/01/99",1,1330151,1.79769313486232e+308,"",1.79769313486232e+308,1.79769313486232e+308,1.79769313486232e+308,1.79769313486232e+308
19,"8/01/99",1,1330221,1.79769313486232e+308,"",1.79769313486232e+308,1.79769313486232e+308,1.79769313486232e+308,1.79769313486232e+308
37,"8/01/99",1,1330251,1.79769313486232e+308,"",1.79769313486232e+308,1.79769313486232e+308,1.79769313486232e+308,1.79769313486232e+308
38,"8/01/99",1,1330252,1.79769313486232e+308,"",1.79769313486232e+308,1.79769313486232e+308,1.79769313486232e+308,1.79769313486232e+308
21,"8/01/99",1,1330321,1.79769313486232e+308,"",1.79769313486232e+308,1.79769313486232e+308,1.79769313486232e+308,1.79769313486232e+308
32,"8/01/99",1,1330341,1.79769313486232e+308,"",1.79769313486232e+308,1.79769313486232e+308,1.79769313486232e+308,1.79769313486232e+308
39,"8/01/99",1,1330351,2,"Crop damage",2000,2,1.79769313486232e+308,2000
40,"8/01/99",1,1330351,24,"Expenditure for daughter's marriage",10000,23,1.79769313486232e+308,7000
22,"8/01/99",1,1330421,1,"Death of primary income eraner",1.79769313486232e+308,23,1.79769313486232e+308,6000
23,"8/01/99",1,1330422,1.79769313486232e+308,"",1.79769313486232e+308,1.79769313486232e+308,1.79769313486232e+308,1.79769313486232e+308
33,"8/01/99",1,1330441,1.79769313486232e+308,"",1.79769313486232e+308,1.79769313486232e+308,1.79769313486232e+308,1.79769313486232e+308
41,"8/01/99",1,1330459,1.79769313486232e+308,"",1.79769313486232e+308,1.79769313486232e+308,1.79769313486232e+308,1.79769313486232e+308
34,"8/01/99",1,1330541,9,"Loss of money",22000,1,1.79769313486232e+308,1.79769313486232e+308
35,"8/01/99",1,1330541,15,"Undue harrassment by police",1.79769313486232e+308,11,1.79769313486232e+308,1000
24,"8/01/99",1,1330621,1.79769313486232e+308,"",1.79769313486232e+308,1.79769313486232e+308,1.79769313486232e+308,1.79769313486232e+308
25,"8/01/99",1,1330622,1.79769313486232e+308,"",1.79769313486232e+308,1.79769313486232e+308,1.79769313486232e+308,1.79769313486232e+308
26,"8/01/99",1,1330721,1.79769313486232e+308,"",1.79769313486232e+308,1.79769313486232e+308,1.79769313486232e+308,1.79769313486232e+308
27,"8/01/99",1,1330921,2,"Crop damage",2000,1,1.79769313486232e+308,1.79769313486232e+308
28,"8/01/99",1,1331021,1.79769313486232e+308,"",1.79769313486232e+308,1.79769313486232e+308,1.79769313486232e+308,1.79769313486232e+308
29,"8/01/99",1,1331121,1.79769313486232e+308,"",1.79769313486232e+308,1.79769313486232e+308,1.79769313486232e+308,1.79769313486232e+308
30,"8/01/99",1,1331221,1.79769313486232e+308,"",1.79769313486232e+308,1.79769313486232e+308,1.79769313486232e+308,1.79769313486232e+308
282,"6/27/99",1,1410121,1.79769313486232e+308,"",1.79769313486232e+308,1.79769313486232e+308,1.79769313486232e+308,1.79769313486232e+308
283,"6/27/99",1,1410122,1.79769313486232e+308,"",1.79769313486232e+308,1.79769313486232e+308,1.79769313486232e+308,1.79769313486232e+308
297,"6/27/99",1,1410141,8,"Huge expenditure due to illness",1500,2,1.79769313486232e+308,1500
302,"6/27/99",1,1410151,1.79769313486232e+308,"",1.79769313486232e+308,1.79769313486232e+308,1.79769313486232e+308,1.79769313486232e+308
303,"6/27/99",1,1410152,1.79769313486232e+308,"",1.79769313486232e+308,1.79769313486232e+308,1.79769313486232e+308,1.79769313486232e+308
304,"6/27/99",1,1410251,5,"Death of cow/buffalo",4000,1,1.79769313486232e+308,1.79769313486232e+308
284,"6/27/99",1,1410321,8,"Huge expenditure due to illness",5000,2,1.79769313486232e+308,5000
298,"6/27/99",1,1410341,8,"Huge expenditure due to illness",15000,1,1.79769313486232e+308,15000
305,"6/27/99",1,1410351,1.79769313486232e+308,"",1.79769313486232e+308,1.79769313486232e+308,1.79769313486232e+308,1.79769313486232e+308
285,"6/27/99",1,1410421,5,"Death of cow/buffalo",5000,1,1.79769313486232e+308,1.79769313486232e+308
299,"6/27/99",1,1410441,1.79769313486232e+308,"",1.79769313486232e+308,1.79769313486232e+308,1.79769313486232e+308,1.79769313486232e+308
306,"6/27/99",1,1410459,1.79769313486232e+308,"",1.79769313486232e+308,1.79769313486232e+308,1.79769313486232e+308,1.79769313486232e+308
300,"6/27/99",1,1410541,1.79769313486232e+308,"",1.79769313486232e+308,1.79769313486232e+308,1.79769313486232e+308,1.79769313486232e+308
286,"6/27/99",1,1410721,1.79769313486232e+308,"",1.79769313486232e+308,1.79769313486232e+308,1.79769313486232e+308,1.79769313486232e+308
301,"6/27/99",1,1410741,8,"Huge expenditure due to illness",4000,2,1.79769313486232e+308,4000
287,"6/27/99",1,1410821,5,"Death of cow/buffalo",3000,1,1.79769313486232e+308,1.79769313486232e+308
288,"6/27/99",1,1410821,7,"Damage to house/land due to cyclone",20000,22,23,20000
289,"6/27/99",1,1410921,1.79769313486232e+308,"",1.79769313486232e+308,1.79769313486232e+308,1.79769313486232e+308,1.79769313486232e+308
290,"6/27/99",1,1411021,12,"Land related litigation",15000,2,1.79769313486232e+308,15000
291,"6/27/99",1,1411221,8,"Huge expenditure due to illness",12000,2,1.79769313486232e+308,12000
292,"6/27/99",1,1411421,3,"Burglery/Theft",12000,2,1.79769313486232e+308,12000
293,"6/27/99",1,1411421,8,"Huge expenditure due to illness",3000,2,1.79769313486232e+308,3000
294,"6/27/99",1,1411621,1.79769313486232e+308,"",1.79769313486232e+308,1.79769313486232e+308,1.79769313486232e+308,1.79769313486232e+308
295,"6/27/99",1,1411721,8,"Huge expenditure due to illness",22000,2,1.79769313486232e+308,22000
296,"6/27/99",1,1411821,1.79769313486232e+308,"",1.79769313486232e+308,1.79769313486232e+308,1.79769313486232e+308,1.79769313486232e+308
1,"7/15/99",1,1420121,1.79769313486232e+308,"",1.79769313486232e+308,1.79769313486232e+308,1.79769313486232e+308,1.79769313486232e+308
23,"7/16/99",1,1420151,8,"Huge expenditure due to illness",5000,2,1.79769313486232e+308,5000
2,"7/16/99",1,1420221,1.79769313486232e+308,"",1.79769313486232e+308,1.79769313486232e+308,1.79769313486232e+308,1.79769313486232e+308
24,"7/16/99",1,1420251,1.79769313486232e+308,"",1.79769313486232e+308,1.79769313486232e+308,1.79769313486232e+308,1.79769313486232e+308
17,"7/16/99",1,1420341,1.79769313486232e+308,"",1.79769313486232e+308,1.79769313486232e+308,1.79769313486232e+308,1.79769313486232e+308
25,"7/16/99",1,1420351,1.79769313486232e+308,"",1.79769313486232e+308,1.79769313486232e+308,1.79769313486232e+308,1.79769313486232e+308
26,"7/16/99",1,1420352,1.79769313486232e+308,"",1.79769313486232e+308,1.79769313486232e+308,1.79769313486232e+308,1.79769313486232e+308
18,"7/16/99",1,1420441,1.79769313486232e+308,"",1.79769313486232e+308,1.79769313486232e+308,1.79769313486232e+308,1.79769313486232e+308
27,"7/16/99",1,1420459,1.79769313486232e+308,"",1.79769313486232e+308,1.79769313486232e+308,1.79769313486232e+308,1.79769313486232e+308
3,"7/16/99",1,1420521,1.79769313486232e+308,"",1.79769313486232e+308,1.79769313486232e+308,1.79769313486232e+308,1.79769313486232e+308
19,"7/16/99",1,1420541,1.79769313486232e+308,"",1.79769313486232e+308,1.79769313486232e+308,1.79769313486232e+308,1.79769313486232e+308
20,"7/16/99",1,1420542,1.79769313486232e+308,"",1.79769313486232e+308,1.79769313486232e+308,1.79769313486232e+308,1.79769313486232e+308
4,"7/16/99",1,1420621,1.79769313486232e+308,"",1.79769313486232e+308,1.79769313486232e+308,1.79769313486232e+308,1.79769313486232e+308
21,"7/16/99",1,1420641,1.79769313486232e+308,"",1.79769313486232e+308,1.79769313486232e+308,1.79769313486232e+308,1.79769313486232e+308
5,"7/16/99",1,1420721,1.79769313486232e+308,"",1.79769313486232e+308,1.79769313486232e+308,1.79769313486232e+308,1.79769313486232e+308
22,"7/16/99",1,1420741,1.79769313486232e+308,"",1.79769313486232e+308,1.79769313486232e+308,1.79769313486232e+308,1.79769313486232e+308
6,"7/16/99",1,1420821,1.79769313486232e+308,"",1.79769313486232e+308,1.79769313486232e+308,1.79769313486232e+308,1.79769313486232e+308
7,"7/16/99",1,1421021,1.79769313486232e+308,"",1.79769313486232e+308,1.79769313486232e+308,1.79769313486232e+308,1.79769313486232e+308
8,"7/16/99",1,1421121,1.79769313486232e+308,"",1.79769313486232e+308,1.79769313486232e+308,1.79769313486232e+308,1.79769313486232e+308
9,"7/16/99",1,1421221,1.79769313486232e+308,"",1.79769313486232e+308,1.79769313486232e+308,1.79769313486232e+308,1.79769313486232e+308
10,"7/16/99",1,1421321,1.79769313486232e+308,"",1.79769313486232e+308,1.79769313486232e+308,1.79769313486232e+308,1.79769313486232e+308
11,"7/16/99",1,1421322,1.79769313486232e+308,"",1.79769313486232e+308,1.79769313486232e+308,1.79769313486232e+308,1.79769313486232e+308
12,"7/16/99",1,1421421,1.79769313486232e+308,"",1.79769313486232e+308,1.79769313486232e+308,1.79769313486232e+308,1.79769313486232e+308
13,"7/16/99",1,1421521,1.79769313486232e+308,"",1.79769313486232e+308,1.79769313486232e+308,1.79769313486232e+308,1.79769313486232e+308
14,"7/16/99",1,1421621,8,"Huge expenditure due to illness",3500,2,1.79769313486232e+308,3500
15,"7/16/99",1,1421721,1.79769313486232e+308,"",1.79769313486232e+308,1.79769313486232e+308,1.79769313486232e+308,1.79769313486232e+308
16,"7/16/99",1,1421821,1.79769313486232e+308,"",1.79769313486232e+308,1.79769313486232e+308,1.79769313486232e+308,1.79769313486232e+308
293,"6/28/99",1,1430121,1.79769313486232e+308,"",1.79769313486232e+308,1.79769313486232e+308,1.79769313486232e+308,1.79769313486232e+308
311,"6/28/99",1,1430141,1.79769313486232e+308,"",1.79769313486232e+308,1.79769313486232e+308,1.79769313486232e+308,1.79769313486232e+308
316,"6/28/99",1,1430151,5,"Death of cow/buffalo",2500,23,1.79769313486232e+308,4000
294,"6/28/99",1,1430221,1.79769313486232e+308,"",1.79769313486232e+308,1.79769313486232e+308,1.79769313486232e+308,1.79769313486232e+308
312,"6/28/99",1,1430241,10,"Evacuation from land",15000,8,2,1500
317,"6/28/99",1,1430251,4,"Theft of cow/buffalo",17000,7,1.79769313486232e+308,8000
318,"6/28/99",1,1430251,9,"Loss of money",42000,1,1.79769313486232e+308,1.79769313486232e+308
295,"6/28/99",1,1430321,1.79769313486232e+308,"",1.79769313486232e+308,1.79769313486232e+308,1.79769313486232e+308,1.79769313486232e+308
313,"6/28/99",1,1430341,12,"Land related litigation",12000,22,1.79769313486232e+308,12000
319,"6/28/99",1,1430351,1.79769313486232e+308,"",1.79769313486232e+308,1.79769313486232e+308,1.79769313486232e+308,1.79769313486232e+308
320,"6/28/99",1,1430459,1.79769313486232e+308,"",1.79769313486232e+308,1.79769313486232e+308,1.79769313486232e+308,1.79769313486232e+308
296,"6/28/99",1,1430521,1.79769313486232e+308,"",1.79769313486232e+308,1.79769313486232e+308,1.79769313486232e+308,1.79769313486232e+308
314,"6/28/99",1,1430541,23,"Harrassment of females by terrorist",1.79769313486232e+308,2,1.79769313486232e+308,30000
297,"6/28/99",1,1430621,8,"Huge expenditure due to illness",8000,7,1.79769313486232e+308,8000
315,"6/28/99",1,1430641,1.79769313486232e+308,"",1.79769313486232e+308,1.79769313486232e+308,1.79769313486232e+308,1.79769313486232e+308
298,"6/28/99",1,1430731,3,"Burglery/Theft",18000,7,1.79769313486232e+308,4000
299,"6/28/99",1,1430731,24,"Expenditure for daughter's marriage",28000,3,1.79769313486232e+308,28000
300,"6/28/99",1,1430731,30,"Others",7000,23,1.79769313486232e+308,7000
301,"6/28/99",1,1430821,3,"Burglery/Theft",13000,2,1.79769313486232e+308,4000
302,"6/28/99",1,1430921,5,"Death of cow/buffalo",2000,1,1.79769313486232e+308,1.79769313486232e+308
303,"6/28/99",1,1431031,5,"Death of cow/buffalo",4000,23,1.79769313486232e+308,3500
304,"6/28/99",1,1431121,8,"Huge expenditure due to illness",6500,7,1.79769313486232e+308,6500
305,"6/28/99",1,1431331,1.79769313486232e+308,"",1.79769313486232e+308,1.79769313486232e+308,1.79769313486232e+308,1.79769313486232e+308
306,"6/28/99",1,1431421,1.79769313486232e+308,"",1.79769313486232e+308,1.79769313486232e+308,1.79769313486232e+308,1.79769313486232e+308
307,"6/28/99",1,1431521,5,"Death of cow/buffalo",4000,1,1.79769313486232e+308,1.79769313486232e+308
308,"6/28/99",1,1431522,8,"Huge expenditure due to illness",15000,7,1.79769313486232e+308,15000
309,"6/28/99",1,1431621,1.79769313486232e+308,"",1.79769313486232e+308,1.79769313486232e+308,1.79769313486232e+308,1.79769313486232e+308
310,"6/28/99",1,1431721,1.79769313486232e+308,"",1.79769313486232e+308,1.79769313486232e+308,1.79769313486232e+308,1.79769313486232e+308
23,"6/01/99",1,1510121,1.79769313486232e+308,"",1.79769313486232e+308,1.79769313486232e+308,1.79769313486232e+308,1.79769313486232e+308
39,"6/01/99",1,1510141,16,"Expenditure incurred on court/polic",2300,2,1.79769313486232e+308,2300
44,"6/01/99",1,1510151,2,"Crop damage",30000,3,4,30000
24,"6/01/99",1,1510221,16,"Expenditure incurred on court/polic",1500,15,1.79769313486232e+308,1.79769313486232e+308
25,"6/01/99",1,1510221,24,"Expenditure for daughter's marriage",22000,23,4,22000
40,"6/01/99",1,1510241,8,"Huge expenditure due to illness",3000,22,2,3000
45,"6/01/99",1,1510251,2,"Crop damage",10000,4,2,10000
46,"6/01/99",1,1510252,24,"Expenditure for daughter's marriage",15000,4,2,15000
26,"6/01/99",1,1510321,8,"Huge expenditure due to illness",14000,2,22,14000
41,"6/01/99",1,1510341,1.79769313486232e+308,"",1.79769313486232e+308,1.79769313486232e+308,1.79769313486232e+308,1.79769313486232e+308
47,"6/01/99",1,1510351,8,"Huge expenditure due to illness",30000,12,4,30000
63,"9/11/99",1,1510421,8,"Huge expenditure due to illness",12000,1,17,12000
64,"9/11/99",1,1510421,15,"Undue harrassment by police",6000,15,1.79769313486232e+308,6000
42,"6/01/99",1,1510441,1.79769313486232e+308,"",1.79769313486232e+308,1.79769313486232e+308,1.79769313486232e+308,1.79769313486232e+308
48,"6/01/99",1,1510459,2,"Crop damage",50000,3,1.79769313486232e+308,50000
49,"6/01/99",1,1510459,16,"Expenditure incurred on court/polic",50000,3,4,50000
27,"6/01/99",1,1510521,1.79769313486232e+308,"",1.79769313486232e+308,1.79769313486232e+308,1.79769313486232e+308,1.79769313486232e+308
43,"6/01/99",1,1510541,16,"Expenditure incurred on court/polic",3500,2,22,3500
28,"6/01/99",1,1510621,2,"Crop damage",10000,12,1.79769313486232e+308,11000
29,"6/01/99",1,1510621,16,"Expenditure incurred on court/polic",700,15,1.79769313486232e+308,700
30,"6/01/99",1,1510721,2,"Crop damage",7000,12,1.79769313486232e+308,7000
31,"6/01/99",1,1510722,1.79769313486232e+308,"",1.79769313486232e+308,1.79769313486232e+308,1.79769313486232e+308,1.79769313486232e+308
32,"6/01/99",1,1510821,2,"Crop damage",12000,18,12,12000
33,"6/01/99",1,1510921,24,"Expenditure for daughter's marriage",20000,23,2,20000
34,"6/01/99",1,1511021,2,"Crop damage",12000,12,18,12000
35,"6/01/99",1,1511022,2,"Crop damage",6000,12,1.79769313486232e+308,3000
36,"6/01/99",1,1511022,16,"Expenditure incurred on court/polic",60000,3,2,60000
37,"6/01/99",1,1511121,1.79769313486232e+308,"",1.79769313486232e+308,1.79769313486232e+308,1.79769313486232e+308,1.79769313486232e+308
38,"6/01/99",1,1511221,2,"Crop damage",10000,17,2,10000
38,"5/29/99",1,1520121,1,"Death of primary income eraner",1.79769313486232e+308,1,1.79769313486232e+308,0
39,"5/29/99",1,1520122,1.79769313486232e+308,"",1.79769313486232e+308,1.79769313486232e+308,1.79769313486232e+308,1.79769313486232e+308
56,"5/29/99",1,1520141,8,"Huge expenditure due to illness",12000,6,1.79769313486232e+308,12000
63,"5/29/99",1,1520151,9,"Loss of money",70000,1,1.79769313486232e+308,1.79769313486232e+308
40,"5/29/99",1,1520221,8,"Huge expenditure due to illness",2000,2,1.79769313486232e+308,2000
41,"5/29/99",1,1520221,11,"Threat of evacaution from land",1.79769313486232e+308,15,1.79769313486232e+308,30
57,"5/29/99",1,1520241,24,"Expenditure for daughter's marriage",20000,15,7,20000
64,"5/29/99",1,1520251,12,"Land related litigation",3000,11,1.79769313486232e+308,1.79769313486232e+308
65,"5/29/99",1,1520251,30,"Others",60000,2,4,60000
66,"5/29/99",1,1520252,1.79769313486232e+308,"",1.79769313486232e+308,1.79769313486232e+308,1.79769313486232e+308,1.79769313486232e+308
42,"5/29/99",1,1520321,5,"Death of cow/buffalo",7500,1,1.79769313486232e+308,1.79769313486232e+308
43,"5/29/99",1,1520321,24,"Expenditure for daughter's marriage",25000,23,2,1.79769313486232e+308
58,"5/29/99",1,1520341,8,"Huge expenditure due to illness",30000,2,7,30000
59,"5/29/99",1,1520342,1.79769313486232e+308,"",1.79769313486232e+308,1.79769313486232e+308,1.79769313486232e+308,1.79769313486232e+308
67,"5/29/99",1,1520351,21,"Torture for dowry",1.79769313486232e+308,25,2,30000
68,"5/29/99",1,1520352,8,"Huge expenditure due to illness",7000,2,22,7000
69,"5/29/99",1,1520353,1.79769313486232e+308,"",1.79769313486232e+308,1.79769313486232e+308,1.79769313486232e+308,1.79769313486232e+308
44,"5/29/99",1,1520421,2,"Crop damage",15000,23,1.79769313486232e+308,8000
45,"5/29/99",1,1520421,5,"Death of cow/buffalo",2000,1,1.79769313486232e+308,0
46,"5/29/99",1,1520421,7,"Damage to house/land due to cyclone",2000,2,1.79769313486232e+308,2000
60,"5/29/99",1,1520441,3,"Burglery/Theft",600,2,1.79769313486232e+308,1.79769313486232e+308
61,"5/29/99",1,1520441,8,"Huge expenditure due to illness",1000,4,1.79769313486232e+308,1000
70,"5/29/99",1,1520459,1.79769313486232e+308,"",1.79769313486232e+308,1.79769313486232e+308,1.79769313486232e+308,1.79769313486232e+308
47,"5/29/99",1,1520521,1.79769313486232e+308,"",1.79769313486232e+308,1.79769313486232e+308,1.79769313486232e+308,1.79769313486232e+308
62,"5/29/99",1,1520541,1.79769313486232e+308,"",1.79769313486232e+308,1.79769313486232e+308,1.79769313486232e+308,1.79769313486232e+308
65,"9/11/99",1,1520621,2,"Crop damage",3000,1,1.79769313486232e+308,1.79769313486232e+308
48,"5/29/99",1,1520622,8,"Huge expenditure due to illness",1.79769313486232e+308,4,1.79769313486232e+308,1000
49,"5/29/99",1,1520721,8,"Huge expenditure due to illness",1.79769313486232e+308,1,1.79769313486232e+308,30000
50,"5/29/99",1,1520821,1.79769313486232e+308,"",1.79769313486232e+308,1.79769313486232e+308,1.79769313486232e+308,1.79769313486232e+308
51,"5/29/99",1,1520921,2,"Crop damage",2000,2,1.79769313486232e+308,0
52,"5/29/99",1,1520921,12,"Land related litigation",5000,2,1.79769313486232e+308,5000
53,"5/29/99",1,1521021,2,"Crop damage",6000,2,1.79769313486232e+308,1.79769313486232e+308
70,"9/11/99",1,1521121,2,"Crop damage",6000,24,1.79769313486232e+308,2000
54,"5/29/99",1,1521122,1.79769313486232e+308,"",1.79769313486232e+308,1.79769313486232e+308,1.79769313486232e+308,1.79769313486232e+308
55,"5/29/99",1,1521221,17,"Killing",1.79769313486232e+308,1,6,12000
65,"8/08/99",1,1530121,1.79769313486232e+308,"",1.79769313486232e+308,1.79769313486232e+308,1.79769313486232e+308,1.79769313486232e+308
79,"8/08/99",1,1530141,1.79769313486232e+308,"",1.79769313486232e+308,1.79769313486232e+308,1.79769313486232e+308,1.79769313486232e+308
84,"8/08/99",1,1530151,8,"Huge expenditure due to illness",10000,7,1.79769313486232e+308,10000
66,"8/08/99",1,1530221,1.79769313486232e+308,"",1.79769313486232e+308,1.79769313486232e+308,1.79769313486232e+308,1.79769313486232e+308
67,"8/08/99",1,1530222,16,"Expenditure incurred on court/polic",800,2,1.79769313486232e+308,8000
68,"8/08/99",1,1530222,21,"Torture for dowry",1.79769313486232e+308,3,7,15000
80,"8/08/99",1,1530241,8,"Huge expenditure due to illness",20000,25,2,20000
85,"8/08/99",1,1530251,1.79769313486232e+308,"",1.79769313486232e+308,1.79769313486232e+308,1.79769313486232e+308,1.79769313486232e+308
69,"8/08/99",1,1530321,3,"Burglery/Theft",2000,2,1.79769313486232e+308,2000
81,"8/08/99",1,1530341,1.79769313486232e+308,"",1.79769313486232e+308,1.79769313486232e+308,1.79769313486232e+308,1.79769313486232e+308
86,"8/08/99",1,1530351,1.79769313486232e+308,"",1.79769313486232e+308,1.79769313486232e+308,1.79769313486232e+308,1.79769313486232e+308
82,"8/08/99",1,1530441,1.79769313486232e+308,"",1.79769313486232e+308,1.79769313486232e+308,1.79769313486232e+308,1.79769313486232e+308
87,"8/08/99",1,1530459,1.79769313486232e+308,"",1.79769313486232e+308,1.79769313486232e+308,1.79769313486232e+308,1.79769313486232e+308
70,"8/08/99",1,1530521,1.79769313486232e+308,"",1.79769313486232e+308,1.79769313486232e+308,1.79769313486232e+308,1.79769313486232e+308
83,"8/08/99",1,1530541,1.79769313486232e+308,"",1.79769313486232e+308,1.79769313486232e+308,1.79769313486232e+308,1.79769313486232e+308
71,"8/08/99",1,1530621,1.79769313486232e+308,"",1.79769313486232e+308,1.79769313486232e+308,1.79769313486232e+308,1.79769313486232e+308
72,"8/08/99",1,1530821,1.79769313486232e+308,"",1.79769313486232e+308,1.79769313486232e+308,1.79769313486232e+308,1.79769313486232e+308
73,"8/08/99",1,1530921,16,"Expenditure incurred on court/polic",1000,2,1.79769313486232e+308,1000
74,"8/08/99",1,1531021,8,"Huge expenditure due to illness",10000,2,1.79769313486232e+308,10000
75,"8/08/99",1,1531021,24,"Expenditure for daughter's marriage",25000,2,19,25000
76,"8/08/99",1,1531121,1.79769313486232e+308,"",1.79769313486232e+308,1.79769313486232e+308,1.79769313486232e+308,1.79769313486232e+308
77,"8/08/99",1,1531122,1.79769313486232e+308,"",1.79769313486232e+308,1.79769313486232e+308,1.79769313486232e+308,1.79769313486232e+308
78,"8/08/99",1,1531221,3,"Burglery/Theft",15000,2,1.79769313486232e+308,15000
128,"6/13/99",1,1610121,8,"Huge expenditure due to illness",3500,4,1.79769313486232e+308,3500
146,"6/15/99",1,1610141,24,"Expenditure for daughter's marriage",12000,2,1.79769313486232e+308,12000
153,"6/15/99",1,1610151,1.79769313486232e+308,"",1.79769313486232e+308,1.79769313486232e+308,1.79769313486232e+308,1.79769313486232e+308
129,"6/15/99",1,1610221,8,"Huge expenditure due to illness",1500,7,1.79769313486232e+308,2000
147,"6/15/99",1,1610241,1.79769313486232e+308,"",1.79769313486232e+308,1.79769313486232e+308,1.79769313486232e+308,1.79769313486232e+308
154,"6/15/99",1,1610251,1.79769313486232e+308,"",1.79769313486232e+308,1.79769313486232e+308,1.79769313486232e+308,1.79769313486232e+308
155,"6/15/99",1,1610252,1.79769313486232e+308,"",1.79769313486232e+308,1.79769313486232e+308,1.79769313486232e+308,1.79769313486232e+308
148,"6/15/99",1,1610341,1.79769313486232e+308,"",1.79769313486232e+308,1.79769313486232e+308,1.79769313486232e+308,1.79769313486232e+308
149,"6/15/99",1,1610342,1.79769313486232e+308,"",1.79769313486232e+308,1.79769313486232e+308,1.79769313486232e+308,1.79769313486232e+308
156,"6/15/99",1,1610351,1.79769313486232e+308,"",1.79769313486232e+308,1.79769313486232e+308,1.79769313486232e+308,1.79769313486232e+308
130,"6/15/99",1,1610421,1.79769313486232e+308,"",1.79769313486232e+308,1.79769313486232e+308,1.79769313486232e+308,1.79769313486232e+308
150,"6/15/99",1,1610441,1.79769313486232e+308,"",1.79769313486232e+308,1.79769313486232e+308,1.79769313486232e+308,1.79769313486232e+308
157,"6/15/99",1,1610459,1.79769313486232e+308,"",1.79769313486232e+308,1.79769313486232e+308,1.79769313486232e+308,1.79769313486232e+308
131,"6/15/99",1,1610521,1.79769313486232e+308,"",1.79769313486232e+308,1.79769313486232e+308,1.79769313486232e+308,1.79769313486232e+308
151,"6/15/99",1,1610541,1.79769313486232e+308,"",1.79769313486232e+308,1.79769313486232e+308,1.79769313486232e+308,1.79769313486232e+308
152,"6/15/99",1,1610542,1.79769313486232e+308,"",1.79769313486232e+308,1.79769313486232e+308,1.79769313486232e+308,1.79769313486232e+308
132,"6/15/99",1,1610621,8,"Huge expenditure due to illness",100000,1,1.79769313486232e+308,1.79769313486232e+308
133,"6/15/99",1,1610721,1.79769313486232e+308,"",1.79769313486232e+308,1.79769313486232e+308,1.79769313486232e+308,1.79769313486232e+308
134,"6/15/99",1,1610722,1.79769313486232e+308,"",1.79769313486232e+308,1.79769313486232e+308,1.79769313486232e+308,1.79769313486232e+308
135,"6/15/99",1,1610821,1.79769313486232e+308,"",1.79769313486232e+308,1.79769313486232e+308,1.79769313486232e+308,1.79769313486232e+308
136,"6/15/99",1,1610822,9,"Loss of money",10000,1,1.79769313486232e+308,1.79769313486232e+308
137,"6/15/99",1,1610921,1.79769313486232e+308,"",1.79769313486232e+308,1.79769313486232e+308,1.79769313486232e+308,1.79769313486232e+308
138,"6/15/99",1,1610922,1.79769313486232e+308,"",1.79769313486232e+308,1.79769313486232e+308,1.79769313486232e+308,1.79769313486232e+308
139,"6/15/99",1,1610923,16,"Expenditure incurred on court/polic",50000,2,4,50000
140,"6/15/99",1,1610924,1.79769313486232e+308,"",1.79769313486232e+308,1.79769313486232e+308,1.79769313486232e+308,1.79769313486232e+308
141,"6/15/99",1,1611021,8,"Huge expenditure due to illness",4500,23,2,4500
142,"6/15/99",1,1611022,3,"Burglery/Theft",3000,1,1.79769313486232e+308,1.79769313486232e+308
143,"6/15/99",1,1611121,1.79769313486232e+308,"",1.79769313486232e+308,1.79769313486232e+308,1.79769313486232e+308,1.79769313486232e+308
144,"6/15/99",1,1611221,1.79769313486232e+308,"",1.79769313486232e+308,1.79769313486232e+308,1.79769313486232e+308,1.79769313486232e+308
145,"6/15/99",1,1611222,1.79769313486232e+308,"",1.79769313486232e+308,1.79769313486232e+308,1.79769313486232e+308,1.79769313486232e+308
27,"8/01/99",1,1620121,16,"Expenditure incurred on court/polic",7000,23,4,7000
42,"8/03/99",1,1620141,16,"Expenditure incurred on court/polic",5000,5,1.79769313486232e+308,5000
48,"8/03/99",1,1620151,1.79769313486232e+308,"",1.79769313486232e+308,1.79769313486232e+308,1.79769313486232e+308,1.79769313486232e+308
28,"8/03/99",1,1620221,1.79769313486232e+308,"",1.79769313486232e+308,1.79769313486232e+308,1.79769313486232e+308,1.79769313486232e+308
43,"8/03/99",1,1620241,1.79769313486232e+308,"",1.79769313486232e+308,1.79769313486232e+308,1.79769313486232e+308,1.79769313486232e+308
48,"8/03/99",1,1620251,8,"Huge expenditure due to illness",30000,3,1.79769313486232e+308,30000
29,"8/03/99",1,1620321,1.79769313486232e+308,"",1.79769313486232e+308,1.79769313486232e+308,1.79769313486232e+308,1.79769313486232e+308
44,"8/03/99",1,1620341,8,"Huge expenditure due to illness",800,1,1.79769313486232e+308,800
49,"8/03/99",1,1620351,1.79769313486232e+308,"",1.79769313486232e+308,1.79769313486232e+308,1.79769313486232e+308,1.79769313486232e+308
45,"8/03/99",1,1620441,1.79769313486232e+308,"",1.79769313486232e+308,1.79769313486232e+308,1.79769313486232e+308,1.79769313486232e+308
50,"8/03/99",1,1620459,1.79769313486232e+308,"",1.79769313486232e+308,1.79769313486232e+308,1.79769313486232e+308,1.79769313486232e+308
30,"8/03/99",1,1620521,1.79769313486232e+308,"",1.79769313486232e+308,1.79769313486232e+308,1.79769313486232e+308,1.79769313486232e+308
31,"8/03/99",1,1620522,8,"Huge expenditure due to illness",12000,2,1.79769313486232e+308,12000
46,"8/03/99",1,1620541,8,"Huge expenditure due to illness",4000,1,1.79769313486232e+308,1500
32,"8/03/99",1,1620721,1.79769313486232e+308,"",1.79769313486232e+308,1.79769313486232e+308,1.79769313486232e+308,1.79769313486232e+308
33,"8/03/99",1,1620821,1.79769313486232e+308,"",1.79769313486232e+308,1.79769313486232e+308,1.79769313486232e+308,1.79769313486232e+308
34,"8/03/99",1,1620921,1.79769313486232e+308,"",1.79769313486232e+308,1.79769313486232e+308,1.79769313486232e+308,1.79769313486232e+308
35,"8/03/99",1,1620922,1.79769313486232e+308,"",1.79769313486232e+308,1.79769313486232e+308,1.79769313486232e+308,1.79769313486232e+308
36,"8/03/99",1,1621021,3,"Burglery/Theft",3500,23,1.79769313486232e+308,4000
37,"8/03/99",1,1621121,1.79769313486232e+308,"",1.79769313486232e+308,1.79769313486232e+308,1.79769313486232e+308,1.79769313486232e+308
38,"8/03/99",1,1621122,1.79769313486232e+308,"",1.79769313486232e+308,1.79769313486232e+308,1.79769313486232e+308,1.79769313486232e+308
39,"8/03/99",1,1621221,8,"Huge expenditure due to illness",2000,23,2,2000
40,"8/03/99",1,1621222,1.79769313486232e+308,"",1.79769313486232e+308,1.79769313486232e+308,1.79769313486232e+308,1.79769313486232e+308
41,"8/03/99",1,1621223,30,"Others",100000,1,1.79769313486232e+308,25000
82,"5/28/99",1,1630121,1.79769313486232e+308,"",1.79769313486232e+308,1.79769313486232e+308,1.79769313486232e+308,1.79769313486232e+308
97,"6/03/99",1,1630141,1.79769313486232e+308,"",1.79769313486232e+308,1.79769313486232e+308,1.79769313486232e+308,1.79769313486232e+308
98,"6/03/99",1,1630142,1.79769313486232e+308,"",1.79769313486232e+308,1.79769313486232e+308,1.79769313486232e+308,1.79769313486232e+308
103,"6/03/99",1,1630151,9,"Loss of money",120000,12,1.79769313486232e+308,60000
83,"6/03/99",1,1630221,9,"Loss of money",135000,1,1.79769313486232e+308,0
99,"6/03/99",1,1630241,8,"Huge expenditure due to illness",500,2,1.79769313486232e+308,200
104,"6/03/99",1,1630251,8,"Huge expenditure due to illness",4000,2,4,4000
84,"6/03/99",1,1630321,8,"Huge expenditure due to illness",3600,15,1.79769313486232e+308,3600
100,"6/03/99",1,1630341,8,"Huge expenditure due to illness",2000,15,1.79769313486232e+308,2400
105,"6/03/99",1,1630351,12,"Land related litigation",20000,2,25,20000
85,"6/03/99",1,1630421,1.79769313486232e+308,"",1.79769313486232e+308,1.79769313486232e+308,1.79769313486232e+308,1.79769313486232e+308
101,"6/03/99",1,1630441,16,"Expenditure incurred on court/polic",14000,7,2,5000
106,"6/03/99",1,1630459,1.79769313486232e+308,"",1.79769313486232e+308,1.79769313486232e+308,1.79769313486232e+308,1.79769313486232e+308
86,"6/03/99",1,1630521,1.79769313486232e+308,"",1.79769313486232e+308,1.79769313486232e+308,1.79769313486232e+308,1.79769313486232e+308
102,"6/03/99",1,1630541,1.79769313486232e+308,"",1.79769313486232e+308,1.79769313486232e+308,1.79769313486232e+308,1.79769313486232e+308
87,"6/03/99",1,1630621,1.79769313486232e+308,"",1.79769313486232e+308,1.79769313486232e+308,1.79769313486232e+308,1.79769313486232e+308
88,"6/03/99",1,1630721,1.79769313486232e+308,"",1.79769313486232e+308,1.79769313486232e+308,1.79769313486232e+308,1.79769313486232e+308
89,"6/03/99",1,1630821,1.79769313486232e+308,"",1.79769313486232e+308,1.79769313486232e+308,1.79769313486232e+308,1.79769313486232e+308
90,"6/03/99",1,1630921,1.79769313486232e+308,"",1.79769313486232e+308,1.79769313486232e+308,1.79769313486232e+308,1.79769313486232e+308
91,"6/03/99",1,1630922,1.79769313486232e+308,"",1.79769313486232e+308,1.79769313486232e+308,1.79769313486232e+308,1.79769313486232e+308
92,"6/03/99",1,1631021,3,"Burglery/Theft",6000,1,1.79769313486232e+308,600
93,"6/03/99",1,1631021,9,"Loss of money",7000,1,1.79769313486232e+308,1.79769313486232e+308
94,"6/03/99",1,1631022,1.79769313486232e+308,"",1.79769313486232e+308,1.79769313486232e+308,1.79769313486232e+308,1.79769313486232e+308
95,"6/03/99",1,1631121,1.79769313486232e+308,"",1.79769313486232e+308,1.79769313486232e+308,1.79769313486232e+308,1.79769313486232e+308
96,"6/03/99",1,1631221,8,"Huge expenditure due to illness",3000,2,1.79769313486232e+308,3000
1,"8/01/99",1,1710131,8,"Huge expenditure due to illness",8000,18,1.79769313486232e+308,8000
2,"8/01/99",1,1710132,1.79769313486232e+308,"",1.79769313486232e+308,1.79769313486232e+308,1.79769313486232e+308,1.79769313486232e+308
18,"8/01/99",1,1710241,8,"Huge expenditure due to illness",3000,16,1.79769313486232e+308,3000
24,"8/01/99",1,1710251,8,"Huge expenditure due to illness",3000,2,1.79769313486232e+308,3000
19,"8/01/99",1,1710341,1.79769313486232e+308,"",1.79769313486232e+308,1.79769313486232e+308,1.79769313486232e+308,1.79769313486232e+308
25,"8/01/99",1,1710351,2,"Crop damage",7000,3,1.79769313486232e+308,7000
3,"8/01/99",1,1710431,1.79769313486232e+308,"",1.79769313486232e+308,1.79769313486232e+308,1.79769313486232e+308,1.79769313486232e+308
20,"8/01/99",1,1710441,8,"Huge expenditure due to illness",30000,3,1.79769313486232e+308,30000
26,"8/01/99",1,1710459,2,"Crop damage",2000,7,1.79769313486232e+308,2000
4,"8/01/99",1,1710531,1.79769313486232e+308,"",1.79769313486232e+308,1.79769313486232e+308,1.79769313486232e+308,1.79769313486232e+308
21,"8/01/99",1,1710541,1.79769313486232e+308,"",1.79769313486232e+308,1.79769313486232e+308,1.79769313486232e+308,1.79769313486232e+308
22,"8/01/99",1,1710542,1.79769313486232e+308,"",1.79769313486232e+308,1.79769313486232e+308,1.79769313486232e+308,1.79769313486232e+308
23,"8/01/99",1,1710543,2,"Crop damage",4000,7,1.79769313486232e+308,2000
5,"8/01/99",1,1710731,8,"Huge expenditure due to illness",1000,7,1.79769313486232e+308,1000
6,"8/01/99",1,1710831,1.79769313486232e+308,"",1.79769313486232e+308,1.79769313486232e+308,1.79769313486232e+308,1.79769313486232e+308
7,"8/01/99",1,1710931,8,"Huge expenditure due to illness",1000,7,1.79769313486232e+308,1000
8,"8/01/99",1,1710932,8,"Huge expenditure due to illness",2000,22,1.79769313486232e+308,2000
9,"8/01/99",1,1711031,8,"Huge expenditure due to illness",6000,3,1.79769313486232e+308,6000
10,"8/01/99",1,1711131,8,"Huge expenditure due to illness",8000,7,1.79769313486232e+308,8000
11,"8/01/99",1,1711231,1.79769313486232e+308,"",1.79769313486232e+308,1.79769313486232e+308,1.79769313486232e+308,1.79769313486232e+308
12,"8/01/99",1,1711339,8,"Huge expenditure due to illness",6000,15,1.79769313486232e+308,6000
13,"8/01/99",1,1711439,1.79769313486232e+308,"",1.79769313486232e+308,1.79769313486232e+308,1.79769313486232e+308,1.79769313486232e+308
14,"8/01/99",1,1711539,8,"Huge expenditure due to illness",5000,7,20,5000
15,"8/01/99",1,1711639,8,"Huge expenditure due to illness",3000,22,1.79769313486232e+308,3000
16,"8/01/99",1,1711739,1.79769313486232e+308,"",1.79769313486232e+308,1.79769313486232e+308,1.79769313486232e+308,1.79769313486232e+308
17,"8/01/99",1,1711839,16,"Expenditure incurred on court/polic",3000,15,1.79769313486232e+308,3000
125,"6/14/99",1,1720131,1.79769313486232e+308,"",1.79769313486232e+308,1.79769313486232e+308,1.79769313486232e+308,1.79769313486232e+308
145,"6/14/99",1,1720141,2,"Crop damage",1000,2,1.79769313486232e+308,1000
146,"6/14/99",1,1720141,7,"Huge expenditure due to illness",30000,1,1.79769313486232e+308,1.79769313486232e+308
147,"6/14/99",1,1720141,8,"Huge expenditure due to illness",4000,2,7,4000
152,"6/14/99",1,1720151,2,"Crop damage",3000,7,25,1.79769313486232e+308
126,"6/14/99",1,1720231,8,"Huge expenditure due to illness",30000,2,1.79769313486232e+308,30000
148,"6/14/99",1,1720241,8,"Huge expenditure due to illness",3000,22,1.79769313486232e+308,3000
153,"6/14/99",1,1720251,2,"Crop damage",9000,1,1.79769313486232e+308,9000
154,"6/14/99",1,1720251,8,"Huge expenditure due to illness",10000,7,1.79769313486232e+308,10000
127,"6/14/99",1,1720331,9,"Loss of money",4000,7,1.79769313486232e+308,4000
149,"6/14/99",1,1720341,8,"Huge expenditure due to illness",12000,25,1.79769313486232e+308,12000
155,"6/14/99",1,1720351,2,"Crop damage",9000,3,1.79769313486232e+308,9000
128,"6/14/99",1,1720431,9,"Loss of money",3000,2,1.79769313486232e+308,3000
150,"6/14/99",1,1720441,1.79769313486232e+308,"",1.79769313486232e+308,1.79769313486232e+308,1.79769313486232e+308,1.79769313486232e+308
156,"6/14/99",1,1720459,2,"Crop damage",3500,7,1.79769313486232e+308,3500
129,"6/14/99",1,1720531,1.79769313486232e+308,"",1.79769313486232e+308,1.79769313486232e+308,1.79769313486232e+308,1.79769313486232e+308
151,"6/14/99",1,1720541,9,"Loss of money",100000,1,1.79769313486232e+308,1.79769313486232e+308
130,"6/14/99",1,1720631,1.79769313486232e+308,"",1.79769313486232e+308,1.79769313486232e+308,1.79769313486232e+308,1.79769313486232e+308
131,"6/14/99",1,1720731,1.79769313486232e+308,"",1.79769313486232e+308,1.79769313486232e+308,1.79769313486232e+308,1.79769313486232e+308
132,"6/14/99",1,1720831,2,"Crop damage",6000,7,1.79769313486232e+308,6000
1.79769313486232e+308,"8/09/99",1,1720931,1.79769313486232e+308,"",1.79769313486232e+308,1.79769313486232e+308,1.79769313486232e+308,1.79769313486232e+308
133,"6/14/99",1,1721031,1.79769313486232e+308,"",1.79769313486232e+308,1.79769313486232e+308,1.79769313486232e+308,1.79769313486232e+308
134,"6/14/99",1,1721131,5,"Death of cow/buffalo",3000,1,1.79769313486232e+308,1.79769313486232e+308
135,"6/14/99",1,1721339,8,"Huge expenditure due to illness",3000,7,1.79769313486232e+308,3000
136,"6/14/99",1,1721439,8,"Huge expenditure due to illness",5000,7,25,5000
137,"6/14/99",1,1721439,30,"Others",1200,1,1.79769313486232e+308,1.79769313486232e+308
138,"6/14/99",1,1721539,1.79769313486232e+308,"",1.79769313486232e+308,1.79769313486232e+308,1.79769313486232e+308,1.79769313486232e+308
139,"6/14/99",1,1721639,1.79769313486232e+308,"",1.79769313486232e+308,1.79769313486232e+308,1.79769313486232e+308,1.79769313486232e+308
140,"6/14/99",1,1721739,1.79769313486232e+308,"",1.79769313486232e+308,1.79769313486232e+308,1.79769313486232e+308,1.79769313486232e+308
141,"6/14/99",1,1721839,2,"Crop damage",3000,4,1.79769313486232e+308,3000
142,"6/14/99",1,1721839,8,"Huge expenditure due to illness",6000,5,1.79769313486232e+308,6000
143,"6/14/99",1,1721939,2,"Crop damage",10000,7,1.79769313486232e+308,10000
144,"6/14/99",1,1721939,5,"Death of cow/buffalo",12000,1,1.79769313486232e+308,1.79769313486232e+308
215,"6/24/99",1,1730131,1.79769313486232e+308,"",1.79769313486232e+308,1.79769313486232e+308,1.79769313486232e+308,1.79769313486232e+308
234,"6/30/99",1,1730141,1.79769313486232e+308,"",1.79769313486232e+308,1.79769313486232e+308,1.79769313486232e+308,1.79769313486232e+308
241,"6/30/99",1,1730151,8,"Huge expenditure due to illness",6000,7,1.79769313486232e+308,6000
216,"6/30/99",1,1730231,2,"Crop damage",2000,5,1.79769313486232e+308,2000
217,"6/30/99",1,1730232,1.79769313486232e+308,"",1.79769313486232e+308,1.79769313486232e+308,1.79769313486232e+308,1.79769313486232e+308
218,"6/30/99",1,1730233,2,"Crop damage",1000,18,1.79769313486232e+308,1000
235,"6/30/99",1,1730241,16,"Expenditure incurred on court/polic",3000,2,1.79769313486232e+308,5000
219,"6/30/99",1,1730331,2,"Death of primary income eraner",2000,18,1.79769313486232e+308,2000
236,"6/30/99",1,1730341,1.79769313486232e+308,"",1.79769313486232e+308,1.79769313486232e+308,1.79769313486232e+308,1.79769313486232e+308
220,"6/30/99",1,1730431,1.79769313486232e+308,"",1.79769313486232e+308,1.79769313486232e+308,1.79769313486232e+308,1.79769313486232e+308
242,"6/30/99",1,1730459,1.79769313486232e+308,"",1.79769313486232e+308,1.79769313486232e+308,1.79769313486232e+308,1.79769313486232e+308
221,"6/30/99",1,1730531,1.79769313486232e+308,"",1.79769313486232e+308,1.79769313486232e+308,1.79769313486232e+308,1.79769313486232e+308
237,"6/30/99",1,1730541,1.79769313486232e+308,"",1.79769313486232e+308,1.79769313486232e+308,1.79769313486232e+308,1.79769313486232e+308
238,"6/30/99",1,1730542,1.79769313486232e+308,"",1.79769313486232e+308,1.79769313486232e+308,1.79769313486232e+308,1.79769313486232e+308
239,"6/30/99",1,1730543,2,"Crop damage",1200,4,1.79769313486232e+308,1200
240,"6/30/99",1,1730544,1.79769313486232e+308,"",1.79769313486232e+308,1.79769313486232e+308,1.79769313486232e+308,1.79769313486232e+308
222,"6/30/99",1,1730631,30,"Others",26000,3,1.79769313486232e+308,26000
223,"6/30/99",1,1730731,1.79769313486232e+308,"",1.79769313486232e+308,1.79769313486232e+308,1.79769313486232e+308,1.79769313486232e+308
224,"6/30/99",1,1730931,8,"Huge expenditure due to illness",1000,5,1.79769313486232e+308,1000
225,"6/30/99",1,1731031,16,"Expenditure incurred on court/polic",20000,3,1.79769313486232e+308,20000
226,"6/30/99",1,1731131,8,"Huge expenditure due to illness",1000,2,1.79769313486232e+308,1000
227,"6/30/99",1,1731231,2,"Crop damage",3000,2,1.79769313486232e+308,3000
228,"6/30/99",1,1731231,9,"Loss of money",2000,7,1.79769313486232e+308,2000
229,"6/30/99",1,1731339,1.79769313486232e+308,"",1.79769313486232e+308,1.79769313486232e+308,1.79769313486232e+308,1.79769313486232e+308
230,"6/30/99",1,1731439,2,"Crop damage",4000,4,1.79769313486232e+308,3500
231,"6/30/99",1,1731539,16,"Expenditure incurred on court/polic",5000,2,1.79769313486232e+308,5000
232,"6/30/99",1,1731639,5,"Death of cow/buffalo",6000,1,1.79769313486232e+308,1.79769313486232e+308
233,"6/30/99",1,1731739,1.79769313486232e+308,"",1.79769313486232e+308,1.79769313486232e+308,1.79769313486232e+308,1.79769313486232e+308
84,"9/24/95",1,1740139,1.79769313486232e+308,"",1.79769313486232e+308,1.79769313486232e+308,1.79769313486232e+308,1.79769313486232e+308
102,"9/24/95",1,1740149,1.79769313486232e+308,"",1.79769313486232e+308,1.79769313486232e+308,1.79769313486232e+308,1.79769313486232e+308
108,"9/24/95",1,1740159,8,"Huge expenditure due to illness",8000,22,1.79769313486232e+308,8000
85,"9/24/95",1,1740239,8,"Huge expenditure due to illness",3000,5,1.79769313486232e+308,3000
103,"9/24/95",1,1740249,1.79769313486232e+308,"",1.79769313486232e+308,1.79769313486232e+308,1.79769313486232e+308,1.79769313486232e+308
108,"9/24/95",1,1740259,1.79769313486232e+308,"",1.79769313486232e+308,1.79769313486232e+308,1.79769313486232e+308,1.79769313486232e+308
86,"9/24/95",1,1740339,1.79769313486232e+308,"",1.79769313486232e+308,1.79769313486232e+308,1.79769313486232e+308,1.79769313486232e+308
104,"9/24/95",1,1740349,1.79769313486232e+308,"",1.79769313486232e+308,1.79769313486232e+308,1.79769313486232e+308,1.79769313486232e+308
109,"9/24/95",1,1740359,1.79769313486232e+308,"",1.79769313486232e+308,1.79769313486232e+308,1.79769313486232e+308,1.79769313486232e+308
87,"9/24/95",1,1740439,1.79769313486232e+308,"",1.79769313486232e+308,1.79769313486232e+308,1.79769313486232e+308,1.79769313486232e+308
105,"9/24/95",1,1740449,8,"Huge expenditure due to illness",7000,2,1.79769313486232e+308,7000
110,"9/24/95",1,1740459,1.79769313486232e+308,"",1.79769313486232e+308,1.79769313486232e+308,1.79769313486232e+308,1.79769313486232e+308
88,"9/24/95",1,1740529,1.79769313486232e+308,"",1.79769313486232e+308,1.79769313486232e+308,1.79769313486232e+308,1.79769313486232e+308
107,"9/24/95",1,1740549,1.79769313486232e+308,"",1.79769313486232e+308,1.79769313486232e+308,1.79769313486232e+308,1.79769313486232e+308
111,"9/24/95",1,1740559,1.79769313486232e+308,"",1.79769313486232e+308,1.79769313486232e+308,1.79769313486232e+308,1.79769313486232e+308
89,"9/24/95",1,1740629,5,"Death of cow/buffalo",4000,1,1.79769313486232e+308,0
90,"9/24/95",1,1740739,8,"Huge expenditure due to illness",4000,22,1.79769313486232e+308,3000
91,"9/24/95",1,1740839,8,"Huge expenditure due to illness",20000,3,1.79769313486232e+308,20000
92,"9/24/95",1,1740939,1.79769313486232e+308,"",1.79769313486232e+308,1.79769313486232e+308,1.79769313486232e+308,1.79769313486232e+308
93,"9/24/95",1,1741039,1.79769313486232e+308,"",1.79769313486232e+308,1.79769313486232e+308,1.79769313486232e+308,1.79769313486232e+308
94,"9/24/95",1,1741139,1.79769313486232e+308,"",1.79769313486232e+308,1.79769313486232e+308,1.79769313486232e+308,1.79769313486232e+308
95,"9/24/95",1,1741239,1.79769313486232e+308,"",1.79769313486232e+308,1.79769313486232e+308,1.79769313486232e+308,1.79769313486232e+308
96,"9/24/95",1,1741339,8,"Huge expenditure due to illness",5000,7,1.79769313486232e+308,5000
97,"9/24/95",1,1741439,1.79769313486232e+308,"",1.79769313486232e+308,1.79769313486232e+308,1.79769313486232e+308,1.79769313486232e+308
98,"9/24/95",1,1741539,1.79769313486232e+308,"",1.79769313486232e+308,1.79769313486232e+308,1.79769313486232e+308,1.79769313486232e+308
99,"9/24/95",1,1741639,1.79769313486232e+308,"",1.79769313486232e+308,1.79769313486232e+308,1.79769313486232e+308,1.79769313486232e+308
100,"9/24/95",1,1741739,1.79769313486232e+308,"",1.79769313486232e+308,1.79769313486232e+308,1.79769313486232e+308,1.79769313486232e+308
101,"9/24/95",1,1741839,8,"Huge expenditure due to illness",10000,25,1.79769313486232e+308,10000
1,"5/19/99",1,1810131,2,"Crop damage",3000,23,1.79769313486232e+308,0
2,"5/23/99",1,1810131,7,"Damage to house/land due to cyclone",1000,21,1.79769313486232e+308,500
36,"5/23/99",1,1810141,1.79769313486232e+308,"",1.79769313486232e+308,1.79769313486232e+308,1.79769313486232e+308,1.79769313486232e+308
47,"5/23/99",1,1810151,2,"Crop damage",6000,2,1.79769313486232e+308,1.79769313486232e+308
48,"5/23/99",1,1810151,3,"Burglery/Theft",400,1.79769313486232e+308,1.79769313486232e+308,1.79769313486232e+308
49,"5/23/99",1,1810151,8,"Huge expenditure due to illness",500,2,1.79769313486232e+308,500
50,"5/23/99",1,1810151,9,"Loss of money",2000,2,1.79769313486232e+308,5000
3,"5/23/99",1,1810231,2,"Crop damage",4900,1,1.79769313486232e+308,0
37,"5/23/99",1,1810241,7,"Damage to house/land due to cyclone",1000,2,1.79769313486232e+308,1000
51,"5/23/99",1,1810251,2,"Crop damage",6475,4,1.79769313486232e+308,2800
52,"5/23/99",1,1810252,2,"Crop damage",8750,23,1.79769313486232e+308,1.79769313486232e+308
4,"5/23/99",1,1810331,2,"Crop damage",4750,1,1.79769313486232e+308,0
38,"5/23/99",1,1810341,2,"Crop damage",3150,23,1.79769313486232e+308,1.79769313486232e+308
39,"5/23/99",1,1810341,7,"Damage to house/land due to cyclone",500,4,1.79769313486232e+308,500
40,"5/23/99",1,1810341,10,"Evacuation from land",16400,1,1.79769313486232e+308,1.79769313486232e+308
41,"5/23/99",1,1810341,16,"Expenditure incurred on court/polic",1000,2,1.79769313486232e+308,1000
53,"5/23/99",1,1810351,2,"Crop damage",6300,1,1.79769313486232e+308,1.79769313486232e+308
54,"5/23/99",1,1810351,12,"Land related litigation",3600,2,1.79769313486232e+308,6000
55,"5/23/99",1,1810351,27,"Burning of house by fire",1500,2,1.79769313486232e+308,1500
5,"5/23/99",1,1810431,2,"Crop damage",16000,1,1.79769313486232e+308,0
6,"5/23/99",1,1810431,30,"Others",1.79769313486232e+308,1.79769313486232e+308,1.79769313486232e+308,4000
42,"5/23/99",1,1810441,8,"Huge expenditure due to illness",1500,3,1.79769313486232e+308,5000
43,"5/23/99",1,1810441,16,"Expenditure incurred on court/polic",2000,2,1.79769313486232e+308,1440
56,"5/23/99",1,1810459,2,"Crop damage",8750,1,1.79769313486232e+308,1.79769313486232e+308
57,"5/23/99",1,1810459,8,"Huge expenditure due to illness",1.79769313486232e+308,2,1.79769313486232e+308,10300
58,"5/23/99",1,1810459,9,"Loss of money",5000,1,1.79769313486232e+308,1.79769313486232e+308
7,"5/23/99",1,1810531,2,"Crop damage",3000,7,1.79769313486232e+308,0
8,"5/23/99",1,1810531,7,"Damage to house/land due to cyclone",200,2,1.79769313486232e+308,200
9,"5/23/99",1,1810532,2,"Crop damage",7000,4,1.79769313486232e+308,1.79769313486232e+308
10,"5/23/99",1,1810533,2,"Crop damage",2400,23,4,1.79769313486232e+308
44,"5/23/99",1,1810541,2,"Crop damage",5250,2,1.79769313486232e+308,1.79769313486232e+308
45,"5/23/99",1,1810541,7,"Damage to house/land due to cyclone",1000,7,1.79769313486232e+308,500
46,"5/23/99",1,1810541,8,"Huge expenditure due to illness",1.79769313486232e+308,5,1.79769313486232e+308,3000
11,"5/23/99",1,1810631,2,"Crop damage",6080,4,1.79769313486232e+308,2200
12,"5/23/99",1,1810731,2,"Crop damage",25600,1,1.79769313486232e+308,1.79769313486232e+308
13,"5/23/99",1,1810831,27,"Burning of house by fire",6000,2,1.79769313486232e+308,10000
14,"5/23/99",1,1810931,2,"Crop damage",2800,1,1.79769313486232e+308,1.79769313486232e+308
15,"5/23/99",1,1810931,9,"Loss of money",1500,1,1.79769313486232e+308,1.79769313486232e+308
16,"5/23/99",1,1811031,7,"Damage to house/land due to cyclone",1000,2,1.79769313486232e+308,1000
17,"5/23/99",1,1811131,2,"Crop damage",12250,2,1.79769313486232e+308,1.79769313486232e+308
18,"5/23/99",1,1811231,1,"Death of primary income eraner",1.79769313486232e+308,2,1.79769313486232e+308,1.79769313486232e+308
19,"5/23/99",1,1811231,8,"Huge expenditure due to illness",1000,23,1.79769313486232e+308,1000
20,"5/23/99",1,1811339,2,"Crop damage",1400,2,1.79769313486232e+308,1.79769313486232e+308
21,"5/23/99",1,1811339,7,"Damage to house/land due to cyclone",400,2,1.79769313486232e+308,500
26,"5/23/99",1,1811439,2,"Crop damage",11900,4,1.79769313486232e+308,1.79769313486232e+308
27,"5/23/99",1,1811439,5,"Death of cow/buffalo",3000,1,1.79769313486232e+308,1.79769313486232e+308
28,"5/23/99",1,1811439,7,"Damage to house/land due to cyclone",1000,1,1.79769313486232e+308,1.79769313486232e+308
25,"5/23/99",1,1811539,2,"Crop damage",5600,1,1.79769313486232e+308,1.79769313486232e+308
23,"5/23/99",1,1811639,2,"Crop damage",6300,23,1.79769313486232e+308,1.79769313486232e+308
24,"5/23/99",1,1811639,5,"Death of cow/buffalo",2000,1,1.79769313486232e+308,1.79769313486232e+308
22,"5/23/99",1,1811739,2,"Crop damage",1400,2,1.79769313486232e+308,1.79769313486232e+308
29,"5/23/99",1,1811839,2,"Crop damage",7700,4,2,0
30,"5/23/99",1,1811839,8,"Huge expenditure due to illness",0,2,23,3000
31,"5/23/99",1,1811839,12,"Land related litigation",0,2,1.79769313486232e+308,700
32,"5/23/99",1,1811939,2,"Crop damage",8750,4,1.79769313486232e+308,4800
33,"5/23/99",1,1811939,12,"Land related litigation",1.79769313486232e+308,1.79769313486232e+308,2,300
34,"5/23/99",1,1812039,2,"Crop damage",7700,2,1.79769313486232e+308,1.79769313486232e+308
35,"5/23/99",1,1812039,30,"Others",1.79769313486232e+308,3,12,30000
307,"6/27/99",1,1820131,2,"Crop damage",12150,2,1.79769313486232e+308,1.79769313486232e+308
333,"7/06/99",1,1820141,7,"Damage to house/land due to cyclone",150,22,1.79769313486232e+308,300
334,"7/06/99",1,1820141,8,"Huge expenditure due to illness",1.79769313486232e+308,22,1.79769313486232e+308,1200
339,"7/06/99",1,1820151,7,"Damage to house/land due to cyclone",300,1,1.79769313486232e+308,1.79769313486232e+308
308,"7/06/99",1,1820231,2,"Crop damage",1620,2,1.79769313486232e+308,182031
335,"7/06/99",1,1820241,1.79769313486232e+308,"",1.79769313486232e+308,1.79769313486232e+308,1.79769313486232e+308,1.79769313486232e+308
340,"7/06/99",1,1820251,7,"Damage to house/land due to cyclone",1000,2,1.79769313486232e+308,1000
341,"7/06/99",1,1820252,2,"Crop damage",1080,2,1.79769313486232e+308,1.79769313486232e+308
342,"7/06/99",1,1820252,7,"Damage to house/land due to cyclone",1500,2,1.79769313486232e+308,1.79769313486232e+308
309,"7/06/99",1,1820331,2,"Crop damage",2430,2,1.79769313486232e+308,1.79769313486232e+308
310,"7/06/99",1,1820331,8,"Huge expenditure due to illness",600,7,2,1000
336,"7/06/99",1,1820341,8,"Huge expenditure due to illness",1500,2,1.79769313486232e+308,2000
343,"7/06/99",1,1820351,2,"Crop damage",2160,2,1.79769313486232e+308,1.79769313486232e+308
311,"7/06/99",1,1820431,7,"Damage to house/land due to cyclone",400,1,1.79769313486232e+308,1.79769313486232e+308
337,"7/06/99",1,1820441,1.79769313486232e+308,"",1.79769313486232e+308,1.79769313486232e+308,1.79769313486232e+308,1.79769313486232e+308
344,"7/06/99",1,1820459,2,"Crop damage",1620,2,1.79769313486232e+308,1.79769313486232e+308
345,"7/06/99",1,1820459,7,"Damage to house/land due to cyclone",200,1,1.79769313486232e+308,1.79769313486232e+308
312,"7/06/99",1,1820531,1.79769313486232e+308,"",1.79769313486232e+308,1.79769313486232e+308,1.79769313486232e+308,1.79769313486232e+308
338,"7/06/99",1,1820541,1.79769313486232e+308,"",1.79769313486232e+308,1.79769313486232e+308,1.79769313486232e+308,1.79769313486232e+308
313,"7/06/99",1,1820631,1,"Death of primary income eraner",1.79769313486232e+308,2,1.79769313486232e+308,600
314,"7/06/99",1,1820731,2,"Crop damage",1890,2,1.79769313486232e+308,1.79769313486232e+308
315,"7/06/99",1,1820731,7,"Damage to house/land due to cyclone",1000,1,1.79769313486232e+308,1.79769313486232e+308
316,"7/06/99",1,1820732,2,"Crop damage",1350,1.79769313486232e+308,2,1.79769313486232e+308
317,"7/06/99",1,1820831,2,"Crop damage",4320,2,1.79769313486232e+308,1.79769313486232e+308
318,"7/06/99",1,1820931,1.79769313486232e+308,"",1.79769313486232e+308,1.79769313486232e+308,1.79769313486232e+308,1.79769313486232e+308
320,"7/06/99",1,1821031,2,"Crop damage",3240,2,1.79769313486232e+308,1.79769313486232e+308
321,"7/06/99",1,1821031,7,"Damage to house/land due to cyclone",1.79769313486232e+308,2,1.79769313486232e+308,500
322,"7/06/99",1,1821131,7,"Damage to house/land due to cyclone",200,2,1.79769313486232e+308,400
323,"7/06/99",1,1821231,3,"Burglery/Theft",600,1,1.79769313486232e+308,1.79769313486232e+308
324,"7/06/99",1,1821339,2,"Crop damage",2700,2,23,1.79769313486232e+308
325,"7/06/99",1,1821339,7,"Damage to house/land due to cyclone",200,2,1.79769313486232e+308,300
326,"7/06/99",1,1821439,1.79769313486232e+308,"",1.79769313486232e+308,1.79769313486232e+308,1.79769313486232e+308,1.79769313486232e+308
327,"7/06/99",1,1821539,2,"Crop damage",1890,2,1.79769313486232e+308,1.79769313486232e+308
328,"7/06/99",1,1821639,2,"Crop damage",1620,2,1.79769313486232e+308,1.79769313486232e+308
329,"7/06/99",1,1821639,3,"Burglery/Theft",940,1,1.79769313486232e+308,1.79769313486232e+308
330,"7/06/99",1,1821739,2,"Crop damage",3510,2,1.79769313486232e+308,1.79769313486232e+308
331,"7/06/99",1,1821839,2,"Crop damage",810,2,1.79769313486232e+308,1.79769313486232e+308
332,"7/06/99",1,1821839,4,"Theft of cow/buffalo",2250,2,1.79769313486232e+308,150
27,"9/11/99",1,1830131,2,"Crop damage",900,2,1.79769313486232e+308,1.79769313486232e+308
56,"9/16/99",1,1830141,7,"Damage to house/land due to cyclone",1500,2,1.79769313486232e+308,1500
64,"9/16/99",1,1830151,2,"Crop damage",30000,2,1.79769313486232e+308,1.79769313486232e+308
65,"9/16/99",1,1830151,5,"Death of cow/buffalo",4200,1,1.79769313486232e+308,1.79769313486232e+308
28,"9/16/99",1,1830231,2,"Crop damage",22900,2,1.79769313486232e+308,1.79769313486232e+308
29,"9/16/99",1,1830231,3,"Burglery/Theft",300,1,1.79769313486232e+308,1.79769313486232e+308
57,"9/16/99",1,1830241,1.79769313486232e+308,"",1.79769313486232e+308,1.79769313486232e+308,1.79769313486232e+308,1.79769313486232e+308
58,"9/16/99",1,1830242,1.79769313486232e+308,"",1.79769313486232e+308,1.79769313486232e+308,1.79769313486232e+308,1.79769313486232e+308
66,"9/16/99",1,1830251,2,"Crop damage",32000,3,1.79769313486232e+308,1.79769313486232e+308
67,"9/16/99",1,1830251,5,"Death of cow/buffalo",8000,1,1.79769313486232e+308,1.79769313486232e+308
68,"9/16/99",1,1830251,7,"Damage to house/land due to cyclone",1000,1,1.79769313486232e+308,1.79769313486232e+308
69,"9/16/99",1,1830251,12,"Land related litigation",8000,8,1.79769313486232e+308,5400
30,"9/16/99",1,1830331,2,"Crop damage",880,2,1.79769313486232e+308,1.79769313486232e+308
59,"9/16/99",1,1830341,1.79769313486232e+308,"",1.79769313486232e+308,1.79769313486232e+308,1.79769313486232e+308,1.79769313486232e+308
70,"9/16/99",1,1830351,2,"Crop damage",3500,2,1.79769313486232e+308,1.79769313486232e+308
31,"9/16/99",1,1830431,2,"Crop damage",770,2,1.79769313486232e+308,1.79769313486232e+308
32,"9/16/99",1,1830431,7,"Damage to house/land due to cyclone",200,2,1.79769313486232e+308,500
60,"9/16/99",1,1830441,7,"Damage to house/land due to cyclone",500,2,1.79769313486232e+308,500
71,"9/16/99",1,1830459,1.79769313486232e+308,"",1.79769313486232e+308,1.79769313486232e+308,1.79769313486232e+308,1.79769313486232e+308
33,"9/16/99",1,1830531,2,"Crop damage",6400,23,1.79769313486232e+308,1.79769313486232e+308
61,"9/16/99",1,1830541,1.79769313486232e+308,"",1.79769313486232e+308,1.79769313486232e+308,1.79769313486232e+308,1.79769313486232e+308
62,"9/16/99",1,1830542,8,"Huge expenditure due to illness",600,2,1.79769313486232e+308,0
63,"9/16/99",1,1830543,6,"Damage to house/land due to erosion",600,1,1.79769313486232e+308,1.79769313486232e+308
34,"9/16/99",1,1830631,7,"Damage to house/land due to cyclone",300,2,1.79769313486232e+308,400
35,"9/16/99",1,1830731,2,"Crop damage",6400,2,1.79769313486232e+308,1.79769313486232e+308
36,"9/16/99",1,1830731,8,"Huge expenditure due to illness",1.79769313486232e+308,2,1.79769313486232e+308,9100
37,"9/16/99",1,1830831,2,"Crop damage",9600,2,1.79769313486232e+308,1.79769313486232e+308
38,"9/16/99",1,1830831,3,"Burglery/Theft",1000,1,1.79769313486232e+308,1.79769313486232e+308
39,"9/16/99",1,1830931,2,"Crop damage",960,2,1.79769313486232e+308,1.79769313486232e+308
40,"9/16/99",1,1831031,1.79769313486232e+308,"",1.79769313486232e+308,1.79769313486232e+308,1.79769313486232e+308,1.79769313486232e+308
41,"9/16/99",1,1831131,2,"Crop damage",3840,2,1.79769313486232e+308,1.79769313486232e+308
42,"9/16/99",1,1831231,2,"Crop damage",3160,2,1.79769313486232e+308,1.79769313486232e+308
43,"9/16/99",1,1831339,2,"Crop damage",7500,2,1.79769313486232e+308,1.79769313486232e+308
44,"9/16/99",1,1831339,9,"Loss of money",3000,1,1.79769313486232e+308,1.79769313486232e+308
45,"9/16/99",1,1831439,2,"Crop damage",2240,2,1.79769313486232e+308,1.79769313486232e+308
46,"9/16/99",1,1831439,7,"Damage to house/land due to cyclone",500,2,1.79769313486232e+308,800
47,"9/16/99",1,1831539,1.79769313486232e+308,"",1.79769313486232e+308,1.79769313486232e+308,1.79769313486232e+308,1.79769313486232e+308
48,"9/16/99",1,1831639,5,"Death of cow/buffalo",2500,1,1.79769313486232e+308,1.79769313486232e+308
49,"9/16/99",1,1831739,2,"Crop damage",7360,2,1.79769313486232e+308,1.79769313486232e+308
50,"9/16/99",1,1831739,5,"Death of cow/buffalo",500,1,1.79769313486232e+308,1.79769313486232e+308
51,"9/16/99",1,1831839,1.79769313486232e+308,"",1.79769313486232e+308,1.79769313486232e+308,1.79769313486232e+308,1.79769313486232e+308
52,"9/16/99",1,1831939,7,"Damage to house/land due to cyclone",400,2,1.79769313486232e+308,500
53,"9/16/99",1,1832039,2,"Crop damage",1920,2,1.79769313486232e+308,1.79769313486232e+308
54,"9/16/99",1,1832139,2,"Crop damage",320,2,1.79769313486232e+308,1.79769313486232e+308
55,"9/16/99",1,1832239,2,"Crop damage",7000,2,1.79769313486232e+308,1.79769313486232e+308
1,"9/15/99",1,1840139,1.79769313486232e+308,"",1.79769313486232e+308,1.79769313486232e+308,1.79769313486232e+308,1.79769313486232e+308
27,"9/17/99",1,1840149,7,"Damage to house/land due to cyclone",600,2,21,1.79769313486232e+308
28,"9/17/99",1,1840149,30,"Others",900,2,21,1.79769313486232e+308
34,"9/17/99",1,1840159,2,"Crop damage",5000,2,1.79769313486232e+308,1.79769313486232e+308
2,"9/17/99",1,1840239,7,"Damage to house/land due to cyclone",1000,2,1.79769313486232e+308,1500
3,"9/17/99",1,1840239,16,"Expenditure incurred on court/polic",2000,2,23,12000
29,"9/17/99",1,1840249,1.79769313486232e+308,"",1.79769313486232e+308,1.79769313486232e+308,1.79769313486232e+308,1.79769313486232e+308
35,"9/17/99",1,1840259,2,"Crop damage",19000,10,4,1.79769313486232e+308
4,"9/17/99",1,1840339,7,"Damage to house/land due to cyclone",600,2,1.79769313486232e+308,600
30,"9/17/99",1,1840349,8,"Huge expenditure due to illness",1.79769313486232e+308,2,7,1200
31,"9/17/99",1,1840349,30,"Others",1000,2,1.79769313486232e+308,1.79769313486232e+308
36,"9/17/99",1,1840359,2,"Crop damage",10000,1,1.79769313486232e+308,1.79769313486232e+308
5,"9/17/99",1,1840439,2,"Crop damage",22000,2,1.79769313486232e+308,1.79769313486232e+308
32,"9/17/99",1,1840449,30,"Others",1200,2,21,1.79769313486232e+308
37,"9/17/99",1,1840459,2,"Crop damage",4000,2,1.79769313486232e+308,1.79769313486232e+308
6,"9/17/99",1,1840539,2,"Crop damage",3000,2,1.79769313486232e+308,1.79769313486232e+308
33,"9/17/99",1,1840549,1.79769313486232e+308,"",1.79769313486232e+308,1.79769313486232e+308,1.79769313486232e+308,1.79769313486232e+308
38,"9/17/99",1,1840559,2,"Crop damage",16000,2,1.79769313486232e+308,1.79769313486232e+308
7,"9/17/99",1,1840639,2,"Crop damage",5000,2,1.79769313486232e+308,1.79769313486232e+308
8,"9/17/99",1,1840639,7,"Damage to house/land due to cyclone",1000,2,1.79769313486232e+308,1000
9,"9/17/99",1,1840739,2,"Crop damage",4000,2,1.79769313486232e+308,1.79769313486232e+308
10,"9/17/99",1,1840839,30,"Others",1800,2,1.79769313486232e+308,1.79769313486232e+308
11,"9/17/99",1,1840939,13,"Unnatural death of family member",1500,2,1.79769313486232e+308,8000
12,"9/17/99",1,1841039,3,"Burglery/Theft",6000,2,1.79769313486232e+308,1.79769313486232e+308
13,"9/17/99",1,1841139,30,"Others",25000,2,1.79769313486232e+308,1.79769313486232e+308
14,"9/17/99",1,1841239,2,"Crop damage",10000,2,1.79769313486232e+308,1.79769313486232e+308
15,"9/17/99",1,1841339,2,"Crop damage",9000,2,1.79769313486232e+308,1.79769313486232e+308
16,"9/17/99",1,1841439,2,"Crop damage",6000,2,1.79769313486232e+308,1.79769313486232e+308
17,"9/17/99",1,1841539,9,"Loss of money",1.79769313486232e+308,2,1.79769313486232e+308,4000
18,"9/17/99",1,1841639,1.79769313486232e+308,"",1.79769313486232e+308,1.79769313486232e+308,1.79769313486232e+308,1.79769313486232e+308
19,"9/17/99",1,1841739,8,"Huge expenditure due to illness",1.79769313486232e+308,2,15,10000
20,"9/17/99",1,1841839,2,"Crop damage",1200,2,1.79769313486232e+308,1.79769313486232e+308
21,"9/17/99",1,1841839,8,"Huge expenditure due to illness",300,2,1.79769313486232e+308,300
22,"9/17/99",1,1841939,7,"Damage to house/land due to cyclone",1500,2,1.79769313486232e+308,2100
23,"9/17/99",1,1842039,2,"Crop damage",10240,2,1.79769313486232e+308,1.79769313486232e+308
24,"9/17/99",1,1842039,7,"Damage to house/land due to cyclone",1500,2,1.79769313486232e+308,2000
25,"9/17/99",1,1842139,2,"Crop damage",2200,2,1.79769313486232e+308,1.79769313486232e+308
26,"9/17/99",1,1842139,4,"Theft of cow/buffalo",1500,1,1.79769313486232e+308,1.79769313486232e+308
41,"9/19/99",1,1910141,1.79769313486232e+308,"",1.79769313486232e+308,1.79769313486232e+308,1.79769313486232e+308,1.79769313486232e+308
43,"9/19/99",1,1910151,5,"Death of cow/buffalo",12000,1,1.79769313486232e+308,12000
21,"9/12/99",1,1910231,5,"Death of cow/buffalo",7000,1,1.79769313486232e+308,7000
22,"9/19/99",1,1910232,1.79769313486232e+308,"",1.79769313486232e+308,1.79769313486232e+308,1.79769313486232e+308,1.79769313486232e+308
42,"9/19/99",1,1910241,1.79769313486232e+308,"",1.79769313486232e+308,1.79769313486232e+308,1.79769313486232e+308,1.79769313486232e+308
47,"9/19/99",1,1910251,8,"Huge expenditure due to illness",3000,12,1.79769313486232e+308,3000
23,"9/19/99",1,1910331,8,"Huge expenditure due to illness",2000,4,1.79769313486232e+308,2000
24,"9/19/99",1,1910431,1.79769313486232e+308,"",1.79769313486232e+308,1.79769313486232e+308,1.79769313486232e+308,1.79769313486232e+308
45,"9/19/99",1,1910441,21,"Torture for dowry",1.79769313486232e+308,7,1.79769313486232e+308,3000
48,"9/19/99",1,1910459,8,"Huge expenditure due to illness",7000,3,1.79769313486232e+308,7000
25,"9/19/99",1,1910531,1.79769313486232e+308,"",1.79769313486232e+308,1.79769313486232e+308,1.79769313486232e+308,1.79769313486232e+308
46,"9/19/99",1,1910541,8,"Huge expenditure due to illness",4000,7,1.79769313486232e+308,4000
26,"9/19/99",1,1910631,1.79769313486232e+308,"",1.79769313486232e+308,1.79769313486232e+308,1.79769313486232e+308,1.79769313486232e+308
44,"9/19/99",1,1910641,8,"Huge expenditure due to illness",500,7,1.79769313486232e+308,500
27,"9/19/99",1,1910731,1.79769313486232e+308,"",1.79769313486232e+308,1.79769313486232e+308,1.79769313486232e+308,1.79769313486232e+308
28,"9/19/99",1,1910831,1.79769313486232e+308,"",1.79769313486232e+308,1.79769313486232e+308,1.79769313486232e+308,1.79769313486232e+308
29,"9/19/99",1,1910931,8,"Huge expenditure due to illness",2000,2,1.79769313486232e+308,2000
30,"9/19/99",1,1911031,1.79769313486232e+308,"",1.79769313486232e+308,1.79769313486232e+308,1.79769313486232e+308,1.79769313486232e+308
31,"9/19/99",1,1911231,13,"Unnatural death of family member",1.79769313486232e+308,1,1.79769313486232e+308,3000
32,"9/19/99",1,1911331,1.79769313486232e+308,"",1.79769313486232e+308,1.79769313486232e+308,1.79769313486232e+308,1.79769313486232e+308
33,"9/19/99",1,1911431,4,"Theft of cow/buffalo",12000,1,1.79769313486232e+308,12000
34,"9/19/99",1,1911539,5,"Death of cow/buffalo",10000,1,1.79769313486232e+308,10000
35,"9/19/99",1,1911639,3,"Burglery/Theft",3500,1,1.79769313486232e+308,3500
36,"9/19/99",1,1911739,8,"Huge expenditure due to illness",2000,1,1.79769313486232e+308,2000
37,"9/19/99",1,1911839,1.79769313486232e+308,"",1.79769313486232e+308,1.79769313486232e+308,1.79769313486232e+308,1.79769313486232e+308
38,"9/19/99",1,1911939,1.79769313486232e+308,"",1.79769313486232e+308,1.79769313486232e+308,1.79769313486232e+308,1.79769313486232e+308
39,"9/19/99",1,1912039,8,"Huge expenditure due to illness",4000,7,1.79769313486232e+308,4000
40,"9/19/99",1,1912039,24,"Expenditure for daughter's marriage",8000,2,1.79769313486232e+308,8000
343,"7/04/99",1,1920131,6,"Damage to house/land due to erosion",15000,1,1.79769313486232e+308,1.79769313486232e+308
344,"7/04/99",1,1920131,8,"Huge expenditure due to illness",4000,19,1.79769313486232e+308,4000
378,"7/04/99",1,1920141,6,"Damage to house/land due to erosion",30000,1,1.79769313486232e+308,1.79769313486232e+308
379,"7/04/99",1,1920141,24,"Expenditure for daughter's marriage",1.79769313486232e+308,2,7,45000
385,"7/04/99",1,1920151,5,"Death of cow/buffalo",7000,1,1.79769313486232e+308,1.79769313486232e+308
345,"7/04/99",1,1920231,7,"Damage to house/land due to cyclone",5000,1.79769313486232e+308,1.79769313486232e+308,1.79769313486232e+308
346,"7/04/99",1,1920231,8,"Huge expenditure due to illness",4000,7,19,1.79769313486232e+308
347,"7/04/99",1,1920231,15,"Undue harrassment by police",1000,5,1.79769313486232e+308,1500
348,"7/04/99",1,1920231,16,"Expenditure incurred on court/polic",4000,19,11,1.79769313486232e+308
380,"7/04/99",1,1920241,8,"Huge expenditure due to illness",1500,19,1.79769313486232e+308,1500
386,"7/04/99",1,1920251,6,"Damage to house/land due to erosion",2000,1,1.79769313486232e+308,1.79769313486232e+308
349,"7/04/99",1,1920331,8,"Huge expenditure due to illness",3000,2,1.79769313486232e+308,3000
387,"7/04/99",1,1920351,8,"Huge expenditure due to illness",2000,25,1.79769313486232e+308,2000
350,"7/04/99",1,1920431,6,"Damage to house/land due to erosion",10000,1,1.79769313486232e+308,1.79769313486232e+308
381,"7/04/99",1,1920441,8,"Huge expenditure due to illness",20000,7,2,20000
382,"7/04/99",1,1920441,9,"Loss of money",10000,1,1.79769313486232e+308,1.79769313486232e+308
388,"7/04/99",1,1920459,6,"Damage to house/land due to erosion",30000,1,1.79769313486232e+308,1.79769313486232e+308
351,"7/04/99",1,1920531,1.79769313486232e+308,"",1.79769313486232e+308,1.79769313486232e+308,1.79769313486232e+308,1.79769313486232e+308
383,"7/04/99",1,1920541,1.79769313486232e+308,"",1.79769313486232e+308,1.79769313486232e+308,1.79769313486232e+308,1.79769313486232e+308
352,"7/04/99",1,1920631,8,"Huge expenditure due to illness",4000,2,1.79769313486232e+308,4000
384,"7/04/99",1,1920641,8,"Huge expenditure due to illness",1500,22,1.79769313486232e+308,1500
353,"7/04/99",1,1920731,8,"Huge expenditure due to illness",2500,19,22,2500
354,"7/04/99",1,1920731,9,"Loss of money",5000,1,1.79769313486232e+308,1.79769313486232e+308
355,"7/04/99",1,1920831,1.79769313486232e+308,"",1.79769313486232e+308,1.79769313486232e+308,1.79769313486232e+308,1.79769313486232e+308
356,"7/04/99",1,1920931,8,"Huge expenditure due to illness",2500,25,1.79769313486232e+308,2500
357,"7/04/99",1,1921031,9,"Loss of money",2000,1,1.79769313486232e+308,200
358,"7/04/99",1,1921031,15,"Undue harrassment by police",700,5,1.79769313486232e+308,700
359,"7/04/99",1,1921031,16,"Expenditure incurred on court/polic",1500,5,1.79769313486232e+308,800
360,"7/04/99",1,1921231,1.79769313486232e+308,"",1.79769313486232e+308,1.79769313486232e+308,1.79769313486232e+308,1.79769313486232e+308
361,"7/04/99",1,1921331,6,"Damage to house/land due to erosion",2000,1,1.79769313486232e+308,1.79769313486232e+308
362,"7/04/99",1,1921331,12,"Land related litigation",15000,19,1.79769313486232e+308,15000
363,"7/04/99",1,1921431,8,"Huge expenditure due to illness",8000,19,1.79769313486232e+308,5500
364,"7/04/99",1,1921539,21,"Torture for dowry",1.79769313486232e+308,2,17,4000
365,"7/04/99",1,1921639,13,"Unnatural death of family member",5000,7,1.79769313486232e+308,5000
366,"7/04/99",1,1921639,15,"Undue harrassment by police",3000,6,1.79769313486232e+308,3000
367,"7/04/99",1,1921639,16,"Expenditure incurred on court/polic",4000,5,1.79769313486232e+308,4000
368,"7/04/99",1,1921739,5,"Death of cow/buffalo",4000,1,1.79769313486232e+308,1.79769313486232e+308
369,"7/04/99",1,1921839,8,"Huge expenditure due to illness",1500,23,1.79769313486232e+308,1500
370,"7/04/99",1,1921939,6,"Damage to house/land due to erosion",4000,1,1.79769313486232e+308,1.79769313486232e+308
371,"7/04/99",1,1922039,15,"Undue harrassment by police",3000,7,1.79769313486232e+308,3000
372,"7/04/99",1,1922039,16,"Expenditure incurred on court/polic",4000,6,1.79769313486232e+308,4000
373,"7/04/99",1,1922139,9,"Loss of money",4000,1,1.79769313486232e+308,1.79769313486232e+308
374,"7/04/99",1,1922239,8,"Huge expenditure due to illness",1500,7,1.79769313486232e+308,1500
375,"7/04/99",1,1922339,1,"Death of primary income eraner",1.79769313486232e+308,2,25,7000
376,"7/04/99",1,1922339,24,"Expenditure for daughter's marriage",14000,3,1.79769313486232e+308,14000
377,"7/04/99",1,1922439,6,"Damage to house/land due to erosion",20000,1,1.79769313486232e+308,1.79769313486232e+308
27,"7/11/99",1,1930131,1.79769313486232e+308,"",1.79769313486232e+308,1.79769313486232e+308,1.79769313486232e+308,1.79769313486232e+308
44,"7/11/99",1,1930141,24,"Expenditure for daughter's marriage",8000,5,1.79769313486232e+308,800
50,"7/11/99",1,1930151,1.79769313486232e+308,"",1.79769313486232e+308,1.79769313486232e+308,1.79769313486232e+308,1.79769313486232e+308
28,"7/11/99",1,1930231,1.79769313486232e+308,"",1.79769313486232e+308,1.79769313486232e+308,1.79769313486232e+308,1.79769313486232e+308
45,"7/11/99",1,1930241,1.79769313486232e+308,"",1.79769313486232e+308,1.79769313486232e+308,1.79769313486232e+308,1.79769313486232e+308
51,"7/11/99",1,1930251,8,"Huge expenditure due to illness",4000,1,1.79769313486232e+308,4000
29,"7/11/99",1,1930331,1.79769313486232e+308,"",1.79769313486232e+308,1.79769313486232e+308,1.79769313486232e+308,1.79769313486232e+308
46,"7/11/99",1,1930341,8,"Huge expenditure due to illness",1500,1,1.79769313486232e+308,1500
52,"7/11/99",1,1930351,2,"Crop damage",3000,7,1.79769313486232e+308,3000
53,"7/11/99",1,1930351,8,"Huge expenditure due to illness",1500,1,1.79769313486232e+308,1500
47,"7/11/99",1,1930441,8,"Huge expenditure due to illness",1500,1,1.79769313486232e+308,1500
54,"7/11/99",1,1930459,5,"Death of cow/buffalo",9000,1,1.79769313486232e+308,9000
55,"7/11/99",1,1930459,8,"Huge expenditure due to illness",12000,1,1.79769313486232e+308,12000
30,"7/11/99",1,1930531,8,"Huge expenditure due to illness",700,1,1.79769313486232e+308,700
48,"7/11/99",1,1930541,1.79769313486232e+308,"",1.79769313486232e+308,1.79769313486232e+308,1.79769313486232e+308,1.79769313486232e+308
31,"7/11/99",1,1930631,1.79769313486232e+308,"",1.79769313486232e+308,1.79769313486232e+308,1.79769313486232e+308,1.79769313486232e+308
49,"7/11/99",1,1930641,1.79769313486232e+308,"",1.79769313486232e+308,1.79769313486232e+308,1.79769313486232e+308,1.79769313486232e+308
32,"7/11/99",1,1930731,24,"Expenditure for daughter's marriage",2000,6,1.79769313486232e+308,2000
33,"7/11/99",1,1930831,8,"Huge expenditure due to illness",1500,1,1.79769313486232e+308,1500
34,"7/11/99",1,1930931,2,"Crop damage",10000,1,1.79769313486232e+308,10000
35,"7/11/99",1,1931031,2,"Crop damage",7000,1,1.79769313486232e+308,7000
36,"7/11/99",1,1931031,8,"Huge expenditure due to illness",1500,1,1.79769313486232e+308,1500
37,"7/11/99",1,1931131,30,"Others",3000,1,1.79769313486232e+308,3000
38,"7/11/99",1,1931231,8,"Huge expenditure due to illness",2000,1,1.79769313486232e+308,2000
39,"7/11/99",1,1931232,9,"Loss of money",1500,1,1.79769313486232e+308,1500
40,"7/11/99",1,1931232,20,"Hyjacking",500,1,1.79769313486232e+308,500
41,"7/11/99",1,1931331,1.79769313486232e+308,"",1.79769313486232e+308,1.79769313486232e+308,1.79769313486232e+308,1.79769313486232e+308
42,"7/11/99",1,1931431,2,"Crop damage",7000,1,1.79769313486232e+308,7000
43,"7/11/99",1,1931431,8,"Huge expenditure due to illness",5000,7,1.79769313486232e+308,5000
1,"9/09/99",1,1940139,8,"Huge expenditure due to illness",23000,2,1.79769313486232e+308,23000
17,"9/11/99",1,1940149,1.79769313486232e+308,"",1.79769313486232e+308,1.79769313486232e+308,1.79769313486232e+308,1.79769313486232e+308
22,"9/11/99",1,1940159,1.79769313486232e+308,"",1.79769313486232e+308,1.79769313486232e+308,1.79769313486232e+308,1.79769313486232e+308
2,"9/11/99",1,1940239,1.79769313486232e+308,"",1.79769313486232e+308,1.79769313486232e+308,1.79769313486232e+308,1.79769313486232e+308
18,"9/11/99",1,1940249,1.79769313486232e+308,"",1.79769313486232e+308,1.79769313486232e+308,1.79769313486232e+308,1.79769313486232e+308
23,"9/11/99",1,1940259,1.79769313486232e+308,"",1.79769313486232e+308,1.79769313486232e+308,1.79769313486232e+308,1.79769313486232e+308
3,"9/11/99",1,1940339,1.79769313486232e+308,"",1.79769313486232e+308,1.79769313486232e+308,1.79769313486232e+308,1.79769313486232e+308
19,"9/11/99",1,1940349,1.79769313486232e+308,"",1.79769313486232e+308,1.79769313486232e+308,1.79769313486232e+308,1.79769313486232e+308
24,"9/11/99",1,1940359,1.79769313486232e+308,"",1.79769313486232e+308,1.79769313486232e+308,1.79769313486232e+308,1.79769313486232e+308
4,"9/11/99",1,1940439,1.79769313486232e+308,"",1.79769313486232e+308,1.79769313486232e+308,1.79769313486232e+308,1.79769313486232e+308
20,"9/11/99",1,1940449,1.79769313486232e+308,"",1.79769313486232e+308,1.79769313486232e+308,1.79769313486232e+308,1.79769313486232e+308
25,"9/11/99",1,1940459,1.79769313486232e+308,"",1.79769313486232e+308,1.79769313486232e+308,1.79769313486232e+308,1.79769313486232e+308
5,"9/11/99",1,1940539,1.79769313486232e+308,"",1.79769313486232e+308,1.79769313486232e+308,1.79769313486232e+308,1.79769313486232e+308
21,"9/11/99",1,1940549,1.79769313486232e+308,"",1.79769313486232e+308,1.79769313486232e+308,1.79769313486232e+308,1.79769313486232e+308
26,"9/11/99",1,1940559,1.79769313486232e+308,"",1.79769313486232e+308,1.79769313486232e+308,1.79769313486232e+308,1.79769313486232e+308
6,"9/11/99",1,1940639,1.79769313486232e+308,"",1.79769313486232e+308,1.79769313486232e+308,1.79769313486232e+308,1.79769313486232e+308
7,"9/11/99",1,1940739,1.79769313486232e+308,"",1.79769313486232e+308,1.79769313486232e+308,1.79769313486232e+308,1.79769313486232e+308
8,"9/11/99",1,1940839,1.79769313486232e+308,"",1.79769313486232e+308,1.79769313486232e+308,1.79769313486232e+308,1.79769313486232e+308
9,"9/11/99",1,1940939,1.79769313486232e+308,"",1.79769313486232e+308,1.79769313486232e+308,1.79769313486232e+308,1.79769313486232e+308
10,"9/11/99",1,1941039,1.79769313486232e+308,"",1.79769313486232e+308,1.79769313486232e+308,1.79769313486232e+308,1.79769313486232e+308
11,"9/11/99",1,1941139,8,"Huge expenditure due to illness",10000,2,1.79769313486232e+308,10000
12,"9/11/99",1,1941139,12,"Land related litigation",5000,2,1.79769313486232e+308,5000
13,"9/11/99",1,1941239,1.79769313486232e+308,"",1.79769313486232e+308,1.79769313486232e+308,1.79769313486232e+308,1.79769313486232e+308
14,"9/11/99",1,1941339,1.79769313486232e+308,"",1.79769313486232e+308,1.79769313486232e+308,1.79769313486232e+308,1.79769313486232e+308
15,"9/11/99",1,1941439,1.79769313486232e+308,"",1.79769313486232e+308,1.79769313486232e+308,1.79769313486232e+308,1.79769313486232e+308
16,"9/11/99",1,1941539,1.79769313486232e+308,"",1.79769313486232e+308,1.79769313486232e+308,1.79769313486232e+308,1.79769313486232e+308
85,"10/10/99",1,2010131,1.79769313486232e+308,"",1.79769313486232e+308,1.79769313486232e+308,1.79769313486232e+308,1.79769313486232e+308
106,"10/10/99",1,2010141,2,"Crop damage",7000,1,1.79769313486232e+308,1.79769313486232e+308
107,"10/10/99",1,2010141,7,"Damage to house/land due to cyclone",2000,2,1.79769313486232e+308,52000
114,"10/10/99",1,2010151,2,"Crop damage",4000,1,1.79769313486232e+308,1.79769313486232e+308
115,"10/10/99",1,2010151,7,"Damage to house/land due to cyclone",5000,2,1.79769313486232e+308,8000
86,"10/10/99",1,2010231,1.79769313486232e+308,"",1.79769313486232e+308,1.79769313486232e+308,1.79769313486232e+308,1.79769313486232e+308
108,"10/10/99",1,2010241,1.79769313486232e+308,"",1.79769313486232e+308,1.79769313486232e+308,1.79769313486232e+308,1.79769313486232e+308
116,"10/10/99",1,2010251,7,"Damage to house/land due to cyclone",500,1,1.79769313486232e+308,1.79769313486232e+308
117,"10/10/99",1,2010252,1.79769313486232e+308,"",1.79769313486232e+308,1.79769313486232e+308,1.79769313486232e+308,1.79769313486232e+308
87,"10/10/99",1,2010331,2,"Crop damage",1200,1,1.79769313486232e+308,1.79769313486232e+308
109,"10/10/99",1,2010341,2,"Crop damage",3000,1,1.79769313486232e+308,1.79769313486232e+308
118,"10/10/99",1,2010351,2,"Crop damage",6000,1,1.79769313486232e+308,1.79769313486232e+308
119,"10/10/99",1,2010351,5,"Death of cow/buffalo",6000,1.79769313486232e+308,1.79769313486232e+308,1.79769313486232e+308
88,"10/10/99",1,2010431,1.79769313486232e+308,"",1.79769313486232e+308,1.79769313486232e+308,1.79769313486232e+308,1.79769313486232e+308
110,"10/10/99",1,2010441,5,"Death of cow/buffalo",5000,1,1.79769313486232e+308,1.79769313486232e+308
120,"10/10/99",1,2010459,1.79769313486232e+308,"",1.79769313486232e+308,1.79769313486232e+308,1.79769313486232e+308,1.79769313486232e+308
89,"10/10/99",1,2010531,1.79769313486232e+308,"",1.79769313486232e+308,1.79769313486232e+308,1.79769313486232e+308,1.79769313486232e+308
111,"10/10/99",1,2010541,1.79769313486232e+308,"",1.79769313486232e+308,1.79769313486232e+308,1.79769313486232e+308,1.79769313486232e+308
112,"10/10/99",1,2010542,1.79769313486232e+308,"",1.79769313486232e+308,1.79769313486232e+308,1.79769313486232e+308,1.79769313486232e+308
113,"10/10/99",1,2010543,1.79769313486232e+308,"",1.79769313486232e+308,1.79769313486232e+308,1.79769313486232e+308,1.79769313486232e+308
90,"10/10/99",1,2010631,2,"Crop damage",2400,1,1.79769313486232e+308,1.79769313486232e+308
91,"10/10/99",1,2010731,1.79769313486232e+308,"",1.79769313486232e+308,1.79769313486232e+308,1.79769313486232e+308,1.79769313486232e+308
92,"10/10/99",1,2010831,1.79769313486232e+308,"",1.79769313486232e+308,1.79769313486232e+308,1.79769313486232e+308,1.79769313486232e+308
93,"10/10/99",1,2010931,1.79769313486232e+308,"",1.79769313486232e+308,1.79769313486232e+308,1.79769313486232e+308,1.79769313486232e+308
94,"10/10/99",1,2011031,1.79769313486232e+308,"",1.79769313486232e+308,1.79769313486232e+308,1.79769313486232e+308,1.79769313486232e+308
95,"10/10/99",1,2011131,1.79769313486232e+308,"",1.79769313486232e+308,1.79769313486232e+308,1.79769313486232e+308,1.79769313486232e+308
96,"10/10/99",1,2011132,1.79769313486232e+308,"",1.79769313486232e+308,1.79769313486232e+308,1.79769313486232e+308,1.79769313486232e+308
97,"10/10/99",1,2011231,1.79769313486232e+308,"",1.79769313486232e+308,1.79769313486232e+308,1.79769313486232e+308,1.79769313486232e+308
98,"10/10/99",1,2011339,1.79769313486232e+308,"",1.79769313486232e+308,1.79769313486232e+308,1.79769313486232e+308,1.79769313486232e+308
99,"10/10/99",1,2011439,1.79769313486232e+308,"",1.79769313486232e+308,1.79769313486232e+308,1.79769313486232e+308,1.79769313486232e+308
100,"10/10/99",1,2011539,1.79769313486232e+308,"",1.79769313486232e+308,1.79769313486232e+308,1.79769313486232e+308,1.79769313486232e+308
101,"10/10/99",1,2011639,1.79769313486232e+308,"",1.79769313486232e+308,1.79769313486232e+308,1.79769313486232e+308,1.79769313486232e+308
102,"10/10/99",1,2011739,15,"Undue harrassment by police",4000,2,1.79769313486232e+308,4000
103,"10/10/99",1,2011839,8,"Huge expenditure due to illness",500,2,1.79769313486232e+308,400
104,"10/10/99",1,2011939,1.79769313486232e+308,"",1.79769313486232e+308,1.79769313486232e+308,1.79769313486232e+308,1.79769313486232e+308
105,"10/10/99",1,2012039,1.79769313486232e+308,"",1.79769313486232e+308,1.79769313486232e+308,1.79769313486232e+308,1.79769313486232e+308
39,"9/29/99",1,2020131,2,"Crop damage",8000,17,1.79769313486232e+308,4000
40,"9/29/99",1,2020132,1.79769313486232e+308,"",1.79769313486232e+308,1.79769313486232e+308,1.79769313486232e+308,1.79769313486232e+308
41,"9/29/99",1,2020133,1.79769313486232e+308,"",1.79769313486232e+308,1.79769313486232e+308,1.79769313486232e+308,1.79769313486232e+308
72,"9/29/99",1,2020141,8,"Huge expenditure due to illness",800,2,1.79769313486232e+308,800
78,"9/29/99",1,2020151,30,"Others",80000,1,1.79769313486232e+308,1.79769313486232e+308
42,"9/29/99",1,2020231,1.79769313486232e+308,"",1.79769313486232e+308,1.79769313486232e+308,1.79769313486232e+308,1.79769313486232e+308
43,"9/29/99",1,2020232,1.79769313486232e+308,"",1.79769313486232e+308,1.79769313486232e+308,1.79769313486232e+308,1.79769313486232e+308
73,"9/29/99",1,2020241,8,"Huge expenditure due to illness",1500,18,1.79769313486232e+308,1500
79,"9/29/99",1,2020251,1,"Death of primary income eraner",1.79769313486232e+308,1,1.79769313486232e+308,1.79769313486232e+308
80,"9/29/99",1,2020251,2,"Crop damage",4000,1,1.79769313486232e+308,1.79769313486232e+308
81,"9/29/99",1,2020251,7,"Damage to house/land due to cyclone",2000,2,1.79769313486232e+308,2000
82,"9/29/99",1,2020252,1.79769313486232e+308,"",1.79769313486232e+308,1.79769313486232e+308,1.79769313486232e+308,1.79769313486232e+308
44,"9/29/99",1,2020331,15,"Undue harrassment by police",3000,1.79769313486232e+308,1.79769313486232e+308,1.79769313486232e+308
45,"9/29/99",1,2020332,15,"Undue harrassment by police",3000,2,1.79769313486232e+308,3000
46,"9/29/99",1,2020333,1.79769313486232e+308,"",1.79769313486232e+308,1.79769313486232e+308,1.79769313486232e+308,1.79769313486232e+308
74,"9/29/99",1,2020341,9,"Loss of money",20000,2,1.79769313486232e+308,800
75,"9/29/99",1,2020341,30,"Others",95000,1,1.79769313486232e+308,1.79769313486232e+308
83,"9/29/99",1,2020351,1.79769313486232e+308,"",1.79769313486232e+308,1.79769313486232e+308,1.79769313486232e+308,1.79769313486232e+308
47,"9/29/99",1,2020431,1.79769313486232e+308,"",1.79769313486232e+308,1.79769313486232e+308,1.79769313486232e+308,1.79769313486232e+308
48,"9/29/99",1,2020432,1.79769313486232e+308,"",1.79769313486232e+308,1.79769313486232e+308,1.79769313486232e+308,1.79769313486232e+308
76,"9/29/99",1,2020441,24,"Expenditure for daughter's marriage",1.79769313486232e+308,2,1.79769313486232e+308,2000
84,"9/29/99",1,2020459,2,"Crop damage",2000,1,1.79769313486232e+308,1.79769313486232e+308
49,"9/29/99",1,2020531,1.79769313486232e+308,"",1.79769313486232e+308,1.79769313486232e+308,1.79769313486232e+308,1.79769313486232e+308
77,"9/29/99",1,2020541,7,"Damage to house/land due to cyclone",500,2,1.79769313486232e+308,1.79769313486232e+308
50,"9/29/99",1,2020631,7,"Damage to house/land due to cyclone",3000,18,1.79769313486232e+308,3000
51,"9/29/99",1,2020631,24,"Expenditure for daughter's marriage",15000,2,18,1.79769313486232e+308
52,"9/29/99",1,2020731,1.79769313486232e+308,"",1.79769313486232e+308,1.79769313486232e+308,1.79769313486232e+308,1.79769313486232e+308
53,"9/29/99",1,2020831,1.79769313486232e+308,"",1.79769313486232e+308,1.79769313486232e+308,1.79769313486232e+308,1.79769313486232e+308
54,"9/29/99",1,2020832,1.79769313486232e+308,"",1.79769313486232e+308,1.79769313486232e+308,1.79769313486232e+308,1.79769313486232e+308
55,"9/29/99",1,2020931,1.79769313486232e+308,"",1.79769313486232e+308,1.79769313486232e+308,1.79769313486232e+308,1.79769313486232e+308
56,"9/29/99",1,2020932,1.79769313486232e+308,"",1.79769313486232e+308,1.79769313486232e+308,1.79769313486232e+308,1.79769313486232e+308
57,"9/29/99",1,2021031,1.79769313486232e+308,"",1.79769313486232e+308,1.79769313486232e+308,1.79769313486232e+308,1.79769313486232e+308
58,"9/29/99",1,2021032,1.79769313486232e+308,"",1.79769313486232e+308,1.79769313486232e+308,1.79769313486232e+308,1.79769313486232e+308
59,"9/29/99",1,2021131,1.79769313486232e+308,"",1.79769313486232e+308,1.79769313486232e+308,1.79769313486232e+308,1.79769313486232e+308
60,"9/29/99",1,2021231,1.79769313486232e+308,"",1.79769313486232e+308,1.79769313486232e+308,1.79769313486232e+308,1.79769313486232e+308
61,"9/29/99",1,2021232,1.79769313486232e+308,"",1.79769313486232e+308,1.79769313486232e+308,1.79769313486232e+308,1.79769313486232e+308
62,"9/29/99",1,2021339,1.79769313486232e+308,"",1.79769313486232e+308,1.79769313486232e+308,1.79769313486232e+308,1.79769313486232e+308
63,"9/29/99",1,2021439,1.79769313486232e+308,"",1.79769313486232e+308,1.79769313486232e+308,1.79769313486232e+308,1.79769313486232e+308
64,"9/29/99",1,2021539,2,"Crop damage",1500,1,1.79769313486232e+308,1.79769313486232e+308
65,"9/29/99",1,2021639,1.79769313486232e+308,"",1.79769313486232e+308,1.79769313486232e+308,1.79769313486232e+308,1.79769313486232e+308
66,"9/29/99",1,2021739,1.79769313486232e+308,"",1.79769313486232e+308,1.79769313486232e+308,1.79769313486232e+308,1.79769313486232e+308
67,"9/29/99",1,2021839,16,"Expenditure incurred on court/polic",2000,2,1.79769313486232e+308,2000
68,"9/29/99",1,2021939,8,"Huge expenditure due to illness",1500,2,1.79769313486232e+308,1500
69,"9/29/99",1,2022039,1.79769313486232e+308,"",1.79769313486232e+308,1.79769313486232e+308,1.79769313486232e+308,1.79769313486232e+308
70,"9/29/99",1,2022139,8,"Huge expenditure due to illness",4000,2,1.79769313486232e+308,4000
71,"9/29/99",1,2022239,1.79769313486232e+308,"",1.79769313486232e+308,1.79769313486232e+308,1.79769313486232e+308,1.79769313486232e+308
102,"7/20/99",1,2030131,1.79769313486232e+308,"",1.79769313486232e+308,1.79769313486232e+308,1.79769313486232e+308,1.79769313486232e+308
124,"7/20/99",1,2030141,7,"Damage to house/land due to cyclone",9000,1,1.79769313486232e+308,1.79769313486232e+308
133,"7/20/99",1,2030151,8,"Huge expenditure due to illness",33000,3,22,33000
134,"7/20/99",1,2030152,1.79769313486232e+308,"",1.79769313486232e+308,1.79769313486232e+308,1.79769313486232e+308,1.79769313486232e+308
103,"7/20/99",1,2030231,1.79769313486232e+308,"",1.79769313486232e+308,1.79769313486232e+308,1.79769313486232e+308,1.79769313486232e+308
125,"7/20/99",1,2030241,2,"Crop damage",18000,1,1.79769313486232e+308,1.79769313486232e+308
126,"7/20/99",1,2030241,5,"Death of cow/buffalo",12000,2,1.79769313486232e+308,3200
127,"7/20/99",1,2030241,7,"Damage to house/land due to cyclone",4000,2,1.79769313486232e+308,1000
128,"7/20/99",1,2030241,8,"Huge expenditure due to illness",4700,2,1.79769313486232e+308,1.79769313486232e+308
129,"7/20/99",1,2030241,24,"Expenditure for daughter's marriage",70000,2,5,70000
135,"7/20/99",1,2030251,2,"Crop damage",8000,2,1.79769313486232e+308,4000
136,"7/20/99",1,2030251,8,"Huge expenditure due to illness",6000,2,1.79769313486232e+308,6000
104,"7/20/99",1,2030331,7,"Damage to house/land due to cyclone",2600,1,1.79769313486232e+308,1.79769313486232e+308
105,"7/20/99",1,2030331,30,"Others",3000,1,1.79769313486232e+308,1.79769313486232e+308
130,"7/20/99",1,2030341,30,"Others",12000,2,7,12000
131,"7/20/99",1,2030342,30,"Others",1200,25,1.79769313486232e+308,1200
137,"7/20/99",1,2030351,2,"Crop damage",8800,5,24,1000
138,"7/20/99",1,2030351,8,"Huge expenditure due to illness",20000,17,25,20000
106,"7/20/99",1,2030431,7,"Damage to house/land due to cyclone",1500,2,1.79769313486232e+308,1500
107,"7/20/99",1,2030431,30,"Others",700,1,1.79769313486232e+308,1.79769313486232e+308
108,"7/20/99",1,2030432,7,"Damage to house/land due to cyclone",1200,2,5,1200
109,"7/20/99",1,2030432,8,"Huge expenditure due to illness",1000,2,5,1000
132,"7/20/99",1,2030441,7,"Damage to house/land due to cyclone",3200,25,1.79769313486232e+308,3200
139,"7/20/99",1,2030459,2,"Crop damage",7000,1,1.79769313486232e+308,1.79769313486232e+308
110,"7/20/99",1,2030531,2,"Crop damage",8000,17,1.79769313486232e+308,2700
111,"7/20/99",1,2030731,1.79769313486232e+308,"",1.79769313486232e+308,1.79769313486232e+308,1.79769313486232e+308,1.79769313486232e+308
112,"7/20/99",1,2030831,8,"Huge expenditure due to illness",7000,3,7,7000
113,"7/20/99",1,2030931,1.79769313486232e+308,"",1.79769313486232e+308,1.79769313486232e+308,1.79769313486232e+308,1.79769313486232e+308
114,"7/20/99",1,2031031,24,"Expenditure for daughter's marriage",14000,1.79769313486232e+308,1.79769313486232e+308,14000
115,"7/20/99",1,2031131,1.79769313486232e+308,"",1.79769313486232e+308,1.79769313486232e+308,1.79769313486232e+308,1.79769313486232e+308
116,"7/20/99",1,2031231,1.79769313486232e+308,"",1.79769313486232e+308,1.79769313486232e+308,1.79769313486232e+308,1.79769313486232e+308
117,"7/20/99",1,2031339,2,"Crop damage",6000,2,1.79769313486232e+308,6000
118,"7/20/99",1,2031339,5,"Death of cow/buffalo",2000,1,1.79769313486232e+308,1.79769313486232e+308
119,"7/20/99",1,2031339,7,"Damage to house/land due to cyclone",1500,2,5,1500
120,"7/20/99",1,2031339,30,"Others",1800,2,5,1500
121,"7/20/99",1,2031439,1.79769313486232e+308,"",1.79769313486232e+308,1.79769313486232e+308,1.79769313486232e+308,1.79769313486232e+308
122,"7/20/99",1,2031539,7,"Damage to house/land due to cyclone",3000,1,1.79769313486232e+308,1.79769313486232e+308
123,"7/20/99",1,2031639,30,"Others",540,1,1.79769313486232e+308,1.79769313486232e+308
204,"6/23/99",1,2110131,2,"Crop damage",7200,2,1.79769313486232e+308,3000
226,"6/23/99",1,2110141,1.79769313486232e+308,"",1.79769313486232e+308,1.79769313486232e+308,1.79769313486232e+308,1.79769313486232e+308
227,"6/23/99",1,2110142,1.79769313486232e+308,"",1.79769313486232e+308,1.79769313486232e+308,1.79769313486232e+308,1.79769313486232e+308
233,"6/23/99",1,2110151,1.79769313486232e+308,"",1.79769313486232e+308,1.79769313486232e+308,1.79769313486232e+308,1.79769313486232e+308
205,"6/23/99",1,2110231,1.79769313486232e+308,"",1.79769313486232e+308,1.79769313486232e+308,1.79769313486232e+308,1.79769313486232e+308
228,"6/23/99",1,2110241,8,"Huge expenditure due to illness",2000,20,1.79769313486232e+308,2000
229,"6/23/99",1,2110242,1.79769313486232e+308,"",1.79769313486232e+308,1.79769313486232e+308,1.79769313486232e+308,1.79769313486232e+308
234,"6/23/99",1,2110251,2,"Crop damage",25000,22,1.79769313486232e+308,8000
206,"6/23/99",1,2110331,1.79769313486232e+308,"",1.79769313486232e+308,1.79769313486232e+308,1.79769313486232e+308,1.79769313486232e+308
230,"6/23/99",1,2110341,2,"Crop damage",3600,23,1.79769313486232e+308,3000
235,"6/23/99",1,2110351,2,"Crop damage",25000,5,18,20000
207,"6/23/99",1,2110431,7,"Damage to house/land due to cyclone",1500,15,1.79769313486232e+308,1000
231,"6/23/99",1,2110441,1.79769313486232e+308,"",1.79769313486232e+308,1.79769313486232e+308,1.79769313486232e+308,1.79769313486232e+308
236,"6/23/99",1,2110459,2,"Crop damage",20000,7,12,11700
237,"6/23/99",1,2110459,5,"Death of cow/buffalo",5000,1,1.79769313486232e+308,0
208,"6/23/99",1,2110531,1.79769313486232e+308,"",1.79769313486232e+308,1.79769313486232e+308,1.79769313486232e+308,1.79769313486232e+308
232,"6/23/99",1,2110541,2,"Crop damage",12000,5,1.79769313486232e+308,2000
209,"6/23/99",1,2110631,24,"Expenditure for daughter's marriage",25000,17,18,19000
210,"6/23/99",1,2110731,1.79769313486232e+308,"",1.79769313486232e+308,1.79769313486232e+308,1.79769313486232e+308,1.79769313486232e+308
211,"6/23/99",1,2110831,21,"Torture for dowry",1.79769313486232e+308,4,2,15000
212,"6/23/99",1,2110831,24,"Expenditure for daughter's marriage",4000,2,1.79769313486232e+308,4000
213,"6/23/99",1,2110832,1.79769313486232e+308,"",1.79769313486232e+308,1.79769313486232e+308,1.79769313486232e+308,1.79769313486232e+308
214,"6/23/99",1,2110931,8,"Huge expenditure due to illness",15000,18,22,8000
215,"6/23/99",1,2111031,2,"Crop damage",3600,7,1.79769313486232e+308,2000
216,"6/23/99",1,2111131,2,"Crop damage",7200,23,1.79769313486232e+308,3000
217,"6/23/99",1,2111231,21,"Torture for dowry",1.79769313486232e+308,4,2,10000
218,"6/23/99",1,2111232,7,"Damage to house/land due to cyclone",1500,2,5,15000
219,"6/23/99",1,2111233,9,"Loss of money",1000,1,1.79769313486232e+308,0
220,"6/23/99",1,2111339,1.79769313486232e+308,"",1.79769313486232e+308,1.79769313486232e+308,1.79769313486232e+308,1.79769313486232e+308
221,"6/23/99",1,2111439,1.79769313486232e+308,"",1.79769313486232e+308,1.79769313486232e+308,1.79769313486232e+308,1.79769313486232e+308
222,"6/23/99",1,2111539,8,"Huge expenditure due to illness",5000,7,1.79769313486232e+308,5000
223,"6/23/99",1,2111639,1.79769313486232e+308,"",1.79769313486232e+308,1.79769313486232e+308,1.79769313486232e+308,1.79769313486232e+308
224,"6/23/99",1,2111739,8,"Huge expenditure due to illness",4000,18,19,4000
225,"6/23/99",1,2111839,8,"Huge expenditure due to illness",2000,22,1.79769313486232e+308,2000
19,"8/03/95",1,2120131,2,"Crop damage",5000,2,1.79769313486232e+308,3000
6,"6/19/99",1,2120141,1.79769313486232e+308,"",1.79769313486232e+308,1.79769313486232e+308,1.79769313486232e+308,1.79769313486232e+308
7,"6/19/99",1,2120142,1.79769313486232e+308,"",1.79769313486232e+308,1.79769313486232e+308,1.79769313486232e+308,1.79769313486232e+308
13,"6/19/99",1,2120151,11,"Threat of evacaution from land",1.79769313486232e+308,2,3,15000
20,"8/03/95",1,2120231,3,"Burglery/Theft",3000,2,1.79769313486232e+308,1200
21,"8/03/95",1,2120231,21,"Torture for dowry",1.79769313486232e+308,18,1.79769313486232e+308,4000
8,"6/19/99",1,2120241,1.79769313486232e+308,"",1.79769313486232e+308,1.79769313486232e+308,1.79769313486232e+308,1.79769313486232e+308
14,"6/19/99",1,2120251,2,"Death of primary income eraner",33000,18,1.79769313486232e+308,28000
15,"6/19/99",1,2120251,3,"Crop damage",1200,7,1.79769313486232e+308,1000
22,"8/03/95",1,2120331,1.79769313486232e+308,"",1.79769313486232e+308,1.79769313486232e+308,1.79769313486232e+308,1.79769313486232e+308
9,"6/19/99",1,2120341,11,"Threat of evacaution from land",1.79769313486232e+308,4,1.79769313486232e+308,4400
10,"6/19/99",1,2120342,1.79769313486232e+308,"",1.79769313486232e+308,1.79769313486232e+308,1.79769313486232e+308,1.79769313486232e+308
16,"6/19/99",1,2120351,1.79769313486232e+308,"",1.79769313486232e+308,1.79769313486232e+308,1.79769313486232e+308,1.79769313486232e+308
17,"6/19/99",1,2120352,1.79769313486232e+308,"",1.79769313486232e+308,1.79769313486232e+308,1.79769313486232e+308,1.79769313486232e+308
23,"8/03/95",1,2120431,1.79769313486232e+308,"",1.79769313486232e+308,1.79769313486232e+308,1.79769313486232e+308,1.79769313486232e+308
11,"6/19/99",1,2120441,1.79769313486232e+308,"",1.79769313486232e+308,1.79769313486232e+308,1.79769313486232e+308,1.79769313486232e+308
18,"6/19/99",1,2120459,1.79769313486232e+308,"",1.79769313486232e+308,1.79769313486232e+308,1.79769313486232e+308,1.79769313486232e+308
24,"8/03/95",1,2120531,2,"Crop damage",1200,2,1.79769313486232e+308,1200
12,"6/19/99",1,2120541,1.79769313486232e+308,"",1.79769313486232e+308,1.79769313486232e+308,1.79769313486232e+308,1.79769313486232e+308
25,"8/03/95",1,2120631,1.79769313486232e+308,"",1.79769313486232e+308,1.79769313486232e+308,1.79769313486232e+308,1.79769313486232e+308
26,"8/03/95",1,2120731,8,"Huge expenditure due to illness",2500,18,20,1500
27,"8/03/95",1,2120831,16,"Expenditure incurred on court/polic",8000,22,23,8000
28,"8/03/95",1,2120831,21,"Torture for dowry",1.79769313486232e+308,18,1.79769313486232e+308,11500
29,"8/03/95",1,2120831,24,"Expenditure for daughter's marriage",5000,18,1.79769313486232e+308,5000
30,"8/03/95",1,2120931,1.79769313486232e+308,"",1.79769313486232e+308,1.79769313486232e+308,1.79769313486232e+308,1.79769313486232e+308
31,"8/03/95",1,2120932,8,"Huge expenditure due to illness",2200,2,15,2200
32,"8/03/95",1,2120933,1.79769313486232e+308,"",1.79769313486232e+308,1.79769313486232e+308,1.79769313486232e+308,1.79769313486232e+308
33,"8/03/95",1,2121031,16,"Expenditure incurred on court/polic",6000,2,7,6000
34,"8/03/95",1,2121131,1.79769313486232e+308,"",1.79769313486232e+308,1.79769313486232e+308,1.79769313486232e+308,1.79769313486232e+308
35,"8/03/95",1,2121231,1.79769313486232e+308,"",1.79769313486232e+308,1.79769313486232e+308,1.79769313486232e+308,1.79769313486232e+308
36,"8/03/95",1,2121232,1.79769313486232e+308,"",1.79769313486232e+308,1.79769313486232e+308,1.79769313486232e+308,1.79769313486232e+308
37,"8/03/95",1,2121339,1.79769313486232e+308,"",1.79769313486232e+308,1.79769313486232e+308,1.79769313486232e+308,1.79769313486232e+308
1,"7/29/95",1,2121439,11,"Threat of evacaution from land",1.79769313486232e+308,5,21,15000
2,"6/19/99",1,2121539,1,"Death of primary income eraner",1.79769313486232e+308,15,1.79769313486232e+308,5000
3,"6/19/99",1,2121639,24,"Expenditure for daughter's marriage",10000,2,4,10000
4,"6/19/99",1,2121739,1.79769313486232e+308,"",1.79769313486232e+308,1.79769313486232e+308,1.79769313486232e+308,1.79769313486232e+308
5,"6/19/99",1,2121839,1.79769313486232e+308,"",1.79769313486232e+308,1.79769313486232e+308,1.79769313486232e+308,1.79769313486232e+308
137,"8/30/99",1,2130131,1.79769313486232e+308,"",1.79769313486232e+308,1.79769313486232e+308,1.79769313486232e+308,1.79769313486232e+308
164,"8/30/99",1,2130141,1.79769313486232e+308,"",1.79769313486232e+308,1.79769313486232e+308,1.79769313486232e+308,1.79769313486232e+308
170,"8/30/99",1,2130151,1.79769313486232e+308,"",1.79769313486232e+308,1.79769313486232e+308,1.79769313486232e+308,1.79769313486232e+308
138,"8/30/99",1,2130231,1.79769313486232e+308,"",1.79769313486232e+308,1.79769313486232e+308,1.79769313486232e+308,1.79769313486232e+308
165,"8/30/99",1,2130241,1.79769313486232e+308,"",1.79769313486232e+308,1.79769313486232e+308,1.79769313486232e+308,1.79769313486232e+308
166,"8/30/99",1,2130242,1.79769313486232e+308,"",1.79769313486232e+308,1.79769313486232e+308,1.79769313486232e+308,1.79769313486232e+308
139,"8/30/99",1,2130331,10,"Evacuation from land",4500,1,1,1.79769313486232e+308
167,"8/30/99",1,2130341,3,"Burglery/Theft",1200,1,1,1.79769313486232e+308
171,"8/30/99",1,2130351,1,"Death of primary income eraner",1.79769313486232e+308,12,22,4200
140,"8/30/99",1,2130431,24,"Expenditure for daughter's marriage",20000,4,18,20000
141,"8/30/99",1,2130432,1.79769313486232e+308,"",1.79769313486232e+308,1.79769313486232e+308,1.79769313486232e+308,1.79769313486232e+308
168,"8/30/99",1,2130441,1.79769313486232e+308,"",1.79769313486232e+308,1.79769313486232e+308,1.79769313486232e+308,1.79769313486232e+308
172,"8/30/99",1,2130459,2,"Crop damage",10000,2,5,500
142,"8/30/99",1,2130531,30,"Others",10500,7,1.79769313486232e+308,6000
169,"8/30/99",1,2130541,1.79769313486232e+308,"",1.79769313486232e+308,1.79769313486232e+308,1.79769313486232e+308,1.79769313486232e+308
143,"8/30/99",1,2130631,1.79769313486232e+308,"",1.79769313486232e+308,1.79769313486232e+308,1.79769313486232e+308,1.79769313486232e+308
144,"8/30/99",1,2130731,8,"Huge expenditure due to illness",26000,2,4,26000
145,"8/30/99",1,2130831,1.79769313486232e+308,"",1.79769313486232e+308,1.79769313486232e+308,1.79769313486232e+308,1.79769313486232e+308
146,"8/30/99",1,2130832,3,"Burglery/Theft",1500,5,1.79769313486232e+308,1500
147,"8/30/99",1,2130931,6,"Damage to house/land due to erosion",3000,2,5,300
148,"8/30/99",1,2130932,1.79769313486232e+308,"",1.79769313486232e+308,1.79769313486232e+308,1.79769313486232e+308,1.79769313486232e+308
149,"8/30/99",1,2130933,1.79769313486232e+308,"",1.79769313486232e+308,1.79769313486232e+308,1.79769313486232e+308,1.79769313486232e+308
150,"8/30/99",1,2130934,1.79769313486232e+308,"",1.79769313486232e+308,1.79769313486232e+308,1.79769313486232e+308,1.79769313486232e+308
151,"8/30/99",1,2131031,1.79769313486232e+308,"",1.79769313486232e+308,1.79769313486232e+308,1.79769313486232e+308,1.79769313486232e+308
152,"8/30/99",1,2131131,1.79769313486232e+308,"",1.79769313486232e+308,1.79769313486232e+308,1.79769313486232e+308,1.79769313486232e+308
153,"8/30/99",1,2131132,15,"Undue harrassment by police",12000,2,22,1200
154,"8/30/99",1,2131231,1.79769313486232e+308,"",1.79769313486232e+308,1.79769313486232e+308,1.79769313486232e+308,1.79769313486232e+308
155,"8/30/99",1,2131339,5,"Death of cow/buffalo",6000,2,4,6000
156,"8/30/99",1,2131439,1.79769313486232e+308,"",1.79769313486232e+308,1.79769313486232e+308,1.79769313486232e+308,1.79769313486232e+308
157,"8/30/99",1,2131539,3,"Burglery/Theft",3500,5,1.79769313486232e+308,3500
158,"8/30/99",1,2131639,1.79769313486232e+308,"",1.79769313486232e+308,1.79769313486232e+308,1.79769313486232e+308,1.79769313486232e+308
159,"8/30/99",1,2131739,1.79769313486232e+308,"",1.79769313486232e+308,1.79769313486232e+308,1.79769313486232e+308,1.79769313486232e+308
160,"8/30/99",1,2131839,1.79769313486232e+308,"",1.79769313486232e+308,1.79769313486232e+308,1.79769313486232e+308,1.79769313486232e+308
161,"8/30/99",1,2131939,1.79769313486232e+308,"",1.79769313486232e+308,1.79769313486232e+308,1.79769313486232e+308,1.79769313486232e+308
162,"8/30/99",1,2132039,8,"Huge expenditure due to illness",5000,2,1.79769313486232e+308,5000
163,"8/30/99",1,2132139,1.79769313486232e+308,"",1.79769313486232e+308,1.79769313486232e+308,1.79769313486232e+308,1.79769313486232e+308
51,"8/09/99",1,2210131,1.79769313486232e+308,"",1.79769313486232e+308,1.79769313486232e+308,1.79769313486232e+308,1.79769313486232e+308
77,"8/09/99",1,2210141,1.79769313486232e+308,"",1.79769313486232e+308,1.79769313486232e+308,1.79769313486232e+308,1.79769313486232e+308
85,"8/09/99",1,2210151,1.79769313486232e+308,"",1.79769313486232e+308,1.79769313486232e+308,1.79769313486232e+308,1.79769313486232e+308
52,"8/09/99",1,2210231,1.79769313486232e+308,"",1.79769313486232e+308,1.79769313486232e+308,1.79769313486232e+308,1.79769313486232e+308
78,"8/09/99",1,2210241,1.79769313486232e+308,"",1.79769313486232e+308,1.79769313486232e+308,1.79769313486232e+308,1.79769313486232e+308
86,"8/09/99",1,2210251,1.79769313486232e+308,"",1.79769313486232e+308,1.79769313486232e+308,1.79769313486232e+308,1.79769313486232e+308
87,"8/09/99",1,2210252,1.79769313486232e+308,"",1.79769313486232e+308,1.79769313486232e+308,1.79769313486232e+308,1.79769313486232e+308
88,"8/09/99",1,2210253,1.79769313486232e+308,"",1.79769313486232e+308,1.79769313486232e+308,1.79769313486232e+308,1.79769313486232e+308
53,"8/09/99",1,2210331,1.79769313486232e+308,"",1.79769313486232e+308,1.79769313486232e+308,1.79769313486232e+308,1.79769313486232e+308
79,"8/09/99",1,2210341,1.79769313486232e+308,"",1.79769313486232e+308,1.79769313486232e+308,1.79769313486232e+308,1.79769313486232e+308
89,"8/09/99",1,2210351,1.79769313486232e+308,"",1.79769313486232e+308,1.79769313486232e+308,1.79769313486232e+308,1.79769313486232e+308
54,"8/09/99",1,2210431,1.79769313486232e+308,"",1.79769313486232e+308,1.79769313486232e+308,1.79769313486232e+308,1.79769313486232e+308
80,"8/09/99",1,2210441,1.79769313486232e+308,"",1.79769313486232e+308,1.79769313486232e+308,1.79769313486232e+308,1.79769313486232e+308
90,"8/09/99",1,2210459,1.79769313486232e+308,"",1.79769313486232e+308,1.79769313486232e+308,1.79769313486232e+308,1.79769313486232e+308
55,"8/09/99",1,2210531,1.79769313486232e+308,"",1.79769313486232e+308,1.79769313486232e+308,1.79769313486232e+308,1.79769313486232e+308
81,"8/09/99",1,2210541,1.79769313486232e+308,"",1.79769313486232e+308,1.79769313486232e+308,1.79769313486232e+308,1.79769313486232e+308
82,"8/09/99",1,2210542,1.79769313486232e+308,"",1.79769313486232e+308,1.79769313486232e+308,1.79769313486232e+308,1.79769313486232e+308
83,"8/09/99",1,2210543,1.79769313486232e+308,"",1.79769313486232e+308,1.79769313486232e+308,1.79769313486232e+308,1.79769313486232e+308
56,"8/09/99",1,2210631,1.79769313486232e+308,"",1.79769313486232e+308,1.79769313486232e+308,1.79769313486232e+308,1.79769313486232e+308
84,"8/09/99",1,2210641,1.79769313486232e+308,"",1.79769313486232e+308,1.79769313486232e+308,1.79769313486232e+308,1.79769313486232e+308
57,"8/09/99",1,2210731,1.79769313486232e+308,"",1.79769313486232e+308,1.79769313486232e+308,1.79769313486232e+308,1.79769313486232e+308
58,"8/09/99",1,2210831,1.79769313486232e+308,"",1.79769313486232e+308,1.79769313486232e+308,1.79769313486232e+308,1.79769313486232e+308
59,"8/09/99",1,2210931,1.79769313486232e+308,"",1.79769313486232e+308,1.79769313486232e+308,1.79769313486232e+308,1.79769313486232e+308
60,"8/09/99",1,2211031,1.79769313486232e+308,"",1.79769313486232e+308,1.79769313486232e+308,1.79769313486232e+308,1.79769313486232e+308
61,"8/09/99",1,2211131,1.79769313486232e+308,"",1.79769313486232e+308,1.79769313486232e+308,1.79769313486232e+308,1.79769313486232e+308
62,"8/09/99",1,2211231,1.79769313486232e+308,"",1.79769313486232e+308,1.79769313486232e+308,1.79769313486232e+308,1.79769313486232e+308
63,"8/09/99",1,2211331,1.79769313486232e+308,"",1.79769313486232e+308,1.79769313486232e+308,1.79769313486232e+308,1.79769313486232e+308
64,"8/09/99",1,2211431,1.79769313486232e+308,"",1.79769313486232e+308,1.79769313486232e+308,1.79769313486232e+308,1.79769313486232e+308
65,"8/09/99",1,2211539,1.79769313486232e+308,"",1.79769313486232e+308,1.79769313486232e+308,1.79769313486232e+308,1.79769313486232e+308
66,"8/09/99",1,2211639,1.79769313486232e+308,"",1.79769313486232e+308,1.79769313486232e+308,1.79769313486232e+308,1.79769313486232e+308
67,"8/09/99",1,2211739,1.79769313486232e+308,"",1.79769313486232e+308,1.79769313486232e+308,1.79769313486232e+308,1.79769313486232e+308
68,"8/09/99",1,2211839,1.79769313486232e+308,"",1.79769313486232e+308,1.79769313486232e+308,1.79769313486232e+308,1.79769313486232e+308
69,"8/09/99",1,2211939,1.79769313486232e+308,"",1.79769313486232e+308,1.79769313486232e+308,1.79769313486232e+308,1.79769313486232e+308
70,"8/09/99",1,2212039,1.79769313486232e+308,"",1.79769313486232e+308,1.79769313486232e+308,1.79769313486232e+308,1.79769313486232e+308
71,"8/09/99",1,2212139,1.79769313486232e+308,"",1.79769313486232e+308,1.79769313486232e+308,1.79769313486232e+308,1.79769313486232e+308
72,"8/09/99",1,2212239,1.79769313486232e+308,"",1.79769313486232e+308,1.79769313486232e+308,1.79769313486232e+308,1.79769313486232e+308
73,"8/09/99",1,2212339,1.79769313486232e+308,"",1.79769313486232e+308,1.79769313486232e+308,1.79769313486232e+308,1.79769313486232e+308
74,"8/09/99",1,2212439,1.79769313486232e+308,"",1.79769313486232e+308,1.79769313486232e+308,1.79769313486232e+308,1.79769313486232e+308
75,"8/09/99",1,2212539,1.79769313486232e+308,"",1.79769313486232e+308,1.79769313486232e+308,1.79769313486232e+308,1.79769313486232e+308
76,"8/09/99",1,2212639,1.79769313486232e+308,"",1.79769313486232e+308,1.79769313486232e+308,1.79769313486232e+308,1.79769313486232e+308
1,"9/04/99",1,2220131,1.79769313486232e+308,"",1.79769313486232e+308,1.79769313486232e+308,1.79769313486232e+308,1.79769313486232e+308
28,"9/04/99",1,2220141,1.79769313486232e+308,"",1.79769313486232e+308,1.79769313486232e+308,1.79769313486232e+308,1.79769313486232e+308
34,"9/04/99",1,2220151,1.79769313486232e+308,"",1.79769313486232e+308,1.79769313486232e+308,1.79769313486232e+308,1.79769313486232e+308
35,"9/04/99",1,2220152,1.79769313486232e+308,"",1.79769313486232e+308,1.79769313486232e+308,1.79769313486232e+308,1.79769313486232e+308
36,"9/04/99",1,2220153,1.79769313486232e+308,"",1.79769313486232e+308,1.79769313486232e+308,1.79769313486232e+308,1.79769313486232e+308
37,"9/04/99",1,2220154,1.79769313486232e+308,"",1.79769313486232e+308,1.79769313486232e+308,1.79769313486232e+308,1.79769313486232e+308
2,"9/04/99",1,2220231,1.79769313486232e+308,"",1.79769313486232e+308,1.79769313486232e+308,1.79769313486232e+308,1.79769313486232e+308
3,"9/04/99",1,2220232,1.79769313486232e+308,"",1.79769313486232e+308,1.79769313486232e+308,1.79769313486232e+308,1.79769313486232e+308
4,"9/04/99",1,2220233,1.79769313486232e+308,"",1.79769313486232e+308,1.79769313486232e+308,1.79769313486232e+308,1.79769313486232e+308
29,"9/04/99",1,2220241,1.79769313486232e+308,"",1.79769313486232e+308,1.79769313486232e+308,1.79769313486232e+308,1.79769313486232e+308
38,"9/04/99",1,2220251,1.79769313486232e+308,"",1.79769313486232e+308,1.79769313486232e+308,1.79769313486232e+308,1.79769313486232e+308
30,"9/04/99",1,2220341,1.79769313486232e+308,"",1.79769313486232e+308,1.79769313486232e+308,1.79769313486232e+308,1.79769313486232e+308
39,"9/04/99",1,2220351,9,"Loss of money",180000,12,4,180000
5,"9/04/99",1,2220431,1.79769313486232e+308,"",1.79769313486232e+308,1.79769313486232e+308,1.79769313486232e+308,1.79769313486232e+308
31,"9/04/99",1,2220441,1.79769313486232e+308,"",1.79769313486232e+308,1.79769313486232e+308,1.79769313486232e+308,1.79769313486232e+308
32,"9/04/99",1,2220442,1.79769313486232e+308,"",1.79769313486232e+308,1.79769313486232e+308,1.79769313486232e+308,1.79769313486232e+308
40,"9/04/99",1,2220459,1.79769313486232e+308,"",1.79769313486232e+308,1.79769313486232e+308,1.79769313486232e+308,1.79769313486232e+308
6,"9/04/99",1,2220531,1.79769313486232e+308,"",1.79769313486232e+308,1.79769313486232e+308,1.79769313486232e+308,1.79769313486232e+308
7,"9/04/99",1,2220532,1.79769313486232e+308,"",1.79769313486232e+308,1.79769313486232e+308,1.79769313486232e+308,1.79769313486232e+308
8,"9/04/99",1,2220533,1.79769313486232e+308,"",1.79769313486232e+308,1.79769313486232e+308,1.79769313486232e+308,1.79769313486232e+308
9,"9/04/99",1,2220631,1.79769313486232e+308,"",1.79769313486232e+308,1.79769313486232e+308,1.79769313486232e+308,1.79769313486232e+308
33,"9/04/99",1,2220641,1.79769313486232e+308,"",1.79769313486232e+308,1.79769313486232e+308,1.79769313486232e+308,1.79769313486232e+308
10,"9/04/99",1,2220731,1.79769313486232e+308,"",1.79769313486232e+308,1.79769313486232e+308,1.79769313486232e+308,1.79769313486232e+308
11,"9/04/99",1,2220831,1.79769313486232e+308,"",1.79769313486232e+308,1.79769313486232e+308,1.79769313486232e+308,1.79769313486232e+308
12,"9/04/99",1,2220931,1.79769313486232e+308,"",1.79769313486232e+308,1.79769313486232e+308,1.79769313486232e+308,1.79769313486232e+308
13,"9/04/99",1,2221031,1.79769313486232e+308,"",1.79769313486232e+308,1.79769313486232e+308,1.79769313486232e+308,1.79769313486232e+308
14,"9/04/99",1,2221131,1.79769313486232e+308,"",1.79769313486232e+308,1.79769313486232e+308,1.79769313486232e+308,1.79769313486232e+308
15,"9/04/99",1,2221231,1.79769313486232e+308,"",1.79769313486232e+308,1.79769313486232e+308,1.79769313486232e+308,1.79769313486232e+308
16,"9/04/99",1,2221331,1.79769313486232e+308,"",1.79769313486232e+308,1.79769313486232e+308,1.79769313486232e+308,1.79769313486232e+308
17,"9/04/99",1,2221431,1.79769313486232e+308,"",1.79769313486232e+308,1.79769313486232e+308,1.79769313486232e+308,1.79769313486232e+308
18,"9/04/99",1,2221539,1.79769313486232e+308,"",1.79769313486232e+308,1.79769313486232e+308,1.79769313486232e+308,1.79769313486232e+308
19,"9/04/99",1,2221639,1.79769313486232e+308,"",1.79769313486232e+308,1.79769313486232e+308,1.79769313486232e+308,1.79769313486232e+308
20,"9/04/99",1,2221739,1.79769313486232e+308,"",1.79769313486232e+308,1.79769313486232e+308,1.79769313486232e+308,1.79769313486232e+308
21,"9/04/99",1,2221839,1.79769313486232e+308,"",1.79769313486232e+308,1.79769313486232e+308,1.79769313486232e+308,1.79769313486232e+308
22,"9/04/99",1,2221939,1.79769313486232e+308,"",1.79769313486232e+308,1.79769313486232e+308,1.79769313486232e+308,1.79769313486232e+308
23,"9/04/99",1,2222039,1.79769313486232e+308,"",1.79769313486232e+308,1.79769313486232e+308,1.79769313486232e+308,1.79769313486232e+308
24,"9/04/99",1,2222139,1.79769313486232e+308,"",1.79769313486232e+308,1.79769313486232e+308,1.79769313486232e+308,1.79769313486232e+308
25,"9/04/99",1,2222239,1.79769313486232e+308,"",1.79769313486232e+308,1.79769313486232e+308,1.79769313486232e+308,1.79769313486232e+308
26,"9/04/99",1,2222339,1.79769313486232e+308,"",1.79769313486232e+308,1.79769313486232e+308,1.79769313486232e+308,1.79769313486232e+308
27,"9/04/99",1,2222439,1.79769313486232e+308,"",1.79769313486232e+308,1.79769313486232e+308,1.79769313486232e+308,1.79769313486232e+308
194,"6/17/99",1,2230131,16,"Expenditure incurred on court/polic",1.79769313486232e+308,5,14,41000
195,"6/22/99",1,2230132,1.79769313486232e+308,"",1.79769313486232e+308,1.79769313486232e+308,1.79769313486232e+308,1.79769313486232e+308
223,"6/22/99",1,2230141,1.79769313486232e+308,"",1.79769313486232e+308,1.79769313486232e+308,1.79769313486232e+308,1.79769313486232e+308
229,"6/22/99",1,2230151,1.79769313486232e+308,"",1.79769313486232e+308,1.79769313486232e+308,1.79769313486232e+308,1.79769313486232e+308
196,"6/22/99",1,2230231,1.79769313486232e+308,"",1.79769313486232e+308,1.79769313486232e+308,1.79769313486232e+308,1.79769313486232e+308
197,"6/22/99",1,2230232,1.79769313486232e+308,"",1.79769313486232e+308,1.79769313486232e+308,1.79769313486232e+308,1.79769313486232e+308
224,"6/22/99",1,2230241,8,"Huge expenditure due to illness",1.79769313486232e+308,2,1.79769313486232e+308,1500
230,"6/22/99",1,2230251,1.79769313486232e+308,"",1.79769313486232e+308,1.79769313486232e+308,1.79769313486232e+308,1.79769313486232e+308
198,"6/22/99",1,2230331,8,"Huge expenditure due to illness",5000,18,25,5000
225,"6/22/99",1,2230341,1.79769313486232e+308,"",1.79769313486232e+308,1.79769313486232e+308,1.79769313486232e+308,1.79769313486232e+308
231,"6/22/99",1,2230351,1.79769313486232e+308,"",1.79769313486232e+308,1.79769313486232e+308,1.79769313486232e+308,1.79769313486232e+308
199,"6/22/99",1,2230431,1.79769313486232e+308,"",1.79769313486232e+308,1.79769313486232e+308,1.79769313486232e+308,1.79769313486232e+308
200,"6/22/99",1,2230432,1.79769313486232e+308,"",1.79769313486232e+308,1.79769313486232e+308,1.79769313486232e+308,1.79769313486232e+308
226,"6/22/99",1,2230441,1.79769313486232e+308,"",1.79769313486232e+308,1.79769313486232e+308,1.79769313486232e+308,1.79769313486232e+308
232,"6/22/99",1,2230459,1.79769313486232e+308,"",1.79769313486232e+308,1.79769313486232e+308,1.79769313486232e+308,1.79769313486232e+308
201,"6/22/99",1,2230531,1.79769313486232e+308,"",1.79769313486232e+308,1.79769313486232e+308,1.79769313486232e+308,1.79769313486232e+308
227,"6/22/99",1,2230541,1.79769313486232e+308,"",1.79769313486232e+308,1.79769313486232e+308,1.79769313486232e+308,1.79769313486232e+308
202,"6/22/99",1,2230631,1.79769313486232e+308,"",1.79769313486232e+308,1.79769313486232e+308,1.79769313486232e+308,1.79769313486232e+308
228,"6/22/99",1,2230641,1.79769313486232e+308,"",1.79769313486232e+308,1.79769313486232e+308,1.79769313486232e+308,1.79769313486232e+308
203,"6/22/99",1,2230731,1.79769313486232e+308,"",1.79769313486232e+308,1.79769313486232e+308,1.79769313486232e+308,1.79769313486232e+308
204,"6/22/99",1,2230831,1.79769313486232e+308,"",1.79769313486232e+308,1.79769313486232e+308,1.79769313486232e+308,1.79769313486232e+308
205,"6/22/99",1,2230931,1.79769313486232e+308,"",1.79769313486232e+308,1.79769313486232e+308,1.79769313486232e+308,1.79769313486232e+308
206,"6/22/99",1,2231031,1.79769313486232e+308,"",1.79769313486232e+308,1.79769313486232e+308,1.79769313486232e+308,1.79769313486232e+308
207,"6/22/99",1,2231131,1.79769313486232e+308,"",1.79769313486232e+308,1.79769313486232e+308,1.79769313486232e+308,1.79769313486232e+308
208,"6/22/99",1,2231132,1.79769313486232e+308,"",1.79769313486232e+308,1.79769313486232e+308,1.79769313486232e+308,1.79769313486232e+308
209,"6/22/99",1,2231231,1.79769313486232e+308,"",1.79769313486232e+308,1.79769313486232e+308,1.79769313486232e+308,1.79769313486232e+308
210,"6/22/99",1,2231331,1.79769313486232e+308,"",1.79769313486232e+308,1.79769313486232e+308,1.79769313486232e+308,1.79769313486232e+308
211,"6/22/99",1,2231431,1.79769313486232e+308,"",1.79769313486232e+308,1.79769313486232e+308,1.79769313486232e+308,1.79769313486232e+308
212,"6/22/99",1,2231432,1.79769313486232e+308,"",1.79769313486232e+308,1.79769313486232e+308,1.79769313486232e+308,1.79769313486232e+308
213,"6/22/99",1,2231433,1.79769313486232e+308,"",1.79769313486232e+308,1.79769313486232e+308,1.79769313486232e+308,1.79769313486232e+308
214,"6/22/99",1,2231539,1.79769313486232e+308,"",1.79769313486232e+308,1.79769313486232e+308,1.79769313486232e+308,1.79769313486232e+308
215,"6/22/99",1,2231639,1.79769313486232e+308,"",1.79769313486232e+308,1.79769313486232e+308,1.79769313486232e+308,1.79769313486232e+308
216,"6/22/99",1,2231739,1.79769313486232e+308,"",1.79769313486232e+308,1.79769313486232e+308,1.79769313486232e+308,1.79769313486232e+308
217,"6/22/99",1,2231839,1.79769313486232e+308,"",1.79769313486232e+308,1.79769313486232e+308,1.79769313486232e+308,1.79769313486232e+308
218,"6/22/99",1,2231939,1.79769313486232e+308,"",1.79769313486232e+308,1.79769313486232e+308,1.79769313486232e+308,1.79769313486232e+308
219,"6/22/99",1,2232039,1.79769313486232e+308,"",1.79769313486232e+308,1.79769313486232e+308,1.79769313486232e+308,1.79769313486232e+308
220,"6/22/99",1,2232139,1.79769313486232e+308,"",1.79769313486232e+308,1.79769313486232e+308,1.79769313486232e+308,1.79769313486232e+308
221,"6/22/99",1,2232239,1.79769313486232e+308,"",1.79769313486232e+308,1.79769313486232e+308,1.79769313486232e+308,1.79769313486232e+308
222,"6/22/99",1,2232339,1.79769313486232e+308,"",1.79769313486232e+308,1.79769313486232e+308,1.79769313486232e+308,1.79769313486232e+308
52,"6/14/99",1,2310131,7,"Damage to house/land due to cyclone",5000,2,1.79769313486232e+308,5000
84,"6/21/99",1,2310141,7,"Damage to house/land due to cyclone",8000,23,21,1.79769313486232e+308
91,"6/21/99",1,2310151,1.79769313486232e+308,"",1.79769313486232e+308,1.79769313486232e+308,1.79769313486232e+308,1.79769313486232e+308
53,"6/14/99",1,2310231,1,"Death of primary income eraner",1.79769313486232e+308,19,1.79769313486232e+308,1.79769313486232e+308
85,"6/21/99",1,2310241,7,"Damage to house/land due to cyclone",11700,2,7,117000
54,"6/15/99",1,2310331,7,"Damage to house/land due to cyclone",2000,18,1.79769313486232e+308,2000
55,"6/15/99",1,2310331,30,"Others",10000,18,1.79769313486232e+308,10000
86,"6/21/99",1,2310341,8,"Huge expenditure due to illness",20000,2,7,20000
87,"6/21/99",1,2310341,14,"Physical/mental harrassment",1.79769313486232e+308,2,7,9000
88,"6/21/99",1,2310341,16,"Expenditure incurred on court/polic",3000,2,1.79769313486232e+308,3000
92,"6/21/99",1,2310351,7,"Damage to house/land due to cyclone",30000,1,1.79769313486232e+308,1.79769313486232e+308
93,"6/21/99",1,2310352,7,"Damage to house/land due to cyclone",8000,2,1.79769313486232e+308,5000
94,"6/21/99",1,2310353,2,"Crop damage",1200,2,1.79769313486232e+308,1200
56,"6/15/99",1,2310431,7,"Damage to house/land due to cyclone",2500,1,1.79769313486232e+308,1.79769313486232e+308
89,"6/21/99",1,2310441,7,"Damage to house/land due to cyclone",5000,21,2,3000
90,"6/21/99",1,2310441,24,"Expenditure for daughter's marriage",8000,4,1.79769313486232e+308,60000
95,"6/21/99",1,2310459,1.79769313486232e+308,"",1.79769313486232e+308,1.79769313486232e+308,1.79769313486232e+308,1.79769313486232e+308
57,"6/15/99",1,2310531,7,"Damage to house/land due to cyclone",1200,2,1.79769313486232e+308,1200
58,"6/15/99",1,2310631,7,"Damage to house/land due to cyclone",2500,18,1.79769313486232e+308,2500
59,"6/15/99",1,2310731,8,"Huge expenditure due to illness",5000,2,22,5000
60,"6/15/99",1,2310831,8,"Huge expenditure due to illness",8000,7,1.79769313486232e+308,8000
61,"6/15/99",1,2310832,7,"Damage to house/land due to cyclone",1000,1,1.79769313486232e+308,1.79769313486232e+308
62,"6/15/99",1,2310832,8,"Huge expenditure due to illness",1000,18,1.79769313486232e+308,1000
63,"6/15/99",1,2310931,1.79769313486232e+308,"",1.79769313486232e+308,1.79769313486232e+308,1.79769313486232e+308,1.79769313486232e+308
64,"6/15/99",1,2311031,1.79769313486232e+308,"",1.79769313486232e+308,1.79769313486232e+308,1.79769313486232e+308,1.79769313486232e+308
65,"6/19/99",1,2311032,7,"Damage to house/land due to cyclone",5000,2,1.79769313486232e+308,500
66,"6/19/99",1,2311032,9,"Loss of money",90000,25,1.79769313486232e+308,2000
67,"6/19/99",1,2311032,16,"Expenditure incurred on court/polic",7000,4,1.79769313486232e+308,7000
68,"6/19/99",1,2311131,2,"Crop damage",20500,1,1.79769313486232e+308,1.79769313486232e+308
69,"6/19/99",1,2311131,7,"Damage to house/land due to cyclone",3000,2,1.79769313486232e+308,3000
70,"6/19/99",1,2311131,8,"Huge expenditure due to illness",20000,1,1.79769313486232e+308,1.79769313486232e+308
71,"6/19/99",1,2311131,19,"Kidnapping",1.79769313486232e+308,1,1.79769313486232e+308,1000
72,"6/19/99",1,2311231,3,"Burglery/Theft",25000,2,1.79769313486232e+308,25000
73,"6/19/99",1,2311339,3,"Burglery/Theft",16000,1,1.79769313486232e+308,1.79769313486232e+308
74,"6/19/99",1,2311439,1.79769313486232e+308,"",1.79769313486232e+308,1.79769313486232e+308,1.79769313486232e+308,1.79769313486232e+308
75,"6/19/99",1,2311539,1.79769313486232e+308,"",1.79769313486232e+308,1.79769313486232e+308,1.79769313486232e+308,1.79769313486232e+308
76,"6/19/99",1,2311639,1.79769313486232e+308,"",1.79769313486232e+308,1.79769313486232e+308,1.79769313486232e+308,1.79769313486232e+308
77,"6/19/99",1,2311739,1.79769313486232e+308,"",1.79769313486232e+308,1.79769313486232e+308,1.79769313486232e+308,1.79769313486232e+308
78,"6/19/99",1,2311839,1.79769313486232e+308,"",1.79769313486232e+308,1.79769313486232e+308,1.79769313486232e+308,1.79769313486232e+308
79,"6/19/99",1,2311939,14,"Physical/mental harrassment",1.79769313486232e+308,22,1.79769313486232e+308,70000
80,"6/19/99",1,2311939,16,"Expenditure incurred on court/polic",20000,22,1.79769313486232e+308,20000
81,"6/19/99",1,2311939,24,"Expenditure for daughter's marriage",1.79769313486232e+308,18,1.79769313486232e+308,10000
82,"6/19/99",1,2312039,8,"Huge expenditure due to illness",55000,18,2,55000
83,"6/19/99",1,2312139,24,"Expenditure for daughter's marriage",75000,3,2,75000
81,"7/17/99",1,2320131,1.79769313486232e+308,"",1.79769313486232e+308,1.79769313486232e+308,1.79769313486232e+308,1.79769313486232e+308
107,"7/19/99",1,2320141,1.79769313486232e+308,"",1.79769313486232e+308,1.79769313486232e+308,1.79769313486232e+308,1.79769313486232e+308
114,"7/19/99",1,2320151,1.79769313486232e+308,"",1.79769313486232e+308,1.79769313486232e+308,1.79769313486232e+308,1.79769313486232e+308
115,"7/19/99",1,2320152,8,"Huge expenditure due to illness",1500,2,1.79769313486232e+308,1500
82,"7/17/99",1,2320231,1.79769313486232e+308,"",1.79769313486232e+308,1.79769313486232e+308,1.79769313486232e+308,1.79769313486232e+308
83,"7/17/99",1,2320232,1.79769313486232e+308,"",1.79769313486232e+308,1.79769313486232e+308,1.79769313486232e+308,1.79769313486232e+308
108,"7/19/99",1,2320241,1.79769313486232e+308,"",1.79769313486232e+308,1.79769313486232e+308,1.79769313486232e+308,1.79769313486232e+308
109,"7/19/99",1,2320242,3,"Burglery/Theft",2200,1,1.79769313486232e+308,1.79769313486232e+308
116,"7/19/99",1,2320251,1.79769313486232e+308,"",1.79769313486232e+308,1.79769313486232e+308,1.79769313486232e+308,1.79769313486232e+308
117,"7/19/99",1,2320252,1.79769313486232e+308,"",1.79769313486232e+308,1.79769313486232e+308,1.79769313486232e+308,1.79769313486232e+308
118,"7/19/99",1,2320253,1.79769313486232e+308,"",1.79769313486232e+308,1.79769313486232e+308,1.79769313486232e+308,1.79769313486232e+308
84,"7/17/99",1,2320331,3,"Burglery/Theft",70000,1,1.79769313486232e+308,1.79769313486232e+308
110,"7/19/99",1,2320341,8,"Huge expenditure due to illness",3000,15,1.79769313486232e+308,3000
119,"7/19/99",1,2320351,1.79769313486232e+308,"",1.79769313486232e+308,1.79769313486232e+308,1.79769313486232e+308,1.79769313486232e+308
85,"7/17/99",1,2320431,1.79769313486232e+308,"",1.79769313486232e+308,1.79769313486232e+308,1.79769313486232e+308,1.79769313486232e+308
86,"7/17/99",1,2320432,1.79769313486232e+308,"",1.79769313486232e+308,1.79769313486232e+308,1.79769313486232e+308,1.79769313486232e+308
87,"7/17/99",1,2320433,1.79769313486232e+308,"",1.79769313486232e+308,1.79769313486232e+308,1.79769313486232e+308,1.79769313486232e+308
88,"7/17/99",1,2320434,1.79769313486232e+308,"",1.79769313486232e+308,1.79769313486232e+308,1.79769313486232e+308,1.79769313486232e+308
111,"7/19/99",1,2320441,16,"Expenditure incurred on court/polic",5000,2,1.79769313486232e+308,5000
112,"7/19/99",1,2320442,1.79769313486232e+308,"",1.79769313486232e+308,1.79769313486232e+308,1.79769313486232e+308,1.79769313486232e+308
120,"7/19/99",1,2320459,1.79769313486232e+308,"",1.79769313486232e+308,1.79769313486232e+308,1.79769313486232e+308,1.79769313486232e+308
89,"7/17/99",1,2320531,1.79769313486232e+308,"",1.79769313486232e+308,1.79769313486232e+308,1.79769313486232e+308,1.79769313486232e+308
113,"7/19/99",1,2320541,14,"Physical/mental harrassment",1.79769313486232e+308,15,5,50000
90,"7/17/99",1,2320631,1.79769313486232e+308,"",1.79769313486232e+308,1.79769313486232e+308,1.79769313486232e+308,1.79769313486232e+308
91,"7/17/99",1,2320731,1.79769313486232e+308,"",1.79769313486232e+308,1.79769313486232e+308,1.79769313486232e+308,1.79769313486232e+308
1.79769313486232e+308,".",1.79769313486232e+308,2320831,1.79769313486232e+308,".",1.79769313486232e+308,1.79769313486232e+308,1.79769313486232e+308,1.79769313486232e+308
93,"7/17/99",1,2320931,1.79769313486232e+308,"",1.79769313486232e+308,1.79769313486232e+308,1.79769313486232e+308,1.79769313486232e+308
94,"7/17/99",1,2320932,3,"Burglery/Theft",4000,1,1.79769313486232e+308,1.79769313486232e+308
95,"7/17/99",1,2321031,3,"Burglery/Theft",3500,1,1.79769313486232e+308,1.79769313486232e+308
96,"7/17/99",1,2321131,1.79769313486232e+308,"",1.79769313486232e+308,1.79769313486232e+308,1.79769313486232e+308,1.79769313486232e+308
97,"7/17/99",1,2321132,1.79769313486232e+308,"",1.79769313486232e+308,1.79769313486232e+308,1.79769313486232e+308,1.79769313486232e+308
98,"7/17/99",1,2321231,1.79769313486232e+308,"",1.79769313486232e+308,1.79769313486232e+308,1.79769313486232e+308,1.79769313486232e+308
99,"7/17/99",1,2321232,1.79769313486232e+308,"",1.79769313486232e+308,1.79769313486232e+308,1.79769313486232e+308,1.79769313486232e+308
100,"7/17/99",1,2321339,30,"Others",37000,4,1.79769313486232e+308,34000
101,"7/17/99",1,2321439,1.79769313486232e+308,"",1.79769313486232e+308,1.79769313486232e+308,1.79769313486232e+308,1.79769313486232e+308
102,"7/19/99",1,2321539,1.79769313486232e+308,"",1.79769313486232e+308,1.79769313486232e+308,1.79769313486232e+308,1.79769313486232e+308
103,"7/19/99",1,2321639,30,"Others",25000,3,1.79769313486232e+308,25000
104,"7/19/99",1,2321739,1.79769313486232e+308,"",1.79769313486232e+308,1.79769313486232e+308,1.79769313486232e+308,1.79769313486232e+308
105,"7/19/99",1,2321839,1.79769313486232e+308,"",1.79769313486232e+308,1.79769313486232e+308,1.79769313486232e+308,1.79769313486232e+308
106,"7/19/99",1,2321939,24,"Expenditure for daughter's marriage",20000,5,18,20000
48,"9/09/95",1,2330131,1.79769313486232e+308,"",1.79769313486232e+308,1.79769313486232e+308,1.79769313486232e+308,1.79769313486232e+308
75,"6/27/99",1,2330141,1.79769313486232e+308,"",1.79769313486232e+308,1.79769313486232e+308,1.79769313486232e+308,1.79769313486232e+308
80,"6/27/99",1,2330151,1.79769313486232e+308,"",1.79769313486232e+308,1.79769313486232e+308,1.79769313486232e+308,1.79769313486232e+308
49,"9/09/95",1,2330231,1.79769313486232e+308,"",1.79769313486232e+308,1.79769313486232e+308,1.79769313486232e+308,1.79769313486232e+308
76,"6/27/99",1,2330241,1.79769313486232e+308,"",1.79769313486232e+308,1.79769313486232e+308,1.79769313486232e+308,1.79769313486232e+308
81,"6/27/99",1,2330251,1.79769313486232e+308,"",1.79769313486232e+308,1.79769313486232e+308,1.79769313486232e+308,1.79769313486232e+308
50,"9/09/95",1,2330331,8,"Huge expenditure due to illness",4000,2,1.79769313486232e+308,4000
51,"9/09/95",1,2330331,16,"Expenditure incurred on court/polic",10000,2,1.79769313486232e+308,10000
77,"6/27/99",1,2330341,1.79769313486232e+308,"",1.79769313486232e+308,1.79769313486232e+308,1.79769313486232e+308,1.79769313486232e+308
82,"6/27/99",1,2330351,1.79769313486232e+308,"",1.79769313486232e+308,1.79769313486232e+308,1.79769313486232e+308,1.79769313486232e+308
52,"9/09/95",1,2330431,24,"Expenditure for daughter's marriage",1.79769313486232e+308,2,15,60000
78,"6/27/99",1,2330441,1.79769313486232e+308,"",1.79769313486232e+308,1.79769313486232e+308,1.79769313486232e+308,1.79769313486232e+308
83,"6/27/99",1,2330459,1.79769313486232e+308,"",1.79769313486232e+308,1.79769313486232e+308,1.79769313486232e+308,1.79769313486232e+308
53,"9/09/95",1,2330531,8,"Huge expenditure due to illness",10000,2,18,10000
79,"6/27/99",1,2330541,1.79769313486232e+308,"",1.79769313486232e+308,1.79769313486232e+308,1.79769313486232e+308,1.79769313486232e+308
54,"9/09/95",1,2330631,24,"Expenditure for daughter's marriage",100000,2,22,100000
55,"9/09/95",1,2330731,8,"Huge expenditure due to illness",18000,2,15,18000
56,"9/09/95",1,2330831,2,"Crop damage",2500,2,1.79769313486232e+308,2500
57,"9/09/95",1,2330831,8,"Huge expenditure due to illness",10000,2,1.79769313486232e+308,10000
58,"9/09/95",1,2330931,8,"Huge expenditure due to illness",5000,2,1.79769313486232e+308,5000
59,"9/09/95",1,2331031,1.79769313486232e+308,"",1.79769313486232e+308,1.79769313486232e+308,1.79769313486232e+308,1.79769313486232e+308
60,"9/09/95",1,2331131,3,"Burglery/Theft",25000,18,2,25000
61,"9/09/95",1,2331131,8,"Huge expenditure due to illness",100000,25,1.79769313486232e+308,100000
62,"9/09/95",1,2331231,30,"Others",20000,1,1.79769313486232e+308,1.79769313486232e+308
63,"9/09/95",1,2331339,1.79769313486232e+308,"",1.79769313486232e+308,1.79769313486232e+308,1.79769313486232e+308,1.79769313486232e+308
64,"9/09/95",1,2331439,1.79769313486232e+308,"",1.79769313486232e+308,1.79769313486232e+308,1.79769313486232e+308,1.79769313486232e+308
65,"9/09/95",1,2331539,1.79769313486232e+308,"",1.79769313486232e+308,1.79769313486232e+308,1.79769313486232e+308,1.79769313486232e+308
66,"9/09/95",1,2331639,24,"Expenditure for daughter's marriage",1.79769313486232e+308,2,18,25000
67,"6/27/99",1,2331739,8,"Huge expenditure due to illness",3000,18,2,1.79769313486232e+308
68,"6/27/99",1,2331839,7,"Damage to house/land due to cyclone",108000,7,3,120000
69,"6/27/99",1,2331839,9,"Loss of money",10000,1,1.79769313486232e+308,1.79769313486232e+308
70,"6/27/99",1,2331939,1.79769313486232e+308,"",1.79769313486232e+308,1.79769313486232e+308,1.79769313486232e+308,1.79769313486232e+308
71,"6/27/99",1,2332039,1.79769313486232e+308,"",1.79769313486232e+308,1.79769313486232e+308,1.79769313486232e+308,1.79769313486232e+308
72,"6/27/99",1,2332139,8,"Huge expenditure due to illness",1.79769313486232e+308,1,18,14000
73,"6/27/99",1,2332239,1.79769313486232e+308,"",1.79769313486232e+308,1.79769313486232e+308,1.79769313486232e+308,1.79769313486232e+308
74,"6/27/99",1,2332339,16,"Expenditure incurred on court/polic",100000,7,6,100000
1,"5/20/99",1,2410131,8,"Huge expenditure due to illness",25000,4,5,25000
21,"6/04/99",1,2410141,1.79769313486232e+308,"",1.79769313486232e+308,1.79769313486232e+308,1.79769313486232e+308,1.79769313486232e+308
25,"6/04/99",1,2410151,1.79769313486232e+308,"",1.79769313486232e+308,1.79769313486232e+308,1.79769313486232e+308,1.79769313486232e+308
2,"6/04/99",1,2410231,1.79769313486232e+308,"",1.79769313486232e+308,1.79769313486232e+308,1.79769313486232e+308,1.79769313486232e+308
22,"6/04/99",1,2410241,12,"Land related litigation",19000,5,1.79769313486232e+308,19000
3,"6/04/99",1,2410331,1.79769313486232e+308,"",1.79769313486232e+308,1.79769313486232e+308,1.79769313486232e+308,1.79769313486232e+308
23,"6/04/99",1,2410341,1.79769313486232e+308,"",1.79769313486232e+308,1.79769313486232e+308,1.79769313486232e+308,1.79769313486232e+308
26,"6/04/99",1,2410351,1.79769313486232e+308,"",1.79769313486232e+308,1.79769313486232e+308,1.79769313486232e+308,1.79769313486232e+308
4,"6/04/99",1,2410431,1.79769313486232e+308,"",1.79769313486232e+308,1.79769313486232e+308,1.79769313486232e+308,1.79769313486232e+308
27,"6/04/99",1,2410459,1.79769313486232e+308,"",1.79769313486232e+308,1.79769313486232e+308,1.79769313486232e+308,1.79769313486232e+308
5,"6/04/99",1,2410531,9,"Loss of money",50000,1,1.79769313486232e+308,0
24,"6/04/99",1,2410541,1.79769313486232e+308,"",1.79769313486232e+308,1.79769313486232e+308,1.79769313486232e+308,1.79769313486232e+308
6,"6/04/99",1,2410631,1.79769313486232e+308,"",1.79769313486232e+308,1.79769313486232e+308,1.79769313486232e+308,1.79769313486232e+308
7,"6/04/99",1,2410731,1.79769313486232e+308,"",1.79769313486232e+308,1.79769313486232e+308,1.79769313486232e+308,1.79769313486232e+308
8,"6/04/99",1,2410931,1.79769313486232e+308,"",1.79769313486232e+308,1.79769313486232e+308,1.79769313486232e+308,1.79769313486232e+308
9,"6/04/99",1,2411031,4,"Theft of cow/buffalo",6000,1,1.79769313486232e+308,0
10,"6/04/99",1,2411031,8,"Huge expenditure due to illness",10000,4,2,10000
11,"6/04/99",1,2411231,1.79769313486232e+308,"",1.79769313486232e+308,1.79769313486232e+308,1.79769313486232e+308,1.79769313486232e+308
12,"6/04/99",1,2411339,1.79769313486232e+308,"",1.79769313486232e+308,1.79769313486232e+308,1.79769313486232e+308,1.79769313486232e+308
13,"6/04/99",1,2411439,1.79769313486232e+308,"",1.79769313486232e+308,1.79769313486232e+308,1.79769313486232e+308,1.79769313486232e+308
14,"6/04/99",1,2411539,1.79769313486232e+308,"",1.79769313486232e+308,1.79769313486232e+308,1.79769313486232e+308,1.79769313486232e+308
15,"6/04/99",1,2411639,1.79769313486232e+308,"",1.79769313486232e+308,1.79769313486232e+308,1.79769313486232e+308,1.79769313486232e+308
16,"6/04/99",1,2411739,8,"Huge expenditure due to illness",1.79769313486232e+308,23,1.79769313486232e+308,5000
17,"6/04/99",1,2411839,1.79769313486232e+308,"",1.79769313486232e+308,1.79769313486232e+308,1.79769313486232e+308,1.79769313486232e+308
18,"6/04/99",1,2411939,1.79769313486232e+308,"",1.79769313486232e+308,1.79769313486232e+308,1.79769313486232e+308,1.79769313486232e+308
19,"6/04/99",1,2412039,1.79769313486232e+308,"",1.79769313486232e+308,1.79769313486232e+308,1.79769313486232e+308,1.79769313486232e+308
20,"6/04/99",1,2412139,1.79769313486232e+308,"",1.79769313486232e+308,1.79769313486232e+308,1.79769313486232e+308,1.79769313486232e+308
50,"8/06/99",1,2420131,1.79769313486232e+308,"",1.79769313486232e+308,1.79769313486232e+308,1.79769313486232e+308,1.79769313486232e+308
71,"8/06/99",1,2420141,1.79769313486232e+308,"",1.79769313486232e+308,1.79769313486232e+308,1.79769313486232e+308,1.79769313486232e+308
75,"8/06/99",1,2420151,2,"Crop damage",5000,1,1.79769313486232e+308,1.79769313486232e+308
51,"8/06/99",1,2420231,1.79769313486232e+308,"",1.79769313486232e+308,1.79769313486232e+308,1.79769313486232e+308,1.79769313486232e+308
72,"8/06/99",1,2420241,1.79769313486232e+308,"",1.79769313486232e+308,1.79769313486232e+308,1.79769313486232e+308,1.79769313486232e+308
76,"8/06/99",1,2420251,2,"Crop damage",10000,1,1.79769313486232e+308,1.79769313486232e+308
52,"8/06/99",1,2420331,1.79769313486232e+308,"",1.79769313486232e+308,1.79769313486232e+308,1.79769313486232e+308,1.79769313486232e+308
77,"8/06/99",1,2420351,2,"Crop damage",8000,1,1,1.79769313486232e+308
53,"8/06/99",1,2420431,1.79769313486232e+308,"",1.79769313486232e+308,1.79769313486232e+308,1.79769313486232e+308,1.79769313486232e+308
73,"8/06/99",1,2420441,1.79769313486232e+308,"",1.79769313486232e+308,1.79769313486232e+308,1.79769313486232e+308,1.79769313486232e+308
78,"8/06/99",1,2420459,1.79769313486232e+308,"",1.79769313486232e+308,1.79769313486232e+308,1.79769313486232e+308,1.79769313486232e+308
54,"8/06/99",1,2420531,1.79769313486232e+308,"",1.79769313486232e+308,1.79769313486232e+308,1.79769313486232e+308,1.79769313486232e+308
74,"8/06/99",1,2420541,1.79769313486232e+308,"",1.79769313486232e+308,1.79769313486232e+308,1.79769313486232e+308,1.79769313486232e+308
55,"8/06/99",1,2420631,1.79769313486232e+308,"",1.79769313486232e+308,1.79769313486232e+308,1.79769313486232e+308,1.79769313486232e+308
56,"8/06/99",1,2420731,2,"Crop damage",14000,1,1.79769313486232e+308,1.79769313486232e+308
57,"8/06/99",1,2420831,1.79769313486232e+308,"",1.79769313486232e+308,1.79769313486232e+308,1.79769313486232e+308,1.79769313486232e+308
58,"8/06/99",1,2420931,1.79769313486232e+308,"",1.79769313486232e+308,1.79769313486232e+308,1.79769313486232e+308,1.79769313486232e+308
59,"8/06/99",1,2421031,1.79769313486232e+308,"",1.79769313486232e+308,1.79769313486232e+308,1.79769313486232e+308,1.79769313486232e+308
60,"8/06/99",1,2421131,2,"Crop damage",27000,1,1.79769313486232e+308,1.79769313486232e+308
61,"8/06/99",1,2421132,2,"Crop damage",25000,1,1.79769313486232e+308,1.79769313486232e+308
62,"8/06/99",1,2421231,8,"Huge expenditure due to illness",5000,4,1.79769313486232e+308,5000
63,"8/06/99",1,2421232,1.79769313486232e+308,"",1.79769313486232e+308,1.79769313486232e+308,1.79769313486232e+308,1.79769313486232e+308
64,"8/06/99",1,2421339,1.79769313486232e+308,"",1.79769313486232e+308,1.79769313486232e+308,1.79769313486232e+308,1.79769313486232e+308
65,"8/06/99",1,2421439,2,"Death of primary income eraner",12000,1,1.79769313486232e+308,1.79769313486232e+308
66,"8/06/99",1,2421439,8,"Huge expenditure due to illness",4000,19,1.79769313486232e+308,4000
67,"8/06/99",1,2421539,1.79769313486232e+308,"",1.79769313486232e+308,1.79769313486232e+308,1.79769313486232e+308,1.79769313486232e+308
68,"8/06/99",1,2421639,5,"Death of cow/buffalo",7000,1,1.79769313486232e+308,1.79769313486232e+308
69,"8/06/99",1,2421739,1.79769313486232e+308,"",1.79769313486232e+308,1.79769313486232e+308,1.79769313486232e+308,1.79769313486232e+308
70,"8/06/99",1,2421839,2,"Crop damage",25000,1,1.79769313486232e+308,1.79769313486232e+308
113,"8/18/99",1,2430131,1.79769313486232e+308,"",1.79769313486232e+308,1.79769313486232e+308,1.79769313486232e+308,1.79769313486232e+308
132,"8/18/99",1,2430141,1.79769313486232e+308,"",1.79769313486232e+308,1.79769313486232e+308,1.79769313486232e+308,1.79769313486232e+308
133,"8/18/99",1,2430142,1.79769313486232e+308,"",1.79769313486232e+308,1.79769313486232e+308,1.79769313486232e+308,1.79769313486232e+308
134,"8/18/99",1,2430143,1.79769313486232e+308,"",1.79769313486232e+308,1.79769313486232e+308,1.79769313486232e+308,1.79769313486232e+308
139,"8/18/99",1,2430151,8,"Huge expenditure due to illness",100000,1,1,100000
114,"8/18/99",1,2430231,1.79769313486232e+308,"",1.79769313486232e+308,1.79769313486232e+308,1.79769313486232e+308,1.79769313486232e+308
135,"8/18/99",1,2430241,1.79769313486232e+308,"",1.79769313486232e+308,1.79769313486232e+308,1.79769313486232e+308,1.79769313486232e+308
136,"8/18/99",1,2430242,3,"Burglery/Theft",9000,1,1,1.79769313486232e+308
140,"8/18/99",1,2430251,2,"Crop damage",27000,1,1,1.79769313486232e+308
115,"8/18/99",1,2430331,8,"Huge expenditure due to illness",20000,4,12,20000
141,"8/18/99",1,2430351,1.79769313486232e+308,"",1.79769313486232e+308,1.79769313486232e+308,1.79769313486232e+308,1.79769313486232e+308
116,"8/18/99",1,2430431,1.79769313486232e+308,"",1.79769313486232e+308,1.79769313486232e+308,1.79769313486232e+308,1.79769313486232e+308
137,"8/18/99",1,2430441,1.79769313486232e+308,"",1.79769313486232e+308,1.79769313486232e+308,1.79769313486232e+308,1.79769313486232e+308
142,"8/18/99",1,2430459,1.79769313486232e+308,"",1.79769313486232e+308,1.79769313486232e+308,1.79769313486232e+308,1.79769313486232e+308
117,"8/18/99",1,2430531,1.79769313486232e+308,"",1.79769313486232e+308,1.79769313486232e+308,1.79769313486232e+308,1.79769313486232e+308
138,"8/18/99",1,2430541,1.79769313486232e+308,"",1.79769313486232e+308,1.79769313486232e+308,1.79769313486232e+308,1.79769313486232e+308
118,"8/18/99",1,2430631,1.79769313486232e+308,"",1.79769313486232e+308,1.79769313486232e+308,1.79769313486232e+308,1.79769313486232e+308
119,"8/18/99",1,2430731,1.79769313486232e+308,"",1.79769313486232e+308,1.79769313486232e+308,1.79769313486232e+308,1.79769313486232e+308
120,"8/18/99",1,2430831,1.79769313486232e+308,"",1.79769313486232e+308,1.79769313486232e+308,1.79769313486232e+308,1.79769313486232e+308
121,"8/18/99",1,2430931,27,"Burning of house by fire",20000,1,1,1.79769313486232e+308
122,"8/18/99",1,2430932,1.79769313486232e+308,"",1.79769313486232e+308,1.79769313486232e+308,1.79769313486232e+308,1.79769313486232e+308
123,"8/18/99",1,2431031,9,"Loss of money",21000,1,1,1.79769313486232e+308
124,"8/18/99",1,2431031,1.79769313486232e+308,"",1.79769313486232e+308,1.79769313486232e+308,1.79769313486232e+308,1.79769313486232e+308
125,"8/18/99",1,2431131,9,"Loss of money",16000,1,1,1.79769313486232e+308
126,"8/18/99",1,2431231,1.79769313486232e+308,"",1.79769313486232e+308,1.79769313486232e+308,1.79769313486232e+308,1.79769313486232e+308
127,"8/18/99",1,2431339,8,"Huge expenditure due to illness",7000,19,1.79769313486232e+308,7000
128,"8/18/99",1,2431439,8,"Huge expenditure due to illness",7000,12,19,7000
129,"8/18/99",1,2431539,1.79769313486232e+308,"",1.79769313486232e+308,1.79769313486232e+308,1.79769313486232e+308,1.79769313486232e+308
130,"8/18/99",1,2431639,1.79769313486232e+308,"",1.79769313486232e+308,1.79769313486232e+308,1.79769313486232e+308,1.79769313486232e+308
131,"8/18/99",1,2431739,1.79769313486232e+308,"",1.79769313486232e+308,1.79769313486232e+308,1.79769313486232e+308,1.79769313486232e+308
1,"7/07/99",1,2510141,1.79769313486232e+308,"",1.79769313486232e+308,1.79769313486232e+308,1.79769313486232e+308,1.79769313486232e+308
24,"8/01/99",1,2510151,1.79769313486232e+308,"",1.79769313486232e+308,1.79769313486232e+308,1.79769313486232e+308,1.79769313486232e+308
2,"8/01/99",1,2510241,1.79769313486232e+308,"",1.79769313486232e+308,1.79769313486232e+308,1.79769313486232e+308,1.79769313486232e+308
25,"8/01/99",1,2510251,2,"Crop damage",4000,25,1.79769313486232e+308,4000
3,"8/01/99",1,2510341,1.79769313486232e+308,"",1.79769313486232e+308,1.79769313486232e+308,1.79769313486232e+308,1.79769313486232e+308
26,"8/01/99",1,2510351,1.79769313486232e+308,"",1.79769313486232e+308,1.79769313486232e+308,1.79769313486232e+308,1.79769313486232e+308
4,"8/01/99",1,2510441,2,"Crop damage",5000,2,1.79769313486232e+308,4000
5,"8/01/99",1,2510441,8,"Huge expenditure due to illness",5000,25,1.79769313486232e+308,5000
6,"8/01/99",1,2510442,2,"Crop damage",4000,25,1.79769313486232e+308,3000
27,"8/01/99",1,2510459,1.79769313486232e+308,"",1.79769313486232e+308,1.79769313486232e+308,1.79769313486232e+308,1.79769313486232e+308
7,"8/01/99",1,2510541,2,"Crop damage",2000,7,5,1000
8,"8/01/99",1,2510641,1.79769313486232e+308,"",1.79769313486232e+308,1.79769313486232e+308,1.79769313486232e+308,1.79769313486232e+308
9,"8/01/99",1,2510642,1.79769313486232e+308,"",1.79769313486232e+308,1.79769313486232e+308,1.79769313486232e+308,1.79769313486232e+308
10,"8/01/99",1,2510741,8,"Huge expenditure due to illness",5000,7,5,5000
11,"8/01/99",1,2510841,2,"Crop damage",6000,25,1.79769313486232e+308,5000
12,"8/01/99",1,2510941,1.79769313486232e+308,"",1.79769313486232e+308,1.79769313486232e+308,1.79769313486232e+308,1.79769313486232e+308
13,"8/01/99",1,2511041,8,"Huge expenditure due to illness",1200,2,1.79769313486232e+308,1200
14,"8/01/99",1,2511141,2,"Crop damage",5000,25,1.79769313486232e+308,5000
15,"8/01/99",1,2511241,1.79769313486232e+308,"",1.79769313486232e+308,1.79769313486232e+308,1.79769313486232e+308,1.79769313486232e+308
16,"8/01/99",1,2511341,1.79769313486232e+308,"",1.79769313486232e+308,1.79769313486232e+308,1.79769313486232e+308,1.79769313486232e+308
17,"8/01/99",1,2511342,1.79769313486232e+308,"",1.79769313486232e+308,1.79769313486232e+308,1.79769313486232e+308,1.79769313486232e+308
18,"8/01/99",1,2511441,2,"Crop damage",5000,7,1.79769313486232e+308,4000
19,"8/01/99",1,2511441,4,"Theft of cow/buffalo",10000,7,5,10000
20,"8/01/99",1,2511441,27,"Burning of house by fire",2500,2,1.79769313486232e+308,2000
21,"8/01/99",1,2511541,2,"Crop damage",6000,5,1.79769313486232e+308,5000
22,"8/01/99",1,2511641,1.79769313486232e+308,"",1.79769313486232e+308,1.79769313486232e+308,1.79769313486232e+308,1.79769313486232e+308
23,"8/01/99",1,2511741,2,"Crop damage",8000,5,1.79769313486232e+308,6000
79,"6/07/99",1,2520141,8,"Huge expenditure due to illness",6000,5,7,6000
101,"6/10/99",1,2520151,2,"Crop damage",7000,5,1.79769313486232e+308,6000
80,"6/10/99",1,2520241,2,"Crop damage",18000,25,7,16000
102,"6/10/99",1,2520251,2,"Crop damage",6000,2,1.79769313486232e+308,3000
81,"6/10/99",1,2520341,5,"Death of cow/buffalo",12000,1,1.79769313486232e+308,1.79769313486232e+308
103,"6/10/99",1,2520351,2,"Crop damage",5000,5,1.79769313486232e+308,4000
82,"6/10/99",1,2520441,3,"Burglery/Theft",6000,7,1.79769313486232e+308,2000
83,"6/10/99",1,2520441,5,"Death of cow/buffalo",6000,1,1.79769313486232e+308,1.79769313486232e+308
104,"6/10/99",1,2520459,2,"Crop damage",5000,18,1.79769313486232e+308,4000
84,"6/10/99",1,2520541,8,"Huge expenditure due to illness",2500,25,1.79769313486232e+308,2500
85,"6/10/99",1,2520542,2,"Crop damage",2000,7,1.79769313486232e+308,1500
86,"6/10/99",1,2520641,2,"Crop damage",2500,5,1.79769313486232e+308,200
87,"6/10/99",1,2520641,8,"Huge expenditure due to illness",2000,5,1.79769313486232e+308,2000
88,"6/10/99",1,2520741,13,"Unnatural death of family member",1.79769313486232e+308,25,2,9000
89,"6/10/99",1,2520841,2,"Crop damage",2000,7,1.79769313486232e+308,1500
90,"6/10/99",1,2520841,8,"Huge expenditure due to illness",3000,7,1.79769313486232e+308,3000
91,"6/10/99",1,2520941,2,"Crop damage",3000,5,1.79769313486232e+308,3000
92,"6/10/99",1,2521041,1,"Death of primary income eraner",1.79769313486232e+308,1,1.79769313486232e+308,1.79769313486232e+308
93,"6/10/99",1,2521141,1.79769313486232e+308,"",1.79769313486232e+308,1.79769313486232e+308,1.79769313486232e+308,1.79769313486232e+308
94,"6/10/99",1,2521241,1.79769313486232e+308,"",1.79769313486232e+308,1.79769313486232e+308,1.79769313486232e+308,1.79769313486232e+308
95,"6/10/99",1,2521341,8,"Huge expenditure due to illness",1000,7,1.79769313486232e+308,1000
96,"6/10/99",1,2521441,2,"Crop damage",1200,5,1.79769313486232e+308,1000
97,"6/10/99",1,2521541,1.79769313486232e+308,"",1.79769313486232e+308,1.79769313486232e+308,1.79769313486232e+308,1.79769313486232e+308
98,"6/10/99",1,2521542,8,"Huge expenditure due to illness",8000,5,7,8000
99,"6/10/99",1,2521641,8,"Huge expenditure due to illness",1000,2,7,1000
100,"6/10/99",1,2521741,1.79769313486232e+308,"",1.79769313486232e+308,1.79769313486232e+308,1.79769313486232e+308,1.79769313486232e+308
1,"5/19/99",1,2530141,8,"Huge expenditure due to illness",7000,25,1.79769313486232e+308,7000
22,"5/20/99",1,2530151,2,"Crop damage",5000,2,1.79769313486232e+308,3000
23,"5/20/99",1,2530151,9,"Loss of money",1500,1,1.79769313486232e+308,1.79769313486232e+308
2,"5/20/99",1,2530241,2,"Crop damage",2000,5,1.79769313486232e+308,1000
24,"5/20/99",1,2530251,8,"Huge expenditure due to illness",2000,7,1.79769313486232e+308,2000
3,"5/20/99",1,2530341,9,"Loss of money",250000,1,1.79769313486232e+308,1.79769313486232e+308
75,"9/11/99",1,2530351,2,"Crop damage",20000,2,1.79769313486232e+308,12000
4,"5/20/99",1,2530441,1.79769313486232e+308,"",1.79769313486232e+308,1.79769313486232e+308,1.79769313486232e+308,1.79769313486232e+308
25,"5/20/99",1,2530459,2,"Crop damage",3000,3,1.79769313486232e+308,3000
5,"5/20/99",1,2530541,8,"Huge expenditure due to illness",8000,7,1.79769313486232e+308,8000
6,"5/20/99",1,2530641,2,"Crop damage",8000,22,1.79769313486232e+308,2000
7,"5/20/99",1,2530741,2,"Crop damage",2000,5,1.79769313486232e+308,1500
8,"5/20/99",1,2530741,8,"Huge expenditure due to illness",8000,5,1.79769313486232e+308,8000
9,"5/20/99",1,2530841,9,"Loss of money",22000,1,1.79769313486232e+308,1.79769313486232e+308
10,"5/20/99",1,2530941,8,"Huge expenditure due to illness",5000,22,1.79769313486232e+308,5000
11,"5/20/99",1,2531041,2,"Crop damage",5000,2,1.79769313486232e+308,3000
12,"5/20/99",1,2531141,2,"Crop damage",5000,2,1.79769313486232e+308,4000
13,"5/20/99",1,2531241,30,"Others",1.79769313486232e+308,5,1.79769313486232e+308,1000
14,"5/20/99",1,2531341,1,"Death of primary income eraner",1.79769313486232e+308,2,7,5000
15,"5/20/99",1,2531341,7,"Damage to house/land due to cyclone",750,22,1.79769313486232e+308,400
16,"5/20/99",1,2531341,8,"Huge expenditure due to illness",700,7,1.79769313486232e+308,700
17,"5/20/99",1,2531441,2,"Crop damage",4000,2,1.79769313486232e+308,2000
18,"5/20/99",1,2531441,5,"Death of cow/buffalo",10000,1,1.79769313486232e+308,1.79769313486232e+308
19,"5/20/99",1,2531541,8,"Huge expenditure due to illness",15000,3,1.79769313486232e+308,15000
20,"5/20/99",1,2531641,8,"Huge expenditure due to illness",5000,5,1.79769313486232e+308,5000
21,"5/20/99",1,2531741,2,"Crop damage",2000,2,1.79769313486232e+308,12000
1,"7/07/99",1,2540149,2,"Crop damage",1500,2,1.79769313486232e+308,1500
16,"9/12/99",1,2540159,9,"Loss of money",50000,1,1.79769313486232e+308,1.79769313486232e+308
2,"9/12/99",1,2540249,1.79769313486232e+308,"",1.79769313486232e+308,1.79769313486232e+308,1.79769313486232e+308,1.79769313486232e+308
17,"9/12/99",1,2540259,8,"Huge expenditure due to illness",3000,2,7,3000
3,"9/12/99",1,2540349,8,"Huge expenditure due to illness",12000,5,25,12000
18,"9/12/99",1,2540359,8,"Huge expenditure due to illness",2000,2,1.79769313486232e+308,2000
4,"9/12/99",1,2540449,8,"Huge expenditure due to illness",3500,7,2,3500
19,"9/12/99",1,2540459,1.79769313486232e+308,"",1.79769313486232e+308,1.79769313486232e+308,1.79769313486232e+308,1.79769313486232e+308
5,"9/12/99",1,2540549,1.79769313486232e+308,"",1.79769313486232e+308,1.79769313486232e+308,1.79769313486232e+308,1.79769313486232e+308
20,"9/12/99",1,2540559,8,"Huge expenditure due to illness",4000,2,1.79769313486232e+308,4000
6,"9/12/99",1,2540649,8,"Huge expenditure due to illness",3000,25,1.79769313486232e+308,3000
7,"9/12/99",1,2540749,1.79769313486232e+308,"",1.79769313486232e+308,1.79769313486232e+308,1.79769313486232e+308,1.79769313486232e+308
8,"9/12/99",1,2540849,1.79769313486232e+308,"",1.79769313486232e+308,1.79769313486232e+308,1.79769313486232e+308,1.79769313486232e+308
9,"9/12/99",1,2540949,1.79769313486232e+308,"",1.79769313486232e+308,1.79769313486232e+308,1.79769313486232e+308,1.79769313486232e+308
10,"9/12/99",1,2541049,1.79769313486232e+308,"",1.79769313486232e+308,1.79769313486232e+308,1.79769313486232e+308,1.79769313486232e+308
11,"9/12/99",1,2541149,1.79769313486232e+308,"",1.79769313486232e+308,1.79769313486232e+308,1.79769313486232e+308,1.79769313486232e+308
12,"9/12/99",1,2541249,1.79769313486232e+308,"",1.79769313486232e+308,1.79769313486232e+308,1.79769313486232e+308,1.79769313486232e+308
13,"9/12/99",1,2541349,1.79769313486232e+308,"",1.79769313486232e+308,1.79769313486232e+308,1.79769313486232e+308,1.79769313486232e+308
14,"9/12/99",1,2541449,8,"Huge expenditure due to illness",17000,22,1.79769313486232e+308,17000
15,"9/12/99",1,2541549,30,"Others",500,7,1.79769313486232e+308,500
35,"7/13/99",1,2610141,3,"Burglery/Theft",1250,1,1.79769313486232e+308,1.79769313486232e+308
36,"7/13/99",1,2610141,8,"Huge expenditure due to illness",1.79769313486232e+308,2,1.79769313486232e+308,700
63,"7/13/99",1,2610151,1,"Death of primary income eraner",1.79769313486232e+308,1,1.79769313486232e+308,1.79769313486232e+308
64,"7/13/99",1,2610151,4,"Theft of cow/buffalo",11000,1,1.79769313486232e+308,1.79769313486232e+308
65,"7/13/99",1,2610151,9,"Loss of money",1000,1.79769313486232e+308,1.79769313486232e+308,1.79769313486232e+308
66,"7/13/99",1,2610152,8,"Huge expenditure due to illness",1.79769313486232e+308,2,1.79769313486232e+308,1000
67,"7/13/99",1,2610152,9,"Loss of money",500,1,1.79769313486232e+308,1.79769313486232e+308
37,"7/13/99",1,2610241,8,"Huge expenditure due to illness",1.79769313486232e+308,2,1.79769313486232e+308,2000
38,"7/13/99",1,2610241,27,"Burning of house by fire",700,2,1.79769313486232e+308,700
68,"7/13/99",1,2610251,3,"Burglery/Theft",2500,1,1.79769313486232e+308,1.79769313486232e+308
69,"7/13/99",1,2610251,9,"Loss of money",2000,1,1.79769313486232e+308,1.79769313486232e+308
70,"7/13/99",1,2610252,3,"Burglery/Theft",3500,1.79769313486232e+308,1.79769313486232e+308,1.79769313486232e+308
71,"7/13/99",1,2610252,8,"Huge expenditure due to illness",1.79769313486232e+308,2,1.79769313486232e+308,3000
72,"7/13/99",1,2610253,9,"Loss of money",500,1.79769313486232e+308,1.79769313486232e+308,1.79769313486232e+308
39,"7/13/99",1,2610341,8,"Huge expenditure due to illness",750,2,4,750
73,"7/13/99",1,2610351,3,"Burglery/Theft",800,1.79769313486232e+308,1.79769313486232e+308,1.79769313486232e+308
74,"7/13/99",1,2610351,8,"Huge expenditure due to illness",1.79769313486232e+308,2,4,1200
40,"7/13/99",1,2610441,3,"Burglery/Theft",1000,2,1.79769313486232e+308,1000
75,"7/13/99",1,2610459,3,"Burglery/Theft",3500,1.79769313486232e+308,1.79769313486232e+308,1.79769313486232e+308
76,"7/13/99",1,2610459,8,"Huge expenditure due to illness",1.79769313486232e+308,2,1.79769313486232e+308,2500
41,"7/13/99",1,2610541,7,"Damage to house/land due to cyclone",550,2,1.79769313486232e+308,1.79769313486232e+308
42,"7/13/99",1,2610641,5,"Death of cow/buffalo",11000,1,1.79769313486232e+308,1.79769313486232e+308
43,"7/13/99",1,2610741,1.79769313486232e+308,"",1.79769313486232e+308,1.79769313486232e+308,1.79769313486232e+308,1.79769313486232e+308
44,"7/13/99",1,2610841,5,"Death of cow/buffalo",3500,1,1.79769313486232e+308,1.79769313486232e+308
45,"7/13/99",1,2610841,8,"Huge expenditure due to illness",1.79769313486232e+308,2,1.79769313486232e+308,1200
46,"7/13/99",1,2610941,3,"Burglery/Theft",500,1,1.79769313486232e+308,1.79769313486232e+308
47,"7/13/99",1,2610941,8,"Huge expenditure due to illness",750,2,1.79769313486232e+308,350
48,"7/13/99",1,2611041,8,"Huge expenditure due to illness",350,2,4,1000
49,"7/13/99",1,2611041,9,"Loss of money",500,1,1.79769313486232e+308,1.79769313486232e+308
50,"7/13/99",1,2611141,3,"Burglery/Theft",650,1,1.79769313486232e+308,1.79769313486232e+308
51,"7/13/99",1,2611141,9,"Loss of money",2000,2,1.79769313486232e+308,2000
52,"7/13/99",1,2611241,8,"Huge expenditure due to illness",550,4,2,4500
53,"7/13/99",1,2611241,9,"Loss of money",620,1,1.79769313486232e+308,1.79769313486232e+308
54,"7/13/99",1,2611242,7,"Damage to house/land due to cyclone",750,2,1.79769313486232e+308,350
55,"7/13/99",1,2611341,3,"Burglery/Theft",22000,1,1.79769313486232e+308,1.79769313486232e+308
56,"7/13/99",1,2611341,8,"Huge expenditure due to illness",1.79769313486232e+308,2,4,2500
57,"7/13/99",1,2611441,1.79769313486232e+308,"",1.79769313486232e+308,1.79769313486232e+308,1.79769313486232e+308,1.79769313486232e+308
58,"7/13/99",1,2611541,7,"Damage to house/land due to cyclone",1000,2,1.79769313486232e+308,1000
59,"7/13/99",1,2611541,8,"Huge expenditure due to illness",300,2,1.79769313486232e+308,1000
60,"7/13/99",1,2611641,8,"Huge expenditure due to illness",1.79769313486232e+308,4,1.79769313486232e+308,10000
61,"7/13/99",1,2611741,7,"Damage to house/land due to cyclone",1000,2,1.79769313486232e+308,500
62,"7/13/99",1,2611741,24,"Expenditure for daughter's marriage",1.79769313486232e+308,3,1.79769313486232e+308,27000
1,"5/19/99",1,2620141,2,"Crop damage",1200,2,1.79769313486232e+308,1.79769313486232e+308
2,"5/11/99",1,2620141,7,"Damage to house/land due to cyclone",1500,2,1.79769313486232e+308,1.79769313486232e+308
3,"5/11/99",1,2620141,8,"Huge expenditure due to illness",2500,2,4,2500
4,"5/11/99",1,2620241,3,"Burglery/Theft",120,1.79769313486232e+308,1.79769313486232e+308,1.79769313486232e+308
5,"5/13/99",1,2620241,7,"Damage to house/land due to cyclone",2500,1.79769313486232e+308,1.79769313486232e+308,1.79769313486232e+308
6,"5/13/99",1,2620241,8,"Huge expenditure due to illness",1300,2,15,1300
42,"5/13/99",1,2620251,3,"Burglery/Theft",2000,1.79769313486232e+308,1.79769313486232e+308,1.79769313486232e+308
43,"5/13/99",1,2620251,7,"Damage to house/land due to cyclone",2000,1.79769313486232e+308,1.79769313486232e+308,1.79769313486232e+308
44,"5/13/99",1,2620251,8,"Huge expenditure due to illness",22000,3,2,22000
45,"5/13/99",1,2620251,9,"Loss of money",36000,1.79769313486232e+308,1.79769313486232e+308,1.79769313486232e+308
46,"5/13/99",1,2620251,27,"Burning of house by fire",1400,3,1.79769313486232e+308,1400
7,"5/13/99",1,2620341,1,"Death of primary income eraner",1.79769313486232e+308,1,1.79769313486232e+308,1.79769313486232e+308
8,"5/13/99",1,2620341,7,"Damage to house/land due to cyclone",260,2,1.79769313486232e+308,260
9,"5/13/99",1,2620341,13,"Unnatural death of family member",1.79769313486232e+308,1,1.79769313486232e+308,1.79769313486232e+308
10,"5/13/99",1,2620341,24,"Expenditure for daughter's marriage",1.79769313486232e+308,1,6,5000
47,"5/13/99",1,2620351,2,"Crop damage",7000,1.79769313486232e+308,1.79769313486232e+308,1.79769313486232e+308
48,"5/13/99",1,2620351,8,"Huge expenditure due to illness",3500,2,1.79769313486232e+308,3500
49,"5/13/99",1,2620351,12,"Land related litigation",1.79769313486232e+308,2,1.79769313486232e+308,2000
11,"5/13/99",1,2620441,7,"Damage to house/land due to cyclone",250,2,1.79769313486232e+308,200
12,"5/13/99",1,2620441,8,"Huge expenditure due to illness",850,2,15,850
50,"5/13/99",1,2620459,7,"Damage to house/land due to cyclone",340,2,1.79769313486232e+308,340
51,"5/13/99",1,2620459,8,"Huge expenditure due to illness",2000,2,23,2000
13,"5/13/99",1,2620541,7,"Damage to house/land due to cyclone",300,1,1.79769313486232e+308,1.79769313486232e+308
14,"5/13/99",1,2620541,8,"Huge expenditure due to illness",600,15,1.79769313486232e+308,600
15,"5/13/99",1,2620641,5,"Death of cow/buffalo",2000,1.79769313486232e+308,1.79769313486232e+308,1.79769313486232e+308
16,"5/13/99",1,2620641,7,"Damage to house/land due to cyclone",400,4,1.79769313486232e+308,400
17,"5/13/99",1,2620641,24,"Expenditure for daughter's marriage",11000,6,2,1.79769313486232e+308
18,"5/13/99",1,2620741,7,"Damage to house/land due to cyclone",600,1.79769313486232e+308,1.79769313486232e+308,1.79769313486232e+308
19,"5/13/99",1,2620741,8,"Huge expenditure due to illness",500,2,1.79769313486232e+308,500
20,"5/13/99",1,2620741,9,"Loss of money",1500,1.79769313486232e+308,1.79769313486232e+308,1.79769313486232e+308
21,"5/13/99",1,2620841,8,"Huge expenditure due to illness",600,11,22,600
22,"5/13/99",1,2620941,8,"Huge expenditure due to illness",4000,15,1.79769313486232e+308,4000
23,"5/13/99",1,2621041,8,"Huge expenditure due to illness",1.79769313486232e+308,22,1.79769313486232e+308,400
24,"5/13/99",1,2621141,7,"Damage to house/land due to cyclone",560,2,19,450
25,"5/13/99",1,2621141,8,"Huge expenditure due to illness",800,2,1.79769313486232e+308,800
26,"5/13/99",1,2621141,9,"Loss of money",1000,23,1.79769313486232e+308,1000
27,"5/13/99",1,2621241,7,"Damage to house/land due to cyclone",750,2,1.79769313486232e+308,450
28,"5/13/99",1,2621241,8,"Huge expenditure due to illness",800,2,7,800
29,"5/13/99",1,2621341,2,"Crop damage",2000,7,2,1.79769313486232e+308
30,"5/13/99",1,2621341,7,"Damage to house/land due to cyclone",450,2,1.79769313486232e+308,450
31,"5/13/99",1,2621341,8,"Huge expenditure due to illness",6000,7,22,6000
32,"5/13/99",1,2621441,4,"Theft of cow/buffalo",3000,1.79769313486232e+308,1.79769313486232e+308,1.79769313486232e+308
33,"5/13/99",1,2621441,7,"Damage to house/land due to cyclone",250,2,1.79769313486232e+308,250
34,"5/13/99",1,2621541,7,"Damage to house/land due to cyclone",1200,23,1.79769313486232e+308,1200
35,"5/13/99",1,2621541,8,"Huge expenditure due to illness",1.79769313486232e+308,2,1.79769313486232e+308,500
36,"5/13/99",1,2621541,9,"Loss of money",1000,1.79769313486232e+308,1.79769313486232e+308,1.79769313486232e+308
37,"5/13/99",1,2621641,3,"Burglery/Theft",500,1.79769313486232e+308,1.79769313486232e+308,1.79769313486232e+308
38,"5/13/99",1,2621641,7,"Damage to house/land due to cyclone",600,22,1.79769313486232e+308,600
39,"5/13/99",1,2621641,8,"Huge expenditure due to illness",1.79769313486232e+308,22,1.79769313486232e+308,4500
40,"5/13/99",1,2621741,7,"Damage to house/land due to cyclone",600,2,2,600
41,"5/13/99",1,2621741,8,"Huge expenditure due to illness",1.79769313486232e+308,2,1.79769313486232e+308,3000
161,"6/17/99",1,2630141,2,"Crop damage",2800,1,1.79769313486232e+308,1.79769313486232e+308
162,"6/17/99",1,2630141,7,"Damage to house/land due to cyclone",700,1,1.79769313486232e+308,1.79769313486232e+308
181,"6/17/99",1,2630151,2,"Crop damage",10100,2,1.79769313486232e+308,10100
182,"6/17/99",1,2630151,6,"Damage to house/land due to erosion",65000,1,1.79769313486232e+308,1.79769313486232e+308
183,"6/17/99",1,2630151,7,"Damage to house/land due to cyclone",7000,2,1.79769313486232e+308,7000
184,"6/17/99",1,2630151,8,"Huge expenditure due to illness",9000,2,1.79769313486232e+308,9000
185,"6/17/99",1,2630152,2,"Crop damage",9000,2,1.79769313486232e+308,9000
186,"6/17/99",1,2630152,6,"Damage to house/land due to erosion",30000,1,1.79769313486232e+308,1.79769313486232e+308
163,"6/17/99",1,2630241,2,"Crop damage",700,2,1.79769313486232e+308,1.79769313486232e+308
164,"6/17/99",1,2630241,7,"Damage to house/land due to cyclone",500,1.79769313486232e+308,1.79769313486232e+308,1.79769313486232e+308
165,"6/17/99",1,2630241,24,"Expenditure for daughter's marriage",7000,4,1.79769313486232e+308,7000
187,"6/17/99",1,2630251,2,"Crop damage",3600,1,1.79769313486232e+308,1.79769313486232e+308
188,"6/17/99",1,2630251,6,"Damage to house/land due to erosion",66000,1,1.79769313486232e+308,1.79769313486232e+308
189,"6/17/99",1,2630251,7,"Damage to house/land due to cyclone",2000,2,1.79769313486232e+308,2000
190,"6/17/99",1,2630251,8,"Huge expenditure due to illness",6500,2,4,6500
191,"6/17/99",1,2630251,12,"Land related litigation",3000,2,1.79769313486232e+308,3000
192,"6/17/99",1,2630251,24,"Expenditure for daughter's marriage",4500,4,1.79769313486232e+308,4500
166,"6/17/99",1,2630341,7,"Damage to house/land due to cyclone",500,1,1.79769313486232e+308,1.79769313486232e+308
167,"6/17/99",1,2630441,2,"Crop damage",1200,1,1.79769313486232e+308,1.79769313486232e+308
168,"6/17/99",1,2630441,7,"Damage to house/land due to cyclone",300,2,1.79769313486232e+308,300
169,"6/17/99",1,2630441,8,"Huge expenditure due to illness",1800,2,1.79769313486232e+308,1800
193,"6/17/99",1,2630459,7,"Damage to house/land due to cyclone",550,2,1.79769313486232e+308,500
170,"6/17/99",1,2630641,8,"Huge expenditure due to illness",1200,15,22,1200
171,"6/17/99",1,2630841,7,"Damage to house/land due to cyclone",500,1.79769313486232e+308,1.79769313486232e+308,1.79769313486232e+308
172,"6/17/99",1,2630841,9,"Loss of money",300,2,1.79769313486232e+308,1.79769313486232e+308
173,"6/17/99",1,2631141,9,"Loss of money",600,2,1.79769313486232e+308,600
174,"6/17/99",1,2631241,6,"Damage to house/land due to erosion",40000,1,1.79769313486232e+308,1.79769313486232e+308
175,"6/17/99",1,2631241,7,"Damage to house/land due to cyclone",350,2,1.79769313486232e+308,350
176,"6/17/99",1,2631341,7,"Damage to house/land due to cyclone",1200,2,4,1200
177,"6/17/99",1,2631541,2,"Crop damage",2400,1,1.79769313486232e+308,1.79769313486232e+308
178,"6/17/99",1,2631541,7,"Damage to house/land due to cyclone",300,2,1.79769313486232e+308,300
179,"6/17/99",1,2631741,2,"Crop damage",1000,1,1.79769313486232e+308,1.79769313486232e+308
180,"6/17/99",1,2631741,7,"Damage to house/land due to cyclone",350,1,1.79769313486232e+308,1.79769313486232e+308
1,"5/20/99",1,2710141,8,"Huge expenditure due to illness",0,2,1.79769313486232e+308,6000
19,"5/05/99",1,2710151,1.79769313486232e+308,"",1.79769313486232e+308,1.79769313486232e+308,1.79769313486232e+308,1.79769313486232e+308
2,"5/05/99",1,2710241,30,"Others",2,2,1.79769313486232e+308,15000
20,"5/05/99",1,2710251,1.79769313486232e+308,"",1.79769313486232e+308,1.79769313486232e+308,1.79769313486232e+308,1.79769313486232e+308
3,"5/05/99",1,2710341,1.79769313486232e+308,"",1.79769313486232e+308,1.79769313486232e+308,1.79769313486232e+308,1.79769313486232e+308
21,"5/05/99",1,2710351,30,"Others",0,3,1.79769313486232e+308,50000
4,"5/05/99",1,2710441,8,"Huge expenditure due to illness",1.79769313486232e+308,2,4,5000
22,"5/05/99",1,2710459,1.79769313486232e+308,"",1.79769313486232e+308,1.79769313486232e+308,1.79769313486232e+308,1.79769313486232e+308
5,"5/05/99",1,2710541,4,"Theft of cow/buffalo",5000,1,1.79769313486232e+308,0
6,"5/05/99",1,2710641,1.79769313486232e+308,"",1.79769313486232e+308,1.79769313486232e+308,1.79769313486232e+308,1.79769313486232e+308
7,"5/05/99",1,2710642,1.79769313486232e+308,"",1.79769313486232e+308,1.79769313486232e+308,1.79769313486232e+308,1.79769313486232e+308
8,"5/05/99",1,2710741,8,"Huge expenditure due to illness",1.79769313486232e+308,12,1.79769313486232e+308,3500
9,"5/05/99",1,2710841,8,"Huge expenditure due to illness",0,2,7,2000
10,"5/05/99",1,2710941,8,"Huge expenditure due to illness",1.79769313486232e+308,2,1.79769313486232e+308,3000
11,"5/05/99",1,2711041,8,"Huge expenditure due to illness",1500,2,1.79769313486232e+308,1500
12,"5/05/99",1,2711041,24,"Expenditure for daughter's marriage",1.79769313486232e+308,2,25,2000
13,"5/05/99",1,2711141,15,"Undue harrassment by police",1.79769313486232e+308,2,1.79769313486232e+308,3000
14,"5/05/99",1,2711241,1.79769313486232e+308,"",1.79769313486232e+308,1.79769313486232e+308,1.79769313486232e+308,1.79769313486232e+308
15,"5/05/99",1,2711341,8,"Huge expenditure due to illness",0,2,1.79769313486232e+308,15000
16,"5/05/99",1,2711541,12,"Land related litigation",1.79769313486232e+308,2,1.79769313486232e+308,5000
17,"5/05/99",1,2711641,1.79769313486232e+308,"",1.79769313486232e+308,1.79769313486232e+308,1.79769313486232e+308,1.79769313486232e+308
18,"5/05/99",1,2711741,8,"Huge expenditure due to illness",0,2,1.79769313486232e+308,500
67,"6/18/99",1,2720141,1.79769313486232e+308,"",1.79769313486232e+308,1.79769313486232e+308,1.79769313486232e+308,1.79769313486232e+308
88,"6/27/99",1,2720151,1.79769313486232e+308,"",1.79769313486232e+308,1.79769313486232e+308,1.79769313486232e+308,1.79769313486232e+308
68,"6/27/99",1,2720241,8,"Huge expenditure due to illness",1.79769313486232e+308,2,1.79769313486232e+308,15000
89,"6/27/99",1,2720251,8,"Huge expenditure due to illness",1.79769313486232e+308,2,1.79769313486232e+308,2000
69,"6/27/99",1,2720341,24,"Expenditure for daughter's marriage",1.79769313486232e+308,3,1.79769313486232e+308,110000
70,"6/27/99",1,2720342,1.79769313486232e+308,"",1.79769313486232e+308,1.79769313486232e+308,1.79769313486232e+308,1.79769313486232e+308
71,"6/27/99",1,2720343,1.79769313486232e+308,"",1.79769313486232e+308,1.79769313486232e+308,1.79769313486232e+308,1.79769313486232e+308
72,"6/27/99",1,2720344,1.79769313486232e+308,"",1.79769313486232e+308,1.79769313486232e+308,1.79769313486232e+308,1.79769313486232e+308
90,"6/27/99",1,2720351,1.79769313486232e+308,"",1.79769313486232e+308,1.79769313486232e+308,1.79769313486232e+308,1.79769313486232e+308
73,"6/27/99",1,2720441,8,"Huge expenditure due to illness",1.79769313486232e+308,2,1.79769313486232e+308,7000
91,"6/27/99",1,2720459,1.79769313486232e+308,"",1.79769313486232e+308,1.79769313486232e+308,1.79769313486232e+308,1.79769313486232e+308
74,"6/27/99",1,2720541,8,"Huge expenditure due to illness",1500,7,1.79769313486232e+308,1000
75,"6/27/99",1,2720641,1.79769313486232e+308,"",1.79769313486232e+308,1.79769313486232e+308,1.79769313486232e+308,1.79769313486232e+308
76,"6/27/99",1,2720741,1.79769313486232e+308,"",1.79769313486232e+308,1.79769313486232e+308,1.79769313486232e+308,1.79769313486232e+308
77,"6/27/99",1,2720841,8,"Huge expenditure due to illness",1.79769313486232e+308,2,1.79769313486232e+308,12000
78,"6/27/99",1,2720941,1.79769313486232e+308,"",1.79769313486232e+308,1.79769313486232e+308,1.79769313486232e+308,1.79769313486232e+308
79,"6/27/99",1,2720942,1.79769313486232e+308,"",1.79769313486232e+308,1.79769313486232e+308,1.79769313486232e+308,1.79769313486232e+308
80,"6/27/99",1,2721041,1.79769313486232e+308,"",1.79769313486232e+308,1.79769313486232e+308,1.79769313486232e+308,1.79769313486232e+308
81,"6/27/99",1,2721141,24,"Expenditure for daughter's marriage",1.79769313486232e+308,2,1.79769313486232e+308,10000
82,"6/27/99",1,2721241,1.79769313486232e+308,"",1.79769313486232e+308,1.79769313486232e+308,1.79769313486232e+308,1.79769313486232e+308
83,"6/27/99",1,2721341,30,"Others",5000,1,1.79769313486232e+308,1.79769313486232e+308
84,"6/27/99",1,2721441,1.79769313486232e+308,"",1.79769313486232e+308,1.79769313486232e+308,1.79769313486232e+308,1.79769313486232e+308
85,"6/27/99",1,2721541,1.79769313486232e+308,"",1.79769313486232e+308,1.79769313486232e+308,1.79769313486232e+308,1.79769313486232e+308
86,"6/27/99",1,2721641,8,"Huge expenditure due to illness",1.79769313486232e+308,2,1.79769313486232e+308,15000
87,"6/27/99",1,2721741,30,"Others",1.79769313486232e+308,2,1.79769313486232e+308,20000
1,"7/27/99",1,2730141,1.79769313486232e+308,"",1.79769313486232e+308,1.79769313486232e+308,1.79769313486232e+308,1.79769313486232e+308
15,"7/27/99",1,2730151,1.79769313486232e+308,"",1.79769313486232e+308,1.79769313486232e+308,1.79769313486232e+308,1.79769313486232e+308
2,"7/27/99",1,2730241,1.79769313486232e+308,"",1.79769313486232e+308,1.79769313486232e+308,1.79769313486232e+308,1.79769313486232e+308
16,"7/27/99",1,2730251,8,"Huge expenditure due to illness",1.79769313486232e+308,2,25,42000
3,"7/27/99",1,2730341,9,"Loss of money",1400,5,1.79769313486232e+308,500
17,"7/27/99",1,2730351,1.79769313486232e+308,"",1.79769313486232e+308,1.79769313486232e+308,1.79769313486232e+308,1.79769313486232e+308
4,"7/27/99",1,2730441,1.79769313486232e+308,"",1.79769313486232e+308,1.79769313486232e+308,1.79769313486232e+308,1.79769313486232e+308
18,"7/27/99",1,2730459,1.79769313486232e+308,"",1.79769313486232e+308,1.79769313486232e+308,1.79769313486232e+308,1.79769313486232e+308
5,"7/27/99",1,2730641,1.79769313486232e+308,"",1.79769313486232e+308,1.79769313486232e+308,1.79769313486232e+308,1.79769313486232e+308
6,"7/27/99",1,2730841,1.79769313486232e+308,"",1.79769313486232e+308,1.79769313486232e+308,1.79769313486232e+308,1.79769313486232e+308
7,"7/27/99",1,2730941,1.79769313486232e+308,"",1.79769313486232e+308,1.79769313486232e+308,1.79769313486232e+308,1.79769313486232e+308
8,"7/27/99",1,2731041,8,"Huge expenditure due to illness",600,5,2,1500
9,"7/27/99",1,2731141,8,"Huge expenditure due to illness",10000,2,23,10000
10,"7/27/99",1,2731241,1.79769313486232e+308,"",1.79769313486232e+308,1.79769313486232e+308,1.79769313486232e+308,1.79769313486232e+308
11,"7/27/99",1,2731341,1.79769313486232e+308,"",1.79769313486232e+308,1.79769313486232e+308,1.79769313486232e+308,1.79769313486232e+308
12,"7/27/99",1,2731541,1.79769313486232e+308,"",1.79769313486232e+308,1.79769313486232e+308,1.79769313486232e+308,1.79769313486232e+308
13,"7/27/99",1,2731641,1.79769313486232e+308,"",1.79769313486232e+308,1.79769313486232e+308,1.79769313486232e+308,1.79769313486232e+308
14,"7/27/99",1,2731741,1.79769313486232e+308,"",1.79769313486232e+308,1.79769313486232e+308,1.79769313486232e+308,1.79769313486232e+308
26,"6/22/99",1,2810141,1.79769313486232e+308,"",1.79769313486232e+308,1.79769313486232e+308,1.79769313486232e+308,1.79769313486232e+308
40,"6/22/99",1,2810151,1.79769313486232e+308,"",1.79769313486232e+308,1.79769313486232e+308,1.79769313486232e+308,1.79769313486232e+308
27,"6/22/99",1,2810241,1.79769313486232e+308,"",1.79769313486232e+308,1.79769313486232e+308,1.79769313486232e+308,1.79769313486232e+308
41,"6/22/99",1,2810251,1.79769313486232e+308,"",1.79769313486232e+308,1.79769313486232e+308,1.79769313486232e+308,1.79769313486232e+308
42,"6/22/99",1,2810252,6,"Damage to house/land due to erosion",6200,2,1.79769313486232e+308,6200
28,"6/22/99",1,2810341,1.79769313486232e+308,"",1.79769313486232e+308,1.79769313486232e+308,1.79769313486232e+308,1.79769313486232e+308
43,"6/22/99",1,2810351,1.79769313486232e+308,"",1.79769313486232e+308,1.79769313486232e+308,1.79769313486232e+308,1.79769313486232e+308
44,"6/22/99",1,2810459,15,"Undue harrassment by police",10000,1.79769313486232e+308,1.79769313486232e+308,1.79769313486232e+308
29,"6/22/99",1,2810541,1.79769313486232e+308,"",1.79769313486232e+308,1.79769313486232e+308,1.79769313486232e+308,1.79769313486232e+308
30,"6/22/99",1,2810641,8,"Huge expenditure due to illness",3000,17,24,3000
31,"6/22/99",1,2810741,1.79769313486232e+308,"",1.79769313486232e+308,1.79769313486232e+308,1.79769313486232e+308,1.79769313486232e+308
32,"6/22/99",1,2810841,3,"Burglery/Theft",10000,4,24,10000
33,"6/22/99",1,2810841,4,"Theft of cow/buffalo",1000,4,1.79769313486232e+308,1000
34,"6/22/99",1,2810941,1.79769313486232e+308,"",1.79769313486232e+308,1.79769313486232e+308,1.79769313486232e+308,1.79769313486232e+308
35,"6/22/99",1,2811041,1.79769313486232e+308,"",1.79769313486232e+308,1.79769313486232e+308,1.79769313486232e+308,1.79769313486232e+308
36,"6/22/99",1,2811141,1.79769313486232e+308,"",1.79769313486232e+308,1.79769313486232e+308,1.79769313486232e+308,1.79769313486232e+308
37,"6/22/99",1,2811341,1.79769313486232e+308,"",1.79769313486232e+308,1.79769313486232e+308,1.79769313486232e+308,1.79769313486232e+308
38,"6/22/99",1,2811441,1.79769313486232e+308,"",1.79769313486232e+308,1.79769313486232e+308,1.79769313486232e+308,1.79769313486232e+308
39,"6/22/99",1,2811741,1.79769313486232e+308,"",1.79769313486232e+308,1.79769313486232e+308,1.79769313486232e+308,1.79769313486232e+308
243,"7/06/99",1,2820141,1.79769313486232e+308,"",1.79769313486232e+308,1.79769313486232e+308,1.79769313486232e+308,1.79769313486232e+308
261,"7/06/99",1,2820151,1.79769313486232e+308,"",1.79769313486232e+308,1.79769313486232e+308,1.79769313486232e+308,1.79769313486232e+308
244,"7/06/99",1,2820241,1.79769313486232e+308,"",1.79769313486232e+308,1.79769313486232e+308,1.79769313486232e+308,1.79769313486232e+308
262,"7/06/99",1,2820251,1.79769313486232e+308,"",1.79769313486232e+308,1.79769313486232e+308,1.79769313486232e+308,1.79769313486232e+308
263,"7/06/99",1,2820351,1.79769313486232e+308,"",1.79769313486232e+308,1.79769313486232e+308,1.79769313486232e+308,1.79769313486232e+308
245,"7/06/99",1,2820441,1.79769313486232e+308,"",1.79769313486232e+308,1.79769313486232e+308,1.79769313486232e+308,1.79769313486232e+308
264,"7/06/99",1,2820459,27,"Burning of house by fire",4000,1,1.79769313486232e+308,1.79769313486232e+308
246,"7/06/99",1,2820541,1.79769313486232e+308,"",1.79769313486232e+308,1.79769313486232e+308,1.79769313486232e+308,1.79769313486232e+308
247,"7/06/99",1,2820741,1.79769313486232e+308,"",1.79769313486232e+308,1.79769313486232e+308,1.79769313486232e+308,1.79769313486232e+308
248,"7/06/99",1,2820841,1.79769313486232e+308,"",1.79769313486232e+308,1.79769313486232e+308,1.79769313486232e+308,1.79769313486232e+308
249,"7/06/99",1,2820941,3,"Burglery/Theft",50000,3,1.79769313486232e+308,50000
250,"7/06/99",1,2821041,1.79769313486232e+308,"",1.79769313486232e+308,1.79769313486232e+308,1.79769313486232e+308,1.79769313486232e+308
251,"7/06/99",1,2821141,1.79769313486232e+308,"",1.79769313486232e+308,1.79769313486232e+308,1.79769313486232e+308,1.79769313486232e+308
252,"7/06/99",1,2821241,8,"Huge expenditure due to illness",4000,4,1.79769313486232e+308,4000
253,"7/06/99",1,2821341,1.79769313486232e+308,"",1.79769313486232e+308,1.79769313486232e+308,1.79769313486232e+308,1.79769313486232e+308
254,"7/06/99",1,2821441,8,"Huge expenditure due to illness",4500,22,1.79769313486232e+308,4500
255,"7/06/99",1,2821541,1.79769313486232e+308,"",1.79769313486232e+308,1.79769313486232e+308,1.79769313486232e+308,1.79769313486232e+308
256,"7/06/99",1,2821542,1.79769313486232e+308,"",1.79769313486232e+308,1.79769313486232e+308,1.79769313486232e+308,1.79769313486232e+308
257,"7/06/99",1,2821543,1.79769313486232e+308,"",1.79769313486232e+308,1.79769313486232e+308,1.79769313486232e+308,1.79769313486232e+308
258,"7/06/99",1,2821544,1.79769313486232e+308,"",1.79769313486232e+308,1.79769313486232e+308,1.79769313486232e+308,1.79769313486232e+308
259,"7/06/99",1,2821641,1.79769313486232e+308,"",1.79769313486232e+308,1.79769313486232e+308,1.79769313486232e+308,1.79769313486232e+308
260,"7/06/99",1,2821741,8,"Huge expenditure due to illness",3500,4,1.79769313486232e+308,3500
99,"6/10/99",1,2830141,8,"Huge expenditure due to illness",3000,2,1.79769313486232e+308,3000
119,"6/10/99",1,2830151,8,"Huge expenditure due to illness",7000,12,1.79769313486232e+308,7000
100,"6/10/99",1,2830241,1.79769313486232e+308,"",1.79769313486232e+308,1.79769313486232e+308,1.79769313486232e+308,1.79769313486232e+308
120,"6/10/99",1,2830251,1.79769313486232e+308,"",1.79769313486232e+308,1.79769313486232e+308,1.79769313486232e+308,1.79769313486232e+308
121,"6/10/99",1,2830252,6,"Damage to house/land due to erosion",8000,1,1.79769313486232e+308,1.79769313486232e+308
122,"6/10/99",1,2830253,1.79769313486232e+308,"",1.79769313486232e+308,1.79769313486232e+308,1.79769313486232e+308,1.79769313486232e+308
101,"6/10/99",1,2830341,1.79769313486232e+308,"",1.79769313486232e+308,1.79769313486232e+308,1.79769313486232e+308,1.79769313486232e+308
102,"6/10/99",1,2830342,1.79769313486232e+308,"",1.79769313486232e+308,1.79769313486232e+308,1.79769313486232e+308,1.79769313486232e+308
103,"6/10/99",1,2830343,1.79769313486232e+308,"",1.79769313486232e+308,1.79769313486232e+308,1.79769313486232e+308,1.79769313486232e+308
123,"6/10/99",1,2830351,1.79769313486232e+308,"",1.79769313486232e+308,1.79769313486232e+308,1.79769313486232e+308,1.79769313486232e+308
104,"6/10/99",1,2830441,8,"Huge expenditure due to illness",1300,4,1.79769313486232e+308,1300
124,"6/10/99",1,2830459,16,"Expenditure incurred on court/polic",300000,3,1.79769313486232e+308,300000
105,"6/10/99",1,2830541,1.79769313486232e+308,"",1.79769313486232e+308,1.79769313486232e+308,1.79769313486232e+308,1.79769313486232e+308
106,"6/10/99",1,2830641,1.79769313486232e+308,"",1.79769313486232e+308,1.79769313486232e+308,1.79769313486232e+308,1.79769313486232e+308
107,"6/10/99",1,2830741,8,"Huge expenditure due to illness",11000,22,5,11000
108,"6/10/99",1,2830841,1.79769313486232e+308,"",1.79769313486232e+308,1.79769313486232e+308,1.79769313486232e+308,1.79769313486232e+308
109,"6/10/99",1,2830941,1.79769313486232e+308,"",1.79769313486232e+308,1.79769313486232e+308,1.79769313486232e+308,1.79769313486232e+308
110,"6/10/99",1,2831041,1.79769313486232e+308,"",1.79769313486232e+308,1.79769313486232e+308,1.79769313486232e+308,1.79769313486232e+308
111,"6/10/99",1,2831141,1.79769313486232e+308,"",1.79769313486232e+308,1.79769313486232e+308,1.79769313486232e+308,1.79769313486232e+308
112,"6/10/99",1,2831241,8,"Huge expenditure due to illness",11700,22,4,11700
113,"6/10/99",1,2831341,1.79769313486232e+308,"",1.79769313486232e+308,1.79769313486232e+308,1.79769313486232e+308,1.79769313486232e+308
114,"6/10/99",1,2831441,8,"Huge expenditure due to illness",6000,20,1.79769313486232e+308,6000
115,"6/10/99",1,2831442,1.79769313486232e+308,"",1.79769313486232e+308,1.79769313486232e+308,1.79769313486232e+308,1.79769313486232e+308
116,"6/10/99",1,2831541,1.79769313486232e+308,"",1.79769313486232e+308,1.79769313486232e+308,1.79769313486232e+308,1.79769313486232e+308
117,"6/10/99",1,2831641,1.79769313486232e+308,"",1.79769313486232e+308,1.79769313486232e+308,1.79769313486232e+308,1.79769313486232e+308
118,"6/10/99",1,2831741,1.79769313486232e+308,"",1.79769313486232e+308,1.79769313486232e+308,1.79769313486232e+308,1.79769313486232e+308
27,"6/26/99",1,2840149,1.79769313486232e+308,"",1.79769313486232e+308,1.79769313486232e+308,1.79769313486232e+308,1.79769313486232e+308
42,"6/26/99",1,2840159,8,"Huge expenditure due to illness",45000,2,3,45000
43,"6/26/99",1,2840159,16,"Expenditure incurred on court/polic",31000,2,3,31000
28,"6/26/99",1,2840249,1.79769313486232e+308,"",1.79769313486232e+308,1.79769313486232e+308,1.79769313486232e+308,1.79769313486232e+308
44,"6/26/99",1,2840259,1.79769313486232e+308,"",1.79769313486232e+308,1.79769313486232e+308,1.79769313486232e+308,1.79769313486232e+308
29,"6/26/99",1,2840349,1.79769313486232e+308,"",1.79769313486232e+308,1.79769313486232e+308,1.79769313486232e+308,1.79769313486232e+308
45,"6/26/99",1,2840359,1.79769313486232e+308,"",1.79769313486232e+308,1.79769313486232e+308,1.79769313486232e+308,1.79769313486232e+308
30,"6/26/99",1,2840449,1.79769313486232e+308,"",1.79769313486232e+308,1.79769313486232e+308,1.79769313486232e+308,1.79769313486232e+308
46,"6/26/99",1,2840459,1.79769313486232e+308,"",1.79769313486232e+308,1.79769313486232e+308,1.79769313486232e+308,1.79769313486232e+308
31,"6/26/99",1,2840549,1.79769313486232e+308,"",1.79769313486232e+308,1.79769313486232e+308,1.79769313486232e+308,1.79769313486232e+308
47,"6/26/99",1,2840559,1.79769313486232e+308,"",1.79769313486232e+308,1.79769313486232e+308,1.79769313486232e+308,1.79769313486232e+308
32,"6/26/99",1,2840649,1.79769313486232e+308,"",1.79769313486232e+308,1.79769313486232e+308,1.79769313486232e+308,1.79769313486232e+308
33,"6/26/99",1,2840749,1.79769313486232e+308,"",1.79769313486232e+308,1.79769313486232e+308,1.79769313486232e+308,1.79769313486232e+308
34,"6/26/99",1,2840849,1.79769313486232e+308,"",1.79769313486232e+308,1.79769313486232e+308,1.79769313486232e+308,1.79769313486232e+308
35,"6/26/99",1,2840949,1.79769313486232e+308,"",1.79769313486232e+308,1.79769313486232e+308,1.79769313486232e+308,1.79769313486232e+308
36,"6/26/99",1,2841049,1.79769313486232e+308,"",1.79769313486232e+308,1.79769313486232e+308,1.79769313486232e+308,1.79769313486232e+308
37,"6/26/99",1,2841149,1.79769313486232e+308,"",1.79769313486232e+308,1.79769313486232e+308,1.79769313486232e+308,1.79769313486232e+308
38,"6/26/99",1,2841249,1.79769313486232e+308,"",1.79769313486232e+308,1.79769313486232e+308,1.79769313486232e+308,1.79769313486232e+308
39,"6/26/99",1,2841349,1.79769313486232e+308,"",1.79769313486232e+308,1.79769313486232e+308,1.79769313486232e+308,1.79769313486232e+308
40,"6/26/99",1,2841449,1.79769313486232e+308,"",1.79769313486232e+308,1.79769313486232e+308,1.79769313486232e+308,1.79769313486232e+308
41,"6/26/99",1,2841549,1.79769313486232e+308,"",1.79769313486232e+308,1.79769313486232e+308,1.79769313486232e+308,1.79769313486232e+308
192,"6/20/99",1,2910141,1.79769313486232e+308,"",1.79769313486232e+308,1.79769313486232e+308,1.79769313486232e+308,1.79769313486232e+308
210,"6/24/99",1,2910151,1.79769313486232e+308,"",1.79769313486232e+308,1.79769313486232e+308,1.79769313486232e+308,1.79769313486232e+308
193,"6/24/99",1,2910241,1.79769313486232e+308,"",1.79769313486232e+308,1.79769313486232e+308,1.79769313486232e+308,1.79769313486232e+308
211,"6/24/99",1,2910251,24,"Expenditure for daughter's marriage",6500,12,4,6500
194,"6/24/99",1,2910341,1.79769313486232e+308,"",1.79769313486232e+308,1.79769313486232e+308,1.79769313486232e+308,1.79769313486232e+308
212,"6/24/99",1,2910351,16,"Expenditure incurred on court/polic",2200,12,1.79769313486232e+308,2200
195,"6/24/99",1,2910441,1.79769313486232e+308,"",1.79769313486232e+308,1.79769313486232e+308,1.79769313486232e+308,1.79769313486232e+308
213,"6/24/99",1,2910459,8,"Huge expenditure due to illness",13000,12,2,13000
214,"6/24/99",1,2910459,24,"Expenditure for daughter's marriage",170000,3,2,170000
196,"6/24/99",1,2910541,1.79769313486232e+308,"",1.79769313486232e+308,1.79769313486232e+308,1.79769313486232e+308,1.79769313486232e+308
197,"6/24/99",1,2910641,7,"Damage to house/land due to cyclone",15000,1,1.79769313486232e+308,1.79769313486232e+308
198,"6/24/99",1,2910741,1.79769313486232e+308,"",1.79769313486232e+308,1.79769313486232e+308,1.79769313486232e+308,1.79769313486232e+308
199,"6/24/99",1,2910841,1.79769313486232e+308,"",1.79769313486232e+308,1.79769313486232e+308,1.79769313486232e+308,1.79769313486232e+308
200,"6/24/99",1,2911041,1.79769313486232e+308,"",1.79769313486232e+308,1.79769313486232e+308,1.79769313486232e+308,1.79769313486232e+308
201,"6/24/99",1,2911141,1.79769313486232e+308,"",1.79769313486232e+308,1.79769313486232e+308,1.79769313486232e+308,1.79769313486232e+308
202,"6/24/99",1,2911241,24,"Expenditure for daughter's marriage",9000,12,4,9000
203,"6/24/99",1,2911242,1.79769313486232e+308,"",1.79769313486232e+308,1.79769313486232e+308,1.79769313486232e+308,1.79769313486232e+308
204,"6/24/99",1,2911243,1.79769313486232e+308,"",1.79769313486232e+308,1.79769313486232e+308,1.79769313486232e+308,1.79769313486232e+308
205,"6/24/99",1,2911341,1.79769313486232e+308,"",1.79769313486232e+308,1.79769313486232e+308,1.79769313486232e+308,1.79769313486232e+308
206,"6/24/99",1,2911441,1.79769313486232e+308,"",1.79769313486232e+308,1.79769313486232e+308,1.79769313486232e+308,1.79769313486232e+308
207,"6/24/99",1,2911541,8,"Huge expenditure due to illness",1200,12,1.79769313486232e+308,1200
208,"6/24/99",1,2911641,1.79769313486232e+308,"",1.79769313486232e+308,1.79769313486232e+308,1.79769313486232e+308,1.79769313486232e+308
209,"6/24/99",1,2911741,1.79769313486232e+308,"",1.79769313486232e+308,1.79769313486232e+308,1.79769313486232e+308,1.79769313486232e+308
28,"6/05/99",1,2920141,1.79769313486232e+308,"",1.79769313486232e+308,1.79769313486232e+308,1.79769313486232e+308,1.79769313486232e+308
29,"6/05/99",1,2920142,1.79769313486232e+308,"",1.79769313486232e+308,1.79769313486232e+308,1.79769313486232e+308,1.79769313486232e+308
50,"6/05/99",1,2920151,1.79769313486232e+308,"",1.79769313486232e+308,1.79769313486232e+308,1.79769313486232e+308,1.79769313486232e+308
51,"6/05/99",1,2920152,1.79769313486232e+308,"",1.79769313486232e+308,1.79769313486232e+308,1.79769313486232e+308,1.79769313486232e+308
30,"6/05/99",1,2920241,1.79769313486232e+308,"",1.79769313486232e+308,1.79769313486232e+308,1.79769313486232e+308,1.79769313486232e+308
31,"6/05/99",1,2920242,1.79769313486232e+308,"",1.79769313486232e+308,1.79769313486232e+308,1.79769313486232e+308,1.79769313486232e+308
52,"6/05/99",1,2920251,1.79769313486232e+308,"",1.79769313486232e+308,1.79769313486232e+308,1.79769313486232e+308,1.79769313486232e+308
32,"6/05/99",1,2920341,7,"Damage to house/land due to cyclone",3500,1,1.79769313486232e+308,1.79769313486232e+308
33,"6/05/99",1,2920342,7,"Damage to house/land due to cyclone",3000,23,1.79769313486232e+308,3000
34,"6/05/99",1,2920343,1.79769313486232e+308,"",1.79769313486232e+308,1.79769313486232e+308,1.79769313486232e+308,1.79769313486232e+308
53,"6/05/99",1,2920351,2,"Death of primary income eraner",10000,12,1.79769313486232e+308,7000
35,"6/05/99",1,2920441,5,"Death of cow/buffalo",1500,1,1.79769313486232e+308,1.79769313486232e+308
36,"6/05/99",1,2920441,8,"Huge expenditure due to illness",14000,17,18,14000
54,"6/05/99",1,2920459,24,"Expenditure for daughter's marriage",30000,3,4,30000
37,"6/05/99",1,2920541,6,"Damage to house/land due to erosion",6000,18,1.79769313486232e+308,6000
38,"6/05/99",1,2920641,8,"Huge expenditure due to illness",1.79769313486232e+308,4,18,1500
39,"6/05/99",1,2920741,1.79769313486232e+308,"",1.79769313486232e+308,1.79769313486232e+308,1.79769313486232e+308,1.79769313486232e+308
40,"6/05/99",1,2920841,1.79769313486232e+308,"",1.79769313486232e+308,1.79769313486232e+308,1.79769313486232e+308,1.79769313486232e+308
41,"6/05/99",1,2920941,1.79769313486232e+308,"",1.79769313486232e+308,1.79769313486232e+308,1.79769313486232e+308,1.79769313486232e+308
42,"6/05/99",1,2921041,1.79769313486232e+308,"",1.79769313486232e+308,1.79769313486232e+308,1.79769313486232e+308,1.79769313486232e+308
43,"6/05/99",1,2921141,1,"Death of primary income eraner",1.79769313486232e+308,25,1.79769313486232e+308,1.79769313486232e+308
44,"6/05/99",1,2921241,1.79769313486232e+308,"",1.79769313486232e+308,1.79769313486232e+308,1.79769313486232e+308,1.79769313486232e+308
45,"6/05/99",1,2921341,10,"Evacuation from land",1.79769313486232e+308,15,22,8000
46,"6/05/99",1,2921441,1.79769313486232e+308,"",1.79769313486232e+308,1.79769313486232e+308,1.79769313486232e+308,1.79769313486232e+308
47,"6/05/99",1,2921442,15,"Undue harrassment by police",1500,15,22,1500
48,"6/05/99",1,2921541,8,"Huge expenditure due to illness",2000,2,7,2000
49,"6/05/99",1,2921542,1.79769313486232e+308,"",1.79769313486232e+308,1.79769313486232e+308,1.79769313486232e+308,1.79769313486232e+308
42,"8/06/99",1,2930141,8,"Huge expenditure due to illness",7000,2,4,7000
59,"8/06/99",1,2930151,1.79769313486232e+308,"",1.79769313486232e+308,1.79769313486232e+308,1.79769313486232e+308,1.79769313486232e+308
43,"8/06/99",1,2930241,1.79769313486232e+308,"",1.79769313486232e+308,1.79769313486232e+308,1.79769313486232e+308,1.79769313486232e+308
44,"8/06/99",1,2930242,1.79769313486232e+308,"",1.79769313486232e+308,1.79769313486232e+308,1.79769313486232e+308,1.79769313486232e+308
60,"8/06/99",1,2930251,13,"Unnatural death of family member",1.79769313486232e+308,2,4,5000
45,"8/06/99",1,2930341,1.79769313486232e+308,"",1.79769313486232e+308,1.79769313486232e+308,1.79769313486232e+308,1.79769313486232e+308
61,"8/06/99",1,2930351,1.79769313486232e+308,"",1.79769313486232e+308,1.79769313486232e+308,1.79769313486232e+308,1.79769313486232e+308
62,"8/06/99",1,2930352,30,"Others",1.79769313486232e+308,2,1.79769313486232e+308,1.79769313486232e+308
63,"8/06/99",1,2930353,1.79769313486232e+308,"",1.79769313486232e+308,1.79769313486232e+308,1.79769313486232e+308,1.79769313486232e+308
46,"8/06/99",1,2930441,30,"Others",16000,12,1.79769313486232e+308,16000
64,"8/06/99",1,2930459,1.79769313486232e+308,"",1.79769313486232e+308,1.79769313486232e+308,1.79769313486232e+308,1.79769313486232e+308
47,"8/06/99",1,2930541,1.79769313486232e+308,"",1.79769313486232e+308,1.79769313486232e+308,1.79769313486232e+308,1.79769313486232e+308
48,"8/06/99",1,2930641,1.79769313486232e+308,"",1.79769313486232e+308,1.79769313486232e+308,1.79769313486232e+308,1.79769313486232e+308
49,"8/06/99",1,2930741,1.79769313486232e+308,"",1.79769313486232e+308,1.79769313486232e+308,1.79769313486232e+308,1.79769313486232e+308
50,"8/06/99",1,2930841,1.79769313486232e+308,"",1.79769313486232e+308,1.79769313486232e+308,1.79769313486232e+308,1.79769313486232e+308
51,"8/06/99",1,2930941,8,"Huge expenditure due to illness",6000,2,16,6000
52,"8/06/99",1,2931041,1.79769313486232e+308,"",1.79769313486232e+308,1.79769313486232e+308,1.79769313486232e+308,1.79769313486232e+308
53,"8/06/99",1,2931141,1.79769313486232e+308,"",1.79769313486232e+308,1.79769313486232e+308,1.79769313486232e+308,1.79769313486232e+308
54,"8/06/99",1,2931241,1.79769313486232e+308,"",1.79769313486232e+308,1.79769313486232e+308,1.79769313486232e+308,1.79769313486232e+308
55,"8/06/99",1,2931341,1.79769313486232e+308,"",1.79769313486232e+308,1.79769313486232e+308,1.79769313486232e+308,1.79769313486232e+308
56,"8/06/99",1,2931441,1.79769313486232e+308,"",1.79769313486232e+308,1.79769313486232e+308,1.79769313486232e+308,1.79769313486232e+308
57,"8/06/99",1,2931541,1.79769313486232e+308,"",1.79769313486232e+308,1.79769313486232e+308,1.79769313486232e+308,1.79769313486232e+308
58,"8/06/99",1,2931641,1.79769313486232e+308,"",1.79769313486232e+308,1.79769313486232e+308,1.79769313486232e+308,1.79769313486232e+308
1,"7/07/99",1,3010119,1.79769313486232e+308,"",1.79769313486232e+308,1.79769313486232e+308,1.79769313486232e+308,1.79769313486232e+308
18,"8/17/99",1,3010149,7,"Damage to house/land due to cyclone",5000,7,2,5000
19,"8/17/99",1,3010149,8,"Huge expenditure due to illness",3000,7,2,3000
28,"8/17/99",1,3010159,7,"Damage to house/land due to cyclone",18000,1,1.79769313486232e+308,1.79769313486232e+308
29,"8/17/99",1,3010159,8,"Huge expenditure due to illness",40000,7,1,40000
2,"8/17/99",1,3010219,7,"Damage to house/land due to cyclone",800,1,1.79769313486232e+308,1.79769313486232e+308
3,"8/17/99",1,3010219,8,"Huge expenditure due to illness",3000,23,2,1500
20,"8/17/99",1,3010249,8,"Huge expenditure due to illness",3000,7,2,2000
30,"8/17/99",1,3010259,8,"Huge expenditure due to illness",15000,2,22,15000
4,"8/17/99",1,3010319,2,"Crop damage",3000,1.79769313486232e+308,1.79769313486232e+308,1.79769313486232e+308
5,"8/17/99",1,3010319,7,"Damage to house/land due to cyclone",3000,1,1.79769313486232e+308,1.79769313486232e+308
6,"8/17/99",1,3010319,8,"Huge expenditure due to illness",5000,7,1.79769313486232e+308,5000
21,"8/17/99",1,3010349,8,"Huge expenditure due to illness",2000,7,2,2000
31,"8/17/99",1,3010359,1.79769313486232e+308,"",1.79769313486232e+308,1.79769313486232e+308,1.79769313486232e+308,1.79769313486232e+308
7,"8/17/99",1,3010419,8,"Huge expenditure due to illness",2000,2,7,2000
22,"8/17/99",1,3010449,5,"Death of cow/buffalo",4000,1,1.79769313486232e+308,1.79769313486232e+308
23,"8/17/99",1,3010449,8,"Huge expenditure due to illness",6000,7,2,6000
32,"8/17/99",1,3010459,9,"Loss of money",10000,7,7,10000
8,"8/17/99",1,3010519,1.79769313486232e+308,"",1.79769313486232e+308,1.79769313486232e+308,1.79769313486232e+308,1.79769313486232e+308
24,"8/17/99",1,3010549,7,"Damage to house/land due to cyclone",1000,2,1,1000
25,"8/17/99",1,3010549,12,"Land related litigation",5000,3,22,5000
9,"8/17/99",1,3010619,8,"Huge expenditure due to illness",3000,7,2,3000
26,"8/17/99",1,3010649,3,"Burglery/Theft",30000,1,1.79769313486232e+308,1.79769313486232e+308
27,"8/17/99",1,3010649,7,"Damage to house/land due to cyclone",2000,7,1.79769313486232e+308,1.79769313486232e+308
10,"8/17/99",1,3010719,4,"Theft of cow/buffalo",12000,1,1.79769313486232e+308,1.79769313486232e+308
11,"8/17/99",1,3010719,7,"Damage to house/land due to cyclone",30000,6,1,20000
12,"8/17/99",1,3010719,9,"Loss of money",20000,6,7,20000
13,"8/17/99",1,3010839,7,"Damage to house/land due to cyclone",10000,2,23,10000
14,"8/17/99",1,3010919,8,"Huge expenditure due to illness",4000,7,1,4000
15,"8/17/99",1,3011019,7,"Damage to house/land due to cyclone",2000,1,1.79769313486232e+308,1.79769313486232e+308
16,"8/17/99",1,3011019,8,"Huge expenditure due to illness",3000,4,7,1.79769313486232e+308
17,"8/17/99",1,3011119,7,"Damage to house/land due to cyclone",10000,23,15,10000
33,"8/17/99",1,3020139,8,"Huge expenditure due to illness",10000,6,23,10000
43,"8/23/99",1,3020149,8,"Huge expenditure due to illness",10000,7,22,1.79769313486232e+308
50,"8/23/99",1,3020159,8,"Huge expenditure due to illness",9000,2,22,9000
34,"8/23/99",1,3020239,8,"Huge expenditure due to illness",6000,2,23,6000
44,"8/23/99",1,3020249,12,"Land related litigation",50000,3,23,50000
51,"8/23/99",1,3020259,8,"Huge expenditure due to illness",15000,2,7,1500
35,"8/23/99",1,3020339,8,"Huge expenditure due to illness",2000,2,7,2000
45,"8/23/99",1,3020349,24,"Expenditure for daughter's marriage",10000,5,22,10000
52,"8/23/99",1,3020359,1.79769313486232e+308,"",1.79769313486232e+308,1.79769313486232e+308,1.79769313486232e+308,1.79769313486232e+308
36,"8/23/99",1,3020439,8,"Huge expenditure due to illness",4000,22,2,4000
46,"8/23/99",1,3020449,1.79769313486232e+308,"",1.79769313486232e+308,1.79769313486232e+308,1.79769313486232e+308,1.79769313486232e+308
53,"8/23/99",1,3020459,5,"Death of cow/buffalo",3500,1,1.79769313486232e+308,1.79769313486232e+308
54,"8/23/99",1,3020459,7,"Damage to house/land due to cyclone",4000,1,1.79769313486232e+308,1.79769313486232e+308
55,"8/23/99",1,3020459,9,"Loss of money",50000,1,1.79769313486232e+308,1.79769313486232e+308
37,"8/23/99",1,3020539,8,"Huge expenditure due to illness",5000,2,22,5000
47,"8/23/99",1,3020549,8,"Huge expenditure due to illness",3000,2,7,6000
38,"8/23/99",1,3020639,8,"Huge expenditure due to illness",15000,2,23,15000
48,"8/23/99",1,3020649,1.79769313486232e+308,"",1.79769313486232e+308,1.79769313486232e+308,1.79769313486232e+308,1.79769313486232e+308
39,"8/23/99",1,3020739,8,"Huge expenditure due to illness",6000,22,7,6000
49,"8/23/99",1,3020749,8,"Huge expenditure due to illness",2000,22,1.79769313486232e+308,1.79769313486232e+308
40,"8/23/99",1,3020839,8,"Huge expenditure due to illness",10000,2,23,10000
41,"8/23/99",1,3020939,8,"Huge expenditure due to illness",5000,2,7,5000
42,"8/23/99",1,3021039,8,"Huge expenditure due to illness",12000,2,6,12000
72,"9/16/99",1,3030139,8,"Huge expenditure due to illness",15000,2,25,15000
73,"9/22/99",1,3030139,24,"Expenditure for daughter's marriage",30000,19,22,30000
79,"9/22/99",1,3030149,7,"Damage to house/land due to cyclone",3000,2,23,3000
92,"9/26/99",1,3030159,8,"Huge expenditure due to illness",6000,2,22,6000
74,"9/22/99",1,3030239,7,"Damage to house/land due to cyclone",10000,1,1.79769313486232e+308,1.79769313486232e+308
75,"9/22/99",1,3030239,8,"Huge expenditure due to illness",6000,2,7,6000
80,"9/22/99",1,3030249,8,"Huge expenditure due to illness",1200,5,1.79769313486232e+308,1200
93,"9/26/99",1,3030259,8,"Huge expenditure due to illness",10000,2,1.79769313486232e+308,10000
94,"9/26/99",1,3030259,9,"Loss of money",80000,2,4,80000
76,"9/22/99",1,3030339,8,"Huge expenditure due to illness",1000,5,22,1.79769313486232e+308
81,"9/22/99",1,3030349,7,"Damage to house/land due to cyclone",2000,2,7,2000
95,"9/26/99",1,3030359,1.79769313486232e+308,"",1.79769313486232e+308,1.79769313486232e+308,1.79769313486232e+308,1.79769313486232e+308
77,"9/22/99",1,3030439,8,"Huge expenditure due to illness",3000,2,23,3000
82,"9/22/99",1,3030449,8,"Huge expenditure due to illness",1500,2,7,1500
96,"9/26/99",1,3030459,9,"Loss of money",50000,1,1.79769313486232e+308,1.79769313486232e+308
78,"9/22/99",1,3030539,8,"Huge expenditure due to illness",4000,2,23,4000
83,"9/22/99",1,3030549,8,"Huge expenditure due to illness",15000,2,23,15000
84,"9/22/99",1,3030649,8,"Huge expenditure due to illness",12000,5,23,12000
85,"9/22/99",1,3030749,8,"Huge expenditure due to illness",10000,5,7,10000
86,"9/26/99",1,3030849,8,"Huge expenditure due to illness",4000,2,7,4000
87,"9/26/99",1,3030949,8,"Huge expenditure due to illness",5000,2,4,5000
88,"9/26/99",1,3031049,5,"Death of cow/buffalo",3000,1,1.79769313486232e+308,1.79769313486232e+308
89,"9/26/99",1,3031049,8,"Huge expenditure due to illness",6000,2,22,6000
90,"9/26/99",1,3031149,8,"Huge expenditure due to illness",4000,7,22,4000
91,"9/26/99",1,3031249,8,"Huge expenditure due to illness",500,2,7,500
83,"8/08/99",1,3110139,2,"Crop damage",50000,23,25,1.79769313486232e+308
84,"8/10/99",1,3110139,5,"Death of cow/buffalo",5000,23,1.79769313486232e+308,1.79769313486232e+308
85,"8/10/99",1,3110139,8,"Huge expenditure due to illness",10000,23,25,1.79769313486232e+308
86,"8/10/99",1,3110139,9,"Loss of money",10000,1,1.79769313486232e+308,1.79769313486232e+308
87,"8/10/99",1,3110139,10,"Evacuation from land",20000,8,1.79769313486232e+308,4000
88,"8/10/99",1,3110139,12,"Land related litigation",2000,1,1.79769313486232e+308,1.79769313486232e+308
89,"8/10/99",1,3110139,18,"Threat to kill",1.79769313486232e+308,11,1.79769313486232e+308,1.79769313486232e+308
109,"8/10/99",1,3110149,5,"Death of cow/buffalo",4000,1,1.79769313486232e+308,1.79769313486232e+308
125,"8/10/99",1,3110159,2,"Crop damage",9000,2,1.79769313486232e+308,1.79769313486232e+308
126,"8/10/99",1,3110159,3,"Burglery/Theft",30000,1,1.79769313486232e+308,1.79769313486232e+308
127,"8/10/99",1,3110159,7,"Damage to house/land due to cyclone",12000,2,17,1.79769313486232e+308
128,"8/10/99",1,3110159,8,"Huge expenditure due to illness",2500,2,1.79769313486232e+308,1.79769313486232e+308
129,"8/10/99",1,3110159,9,"Loss of money",76000,1,1.79769313486232e+308,1.79769313486232e+308
90,"8/10/99",1,3110239,2,"Crop damage",40000,22,23,1.79769313486232e+308
91,"8/10/99",1,3110239,7,"Damage to house/land due to cyclone",1000,2,1.79769313486232e+308,1.79769313486232e+308
123,"8/10/99",1,3110249,7,"Damage to house/land due to cyclone",3000,4,1.79769313486232e+308,1.79769313486232e+308
124,"8/10/99",1,3110249,8,"Huge expenditure due to illness",9000,2,22,1.79769313486232e+308
130,"8/10/99",1,3110259,2,"Crop damage",20000,2,25,1.79769313486232e+308
131,"8/10/99",1,3110259,3,"Burglery/Theft",1500,1,1.79769313486232e+308,1.79769313486232e+308
92,"8/10/99",1,3110339,2,"Crop damage",35000,5,23,1.79769313486232e+308
93,"8/10/99",1,3110339,4,"Theft of cow/buffalo",3000,1,1.79769313486232e+308,1.79769313486232e+308
94,"8/10/99",1,3110339,6,"Damage to house/land due to erosion",8000,23,25,1.79769313486232e+308
95,"8/10/99",1,3110339,24,"Expenditure for daughter's marriage",40000,20,1.79769313486232e+308,1.79769313486232e+308
111,"8/10/99",1,3110349,2,"Crop damage",1500,1,1.79769313486232e+308,1.79769313486232e+308
112,"8/10/99",1,3110349,8,"Huge expenditure due to illness",3000,22,1.79769313486232e+308,1.79769313486232e+308
132,"8/10/99",1,3110359,2,"Crop damage",6000,2,1.79769313486232e+308,1.79769313486232e+308
96,"8/10/99",1,3110439,8,"Huge expenditure due to illness",500,15,1.79769313486232e+308,1.79769313486232e+308
97,"8/10/99",1,3110439,20,"Hyjacking",400,15,1.79769313486232e+308,1.79769313486232e+308
113,"8/10/99",1,3110449,2,"Crop damage",12000,11,18,300
133,"8/10/99",1,3110459,2,"Crop damage",30000,2,1.79769313486232e+308,1.79769313486232e+308
134,"8/10/99",1,3110459,3,"Burglery/Theft",7000,2,1.79769313486232e+308,1.79769313486232e+308
98,"8/10/99",1,3110539,2,"Crop damage",10000,5,23,1.79769313486232e+308
114,"8/10/99",1,3110549,2,"Crop damage",10000,2,1.79769313486232e+308,1.79769313486232e+308
115,"8/10/99",1,3110549,9,"Loss of money",3000,2,1.79769313486232e+308,1.79769313486232e+308
99,"8/10/99",1,3110639,11,"Threat of evacaution from land",1.79769313486232e+308,11,25,100
116,"8/10/99",1,3110649,2,"Crop damage",15000,2,5,1.79769313486232e+308
117,"8/10/99",1,3110649,3,"Burglery/Theft",55000,1,1.79769313486232e+308,1.79769313486232e+308
118,"8/10/99",1,3110649,7,"Damage to house/land due to cyclone",2500,2,1.79769313486232e+308,1.79769313486232e+308
119,"8/10/99",1,3110649,9,"Loss of money",45000,2,3,1.79769313486232e+308
120,"8/10/99",1,3110649,14,"Physical/mental harrassment",1.79769313486232e+308,15,22,1.79769313486232e+308
121,"8/10/99",1,3110649,18,"Threat to kill",1.79769313486232e+308,10,11,1.79769313486232e+308
122,"8/10/99",1,3110649,28,"Family feud",1.79769313486232e+308,25,1.79769313486232e+308,1.79769313486232e+308
100,"8/10/99",1,3110739,1.79769313486232e+308,"",1.79769313486232e+308,1.79769313486232e+308,1.79769313486232e+308,1.79769313486232e+308
101,"8/10/99",1,3110839,2,"Crop damage",10000,2,23,1.79769313486232e+308
102,"8/10/99",1,3110839,3,"Burglery/Theft",1000,1,1.79769313486232e+308,1.79769313486232e+308
103,"8/10/99",1,3110839,7,"Damage to house/land due to cyclone",3000,1,5,1.79769313486232e+308
104,"8/10/99",1,3110839,8,"Huge expenditure due to illness",1500,2,7,1.79769313486232e+308
105,"8/10/99",1,3110839,14,"Physical/mental harrassment",1.79769313486232e+308,8,25,700
106,"8/10/99",1,3110939,2,"Crop damage",2000,1,1.79769313486232e+308,1.79769313486232e+308
107,"8/10/99",1,3111039,7,"Damage to house/land due to cyclone",1000,22,1.79769313486232e+308,1.79769313486232e+308
108,"8/10/99",1,3111039,8,"Huge expenditure due to illness",50000,7,22,1.79769313486232e+308
110,"8/10/99",1,3111139,1.79769313486232e+308,"",1.79769313486232e+308,1.79769313486232e+308,1.79769313486232e+308,1.79769313486232e+308
79,"8/27/99",1,3120139,2,"Crop damage",10000,2,1.79769313486232e+308,1.79769313486232e+308
80,"8/27/99",1,3120139,7,"Damage to house/land due to cyclone",5000,2,1.79769313486232e+308,100
81,"8/27/99",1,3120139,8,"Huge expenditure due to illness",7000,2,23,1.79769313486232e+308
82,"8/27/99",1,3120139,11,"Threat of evacaution from land",1.79769313486232e+308,11,1.79769313486232e+308,1.79769313486232e+308
83,"8/27/99",1,3120139,14,"Physical/mental harrassment",1.79769313486232e+308,25,1.79769313486232e+308,1.79769313486232e+308
84,"8/27/99",1,3120139,19,"Kidnapping",1.79769313486232e+308,11,1.79769313486232e+308,1.79769313486232e+308
85,"8/27/99",1,3120139,20,"Hyjacking",2000,1,1.79769313486232e+308,1.79769313486232e+308
104,"8/27/99",1,3120149,2,"Crop damage",2000,1,1.79769313486232e+308,1.79769313486232e+308
105,"8/27/99",1,3120149,3,"Burglery/Theft",300,1,1.79769313486232e+308,1.79769313486232e+308
106,"8/27/99",1,3120149,7,"Damage to house/land due to cyclone",2000,15,23,1.79769313486232e+308
124,"8/27/99",1,3120159,2,"Crop damage",3000,22,1.79769313486232e+308,1.79769313486232e+308
125,"8/27/99",1,3120159,7,"Damage to house/land due to cyclone",1500,1,1.79769313486232e+308,1.79769313486232e+308
126,"8/27/99",1,3120159,24,"Expenditure for daughter's marriage",40000,3,1.79769313486232e+308,1.79769313486232e+308
127,"8/27/99",1,3120159,26,"Tortured by husband/other in-laws",1.79769313486232e+308,25,1.79769313486232e+308,1.79769313486232e+308
86,"8/27/99",1,3120239,7,"Damage to house/land due to cyclone",1500,7,23,1.79769313486232e+308
87,"8/27/99",1,3120239,8,"Huge expenditure due to illness",1500,5,23,1.79769313486232e+308
107,"8/27/99",1,3120249,2,"Crop damage",1500,2,1.79769313486232e+308,1.79769313486232e+308
108,"8/27/99",1,3120249,4,"Theft of cow/buffalo",2000,1,1.79769313486232e+308,1.79769313486232e+308
109,"8/27/99",1,3120249,5,"Death of cow/buffalo",1500,1,1.79769313486232e+308,1.79769313486232e+308
110,"8/27/99",1,3120249,7,"Damage to house/land due to cyclone",3000,2,1.79769313486232e+308,1.79769313486232e+308
111,"8/27/99",1,3120249,8,"Huge expenditure due to illness",2000,2,1.79769313486232e+308,1.79769313486232e+308
128,"8/27/99",1,3120259,2,"Crop damage",10000,2,1.79769313486232e+308,1.79769313486232e+308
129,"8/27/99",1,3120259,3,"Burglery/Theft",1000,1,1.79769313486232e+308,1.79769313486232e+308
130,"8/27/99",1,3120259,8,"Huge expenditure due to illness",700,2,1.79769313486232e+308,1.79769313486232e+308
88,"8/27/99",1,3120339,1,"Death of primary income eraner",1.79769313486232e+308,1,1.79769313486232e+308,1.79769313486232e+308
89,"8/27/99",1,3120339,7,"Damage to house/land due to cyclone",700,2,22,1.79769313486232e+308
112,"8/27/99",1,3120349,2,"Crop damage",10000,1,1.79769313486232e+308,1.79769313486232e+308
113,"8/27/99",1,3120349,3,"Burglery/Theft",2000,1,1.79769313486232e+308,1.79769313486232e+308
114,"8/27/99",1,3120349,8,"Huge expenditure due to illness",10000,2,1.79769313486232e+308,1.79769313486232e+308
131,"8/27/99",1,3120359,2,"Crop damage",1500,1,1.79769313486232e+308,1.79769313486232e+308
132,"8/27/99",1,3120359,3,"Burglery/Theft",200,1,1.79769313486232e+308,1.79769313486232e+308
133,"8/27/99",1,3120359,7,"Damage to house/land due to cyclone",900,2,1.79769313486232e+308,1.79769313486232e+308
134,"8/27/99",1,3120359,8,"Huge expenditure due to illness",1200,22,1.79769313486232e+308,1.79769313486232e+308
90,"8/27/99",1,3120439,2,"Crop damage",12000,2,23,1.79769313486232e+308
91,"8/27/99",1,3120439,8,"Huge expenditure due to illness",400,22,23,1.79769313486232e+308
115,"8/27/99",1,3120449,2,"Crop damage",15000,2,22,1.79769313486232e+308
116,"8/27/99",1,3120449,5,"Death of cow/buffalo",8000,1,1.79769313486232e+308,500
117,"8/27/99",1,3120449,7,"Damage to house/land due to cyclone",6000,2,17,1.79769313486232e+308
118,"8/27/99",1,3120449,24,"Expenditure for daughter's marriage",40000,22,25,1.79769313486232e+308
135,"8/27/99",1,3120459,2,"Crop damage",20000,2,1.79769313486232e+308,1.79769313486232e+308
136,"8/27/99",1,3120459,8,"Huge expenditure due to illness",10000,2,22,1.79769313486232e+308
92,"8/27/99",1,3120539,5,"Death of cow/buffalo",7000,1,1.79769313486232e+308,1.79769313486232e+308
93,"8/27/99",1,3120539,7,"Damage to house/land due to cyclone",500,2,1.79769313486232e+308,1.79769313486232e+308
94,"8/27/99",1,3120539,24,"Expenditure for daughter's marriage",15000,2,23,1.79769313486232e+308
119,"8/27/99",1,3120549,7,"Damage to house/land due to cyclone",500,1,1.79769313486232e+308,1.79769313486232e+308
120,"8/27/99",1,3120549,30,"Others",1400,25,1.79769313486232e+308,1.79769313486232e+308
95,"8/27/99",1,3120639,8,"Huge expenditure due to illness",6000,23,1.79769313486232e+308,1.79769313486232e+308
121,"8/27/99",1,3120649,2,"Crop damage",1500,25,1.79769313486232e+308,1.79769313486232e+308
122,"8/27/99",1,3120649,13,"Unnatural death of family member",1.79769313486232e+308,1,1.79769313486232e+308,4000
96,"8/27/99",1,3120739,7,"Damage to house/land due to cyclone",25000,2,23,1.79769313486232e+308
97,"8/27/99",1,3120739,8,"Huge expenditure due to illness",10000,2,23,1.79769313486232e+308
98,"8/27/99",1,3120739,11,"Threat of evacaution from land",1.79769313486232e+308,1,1.79769313486232e+308,1.79769313486232e+308
123,"8/27/99",1,3120749,2,"Crop damage",6000,1,1.79769313486232e+308,1.79769313486232e+308
99,"8/27/99",1,3120839,1.79769313486232e+308,"",1.79769313486232e+308,1.79769313486232e+308,1.79769313486232e+308,1.79769313486232e+308
100,"8/27/99",1,3120939,7,"Damage to house/land due to cyclone",500,7,1.79769313486232e+308,1.79769313486232e+308
101,"8/27/99",1,3120939,8,"Huge expenditure due to illness",1500,2,22,1.79769313486232e+308
102,"8/27/99",1,3121039,7,"Damage to house/land due to cyclone",3000,2,22,1.79769313486232e+308
103,"8/27/99",1,3121039,8,"Huge expenditure due to illness",2000,2,22,1.79769313486232e+308
76,"9/01/99",1,3130139,7,"Damage to house/land due to cyclone",8000,2,1.79769313486232e+308,8000
83,"9/06/99",1,3130149,9,"Loss of money",5000,5,22,1.79769313486232e+308
96,"9/06/99",1,3130159,7,"Damage to house/land due to cyclone",1000,2,1.79769313486232e+308,700
77,"9/06/99",1,3130239,7,"Damage to house/land due to cyclone",2000,2,1.79769313486232e+308,1.79769313486232e+308
78,"9/06/99",1,3130239,8,"Huge expenditure due to illness",2000,2,1.79769313486232e+308,1.79769313486232e+308
84,"9/06/99",1,3130249,2,"Crop damage",5000,1,1.79769313486232e+308,1.79769313486232e+308
97,"9/06/99",1,3130259,2,"Crop damage",3000,2,1.79769313486232e+308,3000
98,"9/06/99",1,3130259,8,"Huge expenditure due to illness",200000,7,5,200000
79,"9/06/99",1,3130339,7,"Damage to house/land due to cyclone",10000,1,1.79769313486232e+308,1.79769313486232e+308
85,"9/06/99",1,3130349,3,"Burglery/Theft",8000,10,1.79769313486232e+308,500
86,"9/06/99",1,3130349,7,"Damage to house/land due to cyclone",500,1,1.79769313486232e+308,1.79769313486232e+308
87,"9/06/99",1,3130349,9,"Loss of money",2200,1,1.79769313486232e+308,1.79769313486232e+308
99,"9/06/99",1,3130359,2,"Crop damage",12000,2,1.79769313486232e+308,8000
80,"9/06/99",1,3130439,6,"Damage to house/land due to erosion",1500,2,1.79769313486232e+308,1200
88,"9/06/99",1,3130449,1.79769313486232e+308,"",1.79769313486232e+308,1.79769313486232e+308,1.79769313486232e+308,1.79769313486232e+308
100,"9/06/99",1,3130459,2,"Crop damage",8000,2,1.79769313486232e+308,1.79769313486232e+308
101,"9/06/99",1,3130459,8,"Huge expenditure due to illness",5000,2,1.79769313486232e+308,1.79769313486232e+308
102,"9/06/99",1,3130459,9,"Loss of money",5000,1,1.79769313486232e+308,1.79769313486232e+308
81,"9/06/99",1,3130539,1.79769313486232e+308,"",1.79769313486232e+308,1.79769313486232e+308,1.79769313486232e+308,1.79769313486232e+308
89,"9/06/99",1,3130549,7,"Damage to house/land due to cyclone",1000,2,1.79769313486232e+308,1000
82,"9/06/99",1,3130629,7,"Damage to house/land due to cyclone",4000,1,1.79769313486232e+308,1.79769313486232e+308
90,"9/06/99",1,3130649,2,"Crop damage",7000,2,1.79769313486232e+308,6000
91,"9/06/99",1,3130749,7,"Damage to house/land due to cyclone",1500,2,1.79769313486232e+308,1500
92,"9/06/99",1,3130849,2,"Crop damage",15510,2,1.79769313486232e+308,12000
93,"9/06/99",1,3130949,1,"Death of primary income eraner",1.79769313486232e+308,1,1.79769313486232e+308,8000
94,"9/06/99",1,3131049,8,"Huge expenditure due to illness",500,2,22,1.79769313486232e+308
95,"9/06/99",1,3131149,1.79769313486232e+308,"",1.79769313486232e+308,1.79769313486232e+308,1.79769313486232e+308,1.79769313486232e+308
91,"8/12/99",1,3210139,5,"Death of cow/buffalo",7000,23,2,1.79769313486232e+308
92,"8/12/99",1,3210139,16,"Expenditure incurred on court/polic",54000,19,23,54000
93,"8/12/99",1,3210139,30,"Others",3700,1.79769313486232e+308,1.79769313486232e+308,1.79769313486232e+308
117,"8/12/99",1,3210149,7,"Damage to house/land due to cyclone",5000,2,1.79769313486232e+308,4000
127,"8/12/99",1,3210159,2,"Crop damage",4800,2,1.79769313486232e+308,1.79769313486232e+308
128,"8/12/99",1,3210159,7,"Damage to house/land due to cyclone",5000,2,1.79769313486232e+308,4200
94,"8/12/99",1,3210239,2,"Crop damage",5000,2,1.79769313486232e+308,400
95,"8/12/99",1,3210239,4,"Theft of cow/buffalo",5000,2,1.79769313486232e+308,5000
96,"8/12/99",1,3210239,7,"Damage to house/land due to cyclone",3000,1.79769313486232e+308,1.79769313486232e+308,3000
118,"8/12/99",1,3210249,7,"Damage to house/land due to cyclone",1000,2,1.79769313486232e+308,1200
129,"8/12/99",1,3210259,2,"Crop damage",3500,2,1.79769313486232e+308,1.79769313486232e+308
130,"8/12/99",1,3210259,7,"Damage to house/land due to cyclone",5000,2,1.79769313486232e+308,4000
131,"8/12/99",1,3210259,8,"Huge expenditure due to illness",7000,2,1.79769313486232e+308,7000
97,"8/12/99",1,3210339,2,"Crop damage",12000,2,22,1.79769313486232e+308
98,"8/12/99",1,3210339,7,"Damage to house/land due to cyclone",1500,23,2,2000
99,"8/12/99",1,3210339,24,"Expenditure for daughter's marriage",40000,23,20,40000
119,"8/12/99",1,3210349,6,"Damage to house/land due to erosion",1200,2,1.79769313486232e+308,1000
132,"8/12/99",1,3210359,2,"Crop damage",7000,1,1.79769313486232e+308,1.79769313486232e+308
133,"8/12/99",1,3210359,7,"Damage to house/land due to cyclone",10000,2,1.79769313486232e+308,8000
100,"8/12/99",1,3210439,2,"Crop damage",4000,2,24,1.79769313486232e+308
101,"8/12/99",1,3210439,7,"Damage to house/land due to cyclone",2000,23,1.79769313486232e+308,1500
120,"8/12/99",1,3210449,2,"Crop damage",1080,2,24,1.79769313486232e+308
121,"8/12/99",1,3210449,7,"Damage to house/land due to cyclone",4000,2,24,2800
134,"8/12/99",1,3210459,1.79769313486232e+308,"",1.79769313486232e+308,1.79769313486232e+308,1.79769313486232e+308,1.79769313486232e+308
102,"8/12/99",1,3210539,7,"Damage to house/land due to cyclone",500,2,1.79769313486232e+308,500
122,"8/12/99",1,3210549,7,"Damage to house/land due to cyclone",300,2,1.79769313486232e+308,200
123,"8/12/99",1,3210549,24,"Expenditure for daughter's marriage",33000,19,15,30000
103,"8/12/99",1,3210619,2,"Crop damage",50000,1,1.79769313486232e+308,1.79769313486232e+308
104,"8/12/99",1,3210619,3,"Burglery/Theft",4000,2,1.79769313486232e+308,1.79769313486232e+308
105,"8/12/99",1,3210619,4,"Theft of cow/buffalo",7000,1,1.79769313486232e+308,1.79769313486232e+308
106,"8/12/99",1,3210619,7,"Damage to house/land due to cyclone",1200,2,1.79769313486232e+308,1.79769313486232e+308
107,"8/12/99",1,3210619,9,"Loss of money",7000,1,1.79769313486232e+308,1.79769313486232e+308
124,"8/12/99",1,3210649,6,"Damage to house/land due to erosion",8000,2,1.79769313486232e+308,7000
125,"8/12/99",1,3210649,24,"Expenditure for daughter's marriage",4000,2,1.79769313486232e+308,4000
108,"8/12/99",1,3210739,7,"Damage to house/land due to cyclone",3000,23,24,6000
109,"8/12/99",1,3210739,20,"Hyjacking",5000,2,24,5000
110,"8/12/99",1,3210739,24,"Expenditure for daughter's marriage",40000,23,4,40000
126,"8/12/99",1,3210749,7,"Damage to house/land due to cyclone",10000,19,1.79769313486232e+308,8000
111,"8/12/99",1,3210829,9,"Loss of money",5000,2,1.79769313486232e+308,1.79769313486232e+308
112,"8/12/99",1,3210929,3,"Burglery/Theft",4500,22,19,1.79769313486232e+308
113,"8/12/99",1,3210929,16,"Expenditure incurred on court/polic",50000,19,22,50000
114,"8/12/99",1,3211039,2,"Crop damage",7200,23,2,6000
115,"8/12/99",1,3211039,5,"Death of cow/buffalo",7000,1,1.79769313486232e+308,1.79769313486232e+308
116,"8/12/99",1,3211039,7,"Damage to house/land due to cyclone",1200,23,2,1000
24,"8/22/99",1,3220139,7,"Damage to house/land due to cyclone",500,2,1.79769313486232e+308,500
38,"9/06/99",1,3220149,7,"Damage to house/land due to cyclone",6000,2,25,6000
45,"9/06/99",1,3220159,2,"Crop damage",3000,1,1.79769313486232e+308,1.79769313486232e+308
46,"9/06/99",1,3220159,5,"Death of cow/buffalo",7000,2,1.79769313486232e+308,6000
47,"9/06/99",1,3220159,7,"Damage to house/land due to cyclone",2000,2,1.79769313486232e+308,1000
25,"8/24/99",1,3220239,7,"Damage to house/land due to cyclone",2000,7,1.79769313486232e+308,2000
39,"9/06/99",1,3220249,1.79769313486232e+308,"",1.79769313486232e+308,1.79769313486232e+308,1.79769313486232e+308,1.79769313486232e+308
48,"9/06/99",1,3220259,2,"Crop damage",10000,1,1.79769313486232e+308,1.79769313486232e+308
26,"8/24/99",1,3220339,7,"Damage to house/land due to cyclone",1000,2,1.79769313486232e+308,700
40,"9/06/99",1,3220349,1.79769313486232e+308,"",1.79769313486232e+308,1.79769313486232e+308,1.79769313486232e+308,1.79769313486232e+308
49,"9/06/99",1,3220359,2,"Crop damage",10000,1,1.79769313486232e+308,1.79769313486232e+308
50,"9/06/99",1,3220359,7,"Damage to house/land due to cyclone",15000,1,1.79769313486232e+308,12000
27,"8/24/99",1,3220419,7,"Damage to house/land due to cyclone",8000,23,1.79769313486232e+308,8000
41,"9/06/99",1,3220449,2,"Crop damage",1500,1,1.79769313486232e+308,1.79769313486232e+308
42,"9/06/99",1,3220449,5,"Death of cow/buffalo",1000,1,1.79769313486232e+308,1.79769313486232e+308
43,"9/06/99",1,3220449,7,"Damage to house/land due to cyclone",3000,2,1.79769313486232e+308,2500
51,"9/06/99",1,3220459,2,"Crop damage",15000,1.79769313486232e+308,1.79769313486232e+308,1.79769313486232e+308
28,"8/24/99",1,3220539,30,"Others",600,1,1.79769313486232e+308,1.79769313486232e+308
44,"9/06/99",1,3220549,1.79769313486232e+308,"",1.79769313486232e+308,1.79769313486232e+308,1.79769313486232e+308,1.79769313486232e+308
29,"8/24/99",1,3220619,2,"Crop damage",4000,1,1.79769313486232e+308,1.79769313486232e+308
30,"8/24/99",1,3220739,7,"Damage to house/land due to cyclone",15000,23,1.79769313486232e+308,10000
31,"8/24/99",1,3220839,2,"Crop damage",1500,18,2,12000
32,"8/24/99",1,3220839,7,"Damage to house/land due to cyclone",4000,18,2,3000
33,"8/24/99",1,3220939,7,"Damage to house/land due to cyclone",1200,23,1.79769313486232e+308,1000
34,"8/24/99",1,3221019,5,"Death of cow/buffalo",3000,1,1.79769313486232e+308,1.79769313486232e+308
35,"8/24/99",1,3221019,6,"Damage to house/land due to erosion",4000,1,1.79769313486232e+308,1.79769313486232e+308
36,"8/24/99",1,3221139,7,"Damage to house/land due to cyclone",8000,2,1.79769313486232e+308,7000
37,"9/06/99",1,3221239,7,"Damage to house/land due to cyclone",5000,23,2,4000
52,"9/06/99",1,3230139,7,"Damage to house/land due to cyclone",5000,2,23,3000
66,"9/08/99",1,3230149,7,"Damage to house/land due to cyclone",15000,1,1.79769313486232e+308,1.79769313486232e+308
77,"9/10/99",1,3230159,7,"Damage to house/land due to cyclone",3000,2,1.79769313486232e+308,3000
53,"9/08/99",1,3230219,7,"Damage to house/land due to cyclone",30000,2,1.79769313486232e+308,2000
67,"9/08/99",1,3230249,7,"Damage to house/land due to cyclone",15000,2,1.79769313486232e+308,1000
78,"9/10/99",1,3230259,7,"Damage to house/land due to cyclone",2000,1,1.79769313486232e+308,1.79769313486232e+308
54,"9/08/99",1,3230339,6,"Damage to house/land due to erosion",7000,2,1.79769313486232e+308,4000
68,"9/10/99",1,3230349,3,"Burglery/Theft",10000,1,1.79769313486232e+308,1.79769313486232e+308
69,"9/10/99",1,3230349,7,"Damage to house/land due to cyclone",100000,1,1.79769313486232e+308,1.79769313486232e+308
79,"9/10/99",1,3230359,2,"Crop damage",12000,2,1.79769313486232e+308,12000
80,"9/10/99",1,3230359,7,"Damage to house/land due to cyclone",4000,2,1.79769313486232e+308,1000
55,"9/08/99",1,3230439,2,"Crop damage",1300,1,1.79769313486232e+308,1.79769313486232e+308
56,"9/08/99",1,3230439,7,"Damage to house/land due to cyclone",15000,2,1.79769313486232e+308,12000
57,"9/08/99",1,3230439,8,"Huge expenditure due to illness",8000,2,1.79769313486232e+308,8000
70,"9/10/99",1,3230449,3,"Burglery/Theft",1.79769313486232e+308,2,1.79769313486232e+308,10000
71,"9/10/99",1,3230449,7,"Damage to house/land due to cyclone",40000,1,1.79769313486232e+308,1.79769313486232e+308
81,"9/10/99",1,3230459,2,"Crop damage",7000,1,1.79769313486232e+308,1.79769313486232e+308
82,"9/10/99",1,3230459,7,"Damage to house/land due to cyclone",3000,3,1.79769313486232e+308,1500
58,"9/08/99",1,3230539,1,"Death of primary income eraner",1.79769313486232e+308,1,1.79769313486232e+308,1.79769313486232e+308
59,"9/08/99",1,3230539,7,"Damage to house/land due to cyclone",15000,1,1.79769313486232e+308,1.79769313486232e+308
72,"9/10/99",1,3230549,2,"Crop damage",4000,2,1.79769313486232e+308,4000
73,"9/10/99",1,3230549,7,"Damage to house/land due to cyclone",3000,2,1.79769313486232e+308,3000
60,"9/08/99",1,3230639,7,"Damage to house/land due to cyclone",1500,1,1.79769313486232e+308,1.79769313486232e+308
74,"9/10/99",1,3230649,2,"Crop damage",700,2,1.79769313486232e+308,6000
75,"9/10/99",1,3230649,7,"Damage to house/land due to cyclone",4000,2,1.79769313486232e+308,4000
61,"9/08/99",1,3230719,7,"Damage to house/land due to cyclone",2000,1,1.79769313486232e+308,1.79769313486232e+308
62,"9/08/99",1,3230719,8,"Huge expenditure due to illness",35000,1,1.79769313486232e+308,1.79769313486232e+308
76,"9/10/99",1,3230749,1.79769313486232e+308,"",1.79769313486232e+308,1.79769313486232e+308,1.79769313486232e+308,1.79769313486232e+308
63,"9/08/99",1,3230839,7,"Damage to house/land due to cyclone",1500,1,1.79769313486232e+308,1.79769313486232e+308
64,"9/08/99",1,3230939,7,"Damage to house/land due to cyclone",4000,2,1.79769313486232e+308,4000
65,"9/08/99",1,3231039,7,"Damage to house/land due to cyclone",3000,1,1.79769313486232e+308,1.79769313486232e+308