"casenum","date","weight_","hhcode","pid","oedid","oedde","s12_4q21","s12_4q22","s12_4q31","s12_4q32","s12_4q41","s12_4q42","s12_4q51","s12_4q52","s12_4q61","s12_4q62","s12_4q71","s12_4q72"
65,"11/02/99",1,120212,1,1,"Purchased",1.79769313486232e+308,300,1.79769313486232e+308,1.79769313486232e+308,50,2000,200,400,1.79769313486232e+308,1.79769313486232e+308,1.79769313486232e+308,1600
67,"11/02/99",1,120251,1,2,"Inherited",150,1.79769313486232e+308,1.79769313486232e+308,1.79769313486232e+308,500,1.79769313486232e+308,300,1.79769313486232e+308,1.79769313486232e+308,1.79769313486232e+308,1.79769313486232e+308,1.79769313486232e+308
66,"11/02/99",1,120251,1,1,"Purchased",1.79769313486232e+308,350,1.79769313486232e+308,1.79769313486232e+308,1.79769313486232e+308,3500,1.79769313486232e+308,2000,1.79769313486232e+308,1.79769313486232e+308,1.79769313486232e+308,4300
55,"11/02/99",1,130141,1,1,"Purchased",100,170,1.79769313486232e+308,1.79769313486232e+308,700,1000,500,700,1.79769313486232e+308,1.79769313486232e+308,1.79769313486232e+308,300
56,"11/02/99",1,130141,1,2,"Inherited",1.79769313486232e+308,1.79769313486232e+308,1.79769313486232e+308,1.79769313486232e+308,1.79769313486232e+308,1.79769313486232e+308,1.79769313486232e+308,1.79769313486232e+308,150,150,1.79769313486232e+308,1.79769313486232e+308
60,"11/02/99",1,130151,1,2,"Inherited",1.79769313486232e+308,1.79769313486232e+308,1.79769313486232e+308,1.79769313486232e+308,1.79769313486232e+308,1.79769313486232e+308,200,200,1.79769313486232e+308,1.79769313486232e+308,1.79769313486232e+308,1.79769313486232e+308
59,"11/02/99",1,130151,1,1,"Purchased",100,150,1.79769313486232e+308,1.79769313486232e+308,1.79769313486232e+308,1200,1.79769313486232e+308,1000,1.79769313486232e+308,1.79769313486232e+308,1200,1200
61,"11/02/99",1,130151,1,3,"Obtained as gift",1.79769313486232e+308,1.79769313486232e+308,1.79769313486232e+308,1.79769313486232e+308,400,400,1.79769313486232e+308,1.79769313486232e+308,1.79769313486232e+308,1.79769313486232e+308,1.79769313486232e+308,1.79769313486232e+308
57,"11/02/99",1,130241,1,1,"Purchased",180,180,1.79769313486232e+308,1.79769313486232e+308,2500,4200,600,900,1.79769313486232e+308,350,2000,3450
58,"11/02/99",1,130241,1,2,"Inherited",1.79769313486232e+308,1.79769313486232e+308,1.79769313486232e+308,1.79769313486232e+308,1.79769313486232e+308,1.79769313486232e+308,1.79769313486232e+308,1.79769313486232e+308,1.79769313486232e+308,1.79769313486232e+308,3000,3000
63,"11/02/99",1,130541,1,2,"Inherited",1.79769313486232e+308,1.79769313486232e+308,1.79769313486232e+308,1.79769313486232e+308,1500,1500,500,500,1.79769313486232e+308,1.79769313486232e+308,1.79769313486232e+308,1.79769313486232e+308
62,"11/02/99",1,130541,1,1,"Purchased",1.79769313486232e+308,250,1.79769313486232e+308,1.79769313486232e+308,1.79769313486232e+308,200,1.79769313486232e+308,600,1.79769313486232e+308,100,1.79769313486232e+308,150
64,"11/02/99",1,130712,1,1,"Purchased",1.79769313486232e+308,70,1.79769313486232e+308,1.79769313486232e+308,1.79769313486232e+308,2500,1.79769313486232e+308,800,1.79769313486232e+308,200,1.79769313486232e+308,500
70,"11/02/99",1,210251,1,1,"Purchased",500,500,1.79769313486232e+308,1.79769313486232e+308,30000,30000,2000,2000,250,250,15000,15000
71,"11/02/99",1,240119,1,1,"Purchased",1.79769313486232e+308,1.79769313486232e+308,1.79769313486232e+308,1.79769313486232e+308,100,500,150,400,1.79769313486232e+308,1.79769313486232e+308,240,240
72,"11/02/99",1,240219,1,1,"Purchased",200,300,1.79769313486232e+308,1.79769313486232e+308,1.79769313486232e+308,350,300,100,1.79769313486232e+308,1.79769313486232e+308,600,600
73,"11/02/99",1,240319,1,1,"Purchased",1.79769313486232e+308,1.79769313486232e+308,1.79769313486232e+308,1.79769313486232e+308,80,250,100,350,1.79769313486232e+308,1.79769313486232e+308,1.79769313486232e+308,1.79769313486232e+308
74,"11/02/99",1,240419,1,1,"Purchased",150,150,1.79769313486232e+308,1.79769313486232e+308,300,800,80,250,1.79769313486232e+308,1.79769313486232e+308,1.79769313486232e+308,1.79769313486232e+308
75,"11/02/99",1,240519,1,1,"Purchased",80,80,1.79769313486232e+308,1.79769313486232e+308,350,750,70,250,1.79769313486232e+308,1.79769313486232e+308,1.79769313486232e+308,1.79769313486232e+308
76,"11/02/99",1,240619,1,1,"Purchased",80,110,1.79769313486232e+308,1.79769313486232e+308,1.79769313486232e+308,200,100,400,1.79769313486232e+308,1.79769313486232e+308,1.79769313486232e+308,1.79769313486232e+308
77,"11/02/99",1,240719,1,1,"Purchased",40,40,1.79769313486232e+308,1.79769313486232e+308,150,500,100,400,1.79769313486232e+308,1.79769313486232e+308,1.79769313486232e+308,1.79769313486232e+308
79,"11/02/99",1,240819,1,3,"Obtained as gift",1.79769313486232e+308,1.79769313486232e+308,1.79769313486232e+308,1.79769313486232e+308,1.79769313486232e+308,1.79769313486232e+308,1.79769313486232e+308,1.79769313486232e+308,1.79769313486232e+308,4000,1.79769313486232e+308,1.79769313486232e+308
78,"11/02/99",1,240819,1,1,"Purchased",1.79769313486232e+308,250,1.79769313486232e+308,1.79769313486232e+308,1000,4000,200,1000,1.79769313486232e+308,1.79769313486232e+308,1.79769313486232e+308,1.79769313486232e+308
80,"11/02/99",1,240919,2,1,"Purchased",80,80,1.79769313486232e+308,1.79769313486232e+308,300,800,1.79769313486232e+308,250,1.79769313486232e+308,1.79769313486232e+308,1.79769313486232e+308,1.79769313486232e+308
81,"11/02/99",1,241019,1,1,"Purchased",800,1200,1.79769313486232e+308,1.79769313486232e+308,1000,2000,500,1500,1.79769313486232e+308,1.79769313486232e+308,1.79769313486232e+308,1.79769313486232e+308
87,"11/02/99",1,310251,1,1,"Purchased",350,350,1.79769313486232e+308,1.79769313486232e+308,4000,10000,600,600,1.79769313486232e+308,1.79769313486232e+308,1.79769313486232e+308,1.79769313486232e+308
88,"11/02/99",1,310251,2,3,"Obtained as gift",1.79769313486232e+308,1.79769313486232e+308,1.79769313486232e+308,1.79769313486232e+308,1.79769313486232e+308,1.79769313486232e+308,1.79769313486232e+308,1.79769313486232e+308,1.79769313486232e+308,1.79769313486232e+308,12000,12000
89,"11/02/99",1,320441,1,1,"Purchased",300,300,450,450,1.79769313486232e+308,1.79769313486232e+308,400,500,1.79769313486232e+308,1.79769313486232e+308,1.79769313486232e+308,1.79769313486232e+308
90,"11/02/99",1,320441,2,1,"Purchased",1.79769313486232e+308,1.79769313486232e+308,1.79769313486232e+308,1.79769313486232e+308,1.79769313486232e+308,1.79769313486232e+308,1.79769313486232e+308,1.79769313486232e+308,1.79769313486232e+308,1.79769313486232e+308,1.79769313486232e+308,200
91,"11/02/99",1,330141,1,1,"Purchased",1.79769313486232e+308,1.79769313486232e+308,1.79769313486232e+308,1.79769313486232e+308,500,500,450,450,1.79769313486232e+308,1.79769313486232e+308,1.79769313486232e+308,1.79769313486232e+308
92,"11/02/99",1,330541,1,1,"Purchased",1.79769313486232e+308,1.79769313486232e+308,1.79769313486232e+308,1.79769313486232e+308,500,1100,400,700,1.79769313486232e+308,1.79769313486232e+308,1.79769313486232e+308,1.79769313486232e+308
96,"11/02/99",1,410251,1,1,"Purchased",150,300,1.79769313486232e+308,1.79769313486232e+308,2000,3000,300,600,1.79769313486232e+308,300,1.79769313486232e+308,1.79769313486232e+308
97,"11/02/99",1,410251,2,1,"Purchased",1.79769313486232e+308,1.79769313486232e+308,1.79769313486232e+308,1.79769313486232e+308,1.79769313486232e+308,1.79769313486232e+308,1.79769313486232e+308,1.79769313486232e+308,1.79769313486232e+308,1.79769313486232e+308,2000,6000
94,"11/02/99",1,410341,1,2,"Inherited",200,1.79769313486232e+308,1.79769313486232e+308,1.79769313486232e+308,1.79769313486232e+308,1.79769313486232e+308,200,200,1.79769313486232e+308,1.79769313486232e+308,1.79769313486232e+308,1.79769313486232e+308
95,"11/02/99",1,410341,2,3,"Obtained as gift",1.79769313486232e+308,1.79769313486232e+308,1.79769313486232e+308,1.79769313486232e+308,1.79769313486232e+308,1.79769313486232e+308,1.79769313486232e+308,1.79769313486232e+308,1.79769313486232e+308,1.79769313486232e+308,700,700
93,"11/02/99",1,410341,1,1,"Purchased",1.79769313486232e+308,1.79769313486232e+308,1.79769313486232e+308,1.79769313486232e+308,1.79769313486232e+308,400,1.79769313486232e+308,200,1.79769313486232e+308,1.79769313486232e+308,1.79769313486232e+308,1.79769313486232e+308
99,"11/02/99",1,420251,1,2,"Inherited",250,1.79769313486232e+308,1.79769313486232e+308,1.79769313486232e+308,350,350,200,1.79769313486232e+308,1.79769313486232e+308,1.79769313486232e+308,1.79769313486232e+308,1.79769313486232e+308
100,"11/02/99",1,420251,2,1,"Purchased",1.79769313486232e+308,1.79769313486232e+308,1.79769313486232e+308,1.79769313486232e+308,1.79769313486232e+308,1.79769313486232e+308,1.79769313486232e+308,1.79769313486232e+308,1.79769313486232e+308,1.79769313486232e+308,160,1100
101,"11/02/99",1,420251,3,1,"Purchased",1.79769313486232e+308,1.79769313486232e+308,1.79769313486232e+308,1.79769313486232e+308,1.79769313486232e+308,1.79769313486232e+308,1.79769313486232e+308,1.79769313486232e+308,1.79769313486232e+308,1.79769313486232e+308,1.79769313486232e+308,500
98,"11/02/99",1,420251,1,1,"Purchased",1.79769313486232e+308,1.79769313486232e+308,1.79769313486232e+308,1.79769313486232e+308,1.79769313486232e+308,3000,1.79769313486232e+308,3000,1.79769313486232e+308,2500,1.79769313486232e+308,1.79769313486232e+308
108,"11/02/99",1,430151,1,1,"Purchased",300,350,1.79769313486232e+308,1.79769313486232e+308,1200,1000,500,600,1.79769313486232e+308,800,1.79769313486232e+308,1.79769313486232e+308
109,"11/02/99",1,430151,3,1,"Purchased",1.79769313486232e+308,1.79769313486232e+308,1.79769313486232e+308,1.79769313486232e+308,1.79769313486232e+308,1.79769313486232e+308,1.79769313486232e+308,1.79769313486232e+308,1.79769313486232e+308,1.79769313486232e+308,200,200
105,"11/02/99",1,430341,2,1,"Purchased",1.79769313486232e+308,1.79769313486232e+308,1.79769313486232e+308,1.79769313486232e+308,1.79769313486232e+308,1.79769313486232e+308,1.79769313486232e+308,1.79769313486232e+308,1.79769313486232e+308,1.79769313486232e+308,1000,800
104,"11/02/99",1,430341,1,1,"Purchased",200,200,1.79769313486232e+308,1.79769313486232e+308,1000,3000,500,1000,700,7000,1.79769313486232e+308,1.79769313486232e+308
110,"11/02/99",1,430459,1,1,"Purchased",210,300,1.79769313486232e+308,1.79769313486232e+308,1000,3500,300,450,1.79769313486232e+308,250,1.79769313486232e+308,1.79769313486232e+308
111,"11/02/99",1,430459,2,1,"Purchased",1.79769313486232e+308,1.79769313486232e+308,1.79769313486232e+308,1.79769313486232e+308,1.79769313486232e+308,1.79769313486232e+308,1.79769313486232e+308,1.79769313486232e+308,1.79769313486232e+308,1.79769313486232e+308,250,1200
106,"11/02/99",1,430541,1,1,"Purchased",250,250,1.79769313486232e+308,1.79769313486232e+308,500,4000,250,550,500,5000,1.79769313486232e+308,1.79769313486232e+308
107,"11/02/99",1,430541,2,1,"Purchased",1.79769313486232e+308,1.79769313486232e+308,1.79769313486232e+308,1.79769313486232e+308,1.79769313486232e+308,1.79769313486232e+308,1.79769313486232e+308,1.79769313486232e+308,1.79769313486232e+308,1.79769313486232e+308,600,1600
103,"11/02/99",1,430812,2,3,"Obtained as gift",1.79769313486232e+308,1.79769313486232e+308,1.79769313486232e+308,1.79769313486232e+308,1.79769313486232e+308,1.79769313486232e+308,1.79769313486232e+308,1.79769313486232e+308,1.79769313486232e+308,1.79769313486232e+308,1.79769313486232e+308,500
102,"11/02/99",1,430812,1,1,"Purchased",1.79769313486232e+308,1.79769313486232e+308,1.79769313486232e+308,1.79769313486232e+308,300,5000,150,400,1.79769313486232e+308,1.79769313486232e+308,1.79769313486232e+308,1.79769313486232e+308
2,"9/09/99",1,440119,1,2,"Inherited",3,1.79769313486232e+308,1.79769313486232e+308,1.79769313486232e+308,1.79769313486232e+308,1.79769313486232e+308,1.79769313486232e+308,1.79769313486232e+308,1.79769313486232e+308,1.79769313486232e+308,450,450
1,"9/09/99",1,440119,1,1,"Purchased",300,300,1.79769313486232e+308,1.79769313486232e+308,300,800,200,500,0,1200,1.79769313486232e+308,1.79769313486232e+308
4,"9/09/99",1,440219,3,1,"Purchased",1.79769313486232e+308,1.79769313486232e+308,1.79769313486232e+308,1.79769313486232e+308,1.79769313486232e+308,1.79769313486232e+308,1.79769313486232e+308,1.79769313486232e+308,1.79769313486232e+308,1.79769313486232e+308,1.79769313486232e+308,7000
3,"9/09/99",1,440219,1,1,"Purchased",240,240,1.79769313486232e+308,1.79769313486232e+308,1.79769313486232e+308,2000,500,1500,1.79769313486232e+308,1.79769313486232e+308,1.79769313486232e+308,1.79769313486232e+308
6,"9/09/99",1,440319,1,2,"Inherited",200,1.79769313486232e+308,1.79769313486232e+308,1.79769313486232e+308,1.79769313486232e+308,1.79769313486232e+308,1.79769313486232e+308,1.79769313486232e+308,1.79769313486232e+308,1.79769313486232e+308,1.79769313486232e+308,1.79769313486232e+308
5,"9/09/99",1,440319,1,1,"Purchased",1.79769313486232e+308,1.79769313486232e+308,1.79769313486232e+308,1.79769313486232e+308,1.79769313486232e+308,4000,200,1050,1.79769313486232e+308,1.79769313486232e+308,1.79769313486232e+308,1.79769313486232e+308
8,"9/09/99",1,440419,2,3,"Obtained as gift",1.79769313486232e+308,1.79769313486232e+308,1.79769313486232e+308,1.79769313486232e+308,1.79769313486232e+308,1.79769313486232e+308,1.79769313486232e+308,1.79769313486232e+308,1.79769313486232e+308,1.79769313486232e+308,450,450
7,"9/09/99",1,440419,1,1,"Purchased",0,200,1.79769313486232e+308,1.79769313486232e+308,1.79769313486232e+308,1.79769313486232e+308,300,580,1.79769313486232e+308,1.79769313486232e+308,1.79769313486232e+308,1.79769313486232e+308
9,"9/09/99",1,440519,1,1,"Purchased",1.79769313486232e+308,1.79769313486232e+308,1.79769313486232e+308,1.79769313486232e+308,500,1500,300,700,0,2500,1.79769313486232e+308,1.79769313486232e+308
11,"9/09/99",1,440519,3,1,"Purchased",1.79769313486232e+308,1.79769313486232e+308,1.79769313486232e+308,1.79769313486232e+308,1.79769313486232e+308,1.79769313486232e+308,1.79769313486232e+308,1.79769313486232e+308,1.79769313486232e+308,1.79769313486232e+308,1.79769313486232e+308,2800
10,"9/09/99",1,440519,1,2,"Inherited",400,400,1.79769313486232e+308,1.79769313486232e+308,1.79769313486232e+308,1.79769313486232e+308,1.79769313486232e+308,1.79769313486232e+308,1.79769313486232e+308,1.79769313486232e+308,1.79769313486232e+308,1.79769313486232e+308
14,"9/09/99",1,440619,2,1,"Purchased",1.79769313486232e+308,1.79769313486232e+308,1.79769313486232e+308,1.79769313486232e+308,1.79769313486232e+308,1.79769313486232e+308,1.79769313486232e+308,1.79769313486232e+308,1.79769313486232e+308,1.79769313486232e+308,1300,1300
12,"9/09/99",1,440619,1,1,"Purchased",1.79769313486232e+308,200,1.79769313486232e+308,1.79769313486232e+308,1.79769313486232e+308,800,200,500,1.79769313486232e+308,1.79769313486232e+308,1.79769313486232e+308,1.79769313486232e+308
13,"9/09/99",1,440619,1,2,"Inherited",200,200,1.79769313486232e+308,1.79769313486232e+308,1.79769313486232e+308,1.79769313486232e+308,1.79769313486232e+308,1.79769313486232e+308,1.79769313486232e+308,1.79769313486232e+308,1.79769313486232e+308,1.79769313486232e+308
15,"9/09/99",1,440719,1,1,"Purchased",200,500,1.79769313486232e+308,1.79769313486232e+308,1.79769313486232e+308,1000,200,500,1.79769313486232e+308,1.79769313486232e+308,1.79769313486232e+308,1.79769313486232e+308
16,"9/09/99",1,440719,2,3,"Obtained as gift",1.79769313486232e+308,1.79769313486232e+308,1.79769313486232e+308,1.79769313486232e+308,1.79769313486232e+308,1.79769313486232e+308,1.79769313486232e+308,1.79769313486232e+308,1.79769313486232e+308,1.79769313486232e+308,1800,1.79769313486232e+308
18,"9/09/99",1,440819,2,3,"Obtained as gift",1.79769313486232e+308,1.79769313486232e+308,1.79769313486232e+308,1.79769313486232e+308,1.79769313486232e+308,1.79769313486232e+308,1.79769313486232e+308,1.79769313486232e+308,1.79769313486232e+308,1.79769313486232e+308,2400,2400
17,"9/09/99",1,440819,1,1,"Purchased",300,500,1.79769313486232e+308,1.79769313486232e+308,1000,3000,400,1000,0,2500,1.79769313486232e+308,1.79769313486232e+308
19,"9/09/99",1,440919,1,1,"Purchased",0,180,1.79769313486232e+308,1.79769313486232e+308,1.79769313486232e+308,1.79769313486232e+308,300,700,1.79769313486232e+308,1.79769313486232e+308,1.79769313486232e+308,1.79769313486232e+308
20,"9/09/99",1,440919,2,1,"Purchased",1.79769313486232e+308,1.79769313486232e+308,1.79769313486232e+308,1.79769313486232e+308,1.79769313486232e+308,1.79769313486232e+308,1.79769313486232e+308,1.79769313486232e+308,1.79769313486232e+308,1.79769313486232e+308,1.79769313486232e+308,400
21,"9/09/99",1,441019,1,1,"Purchased",0,300,1.79769313486232e+308,1.79769313486232e+308,1.79769313486232e+308,1000,200,300,1.79769313486232e+308,1.79769313486232e+308,1.79769313486232e+308,1.79769313486232e+308
10,"11/02/99",1,510541,2,1,"Purchased",100,100,1.79769313486232e+308,300,2000,5000,500,1500,1.79769313486232e+308,1.79769313486232e+308,1.79769313486232e+308,1.79769313486232e+308
11,"11/02/99",1,510541,5,1,"Purchased",1.79769313486232e+308,1.79769313486232e+308,1.79769313486232e+308,1.79769313486232e+308,1.79769313486232e+308,1.79769313486232e+308,1.79769313486232e+308,1.79769313486232e+308,1.79769313486232e+308,1.79769313486232e+308,1.79769313486232e+308,2200
23,"11/02/99",1,520141,2,1,"Purchased",1.79769313486232e+308,1.79769313486232e+308,1.79769313486232e+308,1.79769313486232e+308,1.79769313486232e+308,1.79769313486232e+308,1.79769313486232e+308,1.79769313486232e+308,1.79769313486232e+308,1.79769313486232e+308,3000,3000
22,"11/02/99",1,520141,1,1,"Purchased",500,1000,1.79769313486232e+308,1.79769313486232e+308,1000,1500,300,300,1.79769313486232e+308,1.79769313486232e+308,1.79769313486232e+308,1.79769313486232e+308
21,"11/02/99",1,520241,2,1,"Purchased",1.79769313486232e+308,1.79769313486232e+308,1.79769313486232e+308,1.79769313486232e+308,1.79769313486232e+308,1.79769313486232e+308,1.79769313486232e+308,1.79769313486232e+308,1.79769313486232e+308,1.79769313486232e+308,500,500
20,"11/02/99",1,520241,1,1,"Purchased",200,150,1.79769313486232e+308,1.79769313486232e+308,1000,2000,500,500,1.79769313486232e+308,3000,1.79769313486232e+308,1.79769313486232e+308
19,"11/02/99",1,520441,1,1,"Purchased",1000,1000,1.79769313486232e+308,1.79769313486232e+308,20000,20000,1800,3000,2000,2000,3000,3000
18,"11/02/99",1,520541,2,1,"Purchased",1.79769313486232e+308,1.79769313486232e+308,1.79769313486232e+308,1.79769313486232e+308,1.79769313486232e+308,1.79769313486232e+308,1.79769313486232e+308,1.79769313486232e+308,1.79769313486232e+308,1.79769313486232e+308,6000,6000
16,"11/02/99",1,520541,1,1,"Purchased",200,400,1.79769313486232e+308,1.79769313486232e+308,3000,5000,2500,3000,10000,10000,1.79769313486232e+308,1.79769313486232e+308
17,"11/02/99",1,520541,1,2,"Inherited",1.79769313486232e+308,1.79769313486232e+308,1.79769313486232e+308,1.79769313486232e+308,10000,10000,1.79769313486232e+308,1.79769313486232e+308,1.79769313486232e+308,1.79769313486232e+308,1.79769313486232e+308,1.79769313486232e+308
9,"11/02/99",1,530341,2,2,"Inherited",1.79769313486232e+308,1.79769313486232e+308,300,1.79769313486232e+308,1.79769313486232e+308,1.79769313486232e+308,300,300,1.79769313486232e+308,1.79769313486232e+308,1.79769313486232e+308,1.79769313486232e+308
8,"11/02/99",1,530341,2,1,"Purchased",150,150,1.79769313486232e+308,1.79769313486232e+308,1.79769313486232e+308,250,1.79769313486232e+308,700,1.79769313486232e+308,1.79769313486232e+308,500,1.79769313486232e+308
15,"11/02/99",1,530441,2,4,"Obtained as dowry",1.79769313486232e+308,1.79769313486232e+308,1.79769313486232e+308,1.79769313486232e+308,1.79769313486232e+308,1.79769313486232e+308,1.79769313486232e+308,1.79769313486232e+308,1.79769313486232e+308,1.79769313486232e+308,2000,1.79769313486232e+308
12,"11/02/99",1,530441,1,1,"Purchased",500,500,1.79769313486232e+308,1.79769313486232e+308,1.79769313486232e+308,4000,1.79769313486232e+308,500,1.79769313486232e+308,1000,1.79769313486232e+308,1.79769313486232e+308
14,"11/02/99",1,530441,2,1,"Purchased",1.79769313486232e+308,1.79769313486232e+308,1.79769313486232e+308,1.79769313486232e+308,1.79769313486232e+308,1.79769313486232e+308,1.79769313486232e+308,1.79769313486232e+308,1.79769313486232e+308,1.79769313486232e+308,1.79769313486232e+308,1000
13,"11/02/99",1,530441,1,2,"Inherited",1.79769313486232e+308,1.79769313486232e+308,1.79769313486232e+308,1.79769313486232e+308,15000,4000,500,500,1.79769313486232e+308,1.79769313486232e+308,1.79769313486232e+308,1.79769313486232e+308
24,"11/02/99",1,620252,1,1,"Purchased",1.79769313486232e+308,1.79769313486232e+308,1.79769313486232e+308,1.79769313486232e+308,500,500,300,300,1.79769313486232e+308,1.79769313486232e+308,1.79769313486232e+308,1.79769313486232e+308
25,"11/02/99",1,620252,2,3,"Obtained as gift",1.79769313486232e+308,1.79769313486232e+308,1.79769313486232e+308,1.79769313486232e+308,1.79769313486232e+308,1.79769313486232e+308,1.79769313486232e+308,1.79769313486232e+308,1.79769313486232e+308,1.79769313486232e+308,1.79769313486232e+308,200
26,"11/02/99",1,630141,1,1,"Purchased",1.79769313486232e+308,1.79769313486232e+308,1.79769313486232e+308,1.79769313486232e+308,500,500,1.79769313486232e+308,1.79769313486232e+308,800,800,1.79769313486232e+308,1.79769313486232e+308
27,"11/02/99",1,630141,2,1,"Purchased",1.79769313486232e+308,1.79769313486232e+308,1.79769313486232e+308,1.79769313486232e+308,1.79769313486232e+308,1.79769313486232e+308,1.79769313486232e+308,1.79769313486232e+308,1.79769313486232e+308,1.79769313486232e+308,100,100
28,"11/02/99",1,630341,1,1,"Purchased",1.79769313486232e+308,1.79769313486232e+308,1.79769313486232e+308,1.79769313486232e+308,3000,3000,500,500,1.79769313486232e+308,1.79769313486232e+308,1.79769313486232e+308,1.79769313486232e+308
29,"11/02/99",1,630341,2,1,"Purchased",1.79769313486232e+308,1.79769313486232e+308,1.79769313486232e+308,1.79769313486232e+308,1.79769313486232e+308,1.79769313486232e+308,1.79769313486232e+308,1.79769313486232e+308,1.79769313486232e+308,1.79769313486232e+308,1000,1000
30,"11/02/99",1,710241,1,1,"Purchased",1.79769313486232e+308,1.79769313486232e+308,1.79769313486232e+308,1.79769313486232e+308,3000,5000,150,200,1.79769313486232e+308,1.79769313486232e+308,1.79769313486232e+308,1.79769313486232e+308
31,"11/02/99",1,720312,1,1,"Purchased",150,150,1.79769313486232e+308,1.79769313486232e+308,1.79769313486232e+308,15000,500,1000,6000,6000,1.79769313486232e+308,1.79769313486232e+308
32,"11/02/99",1,720312,2,1,"Purchased",1.79769313486232e+308,1.79769313486232e+308,1.79769313486232e+308,1.79769313486232e+308,1.79769313486232e+308,1.79769313486232e+308,1.79769313486232e+308,1.79769313486232e+308,1.79769313486232e+308,1.79769313486232e+308,3000,3000
33,"11/02/99",1,720641,1,1,"Purchased",150,150,1.79769313486232e+308,1.79769313486232e+308,200,700,150,400,1.79769313486232e+308,1.79769313486232e+308,1.79769313486232e+308,1.79769313486232e+308
34,"11/02/99",1,730643,1,1,"Purchased",90,90,1.79769313486232e+308,1.79769313486232e+308,6000,7000,1400,2000,1.79769313486232e+308,1.79769313486232e+308,1.79769313486232e+308,1.79769313486232e+308
35,"11/02/99",1,730643,2,3,"Obtained as gift",1.79769313486232e+308,1.79769313486232e+308,1.79769313486232e+308,1.79769313486232e+308,1.79769313486232e+308,1.79769313486232e+308,1.79769313486232e+308,1.79769313486232e+308,1.79769313486232e+308,1.79769313486232e+308,2000,2000
36,"11/02/99",1,740119,1,1,"Purchased",60,100,1.79769313486232e+308,1.79769313486232e+308,2000,5000,300,500,1.79769313486232e+308,6000,1.79769313486232e+308,1.79769313486232e+308
37,"11/02/99",1,740219,1,1,"Purchased",1.79769313486232e+308,1.79769313486232e+308,1.79769313486232e+308,1.79769313486232e+308,400,600,50,200,1.79769313486232e+308,1.79769313486232e+308,1.79769313486232e+308,1.79769313486232e+308
38,"11/02/99",1,740319,1,1,"Purchased",50,100,1.79769313486232e+308,1.79769313486232e+308,1100,2000,300,600,1.79769313486232e+308,1.79769313486232e+308,1.79769313486232e+308,1.79769313486232e+308
39,"11/02/99",1,740419,1,1,"Purchased",30,50,1.79769313486232e+308,1.79769313486232e+308,400,600,120,260,1.79769313486232e+308,1.79769313486232e+308,1.79769313486232e+308,1.79769313486232e+308
41,"11/02/99",1,740519,2,1,"Purchased",1.79769313486232e+308,1.79769313486232e+308,1.79769313486232e+308,2500,1.79769313486232e+308,1.79769313486232e+308,1.79769313486232e+308,1.79769313486232e+308,1.79769313486232e+308,1.79769313486232e+308,1.79769313486232e+308,1.79769313486232e+308
40,"11/02/99",1,740519,1,1,"Purchased",70,100,1.79769313486232e+308,1.79769313486232e+308,3000,5000,200,800,1.79769313486232e+308,800,1.79769313486232e+308,1.79769313486232e+308
42,"11/02/99",1,740619,1,1,"Purchased",70,100,1.79769313486232e+308,1.79769313486232e+308,1500,4000,300,600,1.79769313486232e+308,1500,1.79769313486232e+308,1.79769313486232e+308
43,"11/02/99",1,740719,1,1,"Purchased",30,50,1.79769313486232e+308,1.79769313486232e+308,200,300,200,400,1.79769313486232e+308,1.79769313486232e+308,1.79769313486232e+308,1.79769313486232e+308
44,"11/02/99",1,740819,1,1,"Purchased",100,150,1.79769313486232e+308,1.79769313486232e+308,5000,8000,300,800,1.79769313486232e+308,700,1.79769313486232e+308,1.79769313486232e+308
45,"11/02/99",1,741019,1,1,"Purchased",40,70,1.79769313486232e+308,1.79769313486232e+308,350,500,150,350,1.79769313486232e+308,1.79769313486232e+308,1.79769313486232e+308,1.79769313486232e+308
53,"11/02/99",1,830141,1,1,"Purchased",100,100,1.79769313486232e+308,1.79769313486232e+308,1500,1500,400,600,1.79769313486232e+308,1.79769313486232e+308,1.79769313486232e+308,1.79769313486232e+308
54,"11/02/99",1,830141,4,3,"Obtained as gift",1.79769313486232e+308,1.79769313486232e+308,1.79769313486232e+308,1.79769313486232e+308,1.79769313486232e+308,1.79769313486232e+308,1.79769313486232e+308,1.79769313486232e+308,1.79769313486232e+308,1.79769313486232e+308,1800,1800
52,"11/02/99",1,830341,2,3,"Obtained as gift",1.79769313486232e+308,1.79769313486232e+308,1.79769313486232e+308,1.79769313486232e+308,1.79769313486232e+308,1.79769313486232e+308,1.79769313486232e+308,1.79769313486232e+308,1.79769313486232e+308,1.79769313486232e+308,300,300
51,"11/02/99",1,830341,1,1,"Purchased",300,300,400,400,1800,1800,500,600,1.79769313486232e+308,1.79769313486232e+308,1.79769313486232e+308,1.79769313486232e+308
49,"11/02/99",1,830541,1,1,"Purchased",200,200,1.79769313486232e+308,1.79769313486232e+308,1600,1600,500,700,1.79769313486232e+308,1.79769313486232e+308,1.79769313486232e+308,1.79769313486232e+308
50,"11/02/99",1,830541,2,3,"Obtained as gift",1.79769313486232e+308,1.79769313486232e+308,1.79769313486232e+308,1.79769313486232e+308,1.79769313486232e+308,1.79769313486232e+308,1.79769313486232e+308,1.79769313486232e+308,1.79769313486232e+308,1.79769313486232e+308,250,250
1,"11/01/99",1,910351,1,1,"Purchased",260,260,1.79769313486232e+308,1.79769313486232e+308,6000,10000,3000,3000,2500,2500,5000,5000
2,"11/01/99",1,920141,1,1,"Purchased",1.79769313486232e+308,1.79769313486232e+308,1.79769313486232e+308,1.79769313486232e+308,6344,6344,1185,1185,227,227,582,582
4,"11/01/99",1,920241,1,1,"Purchased",324,324,1.79769313486232e+308,1.79769313486232e+308,1500,2038,1056,1056,172,172,2825,2825
5,"11/01/99",1,920252,1,1,"Purchased",0,148,1.79769313486232e+308,1.79769313486232e+308,1.79769313486232e+308,2586,1.79769313486232e+308,324,1.79769313486232e+308,1.79769313486232e+308,1.79769313486232e+308,1.79769313486232e+308
6,"11/01/99",1,920252,1,3,"Obtained as gift",1.79769313486232e+308,1.79769313486232e+308,1.79769313486232e+308,1.79769313486232e+308,1.79769313486232e+308,1.79769313486232e+308,1.79769313486232e+308,1.79769313486232e+308,1.79769313486232e+308,1.79769313486232e+308,2282,2282
3,"11/01/99",1,920441,1,1,"Purchased",1.79769313486232e+308,82,1.79769313486232e+308,1.79769313486232e+308,262,262,382,382,1.79769313486232e+308,1.79769313486232e+308,1.79769313486232e+308,1.79769313486232e+308
7,"11/01/99",1,930352,1,1,"Purchased",0,60,1.79769313486232e+308,1.79769313486232e+308,120,700,1.79769313486232e+308,135,1.79769313486232e+308,1.79769313486232e+308,1.79769313486232e+308,1.79769313486232e+308
2,"11/02/99",1,1010241,2,3,"Obtained as gift",1.79769313486232e+308,1.79769313486232e+308,1.79769313486232e+308,1.79769313486232e+308,1.79769313486232e+308,1.79769313486232e+308,1.79769313486232e+308,1.79769313486232e+308,1.79769313486232e+308,1.79769313486232e+308,1.79769313486232e+308,180
1,"8/09/99",1,1010241,1,1,"Purchased",100,200,0,0,0,500,200,500,1.79769313486232e+308,1.79769313486232e+308,1.79769313486232e+308,1.79769313486232e+308
4,"11/02/99",1,1030241,5,4,"Obtained as dowry",1.79769313486232e+308,1.79769313486232e+308,1.79769313486232e+308,1.79769313486232e+308,1.79769313486232e+308,1.79769313486232e+308,1.79769313486232e+308,1.79769313486232e+308,1.79769313486232e+308,1.79769313486232e+308,1.79769313486232e+308,270
3,"11/02/99",1,1030241,2,1,"Purchased",1.79769313486232e+308,1.79769313486232e+308,1.79769313486232e+308,1.79769313486232e+308,1.79769313486232e+308,1.79769313486232e+308,200,300,1.79769313486232e+308,1.79769313486232e+308,1.79769313486232e+308,1.79769313486232e+308
7,"11/02/99",1,1030441,3,3,"Obtained as gift",1.79769313486232e+308,1.79769313486232e+308,1.79769313486232e+308,1.79769313486232e+308,1.79769313486232e+308,1.79769313486232e+308,1.79769313486232e+308,1.79769313486232e+308,1.79769313486232e+308,1.79769313486232e+308,450,450
6,"11/02/99",1,1030441,1,2,"Inherited",100,100,1.79769313486232e+308,1.79769313486232e+308,1.79769313486232e+308,1.79769313486232e+308,1.79769313486232e+308,1.79769313486232e+308,1.79769313486232e+308,1.79769313486232e+308,1.79769313486232e+308,1.79769313486232e+308
5,"11/02/99",1,1030441,1,1,"Purchased",1.79769313486232e+308,1.79769313486232e+308,1.79769313486232e+308,1.79769313486232e+308,300,300,100,400,1.79769313486232e+308,1.79769313486232e+308,1.79769313486232e+308,1.79769313486232e+308
3,"10/27/99",1,1110141,2,3,"Obtained as gift",1.79769313486232e+308,1.79769313486232e+308,1.79769313486232e+308,1.79769313486232e+308,1.79769313486232e+308,1.79769313486232e+308,1.79769313486232e+308,1.79769313486232e+308,1.79769313486232e+308,3000,1.79769313486232e+308,1.79769313486232e+308
2,"10/27/99",1,1110141,2,1,"Purchased",1.79769313486232e+308,1.79769313486232e+308,1.79769313486232e+308,1.79769313486232e+308,1.79769313486232e+308,1.79769313486232e+308,300,1000,1.79769313486232e+308,1.79769313486232e+308,500,2000
1,"8/09/99",1,1110141,1,1,"Purchased",1.79769313486232e+308,1.79769313486232e+308,1.79769313486232e+308,1.79769313486232e+308,1000,3000,1.79769313486232e+308,1.79769313486232e+308,1.79769313486232e+308,1.79769313486232e+308,1.79769313486232e+308,1.79769313486232e+308
4,"10/27/99",1,1110141,6,3,"Obtained as gift",1.79769313486232e+308,1.79769313486232e+308,1.79769313486232e+308,1.79769313486232e+308,1.79769313486232e+308,1.79769313486232e+308,1.79769313486232e+308,1.79769313486232e+308,1.79769313486232e+308,1.79769313486232e+308,1.79769313486232e+308,250
13,"10/27/99",1,1110251,2,1,"Purchased",1.79769313486232e+308,1.79769313486232e+308,1.79769313486232e+308,1.79769313486232e+308,1.79769313486232e+308,1.79769313486232e+308,1.79769313486232e+308,1.79769313486232e+308,1.79769313486232e+308,1.79769313486232e+308,150,150
12,"10/27/99",1,1110251,1,1,"Purchased",1.79769313486232e+308,1.79769313486232e+308,250,400,4000,7000,200,500,1.79769313486232e+308,1.79769313486232e+308,1.79769313486232e+308,1.79769313486232e+308
14,"10/27/99",1,1110251,4,1,"Purchased",1.79769313486232e+308,1.79769313486232e+308,1.79769313486232e+308,1.79769313486232e+308,1.79769313486232e+308,1.79769313486232e+308,1.79769313486232e+308,1.79769313486232e+308,1.79769313486232e+308,1.79769313486232e+308,1.79769313486232e+308,2000
11,"10/27/99",1,1110541,5,3,"Obtained as gift",1.79769313486232e+308,1.79769313486232e+308,1.79769313486232e+308,1.79769313486232e+308,1.79769313486232e+308,1.79769313486232e+308,1.79769313486232e+308,1.79769313486232e+308,1.79769313486232e+308,1.79769313486232e+308,1.79769313486232e+308,3000
10,"10/27/99",1,1110541,3,1,"Purchased",1.79769313486232e+308,150,1.79769313486232e+308,1.79769313486232e+308,300,700,100,250,1.79769313486232e+308,7000,2000,2000
9,"10/27/99",1,1111022,2,1,"Purchased",1.79769313486232e+308,1.79769313486232e+308,1.79769313486232e+308,1.79769313486232e+308,1.79769313486232e+308,1.79769313486232e+308,1.79769313486232e+308,1.79769313486232e+308,1.79769313486232e+308,1.79769313486232e+308,500,1370
8,"10/27/99",1,1111022,1,1,"Purchased",1.79769313486232e+308,100,1.79769313486232e+308,1.79769313486232e+308,200,300,100,300,1.79769313486232e+308,1.79769313486232e+308,1.79769313486232e+308,1.79769313486232e+308
5,"10/27/99",1,1111222,1,1,"Purchased",1.79769313486232e+308,100,1.79769313486232e+308,1.79769313486232e+308,1.79769313486232e+308,6000,1.79769313486232e+308,200,1.79769313486232e+308,1.79769313486232e+308,1.79769313486232e+308,1400
7,"10/27/99",1,1111222,2,4,"Obtained as dowry",1.79769313486232e+308,1.79769313486232e+308,1.79769313486232e+308,1.79769313486232e+308,1.79769313486232e+308,1.79769313486232e+308,1.79769313486232e+308,1.79769313486232e+308,1.79769313486232e+308,1.79769313486232e+308,2000,4000
6,"10/27/99",1,1111222,2,1,"Purchased",1.79769313486232e+308,1.79769313486232e+308,1.79769313486232e+308,1.79769313486232e+308,1.79769313486232e+308,1.79769313486232e+308,1.79769313486232e+308,200,1.79769313486232e+308,1.79769313486232e+308,1.79769313486232e+308,1.79769313486232e+308
18,"10/27/99",1,1120141,8,1,"Purchased",1.79769313486232e+308,1.79769313486232e+308,1.79769313486232e+308,1.79769313486232e+308,1.79769313486232e+308,1.79769313486232e+308,1.79769313486232e+308,1.79769313486232e+308,1.79769313486232e+308,1.79769313486232e+308,1.79769313486232e+308,500
17,"10/27/99",1,1120141,3,1,"Purchased",200,100,1.79769313486232e+308,1.79769313486232e+308,400,1200,400,300,1.79769313486232e+308,100,1.79769313486232e+308,1.79769313486232e+308
20,"10/27/99",1,1120142,2,1,"Purchased",1.79769313486232e+308,1.79769313486232e+308,1.79769313486232e+308,1.79769313486232e+308,1.79769313486232e+308,1.79769313486232e+308,1.79769313486232e+308,100,1.79769313486232e+308,1.79769313486232e+308,1.79769313486232e+308,250
19,"10/27/99",1,1120142,1,1,"Purchased",1.79769313486232e+308,90,1.79769313486232e+308,1.79769313486232e+308,300,200,250,200,1.79769313486232e+308,1.79769313486232e+308,1.79769313486232e+308,1.79769313486232e+308
21,"10/27/99",1,1120251,1,1,"Purchased",4000,190,1.79769313486232e+308,1.79769313486232e+308,400,1700,1.79769313486232e+308,1.79769313486232e+308,1.79769313486232e+308,1.79769313486232e+308,1.79769313486232e+308,1.79769313486232e+308
23,"10/27/99",1,1120251,4,1,"Purchased",1.79769313486232e+308,1.79769313486232e+308,1.79769313486232e+308,1.79769313486232e+308,1.79769313486232e+308,1.79769313486232e+308,1.79769313486232e+308,1.79769313486232e+308,1.79769313486232e+308,1.79769313486232e+308,1.79769313486232e+308,2000
22,"10/27/99",1,1120251,6,1,"Purchased",1.79769313486232e+308,1.79769313486232e+308,1.79769313486232e+308,1.79769313486232e+308,200,700,1.79769313486232e+308,1.79769313486232e+308,1.79769313486232e+308,1.79769313486232e+308,1.79769313486232e+308,2000
15,"10/27/99",1,1120441,1,1,"Purchased",1.79769313486232e+308,125,1.79769313486232e+308,1.79769313486232e+308,500,890,200,225,1.79769313486232e+308,1.79769313486232e+308,1.79769313486232e+308,1.79769313486232e+308
16,"10/27/99",1,1120441,3,1,"Purchased",1.79769313486232e+308,1.79769313486232e+308,1.79769313486232e+308,1.79769313486232e+308,1.79769313486232e+308,1.79769313486232e+308,1.79769313486232e+308,1.79769313486232e+308,1.79769313486232e+308,1.79769313486232e+308,1.79769313486232e+308,250
32,"10/27/99",1,1130251,4,1,"Purchased",100,200,1.79769313486232e+308,1.79769313486232e+308,2000,2500,1.79769313486232e+308,1.79769313486232e+308,1600,1400,1.79769313486232e+308,1.79769313486232e+308
33,"10/27/99",1,1130251,6,1,"Purchased",1.79769313486232e+308,1.79769313486232e+308,1.79769313486232e+308,1.79769313486232e+308,1.79769313486232e+308,1.79769313486232e+308,400,100,1.79769313486232e+308,1.79769313486232e+308,11000,10000
34,"10/27/99",1,1130251,6,3,"Obtained as gift",1.79769313486232e+308,1.79769313486232e+308,1.79769313486232e+308,1.79769313486232e+308,1.79769313486232e+308,1.79769313486232e+308,1.79769313486232e+308,1.79769313486232e+308,3000,2700,1.79769313486232e+308,1.79769313486232e+308
29,"10/27/99",1,1130341,4,1,"Purchased",1.79769313486232e+308,1.79769313486232e+308,1.79769313486232e+308,1.79769313486232e+308,1.79769313486232e+308,1.79769313486232e+308,1.79769313486232e+308,1.79769313486232e+308,1.79769313486232e+308,1.79769313486232e+308,1.79769313486232e+308,150
27,"10/27/99",1,1130341,1,1,"Purchased",1.79769313486232e+308,1.79769313486232e+308,1.79769313486232e+308,1.79769313486232e+308,1.79769313486232e+308,1.79769313486232e+308,100,200,1.79769313486232e+308,1.79769313486232e+308,1.79769313486232e+308,1.79769313486232e+308
28,"10/27/99",1,1130341,2,4,"Obtained as dowry",1.79769313486232e+308,1.79769313486232e+308,1.79769313486232e+308,1.79769313486232e+308,1.79769313486232e+308,1.79769313486232e+308,1.79769313486232e+308,1.79769313486232e+308,1.79769313486232e+308,1.79769313486232e+308,1000,900
30,"10/27/99",1,1130541,1,1,"Purchased",200,110,1.79769313486232e+308,1.79769313486232e+308,400,300,200,123,1.79769313486232e+308,1.79769313486232e+308,1.79769313486232e+308,1.79769313486232e+308
31,"10/27/99",1,1130541,2,3,"Obtained as gift",1.79769313486232e+308,1.79769313486232e+308,1.79769313486232e+308,1.79769313486232e+308,1.79769313486232e+308,1.79769313486232e+308,1.79769313486232e+308,1.79769313486232e+308,1.79769313486232e+308,1.79769313486232e+308,100,170
230,"11/10/99",1,1230251,1,1,"Purchased",1.79769313486232e+308,1.79769313486232e+308,1.79769313486232e+308,1.79769313486232e+308,1500,2500,700,1200,1.79769313486232e+308,250,1.79769313486232e+308,1.79769313486232e+308
231,"11/10/99",1,1230251,2,1,"Purchased",1.79769313486232e+308,1.79769313486232e+308,1.79769313486232e+308,1.79769313486232e+308,1.79769313486232e+308,1.79769313486232e+308,1.79769313486232e+308,1.79769313486232e+308,1.79769313486232e+308,1.79769313486232e+308,1200,1200
232,"11/10/99",1,1230251,5,1,"Purchased",1.79769313486232e+308,1.79769313486232e+308,1.79769313486232e+308,1.79769313486232e+308,1.79769313486232e+308,1.79769313486232e+308,1.79769313486232e+308,1.79769313486232e+308,1.79769313486232e+308,1.79769313486232e+308,1000,1000
233,"11/10/99",1,1230351,6,1,"Purchased",1.79769313486232e+308,1.79769313486232e+308,1.79769313486232e+308,1.79769313486232e+308,2000,2000,500,1000,1.79769313486232e+308,1.79769313486232e+308,1.79769313486232e+308,1.79769313486232e+308
234,"11/10/99",1,1230351,2,1,"Purchased",1.79769313486232e+308,1.79769313486232e+308,1.79769313486232e+308,1.79769313486232e+308,1.79769313486232e+308,1.79769313486232e+308,1.79769313486232e+308,1.79769313486232e+308,1.79769313486232e+308,1.79769313486232e+308,1200,1200
236,"11/10/99",1,1230352,1,3,"Obtained as gift",1.79769313486232e+308,1.79769313486232e+308,1.79769313486232e+308,1.79769313486232e+308,2500,2500,200,200,1.79769313486232e+308,1.79769313486232e+308,1.79769313486232e+308,1.79769313486232e+308
235,"11/10/99",1,1230352,1,1,"Purchased",1.79769313486232e+308,1.79769313486232e+308,1.79769313486232e+308,1.79769313486232e+308,1.79769313486232e+308,1.79769313486232e+308,100,300,1.79769313486232e+308,1.79769313486232e+308,1.79769313486232e+308,1.79769313486232e+308
237,"11/10/99",1,1230352,2,1,"Purchased",1.79769313486232e+308,1.79769313486232e+308,1.79769313486232e+308,1.79769313486232e+308,1.79769313486232e+308,1.79769313486232e+308,1.79769313486232e+308,1.79769313486232e+308,1.79769313486232e+308,1.79769313486232e+308,1500,1500
43,"10/27/99",1,1320541,2,3,"Obtained as gift",1.79769313486232e+308,1.79769313486232e+308,1.79769313486232e+308,1.79769313486232e+308,1.79769313486232e+308,1.79769313486232e+308,1.79769313486232e+308,1.79769313486232e+308,1.79769313486232e+308,1.79769313486232e+308,250,250
42,"10/27/99",1,1320541,1,1,"Purchased",50,250,1.79769313486232e+308,1.79769313486232e+308,1000,2500,200,600,1.79769313486232e+308,200,1.79769313486232e+308,1.79769313486232e+308
44,"10/27/99",1,1320541,8,3,"Obtained as gift",1.79769313486232e+308,1.79769313486232e+308,1.79769313486232e+308,1.79769313486232e+308,1.79769313486232e+308,1.79769313486232e+308,1.79769313486232e+308,1.79769313486232e+308,1.79769313486232e+308,1.79769313486232e+308,1.79769313486232e+308,500
38,"10/27/99",1,1330251,1,1,"Purchased",1.79769313486232e+308,150,200,1.79769313486232e+308,200,400,200,400,1.79769313486232e+308,1.79769313486232e+308,1.79769313486232e+308,1.79769313486232e+308
39,"10/27/99",1,1330251,2,3,"Obtained as gift",1.79769313486232e+308,1.79769313486232e+308,1.79769313486232e+308,1.79769313486232e+308,1.79769313486232e+308,1.79769313486232e+308,1.79769313486232e+308,1.79769313486232e+308,1.79769313486232e+308,1.79769313486232e+308,350,1.79769313486232e+308
40,"10/27/99",1,1330351,1,1,"Purchased",1.79769313486232e+308,50,200,1.79769313486232e+308,3000,500,300,900,1.79769313486232e+308,1.79769313486232e+308,1.79769313486232e+308,1.79769313486232e+308
41,"10/27/99",1,1330351,2,3,"Obtained as gift",1.79769313486232e+308,1.79769313486232e+308,1.79769313486232e+308,1.79769313486232e+308,1.79769313486232e+308,1.79769313486232e+308,1.79769313486232e+308,1.79769313486232e+308,1.79769313486232e+308,1.79769313486232e+308,200,1.79769313486232e+308
36,"10/27/99",1,1330541,2,3,"Obtained as gift",1.79769313486232e+308,1.79769313486232e+308,1.79769313486232e+308,1.79769313486232e+308,1.79769313486232e+308,1.79769313486232e+308,1.79769313486232e+308,1.79769313486232e+308,1.79769313486232e+308,1.79769313486232e+308,250,1.79769313486232e+308
35,"10/27/99",1,1330541,1,1,"Purchased",50,100,250,1.79769313486232e+308,1000,2000,500,1000,1.79769313486232e+308,2000,1.79769313486232e+308,1.79769313486232e+308
37,"10/27/99",1,1330541,8,3,"Obtained as gift",1.79769313486232e+308,1.79769313486232e+308,1.79769313486232e+308,1.79769313486232e+308,1.79769313486232e+308,1.79769313486232e+308,1.79769313486232e+308,1.79769313486232e+308,1.79769313486232e+308,1.79769313486232e+308,1.79769313486232e+308,2500
10,"11/01/99",1,1420741,3,1,"Purchased",150,150,1.79769313486232e+308,1.79769313486232e+308,1.79769313486232e+308,1.79769313486232e+308,300,300,1.79769313486232e+308,1.79769313486232e+308,1.79769313486232e+308,1.79769313486232e+308
12,"11/01/99",1,1420741,5,3,"Obtained as gift",1.79769313486232e+308,1.79769313486232e+308,1.79769313486232e+308,1.79769313486232e+308,1.79769313486232e+308,1.79769313486232e+308,1.79769313486232e+308,1.79769313486232e+308,1.79769313486232e+308,1.79769313486232e+308,5000,5000
11,"11/01/99",1,1420741,3,3,"Obtained as gift",1.79769313486232e+308,1.79769313486232e+308,1.79769313486232e+308,1.79769313486232e+308,1.79769313486232e+308,1.79769313486232e+308,3200,3200,1.79769313486232e+308,1.79769313486232e+308,1.79769313486232e+308,1.79769313486232e+308
14,"11/01/99",1,1510141,5,3,"Obtained as gift",1.79769313486232e+308,1.79769313486232e+308,1.79769313486232e+308,1.79769313486232e+308,1.79769313486232e+308,1.79769313486232e+308,1.79769313486232e+308,1.79769313486232e+308,1.79769313486232e+308,1.79769313486232e+308,0,600
13,"11/01/99",1,1510141,1,1,"Purchased",60,150,1.79769313486232e+308,1.79769313486232e+308,0,1500,400,800,1.79769313486232e+308,1.79769313486232e+308,1.79769313486232e+308,1.79769313486232e+308
15,"11/01/99",1,1510541,1,1,"Purchased",200,415,1.79769313486232e+308,1.79769313486232e+308,500,1000,100,500,1.79769313486232e+308,1.79769313486232e+308,1.79769313486232e+308,1.79769313486232e+308
16,"11/01/99",1,1510541,2,1,"Purchased",1.79769313486232e+308,1.79769313486232e+308,1.79769313486232e+308,1.79769313486232e+308,1.79769313486232e+308,1.79769313486232e+308,1.79769313486232e+308,1.79769313486232e+308,1.79769313486232e+308,1.79769313486232e+308,1.79769313486232e+308,1000
18,"11/01/99",1,1530341,4,1,"Purchased",1.79769313486232e+308,1.79769313486232e+308,1.79769313486232e+308,1.79769313486232e+308,1.79769313486232e+308,1.79769313486232e+308,1.79769313486232e+308,1.79769313486232e+308,1.79769313486232e+308,1.79769313486232e+308,400,400
17,"11/01/99",1,1530341,1,1,"Purchased",120,120,1.79769313486232e+308,1.79769313486232e+308,400,400,600,1000,1.79769313486232e+308,1.79769313486232e+308,1.79769313486232e+308,1.79769313486232e+308
26,"11/01/99",1,1610459,2,1,"Purchased",150,150,1.79769313486232e+308,1.79769313486232e+308,1000,1000,400,700,0,200,1.79769313486232e+308,1.79769313486232e+308
27,"11/01/99",1,1610459,2,1,"Purchased",1.79769313486232e+308,1.79769313486232e+308,1.79769313486232e+308,1.79769313486232e+308,1.79769313486232e+308,1.79769313486232e+308,1.79769313486232e+308,1.79769313486232e+308,1.79769313486232e+308,1.79769313486232e+308,1500,1500
22,"11/01/99",1,1610923,1,1,"Purchased",0,0,0,0,0,0,250,300,1.79769313486232e+308,1.79769313486232e+308,1.79769313486232e+308,1.79769313486232e+308
23,"11/01/99",1,1610924,1,1,"Purchased",100,100,0,0,400,0,0,300,1.79769313486232e+308,1.79769313486232e+308,1.79769313486232e+308,1.79769313486232e+308
24,"11/01/99",1,1611022,1,1,"Purchased",100,100,1.79769313486232e+308,1.79769313486232e+308,1.79769313486232e+308,1.79769313486232e+308,100,100,1.79769313486232e+308,1.79769313486232e+308,1.79769313486232e+308,1.79769313486232e+308
25,"11/01/99",1,1611022,2,3,"Obtained as gift",1.79769313486232e+308,1.79769313486232e+308,1.79769313486232e+308,1.79769313486232e+308,1.79769313486232e+308,1.79769313486232e+308,1.79769313486232e+308,1.79769313486232e+308,1.79769313486232e+308,1.79769313486232e+308,150,150
20,"11/01/99",1,1620141,1,3,"Obtained as gift",1.79769313486232e+308,1.79769313486232e+308,1.79769313486232e+308,1.79769313486232e+308,1.79769313486232e+308,1.79769313486232e+308,1.79769313486232e+308,1.79769313486232e+308,1.79769313486232e+308,1.79769313486232e+308,2000,1.79769313486232e+308
19,"11/01/99",1,1620141,1,1,"Purchased",200,1.79769313486232e+308,1.79769313486232e+308,1.79769313486232e+308,1000,1.79769313486232e+308,300,300,1.79769313486232e+308,1.79769313486232e+308,1.79769313486232e+308,1.79769313486232e+308
281,"11/10/99",1,1630251,2,3,"Obtained as gift",1.79769313486232e+308,1.79769313486232e+308,1.79769313486232e+308,1.79769313486232e+308,1.79769313486232e+308,1.79769313486232e+308,1.79769313486232e+308,1.79769313486232e+308,1.79769313486232e+308,1.79769313486232e+308,1.79769313486232e+308,3200
279,"11/10/99",1,1630251,1,1,"Purchased",1.79769313486232e+308,1.79769313486232e+308,1.79769313486232e+308,1.79769313486232e+308,1.79769313486232e+308,1.79769313486232e+308,1.79769313486232e+308,1.79769313486232e+308,1.79769313486232e+308,1500,1.79769313486232e+308,1.79769313486232e+308
280,"11/10/99",1,1630251,1,3,"Obtained as gift",1.79769313486232e+308,1.79769313486232e+308,1.79769313486232e+308,1.79769313486232e+308,1.79769313486232e+308,1.79769313486232e+308,1.79769313486232e+308,1.79769313486232e+308,1.79769313486232e+308,3000,1.79769313486232e+308,1.79769313486232e+308
282,"11/10/99",1,1630251,3,1,"Purchased",1.79769313486232e+308,1.79769313486232e+308,1.79769313486232e+308,1.79769313486232e+308,1.79769313486232e+308,1.79769313486232e+308,1.79769313486232e+308,1.79769313486232e+308,1.79769313486232e+308,1.79769313486232e+308,1.79769313486232e+308,800
283,"11/10/99",1,1630441,1,1,"Purchased",1.79769313486232e+308,1.79769313486232e+308,1.79769313486232e+308,1.79769313486232e+308,1.79769313486232e+308,1000,1.79769313486232e+308,1000,1.79769313486232e+308,1.79769313486232e+308,1.79769313486232e+308,1.79769313486232e+308
277,"11/10/99",1,1630541,1,1,"Purchased",1.79769313486232e+308,1.79769313486232e+308,1.79769313486232e+308,1.79769313486232e+308,1.79769313486232e+308,500,1.79769313486232e+308,600,1.79769313486232e+308,1.79769313486232e+308,1.79769313486232e+308,1.79769313486232e+308
278,"11/10/99",1,1630541,2,4,"Obtained as dowry",1.79769313486232e+308,1.79769313486232e+308,1.79769313486232e+308,1.79769313486232e+308,1.79769313486232e+308,1.79769313486232e+308,1.79769313486232e+308,1.79769313486232e+308,1.79769313486232e+308,1.79769313486232e+308,1.79769313486232e+308,2000
21,"11/01/99",1,1630922,1,1,"Purchased",100,100,0,0,500,500,300,300,1.79769313486232e+308,1.79769313486232e+308,1.79769313486232e+308,1.79769313486232e+308
53,"10/27/95",1,1711339,1,1,"Purchased",100,250,1.79769313486232e+308,1.79769313486232e+308,500,300,500,600,1.79769313486232e+308,1.79769313486232e+308,1.79769313486232e+308,1.79769313486232e+308
54,"10/27/95",1,1711439,1,1,"Purchased",100,100,1.79769313486232e+308,1.79769313486232e+308,500,800,800,1200,1.79769313486232e+308,1.79769313486232e+308,1.79769313486232e+308,1.79769313486232e+308
55,"10/27/95",1,1711539,1,1,"Purchased",1000,2000,1.79769313486232e+308,1.79769313486232e+308,300,300,600,1000,1.79769313486232e+308,1.79769313486232e+308,1.79769313486232e+308,1.79769313486232e+308
56,"10/27/95",1,1711639,1,1,"Purchased",100,100,1.79769313486232e+308,1.79769313486232e+308,1.79769313486232e+308,1.79769313486232e+308,350,500,1.79769313486232e+308,1.79769313486232e+308,1.79769313486232e+308,1.79769313486232e+308
57,"10/27/95",1,1711839,1,1,"Purchased",100,100,1.79769313486232e+308,1.79769313486232e+308,600,1000,1000,1200,1.79769313486232e+308,1.79769313486232e+308,1.79769313486232e+308,1.79769313486232e+308
58,"10/27/95",1,1721339,1,1,"Purchased",400,400,1.79769313486232e+308,1.79769313486232e+308,8000,6000,600,1000,1.79769313486232e+308,1.79769313486232e+308,1.79769313486232e+308,1.79769313486232e+308
59,"10/27/95",1,1721439,1,1,"Purchased",200,200,1.79769313486232e+308,1.79769313486232e+308,10000,15000,8000,10000,1.79769313486232e+308,1.79769313486232e+308,1.79769313486232e+308,1.79769313486232e+308
60,"10/27/95",1,1721539,1,1,"Purchased",500,500,1.79769313486232e+308,1.79769313486232e+308,600,1000,500,1000,1.79769313486232e+308,1.79769313486232e+308,1.79769313486232e+308,1.79769313486232e+308
61,"10/27/95",1,1721639,1,1,"Purchased",1000,1000,1.79769313486232e+308,1.79769313486232e+308,1000,1500,1000,2000,1.79769313486232e+308,1.79769313486232e+308,1.79769313486232e+308,1.79769313486232e+308
63,"10/27/95",1,1721739,2,3,"Obtained as gift",1.79769313486232e+308,1.79769313486232e+308,1.79769313486232e+308,1.79769313486232e+308,1.79769313486232e+308,1.79769313486232e+308,1.79769313486232e+308,1.79769313486232e+308,1.79769313486232e+308,1.79769313486232e+308,5000,5000
62,"10/27/95",1,1721739,1,1,"Purchased",600,600,1.79769313486232e+308,1.79769313486232e+308,800,1200,2600,3000,1.79769313486232e+308,1.79769313486232e+308,1.79769313486232e+308,1.79769313486232e+308
64,"10/27/95",1,1721739,5,3,"Obtained as gift",1.79769313486232e+308,1.79769313486232e+308,1.79769313486232e+308,1.79769313486232e+308,1.79769313486232e+308,1.79769313486232e+308,1.79769313486232e+308,1.79769313486232e+308,1.79769313486232e+308,1.79769313486232e+308,6000,6000
65,"10/27/95",1,1721839,1,1,"Purchased",300,300,1.79769313486232e+308,1.79769313486232e+308,4000,5000,800,1200,1.79769313486232e+308,1.79769313486232e+308,1.79769313486232e+308,1.79769313486232e+308
66,"10/27/95",1,1721939,1,1,"Purchased",500,500,1.79769313486232e+308,1.79769313486232e+308,800,1200,1200,2000,1.79769313486232e+308,1.79769313486232e+308,1.79769313486232e+308,1.79769313486232e+308
51,"10/27/95",1,1730141,1,1,"Purchased",1.79769313486232e+308,1.79769313486232e+308,1.79769313486232e+308,1.79769313486232e+308,1.79769313486232e+308,1.79769313486232e+308,500,500,1.79769313486232e+308,1.79769313486232e+308,1.79769313486232e+308,1.79769313486232e+308
52,"10/27/95",1,1730233,1,1,"Purchased",100,100,1.79769313486232e+308,1.79769313486232e+308,300,300,500,500,1.79769313486232e+308,1.79769313486232e+308,1.79769313486232e+308,1.79769313486232e+308
67,"10/27/95",1,1740139,1,1,"Purchased",200,200,1.79769313486232e+308,1.79769313486232e+308,3000,3800,600,600,1.79769313486232e+308,1.79769313486232e+308,1.79769313486232e+308,1.79769313486232e+308
68,"10/27/95",1,1740239,1,1,"Purchased",100,100,1.79769313486232e+308,1.79769313486232e+308,1.79769313486232e+308,600,300,500,1.79769313486232e+308,1.79769313486232e+308,1.79769313486232e+308,1.79769313486232e+308
69,"10/27/95",1,1740339,1,1,"Purchased",100,100,1.79769313486232e+308,1.79769313486232e+308,1000,1800,700,700,1.79769313486232e+308,1.79769313486232e+308,1.79769313486232e+308,1.79769313486232e+308
72,"10/27/95",1,1740529,1,1,"Purchased",100,100,1.79769313486232e+308,1.79769313486232e+308,1.79769313486232e+308,1.79769313486232e+308,500,500,1.79769313486232e+308,1.79769313486232e+308,1.79769313486232e+308,1.79769313486232e+308
75,"10/27/95",1,1740629,11,3,"Obtained as gift",1.79769313486232e+308,1.79769313486232e+308,1.79769313486232e+308,1.79769313486232e+308,1.79769313486232e+308,1.79769313486232e+308,1.79769313486232e+308,1.79769313486232e+308,1.79769313486232e+308,1.79769313486232e+308,1.79769313486232e+308,2500
76,"10/27/95",1,1740629,8,3,"Obtained as gift",1.79769313486232e+308,1.79769313486232e+308,1.79769313486232e+308,1.79769313486232e+308,1.79769313486232e+308,1.79769313486232e+308,1.79769313486232e+308,1.79769313486232e+308,1.79769313486232e+308,1.79769313486232e+308,500,500
74,"10/27/95",1,1740629,1,3,"Obtained as gift",1.79769313486232e+308,1.79769313486232e+308,1.79769313486232e+308,1.79769313486232e+308,1.79769313486232e+308,5000,1.79769313486232e+308,1000,1.79769313486232e+308,1.79769313486232e+308,1.79769313486232e+308,1.79769313486232e+308
73,"10/27/95",1,1740629,1,1,"Purchased",200,200,1.79769313486232e+308,1.79769313486232e+308,2000,2000,1000,1000,1.79769313486232e+308,1.79769313486232e+308,1.79769313486232e+308,1.79769313486232e+308
77,"10/27/95",1,1740739,1,1,"Purchased",100,100,1.79769313486232e+308,1.79769313486232e+308,2000,1000,4000,1000,1.79769313486232e+308,1500,1.79769313486232e+308,1.79769313486232e+308
78,"10/27/95",1,1740839,1,1,"Purchased",100,300,1.79769313486232e+308,1.79769313486232e+308,1000,2000,300,1000,1.79769313486232e+308,1.79769313486232e+308,1.79769313486232e+308,1.79769313486232e+308
79,"10/27/95",1,1740939,1,1,"Purchased",200,500,1.79769313486232e+308,1.79769313486232e+308,300,600,700,1200,1.79769313486232e+308,1.79769313486232e+308,1.79769313486232e+308,1.79769313486232e+308
80,"10/27/95",1,1741039,1,1,"Purchased",50,50,1.79769313486232e+308,1.79769313486232e+308,1.79769313486232e+308,1.79769313486232e+308,300,300,1.79769313486232e+308,1.79769313486232e+308,1.79769313486232e+308,1.79769313486232e+308
83,"10/27/95",1,1741139,2,3,"Obtained as gift",1.79769313486232e+308,1.79769313486232e+308,1.79769313486232e+308,1.79769313486232e+308,1.79769313486232e+308,1.79769313486232e+308,1.79769313486232e+308,1.79769313486232e+308,1.79769313486232e+308,1.79769313486232e+308,2000,2000
82,"10/27/95",1,1741139,2,1,"Purchased",1.79769313486232e+308,1.79769313486232e+308,1.79769313486232e+308,1.79769313486232e+308,1.79769313486232e+308,1.79769313486232e+308,1.79769313486232e+308,1.79769313486232e+308,1.79769313486232e+308,1.79769313486232e+308,2000,2000
81,"10/27/95",1,1741139,1,1,"Purchased",300,500,1.79769313486232e+308,1.79769313486232e+308,1000,2000,800,1000,1.79769313486232e+308,3000,1.79769313486232e+308,1.79769313486232e+308
84,"10/27/95",1,1741239,1,1,"Purchased",200,300,1.79769313486232e+308,1.79769313486232e+308,600,600,800,1000,1.79769313486232e+308,1.79769313486232e+308,1.79769313486232e+308,1.79769313486232e+308
86,"10/27/95",1,1741339,2,3,"Obtained as gift",1.79769313486232e+308,1.79769313486232e+308,1.79769313486232e+308,1.79769313486232e+308,1.79769313486232e+308,1.79769313486232e+308,1.79769313486232e+308,1.79769313486232e+308,1.79769313486232e+308,1.79769313486232e+308,3000,3000
85,"10/27/95",1,1741339,1,1,"Purchased",200,400,1.79769313486232e+308,1.79769313486232e+308,5000,7000,800,1200,1.79769313486232e+308,1.79769313486232e+308,1.79769313486232e+308,1.79769313486232e+308
87,"10/27/95",1,1741439,1,1,"Purchased",300,500,1.79769313486232e+308,1.79769313486232e+308,900,1000,1000,1800,1.79769313486232e+308,1.79769313486232e+308,1.79769313486232e+308,1.79769313486232e+308
89,"10/27/95",1,1741539,2,3,"Obtained as gift",1.79769313486232e+308,1.79769313486232e+308,1.79769313486232e+308,1.79769313486232e+308,1.79769313486232e+308,1.79769313486232e+308,1.79769313486232e+308,1.79769313486232e+308,1.79769313486232e+308,1.79769313486232e+308,3000,3000
88,"10/27/95",1,1741539,1,1,"Purchased",300,400,1.79769313486232e+308,1.79769313486232e+308,7000,12000,12002,1800,1.79769313486232e+308,2500,1.79769313486232e+308,1.79769313486232e+308
90,"10/27/95",1,1741639,1,1,"Purchased",200,400,1.79769313486232e+308,1.79769313486232e+308,500,700,1000,1500,1.79769313486232e+308,1.79769313486232e+308,1.79769313486232e+308,1.79769313486232e+308
91,"10/27/95",1,1741739,1,1,"Purchased",200,200,1.79769313486232e+308,1.79769313486232e+308,500,500,600,1000,1.79769313486232e+308,1.79769313486232e+308,1.79769313486232e+308,1.79769313486232e+308
92,"10/27/95",1,1741739,2,1,"Purchased",1.79769313486232e+308,1.79769313486232e+308,1.79769313486232e+308,1.79769313486232e+308,1.79769313486232e+308,1.79769313486232e+308,1.79769313486232e+308,1.79769313486232e+308,1.79769313486232e+308,1.79769313486232e+308,1500,1500
93,"10/27/95",1,1741839,1,1,"Purchased",200,300,1.79769313486232e+308,1.79769313486232e+308,1.79769313486232e+308,1.79769313486232e+308,500,500,1.79769313486232e+308,1.79769313486232e+308,1.79769313486232e+308,1.79769313486232e+308
87,"11/01/99",1,1810241,3,1,"Purchased",0,20,0,100,100,100,100,150,0,700,1.79769313486232e+308,1.79769313486232e+308
91,"11/01/99",1,1810251,1,1,"Purchased",0,50,30,30,1.79769313486232e+308,100,100,250,1.79769313486232e+308,1.79769313486232e+308,1.79769313486232e+308,1.79769313486232e+308
92,"11/01/99",1,1810251,1,2,"Inherited",0,0,0,0,200,200,1.79769313486232e+308,1.79769313486232e+308,1.79769313486232e+308,1.79769313486232e+308,1.79769313486232e+308,1.79769313486232e+308
95,"11/01/99",1,1810252,1,1,"Purchased",0,40,1.79769313486232e+308,80,1.79769313486232e+308,900,50,250,1.79769313486232e+308,1.79769313486232e+308,1.79769313486232e+308,1.79769313486232e+308
96,"11/01/99",1,1810252,2,2,"Inherited",1.79769313486232e+308,1.79769313486232e+308,1.79769313486232e+308,1.79769313486232e+308,1.79769313486232e+308,1.79769313486232e+308,1.79769313486232e+308,1.79769313486232e+308,1.79769313486232e+308,1.79769313486232e+308,1.79769313486232e+308,200
88,"11/01/99",1,1810341,1,1,"Purchased",0,90,1.79769313486232e+308,50,200,200,100,500,1.79769313486232e+308,1.79769313486232e+308,1.79769313486232e+308,1.79769313486232e+308
94,"11/01/99",1,1810351,1,3,"Obtained as gift",0,0,40,40,1.79769313486232e+308,1.79769313486232e+308,1.79769313486232e+308,1.79769313486232e+308,1.79769313486232e+308,1.79769313486232e+308,1.79769313486232e+308,1.79769313486232e+308
93,"11/01/99",1,1810351,1,1,"Purchased",40,40,1.79769313486232e+308,1.79769313486232e+308,1200,1200,200,200,1.79769313486232e+308,1.79769313486232e+308,1.79769313486232e+308,1.79769313486232e+308
90,"11/01/99",1,1810441,1,2,"Inherited",0,0,0,0,400,400,1.79769313486232e+308,1.79769313486232e+308,1.79769313486232e+308,1.79769313486232e+308,1.79769313486232e+308,1.79769313486232e+308
89,"11/01/99",1,1810441,1,1,"Purchased",0,0,0,0,0,250,0,300,0,0,0,300
97,"11/01/99",1,1810459,1,1,"Purchased",0,80,1.79769313486232e+308,200,1.79769313486232e+308,2600,1.79769313486232e+308,1600,1.79769313486232e+308,150,1.79769313486232e+308,1.79769313486232e+308
98,"11/01/99",1,1810459,2,3,"Obtained as gift",1.79769313486232e+308,1.79769313486232e+308,1.79769313486232e+308,1.79769313486232e+308,1.79769313486232e+308,1.79769313486232e+308,1.79769313486232e+308,1.79769313486232e+308,1.79769313486232e+308,1.79769313486232e+308,1.79769313486232e+308,3200
70,"11/01/99",1,1810533,1,1,"Purchased",1.79769313486232e+308,100,100,100,1.79769313486232e+308,150,260,90,1.79769313486232e+308,1.79769313486232e+308,1.79769313486232e+308,1.79769313486232e+308
71,"11/01/99",1,1811339,1,1,"Purchased",0,40,1.79769313486232e+308,1.79769313486232e+308,1.79769313486232e+308,100,100,100,1.79769313486232e+308,1.79769313486232e+308,1.79769313486232e+308,1.79769313486232e+308
72,"11/01/99",1,1811339,1,3,"Obtained as gift",0,0,0,0,0,0,0,200,1.79769313486232e+308,1.79769313486232e+308,1.79769313486232e+308,1.79769313486232e+308
73,"11/01/99",1,1811439,1,1,"Purchased",70,1.79769313486232e+308,1.79769313486232e+308,80,950,250,300,100,1.79769313486232e+308,1.79769313486232e+308,1.79769313486232e+308,1.79769313486232e+308
222,"9/06/99",1,1811539,1,1,"",70,70,70,70,1.79769313486232e+308,250,100,250,1.79769313486232e+308,1.79769313486232e+308,1.79769313486232e+308,1.79769313486232e+308
75,"11/01/99",1,1811639,1,1,"Purchased",1.79769313486232e+308,1.79769313486232e+308,150,150,900,900,100,200,1.79769313486232e+308,1.79769313486232e+308,1.79769313486232e+308,150
76,"11/01/99",1,1811639,2,2,"Inherited",1.79769313486232e+308,1.79769313486232e+308,1.79769313486232e+308,1.79769313486232e+308,1.79769313486232e+308,1.79769313486232e+308,1.79769313486232e+308,1.79769313486232e+308,1.79769313486232e+308,1.79769313486232e+308,500,500
78,"11/01/99",1,1811739,2,1,"Purchased",1.79769313486232e+308,1.79769313486232e+308,1.79769313486232e+308,1.79769313486232e+308,1.79769313486232e+308,1.79769313486232e+308,1.79769313486232e+308,1.79769313486232e+308,1.79769313486232e+308,1.79769313486232e+308,1.79769313486232e+308,500
77,"11/01/99",1,1811739,1,1,"Purchased",0,40,1.79769313486232e+308,40,1.79769313486232e+308,1050,100,400,1.79769313486232e+308,1.79769313486232e+308,1.79769313486232e+308,1.79769313486232e+308
79,"11/01/99",1,1811839,1,1,"Purchased",0,80,1.79769313486232e+308,40,500,870,200,420,1.79769313486232e+308,1.79769313486232e+308,1.79769313486232e+308,1.79769313486232e+308
80,"11/01/99",1,1811839,4,2,"Inherited",1.79769313486232e+308,1.79769313486232e+308,1.79769313486232e+308,1.79769313486232e+308,1.79769313486232e+308,1.79769313486232e+308,1.79769313486232e+308,1.79769313486232e+308,1.79769313486232e+308,1.79769313486232e+308,1.79769313486232e+308,660
82,"11/01/99",1,1811939,1,2,"Inherited",0,0,0,0,200,0,150,150,1.79769313486232e+308,1.79769313486232e+308,1.79769313486232e+308,1.79769313486232e+308
83,"11/01/99",1,1811939,2,1,"Purchased",1.79769313486232e+308,1.79769313486232e+308,1.79769313486232e+308,1.79769313486232e+308,1.79769313486232e+308,1.79769313486232e+308,1.79769313486232e+308,1.79769313486232e+308,1.79769313486232e+308,1.79769313486232e+308,1.79769313486232e+308,500
81,"11/01/99",1,1811939,1,1,"Purchased",0,40,0,40,0,800,0,150,1.79769313486232e+308,1.79769313486232e+308,1.79769313486232e+308,1.79769313486232e+308
86,"11/01/99",1,1812039,8,3,"Obtained as gift",1.79769313486232e+308,1.79769313486232e+308,1.79769313486232e+308,1.79769313486232e+308,1.79769313486232e+308,1.79769313486232e+308,1.79769313486232e+308,1.79769313486232e+308,1.79769313486232e+308,1.79769313486232e+308,1.79769313486232e+308,300
85,"11/01/99",1,1812039,3,3,"Obtained as gift",1.79769313486232e+308,1.79769313486232e+308,1.79769313486232e+308,1.79769313486232e+308,1.79769313486232e+308,1.79769313486232e+308,1.79769313486232e+308,1.79769313486232e+308,1.79769313486232e+308,1.79769313486232e+308,1.79769313486232e+308,300
84,"11/01/99",1,1812039,1,1,"Purchased",0,13,13,1.79769313486232e+308,1.79769313486232e+308,150,33,50,1.79769313486232e+308,66,1.79769313486232e+308,300
64,"11/01/99",1,1820151,1,1,"Purchased",20,20,100,100,250,250,250,400,1.79769313486232e+308,1.79769313486232e+308,1.79769313486232e+308,1.79769313486232e+308
65,"11/01/99",1,1820151,4,1,"Purchased",1.79769313486232e+308,1.79769313486232e+308,1.79769313486232e+308,1.79769313486232e+308,1.79769313486232e+308,1.79769313486232e+308,1.79769313486232e+308,1.79769313486232e+308,1.79769313486232e+308,1.79769313486232e+308,0,150
66,"11/01/99",1,1820251,1,1,"Purchased",0,75,0,80,0,1000,0,450,1.79769313486232e+308,1.79769313486232e+308,1.79769313486232e+308,1.79769313486232e+308
67,"11/01/99",1,1820251,1,4,"Obtained as dowry",1.79769313486232e+308,1.79769313486232e+308,1.79769313486232e+308,1.79769313486232e+308,1.79769313486232e+308,1.79769313486232e+308,1.79769313486232e+308,1.79769313486232e+308,1.79769313486232e+308,1.79769313486232e+308,2000,2000
63,"11/01/99",1,1820341,2,4,"Obtained as dowry",1.79769313486232e+308,1.79769313486232e+308,1.79769313486232e+308,1.79769313486232e+308,1.79769313486232e+308,1.79769313486232e+308,1.79769313486232e+308,1.79769313486232e+308,1.79769313486232e+308,1.79769313486232e+308,130,130
61,"11/01/99",1,1820341,1,1,"Purchased",0,0,0,0,0,0,0,35,1.79769313486232e+308,1.79769313486232e+308,1.79769313486232e+308,1.79769313486232e+308
62,"11/01/99",1,1820341,1,4,"Obtained as dowry",0,0,0,0,0,0,285,285,1.79769313486232e+308,1.79769313486232e+308,1.79769313486232e+308,1.79769313486232e+308
68,"11/01/99",1,1820459,1,1,"Purchased",0,80,0,60,1.79769313486232e+308,1.79769313486232e+308,200,350,1.79769313486232e+308,1.79769313486232e+308,1.79769313486232e+308,1.79769313486232e+308
69,"11/01/99",1,1820459,2,1,"Purchased",1.79769313486232e+308,1.79769313486232e+308,1.79769313486232e+308,1.79769313486232e+308,1.79769313486232e+308,1.79769313486232e+308,1.79769313486232e+308,1.79769313486232e+308,1.79769313486232e+308,1.79769313486232e+308,1.79769313486232e+308,50
47,"11/01/99",1,1821339,1,1,"Purchased",0,60,60,60,0,250,0,250,1.79769313486232e+308,1.79769313486232e+308,1.79769313486232e+308,1.79769313486232e+308
48,"11/01/99",1,1821339,2,1,"Purchased",1.79769313486232e+308,1.79769313486232e+308,1.79769313486232e+308,1.79769313486232e+308,1.79769313486232e+308,1.79769313486232e+308,1.79769313486232e+308,1.79769313486232e+308,1.79769313486232e+308,1.79769313486232e+308,1.79769313486232e+308,250
51,"11/01/99",1,1821439,2,3,"Obtained as gift",1.79769313486232e+308,1.79769313486232e+308,1.79769313486232e+308,1.79769313486232e+308,1.79769313486232e+308,1.79769313486232e+308,1.79769313486232e+308,1.79769313486232e+308,1.79769313486232e+308,1.79769313486232e+308,50,50
49,"11/01/99",1,1821439,1,1,"Purchased",0,0,120,120,0,300,0,320,1.79769313486232e+308,1.79769313486232e+308,1.79769313486232e+308,1.79769313486232e+308
50,"11/01/99",1,1821439,1,2,"Inherited",30,30,1.79769313486232e+308,1.79769313486232e+308,1.79769313486232e+308,1.79769313486232e+308,1.79769313486232e+308,1.79769313486232e+308,1.79769313486232e+308,1.79769313486232e+308,1.79769313486232e+308,1.79769313486232e+308
53,"11/01/99",1,1821539,1,2,"Inherited",0,0,0,0,200,200,1.79769313486232e+308,1.79769313486232e+308,1.79769313486232e+308,1.79769313486232e+308,1.79769313486232e+308,1.79769313486232e+308
52,"11/01/99",1,1821539,1,1,"Purchased",0,50,0,50,1.79769313486232e+308,100,0,200,0,150,1.79769313486232e+308,1.79769313486232e+308
54,"11/01/99",1,1821639,1,1,"Purchased",0,100,0,100,800,1200,550,700,1.79769313486232e+308,1.79769313486232e+308,1.79769313486232e+308,1.79769313486232e+308
55,"11/01/99",1,1821639,2,1,"Purchased",1.79769313486232e+308,1.79769313486232e+308,1.79769313486232e+308,1.79769313486232e+308,1.79769313486232e+308,1.79769313486232e+308,1.79769313486232e+308,1.79769313486232e+308,1.79769313486232e+308,1.79769313486232e+308,150,270
56,"11/01/99",1,1821739,1,1,"Purchased",0,70,0,55,1.79769313486232e+308,1.79769313486232e+308,0,180,1.79769313486232e+308,1.79769313486232e+308,1.79769313486232e+308,1.79769313486232e+308
57,"11/01/99",1,1821739,2,1,"Purchased",1.79769313486232e+308,1.79769313486232e+308,1.79769313486232e+308,1.79769313486232e+308,1.79769313486232e+308,1.79769313486232e+308,1.79769313486232e+308,1.79769313486232e+308,1.79769313486232e+308,1.79769313486232e+308,0,100
59,"11/01/99",1,1821839,1,2,"Inherited",0,0,0,0,300,300,1.79769313486232e+308,1.79769313486232e+308,1.79769313486232e+308,1.79769313486232e+308,1.79769313486232e+308,1.79769313486232e+308
60,"11/01/99",1,1821839,2,1,"Purchased",1.79769313486232e+308,1.79769313486232e+308,1.79769313486232e+308,1.79769313486232e+308,1.79769313486232e+308,1.79769313486232e+308,1.79769313486232e+308,1.79769313486232e+308,1.79769313486232e+308,1.79769313486232e+308,0,170
58,"11/01/99",1,1821839,1,1,"Purchased",0,60,0,70,0,400,100,550,1.79769313486232e+308,1.79769313486232e+308,1.79769313486232e+308,1.79769313486232e+308
44,"11/01/99",1,1830441,1,1,"Purchased",100,100,150,150,300,300,200,350,1.79769313486232e+308,1.79769313486232e+308,1.79769313486232e+308,1830542
46,"11/01/99",1,1830542,2,1,"Purchased",1.79769313486232e+308,1.79769313486232e+308,1.79769313486232e+308,1.79769313486232e+308,1.79769313486232e+308,1.79769313486232e+308,1.79769313486232e+308,1.79769313486232e+308,1.79769313486232e+308,1.79769313486232e+308,1.79769313486232e+308,250
45,"11/01/99",1,1830542,1,1,"Purchased",0,80,50,50,200,450,0,300,1.79769313486232e+308,1.79769313486232e+308,1.79769313486232e+308,1.79769313486232e+308
28,"11/01/99",1,1831339,1,1,"Purchased",0,40,1.79769313486232e+308,1.79769313486232e+308,0,1500,0,300,1.79769313486232e+308,1.79769313486232e+308,1.79769313486232e+308,1.79769313486232e+308
29,"11/01/99",1,1831439,1,1,"Purchased",0,40,0,100,800,800,0,250,1.79769313486232e+308,1.79769313486232e+308,1.79769313486232e+308,1.79769313486232e+308
30,"11/01/99",1,1831439,2,1,"Purchased",1.79769313486232e+308,1.79769313486232e+308,1.79769313486232e+308,1.79769313486232e+308,1.79769313486232e+308,1.79769313486232e+308,1.79769313486232e+308,1.79769313486232e+308,1.79769313486232e+308,1.79769313486232e+308,0,60
31,"11/01/99",1,1831539,1,1,"Purchased",0,50,1.79769313486232e+308,1.79769313486232e+308,1000,1000,200,450,1.79769313486232e+308,1.79769313486232e+308,1.79769313486232e+308,1.79769313486232e+308
33,"11/01/99",1,1831639,1,2,"Inherited",0,0,120,120,1.79769313486232e+308,1.79769313486232e+308,1.79769313486232e+308,1.79769313486232e+308,1.79769313486232e+308,1.79769313486232e+308,1.79769313486232e+308,1.79769313486232e+308
32,"11/01/99",1,1831639,1,1,"Purchased",40,40,1.79769313486232e+308,1.79769313486232e+308,0,400,0,350,1.79769313486232e+308,1.79769313486232e+308,1.79769313486232e+308,1.79769313486232e+308
34,"11/01/99",1,1831739,1,1,"Purchased",0,0,0,0,0,500,0,250,1.79769313486232e+308,1.79769313486232e+308,1.79769313486232e+308,1.79769313486232e+308
36,"11/01/99",1,1831839,1,1,"Purchased",0,140,0,80,200,500,300,450,0,150,1.79769313486232e+308,1.79769313486232e+308
35,"11/01/99",1,1831839,1,1,"Purchased",0,140,0,80,200,500,300,450,0,150,1.79769313486232e+308,1.79769313486232e+308
37,"11/01/99",1,1831839,1,1,"Purchased",0,140,0,80,200,500,300,450,0,150,1.79769313486232e+308,1.79769313486232e+308
38,"11/01/99",1,1831839,2,1,"Purchased",1.79769313486232e+308,1.79769313486232e+308,1.79769313486232e+308,1.79769313486232e+308,1.79769313486232e+308,1.79769313486232e+308,1.79769313486232e+308,1.79769313486232e+308,1.79769313486232e+308,1.79769313486232e+308,160,160
39,"11/01/99",1,1831839,7,3,"Obtained as gift",1.79769313486232e+308,1.79769313486232e+308,1.79769313486232e+308,1.79769313486232e+308,1.79769313486232e+308,1.79769313486232e+308,1.79769313486232e+308,1.79769313486232e+308,1.79769313486232e+308,1.79769313486232e+308,0,210
40,"11/01/99",1,1831939,1,1,"Purchased",0,80,100,100,0,600,0,350,1.79769313486232e+308,1.79769313486232e+308,1.79769313486232e+308,1.79769313486232e+308
41,"11/01/99",1,1832039,1,1,"Purchased",0,110,70,70,0,0,0,350,1.79769313486232e+308,1.79769313486232e+308,1.79769313486232e+308,1.79769313486232e+308
42,"11/01/99",1,1832139,1,1,"Purchased",0,0,50,50,200,200,150,350,1.79769313486232e+308,1.79769313486232e+308,1.79769313486232e+308,1.79769313486232e+308
43,"11/01/99",1,1832239,1,1,"Purchased",0,120,1.79769313486232e+308,1.79769313486232e+308,0,1000,0,300,1.79769313486232e+308,1.79769313486232e+308,1.79769313486232e+308,1.79769313486232e+308
99,"11/01/99",1,1840139,1,1,"Purchased",140,140,1.79769313486232e+308,1.79769313486232e+308,150,150,200,350,1.79769313486232e+308,1.79769313486232e+308,1.79769313486232e+308,1.79769313486232e+308
100,"11/01/99",1,1840239,1,1,"Purchased",0,120,0,200,0,2500,0,350,1.79769313486232e+308,1.79769313486232e+308,1.79769313486232e+308,1.79769313486232e+308
101,"11/01/99",1,1840339,1,1,"Purchased",0,80,800,800,300,5700,100,400,0,200,1.79769313486232e+308,1.79769313486232e+308
102,"11/01/99",1,1840339,2,1,"Purchased",1.79769313486232e+308,1.79769313486232e+308,1.79769313486232e+308,1.79769313486232e+308,1.79769313486232e+308,1.79769313486232e+308,1.79769313486232e+308,1.79769313486232e+308,1.79769313486232e+308,1.79769313486232e+308,1.79769313486232e+308,150
103,"11/01/99",1,1840439,1,1,"Purchased",180,180,175,175,500,500,260,500,1.79769313486232e+308,1.79769313486232e+308,1.79769313486232e+308,1.79769313486232e+308
104,"11/01/99",1,1840539,1,1,"Purchased",180,180,60,60,190,190,150,300,1.79769313486232e+308,1.79769313486232e+308,1.79769313486232e+308,1.79769313486232e+308
106,"11/01/99",1,1840639,1,3,"Obtained as gift",0,0,0,0,1500,1500,1.79769313486232e+308,1.79769313486232e+308,1.79769313486232e+308,1.79769313486232e+308,1.79769313486232e+308,1.79769313486232e+308
107,"11/01/99",1,1840639,2,1,"Purchased",1.79769313486232e+308,1.79769313486232e+308,1.79769313486232e+308,1.79769313486232e+308,1.79769313486232e+308,1.79769313486232e+308,1.79769313486232e+308,1.79769313486232e+308,1.79769313486232e+308,1.79769313486232e+308,500,500
105,"11/01/99",1,1840639,1,1,"Purchased",0,50,1.79769313486232e+308,1.79769313486232e+308,1.79769313486232e+308,500,200,250,1.79769313486232e+308,1.79769313486232e+308,1.79769313486232e+308,1.79769313486232e+308
108,"11/01/99",1,1840739,1,1,"Purchased",180,180,90,90,120,120,140,300,1.79769313486232e+308,1.79769313486232e+308,1.79769313486232e+308,1.79769313486232e+308
110,"11/01/99",1,1840839,2,3,"Obtained as gift",1.79769313486232e+308,1.79769313486232e+308,1.79769313486232e+308,1.79769313486232e+308,1.79769313486232e+308,1.79769313486232e+308,1.79769313486232e+308,1.79769313486232e+308,1.79769313486232e+308,1.79769313486232e+308,1.79769313486232e+308,350
109,"11/01/99",1,1840839,1,1,"Purchased",100,100,1.79769313486232e+308,1.79769313486232e+308,150,350,120,300,1.79769313486232e+308,1.79769313486232e+308,1.79769313486232e+308,1.79769313486232e+308
111,"11/01/99",1,1840939,1,1,"Purchased",0,0,0,0,800,1200,100,300,1.79769313486232e+308,1.79769313486232e+308,1.79769313486232e+308,1.79769313486232e+308
112,"11/01/99",1,1840939,2,1,"Purchased",1.79769313486232e+308,1.79769313486232e+308,1.79769313486232e+308,1.79769313486232e+308,1.79769313486232e+308,1.79769313486232e+308,1.79769313486232e+308,1.79769313486232e+308,1.79769313486232e+308,1.79769313486232e+308,1.79769313486232e+308,150
114,"11/01/99",1,1841039,2,3,"Obtained as gift",1.79769313486232e+308,1.79769313486232e+308,1.79769313486232e+308,1.79769313486232e+308,1.79769313486232e+308,1.79769313486232e+308,1.79769313486232e+308,1.79769313486232e+308,1.79769313486232e+308,1.79769313486232e+308,300,300
113,"11/01/99",1,1841039,1,1,"Purchased",220,220,90,90,2200,2200,180,400,1.79769313486232e+308,1.79769313486232e+308,1.79769313486232e+308,1.79769313486232e+308
115,"11/01/99",1,1841139,1,1,"Purchased",0,180,90,90,500,500,200,400,0,300,1.79769313486232e+308,1.79769313486232e+308
116,"11/01/99",1,1841139,2,3,"Obtained as gift",1.79769313486232e+308,1.79769313486232e+308,1.79769313486232e+308,1.79769313486232e+308,1.79769313486232e+308,1.79769313486232e+308,1.79769313486232e+308,1.79769313486232e+308,1.79769313486232e+308,1.79769313486232e+308,300,300
117,"11/01/99",1,1841239,1,1,"Purchased",0,90,200,200,0,150,150,250,1.79769313486232e+308,1.79769313486232e+308,1.79769313486232e+308,1.79769313486232e+308
118,"11/01/99",1,1841339,1,1,"Purchased",250,250,1.79769313486232e+308,1.79769313486232e+308,250,250,200,300,1.79769313486232e+308,1.79769313486232e+308,1.79769313486232e+308,250
119,"11/01/99",1,1841439,1,1,"Purchased",160,280,180,180,3500,8000,450,900,0,2000,1.79769313486232e+308,1.79769313486232e+308
120,"11/01/99",1,1841439,2,1,"Purchased",1.79769313486232e+308,1.79769313486232e+308,1.79769313486232e+308,1.79769313486232e+308,1.79769313486232e+308,1.79769313486232e+308,1.79769313486232e+308,1.79769313486232e+308,1.79769313486232e+308,1.79769313486232e+308,3000,3000
121,"11/01/99",1,1841639,1,1,"Purchased",160,300,125,125,400,7000,200,500,400,400,0,0
122,"11/01/99",1,1841739,1,1,"Purchased",150,150,1.79769313486232e+308,1.79769313486232e+308,1.79769313486232e+308,1.79769313486232e+308,100,300,1.79769313486232e+308,1.79769313486232e+308,1.79769313486232e+308,1.79769313486232e+308
124,"11/01/99",1,1841839,2,1,"Purchased",1.79769313486232e+308,1.79769313486232e+308,1.79769313486232e+308,1.79769313486232e+308,1.79769313486232e+308,1.79769313486232e+308,1.79769313486232e+308,1.79769313486232e+308,1.79769313486232e+308,1.79769313486232e+308,0,160
123,"11/01/99",1,1841839,1,1,"Purchased",45,45,120,120,0,1000,100,350,0,200,1.79769313486232e+308,1.79769313486232e+308
125,"11/01/99",1,1841939,1,1,"Purchased",100,100,0,100,0,900,0,300,1.79769313486232e+308,1.79769313486232e+308,1.79769313486232e+308,1.79769313486232e+308
127,"11/01/99",1,1842039,2,4,"Obtained as dowry",1.79769313486232e+308,1.79769313486232e+308,1.79769313486232e+308,1.79769313486232e+308,1.79769313486232e+308,1.79769313486232e+308,1.79769313486232e+308,1.79769313486232e+308,1.79769313486232e+308,1.79769313486232e+308,250,250
126,"11/01/99",1,1842039,1,1,"Purchased",0,80,0,120,0,800,150,350,1.79769313486232e+308,1.79769313486232e+308,1.79769313486232e+308,1.79769313486232e+308
128,"11/01/99",1,1842139,1,1,"Purchased",0,0,0,0,0,600,50,350,1.79769313486232e+308,1.79769313486232e+308,1.79769313486232e+308,1.79769313486232e+308
129,"11/01/99",1,1842139,10,3,"Obtained as gift",1.79769313486232e+308,1.79769313486232e+308,1.79769313486232e+308,1.79769313486232e+308,1.79769313486232e+308,1.79769313486232e+308,1.79769313486232e+308,1.79769313486232e+308,1.79769313486232e+308,1.79769313486232e+308,0,160
95,"10/27/95",1,1910232,2,3,"Obtained as gift",1.79769313486232e+308,1.79769313486232e+308,1.79769313486232e+308,1.79769313486232e+308,1.79769313486232e+308,1.79769313486232e+308,1.79769313486232e+308,1.79769313486232e+308,1.79769313486232e+308,1.79769313486232e+308,200,200
94,"10/27/95",1,1910232,1,1,"Purchased",150,150,1.79769313486232e+308,1.79769313486232e+308,1.79769313486232e+308,1.79769313486232e+308,350,350,1.79769313486232e+308,1.79769313486232e+308,1.79769313486232e+308,1.79769313486232e+308
109,"10/27/95",1,1910459,2,3,"Obtained as gift",1.79769313486232e+308,1.79769313486232e+308,1.79769313486232e+308,1.79769313486232e+308,1.79769313486232e+308,1.79769313486232e+308,1.79769313486232e+308,1.79769313486232e+308,1.79769313486232e+308,1.79769313486232e+308,300,300
108,"10/27/95",1,1910459,1,1,"Purchased",150,150,1.79769313486232e+308,1.79769313486232e+308,500,500,350,350,1.79769313486232e+308,1.79769313486232e+308,1.79769313486232e+308,1.79769313486232e+308
107,"10/27/95",1,1911539,5,3,"Obtained as gift",1.79769313486232e+308,1.79769313486232e+308,1.79769313486232e+308,1.79769313486232e+308,1.79769313486232e+308,1.79769313486232e+308,1.79769313486232e+308,1.79769313486232e+308,1.79769313486232e+308,1.79769313486232e+308,500,500
106,"10/27/95",1,1911539,2,3,"Obtained as gift",1.79769313486232e+308,1.79769313486232e+308,1.79769313486232e+308,1.79769313486232e+308,1.79769313486232e+308,1.79769313486232e+308,1.79769313486232e+308,1.79769313486232e+308,1.79769313486232e+308,1.79769313486232e+308,400,400
105,"10/27/95",1,1911539,1,1,"Purchased",200,200,1.79769313486232e+308,1.79769313486232e+308,400,400,350,500,1.79769313486232e+308,1.79769313486232e+308,1.79769313486232e+308,1.79769313486232e+308
103,"10/27/95",1,1911639,1,1,"Purchased",150,150,1.79769313486232e+308,1.79769313486232e+308,400,400,350,450,1.79769313486232e+308,1.79769313486232e+308,1.79769313486232e+308,1.79769313486232e+308
104,"10/27/95",1,1911639,2,3,"Obtained as gift",1.79769313486232e+308,1.79769313486232e+308,1.79769313486232e+308,1.79769313486232e+308,1.79769313486232e+308,1.79769313486232e+308,1.79769313486232e+308,1.79769313486232e+308,1.79769313486232e+308,1.79769313486232e+308,350,350
101,"10/27/95",1,1911739,1,1,"Purchased",1.79769313486232e+308,150,1.79769313486232e+308,1.79769313486232e+308,300,500,550,550,1.79769313486232e+308,1.79769313486232e+308,1.79769313486232e+308,1.79769313486232e+308
102,"10/27/95",1,1911739,2,3,"Obtained as gift",1.79769313486232e+308,1.79769313486232e+308,1.79769313486232e+308,1.79769313486232e+308,1.79769313486232e+308,1.79769313486232e+308,1.79769313486232e+308,1.79769313486232e+308,1.79769313486232e+308,1.79769313486232e+308,450,450
97,"10/27/95",1,1911839,2,3,"Obtained as gift",1.79769313486232e+308,1.79769313486232e+308,1.79769313486232e+308,1.79769313486232e+308,1.79769313486232e+308,1.79769313486232e+308,1.79769313486232e+308,1.79769313486232e+308,1.79769313486232e+308,1.79769313486232e+308,300,300
98,"10/27/95",1,1911839,4,3,"Obtained as gift",1.79769313486232e+308,1.79769313486232e+308,1.79769313486232e+308,1.79769313486232e+308,1.79769313486232e+308,1.79769313486232e+308,1.79769313486232e+308,1.79769313486232e+308,1.79769313486232e+308,1.79769313486232e+308,400,400
96,"10/27/95",1,1911839,1,1,"Purchased",250,250,1.79769313486232e+308,1.79769313486232e+308,600,600,400,480,1.79769313486232e+308,1.79769313486232e+308,1.79769313486232e+308,1.79769313486232e+308
100,"10/27/95",1,1911939,2,3,"Obtained as gift",700,700,1.79769313486232e+308,1.79769313486232e+308,1.79769313486232e+308,1.79769313486232e+308,1.79769313486232e+308,1.79769313486232e+308,1.79769313486232e+308,1.79769313486232e+308,1.79769313486232e+308,1.79769313486232e+308
99,"10/27/95",1,1911939,1,1,"Purchased",200,300,1.79769313486232e+308,150,500,1200,250,450,1.79769313486232e+308,1.79769313486232e+308,1.79769313486232e+308,1.79769313486232e+308
110,"10/27/95",1,1912039,1,1,"Purchased",200,200,1.79769313486232e+308,1.79769313486232e+308,800,1500,350,450,1.79769313486232e+308,400,1.79769313486232e+308,1.79769313486232e+308
111,"10/27/95",1,1912039,2,3,"Obtained as gift",1.79769313486232e+308,1.79769313486232e+308,1.79769313486232e+308,1.79769313486232e+308,1.79769313486232e+308,1.79769313486232e+308,1.79769313486232e+308,1.79769313486232e+308,1.79769313486232e+308,1.79769313486232e+308,1200,1200
141,"11/01/99",1,1921539,1,1,"Purchased",1.79769313486232e+308,1.79769313486232e+308,300,300,500,500,280,280,1.79769313486232e+308,1.79769313486232e+308,1.79769313486232e+308,1.79769313486232e+308
142,"11/01/99",1,1921639,1,1,"Purchased",200,200,1.79769313486232e+308,1.79769313486232e+308,1.79769313486232e+308,200,500,500,1.79769313486232e+308,1.79769313486232e+308,1.79769313486232e+308,1.79769313486232e+308
143,"11/01/99",1,1921639,2,3,"Obtained as gift",1.79769313486232e+308,1.79769313486232e+308,1.79769313486232e+308,1.79769313486232e+308,1.79769313486232e+308,1.79769313486232e+308,1.79769313486232e+308,1.79769313486232e+308,1.79769313486232e+308,1.79769313486232e+308,300,300
145,"11/01/99",1,1921739,2,3,"Obtained as gift",1.79769313486232e+308,1.79769313486232e+308,1.79769313486232e+308,1.79769313486232e+308,1.79769313486232e+308,1.79769313486232e+308,1.79769313486232e+308,1.79769313486232e+308,1.79769313486232e+308,1.79769313486232e+308,300,300
144,"11/01/99",1,1921739,1,1,"Purchased",300,300,1.79769313486232e+308,1.79769313486232e+308,200,900,400,600,1.79769313486232e+308,1.79769313486232e+308,1.79769313486232e+308,1.79769313486232e+308
146,"11/01/99",1,1921839,1,1,"Purchased",1.79769313486232e+308,300,1.79769313486232e+308,1.79769313486232e+308,1.79769313486232e+308,1.79769313486232e+308,1.79769313486232e+308,1.79769313486232e+308,1.79769313486232e+308,1.79769313486232e+308,1.79769313486232e+308,1.79769313486232e+308
148,"11/01/99",1,1921839,2,3,"Obtained as gift",1.79769313486232e+308,1.79769313486232e+308,1.79769313486232e+308,1.79769313486232e+308,1.79769313486232e+308,1.79769313486232e+308,1.79769313486232e+308,1.79769313486232e+308,1.79769313486232e+308,1.79769313486232e+308,1500,1500
147,"11/01/99",1,1921839,2,1,"Purchased",1.79769313486232e+308,1.79769313486232e+308,1.79769313486232e+308,1.79769313486232e+308,1.79769313486232e+308,1.79769313486232e+308,1.79769313486232e+308,1.79769313486232e+308,1.79769313486232e+308,1.79769313486232e+308,1.79769313486232e+308,3500
151,"11/01/99",1,1921939,4,3,"Obtained as gift",1.79769313486232e+308,1.79769313486232e+308,1.79769313486232e+308,1.79769313486232e+308,1.79769313486232e+308,1.79769313486232e+308,1.79769313486232e+308,1.79769313486232e+308,1.79769313486232e+308,1.79769313486232e+308,1.79769313486232e+308,600
149,"11/01/99",1,1921939,1,1,"Purchased",400,400,1.79769313486232e+308,1.79769313486232e+308,300,1500,600,600,1.79769313486232e+308,1.79769313486232e+308,1.79769313486232e+308,1.79769313486232e+308
150,"11/01/99",1,1921939,2,3,"Obtained as gift",1.79769313486232e+308,1.79769313486232e+308,1.79769313486232e+308,1.79769313486232e+308,1.79769313486232e+308,1.79769313486232e+308,1.79769313486232e+308,1.79769313486232e+308,1.79769313486232e+308,1.79769313486232e+308,400,400
154,"11/01/99",1,1922039,2,3,"Obtained as gift",1.79769313486232e+308,1.79769313486232e+308,1.79769313486232e+308,1.79769313486232e+308,1.79769313486232e+308,1.79769313486232e+308,1.79769313486232e+308,1.79769313486232e+308,1.79769313486232e+308,1.79769313486232e+308,3000,3000
152,"11/01/99",1,1922039,1,1,"Purchased",200,200,1.79769313486232e+308,1.79769313486232e+308,500,1800,500,500,1.79769313486232e+308,1.79769313486232e+308,1.79769313486232e+308,1.79769313486232e+308
153,"11/01/99",1,1922039,2,1,"Purchased",1.79769313486232e+308,1.79769313486232e+308,1.79769313486232e+308,1.79769313486232e+308,1.79769313486232e+308,1.79769313486232e+308,1.79769313486232e+308,1.79769313486232e+308,1.79769313486232e+308,1.79769313486232e+308,1.79769313486232e+308,2000
156,"11/01/99",1,1922139,2,3,"Obtained as gift",1.79769313486232e+308,1.79769313486232e+308,1.79769313486232e+308,1.79769313486232e+308,1.79769313486232e+308,1.79769313486232e+308,1.79769313486232e+308,1.79769313486232e+308,1.79769313486232e+308,1.79769313486232e+308,500,500
155,"11/01/99",1,1922139,1,1,"Purchased",200,300,1.79769313486232e+308,1.79769313486232e+308,400,900,1.79769313486232e+308,1.79769313486232e+308,1.79769313486232e+308,1.79769313486232e+308,1.79769313486232e+308,1.79769313486232e+308
159,"11/01/99",1,1922339,2,3,"Obtained as gift",1.79769313486232e+308,1.79769313486232e+308,1.79769313486232e+308,1.79769313486232e+308,1.79769313486232e+308,1.79769313486232e+308,1.79769313486232e+308,1.79769313486232e+308,1.79769313486232e+308,1.79769313486232e+308,1500,1500
157,"11/01/99",1,1922339,1,1,"Purchased",500,500,1.79769313486232e+308,1.79769313486232e+308,2500,2500,400,400,1.79769313486232e+308,1.79769313486232e+308,1.79769313486232e+308,1.79769313486232e+308
158,"11/01/99",1,1922339,1,3,"Obtained as gift",1.79769313486232e+308,1.79769313486232e+308,1.79769313486232e+308,1.79769313486232e+308,1.79769313486232e+308,1.79769313486232e+308,150,150,1.79769313486232e+308,1.79769313486232e+308,1.79769313486232e+308,1.79769313486232e+308
161,"11/01/99",1,1922439,2,3,"Obtained as gift",1.79769313486232e+308,1.79769313486232e+308,1.79769313486232e+308,1.79769313486232e+308,1.79769313486232e+308,1.79769313486232e+308,1.79769313486232e+308,1.79769313486232e+308,1.79769313486232e+308,1.79769313486232e+308,1500,1500
160,"11/01/99",1,1922439,1,1,"Purchased",300,300,1.79769313486232e+308,1.79769313486232e+308,2500,3700,800,800,1.79769313486232e+308,4000,1.79769313486232e+308,1.79769313486232e+308
162,"11/01/99",1,1922439,5,3,"Obtained as gift",1.79769313486232e+308,1.79769313486232e+308,1.79769313486232e+308,1.79769313486232e+308,1.79769313486232e+308,1.79769313486232e+308,1.79769313486232e+308,1.79769313486232e+308,1.79769313486232e+308,1.79769313486232e+308,1.79769313486232e+308,2000
137,"10/28/95",1,1940139,1,1,"Purchased",300,200,1.79769313486232e+308,1.79769313486232e+308,1000,700,1.79769313486232e+308,1.79769313486232e+308,1.79769313486232e+308,1.79769313486232e+308,1.79769313486232e+308,1.79769313486232e+308
138,"10/28/95",1,1940139,2,1,"Purchased",1.79769313486232e+308,1.79769313486232e+308,1.79769313486232e+308,1.79769313486232e+308,1.79769313486232e+308,1.79769313486232e+308,1000,725,1.79769313486232e+308,1.79769313486232e+308,310,310
117,"10/28/95",1,1940239,1,1,"Purchased",200,125,1.79769313486232e+308,1.79769313486232e+308,350,270,500,300,1.79769313486232e+308,1.79769313486232e+308,100,100
124,"10/28/95",1,1940539,1,1,"Purchased",225,175,1.79769313486232e+308,1.79769313486232e+308,1000,1000,700,700,1.79769313486232e+308,1.79769313486232e+308,1.79769313486232e+308,1.79769313486232e+308
126,"10/28/95",1,1940539,3,1,"Purchased",1.79769313486232e+308,1.79769313486232e+308,1.79769313486232e+308,1.79769313486232e+308,1.79769313486232e+308,1.79769313486232e+308,1.79769313486232e+308,1.79769313486232e+308,1.79769313486232e+308,1.79769313486232e+308,1.79769313486232e+308,1000
125,"10/28/95",1,1940539,2,1,"Purchased",1.79769313486232e+308,1.79769313486232e+308,1.79769313486232e+308,1.79769313486232e+308,1.79769313486232e+308,1.79769313486232e+308,1.79769313486232e+308,1.79769313486232e+308,1.79769313486232e+308,1.79769313486232e+308,2000,10000
140,"10/28/95",1,1940639,2,1,"Purchased",1.79769313486232e+308,1.79769313486232e+308,1.79769313486232e+308,1.79769313486232e+308,1.79769313486232e+308,1.79769313486232e+308,1.79769313486232e+308,1.79769313486232e+308,1.79769313486232e+308,1.79769313486232e+308,2000,2000
139,"10/28/95",1,1940639,1,1,"Purchased",1000,3000,1.79769313486232e+308,1.79769313486232e+308,1500,1000,500,400,1.79769313486232e+308,2000,1.79769313486232e+308,1.79769313486232e+308
135,"10/28/95",1,1940739,2,1,"Purchased",1.79769313486232e+308,1.79769313486232e+308,1.79769313486232e+308,1.79769313486232e+308,1.79769313486232e+308,1.79769313486232e+308,1.79769313486232e+308,1.79769313486232e+308,1.79769313486232e+308,1.79769313486232e+308,1.79769313486232e+308,375
134,"10/28/95",1,1940739,1,1,"Purchased",200,100,1.79769313486232e+308,1.79769313486232e+308,500,500,300,300,1.79769313486232e+308,1.79769313486232e+308,1.79769313486232e+308,1.79769313486232e+308
136,"10/28/95",1,1940839,1,1,"Purchased",150,100,1.79769313486232e+308,1.79769313486232e+308,1700,1700,300,500,1.79769313486232e+308,1.79769313486232e+308,195,195
131,"10/28/95",1,1940939,5,1,"Purchased",1.79769313486232e+308,1.79769313486232e+308,1.79769313486232e+308,1.79769313486232e+308,1.79769313486232e+308,1.79769313486232e+308,1.79769313486232e+308,1.79769313486232e+308,1.79769313486232e+308,1.79769313486232e+308,1.79769313486232e+308,1250
130,"10/28/95",1,1940939,2,1,"Purchased",1.79769313486232e+308,1.79769313486232e+308,1.79769313486232e+308,1.79769313486232e+308,1.79769313486232e+308,1.79769313486232e+308,1.79769313486232e+308,1.79769313486232e+308,1.79769313486232e+308,1.79769313486232e+308,1.79769313486232e+308,10000
129,"10/28/95",1,1940939,1,1,"Purchased",200,300,1.79769313486232e+308,1.79769313486232e+308,2000,1500,500,750,700,250,1.79769313486232e+308,1.79769313486232e+308
128,"10/28/95",1,1941039,2,1,"Purchased",1.79769313486232e+308,1.79769313486232e+308,1.79769313486232e+308,1.79769313486232e+308,1.79769313486232e+308,1.79769313486232e+308,1.79769313486232e+308,1.79769313486232e+308,1.79769313486232e+308,1.79769313486232e+308,1.79769313486232e+308,1000
127,"10/28/95",1,1941039,1,1,"Purchased",100,50,1.79769313486232e+308,1.79769313486232e+308,700,500,200,300,1.79769313486232e+308,1.79769313486232e+308,1.79769313486232e+308,1.79769313486232e+308
122,"10/28/95",1,1941139,2,4,"Obtained as dowry",1.79769313486232e+308,1.79769313486232e+308,1.79769313486232e+308,1.79769313486232e+308,1.79769313486232e+308,1.79769313486232e+308,1.79769313486232e+308,1.79769313486232e+308,1.79769313486232e+308,1.79769313486232e+308,8000,8000
123,"10/28/95",1,1941139,7,1,"Purchased",1.79769313486232e+308,1.79769313486232e+308,1.79769313486232e+308,1.79769313486232e+308,1.79769313486232e+308,1.79769313486232e+308,1.79769313486232e+308,1.79769313486232e+308,1.79769313486232e+308,1.79769313486232e+308,1500,1500
121,"10/28/95",1,1941139,6,1,"Purchased",250,250,1.79769313486232e+308,1.79769313486232e+308,7000,7000,600,1000,1.79769313486232e+308,1.79769313486232e+308,1.79769313486232e+308,1.79769313486232e+308
119,"10/28/95",1,1941239,2,1,"Purchased",1.79769313486232e+308,1.79769313486232e+308,1.79769313486232e+308,1.79769313486232e+308,1.79769313486232e+308,1.79769313486232e+308,1.79769313486232e+308,1.79769313486232e+308,1.79769313486232e+308,1.79769313486232e+308,1.79769313486232e+308,150
120,"10/28/95",1,1941239,3,1,"Purchased",1.79769313486232e+308,1.79769313486232e+308,1.79769313486232e+308,1.79769313486232e+308,1.79769313486232e+308,1.79769313486232e+308,1.79769313486232e+308,1.79769313486232e+308,1.79769313486232e+308,1.79769313486232e+308,1.79769313486232e+308,200
118,"10/28/95",1,1941239,1,1,"Purchased",100,200,1.79769313486232e+308,1.79769313486232e+308,700,700,1200,700,700,1.79769313486232e+308,1.79769313486232e+308,1.79769313486232e+308
132,"10/28/95",1,1941339,1,1,"Purchased",100,100,1.79769313486232e+308,1.79769313486232e+308,1400,1400,700,700,1.79769313486232e+308,1200,1.79769313486232e+308,1.79769313486232e+308
133,"10/28/95",1,1941339,2,1,"Purchased",1.79769313486232e+308,1.79769313486232e+308,1.79769313486232e+308,1.79769313486232e+308,1.79769313486232e+308,1.79769313486232e+308,1.79769313486232e+308,1.79769313486232e+308,1.79769313486232e+308,1.79769313486232e+308,1.79769313486232e+308,4000
114,"10/27/95",1,1941439,9,1,"Purchased",1.79769313486232e+308,1.79769313486232e+308,1.79769313486232e+308,1.79769313486232e+308,1.79769313486232e+308,1.79769313486232e+308,1.79769313486232e+308,1.79769313486232e+308,1.79769313486232e+308,1.79769313486232e+308,1.79769313486232e+308,4000
112,"10/27/95",1,1941439,1,1,"Purchased",200,150,1.79769313486232e+308,1.79769313486232e+308,2000,1500,300,500,1.79769313486232e+308,1.79769313486232e+308,1.79769313486232e+308,1.79769313486232e+308
113,"10/27/95",1,1941439,2,1,"Purchased",1.79769313486232e+308,1.79769313486232e+308,1.79769313486232e+308,1.79769313486232e+308,1.79769313486232e+308,1.79769313486232e+308,1.79769313486232e+308,1.79769313486232e+308,1.79769313486232e+308,1.79769313486232e+308,250,250
116,"10/28/95",1,1941539,2,1,"Purchased",1.79769313486232e+308,1.79769313486232e+308,1.79769313486232e+308,1.79769313486232e+308,1.79769313486232e+308,1.79769313486232e+308,1.79769313486232e+308,1.79769313486232e+308,1.79769313486232e+308,1.79769313486232e+308,1.79769313486232e+308,250
115,"10/28/95",1,1941539,1,1,"Purchased",150,900,1.79769313486232e+308,1.79769313486232e+308,500,1400,500,2000,1.79769313486232e+308,700,1.79769313486232e+308,1.79769313486232e+308
2,"10/26/99",1,2011339,1,2,"Inherited",1.79769313486232e+308,1.79769313486232e+308,1.79769313486232e+308,1.79769313486232e+308,1.79769313486232e+308,1.79769313486232e+308,200,1.79769313486232e+308,1.79769313486232e+308,1.79769313486232e+308,1.79769313486232e+308,1.79769313486232e+308
1,"10/26/99",1,2011339,1,1,"Purchased",1.79769313486232e+308,140,1.79769313486232e+308,1.79769313486232e+308,1.79769313486232e+308,4000,1.79769313486232e+308,600,1.79769313486232e+308,4000,1.79769313486232e+308,300
3,"10/26/99",1,2011439,1,1,"Purchased",1.79769313486232e+308,150,1.79769313486232e+308,1.79769313486232e+308,1500,1500,450,450,1.79769313486232e+308,1.79769313486232e+308,120,120
4,"10/26/99",1,2011539,1,1,"Purchased",1.79769313486232e+308,160,1.79769313486232e+308,1.79769313486232e+308,300,300,1.79769313486232e+308,170,1.79769313486232e+308,1.79769313486232e+308,120,120
5,"10/26/99",1,2011639,1,1,"Purchased",1.79769313486232e+308,60,1.79769313486232e+308,1.79769313486232e+308,1.79769313486232e+308,350,1.79769313486232e+308,250,1.79769313486232e+308,1.79769313486232e+308,250,250
6,"10/26/99",1,2011739,1,1,"Purchased",300,300,1.79769313486232e+308,1.79769313486232e+308,1100,1100,300,5000,1.79769313486232e+308,1.79769313486232e+308,1.79769313486232e+308,1.79769313486232e+308
7,"10/26/99",1,2011739,2,3,"Obtained as gift",1.79769313486232e+308,1.79769313486232e+308,1.79769313486232e+308,1.79769313486232e+308,1.79769313486232e+308,1.79769313486232e+308,1.79769313486232e+308,1.79769313486232e+308,1.79769313486232e+308,1.79769313486232e+308,200,200
10,"10/26/99",1,2011839,2,3,"Obtained as gift",1.79769313486232e+308,1.79769313486232e+308,1.79769313486232e+308,1.79769313486232e+308,1.79769313486232e+308,1.79769313486232e+308,1.79769313486232e+308,1.79769313486232e+308,1.79769313486232e+308,1.79769313486232e+308,200,1.79769313486232e+308
9,"10/26/99",1,2011839,2,1,"Purchased",1.79769313486232e+308,1.79769313486232e+308,1.79769313486232e+308,1.79769313486232e+308,1.79769313486232e+308,1.79769313486232e+308,1.79769313486232e+308,1.79769313486232e+308,1.79769313486232e+308,1.79769313486232e+308,1.79769313486232e+308,900
8,"10/26/99",1,2011839,1,1,"Purchased",200,200,1.79769313486232e+308,1.79769313486232e+308,1200,1800,400,700,1.79769313486232e+308,1.79769313486232e+308,1.79769313486232e+308,1.79769313486232e+308
14,"10/26/99",1,2011939,4,3,"Obtained as gift",1.79769313486232e+308,1.79769313486232e+308,1.79769313486232e+308,1.79769313486232e+308,1.79769313486232e+308,1.79769313486232e+308,1.79769313486232e+308,1.79769313486232e+308,1.79769313486232e+308,1.79769313486232e+308,1200,1200
13,"10/26/99",1,2011939,2,3,"Obtained as gift",1.79769313486232e+308,1.79769313486232e+308,1.79769313486232e+308,1.79769313486232e+308,1.79769313486232e+308,1.79769313486232e+308,1.79769313486232e+308,1.79769313486232e+308,1.79769313486232e+308,1.79769313486232e+308,200,1.79769313486232e+308
12,"10/26/99",1,2011939,2,1,"Purchased",1.79769313486232e+308,1.79769313486232e+308,1.79769313486232e+308,1.79769313486232e+308,1.79769313486232e+308,1.79769313486232e+308,1.79769313486232e+308,1.79769313486232e+308,1.79769313486232e+308,1.79769313486232e+308,600,1800
11,"10/26/99",1,2011939,1,1,"Purchased",250,250,1.79769313486232e+308,1.79769313486232e+308,3000,4000,700,1100,1.79769313486232e+308,1.79769313486232e+308,1.79769313486232e+308,1.79769313486232e+308
16,"10/26/99",1,2012039,1,2,"Inherited",1.79769313486232e+308,1.79769313486232e+308,600,600,1.79769313486232e+308,1.79769313486232e+308,1.79769313486232e+308,1.79769313486232e+308,1.79769313486232e+308,1.79769313486232e+308,1.79769313486232e+308,1.79769313486232e+308
15,"10/26/99",1,2012039,1,1,"Purchased",250,250,1.79769313486232e+308,1.79769313486232e+308,2000,3000,600,800,1.79769313486232e+308,1.79769313486232e+308,1.79769313486232e+308,1.79769313486232e+308
17,"10/26/99",1,2012039,2,3,"Obtained as gift",1.79769313486232e+308,1.79769313486232e+308,1.79769313486232e+308,1.79769313486232e+308,1.79769313486232e+308,1.79769313486232e+308,1.79769313486232e+308,1.79769313486232e+308,1.79769313486232e+308,1.79769313486232e+308,450,450
39,"10/26/99",1,2020141,1,1,"Purchased",1.79769313486232e+308,1.79769313486232e+308,1.79769313486232e+308,1.79769313486232e+308,200,200,1.79769313486232e+308,1.79769313486232e+308,1.79769313486232e+308,1.79769313486232e+308,80,80
40,"10/26/99",1,2020241,1,1,"Purchased",1.79769313486232e+308,1.79769313486232e+308,1.79769313486232e+308,1.79769313486232e+308,400,600,350,550,1.79769313486232e+308,1.79769313486232e+308,1.79769313486232e+308,1.79769313486232e+308
21,"10/26/99",1,2021339,1,1,"Purchased",1.79769313486232e+308,150,1.79769313486232e+308,1.79769313486232e+308,400,700,1.79769313486232e+308,500,1.79769313486232e+308,1.79769313486232e+308,100,100
23,"10/26/99",1,2021439,1,3,"Obtained as gift",1.79769313486232e+308,1.79769313486232e+308,1.79769313486232e+308,1.79769313486232e+308,1.79769313486232e+308,1.79769313486232e+308,1.79769313486232e+308,1.79769313486232e+308,1.79769313486232e+308,1.79769313486232e+308,400,400
22,"10/26/99",1,2021439,1,1,"Purchased",1.79769313486232e+308,250,1.79769313486232e+308,1.79769313486232e+308,1.79769313486232e+308,1300,800,1200,1.79769313486232e+308,1.79769313486232e+308,1.79769313486232e+308,1.79769313486232e+308
24,"10/26/99",1,2021539,1,1,"Purchased",120,120,1.79769313486232e+308,1.79769313486232e+308,300,800,1.79769313486232e+308,1.79769313486232e+308,1.79769313486232e+308,250,1.79769313486232e+308,1.79769313486232e+308
25,"10/26/99",1,2021639,1,1,"Purchased",80,80,1.79769313486232e+308,1.79769313486232e+308,1.79769313486232e+308,600,1.79769313486232e+308,500,1.79769313486232e+308,1.79769313486232e+308,1.79769313486232e+308,160
26,"10/26/99",1,2021639,1,3,"Obtained as gift",1.79769313486232e+308,1.79769313486232e+308,1.79769313486232e+308,1.79769313486232e+308,1.79769313486232e+308,1.79769313486232e+308,1.79769313486232e+308,1.79769313486232e+308,100,100,1.79769313486232e+308,1.79769313486232e+308
27,"10/26/99",1,2021839,1,1,"Purchased",200,300,1.79769313486232e+308,1.79769313486232e+308,900,2500,400,800,1.79769313486232e+308,1.79769313486232e+308,1.79769313486232e+308,1.79769313486232e+308
28,"10/26/99",1,2021839,2,3,"Obtained as gift",1.79769313486232e+308,1.79769313486232e+308,1.79769313486232e+308,1.79769313486232e+308,1.79769313486232e+308,1.79769313486232e+308,1.79769313486232e+308,1.79769313486232e+308,1.79769313486232e+308,1.79769313486232e+308,400,400
29,"10/26/99",1,2021939,1,1,"Purchased",300,300,1.79769313486232e+308,1.79769313486232e+308,1400,2200,430,680,350,350,1.79769313486232e+308,1.79769313486232e+308
31,"10/26/99",1,2021939,3,3,"Obtained as gift",1.79769313486232e+308,1.79769313486232e+308,1.79769313486232e+308,1.79769313486232e+308,1.79769313486232e+308,1.79769313486232e+308,1.79769313486232e+308,1.79769313486232e+308,1.79769313486232e+308,1.79769313486232e+308,4000,4000
30,"10/26/99",1,2021939,1,3,"Obtained as gift",1.79769313486232e+308,1.79769313486232e+308,1.79769313486232e+308,1.79769313486232e+308,1.79769313486232e+308,1.79769313486232e+308,1.79769313486232e+308,1.79769313486232e+308,1.79769313486232e+308,1.79769313486232e+308,250,250
34,"10/26/99",1,2022039,2,1,"Purchased",1.79769313486232e+308,1.79769313486232e+308,1.79769313486232e+308,1.79769313486232e+308,1.79769313486232e+308,1.79769313486232e+308,1.79769313486232e+308,1.79769313486232e+308,1.79769313486232e+308,1.79769313486232e+308,1.79769313486232e+308,1200
33,"10/26/99",1,2022039,1,3,"Obtained as gift",1.79769313486232e+308,1.79769313486232e+308,1.79769313486232e+308,1.79769313486232e+308,1.79769313486232e+308,1.79769313486232e+308,1.79769313486232e+308,1.79769313486232e+308,1.79769313486232e+308,1.79769313486232e+308,350,350
32,"10/26/99",1,2022039,1,1,"Purchased",1.79769313486232e+308,120,1.79769313486232e+308,1.79769313486232e+308,600,1800,200,630,1.79769313486232e+308,1.79769313486232e+308,1.79769313486232e+308,1.79769313486232e+308
35,"10/26/99",1,2022139,1,1,"Purchased",200,200,1.79769313486232e+308,1.79769313486232e+308,1500,1500,650,830,100,100,350,350
36,"10/26/99",1,2022239,1,1,"Purchased",150,150,1.79769313486232e+308,1.79769313486232e+308,1500,2500,480,640,1.79769313486232e+308,1.79769313486232e+308,1.79769313486232e+308,1.79769313486232e+308
38,"10/26/99",1,2022239,4,3,"Obtained as gift",1.79769313486232e+308,1.79769313486232e+308,1.79769313486232e+308,1.79769313486232e+308,1.79769313486232e+308,1.79769313486232e+308,1.79769313486232e+308,1.79769313486232e+308,1.79769313486232e+308,1.79769313486232e+308,1800,1800
37,"10/26/99",1,2022239,2,3,"Obtained as gift",1.79769313486232e+308,1.79769313486232e+308,1.79769313486232e+308,1.79769313486232e+308,1.79769313486232e+308,1.79769313486232e+308,1.79769313486232e+308,1.79769313486232e+308,1.79769313486232e+308,1.79769313486232e+308,250,250
41,"10/26/99",1,2030432,1,1,"Purchased",1.79769313486232e+308,1.79769313486232e+308,500,500,500,500,1.79769313486232e+308,600,1.79769313486232e+308,1.79769313486232e+308,1.79769313486232e+308,1.79769313486232e+308
43,"10/26/99",1,2030432,2,3,"Obtained as gift",1.79769313486232e+308,1.79769313486232e+308,1.79769313486232e+308,1.79769313486232e+308,1.79769313486232e+308,1.79769313486232e+308,1.79769313486232e+308,1.79769313486232e+308,1.79769313486232e+308,1.79769313486232e+308,110,110
42,"10/26/99",1,2030432,1,3,"Obtained as gift",1.79769313486232e+308,1.79769313486232e+308,1.79769313486232e+308,1.79769313486232e+308,1.79769313486232e+308,1.79769313486232e+308,200,1.79769313486232e+308,1.79769313486232e+308,1.79769313486232e+308,1.79769313486232e+308,1.79769313486232e+308
45,"10/26/99",1,2031439,2,1,"Purchased",1.79769313486232e+308,1.79769313486232e+308,1.79769313486232e+308,1.79769313486232e+308,1.79769313486232e+308,1.79769313486232e+308,1.79769313486232e+308,1.79769313486232e+308,1.79769313486232e+308,1.79769313486232e+308,1.79769313486232e+308,500
44,"10/26/99",1,2031439,1,1,"Purchased",1.79769313486232e+308,1.79769313486232e+308,1.79769313486232e+308,1.79769313486232e+308,400,400,1.79769313486232e+308,400,1.79769313486232e+308,1.79769313486232e+308,1.79769313486232e+308,1.79769313486232e+308
46,"10/26/99",1,2031439,2,3,"Obtained as gift",1.79769313486232e+308,1.79769313486232e+308,1.79769313486232e+308,1.79769313486232e+308,1.79769313486232e+308,1.79769313486232e+308,1.79769313486232e+308,1.79769313486232e+308,1.79769313486232e+308,1.79769313486232e+308,1.79769313486232e+308,4000
47,"10/26/99",1,2031539,1,1,"Purchased",1.79769313486232e+308,1.79769313486232e+308,1.79769313486232e+308,1.79769313486232e+308,1.79769313486232e+308,400,1.79769313486232e+308,400,1.79769313486232e+308,1.79769313486232e+308,1.79769313486232e+308,1.79769313486232e+308
16,"10/27/95",1,2110141,1,1,"Purchased",150,300,1.79769313486232e+308,1.79769313486232e+308,500,1500,300,700,1.79769313486232e+308,1.79769313486232e+308,1500,2000
13,"10/27/95",1,2110151,3,1,"Purchased",1.79769313486232e+308,1.79769313486232e+308,1.79769313486232e+308,1.79769313486232e+308,1.79769313486232e+308,3000,1.79769313486232e+308,1.79769313486232e+308,1.79769313486232e+308,1.79769313486232e+308,1.79769313486232e+308,1.79769313486232e+308
14,"10/27/95",1,2110151,4,1,"Purchased",1.79769313486232e+308,1.79769313486232e+308,1.79769313486232e+308,1.79769313486232e+308,1.79769313486232e+308,1.79769313486232e+308,1.79769313486232e+308,1.79769313486232e+308,1.79769313486232e+308,1.79769313486232e+308,1.79769313486232e+308,500
12,"10/27/95",1,2110151,1,1,"Purchased",100,200,1.79769313486232e+308,1.79769313486232e+308,500,1.79769313486232e+308,300,700,1.79769313486232e+308,1.79769313486232e+308,1.79769313486232e+308,1.79769313486232e+308
17,"10/27/95",1,2110241,1,1,"Purchased",1.79769313486232e+308,200,150,1.79769313486232e+308,1500,1.79769313486232e+308,300,500,1.79769313486232e+308,1.79769313486232e+308,1.79769313486232e+308,1.79769313486232e+308
19,"10/27/95",1,2110242,1.79769313486232e+308,1.79769313486232e+308,"",1.79769313486232e+308,1.79769313486232e+308,1.79769313486232e+308,1.79769313486232e+308,1.79769313486232e+308,1.79769313486232e+308,1.79769313486232e+308,1.79769313486232e+308,1.79769313486232e+308,1.79769313486232e+308,1.79769313486232e+308,1.79769313486232e+308
9,"10/27/95",1,2111339,2,3,"Obtained as gift",1.79769313486232e+308,1.79769313486232e+308,1.79769313486232e+308,1.79769313486232e+308,1.79769313486232e+308,1.79769313486232e+308,1.79769313486232e+308,1.79769313486232e+308,1.79769313486232e+308,1.79769313486232e+308,2500,1.79769313486232e+308
8,"10/27/95",1,2111339,1,1,"Purchased",1.79769313486232e+308,300,1.79769313486232e+308,1.79769313486232e+308,1.79769313486232e+308,1500,150,400,1.79769313486232e+308,1.79769313486232e+308,1.79769313486232e+308,1.79769313486232e+308
7,"10/27/95",1,2111439,1,1,"Purchased",60,80,1.79769313486232e+308,1.79769313486232e+308,200,1.79769313486232e+308,300,500,1.79769313486232e+308,1.79769313486232e+308,1.79769313486232e+308,1.79769313486232e+308
5,"10/27/95",1,2111539,1,1,"Purchased",50,80,1.79769313486232e+308,1.79769313486232e+308,1.79769313486232e+308,200,1.79769313486232e+308,300,1.79769313486232e+308,1.79769313486232e+308,1.79769313486232e+308,1.79769313486232e+308
6,"10/27/95",1,2111539,1,2,"Inherited",1.79769313486232e+308,1.79769313486232e+308,1.79769313486232e+308,1.79769313486232e+308,1.79769313486232e+308,200,1.79769313486232e+308,60,1.79769313486232e+308,1.79769313486232e+308,1.79769313486232e+308,1.79769313486232e+308
4,"10/27/95",1,2111639,2,3,"Obtained as gift",1.79769313486232e+308,1.79769313486232e+308,1.79769313486232e+308,1.79769313486232e+308,1.79769313486232e+308,1.79769313486232e+308,1.79769313486232e+308,1.79769313486232e+308,1.79769313486232e+308,1.79769313486232e+308,1.79769313486232e+308,800
3,"10/27/95",1,2111639,1,1,"Purchased",1.79769313486232e+308,1200,1.79769313486232e+308,1.79769313486232e+308,1.79769313486232e+308,2000,200,500,1.79769313486232e+308,200,1.79769313486232e+308,1.79769313486232e+308
2,"10/27/95",1,2111739,2,1,"Purchased",80,120,1.79769313486232e+308,1.79769313486232e+308,1.79769313486232e+308,1.79769313486232e+308,120,150,1.79769313486232e+308,1.79769313486232e+308,1.79769313486232e+308,1.79769313486232e+308
1,"8/09/99",1,2111839,1,1,"Purchased",30,60,0,0,0,0,200,300,1.79769313486232e+308,1.79769313486232e+308,1.79769313486232e+308,1.79769313486232e+308
30,"10/27/95",1,2120459,2,1,"Purchased",1.79769313486232e+308,1.79769313486232e+308,1.79769313486232e+308,1.79769313486232e+308,1.79769313486232e+308,1.79769313486232e+308,1.79769313486232e+308,1.79769313486232e+308,1.79769313486232e+308,1.79769313486232e+308,500,500
31,"10/27/95",1,2120459,4,1,"Purchased",1.79769313486232e+308,1.79769313486232e+308,1.79769313486232e+308,1.79769313486232e+308,1.79769313486232e+308,1.79769313486232e+308,1.79769313486232e+308,1.79769313486232e+308,1.79769313486232e+308,1.79769313486232e+308,1000,1000
29,"10/27/95",1,2120459,1,1,"Purchased",500,500,1.79769313486232e+308,1.79769313486232e+308,2000,2000,800,800,1.79769313486232e+308,1.79769313486232e+308,1.79769313486232e+308,1.79769313486232e+308
23,"10/27/95",1,2121339,1,1,"Purchased",1.79769313486232e+308,150,1.79769313486232e+308,1.79769313486232e+308,1.79769313486232e+308,500,200,400,1.79769313486232e+308,1.79769313486232e+308,1.79769313486232e+308,1.79769313486232e+308
24,"10/27/95",1,2121439,1,1,"Purchased",150,300,1.79769313486232e+308,150,1.79769313486232e+308,500,300,500,1.79769313486232e+308,1.79769313486232e+308,1.79769313486232e+308,350
25,"10/27/95",1,2121539,1,1,"Purchased",1.79769313486232e+308,1.79769313486232e+308,1.79769313486232e+308,1.79769313486232e+308,400,400,350,500,1.79769313486232e+308,1.79769313486232e+308,1.79769313486232e+308,1.79769313486232e+308
26,"10/27/95",1,2121639,1,1,"Purchased",80,200,200,1.79769313486232e+308,1.79769313486232e+308,1000,1.79769313486232e+308,750,1.79769313486232e+308,1.79769313486232e+308,1.79769313486232e+308,1000
27,"10/27/95",1,2121739,1,1,"Purchased",1.79769313486232e+308,60,1.79769313486232e+308,1.79769313486232e+308,1.79769313486232e+308,2000,100,500,1.79769313486232e+308,1.79769313486232e+308,1.79769313486232e+308,1.79769313486232e+308
28,"10/27/95",1,2121839,1,1,"Purchased",1.79769313486232e+308,1.79769313486232e+308,1.79769313486232e+308,1.79769313486232e+308,1.79769313486232e+308,200,100,300,1.79769313486232e+308,1.79769313486232e+308,1.79769313486232e+308,1.79769313486232e+308
37,"10/27/95",1,2130141,1,1,"Purchased",1.79769313486232e+308,1.79769313486232e+308,1.79769313486232e+308,1.79769313486232e+308,1.79769313486232e+308,4000,200,550,1.79769313486232e+308,375,1.79769313486232e+308,400
32,"10/27/95",1,2130432,1,1,"Purchased",1.79769313486232e+308,200,1.79769313486232e+308,1.79769313486232e+308,1.79769313486232e+308,550,1.79769313486232e+308,1000,1.79769313486232e+308,200,1.79769313486232e+308,600
38,"10/27/95",1,2130441,1,1,"Purchased",50,80,1.79769313486232e+308,1.79769313486232e+308,1.79769313486232e+308,300,300,550,1.79769313486232e+308,1000,200,1.79769313486232e+308
39,"10/27/95",1,2131339,1,1,"Purchased",1.79769313486232e+308,350,1.79769313486232e+308,1.79769313486232e+308,1.79769313486232e+308,1100,200,650,1.79769313486232e+308,1.79769313486232e+308,150,1.79769313486232e+308
40,"10/27/95",1,2131439,1,1,"Purchased",25,75,1.79769313486232e+308,1.79769313486232e+308,100,300,40,120,1.79769313486232e+308,1.79769313486232e+308,1.79769313486232e+308,1.79769313486232e+308
42,"10/27/95",1,2131539,2,3,"Obtained as gift",1.79769313486232e+308,1.79769313486232e+308,1.79769313486232e+308,1.79769313486232e+308,1.79769313486232e+308,1.79769313486232e+308,1.79769313486232e+308,1.79769313486232e+308,1.79769313486232e+308,1.79769313486232e+308,1.79769313486232e+308,200
41,"10/27/95",1,2131539,1,1,"Purchased",1.79769313486232e+308,50,1.79769313486232e+308,1.79769313486232e+308,250,400,200,600,1.79769313486232e+308,1.79769313486232e+308,1.79769313486232e+308,300
44,"10/27/95",1,2131639,2,1,"Purchased",1.79769313486232e+308,1.79769313486232e+308,1.79769313486232e+308,1.79769313486232e+308,1.79769313486232e+308,1.79769313486232e+308,1.79769313486232e+308,1.79769313486232e+308,1.79769313486232e+308,1.79769313486232e+308,1.79769313486232e+308,300
43,"10/27/95",1,2131639,1,1,"Purchased",50,380,1.79769313486232e+308,1.79769313486232e+308,200,1200,320,750,1.79769313486232e+308,1.79769313486232e+308,1.79769313486232e+308,1.79769313486232e+308
46,"10/27/95",1,2131739,2,1,"Purchased",1.79769313486232e+308,1.79769313486232e+308,1.79769313486232e+308,1.79769313486232e+308,1.79769313486232e+308,1.79769313486232e+308,1.79769313486232e+308,1.79769313486232e+308,1.79769313486232e+308,1.79769313486232e+308,1.79769313486232e+308,500
45,"10/27/95",1,2131739,1,1,"Purchased",1.79769313486232e+308,1.79769313486232e+308,1.79769313486232e+308,1.79769313486232e+308,200,500,80,300,1.79769313486232e+308,1.79769313486232e+308,1.79769313486232e+308,1.79769313486232e+308
47,"10/27/95",1,2131839,1,1,"Purchased",1.79769313486232e+308,50,1.79769313486232e+308,1.79769313486232e+308,1.79769313486232e+308,1.79769313486232e+308,50,200,1.79769313486232e+308,1.79769313486232e+308,1.79769313486232e+308,1.79769313486232e+308
48,"10/27/95",1,2131939,1,1,"Purchased",1.79769313486232e+308,80,1.79769313486232e+308,1.79769313486232e+308,1.79769313486232e+308,1500,1.79769313486232e+308,300,1.79769313486232e+308,300,1.79769313486232e+308,500
49,"10/27/95",1,2132039,1,1,"Purchased",1.79769313486232e+308,80,1.79769313486232e+308,1.79769313486232e+308,1.79769313486232e+308,3000,300,500,1.79769313486232e+308,1.79769313486232e+308,1.79769313486232e+308,1.79769313486232e+308
50,"10/27/95",1,2132139,1,1,"Purchased",1.79769313486232e+308,80,1.79769313486232e+308,1.79769313486232e+308,1.79769313486232e+308,2000,300,500,1.79769313486232e+308,1.79769313486232e+308,1.79769313486232e+308,1.79769313486232e+308
90,"10/27/99",1,2211539,1,1,"Purchased",80,130,1.79769313486232e+308,1.79769313486232e+308,600,900,400,600,1.79769313486232e+308,1.79769313486232e+308,1.79769313486232e+308,1.79769313486232e+308
91,"10/27/99",1,2211539,2,3,"Obtained as gift",1.79769313486232e+308,1.79769313486232e+308,1.79769313486232e+308,1.79769313486232e+308,1.79769313486232e+308,1.79769313486232e+308,1.79769313486232e+308,1.79769313486232e+308,1.79769313486232e+308,1.79769313486232e+308,1200,1200
99,"10/27/99",1,2211639,2,3,"Obtained as gift",1.79769313486232e+308,1.79769313486232e+308,1.79769313486232e+308,1.79769313486232e+308,1.79769313486232e+308,1.79769313486232e+308,1.79769313486232e+308,1.79769313486232e+308,1.79769313486232e+308,1.79769313486232e+308,4000,4000
98,"10/27/99",1,2211639,1,1,"Purchased",160,230,1.79769313486232e+308,1.79769313486232e+308,1100,1700,600,900,4000,3000,1.79769313486232e+308,1.79769313486232e+308
109,"10/27/99",1,2211739,2,3,"Obtained as gift",1.79769313486232e+308,1.79769313486232e+308,1.79769313486232e+308,1.79769313486232e+308,1.79769313486232e+308,1.79769313486232e+308,1.79769313486232e+308,1.79769313486232e+308,1.79769313486232e+308,1.79769313486232e+308,600,600
108,"10/27/99",1,2211739,1,1,"Purchased",90,130,1.79769313486232e+308,1.79769313486232e+308,700,900,700,700,1.79769313486232e+308,1.79769313486232e+308,1.79769313486232e+308,1.79769313486232e+308
96,"10/27/99",1,2211839,1,1,"Purchased",130,170,1.79769313486232e+308,1.79769313486232e+308,900,1200,400,600,1.79769313486232e+308,1.79769313486232e+308,1.79769313486232e+308,1.79769313486232e+308
97,"10/27/99",1,2211839,2,3,"Obtained as gift",1.79769313486232e+308,1.79769313486232e+308,1.79769313486232e+308,1.79769313486232e+308,1.79769313486232e+308,1.79769313486232e+308,1.79769313486232e+308,1.79769313486232e+308,1.79769313486232e+308,1.79769313486232e+308,1400,1400
100,"10/27/99",1,2211939,1,1,"Purchased",70,110,1.79769313486232e+308,1.79769313486232e+308,400,600,300,400,1.79769313486232e+308,1.79769313486232e+308,1.79769313486232e+308,1.79769313486232e+308
101,"10/27/99",1,2211939,2,3,"Obtained as gift",1.79769313486232e+308,1.79769313486232e+308,1.79769313486232e+308,1.79769313486232e+308,1.79769313486232e+308,1.79769313486232e+308,1.79769313486232e+308,1.79769313486232e+308,1.79769313486232e+308,1.79769313486232e+308,700,700
106,"10/27/99",1,2212039,1,1,"Purchased",80,120,1.79769313486232e+308,1.79769313486232e+308,500,700,300,400,1.79769313486232e+308,1.79769313486232e+308,1.79769313486232e+308,1.79769313486232e+308
107,"10/27/99",1,2212039,2,3,"Obtained as gift",1.79769313486232e+308,1.79769313486232e+308,1.79769313486232e+308,1.79769313486232e+308,1.79769313486232e+308,1.79769313486232e+308,1.79769313486232e+308,1.79769313486232e+308,1.79769313486232e+308,1.79769313486232e+308,600,600
103,"10/27/99",1,2212139,1,3,"Obtained as gift",1.79769313486232e+308,1.79769313486232e+308,1.79769313486232e+308,1.79769313486232e+308,1.79769313486232e+308,1.79769313486232e+308,1.79769313486232e+308,1.79769313486232e+308,1.79769313486232e+308,1.79769313486232e+308,700,700
102,"10/27/99",1,2212139,1,1,"Purchased",80,110,1.79769313486232e+308,1.79769313486232e+308,200,300,250,400,1.79769313486232e+308,1.79769313486232e+308,1.79769313486232e+308,1.79769313486232e+308
105,"10/27/99",1,2212239,2,3,"Obtained as gift",1.79769313486232e+308,1.79769313486232e+308,1.79769313486232e+308,1.79769313486232e+308,1.79769313486232e+308,1.79769313486232e+308,1.79769313486232e+308,1.79769313486232e+308,1.79769313486232e+308,1.79769313486232e+308,400,400
104,"10/27/99",1,2212239,1,1,"Purchased",220,310,1.79769313486232e+308,1.79769313486232e+308,400,700,400,600,1.79769313486232e+308,1.79769313486232e+308,1.79769313486232e+308,1.79769313486232e+308
95,"10/27/99",1,2212339,2,3,"Obtained as gift",1.79769313486232e+308,1.79769313486232e+308,1.79769313486232e+308,1.79769313486232e+308,1.79769313486232e+308,1.79769313486232e+308,1.79769313486232e+308,1.79769313486232e+308,1.79769313486232e+308,1.79769313486232e+308,1600,1600
94,"10/27/99",1,2212339,1,1,"Purchased",140,260,1.79769313486232e+308,1.79769313486232e+308,500,700,250,400,1.79769313486232e+308,1.79769313486232e+308,1.79769313486232e+308,1.79769313486232e+308
92,"10/27/99",1,2212439,1,1,"Purchased",90,120,1.79769313486232e+308,1.79769313486232e+308,900,1100,400,600,1.79769313486232e+308,1.79769313486232e+308,1.79769313486232e+308,1.79769313486232e+308
93,"10/27/99",1,2212439,2,3,"Obtained as gift",1.79769313486232e+308,1.79769313486232e+308,1.79769313486232e+308,1.79769313486232e+308,1.79769313486232e+308,1.79769313486232e+308,1.79769313486232e+308,1.79769313486232e+308,1.79769313486232e+308,1.79769313486232e+308,1200,1200
142,"10/27/99",1,2220641,1,2,"Inherited",200,200,1.79769313486232e+308,1.79769313486232e+308,300,300,200,200,1.79769313486232e+308,1.79769313486232e+308,1.79769313486232e+308,1.79769313486232e+308
145,"10/27/99",1,2220641,3,1,"Purchased",1.79769313486232e+308,1.79769313486232e+308,1.79769313486232e+308,1.79769313486232e+308,1.79769313486232e+308,1.79769313486232e+308,1.79769313486232e+308,1.79769313486232e+308,1.79769313486232e+308,1.79769313486232e+308,1.79769313486232e+308,400
141,"10/27/99",1,2220641,1,1,"Purchased",100,180,1.79769313486232e+308,1.79769313486232e+308,200,880,200,550,210,210,1.79769313486232e+308,1.79769313486232e+308
143,"10/27/99",1,2220641,2,1,"Purchased",1.79769313486232e+308,1.79769313486232e+308,1.79769313486232e+308,1.79769313486232e+308,1.79769313486232e+308,1.79769313486232e+308,1.79769313486232e+308,1.79769313486232e+308,1.79769313486232e+308,1.79769313486232e+308,1.79769313486232e+308,300
144,"10/27/99",1,2220641,2,3,"Obtained as gift",1.79769313486232e+308,1.79769313486232e+308,1.79769313486232e+308,1.79769313486232e+308,1.79769313486232e+308,1.79769313486232e+308,1.79769313486232e+308,1.79769313486232e+308,1.79769313486232e+308,1.79769313486232e+308,100,100
148,"10/27/99",1,2231639,1,1,"Purchased",1.79769313486232e+308,1.79769313486232e+308,1.79769313486232e+308,1.79769313486232e+308,1.79769313486232e+308,1.79769313486232e+308,400,600,1.79769313486232e+308,1.79769313486232e+308,1.79769313486232e+308,1.79769313486232e+308
149,"10/27/99",1,2231639,2,3,"Obtained as gift",1.79769313486232e+308,1.79769313486232e+308,1.79769313486232e+308,1.79769313486232e+308,1.79769313486232e+308,1.79769313486232e+308,1.79769313486232e+308,1.79769313486232e+308,1.79769313486232e+308,1.79769313486232e+308,600,600
151,"10/27/99",1,2231739,2,3,"Obtained as gift",1.79769313486232e+308,1.79769313486232e+308,1.79769313486232e+308,1.79769313486232e+308,1.79769313486232e+308,1.79769313486232e+308,1.79769313486232e+308,1.79769313486232e+308,1.79769313486232e+308,1.79769313486232e+308,900,1100
150,"10/27/99",1,2231739,1,1,"Purchased",90,130,1.79769313486232e+308,1.79769313486232e+308,1.79769313486232e+308,1.79769313486232e+308,1.79769313486232e+308,1.79769313486232e+308,1.79769313486232e+308,1.79769313486232e+308,1.79769313486232e+308,1.79769313486232e+308
152,"10/27/99",1,2231839,1,1,"Purchased",70,120,1.79769313486232e+308,1.79769313486232e+308,1.79769313486232e+308,1.79769313486232e+308,400,600,1.79769313486232e+308,1.79769313486232e+308,1.79769313486232e+308,1.79769313486232e+308
153,"10/27/99",1,2231839,2,3,"Obtained as gift",1.79769313486232e+308,1.79769313486232e+308,1.79769313486232e+308,1.79769313486232e+308,1.79769313486232e+308,1.79769313486232e+308,1.79769313486232e+308,1.79769313486232e+308,1.79769313486232e+308,1.79769313486232e+308,700,700
155,"10/27/99",1,2231939,2,3,"Obtained as gift",1.79769313486232e+308,1.79769313486232e+308,1.79769313486232e+308,1.79769313486232e+308,1.79769313486232e+308,1.79769313486232e+308,1.79769313486232e+308,1.79769313486232e+308,1.79769313486232e+308,1.79769313486232e+308,700,700
156,"10/27/99",1,2231939,3,2,"Inherited",1.79769313486232e+308,1.79769313486232e+308,1.79769313486232e+308,1.79769313486232e+308,1.79769313486232e+308,1.79769313486232e+308,1.79769313486232e+308,1.79769313486232e+308,1.79769313486232e+308,1.79769313486232e+308,2600,2600
154,"10/27/99",1,2231939,1,1,"Purchased",160,160,1.79769313486232e+308,1.79769313486232e+308,3500,4000,1000,1200,700,700,1.79769313486232e+308,1.79769313486232e+308
158,"10/27/99",1,2232039,2,3,"Obtained as gift",1.79769313486232e+308,1.79769313486232e+308,1.79769313486232e+308,1.79769313486232e+308,1.79769313486232e+308,1.79769313486232e+308,1.79769313486232e+308,1.79769313486232e+308,1.79769313486232e+308,1.79769313486232e+308,900,900
157,"10/27/99",1,2232039,1,1,"Purchased",90,130,1.79769313486232e+308,1.79769313486232e+308,800,1100,600,700,4000,4000,1.79769313486232e+308,1.79769313486232e+308
159,"10/27/99",1,2232239,1.79769313486232e+308,1.79769313486232e+308,"",1.79769313486232e+308,1.79769313486232e+308,1.79769313486232e+308,1.79769313486232e+308,1.79769313486232e+308,1.79769313486232e+308,1.79769313486232e+308,1.79769313486232e+308,1.79769313486232e+308,1.79769313486232e+308,1.79769313486232e+308,1.79769313486232e+308
194,"10/27/99",1,2310141,1,1,"Purchased",1.79769313486232e+308,1.79769313486232e+308,1.79769313486232e+308,1.79769313486232e+308,800,1000,600,700,1.79769313486232e+308,1.79769313486232e+308,1.79769313486232e+308,1.79769313486232e+308
197,"10/27/99",1,2310353,1,1,"Purchased",600,400,1.79769313486232e+308,1.79769313486232e+308,11000,12500,700,850,15000,15000,1.79769313486232e+308,1.79769313486232e+308
198,"10/27/99",1,2310353,2,1,"Purchased",1.79769313486232e+308,1.79769313486232e+308,1.79769313486232e+308,1.79769313486232e+308,1.79769313486232e+308,1.79769313486232e+308,1.79769313486232e+308,1.79769313486232e+308,1.79769313486232e+308,1.79769313486232e+308,61600,61600
195,"10/27/99",1,2310441,1,1,"Purchased",1.79769313486232e+308,1.79769313486232e+308,1.79769313486232e+308,1.79769313486232e+308,4000,5000,2000,2500,7000,7000,1.79769313486232e+308,1.79769313486232e+308
196,"10/27/99",1,2310441,2,1,"Purchased",1.79769313486232e+308,1.79769313486232e+308,1.79769313486232e+308,1.79769313486232e+308,1.79769313486232e+308,1.79769313486232e+308,1.79769313486232e+308,1.79769313486232e+308,1.79769313486232e+308,1.79769313486232e+308,3500,3500
178,"10/27/99",1,2310832,1,1,"Purchased",1.79769313486232e+308,1.79769313486232e+308,1.79769313486232e+308,1.79769313486232e+308,4000,4900,800,1000,1.79769313486232e+308,1.79769313486232e+308,1.79769313486232e+308,1.79769313486232e+308
179,"10/27/99",1,2310832,2,1,"Purchased",1.79769313486232e+308,1.79769313486232e+308,1.79769313486232e+308,1.79769313486232e+308,1.79769313486232e+308,1.79769313486232e+308,1.79769313486232e+308,1.79769313486232e+308,1.79769313486232e+308,1.79769313486232e+308,1400,1400
180,"10/27/99",1,2311339,1,1,"Purchased",1.79769313486232e+308,1.79769313486232e+308,1.79769313486232e+308,1.79769313486232e+308,4000,5600,2500,3000,1.79769313486232e+308,1.79769313486232e+308,1.79769313486232e+308,1.79769313486232e+308
182,"10/27/99",1,2311439,2,1,"Purchased",1.79769313486232e+308,1.79769313486232e+308,1.79769313486232e+308,1.79769313486232e+308,1.79769313486232e+308,1.79769313486232e+308,1.79769313486232e+308,1.79769313486232e+308,1.79769313486232e+308,1.79769313486232e+308,4800,4800
181,"10/27/99",1,2311439,1,1,"Purchased",200,300,1.79769313486232e+308,1.79769313486232e+308,3500,14000,800,2000,1.79769313486232e+308,7000,1.79769313486232e+308,1.79769313486232e+308
183,"10/27/99",1,2311639,1,1,"Purchased",100,300,1.79769313486232e+308,1.79769313486232e+308,3000,7100,500,1000,1.79769313486232e+308,8800,1.79769313486232e+308,1.79769313486232e+308
184,"10/27/99",1,2311639,2,1,"Purchased",1.79769313486232e+308,1.79769313486232e+308,1.79769313486232e+308,1.79769313486232e+308,1.79769313486232e+308,1.79769313486232e+308,1.79769313486232e+308,1.79769313486232e+308,1.79769313486232e+308,1.79769313486232e+308,3200,3200
185,"10/27/99",1,2311739,1,1,"Purchased",1.79769313486232e+308,1.79769313486232e+308,1.79769313486232e+308,1.79769313486232e+308,6000,11500,1000,3000,1.79769313486232e+308,11500,1.79769313486232e+308,1.79769313486232e+308
186,"10/27/99",1,2311739,2,1,"Purchased",1.79769313486232e+308,1.79769313486232e+308,1.79769313486232e+308,1.79769313486232e+308,1.79769313486232e+308,1.79769313486232e+308,1.79769313486232e+308,1.79769313486232e+308,1.79769313486232e+308,1.79769313486232e+308,18300,18300
187,"10/27/99",1,2311839,1,1,"Purchased",200,400,1.79769313486232e+308,1.79769313486232e+308,500,1350,800,1500,1.79769313486232e+308,1200,1.79769313486232e+308,1.79769313486232e+308
189,"10/27/99",1,2311939,5,1,"Purchased",1.79769313486232e+308,1.79769313486232e+308,1.79769313486232e+308,1.79769313486232e+308,1.79769313486232e+308,1.79769313486232e+308,1.79769313486232e+308,1.79769313486232e+308,1.79769313486232e+308,1.79769313486232e+308,21350,21350
190,"10/27/99",1,2311939,6,1,"Purchased",1.79769313486232e+308,1.79769313486232e+308,1.79769313486232e+308,1.79769313486232e+308,1.79769313486232e+308,1.79769313486232e+308,1.79769313486232e+308,1.79769313486232e+308,1.79769313486232e+308,1.79769313486232e+308,12200,12200
188,"10/27/99",1,2311939,1,1,"Purchased",150,200,1.79769313486232e+308,1.79769313486232e+308,20000,3000,8000,1.79769313486232e+308,13000,15200,15200,1.79769313486232e+308
191,"10/27/99",1,2312039,1,1,"Purchased",300,400,1.79769313486232e+308,1.79769313486232e+308,12000,22900,1500,4000,1.79769313486232e+308,2000,1.79769313486232e+308,1.79769313486232e+308
193,"10/27/99",1,2312139,3,1,"Purchased",1.79769313486232e+308,1.79769313486232e+308,1.79769313486232e+308,1.79769313486232e+308,1.79769313486232e+308,1.79769313486232e+308,1.79769313486232e+308,1.79769313486232e+308,1.79769313486232e+308,1.79769313486232e+308,1.79769313486232e+308,12200
192,"10/27/99",1,2312139,2,1,"Purchased",1.79769313486232e+308,1.79769313486232e+308,1.79769313486232e+308,1.79769313486232e+308,3000,9800,1200,5000,1.79769313486232e+308,12300,1520,6100
214,"10/27/99",1,2320241,1,1,"Purchased",100,100,1.79769313486232e+308,1.79769313486232e+308,1200,1500,400,500,1.79769313486232e+308,1.79769313486232e+308,1.79769313486232e+308,1.79769313486232e+308
215,"10/27/99",1,2320241,2,1,"Purchased",1.79769313486232e+308,1.79769313486232e+308,1.79769313486232e+308,1.79769313486232e+308,1.79769313486232e+308,1.79769313486232e+308,1.79769313486232e+308,1.79769313486232e+308,1.79769313486232e+308,1.79769313486232e+308,3000,3000
216,"10/27/99",1,2320242,1,1,"Purchased",1.79769313486232e+308,1.79769313486232e+308,1.79769313486232e+308,1.79769313486232e+308,900,1010,500,780,1.79769313486232e+308,1.79769313486232e+308,1.79769313486232e+308,1.79769313486232e+308
218,"10/27/99",1,2320252,1,1,"Purchased",1.79769313486232e+308,1.79769313486232e+308,1.79769313486232e+308,1.79769313486232e+308,1100,1300,400,500,1.79769313486232e+308,1.79769313486232e+308,1.79769313486232e+308,1.79769313486232e+308
219,"10/27/99",1,2320252,2,1,"Purchased",1.79769313486232e+308,1.79769313486232e+308,1.79769313486232e+308,1.79769313486232e+308,1.79769313486232e+308,1.79769313486232e+308,1.79769313486232e+308,1.79769313486232e+308,1.79769313486232e+308,1.79769313486232e+308,1520,1520
223,"10/27/99",1,2320253,1,1,"Purchased",1.79769313486232e+308,1.79769313486232e+308,1.79769313486232e+308,1.79769313486232e+308,1200,1200,350,400,1.79769313486232e+308,1.79769313486232e+308,1.79769313486232e+308,1.79769313486232e+308
221,"10/27/99",1,2320432,2,1,"Purchased",1.79769313486232e+308,1.79769313486232e+308,1.79769313486232e+308,1.79769313486232e+308,1.79769313486232e+308,1.79769313486232e+308,1.79769313486232e+308,1.79769313486232e+308,1.79769313486232e+308,1.79769313486232e+308,2300,2300
220,"10/27/99",1,2320432,1,1,"Purchased",1.79769313486232e+308,1.79769313486232e+308,1.79769313486232e+308,1.79769313486232e+308,600,1000,200,300,1.79769313486232e+308,700,1.79769313486232e+308,1.79769313486232e+308
222,"10/27/99",1,2320541,1,1,"Purchased",1.79769313486232e+308,1.79769313486232e+308,1.79769313486232e+308,1.79769313486232e+308,800,900,600,800,1.79769313486232e+308,1.79769313486232e+308,1.79769313486232e+308,1.79769313486232e+308
199,"10/27/99",1,2320932,1,1,"Purchased",1.79769313486232e+308,1.79769313486232e+308,1.79769313486232e+308,1.79769313486232e+308,300,400,350,500,1.79769313486232e+308,1.79769313486232e+308,1.79769313486232e+308,1.79769313486232e+308
200,"10/27/99",1,2321132,1,1,"Purchased",1.79769313486232e+308,1.79769313486232e+308,1.79769313486232e+308,1.79769313486232e+308,800,1000,500,650,1.79769313486232e+308,1.79769313486232e+308,1.79769313486232e+308,1.79769313486232e+308
201,"10/27/99",1,2321132,2,1,"Purchased",1.79769313486232e+308,1.79769313486232e+308,1.79769313486232e+308,1.79769313486232e+308,1.79769313486232e+308,1.79769313486232e+308,1.79769313486232e+308,1.79769313486232e+308,1.79769313486232e+308,1.79769313486232e+308,7600,7600
202,"10/27/99",1,2321232,1,1,"Purchased",1.79769313486232e+308,1.79769313486232e+308,1.79769313486232e+308,1.79769313486232e+308,1.79769313486232e+308,1.79769313486232e+308,350,400,1.79769313486232e+308,1.79769313486232e+308,1.79769313486232e+308,1.79769313486232e+308
203,"10/27/99",1,2321339,1,1,"Purchased",1.79769313486232e+308,1.79769313486232e+308,1.79769313486232e+308,1.79769313486232e+308,500,800,300,500,1.79769313486232e+308,1.79769313486232e+308,1.79769313486232e+308,1.79769313486232e+308
204,"10/27/99",1,2321439,1,1,"Purchased",1.79769313486232e+308,1.79769313486232e+308,1.79769313486232e+308,1.79769313486232e+308,1000,3000,500,2500,1.79769313486232e+308,1.79769313486232e+308,1.79769313486232e+308,1.79769313486232e+308
205,"10/27/99",1,2321539,1,1,"Purchased",1.79769313486232e+308,1.79769313486232e+308,1.79769313486232e+308,1.79769313486232e+308,2000,7870,1000,6000,1.79769313486232e+308,600,7620,7620
206,"10/27/99",1,2321639,1,1,"Purchased",1.79769313486232e+308,1.79769313486232e+308,1.79769313486232e+308,1.79769313486232e+308,8000,12000,3500,5000,1.79769313486232e+308,1.79769313486232e+308,1.79769313486232e+308,1.79769313486232e+308
207,"10/27/99",1,2321639,2,1,"Purchased",1.79769313486232e+308,1.79769313486232e+308,1.79769313486232e+308,1.79769313486232e+308,1.79769313486232e+308,1.79769313486232e+308,1.79769313486232e+308,1.79769313486232e+308,1.79769313486232e+308,1.79769313486232e+308,6100,61000
209,"10/27/99",1,2321739,2,1,"Purchased",1.79769313486232e+308,1.79769313486232e+308,1.79769313486232e+308,1.79769313486232e+308,1.79769313486232e+308,1.79769313486232e+308,1.79769313486232e+308,1.79769313486232e+308,1.79769313486232e+308,1.79769313486232e+308,760,760
208,"10/27/99",1,2321739,1,1,"Purchased",1.79769313486232e+308,1.79769313486232e+308,1.79769313486232e+308,1.79769313486232e+308,500,1000,200,700,1.79769313486232e+308,1.79769313486232e+308,1.79769313486232e+308,1.79769313486232e+308
210,"10/27/99",1,2321839,1,1,"Purchased",200,700,1.79769313486232e+308,1.79769313486232e+308,3000,19000,1000,6000,1.79769313486232e+308,21000,1.79769313486232e+308,1.79769313486232e+308
211,"10/27/99",1,2321839,2,1,"Purchased",1.79769313486232e+308,1.79769313486232e+308,1.79769313486232e+308,1.79769313486232e+308,1.79769313486232e+308,1.79769313486232e+308,1.79769313486232e+308,1.79769313486232e+308,1.79769313486232e+308,1.79769313486232e+308,30500,30500
212,"10/27/99",1,2321939,1,1,"Purchased",1.79769313486232e+308,1.79769313486232e+308,1.79769313486232e+308,1.79769313486232e+308,500,800,300,500,1.79769313486232e+308,1.79769313486232e+308,1.79769313486232e+308,1.79769313486232e+308
213,"10/27/99",1,2321939,2,1,"Purchased",1.79769313486232e+308,1.79769313486232e+308,1.79769313486232e+308,1.79769313486232e+308,1.79769313486232e+308,1.79769313486232e+308,1.79769313486232e+308,1.79769313486232e+308,1.79769313486232e+308,1.79769313486232e+308,600,1520
161,"10/27/99",1,2331339,2,1,"Purchased",1.79769313486232e+308,1.79769313486232e+308,1.79769313486232e+308,1.79769313486232e+308,1.79769313486232e+308,1.79769313486232e+308,1.79769313486232e+308,1.79769313486232e+308,1.79769313486232e+308,1.79769313486232e+308,800,800
160,"10/27/99",1,2331339,1,1,"Purchased",160,360,3000,5000,1.79769313486232e+308,1.79769313486232e+308,1000,11000,8000,8000,1.79769313486232e+308,1.79769313486232e+308
162,"10/27/99",1,2331439,1,1,"Purchased",250,250,1.79769313486232e+308,1.79769313486232e+308,800,1000,300,1800,1.79769313486232e+308,1.79769313486232e+308,1.79769313486232e+308,1.79769313486232e+308
163,"10/27/99",1,2331439,2,1,"Purchased",1.79769313486232e+308,1.79769313486232e+308,1.79769313486232e+308,1.79769313486232e+308,1.79769313486232e+308,1.79769313486232e+308,1.79769313486232e+308,1.79769313486232e+308,1.79769313486232e+308,1.79769313486232e+308,1000,1000
165,"10/27/99",1,2331539,2,1,"Purchased",1.79769313486232e+308,1.79769313486232e+308,1.79769313486232e+308,1.79769313486232e+308,1.79769313486232e+308,1.79769313486232e+308,1.79769313486232e+308,1.79769313486232e+308,1.79769313486232e+308,1.79769313486232e+308,1.79769313486232e+308,6000
164,"10/27/99",1,2331539,1,1,"Purchased",200,560,1.79769313486232e+308,1.79769313486232e+308,6000,10000,2000,3000,1.79769313486232e+308,1000,1.79769313486232e+308,1.79769313486232e+308
166,"10/27/99",1,2331639,1,1,"Purchased",1.79769313486232e+308,1.79769313486232e+308,1.79769313486232e+308,1.79769313486232e+308,500,2100,500,1500,1.79769313486232e+308,1.79769313486232e+308,1.79769313486232e+308,1.79769313486232e+308
167,"10/27/99",1,2331639,2,1,"Purchased",1.79769313486232e+308,1.79769313486232e+308,1.79769313486232e+308,1.79769313486232e+308,1.79769313486232e+308,1.79769313486232e+308,1.79769313486232e+308,1.79769313486232e+308,1.79769313486232e+308,1.79769313486232e+308,1900,1900
168,"10/27/99",1,2331739,1,1,"Purchased",1.79769313486232e+308,1.79769313486232e+308,1.79769313486232e+308,1.79769313486232e+308,500,1400,500,2100,1.79769313486232e+308,1.79769313486232e+308,1.79769313486232e+308,1.79769313486232e+308
170,"10/27/99",1,2332039,2,1,"Purchased",1.79769313486232e+308,1.79769313486232e+308,1.79769313486232e+308,1.79769313486232e+308,1.79769313486232e+308,1.79769313486232e+308,1.79769313486232e+308,1.79769313486232e+308,1.79769313486232e+308,1.79769313486232e+308,3100,3100
169,"10/27/99",1,2332039,1,1,"Purchased",1.79769313486232e+308,1.79769313486232e+308,1.79769313486232e+308,1.79769313486232e+308,3000,4200,3000,4000,5000,5000,1.79769313486232e+308,1.79769313486232e+308
171,"10/27/99",1,2332039,6,1,"Purchased",1.79769313486232e+308,1.79769313486232e+308,1.79769313486232e+308,1.79769313486232e+308,1.79769313486232e+308,1.79769313486232e+308,1.79769313486232e+308,1.79769313486232e+308,1.79769313486232e+308,1.79769313486232e+308,2500,2500
173,"10/27/99",1,2332139,2,1,"Purchased",1.79769313486232e+308,1.79769313486232e+308,1.79769313486232e+308,1.79769313486232e+308,1.79769313486232e+308,1.79769313486232e+308,1.79769313486232e+308,1.79769313486232e+308,1.79769313486232e+308,1.79769313486232e+308,2650,2650
172,"10/27/99",1,2332139,1,1,"Purchased",1.79769313486232e+308,1.79769313486232e+308,1.79769313486232e+308,1.79769313486232e+308,500,1300,500,1500,1.79769313486232e+308,1200,1.79769313486232e+308,1.79769313486232e+308
174,"10/27/99",1,2332239,1,1,"Purchased",1.79769313486232e+308,1.79769313486232e+308,1.79769313486232e+308,1.79769313486232e+308,5550,7550,1000,4000,1.79769313486232e+308,7000,1.79769313486232e+308,1.79769313486232e+308
175,"10/27/99",1,2332239,2,1,"Purchased",1.79769313486232e+308,1.79769313486232e+308,1.79769313486232e+308,1.79769313486232e+308,1.79769313486232e+308,1.79769313486232e+308,1.79769313486232e+308,1.79769313486232e+308,1.79769313486232e+308,1.79769313486232e+308,1000,19300
176,"10/27/99",1,2332339,1,1,"Purchased",1.79769313486232e+308,1.79769313486232e+308,1.79769313486232e+308,1.79769313486232e+308,1000,4500,1000,4000,1.79769313486232e+308,2200,1.79769313486232e+308,1.79769313486232e+308
177,"10/27/99",1,2332339,2,1,"Purchased",1.79769313486232e+308,1.79769313486232e+308,1.79769313486232e+308,1.79769313486232e+308,1.79769313486232e+308,1.79769313486232e+308,1.79769313486232e+308,1.79769313486232e+308,1.79769313486232e+308,1.79769313486232e+308,1520,1520
47,"10/27/99",1,2410541,2,3,"Obtained as gift",1.79769313486232e+308,1.79769313486232e+308,1.79769313486232e+308,1.79769313486232e+308,1.79769313486232e+308,1.79769313486232e+308,1.79769313486232e+308,1.79769313486232e+308,1.79769313486232e+308,1.79769313486232e+308,300,300
45,"10/27/99",1,2410541,1,1,"Purchased",1.79769313486232e+308,1.79769313486232e+308,1.79769313486232e+308,1.79769313486232e+308,1.79769313486232e+308,1.79769313486232e+308,100,300,1.79769313486232e+308,100,1.79769313486232e+308,1.79769313486232e+308
46,"10/27/99",1,2410541,1,3,"Obtained as gift",1.79769313486232e+308,1.79769313486232e+308,100,100,1.79769313486232e+308,1.79769313486232e+308,1.79769313486232e+308,1.79769313486232e+308,1.79769313486232e+308,1.79769313486232e+308,1.79769313486232e+308,1.79769313486232e+308
83,"10/27/99",1,2420241,2,3,"Obtained as gift",1.79769313486232e+308,1.79769313486232e+308,1.79769313486232e+308,1.79769313486232e+308,1.79769313486232e+308,1.79769313486232e+308,1.79769313486232e+308,1.79769313486232e+308,1.79769313486232e+308,1.79769313486232e+308,2000,2000
81,"10/27/99",1,2420241,1,1,"Purchased",300,100,1.79769313486232e+308,1.79769313486232e+308,1500,2000,400,200,1.79769313486232e+308,1.79769313486232e+308,1.79769313486232e+308,1.79769313486232e+308
82,"10/27/99",1,2420241,1,2,"Inherited",1.79769313486232e+308,1.79769313486232e+308,1.79769313486232e+308,1.79769313486232e+308,500,500,1.79769313486232e+308,1.79769313486232e+308,1.79769313486232e+308,1.79769313486232e+308,1.79769313486232e+308,1.79769313486232e+308
66,"10/27/99",1,2421339,1,1,"Purchased",300,300,100,100,1500,300,900,400,1.79769313486232e+308,1.79769313486232e+308,1.79769313486232e+308,1.79769313486232e+308
67,"10/27/99",1,2421339,1,2,"Inherited",1.79769313486232e+308,1.79769313486232e+308,1.79769313486232e+308,1.79769313486232e+308,1.79769313486232e+308,1.79769313486232e+308,200,200,1.79769313486232e+308,1.79769313486232e+308,1.79769313486232e+308,1.79769313486232e+308
68,"10/27/99",1,2421339,1,3,"Obtained as gift",1.79769313486232e+308,1.79769313486232e+308,1.79769313486232e+308,1.79769313486232e+308,1.79769313486232e+308,1.79769313486232e+308,400,400,1.79769313486232e+308,1.79769313486232e+308,1.79769313486232e+308,1.79769313486232e+308
69,"10/27/99",1,2421339,2,3,"Obtained as gift",1.79769313486232e+308,1.79769313486232e+308,1.79769313486232e+308,1.79769313486232e+308,1.79769313486232e+308,1.79769313486232e+308,1.79769313486232e+308,1.79769313486232e+308,1.79769313486232e+308,1.79769313486232e+308,2000,2000
72,"10/27/99",1,2421439,2,3,"Obtained as gift",1.79769313486232e+308,1.79769313486232e+308,1.79769313486232e+308,1.79769313486232e+308,1.79769313486232e+308,1.79769313486232e+308,1.79769313486232e+308,1.79769313486232e+308,1.79769313486232e+308,1.79769313486232e+308,3000,300
70,"10/27/99",1,2421439,1,1,"Purchased",250,250,200,200,1200,1200,900,900,1.79769313486232e+308,1.79769313486232e+308,1.79769313486232e+308,1.79769313486232e+308
71,"10/27/99",1,2421439,1,2,"Inherited",100,100,1.79769313486232e+308,1.79769313486232e+308,1.79769313486232e+308,1.79769313486232e+308,200,200,1.79769313486232e+308,1.79769313486232e+308,1.79769313486232e+308,1.79769313486232e+308
74,"10/27/99",1,2421539,3,1,"Purchased",1.79769313486232e+308,1.79769313486232e+308,1.79769313486232e+308,1.79769313486232e+308,1.79769313486232e+308,1.79769313486232e+308,1.79769313486232e+308,1.79769313486232e+308,1.79769313486232e+308,1.79769313486232e+308,7000,7000
73,"10/27/99",1,2421539,1,1,"Purchased",100,400,100,100,2000,3000,1500,700,1.79769313486232e+308,8000,1.79769313486232e+308,1.79769313486232e+308
76,"10/27/99",1,2421739,2,1,"Purchased",1.79769313486232e+308,1.79769313486232e+308,1.79769313486232e+308,1.79769313486232e+308,1.79769313486232e+308,1.79769313486232e+308,1.79769313486232e+308,1.79769313486232e+308,1.79769313486232e+308,1.79769313486232e+308,200,200
75,"10/27/99",1,2421739,1,1,"Purchased",200,300,150,150,2500,4000,500,700,1.79769313486232e+308,1.79769313486232e+308,1.79769313486232e+308,1.79769313486232e+308
77,"10/27/99",1,2421839,1,1,"Purchased",1.79769313486232e+308,200,1.79769313486232e+308,1.79769313486232e+308,1000,3000,700,1700,1.79769313486232e+308,1.79769313486232e+308,1.79769313486232e+308,1.79769313486232e+308
78,"10/27/99",1,2421839,1,2,"Inherited",200,1.79769313486232e+308,150,1.79769313486232e+308,1.79769313486232e+308,1.79769313486232e+308,1.79769313486232e+308,1.79769313486232e+308,1.79769313486232e+308,1.79769313486232e+308,1.79769313486232e+308,1.79769313486232e+308
79,"10/27/99",1,2421839,2,3,"Obtained as gift",1.79769313486232e+308,1.79769313486232e+308,1.79769313486232e+308,1.79769313486232e+308,1.79769313486232e+308,1.79769313486232e+308,1.79769313486232e+308,1.79769313486232e+308,1.79769313486232e+308,1.79769313486232e+308,1.79769313486232e+308,100
80,"10/27/99",1,2421839,9,3,"Obtained as gift",1.79769313486232e+308,1.79769313486232e+308,1.79769313486232e+308,1.79769313486232e+308,1.79769313486232e+308,1.79769313486232e+308,1.79769313486232e+308,1.79769313486232e+308,1.79769313486232e+308,1.79769313486232e+308,1.79769313486232e+308,4000
65,"10/27/99",1,2430142,2,3,"Obtained as gift",1.79769313486232e+308,1.79769313486232e+308,1.79769313486232e+308,1.79769313486232e+308,1.79769313486232e+308,1.79769313486232e+308,1.79769313486232e+308,1.79769313486232e+308,1.79769313486232e+308,1.79769313486232e+308,1.79769313486232e+308,500
64,"10/27/99",1,2430142,1,2,"Inherited",1.79769313486232e+308,1.79769313486232e+308,1.79769313486232e+308,1.79769313486232e+308,500,500,1.79769313486232e+308,200,1.79769313486232e+308,1.79769313486232e+308,1.79769313486232e+308,1.79769313486232e+308
63,"10/27/99",1,2430142,1,1,"Purchased",1.79769313486232e+308,1.79769313486232e+308,1.79769313486232e+308,1.79769313486232e+308,1.79769313486232e+308,1.79769313486232e+308,200,200,1.79769313486232e+308,1.79769313486232e+308,1.79769313486232e+308,1.79769313486232e+308
57,"10/27/99",1,2431339,2,1,"Purchased",1.79769313486232e+308,1.79769313486232e+308,1.79769313486232e+308,1.79769313486232e+308,1.79769313486232e+308,1.79769313486232e+308,1.79769313486232e+308,1.79769313486232e+308,1.79769313486232e+308,1.79769313486232e+308,1.79769313486232e+308,600
56,"10/27/99",1,2431339,1,1,"Purchased",1.79769313486232e+308,200,1.79769313486232e+308,1.79769313486232e+308,1.79769313486232e+308,2500,900,1700,1.79769313486232e+308,7000,1.79769313486232e+308,1.79769313486232e+308
58,"10/27/99",1,2431339,2,3,"Obtained as gift",1.79769313486232e+308,1.79769313486232e+308,1.79769313486232e+308,1.79769313486232e+308,1.79769313486232e+308,1.79769313486232e+308,1.79769313486232e+308,1.79769313486232e+308,1.79769313486232e+308,1.79769313486232e+308,200,200
48,"10/27/99",1,2431439,1,1,"Purchased",300,600,1.79769313486232e+308,150,700,1900,800,2500,1.79769313486232e+308,10000,1.79769313486232e+308,1.79769313486232e+308
49,"10/27/99",1,2431439,2,1,"Purchased",1.79769313486232e+308,1.79769313486232e+308,1.79769313486232e+308,1.79769313486232e+308,1.79769313486232e+308,1.79769313486232e+308,1.79769313486232e+308,1.79769313486232e+308,1.79769313486232e+308,1.79769313486232e+308,1.79769313486232e+308,5000
51,"10/27/99",1,2431439,5,3,"Obtained as gift",1.79769313486232e+308,1.79769313486232e+308,1.79769313486232e+308,1.79769313486232e+308,1.79769313486232e+308,1.79769313486232e+308,1.79769313486232e+308,1.79769313486232e+308,1.79769313486232e+308,1.79769313486232e+308,1.79769313486232e+308,6000
50,"10/27/99",1,2431439,2,3,"Obtained as gift",1.79769313486232e+308,1.79769313486232e+308,1.79769313486232e+308,1.79769313486232e+308,1.79769313486232e+308,1.79769313486232e+308,1.79769313486232e+308,1.79769313486232e+308,1.79769313486232e+308,1.79769313486232e+308,1.79769313486232e+308,2000
52,"10/27/99",1,2431539,1,1,"Purchased",1.79769313486232e+308,500,1.79769313486232e+308,150,1.79769313486232e+308,4000,500,2000,1.79769313486232e+308,1.79769313486232e+308,2000,3000
53,"10/27/99",1,2431539,3,3,"Obtained as gift",1.79769313486232e+308,1.79769313486232e+308,1.79769313486232e+308,1.79769313486232e+308,1.79769313486232e+308,1.79769313486232e+308,1.79769313486232e+308,1.79769313486232e+308,1.79769313486232e+308,1.79769313486232e+308,3000,3000
62,"10/27/99",1,2431639,3,3,"Obtained as gift",1.79769313486232e+308,1.79769313486232e+308,1.79769313486232e+308,1.79769313486232e+308,1.79769313486232e+308,1.79769313486232e+308,1.79769313486232e+308,1.79769313486232e+308,1.79769313486232e+308,1.79769313486232e+308,1.79769313486232e+308,200
59,"10/27/99",1,2431639,1,1,"Purchased",1.79769313486232e+308,500,1.79769313486232e+308,1.79769313486232e+308,700,700,2000,2000,200,200,1.79769313486232e+308,1.79769313486232e+308
61,"10/27/99",1,2431639,2,3,"Obtained as gift",1.79769313486232e+308,1.79769313486232e+308,1.79769313486232e+308,1.79769313486232e+308,1.79769313486232e+308,1.79769313486232e+308,1.79769313486232e+308,1.79769313486232e+308,1.79769313486232e+308,1.79769313486232e+308,1.79769313486232e+308,200
60,"10/27/99",1,2431639,1,2,"Inherited",200,200,1.79769313486232e+308,1.79769313486232e+308,1.79769313486232e+308,1.79769313486232e+308,1.79769313486232e+308,1.79769313486232e+308,1.79769313486232e+308,1.79769313486232e+308,1.79769313486232e+308,1.79769313486232e+308
54,"10/27/99",1,2431739,1,1,"Purchased",100,500,1.79769313486232e+308,1.79769313486232e+308,100,900,300,1000,1.79769313486232e+308,1.79769313486232e+308,1.79769313486232e+308,1.79769313486232e+308
55,"10/27/99",1,2431739,2,1,"Purchased",1.79769313486232e+308,1.79769313486232e+308,1.79769313486232e+308,1.79769313486232e+308,1.79769313486232e+308,1.79769313486232e+308,1.79769313486232e+308,1.79769313486232e+308,1.79769313486232e+308,1.79769313486232e+308,1.79769313486232e+308,700
53,"10/26/99",1,2520151,2,3,"Obtained as gift",1.79769313486232e+308,1.79769313486232e+308,1.79769313486232e+308,1.79769313486232e+308,1.79769313486232e+308,1.79769313486232e+308,1.79769313486232e+308,1.79769313486232e+308,1.79769313486232e+308,1.79769313486232e+308,200,200
49,"10/26/99",1,2520151,1,1,"Purchased",1.79769313486232e+308,1.79769313486232e+308,1.79769313486232e+308,1.79769313486232e+308,10000,12000,1200,1800,1.79769313486232e+308,1.79769313486232e+308,1.79769313486232e+308,1.79769313486232e+308
50,"10/26/99",1,2520151,15,1,"Purchased",1.79769313486232e+308,1.79769313486232e+308,1.79769313486232e+308,1.79769313486232e+308,1.79769313486232e+308,1.79769313486232e+308,1.79769313486232e+308,1.79769313486232e+308,1.79769313486232e+308,1.79769313486232e+308,2000,2000
51,"10/26/99",1,2520151,9,1,"Purchased",1.79769313486232e+308,1.79769313486232e+308,1.79769313486232e+308,1.79769313486232e+308,1.79769313486232e+308,1.79769313486232e+308,1.79769313486232e+308,1.79769313486232e+308,1.79769313486232e+308,1.79769313486232e+308,225,225
52,"10/26/99",1,2520151,3,3,"Obtained as gift",1.79769313486232e+308,1.79769313486232e+308,1.79769313486232e+308,1.79769313486232e+308,1.79769313486232e+308,1.79769313486232e+308,1.79769313486232e+308,1.79769313486232e+308,1.79769313486232e+308,1.79769313486232e+308,200,200
58,"10/26/99",1,2520542,2,1,"Purchased",1.79769313486232e+308,1.79769313486232e+308,1.79769313486232e+308,1.79769313486232e+308,1.79769313486232e+308,1.79769313486232e+308,1.79769313486232e+308,1.79769313486232e+308,1.79769313486232e+308,1.79769313486232e+308,100,100
57,"10/26/99",1,2520542,1,1,"Purchased",1.79769313486232e+308,1.79769313486232e+308,1.79769313486232e+308,1.79769313486232e+308,400,500,100,580,1.79769313486232e+308,1.79769313486232e+308,1.79769313486232e+308,1.79769313486232e+308
61,"10/26/99",1,2520941,3,1,"Purchased",1.79769313486232e+308,1.79769313486232e+308,1.79769313486232e+308,1.79769313486232e+308,1.79769313486232e+308,1.79769313486232e+308,1.79769313486232e+308,1.79769313486232e+308,1.79769313486232e+308,1.79769313486232e+308,200,200
59,"10/26/99",1,2520941,1,1,"Purchased",120,120,1.79769313486232e+308,1.79769313486232e+308,1000,1100,1000,1450,1.79769313486232e+308,300,1.79769313486232e+308,1.79769313486232e+308
60,"10/26/99",1,2520941,2,1,"Purchased",1.79769313486232e+308,1.79769313486232e+308,1.79769313486232e+308,1.79769313486232e+308,1.79769313486232e+308,1.79769313486232e+308,1.79769313486232e+308,1.79769313486232e+308,1.79769313486232e+308,1.79769313486232e+308,1000,1000
63,"10/26/99",1,2530141,2,1,"Purchased",1.79769313486232e+308,1.79769313486232e+308,1.79769313486232e+308,1.79769313486232e+308,1.79769313486232e+308,1.79769313486232e+308,1.79769313486232e+308,1.79769313486232e+308,1.79769313486232e+308,1.79769313486232e+308,110,110
62,"10/26/99",1,2530141,1,1,"Purchased",1.79769313486232e+308,1.79769313486232e+308,1.79769313486232e+308,1.79769313486232e+308,2000,5000,1200,1500,1.79769313486232e+308,1.79769313486232e+308,1.79769313486232e+308,1.79769313486232e+308
64,"10/26/99",1,2531441,1,1,"Purchased",150,150,400,400,200,500,800,300,1.79769313486232e+308,1000,1.79769313486232e+308,1.79769313486232e+308
274,"11/10/99",1,2620251,1,2,"Inherited",240,240,1.79769313486232e+308,1.79769313486232e+308,2000,2550,120,25,1.79769313486232e+308,1.79769313486232e+308,1.79769313486232e+308,1.79769313486232e+308
273,"11/10/99",1,2620251,1,1,"Purchased",1.79769313486232e+308,140,1.79769313486232e+308,1.79769313486232e+308,6000,8500,200,320,1.79769313486232e+308,3500,1.79769313486232e+308,1.79769313486232e+308
276,"11/10/99",1,2620251,6,1,"Purchased",1.79769313486232e+308,1.79769313486232e+308,1.79769313486232e+308,1.79769313486232e+308,1.79769313486232e+308,1.79769313486232e+308,1.79769313486232e+308,1.79769313486232e+308,1.79769313486232e+308,1.79769313486232e+308,1000,1950
275,"11/10/99",1,2620251,2,1,"Purchased",1.79769313486232e+308,1.79769313486232e+308,1.79769313486232e+308,1.79769313486232e+308,1.79769313486232e+308,1.79769313486232e+308,1.79769313486232e+308,1.79769313486232e+308,1.79769313486232e+308,1.79769313486232e+308,2500,4500
266,"11/10/99",1,2620641,1,1,"Purchased",120,370,1.79769313486232e+308,1.79769313486232e+308,600,1100,200,460,1.79769313486232e+308,1.79769313486232e+308,1.79769313486232e+308,1.79769313486232e+308
268,"11/10/99",1,2620641,2,1,"Purchased",1.79769313486232e+308,1.79769313486232e+308,1.79769313486232e+308,1.79769313486232e+308,1.79769313486232e+308,1.79769313486232e+308,1.79769313486232e+308,1.79769313486232e+308,1.79769313486232e+308,1.79769313486232e+308,200,700
269,"11/10/99",1,2620641,2,2,"Inherited",1.79769313486232e+308,1.79769313486232e+308,1.79769313486232e+308,1.79769313486232e+308,1.79769313486232e+308,1.79769313486232e+308,1.79769313486232e+308,1.79769313486232e+308,1.79769313486232e+308,1.79769313486232e+308,2500,2500
267,"11/10/99",1,2620641,1,2,"Inherited",1.79769313486232e+308,1.79769313486232e+308,1.79769313486232e+308,1.79769313486232e+308,1.79769313486232e+308,1.79769313486232e+308,230,230,1.79769313486232e+308,1.79769313486232e+308,1.79769313486232e+308,1.79769313486232e+308
257,"11/10/99",1,2621341,1,1,"Purchased",1.79769313486232e+308,610,1.79769313486232e+308,1.79769313486232e+308,400,950,100,540,1.79769313486232e+308,1.79769313486232e+308,1.79769313486232e+308,1.79769313486232e+308
259,"11/10/99",1,2621341,2,1,"Purchased",1.79769313486232e+308,1.79769313486232e+308,1.79769313486232e+308,1.79769313486232e+308,1.79769313486232e+308,1.79769313486232e+308,1.79769313486232e+308,1.79769313486232e+308,1.79769313486232e+308,1.79769313486232e+308,2000,2800
260,"11/10/99",1,2621341,2,2,"Inherited",1.79769313486232e+308,1.79769313486232e+308,1.79769313486232e+308,1.79769313486232e+308,1.79769313486232e+308,1.79769313486232e+308,1.79769313486232e+308,1.79769313486232e+308,1.79769313486232e+308,1.79769313486232e+308,350,350
258,"11/10/99",1,2621341,1,2,"Inherited",140,140,1.79769313486232e+308,1.79769313486232e+308,1.79769313486232e+308,1.79769313486232e+308,180,180,1.79769313486232e+308,1.79769313486232e+308,1.79769313486232e+308,1.79769313486232e+308
261,"11/10/99",1,2621341,4,1,"Purchased",1.79769313486232e+308,1.79769313486232e+308,1.79769313486232e+308,1.79769313486232e+308,1.79769313486232e+308,1.79769313486232e+308,1.79769313486232e+308,1.79769313486232e+308,1.79769313486232e+308,1.79769313486232e+308,560,1560
265,"11/10/99",1,2621541,2,2,"Inherited",1.79769313486232e+308,1.79769313486232e+308,1.79769313486232e+308,1.79769313486232e+308,1.79769313486232e+308,1.79769313486232e+308,1.79769313486232e+308,1.79769313486232e+308,1.79769313486232e+308,1.79769313486232e+308,400,400
262,"11/10/99",1,2621541,1,1,"Purchased",1.79769313486232e+308,120,1.79769313486232e+308,1.79769313486232e+308,1050,1050,200,530,1.79769313486232e+308,1.79769313486232e+308,1.79769313486232e+308,1.79769313486232e+308
264,"11/10/99",1,2621541,2,1,"Purchased",1.79769313486232e+308,1.79769313486232e+308,1.79769313486232e+308,1.79769313486232e+308,1.79769313486232e+308,1.79769313486232e+308,1.79769313486232e+308,1.79769313486232e+308,1.79769313486232e+308,1.79769313486232e+308,1.79769313486232e+308,150
263,"11/10/99",1,2621541,1,2,"Inherited",1.79769313486232e+308,1.79769313486232e+308,1.79769313486232e+308,1.79769313486232e+308,200,750,1.79769313486232e+308,1.79769313486232e+308,1.79769313486232e+308,1.79769313486232e+308,1.79769313486232e+308,1.79769313486232e+308
271,"11/10/99",1,2621641,1,2,"Inherited",1.79769313486232e+308,1.79769313486232e+308,1.79769313486232e+308,1.79769313486232e+308,250,250,100,100,1.79769313486232e+308,1.79769313486232e+308,1.79769313486232e+308,1.79769313486232e+308
272,"11/10/99",1,2621641,4,1,"Purchased",1.79769313486232e+308,1.79769313486232e+308,1.79769313486232e+308,1.79769313486232e+308,1.79769313486232e+308,1.79769313486232e+308,1.79769313486232e+308,1.79769313486232e+308,1.79769313486232e+308,1.79769313486232e+308,290,800
270,"11/10/99",1,2621641,1,1,"Purchased",1.79769313486232e+308,1.79769313486232e+308,1.79769313486232e+308,1.79769313486232e+308,1000,1700,280,380,1.79769313486232e+308,1.79769313486232e+308,1.79769313486232e+308,1.79769313486232e+308
256,"11/10/99",1,2630241,1,1.79769313486232e+308,"",1.79769313486232e+308,1.79769313486232e+308,1.79769313486232e+308,1.79769313486232e+308,1.79769313486232e+308,1.79769313486232e+308,1.79769313486232e+308,1.79769313486232e+308,1.79769313486232e+308,1.79769313486232e+308,1.79769313486232e+308,1.79769313486232e+308
255,"11/10/99",1,2630251,1,1.79769313486232e+308,"",1.79769313486232e+308,1.79769313486232e+308,1.79769313486232e+308,1.79769313486232e+308,1.79769313486232e+308,1.79769313486232e+308,1.79769313486232e+308,1.79769313486232e+308,1.79769313486232e+308,1.79769313486232e+308,1.79769313486232e+308,1.79769313486232e+308
71,"10/26/99",1,2710251,1,1,"Purchased",300,300,1.79769313486232e+308,1.79769313486232e+308,200,200,100,500,1.79769313486232e+308,1.79769313486232e+308,1.79769313486232e+308,1.79769313486232e+308
69,"10/26/99",1,2710351,1,1,"Purchased",200,200,200,200,300,300,500,1500,1.79769313486232e+308,1.79769313486232e+308,1.79769313486232e+308,1.79769313486232e+308
70,"10/26/99",1,2710351,2,1,"Purchased",1.79769313486232e+308,1.79769313486232e+308,1.79769313486232e+308,1.79769313486232e+308,1.79769313486232e+308,1.79769313486232e+308,1.79769313486232e+308,1.79769313486232e+308,1.79769313486232e+308,1.79769313486232e+308,150,150
76,"10/26/99",1,2710642,1,1,"Purchased",300,500,1.79769313486232e+308,1.79769313486232e+308,700,700,300,500,1.79769313486232e+308,1.79769313486232e+308,1.79769313486232e+308,1.79769313486232e+308
75,"10/26/99",1,2711341,2,1,"Purchased",1.79769313486232e+308,1.79769313486232e+308,1.79769313486232e+308,1.79769313486232e+308,1.79769313486232e+308,1.79769313486232e+308,1.79769313486232e+308,1.79769313486232e+308,1.79769313486232e+308,1.79769313486232e+308,300,300
74,"10/26/99",1,2711341,1,1,"Purchased",350,500,1.79769313486232e+308,1.79769313486232e+308,5000,7300,600,1200,1.79769313486232e+308,1.79769313486232e+308,1.79769313486232e+308,1.79769313486232e+308
73,"10/26/99",1,2711741,7,1,"Purchased",1.79769313486232e+308,1.79769313486232e+308,1.79769313486232e+308,1.79769313486232e+308,1.79769313486232e+308,1.79769313486232e+308,1.79769313486232e+308,1.79769313486232e+308,1.79769313486232e+308,1.79769313486232e+308,1.79769313486232e+308,500
72,"10/26/99",1,2711741,3,1,"Purchased",1.79769313486232e+308,1.79769313486232e+308,1.79769313486232e+308,1.79769313486232e+308,1.79769313486232e+308,1.79769313486232e+308,200,500,1.79769313486232e+308,1.79769313486232e+308,1.79769313486232e+308,1.79769313486232e+308
77,"10/26/99",1,2720251,1,1,"Purchased",200,350,1.79769313486232e+308,1.79769313486232e+308,1.79769313486232e+308,1.79769313486232e+308,400,500,1.79769313486232e+308,1.79769313486232e+308,1.79769313486232e+308,1.79769313486232e+308
80,"10/26/99",1,2720441,2,1,"Purchased",200,200,1.79769313486232e+308,1.79769313486232e+308,500,500,500,800,1.79769313486232e+308,1.79769313486232e+308,20000,20000
81,"10/26/99",1,2720941,1,1,"Purchased",400,400,1.79769313486232e+308,1.79769313486232e+308,1.79769313486232e+308,8000,500,1000,1.79769313486232e+308,4500,1.79769313486232e+308,1.79769313486232e+308
82,"10/26/99",1,2720941,2,1,"Purchased",1.79769313486232e+308,1.79769313486232e+308,1.79769313486232e+308,1.79769313486232e+308,1.79769313486232e+308,1.79769313486232e+308,1.79769313486232e+308,1.79769313486232e+308,1.79769313486232e+308,1.79769313486232e+308,9000,9000
79,"10/26/99",1,2721241,1,1,"Purchased",200,200,1.79769313486232e+308,1.79769313486232e+308,800,1200,200,400,1.79769313486232e+308,1.79769313486232e+308,1.79769313486232e+308,1.79769313486232e+308
78,"10/26/99",1,2721341,1,1,"Purchased",1.79769313486232e+308,1.79769313486232e+308,1.79769313486232e+308,1.79769313486232e+308,200,200,200,400,1.79769313486232e+308,1.79769313486232e+308,1.79769313486232e+308,1.79769313486232e+308
68,"10/26/99",1,2731141,1,1,"Purchased",200,200,1.79769313486232e+308,1.79769313486232e+308,600,600,300,450,1.79769313486232e+308,1.79769313486232e+308,1.79769313486232e+308,1.79769313486232e+308
66,"10/26/99",1,2731641,1,1,"Purchased",400,400,1.79769313486232e+308,1.79769313486232e+308,800,1600,400,600,1.79769313486232e+308,1.79769313486232e+308,1.79769313486232e+308,1.79769313486232e+308
67,"10/26/99",1,2731641,2,1,"Purchased",1.79769313486232e+308,1.79769313486232e+308,1.79769313486232e+308,1.79769313486232e+308,1.79769313486232e+308,1.79769313486232e+308,1.79769313486232e+308,1.79769313486232e+308,1.79769313486232e+308,1.79769313486232e+308,300,300
83,"10/26/99",1,2820251,1,1,"Purchased",500,500,200,200,3200,3200,4000,5000,1.79769313486232e+308,1.79769313486232e+308,1.79769313486232e+308,1.79769313486232e+308
84,"10/26/99",1,2820251,2,1,"Purchased",1.79769313486232e+308,1.79769313486232e+308,1.79769313486232e+308,1.79769313486232e+308,1.79769313486232e+308,1.79769313486232e+308,1.79769313486232e+308,1.79769313486232e+308,1.79769313486232e+308,1.79769313486232e+308,5000,5000
85,"10/26/99",1,2820251,4,1,"Purchased",1.79769313486232e+308,1.79769313486232e+308,1.79769313486232e+308,1.79769313486232e+308,1.79769313486232e+308,1.79769313486232e+308,1.79769313486232e+308,1.79769313486232e+308,1.79769313486232e+308,150,1.79769313486232e+308,1.79769313486232e+308
98,"10/26/99",1,2830141,1,1,"Purchased",1.79769313486232e+308,1.79769313486232e+308,1.79769313486232e+308,1.79769313486232e+308,300,300,500,600,1.79769313486232e+308,1.79769313486232e+308,1.79769313486232e+308,1.79769313486232e+308
98,"10/26/99",1,2830141,2,1,"Purchased",1.79769313486232e+308,1.79769313486232e+308,1.79769313486232e+308,1.79769313486232e+308,1.79769313486232e+308,1.79769313486232e+308,1.79769313486232e+308,1.79769313486232e+308,1.79769313486232e+308,1.79769313486232e+308,500,500
94,"10/26/99",1,2830241,1,1,"Purchased",1.79769313486232e+308,150,250,250,350,350,400,500,1.79769313486232e+308,1.79769313486232e+308,1.79769313486232e+308,1.79769313486232e+308
96,"10/26/99",1,2830241,4,1,"Purchased",1.79769313486232e+308,1.79769313486232e+308,1.79769313486232e+308,1.79769313486232e+308,1.79769313486232e+308,1.79769313486232e+308,1.79769313486232e+308,1.79769313486232e+308,1.79769313486232e+308,100,1.79769313486232e+308,1.79769313486232e+308
95,"10/26/99",1,2830241,2,1,"Purchased",1.79769313486232e+308,1.79769313486232e+308,1.79769313486232e+308,1.79769313486232e+308,1.79769313486232e+308,1.79769313486232e+308,1.79769313486232e+308,1.79769313486232e+308,1.79769313486232e+308,1.79769313486232e+308,130,130
109,"10/26/99",1,2830252,2,1,"Purchased",1.79769313486232e+308,1.79769313486232e+308,1.79769313486232e+308,1.79769313486232e+308,1.79769313486232e+308,1.79769313486232e+308,1.79769313486232e+308,1.79769313486232e+308,1.79769313486232e+308,1.79769313486232e+308,120,120
108,"10/26/99",1,2830252,1,1,"Purchased",1.79769313486232e+308,80,1.79769313486232e+308,1.79769313486232e+308,600,600,1000,1000,1.79769313486232e+308,1.79769313486232e+308,1.79769313486232e+308,1.79769313486232e+308
111,"10/26/99",1,2830253,2,1,"Purchased",1.79769313486232e+308,1.79769313486232e+308,1.79769313486232e+308,1.79769313486232e+308,1.79769313486232e+308,1.79769313486232e+308,1.79769313486232e+308,1.79769313486232e+308,1.79769313486232e+308,1.79769313486232e+308,4000,4000
110,"10/26/99",1,2830253,1,1,"Purchased",1.79769313486232e+308,1.79769313486232e+308,1.79769313486232e+308,1.79769313486232e+308,300,300,1000,1000,2000,2000,1.79769313486232e+308,1.79769313486232e+308
93,"10/26/99",1,2830341,1,1,"Purchased",1.79769313486232e+308,150,1.79769313486232e+308,1.79769313486232e+308,1.79769313486232e+308,1.79769313486232e+308,300,500,1.79769313486232e+308,1.79769313486232e+308,1.79769313486232e+308,1.79769313486232e+308
92,"10/26/99",1,2830441,1,1,"Purchased",120,120,1.79769313486232e+308,1.79769313486232e+308,600,600,200,300,1.79769313486232e+308,1.79769313486232e+308,1.79769313486232e+308,1.79769313486232e+308
91,"10/26/99",1,2830641,2,1,"Purchased",1.79769313486232e+308,1.79769313486232e+308,1.79769313486232e+308,1.79769313486232e+308,1.79769313486232e+308,1.79769313486232e+308,1.79769313486232e+308,1.79769313486232e+308,1.79769313486232e+308,1.79769313486232e+308,200,200
90,"10/26/99",1,2830641,1,1,"Purchased",50,50,1.79769313486232e+308,1.79769313486232e+308,1.79769313486232e+308,1.79769313486232e+308,400,800,1.79769313486232e+308,1.79769313486232e+308,1.79769313486232e+308,1.79769313486232e+308
86,"10/26/99",1,2830841,1,1,"Purchased",110,110,1.79769313486232e+308,1.79769313486232e+308,1.79769313486232e+308,1.79769313486232e+308,250,500,1.79769313486232e+308,1.79769313486232e+308,1.79769313486232e+308,1.79769313486232e+308
87,"10/26/99",1,2830841,2,1,"Purchased",1.79769313486232e+308,1.79769313486232e+308,1.79769313486232e+308,1.79769313486232e+308,1.79769313486232e+308,1.79769313486232e+308,1.79769313486232e+308,1.79769313486232e+308,1.79769313486232e+308,1.79769313486232e+308,1.79769313486232e+308,160
88,"10/26/99",1,2830941,1,1,"Purchased",1.79769313486232e+308,70,1.79769313486232e+308,480,1.79769313486232e+308,100,300,800,1.79769313486232e+308,1.79769313486232e+308,1.79769313486232e+308,1.79769313486232e+308
89,"10/26/99",1,2830941,2,1,"Purchased",1.79769313486232e+308,1.79769313486232e+308,1.79769313486232e+308,1.79769313486232e+308,1.79769313486232e+308,1.79769313486232e+308,1.79769313486232e+308,1.79769313486232e+308,1.79769313486232e+308,1.79769313486232e+308,1.79769313486232e+308,160
99,"10/26/99",1,2831041,1,1,"Purchased",1.79769313486232e+308,80,1.79769313486232e+308,1.79769313486232e+308,1.79769313486232e+308,1.79769313486232e+308,200,300,1.79769313486232e+308,1.79769313486232e+308,1.79769313486232e+308,1.79769313486232e+308
100,"10/26/99",1,2831041,2,1,"Purchased",1.79769313486232e+308,1.79769313486232e+308,1.79769313486232e+308,1.79769313486232e+308,1.79769313486232e+308,1.79769313486232e+308,1.79769313486232e+308,1.79769313486232e+308,1.79769313486232e+308,1.79769313486232e+308,1.79769313486232e+308,125
101,"10/26/99",1,2831241,1,1,"Purchased",1.79769313486232e+308,80,1.79769313486232e+308,1.79769313486232e+308,1.79769313486232e+308,1.79769313486232e+308,200,300,1.79769313486232e+308,1.79769313486232e+308,1.79769313486232e+308,1.79769313486232e+308
102,"10/26/99",1,2831341,1,1,"Purchased",1.79769313486232e+308,80,1.79769313486232e+308,1.79769313486232e+308,500,500,400,600,1.79769313486232e+308,1.79769313486232e+308,1.79769313486232e+308,1.79769313486232e+308
103,"10/26/99",1,2831341,3,3,"Obtained as gift",1.79769313486232e+308,1.79769313486232e+308,1.79769313486232e+308,1.79769313486232e+308,1.79769313486232e+308,1.79769313486232e+308,1.79769313486232e+308,1.79769313486232e+308,1.79769313486232e+308,1.79769313486232e+308,150,150
105,"10/26/99",1,2831441,2,1,"Purchased",1.79769313486232e+308,1.79769313486232e+308,1.79769313486232e+308,1.79769313486232e+308,1.79769313486232e+308,1.79769313486232e+308,1.79769313486232e+308,1.79769313486232e+308,1.79769313486232e+308,1.79769313486232e+308,1000,1000
104,"10/26/99",1,2831441,1,1,"Purchased",1.79769313486232e+308,100,1.79769313486232e+308,1.79769313486232e+308,1000,1000,300,600,240,1.79769313486232e+308,1.79769313486232e+308,1.79769313486232e+308
106,"10/26/99",1,2831541,1,1,"Purchased",60,120,1.79769313486232e+308,400,400,2000,1000,3000,1.79769313486232e+308,1.79769313486232e+308,1.79769313486232e+308,1.79769313486232e+308
107,"10/26/99",1,2831541,4,1,"Purchased",1.79769313486232e+308,1.79769313486232e+308,1.79769313486232e+308,1.79769313486232e+308,1.79769313486232e+308,1.79769313486232e+308,1.79769313486232e+308,1.79769313486232e+308,1.79769313486232e+308,1.79769313486232e+308,1.79769313486232e+308,1730
238,"11/10/99",1,2920141,2,1,"Purchased",1.79769313486232e+308,1.79769313486232e+308,1.79769313486232e+308,1.79769313486232e+308,250,600,300,7000,1.79769313486232e+308,1.79769313486232e+308,1.79769313486232e+308,1.79769313486232e+308
239,"11/10/99",1,2920141,5,3,"Obtained as gift",1.79769313486232e+308,1.79769313486232e+308,1.79769313486232e+308,1.79769313486232e+308,1.79769313486232e+308,1.79769313486232e+308,1.79769313486232e+308,1.79769313486232e+308,1.79769313486232e+308,1.79769313486232e+308,180,180
244,"11/10/99",1,2920342,2,3,"Obtained as gift",1.79769313486232e+308,1.79769313486232e+308,1.79769313486232e+308,1.79769313486232e+308,1.79769313486232e+308,1.79769313486232e+308,1.79769313486232e+308,1.79769313486232e+308,1.79769313486232e+308,1.79769313486232e+308,250,250
243,"11/10/99",1,2920342,1,2,"Inherited",1.79769313486232e+308,1.79769313486232e+308,1.79769313486232e+308,1.79769313486232e+308,200,200,1.79769313486232e+308,1.79769313486232e+308,1.79769313486232e+308,1.79769313486232e+308,1.79769313486232e+308,1.79769313486232e+308
242,"11/10/99",1,2920342,1,1,"Purchased",1.79769313486232e+308,1.79769313486232e+308,200,200,1.79769313486232e+308,300,200,400,1.79769313486232e+308,1.79769313486232e+308,1.79769313486232e+308,1.79769313486232e+308
241,"11/10/99",1,2920343,2,4,"Obtained as dowry",1.79769313486232e+308,1.79769313486232e+308,1.79769313486232e+308,1.79769313486232e+308,1.79769313486232e+308,1.79769313486232e+308,1.79769313486232e+308,1.79769313486232e+308,1.79769313486232e+308,1.79769313486232e+308,800,800
240,"11/10/99",1,2920343,1,1,"Purchased",1.79769313486232e+308,1.79769313486232e+308,1.79769313486232e+308,1.79769313486232e+308,300,900,1.79769313486232e+308,1.79769313486232e+308,1.79769313486232e+308,300,1.79769313486232e+308,1.79769313486232e+308
245,"11/10/99",1,2920441,1,1,"Purchased",1.79769313486232e+308,1.79769313486232e+308,1.79769313486232e+308,1.79769313486232e+308,1000,1900,1.79769313486232e+308,1.79769313486232e+308,150,1500,1.79769313486232e+308,1.79769313486232e+308
246,"11/10/99",1,2920441,2,3,"Obtained as gift",1.79769313486232e+308,1.79769313486232e+308,1.79769313486232e+308,1.79769313486232e+308,1.79769313486232e+308,1.79769313486232e+308,1.79769313486232e+308,1.79769313486232e+308,1.79769313486232e+308,1.79769313486232e+308,150,150
250,"11/10/99",1,2920459,1,2,"Inherited",1.79769313486232e+308,1.79769313486232e+308,1.79769313486232e+308,1.79769313486232e+308,1000,1000,1.79769313486232e+308,500,1.79769313486232e+308,1.79769313486232e+308,1.79769313486232e+308,1.79769313486232e+308
252,"11/10/99",1,2920459,2,3,"Obtained as gift",1.79769313486232e+308,1.79769313486232e+308,1.79769313486232e+308,1.79769313486232e+308,1.79769313486232e+308,1.79769313486232e+308,1.79769313486232e+308,1.79769313486232e+308,1.79769313486232e+308,1.79769313486232e+308,200,200
249,"11/10/99",1,2920459,1,1,"Purchased",100,100,1.79769313486232e+308,1.79769313486232e+308,2000,7000,1.79769313486232e+308,1000,1.79769313486232e+308,1.79769313486232e+308,1.79769313486232e+308,1.79769313486232e+308
251,"11/10/99",1,2920459,1,3,"Obtained as gift",1.79769313486232e+308,1.79769313486232e+308,1.79769313486232e+308,1.79769313486232e+308,1.79769313486232e+308,1.79769313486232e+308,1.79769313486232e+308,1.79769313486232e+308,200,200,1.79769313486232e+308,1.79769313486232e+308
248,"11/10/99",1,2920541,2,1,"Purchased",1.79769313486232e+308,1.79769313486232e+308,1.79769313486232e+308,1.79769313486232e+308,1.79769313486232e+308,1.79769313486232e+308,1.79769313486232e+308,1.79769313486232e+308,1.79769313486232e+308,1.79769313486232e+308,300,300
247,"11/10/99",1,2920541,1,1,"Purchased",1.79769313486232e+308,1.79769313486232e+308,200,200,600,1200,300,400,1.79769313486232e+308,1.79769313486232e+308,1.79769313486232e+308,1.79769313486232e+308
253,"11/10/99",1,2920841,1,1,"Purchased",200,500,400,400,1200,2200,700,1600,500,500,1.79769313486232e+308,1.79769313486232e+308
254,"11/10/99",1,2920841,3,1,"Purchased",1.79769313486232e+308,1.79769313486232e+308,1.79769313486232e+308,1.79769313486232e+308,1.79769313486232e+308,1.79769313486232e+308,1.79769313486232e+308,1.79769313486232e+308,1.79769313486232e+308,1.79769313486232e+308,120,1500
113,"10/26/99",1,2930241,1,2,"Inherited",200,200,1.79769313486232e+308,1.79769313486232e+308,300,300,1.79769313486232e+308,1.79769313486232e+308,1.79769313486232e+308,1.79769313486232e+308,1.79769313486232e+308,1.79769313486232e+308
114,"10/26/99",1,2930241,1,4,"Obtained as dowry",1.79769313486232e+308,1.79769313486232e+308,1.79769313486232e+308,1.79769313486232e+308,1.79769313486232e+308,2000,1.79769313486232e+308,1.79769313486232e+308,1.79769313486232e+308,1.79769313486232e+308,1.79769313486232e+308,1.79769313486232e+308
115,"10/26/99",1,2930241,2,3,"Obtained as gift",1.79769313486232e+308,1.79769313486232e+308,1.79769313486232e+308,1.79769313486232e+308,1.79769313486232e+308,1.79769313486232e+308,1.79769313486232e+308,1.79769313486232e+308,1.79769313486232e+308,1.79769313486232e+308,180,180
116,"10/26/99",1,2930241,7,4,"Obtained as dowry",1.79769313486232e+308,1.79769313486232e+308,1.79769313486232e+308,1.79769313486232e+308,1.79769313486232e+308,1.79769313486232e+308,1.79769313486232e+308,1.79769313486232e+308,1.79769313486232e+308,1.79769313486232e+308,1.79769313486232e+308,2600
112,"10/26/99",1,2930241,1,1,"Purchased",1.79769313486232e+308,180,1.79769313486232e+308,1.79769313486232e+308,300,1000,1.79769313486232e+308,1.79769313486232e+308,1.79769313486232e+308,1.79769313486232e+308,1.79769313486232e+308,1.79769313486232e+308
120,"10/26/99",1,2930441,2,3,"Obtained as gift",1.79769313486232e+308,1.79769313486232e+308,1.79769313486232e+308,1.79769313486232e+308,1.79769313486232e+308,1.79769313486232e+308,1.79769313486232e+308,1.79769313486232e+308,1.79769313486232e+308,1.79769313486232e+308,180,180
117,"10/26/99",1,2930441,1,1,"Purchased",50,150,1.79769313486232e+308,1.79769313486232e+308,100,800,100,450,1.79769313486232e+308,1.79769313486232e+308,1.79769313486232e+308,1.79769313486232e+308
121,"10/26/99",1,2930441,7,3,"Obtained as gift",1.79769313486232e+308,1.79769313486232e+308,1.79769313486232e+308,1.79769313486232e+308,1.79769313486232e+308,1.79769313486232e+308,1.79769313486232e+308,1.79769313486232e+308,1.79769313486232e+308,1.79769313486232e+308,1200,1200
119,"10/26/99",1,2930441,1,4,"Obtained as dowry",1.79769313486232e+308,1.79769313486232e+308,1.79769313486232e+308,1.79769313486232e+308,800,800,600,600,1.79769313486232e+308,1.79769313486232e+308,1.79769313486232e+308,1.79769313486232e+308
118,"10/26/99",1,2930441,1,2,"Inherited",75,75,1.79769313486232e+308,1.79769313486232e+308,200,200,350,350,1.79769313486232e+308,1.79769313486232e+308,1.79769313486232e+308,1.79769313486232e+308
123,"10/26/99",1,2930741,1,2,"Inherited",200,200,1.79769313486232e+308,1.79769313486232e+308,300,300,220,220,1.79769313486232e+308,1.79769313486232e+308,1.79769313486232e+308,1.79769313486232e+308
124,"10/26/99",1,2930741,1,3,"Obtained as gift",1.79769313486232e+308,1.79769313486232e+308,1.79769313486232e+308,1.79769313486232e+308,1.79769313486232e+308,1.79769313486232e+308,500,500,1.79769313486232e+308,1.79769313486232e+308,1.79769313486232e+308,1.79769313486232e+308
122,"10/26/99",1,2930741,1,1,"Purchased",100,320,1.79769313486232e+308,1.79769313486232e+308,300,1600,1.79769313486232e+308,580,1.79769313486232e+308,1.79769313486232e+308,1.79769313486232e+308,1.79769313486232e+308
125,"10/26/99",1,2930741,2,1,"Purchased",1.79769313486232e+308,1.79769313486232e+308,1.79769313486232e+308,1.79769313486232e+308,1.79769313486232e+308,1.79769313486232e+308,1.79769313486232e+308,1.79769313486232e+308,1.79769313486232e+308,1.79769313486232e+308,1.79769313486232e+308,450
126,"10/26/99",1,2930741,2,3,"Obtained as gift",1.79769313486232e+308,1.79769313486232e+308,1.79769313486232e+308,1.79769313486232e+308,1.79769313486232e+308,1.79769313486232e+308,1.79769313486232e+308,1.79769313486232e+308,1.79769313486232e+308,1.79769313486232e+308,120,120
129,"10/26/99",1,2931041,1,3,"Obtained as gift",1.79769313486232e+308,1.79769313486232e+308,1.79769313486232e+308,1.79769313486232e+308,1.79769313486232e+308,1.79769313486232e+308,1.79769313486232e+308,1.79769313486232e+308,1.79769313486232e+308,1.79769313486232e+308,120,120
128,"10/26/99",1,2931041,1,2,"Inherited",1.79769313486232e+308,1.79769313486232e+308,1.79769313486232e+308,1.79769313486232e+308,200,200,150,150,1.79769313486232e+308,1.79769313486232e+308,1.79769313486232e+308,1.79769313486232e+308
127,"10/26/99",1,2931041,1,1,"Purchased",1.79769313486232e+308,1.79769313486232e+308,1.79769313486232e+308,1.79769313486232e+308,100,300,100,300,1.79769313486232e+308,1.79769313486232e+308,1.79769313486232e+308,1.79769313486232e+308
131,"10/26/99",1,2931341,1,2,"Inherited",250,250,1.79769313486232e+308,1.79769313486232e+308,200,200,150,150,1.79769313486232e+308,1.79769313486232e+308,1.79769313486232e+308,1.79769313486232e+308
133,"10/26/99",1,2931341,2,3,"Obtained as gift",1.79769313486232e+308,1.79769313486232e+308,1.79769313486232e+308,1.79769313486232e+308,1.79769313486232e+308,1.79769313486232e+308,1.79769313486232e+308,1.79769313486232e+308,1.79769313486232e+308,1.79769313486232e+308,120,120
132,"10/26/99",1,2931341,1,3,"Obtained as gift",1.79769313486232e+308,1.79769313486232e+308,1.79769313486232e+308,1.79769313486232e+308,1.79769313486232e+308,1.79769313486232e+308,150,150,1.79769313486232e+308,1.79769313486232e+308,1.79769313486232e+308,1.79769313486232e+308
130,"10/26/99",1,2931341,1,1,"Purchased",100,200,1.79769313486232e+308,1.79769313486232e+308,100,300,100,500,1.79769313486232e+308,1.79769313486232e+308,1.79769313486232e+308,1.79769313486232e+308
134,"10/26/99",1,2931341,3,1,"Purchased",1.79769313486232e+308,1.79769313486232e+308,1.79769313486232e+308,1.79769313486232e+308,1.79769313486232e+308,1.79769313486232e+308,1.79769313486232e+308,1.79769313486232e+308,1.79769313486232e+308,1.79769313486232e+308,1.79769313486232e+308,180
135,"10/26/99",1,2931441,1,1,"Purchased",210,210,1.79769313486232e+308,1.79769313486232e+308,1.79769313486232e+308,600,100,300,1.79769313486232e+308,1.79769313486232e+308,1.79769313486232e+308,1.79769313486232e+308
136,"10/26/99",1,2931441,1,2,"Inherited",200,200,1.79769313486232e+308,1.79769313486232e+308,1.79769313486232e+308,1.79769313486232e+308,150,150,1.79769313486232e+308,1.79769313486232e+308,1.79769313486232e+308,1.79769313486232e+308
137,"10/26/99",1,2931441,2,3,"Obtained as gift",1.79769313486232e+308,1.79769313486232e+308,1.79769313486232e+308,1.79769313486232e+308,1.79769313486232e+308,1.79769313486232e+308,1.79769313486232e+308,1.79769313486232e+308,1.79769313486232e+308,1.79769313486232e+308,120,120
140,"10/26/99",1,2931641,2,3,"Obtained as gift",1.79769313486232e+308,1.79769313486232e+308,1.79769313486232e+308,1.79769313486232e+308,1.79769313486232e+308,1.79769313486232e+308,1.79769313486232e+308,1.79769313486232e+308,1.79769313486232e+308,1.79769313486232e+308,130,130
138,"10/26/99",1,2931641,1,1,"Purchased",1.79769313486232e+308,250,1.79769313486232e+308,1.79769313486232e+308,150,550,200,800,200,200,1.79769313486232e+308,1.79769313486232e+308
139,"10/26/99",1,2931641,1,2,"Inherited",100,100,1.79769313486232e+308,1.79769313486232e+308,200,200,150,150,1.79769313486232e+308,1.79769313486232e+308,1.79769313486232e+308,1.79769313486232e+308
141,"10/26/99",1,2931641,3,1,"Purchased",1.79769313486232e+308,1.79769313486232e+308,1.79769313486232e+308,1.79769313486232e+308,1.79769313486232e+308,1.79769313486232e+308,1.79769313486232e+308,1.79769313486232e+308,1.79769313486232e+308,1.79769313486232e+308,1.79769313486232e+308,220
1,"8/09/99",1,3010119,1,1,"Purchased",200,200,0,0,5000,7000,200,400,10000,13000,1.79769313486232e+308,1.79769313486232e+308
3,"8/17/99",1,3010119,2,1,"Purchased",1.79769313486232e+308,1.79769313486232e+308,1.79769313486232e+308,1.79769313486232e+308,1.79769313486232e+308,1.79769313486232e+308,1.79769313486232e+308,1.79769313486232e+308,1.79769313486232e+308,1.79769313486232e+308,500,700
4,"8/17/99",1,3010119,2,2,"Inherited",1.79769313486232e+308,1.79769313486232e+308,1.79769313486232e+308,1.79769313486232e+308,1.79769313486232e+308,1.79769313486232e+308,1.79769313486232e+308,1.79769313486232e+308,1.79769313486232e+308,1.79769313486232e+308,500,500
2,"8/17/99",1,3010119,1,2,"Inherited",100,100,1.79769313486232e+308,1.79769313486232e+308,5000,5000,300,300,1.79769313486232e+308,1.79769313486232e+308,1.79769313486232e+308,1.79769313486232e+308
47,"8/17/99",1,3010149,5,3,"Obtained as gift",1.79769313486232e+308,1.79769313486232e+308,1.79769313486232e+308,1.79769313486232e+308,1.79769313486232e+308,1.79769313486232e+308,1.79769313486232e+308,1.79769313486232e+308,1.79769313486232e+308,1.79769313486232e+308,1000,1000
46,"8/17/99",1,3010149,4,2,"Inherited",1.79769313486232e+308,1.79769313486232e+308,1.79769313486232e+308,1.79769313486232e+308,1.79769313486232e+308,1.79769313486232e+308,1.79769313486232e+308,1.79769313486232e+308,1.79769313486232e+308,1.79769313486232e+308,1000,1000
45,"8/17/99",1,3010149,1,3,"Obtained as gift",1.79769313486232e+308,1.79769313486232e+308,1.79769313486232e+308,1.79769313486232e+308,1500,2000,500,500,1.79769313486232e+308,1.79769313486232e+308,1.79769313486232e+308,1.79769313486232e+308
43,"8/17/99",1,3010149,1,1,"Purchased",1.79769313486232e+308,200,1.79769313486232e+308,1.79769313486232e+308,500,10000,500,1500,1.79769313486232e+308,1.79769313486232e+308,1.79769313486232e+308,1.79769313486232e+308
44,"8/17/99",1,3010149,1,2,"Inherited",50,50,1.79769313486232e+308,1.79769313486232e+308,8000,8000,1000,1000,1.79769313486232e+308,1.79769313486232e+308,1.79769313486232e+308,1.79769313486232e+308
67,"8/17/99",1,3010159,1,2,"Inherited",300,1.79769313486232e+308,1.79769313486232e+308,1.79769313486232e+308,1.79769313486232e+308,1.79769313486232e+308,1000,1.79769313486232e+308,1.79769313486232e+308,1.79769313486232e+308,1.79769313486232e+308,1.79769313486232e+308
69,"8/17/99",1,3010159,2,2,"Inherited",1.79769313486232e+308,1.79769313486232e+308,1.79769313486232e+308,1.79769313486232e+308,1.79769313486232e+308,1.79769313486232e+308,1.79769313486232e+308,1.79769313486232e+308,1.79769313486232e+308,1.79769313486232e+308,2000,1.79769313486232e+308
66,"8/17/99",1,3010159,1,1,"Purchased",400,1.79769313486232e+308,1.79769313486232e+308,1.79769313486232e+308,4000,1.79769313486232e+308,1000,1.79769313486232e+308,4000,1.79769313486232e+308,1.79769313486232e+308,1.79769313486232e+308
68,"8/17/99",1,3010159,2,1,"Purchased",1.79769313486232e+308,1.79769313486232e+308,1.79769313486232e+308,1.79769313486232e+308,1.79769313486232e+308,1.79769313486232e+308,1.79769313486232e+308,1.79769313486232e+308,1.79769313486232e+308,1.79769313486232e+308,8000,1.79769313486232e+308
9,"8/17/99",1,3010219,2,3,"Obtained as gift",1.79769313486232e+308,1.79769313486232e+308,1.79769313486232e+308,1.79769313486232e+308,1.79769313486232e+308,1.79769313486232e+308,1.79769313486232e+308,1.79769313486232e+308,1.79769313486232e+308,1.79769313486232e+308,500,1.79769313486232e+308
8,"8/17/99",1,3010219,2,1,"Purchased",1.79769313486232e+308,1.79769313486232e+308,1.79769313486232e+308,1.79769313486232e+308,1.79769313486232e+308,1.79769313486232e+308,1.79769313486232e+308,1.79769313486232e+308,1.79769313486232e+308,1.79769313486232e+308,500,2000
7,"8/17/99",1,3010219,1,3,"Obtained as gift",1.79769313486232e+308,1.79769313486232e+308,1.79769313486232e+308,1.79769313486232e+308,1.79769313486232e+308,1.79769313486232e+308,200,200,1.79769313486232e+308,1.79769313486232e+308,1.79769313486232e+308,1.79769313486232e+308
6,"8/17/99",1,3010219,1,2,"Inherited",100,100,1.79769313486232e+308,1.79769313486232e+308,200,200,200,200,1.79769313486232e+308,1.79769313486232e+308,1.79769313486232e+308,1.79769313486232e+308
5,"8/17/99",1,3010219,1,1,"Purchased",200,300,1.79769313486232e+308,1.79769313486232e+308,800,1800,800,1100,1.79769313486232e+308,1.79769313486232e+308,1.79769313486232e+308,1.79769313486232e+308
49,"8/17/99",1,3010249,1,2,"Inherited",50,1.79769313486232e+308,1.79769313486232e+308,1.79769313486232e+308,1.79769313486232e+308,1.79769313486232e+308,100,1.79769313486232e+308,1.79769313486232e+308,1.79769313486232e+308,1.79769313486232e+308,1.79769313486232e+308
50,"8/17/99",1,3010249,2,1,"Purchased",1.79769313486232e+308,1.79769313486232e+308,1.79769313486232e+308,1.79769313486232e+308,1.79769313486232e+308,1.79769313486232e+308,1.79769313486232e+308,1.79769313486232e+308,1.79769313486232e+308,1.79769313486232e+308,200,1.79769313486232e+308
48,"8/17/99",1,3010249,1,1,"Purchased",100,1.79769313486232e+308,1.79769313486232e+308,1.79769313486232e+308,500,1.79769313486232e+308,150,1.79769313486232e+308,1.79769313486232e+308,1.79769313486232e+308,1.79769313486232e+308,1.79769313486232e+308
51,"8/17/99",1,3010249,2,2,"Inherited",1.79769313486232e+308,1.79769313486232e+308,1.79769313486232e+308,1.79769313486232e+308,1.79769313486232e+308,1.79769313486232e+308,1.79769313486232e+308,1.79769313486232e+308,1.79769313486232e+308,1.79769313486232e+308,100,1.79769313486232e+308
72,"8/17/99",1,3010259,1,3,"Obtained as gift",1.79769313486232e+308,1.79769313486232e+308,1.79769313486232e+308,1.79769313486232e+308,1.79769313486232e+308,1.79769313486232e+308,1.79769313486232e+308,1.79769313486232e+308,7000,1.79769313486232e+308,1.79769313486232e+308,1.79769313486232e+308
73,"8/17/99",1,3010259,4,1,"Purchased",1.79769313486232e+308,1.79769313486232e+308,1.79769313486232e+308,1.79769313486232e+308,1.79769313486232e+308,1.79769313486232e+308,1.79769313486232e+308,1.79769313486232e+308,1.79769313486232e+308,1.79769313486232e+308,10000,1.79769313486232e+308
74,"8/17/99",1,3010259,4,2,"Inherited",1.79769313486232e+308,1.79769313486232e+308,1.79769313486232e+308,1.79769313486232e+308,1.79769313486232e+308,1.79769313486232e+308,1.79769313486232e+308,1.79769313486232e+308,1.79769313486232e+308,1.79769313486232e+308,5000,1.79769313486232e+308
70,"8/17/99",1,3010259,1,1,"Purchased",200,1.79769313486232e+308,1.79769313486232e+308,1.79769313486232e+308,110000,1.79769313486232e+308,1000,1.79769313486232e+308,30000,1.79769313486232e+308,1.79769313486232e+308,1.79769313486232e+308
75,"8/17/99",1,3010259,4,3,"Obtained as gift",1.79769313486232e+308,1.79769313486232e+308,1.79769313486232e+308,1.79769313486232e+308,1.79769313486232e+308,1.79769313486232e+308,1.79769313486232e+308,1.79769313486232e+308,1.79769313486232e+308,1.79769313486232e+308,5000,1.79769313486232e+308
71,"8/17/99",1,3010259,1,2,"Inherited",500,1.79769313486232e+308,1.79769313486232e+308,1.79769313486232e+308,15000,1.79769313486232e+308,2000,1.79769313486232e+308,5000,1.79769313486232e+308,1.79769313486232e+308,1.79769313486232e+308
12,"8/17/99",1,3010319,2,1,"Purchased",1.79769313486232e+308,1.79769313486232e+308,1.79769313486232e+308,1.79769313486232e+308,1.79769313486232e+308,1.79769313486232e+308,1.79769313486232e+308,1.79769313486232e+308,1.79769313486232e+308,1.79769313486232e+308,500,2000
10,"8/17/99",1,3010319,1,1,"Purchased",1.79769313486232e+308,1.79769313486232e+308,1.79769313486232e+308,1.79769313486232e+308,3000,4000,700,1000,1.79769313486232e+308,150,500,2000
11,"8/17/99",1,3010319,1,2,"Inherited",200,300,1.79769313486232e+308,1.79769313486232e+308,1.79769313486232e+308,1.79769313486232e+308,1.79769313486232e+308,1.79769313486232e+308,1.79769313486232e+308,1.79769313486232e+308,1.79769313486232e+308,1.79769313486232e+308
53,"8/17/99",1,3010349,1,2,"Inherited",500,1.79769313486232e+308,1.79769313486232e+308,1.79769313486232e+308,300,1.79769313486232e+308,300,1.79769313486232e+308,1.79769313486232e+308,1.79769313486232e+308,1.79769313486232e+308,1.79769313486232e+308
54,"8/17/99",1,3010349,2,1,"Purchased",1.79769313486232e+308,1.79769313486232e+308,1.79769313486232e+308,1.79769313486232e+308,1.79769313486232e+308,1.79769313486232e+308,1.79769313486232e+308,1.79769313486232e+308,1.79769313486232e+308,1.79769313486232e+308,1000,1.79769313486232e+308
52,"8/17/99",1,3010349,1,1,"Purchased",500,1.79769313486232e+308,1.79769313486232e+308,1.79769313486232e+308,12000,1.79769313486232e+308,1.79769313486232e+308,1.79769313486232e+308,1200,1.79769313486232e+308,1.79769313486232e+308,1.79769313486232e+308
55,"8/17/99",1,3010349,2,2,"Inherited",1.79769313486232e+308,1.79769313486232e+308,1.79769313486232e+308,1.79769313486232e+308,1.79769313486232e+308,1.79769313486232e+308,1.79769313486232e+308,1.79769313486232e+308,1.79769313486232e+308,1.79769313486232e+308,2000,1.79769313486232e+308
77,"8/17/99",1,3010359,2,1,"Purchased",1.79769313486232e+308,1.79769313486232e+308,1.79769313486232e+308,1.79769313486232e+308,1.79769313486232e+308,1.79769313486232e+308,1.79769313486232e+308,1.79769313486232e+308,1.79769313486232e+308,1.79769313486232e+308,17000,1.79769313486232e+308
76,"8/17/99",1,3010359,1,1,"Purchased",200,1.79769313486232e+308,1.79769313486232e+308,1.79769313486232e+308,20000,1.79769313486232e+308,2000,1.79769313486232e+308,20000,1.79769313486232e+308,1.79769313486232e+308,1.79769313486232e+308
14,"8/17/99",1,3010419,1,2,"Inherited",300,300,1.79769313486232e+308,1.79769313486232e+308,2000,2000,500,500,1.79769313486232e+308,1.79769313486232e+308,1.79769313486232e+308,1.79769313486232e+308
16,"8/17/99",1,3010419,2,2,"Inherited",1.79769313486232e+308,1.79769313486232e+308,1.79769313486232e+308,1.79769313486232e+308,1.79769313486232e+308,1.79769313486232e+308,1.79769313486232e+308,1.79769313486232e+308,1.79769313486232e+308,1.79769313486232e+308,200,200
13,"8/17/99",1,3010419,1,1,"Purchased",500,500,1.79769313486232e+308,1.79769313486232e+308,8000,10000,1000,1000,1.79769313486232e+308,1.79769313486232e+308,1.79769313486232e+308,1.79769313486232e+308
15,"8/17/99",1,3010419,2,1,"Purchased",1.79769313486232e+308,1.79769313486232e+308,1.79769313486232e+308,1.79769313486232e+308,1.79769313486232e+308,1.79769313486232e+308,1.79769313486232e+308,1.79769313486232e+308,1.79769313486232e+308,1.79769313486232e+308,300,800
56,"8/17/99",1,3010449,1,1,"Purchased",1.79769313486232e+308,1.79769313486232e+308,1.79769313486232e+308,1.79769313486232e+308,500,1.79769313486232e+308,200,1.79769313486232e+308,1.79769313486232e+308,1.79769313486232e+308,500,1.79769313486232e+308
57,"8/17/99",1,3010449,1,2,"Inherited",200,1.79769313486232e+308,1.79769313486232e+308,1.79769313486232e+308,2000,1.79769313486232e+308,800,1.79769313486232e+308,1.79769313486232e+308,1.79769313486232e+308,500,1.79769313486232e+308
79,"8/17/99",1,3010459,2,1,"Purchased",1.79769313486232e+308,1.79769313486232e+308,1.79769313486232e+308,1.79769313486232e+308,1.79769313486232e+308,1.79769313486232e+308,1.79769313486232e+308,1.79769313486232e+308,1.79769313486232e+308,1.79769313486232e+308,1000,1.79769313486232e+308
78,"8/17/99",1,3010459,1,1,"Purchased",1.79769313486232e+308,1.79769313486232e+308,1.79769313486232e+308,1.79769313486232e+308,1.79769313486232e+308,1.79769313486232e+308,1.79769313486232e+308,1.79769313486232e+308,6000,1.79769313486232e+308,1.79769313486232e+308,1.79769313486232e+308
17,"8/17/99",1,3010519,1,1,"Purchased",100,200,1.79769313486232e+308,1.79769313486232e+308,8000,13000,1500,3000,1.79769313486232e+308,6000,1.79769313486232e+308,1.79769313486232e+308
22,"8/17/99",1,3010519,2,3,"Obtained as gift",1.79769313486232e+308,1.79769313486232e+308,1.79769313486232e+308,1.79769313486232e+308,1.79769313486232e+308,1.79769313486232e+308,1.79769313486232e+308,1.79769313486232e+308,1.79769313486232e+308,1.79769313486232e+308,1000,2000
18,"8/17/99",1,3010519,1,2,"Inherited",200,200,1.79769313486232e+308,1.79769313486232e+308,2000,2000,200,200,1.79769313486232e+308,1.79769313486232e+308,1.79769313486232e+308,1.79769313486232e+308
21,"8/17/99",1,3010519,2,2,"Inherited",1.79769313486232e+308,1.79769313486232e+308,1.79769313486232e+308,1.79769313486232e+308,1.79769313486232e+308,1.79769313486232e+308,1.79769313486232e+308,1.79769313486232e+308,1.79769313486232e+308,1.79769313486232e+308,500,500
20,"8/17/99",1,3010519,2,1,"Purchased",1.79769313486232e+308,1.79769313486232e+308,1.79769313486232e+308,1.79769313486232e+308,1.79769313486232e+308,1.79769313486232e+308,1.79769313486232e+308,1.79769313486232e+308,1.79769313486232e+308,1.79769313486232e+308,500,3500
19,"8/17/99",1,3010519,1,3,"Obtained as gift",1.79769313486232e+308,1.79769313486232e+308,1.79769313486232e+308,1.79769313486232e+308,1.79769313486232e+308,1.79769313486232e+308,300,300,1.79769313486232e+308,1.79769313486232e+308,1.79769313486232e+308,1.79769313486232e+308
59,"8/17/99",1,3010549,1,3,"Obtained as gift",1.79769313486232e+308,1.79769313486232e+308,1.79769313486232e+308,1.79769313486232e+308,1000,1.79769313486232e+308,100,1.79769313486232e+308,1.79769313486232e+308,1.79769313486232e+308,1.79769313486232e+308,1.79769313486232e+308
60,"8/17/99",1,3010549,2,1,"Purchased",1.79769313486232e+308,1.79769313486232e+308,1.79769313486232e+308,1.79769313486232e+308,1.79769313486232e+308,1.79769313486232e+308,1.79769313486232e+308,1.79769313486232e+308,1.79769313486232e+308,1.79769313486232e+308,200,1.79769313486232e+308
61,"8/17/99",1,3010549,2,3,"Obtained as gift",1.79769313486232e+308,1.79769313486232e+308,1.79769313486232e+308,1.79769313486232e+308,1.79769313486232e+308,1.79769313486232e+308,1.79769313486232e+308,1.79769313486232e+308,1.79769313486232e+308,1.79769313486232e+308,200,1.79769313486232e+308
58,"8/17/99",1,3010549,1,1,"Purchased",200,1.79769313486232e+308,1.79769313486232e+308,1.79769313486232e+308,1000,1.79769313486232e+308,200,1.79769313486232e+308,1.79769313486232e+308,1.79769313486232e+308,1.79769313486232e+308,1.79769313486232e+308
23,"8/17/99",1,3010619,1,1,"Purchased",200,200,1.79769313486232e+308,1.79769313486232e+308,4000,6000,1000,1500,1.79769313486232e+308,1.79769313486232e+308,1.79769313486232e+308,1.79769313486232e+308
24,"8/17/99",1,3010619,2,1,"Purchased",1.79769313486232e+308,1.79769313486232e+308,1.79769313486232e+308,1.79769313486232e+308,1.79769313486232e+308,1.79769313486232e+308,1.79769313486232e+308,1.79769313486232e+308,1.79769313486232e+308,1.79769313486232e+308,200,1000
62,"8/17/99",1,3010649,2,1,"Purchased",200,200,1.79769313486232e+308,1.79769313486232e+308,6000,1000,400,1800,4000,8000,1.79769313486232e+308,1.79769313486232e+308
63,"8/17/99",1,3010649,2,2,"Inherited",800,800,1.79769313486232e+308,1.79769313486232e+308,2000,2000,200,200,1.79769313486232e+308,1.79769313486232e+308,1.79769313486232e+308,1.79769313486232e+308
64,"8/17/99",1,3010649,1,1,"Purchased",1.79769313486232e+308,1.79769313486232e+308,1.79769313486232e+308,1.79769313486232e+308,1.79769313486232e+308,1.79769313486232e+308,1.79769313486232e+308,1.79769313486232e+308,1.79769313486232e+308,1.79769313486232e+308,4000,12000
65,"8/17/99",1,3010649,1,2,"Inherited",1.79769313486232e+308,1.79769313486232e+308,1.79769313486232e+308,1.79769313486232e+308,1.79769313486232e+308,1.79769313486232e+308,1.79769313486232e+308,1.79769313486232e+308,1.79769313486232e+308,1.79769313486232e+308,2000,2000
26,"8/17/99",1,3010719,1,2,"Inherited",200,200,1.79769313486232e+308,1.79769313486232e+308,1.79769313486232e+308,1.79769313486232e+308,2000,2000,1.79769313486232e+308,1.79769313486232e+308,1.79769313486232e+308,1.79769313486232e+308
29,"8/17/99",1,3010719,4,1,"Purchased",1.79769313486232e+308,1.79769313486232e+308,1.79769313486232e+308,1.79769313486232e+308,1.79769313486232e+308,1.79769313486232e+308,1.79769313486232e+308,1.79769313486232e+308,1.79769313486232e+308,1.79769313486232e+308,500,1000
25,"8/17/99",1,3010719,1,1,"Purchased",300,400,1.79769313486232e+308,1.79769313486232e+308,30000,40000,4000,5000,8000,10000,1.79769313486232e+308,1.79769313486232e+308
27,"8/17/99",1,3010719,2,1,"Purchased",1.79769313486232e+308,1.79769313486232e+308,1.79769313486232e+308,1.79769313486232e+308,1.79769313486232e+308,1.79769313486232e+308,1.79769313486232e+308,1.79769313486232e+308,1.79769313486232e+308,1.79769313486232e+308,2000,4000
28,"8/17/99",1,3010719,2,2,"Inherited",1.79769313486232e+308,1.79769313486232e+308,1.79769313486232e+308,1.79769313486232e+308,1.79769313486232e+308,1.79769313486232e+308,1.79769313486232e+308,1.79769313486232e+308,1.79769313486232e+308,1.79769313486232e+308,300,300
30,"8/17/99",1,3010719,4,2,"Inherited",1.79769313486232e+308,1.79769313486232e+308,1.79769313486232e+308,1.79769313486232e+308,1.79769313486232e+308,1.79769313486232e+308,1.79769313486232e+308,1.79769313486232e+308,1.79769313486232e+308,1.79769313486232e+308,4000,4000
32,"8/17/99",1,3010839,1,2,"Inherited",100,1.79769313486232e+308,1.79769313486232e+308,1.79769313486232e+308,500,1.79769313486232e+308,100,1.79769313486232e+308,1.79769313486232e+308,1.79769313486232e+308,1.79769313486232e+308,1.79769313486232e+308
31,"8/17/99",1,3010839,1,1,"Purchased",1.79769313486232e+308,1.79769313486232e+308,1.79769313486232e+308,1.79769313486232e+308,1000,2000,100,300,1.79769313486232e+308,1.79769313486232e+308,1.79769313486232e+308,5000
34,"8/17/99",1,3010919,2,1,"Purchased",1.79769313486232e+308,1.79769313486232e+308,1.79769313486232e+308,1.79769313486232e+308,1.79769313486232e+308,1.79769313486232e+308,1.79769313486232e+308,1.79769313486232e+308,1.79769313486232e+308,1.79769313486232e+308,200,600
33,"8/17/99",1,3010919,1,1,"Purchased",60,60,1.79769313486232e+308,1.79769313486232e+308,700,800,150,250,1.79769313486232e+308,1.79769313486232e+308,1.79769313486232e+308,1.79769313486232e+308
35,"8/17/99",1,3011019,1,1,"Purchased",200,200,1.79769313486232e+308,1.79769313486232e+308,1000,1200,100,200,1.79769313486232e+308,1.79769313486232e+308,1.79769313486232e+308,1.79769313486232e+308
37,"8/17/99",1,3011019,2,1,"Purchased",1.79769313486232e+308,1.79769313486232e+308,1.79769313486232e+308,1.79769313486232e+308,1.79769313486232e+308,1.79769313486232e+308,1.79769313486232e+308,1.79769313486232e+308,1.79769313486232e+308,1.79769313486232e+308,1.79769313486232e+308,600
38,"8/17/99",1,3011019,2,3,"Obtained as gift",1.79769313486232e+308,1.79769313486232e+308,1.79769313486232e+308,1.79769313486232e+308,1.79769313486232e+308,1.79769313486232e+308,1.79769313486232e+308,1.79769313486232e+308,1.79769313486232e+308,1.79769313486232e+308,2000,2000
36,"8/17/99",1,3011019,1,2,"Inherited",1.79769313486232e+308,1.79769313486232e+308,1.79769313486232e+308,1.79769313486232e+308,1.79769313486232e+308,1.79769313486232e+308,100,200,1.79769313486232e+308,1.79769313486232e+308,1.79769313486232e+308,1.79769313486232e+308
39,"8/17/99",1,3011119,1,1,"Purchased",250,1.79769313486232e+308,1.79769313486232e+308,1.79769313486232e+308,5000,1.79769313486232e+308,800,1.79769313486232e+308,1.79769313486232e+308,1.79769313486232e+308,1.79769313486232e+308,1.79769313486232e+308
42,"8/17/99",1,3011119,2,2,"Inherited",1.79769313486232e+308,1.79769313486232e+308,1.79769313486232e+308,1.79769313486232e+308,1.79769313486232e+308,1.79769313486232e+308,1.79769313486232e+308,1.79769313486232e+308,1.79769313486232e+308,1.79769313486232e+308,300,1.79769313486232e+308
41,"8/17/99",1,3011119,2,1,"Purchased",1.79769313486232e+308,1.79769313486232e+308,1.79769313486232e+308,1.79769313486232e+308,1.79769313486232e+308,1.79769313486232e+308,1.79769313486232e+308,1.79769313486232e+308,1.79769313486232e+308,1.79769313486232e+308,800,1.79769313486232e+308
40,"8/17/99",1,3011119,1,2,"Inherited",1.79769313486232e+308,1.79769313486232e+308,1.79769313486232e+308,1.79769313486232e+308,1000,1.79769313486232e+308,200,1.79769313486232e+308,1.79769313486232e+308,1.79769313486232e+308,1.79769313486232e+308,1.79769313486232e+308
81,"8/25/99",1,3020139,3,1,"Purchased",1.79769313486232e+308,1.79769313486232e+308,1.79769313486232e+308,1.79769313486232e+308,1.79769313486232e+308,1.79769313486232e+308,1.79769313486232e+308,1.79769313486232e+308,1.79769313486232e+308,1.79769313486232e+308,1.79769313486232e+308,500
82,"8/25/99",1,3020139,4,1,"Purchased",1.79769313486232e+308,1.79769313486232e+308,1.79769313486232e+308,1.79769313486232e+308,1.79769313486232e+308,1.79769313486232e+308,1.79769313486232e+308,1.79769313486232e+308,1.79769313486232e+308,1.79769313486232e+308,1.79769313486232e+308,500
80,"8/17/99",1,3020139,1,1,"Purchased",100,100,1.79769313486232e+308,1.79769313486232e+308,1.79769313486232e+308,200,100,200,1.79769313486232e+308,1.79769313486232e+308,1.79769313486232e+308,1.79769313486232e+308
117,"8/25/99",1,3020149,1,2,"Inherited",100,100,1.79769313486232e+308,1.79769313486232e+308,200,200,100,200,1.79769313486232e+308,1.79769313486232e+308,1.79769313486232e+308,1.79769313486232e+308
116,"8/25/99",1,3020149,1,1,"Purchased",1.79769313486232e+308,200,1.79769313486232e+308,1.79769313486232e+308,400,800,200,400,1.79769313486232e+308,1.79769313486232e+308,1.79769313486232e+308,1.79769313486232e+308
118,"8/25/99",1,3020149,2,1,"Purchased",1.79769313486232e+308,1.79769313486232e+308,1.79769313486232e+308,1.79769313486232e+308,1.79769313486232e+308,1.79769313486232e+308,1.79769313486232e+308,1.79769313486232e+308,1.79769313486232e+308,1.79769313486232e+308,200,300
144,"8/25/99",1,3020159,3,1,"Purchased",1.79769313486232e+308,1.79769313486232e+308,1.79769313486232e+308,1.79769313486232e+308,1.79769313486232e+308,1.79769313486232e+308,1.79769313486232e+308,1.79769313486232e+308,1.79769313486232e+308,1.79769313486232e+308,500,1.79769313486232e+308
143,"8/25/99",1,3020159,2,3,"Obtained as gift",1.79769313486232e+308,1.79769313486232e+308,1.79769313486232e+308,1.79769313486232e+308,1.79769313486232e+308,1.79769313486232e+308,1.79769313486232e+308,1.79769313486232e+308,1.79769313486232e+308,1.79769313486232e+308,1000,1.79769313486232e+308
141,"8/25/99",1,3020159,2,1,"Purchased",1.79769313486232e+308,1.79769313486232e+308,1.79769313486232e+308,1.79769313486232e+308,1.79769313486232e+308,1.79769313486232e+308,1.79769313486232e+308,1.79769313486232e+308,1.79769313486232e+308,1.79769313486232e+308,3000,1.79769313486232e+308
142,"8/25/99",1,3020159,2,2,"Inherited",1.79769313486232e+308,1.79769313486232e+308,1.79769313486232e+308,1.79769313486232e+308,1.79769313486232e+308,1.79769313486232e+308,1.79769313486232e+308,1.79769313486232e+308,1.79769313486232e+308,1.79769313486232e+308,1000,1.79769313486232e+308
139,"8/25/99",1,3020159,1,1,"Purchased",400,1.79769313486232e+308,1.79769313486232e+308,1.79769313486232e+308,6000,1.79769313486232e+308,1500,1.79769313486232e+308,1.79769313486232e+308,1.79769313486232e+308,1.79769313486232e+308,1.79769313486232e+308
140,"8/25/99",1,3020159,1,2,"Inherited",100,1.79769313486232e+308,1.79769313486232e+308,1.79769313486232e+308,2000,1.79769313486232e+308,500,1.79769313486232e+308,1.79769313486232e+308,1.79769313486232e+308,1.79769313486232e+308,1.79769313486232e+308
145,"8/25/99",1,3020159,3,3,"Obtained as gift",1.79769313486232e+308,1.79769313486232e+308,1.79769313486232e+308,1.79769313486232e+308,1.79769313486232e+308,1.79769313486232e+308,1.79769313486232e+308,1.79769313486232e+308,1.79769313486232e+308,1.79769313486232e+308,500,1.79769313486232e+308
84,"8/25/99",1,3020239,1,2,"Inherited",50,50,1.79769313486232e+308,1.79769313486232e+308,1.79769313486232e+308,500,1.79769313486232e+308,1.79769313486232e+308,1.79769313486232e+308,1.79769313486232e+308,1.79769313486232e+308,1.79769313486232e+308
85,"8/25/99",1,3020239,2,1,"Purchased",1.79769313486232e+308,1.79769313486232e+308,1.79769313486232e+308,1.79769313486232e+308,1.79769313486232e+308,1.79769313486232e+308,1.79769313486232e+308,1.79769313486232e+308,1.79769313486232e+308,1.79769313486232e+308,1.79769313486232e+308,1500
83,"8/25/99",1,3020239,1,1,"Purchased",1.79769313486232e+308,150,1.79769313486232e+308,1.79769313486232e+308,1000,4000,500,1500,1.79769313486232e+308,1.79769313486232e+308,1.79769313486232e+308,1.79769313486232e+308
86,"8/25/99",1,3020239,2,2,"Inherited",1.79769313486232e+308,1.79769313486232e+308,1.79769313486232e+308,1.79769313486232e+308,1.79769313486232e+308,1.79769313486232e+308,1.79769313486232e+308,1.79769313486232e+308,1.79769313486232e+308,1.79769313486232e+308,500,1.79769313486232e+308
87,"8/25/99",1,3020239,2,3,"Obtained as gift",1.79769313486232e+308,1.79769313486232e+308,1.79769313486232e+308,1.79769313486232e+308,1.79769313486232e+308,1.79769313486232e+308,1.79769313486232e+308,1.79769313486232e+308,1.79769313486232e+308,1.79769313486232e+308,1.79769313486232e+308,1000
120,"8/25/99",1,3020249,1,2,"Inherited",50,50,1.79769313486232e+308,1.79769313486232e+308,50,50,100,100,1.79769313486232e+308,1.79769313486232e+308,1.79769313486232e+308,1.79769313486232e+308
121,"8/25/99",1,3020249,3,1,"Purchased",1.79769313486232e+308,1.79769313486232e+308,1.79769313486232e+308,1.79769313486232e+308,1.79769313486232e+308,1.79769313486232e+308,1.79769313486232e+308,1.79769313486232e+308,1.79769313486232e+308,1.79769313486232e+308,1.79769313486232e+308,300
119,"8/25/99",1,3020249,1,1,"Purchased",50,50,1.79769313486232e+308,1.79769313486232e+308,50,250,300,900,1.79769313486232e+308,1.79769313486232e+308,1.79769313486232e+308,1.79769313486232e+308
150,"8/25/99",1,3020259,1,2,"Inherited",1.79769313486232e+308,1.79769313486232e+308,1.79769313486232e+308,1.79769313486232e+308,1.79769313486232e+308,1.79769313486232e+308,1.79769313486232e+308,1.79769313486232e+308,1.79769313486232e+308,1.79769313486232e+308,1000,1.79769313486232e+308
146,"8/25/99",1,3020259,1,1,"Purchased",300,1.79769313486232e+308,1.79769313486232e+308,1.79769313486232e+308,20000,1.79769313486232e+308,1000,1.79769313486232e+308,5000,1.79769313486232e+308,1.79769313486232e+308,1.79769313486232e+308
147,"8/25/99",1,3020259,1,2,"Inherited",200,1.79769313486232e+308,1.79769313486232e+308,1.79769313486232e+308,1.79769313486232e+308,1.79769313486232e+308,1000,1.79769313486232e+308,1.79769313486232e+308,1.79769313486232e+308,1.79769313486232e+308,1.79769313486232e+308
148,"8/25/99",1,3020259,1,3,"Obtained as gift",1.79769313486232e+308,1.79769313486232e+308,1.79769313486232e+308,1.79769313486232e+308,1.79769313486232e+308,1.79769313486232e+308,1000,1.79769313486232e+308,1500,1.79769313486232e+308,1.79769313486232e+308,1.79769313486232e+308
149,"8/25/99",1,3020259,1,1,"Purchased",1.79769313486232e+308,1.79769313486232e+308,1.79769313486232e+308,1.79769313486232e+308,1.79769313486232e+308,1.79769313486232e+308,1.79769313486232e+308,1.79769313486232e+308,1.79769313486232e+308,1.79769313486232e+308,2000,1.79769313486232e+308
91,"8/25/99",1,3020339,2,3,"Obtained as gift",1.79769313486232e+308,1.79769313486232e+308,1.79769313486232e+308,1.79769313486232e+308,1.79769313486232e+308,1.79769313486232e+308,1.79769313486232e+308,1.79769313486232e+308,1.79769313486232e+308,1.79769313486232e+308,1.79769313486232e+308,500
90,"8/25/99",1,3020339,2,2,"Inherited",1.79769313486232e+308,1.79769313486232e+308,1.79769313486232e+308,1.79769313486232e+308,1.79769313486232e+308,1.79769313486232e+308,1.79769313486232e+308,1.79769313486232e+308,1.79769313486232e+308,1.79769313486232e+308,1.79769313486232e+308,500
89,"8/25/99",1,3020339,2,1,"Purchased",1.79769313486232e+308,1.79769313486232e+308,1.79769313486232e+308,1.79769313486232e+308,1.79769313486232e+308,1.79769313486232e+308,1.79769313486232e+308,1.79769313486232e+308,1.79769313486232e+308,1.79769313486232e+308,600,2000
88,"8/25/99",1,3020339,1,1,"Purchased",100,200,1.79769313486232e+308,1.79769313486232e+308,500,2000,200,600,1.79769313486232e+308,1.79769313486232e+308,1.79769313486232e+308,1.79769313486232e+308
122,"8/25/99",1,3020349,1,1,"Purchased",200,200,1.79769313486232e+308,1.79769313486232e+308,300,300,200,200,1.79769313486232e+308,1.79769313486232e+308,1.79769313486232e+308,1.79769313486232e+308
123,"8/25/99",1,3020349,1,3,"Obtained as gift",1.79769313486232e+308,1.79769313486232e+308,1.79769313486232e+308,1.79769313486232e+308,1.79769313486232e+308,1.79769313486232e+308,100,100,1.79769313486232e+308,1.79769313486232e+308,1.79769313486232e+308,1.79769313486232e+308
124,"8/25/99",1,3020349,2,1,"Purchased",1.79769313486232e+308,1.79769313486232e+308,1.79769313486232e+308,1.79769313486232e+308,1.79769313486232e+308,1.79769313486232e+308,1.79769313486232e+308,1.79769313486232e+308,1.79769313486232e+308,1.79769313486232e+308,300,300
153,"8/25/99",1,3020359,1,5,"Obtained from other sources",1.79769313486232e+308,1.79769313486232e+308,1.79769313486232e+308,1.79769313486232e+308,1.79769313486232e+308,1.79769313486232e+308,1.79769313486232e+308,1.79769313486232e+308,1.79769313486232e+308,1.79769313486232e+308,1.79769313486232e+308,5000
156,"8/25/99",1,3020359,6,3,"Obtained as gift",1.79769313486232e+308,1.79769313486232e+308,1.79769313486232e+308,1.79769313486232e+308,1.79769313486232e+308,1.79769313486232e+308,1.79769313486232e+308,1.79769313486232e+308,1.79769313486232e+308,1.79769313486232e+308,1.79769313486232e+308,500
155,"8/25/99",1,3020359,6,1,"Purchased",1.79769313486232e+308,1.79769313486232e+308,1.79769313486232e+308,1.79769313486232e+308,1.79769313486232e+308,1.79769313486232e+308,1.79769313486232e+308,1.79769313486232e+308,1.79769313486232e+308,1.79769313486232e+308,1.79769313486232e+308,500
152,"8/25/99",1,3020359,1,2,"Inherited",1.79769313486232e+308,500,1.79769313486232e+308,1.79769313486232e+308,1.79769313486232e+308,10000,1.79769313486232e+308,2000,1.79769313486232e+308,1.79769313486232e+308,1.79769313486232e+308,1.79769313486232e+308
158,"8/25/99",1,3020359,8,1,"Purchased",1.79769313486232e+308,1.79769313486232e+308,1.79769313486232e+308,1.79769313486232e+308,1.79769313486232e+308,1.79769313486232e+308,1.79769313486232e+308,1.79769313486232e+308,1.79769313486232e+308,1.79769313486232e+308,1.79769313486232e+308,500
154,"8/25/99",1,3020359,3,3,"Obtained as gift",1.79769313486232e+308,1.79769313486232e+308,1.79769313486232e+308,1.79769313486232e+308,1.79769313486232e+308,1.79769313486232e+308,1.79769313486232e+308,1.79769313486232e+308,1.79769313486232e+308,1.79769313486232e+308,1.79769313486232e+308,3000
151,"8/25/99",1,3020359,1,1,"Purchased",1.79769313486232e+308,500,1.79769313486232e+308,1.79769313486232e+308,1.79769313486232e+308,10000,1.79769313486232e+308,3000,1.79769313486232e+308,6000,1.79769313486232e+308,1.79769313486232e+308
159,"8/25/99",1,3020359,9,3,"Obtained as gift",1.79769313486232e+308,1.79769313486232e+308,1.79769313486232e+308,1.79769313486232e+308,1.79769313486232e+308,1.79769313486232e+308,1.79769313486232e+308,1.79769313486232e+308,1.79769313486232e+308,1.79769313486232e+308,1.79769313486232e+308,1000
157,"8/25/99",1,3020359,7,1,"Purchased",1.79769313486232e+308,1.79769313486232e+308,1.79769313486232e+308,1.79769313486232e+308,1.79769313486232e+308,1.79769313486232e+308,1.79769313486232e+308,1.79769313486232e+308,1.79769313486232e+308,1.79769313486232e+308,1.79769313486232e+308,500
92,"8/25/99",1,3020439,1,1,"Purchased",50,100,1.79769313486232e+308,1.79769313486232e+308,200,500,200,400,1.79769313486232e+308,400,1.79769313486232e+308,1.79769313486232e+308
93,"8/25/99",1,3020439,1,2,"Inherited",1.79769313486232e+308,1.79769313486232e+308,1.79769313486232e+308,1.79769313486232e+308,500,500,1.79769313486232e+308,1.79769313486232e+308,1.79769313486232e+308,1.79769313486232e+308,1.79769313486232e+308,1.79769313486232e+308
94,"8/25/99",1,3020439,2,1,"Purchased",1.79769313486232e+308,1.79769313486232e+308,1.79769313486232e+308,1.79769313486232e+308,1.79769313486232e+308,1.79769313486232e+308,1.79769313486232e+308,1.79769313486232e+308,1.79769313486232e+308,1.79769313486232e+308,1.79769313486232e+308,600
126,"8/25/99",1,3020449,1,2,"Inherited",1.79769313486232e+308,1.79769313486232e+308,1.79769313486232e+308,1.79769313486232e+308,1.79769313486232e+308,1.79769313486232e+308,100,1.79769313486232e+308,1.79769313486232e+308,1.79769313486232e+308,1.79769313486232e+308,1.79769313486232e+308
127,"8/25/99",1,3020449,1,3,"Obtained as gift",1.79769313486232e+308,1.79769313486232e+308,1.79769313486232e+308,1.79769313486232e+308,1.79769313486232e+308,1.79769313486232e+308,200,1.79769313486232e+308,1.79769313486232e+308,1.79769313486232e+308,1.79769313486232e+308,1.79769313486232e+308
125,"8/25/99",1,3020449,1,1,"Purchased",100,1.79769313486232e+308,1.79769313486232e+308,1.79769313486232e+308,3000,1.79769313486232e+308,500,1.79769313486232e+308,2000,1.79769313486232e+308,1.79769313486232e+308,1.79769313486232e+308
128,"8/25/99",1,3020449,2,1,"Purchased",1.79769313486232e+308,1.79769313486232e+308,1.79769313486232e+308,1.79769313486232e+308,1.79769313486232e+308,1.79769313486232e+308,1.79769313486232e+308,1.79769313486232e+308,1.79769313486232e+308,1.79769313486232e+308,2000,1.79769313486232e+308
129,"8/25/99",1,3020449,2,3,"Obtained as gift",1.79769313486232e+308,1.79769313486232e+308,1.79769313486232e+308,1.79769313486232e+308,1.79769313486232e+308,1.79769313486232e+308,1.79769313486232e+308,1.79769313486232e+308,1.79769313486232e+308,1.79769313486232e+308,2000,1.79769313486232e+308
164,"8/25/99",1,3020459,2,5,"Obtained from other sources",1.79769313486232e+308,1.79769313486232e+308,1.79769313486232e+308,1.79769313486232e+308,1.79769313486232e+308,1.79769313486232e+308,1.79769313486232e+308,1.79769313486232e+308,1.79769313486232e+308,1.79769313486232e+308,1.79769313486232e+308,3000
165,"8/25/99",1,3020459,4,3,"Obtained as gift",1.79769313486232e+308,1.79769313486232e+308,1.79769313486232e+308,1.79769313486232e+308,1.79769313486232e+308,1.79769313486232e+308,1.79769313486232e+308,1.79769313486232e+308,1.79769313486232e+308,1.79769313486232e+308,1.79769313486232e+308,2000
161,"8/25/99",1,3020459,1,2,"Inherited",1.79769313486232e+308,200,1.79769313486232e+308,1.79769313486232e+308,1.79769313486232e+308,4000,1.79769313486232e+308,300,1.79769313486232e+308,1.79769313486232e+308,1.79769313486232e+308,1.79769313486232e+308
160,"8/25/99",1,3020459,1,1,"Purchased",1.79769313486232e+308,400,1.79769313486232e+308,1.79769313486232e+308,1.79769313486232e+308,22000,1.79769313486232e+308,900,1.79769313486232e+308,2000,1.79769313486232e+308,1.79769313486232e+308
163,"8/25/99",1,3020459,2,1,"Purchased",1.79769313486232e+308,1.79769313486232e+308,1.79769313486232e+308,1.79769313486232e+308,1.79769313486232e+308,1.79769313486232e+308,1.79769313486232e+308,1.79769313486232e+308,1.79769313486232e+308,1.79769313486232e+308,1.79769313486232e+308,1000
162,"8/25/99",1,3020459,1,3,"Obtained as gift",1.79769313486232e+308,200,1.79769313486232e+308,1.79769313486232e+308,1.79769313486232e+308,1.79769313486232e+308,1.79769313486232e+308,1.79769313486232e+308,1.79769313486232e+308,1.79769313486232e+308,1.79769313486232e+308,1.79769313486232e+308
166,"8/25/99",1,3020459,6,1,"Purchased",1.79769313486232e+308,1.79769313486232e+308,1.79769313486232e+308,1.79769313486232e+308,1.79769313486232e+308,1.79769313486232e+308,1.79769313486232e+308,1.79769313486232e+308,1.79769313486232e+308,1.79769313486232e+308,1.79769313486232e+308,500
168,"8/25/99",1,3020459,8,3,"Obtained as gift",1.79769313486232e+308,1.79769313486232e+308,1.79769313486232e+308,1.79769313486232e+308,1.79769313486232e+308,1.79769313486232e+308,1.79769313486232e+308,1.79769313486232e+308,1.79769313486232e+308,1.79769313486232e+308,1.79769313486232e+308,500
167,"8/25/99",1,3020459,7,1,"Purchased",1.79769313486232e+308,1.79769313486232e+308,1.79769313486232e+308,1.79769313486232e+308,1.79769313486232e+308,1.79769313486232e+308,1.79769313486232e+308,1.79769313486232e+308,1.79769313486232e+308,1.79769313486232e+308,1.79769313486232e+308,500
96,"8/25/99",1,3020539,1,2,"Inherited",50,50,1.79769313486232e+308,1.79769313486232e+308,200,200,300,300,1.79769313486232e+308,1.79769313486232e+308,1.79769313486232e+308,1.79769313486232e+308
97,"8/25/99",1,3020539,3,1,"Purchased",1.79769313486232e+308,1.79769313486232e+308,1.79769313486232e+308,1.79769313486232e+308,1.79769313486232e+308,1.79769313486232e+308,1.79769313486232e+308,1.79769313486232e+308,1.79769313486232e+308,1.79769313486232e+308,1.79769313486232e+308,500
98,"8/25/99",1,3020539,3,3,"Obtained as gift",1.79769313486232e+308,1.79769313486232e+308,1.79769313486232e+308,1.79769313486232e+308,1.79769313486232e+308,1.79769313486232e+308,1.79769313486232e+308,1.79769313486232e+308,1.79769313486232e+308,1.79769313486232e+308,1.79769313486232e+308,500
95,"8/25/99",1,3020539,1,1,"Purchased",1.79769313486232e+308,50,1.79769313486232e+308,1.79769313486232e+308,1.79769313486232e+308,2000,1.79769313486232e+308,700,1.79769313486232e+308,1.79769313486232e+308,1.79769313486232e+308,500
132,"8/25/99",1,3020549,2,1,"Purchased",1.79769313486232e+308,1.79769313486232e+308,1.79769313486232e+308,1.79769313486232e+308,1.79769313486232e+308,1.79769313486232e+308,1.79769313486232e+308,1.79769313486232e+308,1.79769313486232e+308,1.79769313486232e+308,1500,2000
130,"8/25/99",1,3020549,1,1,"Purchased",100,100,1.79769313486232e+308,1.79769313486232e+308,7000,7000,1000,1000,1.79769313486232e+308,1.79769313486232e+308,1.79769313486232e+308,1.79769313486232e+308
131,"8/25/99",1,3020549,1,2,"Inherited",100,100,1.79769313486232e+308,1.79769313486232e+308,1.79769313486232e+308,1.79769313486232e+308,1.79769313486232e+308,1.79769313486232e+308,1.79769313486232e+308,1.79769313486232e+308,1.79769313486232e+308,1.79769313486232e+308
100,"8/25/99",1,3020639,2,1,"Purchased",1.79769313486232e+308,1.79769313486232e+308,1.79769313486232e+308,1.79769313486232e+308,1.79769313486232e+308,1.79769313486232e+308,1.79769313486232e+308,1.79769313486232e+308,1.79769313486232e+308,1.79769313486232e+308,1.79769313486232e+308,1000
99,"8/25/99",1,3020639,1,1,"Purchased",100,200,1.79769313486232e+308,1.79769313486232e+308,500,1200,200,500,1.79769313486232e+308,350,1.79769313486232e+308,1.79769313486232e+308
133,"8/25/99",1,3020649,1,1,"Purchased",200,1.79769313486232e+308,1.79769313486232e+308,1.79769313486232e+308,3500,1.79769313486232e+308,800,1.79769313486232e+308,1.79769313486232e+308,1.79769313486232e+308,1.79769313486232e+308,1.79769313486232e+308
135,"8/25/99",1,3020649,2,1,"Purchased",1.79769313486232e+308,1.79769313486232e+308,1.79769313486232e+308,1.79769313486232e+308,1.79769313486232e+308,1.79769313486232e+308,1.79769313486232e+308,1.79769313486232e+308,1.79769313486232e+308,1.79769313486232e+308,500,1.79769313486232e+308
134,"8/25/99",1,3020649,1,2,"Inherited",50,1.79769313486232e+308,1.79769313486232e+308,1.79769313486232e+308,500,1.79769313486232e+308,200,1.79769313486232e+308,1.79769313486232e+308,1.79769313486232e+308,1.79769313486232e+308,1.79769313486232e+308
136,"8/25/99",1,3020649,2,3,"Obtained as gift",1.79769313486232e+308,1.79769313486232e+308,1.79769313486232e+308,1.79769313486232e+308,1.79769313486232e+308,1.79769313486232e+308,1.79769313486232e+308,1.79769313486232e+308,1.79769313486232e+308,1.79769313486232e+308,500,1.79769313486232e+308
102,"8/25/99",1,3020739,1,2,"Inherited",1.79769313486232e+308,1.79769313486232e+308,1.79769313486232e+308,1.79769313486232e+308,1.79769313486232e+308,1.79769313486232e+308,50,50,1.79769313486232e+308,1.79769313486232e+308,1.79769313486232e+308,1.79769313486232e+308
101,"8/25/99",1,3020739,1,1,"Purchased",100,250,1.79769313486232e+308,1.79769313486232e+308,2000,5000,100,200,1.79769313486232e+308,1.79769313486232e+308,1.79769313486232e+308,1.79769313486232e+308
138,"8/25/99",1,3020749,1,2,"Inherited",1.79769313486232e+308,1.79769313486232e+308,1.79769313486232e+308,1.79769313486232e+308,200,1.79769313486232e+308,150,1.79769313486232e+308,1.79769313486232e+308,1.79769313486232e+308,1.79769313486232e+308,1.79769313486232e+308
137,"8/25/99",1,3020749,1,1,"Purchased",1.79769313486232e+308,1.79769313486232e+308,1.79769313486232e+308,1.79769313486232e+308,100,1.79769313486232e+308,50,1.79769313486232e+308,1.79769313486232e+308,1.79769313486232e+308,1.79769313486232e+308,1.79769313486232e+308
104,"8/25/99",1,3020839,2,1,"Purchased",1.79769313486232e+308,1.79769313486232e+308,1.79769313486232e+308,1.79769313486232e+308,1.79769313486232e+308,1.79769313486232e+308,1.79769313486232e+308,1.79769313486232e+308,1.79769313486232e+308,1.79769313486232e+308,1.79769313486232e+308,500
103,"8/25/99",1,3020839,1,1,"Purchased",50,100,1.79769313486232e+308,1.79769313486232e+308,200,2000,200,800,1.79769313486232e+308,1.79769313486232e+308,1.79769313486232e+308,1.79769313486232e+308
106,"8/25/99",1,3020939,1,2,"Inherited",100,200,1.79769313486232e+308,1.79769313486232e+308,500,500,100,100,1.79769313486232e+308,1.79769313486232e+308,1.79769313486232e+308,1.79769313486232e+308
107,"8/25/99",1,3020939,2,1,"Purchased",1.79769313486232e+308,1.79769313486232e+308,1.79769313486232e+308,1.79769313486232e+308,1.79769313486232e+308,1.79769313486232e+308,1.79769313486232e+308,1.79769313486232e+308,1.79769313486232e+308,1.79769313486232e+308,500,700
105,"8/25/99",1,3020939,1,1,"Purchased",100,200,1.79769313486232e+308,1.79769313486232e+308,500,6500,100,500,1.79769313486232e+308,1.79769313486232e+308,1.79769313486232e+308,1.79769313486232e+308
111,"8/25/99",1,3021039,6,3,"Obtained as gift",1.79769313486232e+308,1.79769313486232e+308,1.79769313486232e+308,1.79769313486232e+308,1.79769313486232e+308,1.79769313486232e+308,1.79769313486232e+308,1.79769313486232e+308,1.79769313486232e+308,1.79769313486232e+308,1.79769313486232e+308,500
108,"8/25/99",1,3021039,1,1,"Purchased",50,150,1.79769313486232e+308,1.79769313486232e+308,2000,10000,500,2500,200,3000,1.79769313486232e+308,1.79769313486232e+308
109,"8/25/99",1,3021039,1,2,"Inherited",50,50,1.79769313486232e+308,1.79769313486232e+308,1.79769313486232e+308,1.79769313486232e+308,1.79769313486232e+308,1.79769313486232e+308,1.79769313486232e+308,1.79769313486232e+308,1.79769313486232e+308,1.79769313486232e+308
114,"8/25/99",1,3021039,8,1,"Purchased",1.79769313486232e+308,1.79769313486232e+308,1.79769313486232e+308,1.79769313486232e+308,1.79769313486232e+308,1.79769313486232e+308,1.79769313486232e+308,1.79769313486232e+308,1.79769313486232e+308,1.79769313486232e+308,1.79769313486232e+308,300
112,"8/25/99",1,3021039,7,1,"Purchased",1.79769313486232e+308,1.79769313486232e+308,1.79769313486232e+308,1.79769313486232e+308,1.79769313486232e+308,1.79769313486232e+308,1.79769313486232e+308,1.79769313486232e+308,1.79769313486232e+308,1.79769313486232e+308,1.79769313486232e+308,200
113,"8/25/99",1,3021039,7,3,"Obtained as gift",1.79769313486232e+308,1.79769313486232e+308,1.79769313486232e+308,1.79769313486232e+308,1.79769313486232e+308,1.79769313486232e+308,1.79769313486232e+308,1.79769313486232e+308,1.79769313486232e+308,1.79769313486232e+308,1.79769313486232e+308,500
110,"8/25/99",1,3021039,2,1,"Purchased",1.79769313486232e+308,1.79769313486232e+308,1.79769313486232e+308,1.79769313486232e+308,1.79769313486232e+308,1.79769313486232e+308,1.79769313486232e+308,1.79769313486232e+308,1.79769313486232e+308,1.79769313486232e+308,1.79769313486232e+308,500
115,"8/25/99",1,3021039,8,3,"Obtained as gift",1.79769313486232e+308,1.79769313486232e+308,1.79769313486232e+308,1.79769313486232e+308,1.79769313486232e+308,1.79769313486232e+308,1.79769313486232e+308,1.79769313486232e+308,1.79769313486232e+308,1.79769313486232e+308,1.79769313486232e+308,300
7,"9/22/99",1,3030139,3,3,"Obtained as gift",1.79769313486232e+308,1.79769313486232e+308,1.79769313486232e+308,1.79769313486232e+308,1.79769313486232e+308,1.79769313486232e+308,1.79769313486232e+308,1.79769313486232e+308,1.79769313486232e+308,1.79769313486232e+308,1.79769313486232e+308,1000
4,"9/22/99",1,3030139,2,1,"Purchased",1.79769313486232e+308,1.79769313486232e+308,1.79769313486232e+308,1.79769313486232e+308,1.79769313486232e+308,1.79769313486232e+308,1.79769313486232e+308,1.79769313486232e+308,1.79769313486232e+308,1.79769313486232e+308,1.79769313486232e+308,500
8,"9/22/99",1,3030139,7,3,"Obtained as gift",1.79769313486232e+308,1.79769313486232e+308,1.79769313486232e+308,1.79769313486232e+308,1.79769313486232e+308,1.79769313486232e+308,1.79769313486232e+308,1.79769313486232e+308,1.79769313486232e+308,1.79769313486232e+308,1.79769313486232e+308,500
5,"9/22/99",1,3030139,3,1,"Purchased",1.79769313486232e+308,1.79769313486232e+308,1.79769313486232e+308,1.79769313486232e+308,1.79769313486232e+308,1.79769313486232e+308,1.79769313486232e+308,1.79769313486232e+308,1.79769313486232e+308,1.79769313486232e+308,1.79769313486232e+308,500
6,"9/22/99",1,3030139,3,2,"Inherited",1.79769313486232e+308,1.79769313486232e+308,1.79769313486232e+308,1.79769313486232e+308,1.79769313486232e+308,1.79769313486232e+308,1.79769313486232e+308,1.79769313486232e+308,1.79769313486232e+308,1.79769313486232e+308,1.79769313486232e+308,500
3,"9/22/99",1,3030139,1,3,"Obtained as gift",1.79769313486232e+308,1.79769313486232e+308,1.79769313486232e+308,1.79769313486232e+308,1.79769313486232e+308,1.79769313486232e+308,500,1500,1.79769313486232e+308,1.79769313486232e+308,1.79769313486232e+308,1.79769313486232e+308
1,"9/22/99",1,3030139,1,1,"Purchased",1.79769313486232e+308,1.79769313486232e+308,1.79769313486232e+308,1.79769313486232e+308,3000,10000,1000,4000,1.79769313486232e+308,400,1.79769313486232e+308,500
2,"9/22/99",1,3030139,1,2,"Inherited",1.79769313486232e+308,1.79769313486232e+308,1.79769313486232e+308,1.79769313486232e+308,2000,2000,500,500,1.79769313486232e+308,1.79769313486232e+308,1.79769313486232e+308,1.79769313486232e+308
26,"9/22/99",1,3030149,1,1,"Purchased",1.79769313486232e+308,100,1.79769313486232e+308,1.79769313486232e+308,100,1000,100,500,1.79769313486232e+308,200,1.79769313486232e+308,1.79769313486232e+308
29,"9/22/99",1,3030149,2,1,"Purchased",1.79769313486232e+308,1.79769313486232e+308,1.79769313486232e+308,1.79769313486232e+308,1.79769313486232e+308,1.79769313486232e+308,1.79769313486232e+308,1.79769313486232e+308,1.79769313486232e+308,1.79769313486232e+308,1.79769313486232e+308,500
27,"9/22/99",1,3030149,1,2,"Inherited",1.79769313486232e+308,1.79769313486232e+308,1.79769313486232e+308,1.79769313486232e+308,1.79769313486232e+308,1.79769313486232e+308,1.79769313486232e+308,100,1.79769313486232e+308,1.79769313486232e+308,1.79769313486232e+308,1.79769313486232e+308
28,"9/22/99",1,3030149,1,3,"Obtained as gift",1.79769313486232e+308,1.79769313486232e+308,1.79769313486232e+308,1.79769313486232e+308,1.79769313486232e+308,1.79769313486232e+308,1.79769313486232e+308,200,1.79769313486232e+308,1.79769313486232e+308,1.79769313486232e+308,1.79769313486232e+308
30,"9/22/99",1,3030149,3,3,"Obtained as gift",1.79769313486232e+308,1.79769313486232e+308,1.79769313486232e+308,1.79769313486232e+308,1.79769313486232e+308,1.79769313486232e+308,1.79769313486232e+308,1.79769313486232e+308,1.79769313486232e+308,1.79769313486232e+308,1.79769313486232e+308,300
81,"9/26/99",1,3030159,1,1,"Purchased",200,1.79769313486232e+308,1.79769313486232e+308,1.79769313486232e+308,10000,1.79769313486232e+308,4000,4000,8000,1.79769313486232e+308,1.79769313486232e+308,1.79769313486232e+308
85,"9/26/99",1,3030159,3,2,"Inherited",1.79769313486232e+308,1.79769313486232e+308,1.79769313486232e+308,1.79769313486232e+308,1.79769313486232e+308,1.79769313486232e+308,1.79769313486232e+308,1.79769313486232e+308,1.79769313486232e+308,1.79769313486232e+308,3000,1.79769313486232e+308
82,"9/26/99",1,3030159,1,2,"Inherited",1300,1.79769313486232e+308,1.79769313486232e+308,1.79769313486232e+308,5000,1.79769313486232e+308,3000,3000,2000,1.79769313486232e+308,8000,1.79769313486232e+308
83,"9/26/99",1,3030159,1,3,"Obtained as gift",1.79769313486232e+308,1.79769313486232e+308,1.79769313486232e+308,1.79769313486232e+308,5000,1.79769313486232e+308,1000,1000,1.79769313486232e+308,1.79769313486232e+308,1.79769313486232e+308,1.79769313486232e+308
86,"9/26/99",1,3030159,3,3,"Obtained as gift",1.79769313486232e+308,1.79769313486232e+308,1.79769313486232e+308,1.79769313486232e+308,1.79769313486232e+308,1.79769313486232e+308,1.79769313486232e+308,1.79769313486232e+308,1.79769313486232e+308,1.79769313486232e+308,6000,1.79769313486232e+308
84,"9/26/99",1,3030159,3,1,"Purchased",1.79769313486232e+308,1.79769313486232e+308,1.79769313486232e+308,1.79769313486232e+308,1.79769313486232e+308,1.79769313486232e+308,1.79769313486232e+308,1.79769313486232e+308,1.79769313486232e+308,1.79769313486232e+308,3000,1.79769313486232e+308
13,"9/22/99",1,3030239,2,3,"Obtained as gift",1.79769313486232e+308,1.79769313486232e+308,1.79769313486232e+308,1.79769313486232e+308,1.79769313486232e+308,1.79769313486232e+308,1.79769313486232e+308,1.79769313486232e+308,1.79769313486232e+308,1.79769313486232e+308,1.79769313486232e+308,500
12,"9/22/99",1,3030239,2,1,"Purchased",1.79769313486232e+308,1.79769313486232e+308,1.79769313486232e+308,1.79769313486232e+308,1.79769313486232e+308,1.79769313486232e+308,1.79769313486232e+308,1.79769313486232e+308,1.79769313486232e+308,1.79769313486232e+308,1.79769313486232e+308,1000
10,"9/22/99",1,3030239,1,2,"Inherited",1.79769313486232e+308,1.79769313486232e+308,1.79769313486232e+308,1.79769313486232e+308,500,500,100,300,1.79769313486232e+308,1.79769313486232e+308,1.79769313486232e+308,1.79769313486232e+308
11,"9/22/99",1,3030239,1,3,"Obtained as gift",1.79769313486232e+308,1.79769313486232e+308,1.79769313486232e+308,1.79769313486232e+308,1.79769313486232e+308,1.79769313486232e+308,1.79769313486232e+308,200,1.79769313486232e+308,1.79769313486232e+308,1.79769313486232e+308,1.79769313486232e+308
9,"9/22/99",1,3030239,1,1,"Purchased",1.79769313486232e+308,1.79769313486232e+308,1.79769313486232e+308,1.79769313486232e+308,500,2500,100,500,1.79769313486232e+308,1.79769313486232e+308,1.79769313486232e+308,1.79769313486232e+308
34,"9/22/99",1,3030249,1,5,"Obtained from other sources",1.79769313486232e+308,1.79769313486232e+308,1.79769313486232e+308,1.79769313486232e+308,1.79769313486232e+308,1.79769313486232e+308,1.79769313486232e+308,100,1.79769313486232e+308,1.79769313486232e+308,1.79769313486232e+308,1.79769313486232e+308
36,"9/22/99",1,3030249,3,1,"Purchased",1.79769313486232e+308,1.79769313486232e+308,1.79769313486232e+308,1.79769313486232e+308,1.79769313486232e+308,1.79769313486232e+308,1.79769313486232e+308,1.79769313486232e+308,1.79769313486232e+308,1.79769313486232e+308,1.79769313486232e+308,600
35,"9/22/99",1,3030249,2,1,"Purchased",1.79769313486232e+308,1.79769313486232e+308,1.79769313486232e+308,1.79769313486232e+308,1.79769313486232e+308,1.79769313486232e+308,1.79769313486232e+308,1.79769313486232e+308,1.79769313486232e+308,1.79769313486232e+308,200,500
32,"9/22/99",1,3030249,1,2,"Inherited",1.79769313486232e+308,1.79769313486232e+308,1.79769313486232e+308,1.79769313486232e+308,1.79769313486232e+308,1.79769313486232e+308,1.79769313486232e+308,200,1.79769313486232e+308,1.79769313486232e+308,1.79769313486232e+308,1.79769313486232e+308
31,"9/22/99",1,3030249,1,1,"Purchased",50,200,1.79769313486232e+308,1.79769313486232e+308,200,800,200,500,1.79769313486232e+308,1.79769313486232e+308,1.79769313486232e+308,1.79769313486232e+308
33,"9/22/99",1,3030249,1,3,"Obtained as gift",1.79769313486232e+308,1.79769313486232e+308,1.79769313486232e+308,1.79769313486232e+308,1.79769313486232e+308,1.79769313486232e+308,1.79769313486232e+308,100,1.79769313486232e+308,1.79769313486232e+308,1.79769313486232e+308,1.79769313486232e+308
1.79769313486232e+308,"12/2/99",1,3030259,10,3,"Obtained as gift",1.79769313486232e+308,1.79769313486232e+308,1.79769313486232e+308,1.79769313486232e+308,1.79769313486232e+308,1.79769313486232e+308,1.79769313486232e+308,1.79769313486232e+308,1.79769313486232e+308,1.79769313486232e+308,500,1.79769313486232e+308
1.79769313486232e+308,"12/2/99",1,3030259,9,3,"Obtained as gift",1.79769313486232e+308,1.79769313486232e+308,1.79769313486232e+308,1.79769313486232e+308,1.79769313486232e+308,1.79769313486232e+308,1.79769313486232e+308,1.79769313486232e+308,1.79769313486232e+308,1.79769313486232e+308,500,1.79769313486232e+308
90,"9/26/99",1,3030259,2,3,"Obtained as gift",1.79769313486232e+308,1.79769313486232e+308,1.79769313486232e+308,1.79769313486232e+308,1.79769313486232e+308,1.79769313486232e+308,1.79769313486232e+308,1.79769313486232e+308,1.79769313486232e+308,1.79769313486232e+308,500,1.79769313486232e+308
1.79769313486232e+308,"12/2/99",1,3030259,9,1,"Purchased",1.79769313486232e+308,1.79769313486232e+308,1.79769313486232e+308,1.79769313486232e+308,1.79769313486232e+308,1.79769313486232e+308,1.79769313486232e+308,1.79769313486232e+308,1.79769313486232e+308,1.79769313486232e+308,500,1.79769313486232e+308
1.79769313486232e+308,"12/2/99",1,3030259,8,1,"Purchased",1.79769313486232e+308,1.79769313486232e+308,1.79769313486232e+308,1.79769313486232e+308,1.79769313486232e+308,1.79769313486232e+308,1.79769313486232e+308,1.79769313486232e+308,1.79769313486232e+308,1.79769313486232e+308,2000,1.79769313486232e+308
92,"9/26/99",1,3030259,7,3,"Obtained as gift",1.79769313486232e+308,1.79769313486232e+308,1.79769313486232e+308,1.79769313486232e+308,1.79769313486232e+308,1.79769313486232e+308,1.79769313486232e+308,1.79769313486232e+308,1.79769313486232e+308,1.79769313486232e+308,1000,1.79769313486232e+308
87,"9/26/99",1,3030259,1,1,"Purchased",500,1.79769313486232e+308,1.79769313486232e+308,1.79769313486232e+308,12000,1.79769313486232e+308,3000,1.79769313486232e+308,10000,1.79769313486232e+308,1.79769313486232e+308,1.79769313486232e+308
91,"9/26/99",1,3030259,7,1,"Purchased",1.79769313486232e+308,1.79769313486232e+308,1.79769313486232e+308,1.79769313486232e+308,1.79769313486232e+308,1.79769313486232e+308,1.79769313486232e+308,1.79769313486232e+308,1.79769313486232e+308,1.79769313486232e+308,1000,1.79769313486232e+308
89,"9/26/99",1,3030259,2,1,"Purchased",1.79769313486232e+308,1.79769313486232e+308,1.79769313486232e+308,1.79769313486232e+308,1.79769313486232e+308,1.79769313486232e+308,1.79769313486232e+308,1.79769313486232e+308,1.79769313486232e+308,1.79769313486232e+308,500,1.79769313486232e+308
1.79769313486232e+308,"12/2/99",1,3030259,8,4,"Obtained as dowry",1.79769313486232e+308,1.79769313486232e+308,1.79769313486232e+308,1.79769313486232e+308,1.79769313486232e+308,1.79769313486232e+308,1.79769313486232e+308,1.79769313486232e+308,1.79769313486232e+308,1.79769313486232e+308,8000,1.79769313486232e+308
88,"9/26/99",1,3030259,1,2,"Inherited",500,1.79769313486232e+308,1.79769313486232e+308,1.79769313486232e+308,2000,1.79769313486232e+308,1000,1.79769313486232e+308,500,1.79769313486232e+308,1.79769313486232e+308,1.79769313486232e+308
17,"9/22/99",1,3030339,2,4,"Obtained as dowry",1.79769313486232e+308,1.79769313486232e+308,1.79769313486232e+308,1.79769313486232e+308,1.79769313486232e+308,1.79769313486232e+308,1.79769313486232e+308,1.79769313486232e+308,1.79769313486232e+308,1.79769313486232e+308,300,300
14,"9/22/99",1,3030339,1,1,"Purchased",1.79769313486232e+308,50,1.79769313486232e+308,1.79769313486232e+308,1.79769313486232e+308,20,1.79769313486232e+308,50,1.79769313486232e+308,1.79769313486232e+308,1.79769313486232e+308,1.79769313486232e+308
15,"9/22/99",1,3030339,1,3,"Obtained as gift",1.79769313486232e+308,1.79769313486232e+308,1.79769313486232e+308,1.79769313486232e+308,1.79769313486232e+308,1.79769313486232e+308,50,150,1.79769313486232e+308,1.79769313486232e+308,1.79769313486232e+308,1.79769313486232e+308
16,"9/22/99",1,3030339,2,1,"Purchased",1.79769313486232e+308,1.79769313486232e+308,1.79769313486232e+308,1.79769313486232e+308,1.79769313486232e+308,1.79769313486232e+308,1.79769313486232e+308,1.79769313486232e+308,1.79769313486232e+308,1.79769313486232e+308,1.79769313486232e+308,200
38,"9/22/99",1,3030349,2,1,"Purchased",1.79769313486232e+308,1.79769313486232e+308,1.79769313486232e+308,1.79769313486232e+308,1.79769313486232e+308,1.79769313486232e+308,1.79769313486232e+308,1.79769313486232e+308,1.79769313486232e+308,1.79769313486232e+308,300,500
37,"9/22/99",1,3030349,1,1,"Purchased",1.79769313486232e+308,1.79769313486232e+308,1.79769313486232e+308,1.79769313486232e+308,500,1000,800,100,1.79769313486232e+308,1.79769313486232e+308,300,500
95,"9/26/99",1,3030359,1,3,"Obtained as gift",1.79769313486232e+308,1.79769313486232e+308,1.79769313486232e+308,1.79769313486232e+308,10000,10000,2000,2000,5000,1.79769313486232e+308,1.79769313486232e+308,1.79769313486232e+308
96,"9/26/99",1,3030359,3,1,"Purchased",1.79769313486232e+308,1.79769313486232e+308,1.79769313486232e+308,1.79769313486232e+308,1.79769313486232e+308,1.79769313486232e+308,1.79769313486232e+308,1.79769313486232e+308,1.79769313486232e+308,1.79769313486232e+308,6000,1.79769313486232e+308
94,"9/26/99",1,3030359,1,2,"Inherited",1000,1.79769313486232e+308,1.79769313486232e+308,1.79769313486232e+308,5000,5000,2000,2000,5000,1.79769313486232e+308,1.79769313486232e+308,1.79769313486232e+308
97,"9/26/99",1,3030359,3,2,"Inherited",1.79769313486232e+308,1.79769313486232e+308,1.79769313486232e+308,1.79769313486232e+308,1.79769313486232e+308,1.79769313486232e+308,1.79769313486232e+308,1.79769313486232e+308,1.79769313486232e+308,1.79769313486232e+308,2000,1.79769313486232e+308
98,"9/26/99",1,3030359,3,3,"Obtained as gift",1.79769313486232e+308,1.79769313486232e+308,1.79769313486232e+308,1.79769313486232e+308,1.79769313486232e+308,1.79769313486232e+308,1.79769313486232e+308,1.79769313486232e+308,1.79769313486232e+308,1.79769313486232e+308,7000,1.79769313486232e+308
99,"9/26/99",1,3030359,4,3,"Obtained as gift",1.79769313486232e+308,1.79769313486232e+308,1.79769313486232e+308,1.79769313486232e+308,1.79769313486232e+308,1.79769313486232e+308,1.79769313486232e+308,1.79769313486232e+308,1.79769313486232e+308,1.79769313486232e+308,15000,1.79769313486232e+308
93,"9/26/99",1,3030359,1,1,"Purchased",1000,1.79769313486232e+308,1.79769313486232e+308,1.79769313486232e+308,10000,10000,4000,4000,10000,1.79769313486232e+308,1.79769313486232e+308,1.79769313486232e+308
21,"9/22/99",1,3030439,3,1,"Purchased",1.79769313486232e+308,1.79769313486232e+308,1.79769313486232e+308,1.79769313486232e+308,1.79769313486232e+308,1.79769313486232e+308,1.79769313486232e+308,1.79769313486232e+308,1.79769313486232e+308,1.79769313486232e+308,1.79769313486232e+308,200
19,"9/22/99",1,3030439,1,2,"Inherited",100,100,1.79769313486232e+308,1.79769313486232e+308,1.79769313486232e+308,1.79769313486232e+308,100,200,1.79769313486232e+308,1.79769313486232e+308,1.79769313486232e+308,1.79769313486232e+308
20,"9/22/99",1,3030439,2,1,"Purchased",1.79769313486232e+308,1.79769313486232e+308,1.79769313486232e+308,1.79769313486232e+308,1.79769313486232e+308,1.79769313486232e+308,1.79769313486232e+308,1.79769313486232e+308,1.79769313486232e+308,1.79769313486232e+308,1.79769313486232e+308,300
18,"9/22/99",1,3030439,1,1,"Purchased",100,200,1.79769313486232e+308,1.79769313486232e+308,500,500,200,500,1.79769313486232e+308,150,1.79769313486232e+308,1.79769313486232e+308
41,"9/22/99",1,3030449,1,3,"Obtained as gift",1.79769313486232e+308,1.79769313486232e+308,1.79769313486232e+308,1.79769313486232e+308,1.79769313486232e+308,1.79769313486232e+308,1.79769313486232e+308,1.79769313486232e+308,1.79769313486232e+308,1.79769313486232e+308,1.79769313486232e+308,300
40,"9/22/99",1,3030449,1,2,"Inherited",100,100,1.79769313486232e+308,1.79769313486232e+308,1.79769313486232e+308,1.79769313486232e+308,500,500,1.79769313486232e+308,1.79769313486232e+308,1.79769313486232e+308,1.79769313486232e+308
39,"9/22/99",1,3030449,1,1,"Purchased",1.79769313486232e+308,1.79769313486232e+308,1.79769313486232e+308,1.79769313486232e+308,800,1000,500,1000,1.79769313486232e+308,1.79769313486232e+308,500,500
105,"9/26/99",1,3030459,2,3,"Obtained as gift",1.79769313486232e+308,1.79769313486232e+308,1.79769313486232e+308,1.79769313486232e+308,1.79769313486232e+308,1.79769313486232e+308,1.79769313486232e+308,1.79769313486232e+308,1.79769313486232e+308,1.79769313486232e+308,2000,1.79769313486232e+308
104,"9/26/99",1,3030459,2,1,"Purchased",1.79769313486232e+308,1.79769313486232e+308,1.79769313486232e+308,1.79769313486232e+308,1.79769313486232e+308,1.79769313486232e+308,1.79769313486232e+308,1.79769313486232e+308,1.79769313486232e+308,1.79769313486232e+308,2000,1.79769313486232e+308
103,"9/26/99",1,3030459,1,5,"Obtained from other sources",200,1.79769313486232e+308,1.79769313486232e+308,1.79769313486232e+308,1.79769313486232e+308,1.79769313486232e+308,1.79769313486232e+308,1.79769313486232e+308,1.79769313486232e+308,1.79769313486232e+308,1.79769313486232e+308,1.79769313486232e+308
102,"9/26/99",1,3030459,1,3,"Obtained as gift",1.79769313486232e+308,1.79769313486232e+308,1.79769313486232e+308,1.79769313486232e+308,1.79769313486232e+308,1.79769313486232e+308,1000,1000,1.79769313486232e+308,1.79769313486232e+308,1.79769313486232e+308,1.79769313486232e+308
107,"9/26/99",1,3030459,3,3,"Obtained as gift",1.79769313486232e+308,1.79769313486232e+308,1.79769313486232e+308,1.79769313486232e+308,1.79769313486232e+308,1.79769313486232e+308,1.79769313486232e+308,1.79769313486232e+308,1.79769313486232e+308,1.79769313486232e+308,500,1.79769313486232e+308
106,"9/26/99",1,3030459,3,1,"Purchased",1.79769313486232e+308,1.79769313486232e+308,1.79769313486232e+308,1.79769313486232e+308,1.79769313486232e+308,1.79769313486232e+308,1.79769313486232e+308,1.79769313486232e+308,1.79769313486232e+308,1.79769313486232e+308,500,1.79769313486232e+308
100,"9/26/99",1,3030459,1,1,"Purchased",300,1.79769313486232e+308,1.79769313486232e+308,1.79769313486232e+308,4000,1.79769313486232e+308,4000,4000,1500,1.79769313486232e+308,1.79769313486232e+308,1.79769313486232e+308
101,"9/26/99",1,3030459,1,2,"Inherited",500,1.79769313486232e+308,1.79769313486232e+308,1.79769313486232e+308,30000,1.79769313486232e+308,1000,1000,5500,1.79769313486232e+308,1.79769313486232e+308,1.79769313486232e+308
25,"9/22/99",1,3030539,2,1,"Purchased",1.79769313486232e+308,1.79769313486232e+308,1.79769313486232e+308,1.79769313486232e+308,1.79769313486232e+308,1.79769313486232e+308,1.79769313486232e+308,1.79769313486232e+308,1.79769313486232e+308,1.79769313486232e+308,300,500
23,"9/22/99",1,3030539,1,2,"Inherited",1.79769313486232e+308,1.79769313486232e+308,1.79769313486232e+308,1.79769313486232e+308,500,500,100,100,1.79769313486232e+308,1.79769313486232e+308,1.79769313486232e+308,1.79769313486232e+308
22,"9/22/99",1,3030539,1,1,"Purchased",50,100,1.79769313486232e+308,1.79769313486232e+308,1.79769313486232e+308,1500,100,400,1.79769313486232e+308,1.79769313486232e+308,1.79769313486232e+308,1.79769313486232e+308
24,"9/22/99",1,3030539,1,3,"Obtained as gift",1.79769313486232e+308,1.79769313486232e+308,1.79769313486232e+308,1.79769313486232e+308,1.79769313486232e+308,1.79769313486232e+308,100,100,1.79769313486232e+308,1.79769313486232e+308,1.79769313486232e+308,1.79769313486232e+308
44,"9/22/99",1,3030549,1,5,"Obtained from other sources",1.79769313486232e+308,50,1.79769313486232e+308,1.79769313486232e+308,1.79769313486232e+308,1.79769313486232e+308,1.79769313486232e+308,1.79769313486232e+308,1.79769313486232e+308,1.79769313486232e+308,1.79769313486232e+308,1.79769313486232e+308
43,"9/22/99",1,3030549,1,2,"Inherited",50,50,1.79769313486232e+308,1.79769313486232e+308,1000,1000,1.79769313486232e+308,100,1.79769313486232e+308,1.79769313486232e+308,1.79769313486232e+308,1.79769313486232e+308
46,"9/22/99",1,3030549,3,2,"Inherited",1.79769313486232e+308,1.79769313486232e+308,1.79769313486232e+308,1.79769313486232e+308,1.79769313486232e+308,1.79769313486232e+308,1.79769313486232e+308,1.79769313486232e+308,1.79769313486232e+308,1.79769313486232e+308,1.79769313486232e+308,300
42,"9/22/99",1,3030549,1,1,"Purchased",50,200,1.79769313486232e+308,1.79769313486232e+308,1000,300,1.79769313486232e+308,1000,1.79769313486232e+308,1.79769313486232e+308,1.79769313486232e+308,1.79769313486232e+308
45,"9/22/99",1,3030549,2,1,"Purchased",1.79769313486232e+308,1.79769313486232e+308,1.79769313486232e+308,1.79769313486232e+308,1.79769313486232e+308,1.79769313486232e+308,1.79769313486232e+308,1.79769313486232e+308,1.79769313486232e+308,1.79769313486232e+308,1.79769313486232e+308,500
47,"9/22/99",1,3030649,1,1,"Purchased",1.79769313486232e+308,50,1.79769313486232e+308,1.79769313486232e+308,60,150,50,250,1.79769313486232e+308,1.79769313486232e+308,1.79769313486232e+308,1.79769313486232e+308
49,"9/22/99",1,3030649,2,1,"Purchased",1.79769313486232e+308,1.79769313486232e+308,1.79769313486232e+308,1.79769313486232e+308,1.79769313486232e+308,1.79769313486232e+308,1.79769313486232e+308,1.79769313486232e+308,1.79769313486232e+308,1.79769313486232e+308,1.79769313486232e+308,200
48,"9/22/99",1,3030649,1,2,"Inherited",1.79769313486232e+308,1.79769313486232e+308,1.79769313486232e+308,1.79769313486232e+308,1.79769313486232e+308,1.79769313486232e+308,50,50,1.79769313486232e+308,1.79769313486232e+308,1.79769313486232e+308,1.79769313486232e+308
50,"9/22/99",1,3030649,2,3,"Obtained as gift",1.79769313486232e+308,1.79769313486232e+308,1.79769313486232e+308,1.79769313486232e+308,1.79769313486232e+308,1.79769313486232e+308,1.79769313486232e+308,1.79769313486232e+308,1.79769313486232e+308,1.79769313486232e+308,300,300
52,"9/26/99",1,3030749,1,2,"Inherited",50,50,1.79769313486232e+308,1.79769313486232e+308,500,500,50,50,1.79769313486232e+308,1.79769313486232e+308,1.79769313486232e+308,1.79769313486232e+308
53,"9/26/99",1,3030749,1,3,"Obtained as gift",1.79769313486232e+308,1.79769313486232e+308,1.79769313486232e+308,1.79769313486232e+308,1.79769313486232e+308,1.79769313486232e+308,50,100,1.79769313486232e+308,1.79769313486232e+308,1.79769313486232e+308,1.79769313486232e+308
54,"9/26/99",1,3030749,2,1,"Purchased",1.79769313486232e+308,1.79769313486232e+308,1.79769313486232e+308,1.79769313486232e+308,1.79769313486232e+308,1.79769313486232e+308,1.79769313486232e+308,1.79769313486232e+308,1.79769313486232e+308,1.79769313486232e+308,1.79769313486232e+308,200
51,"9/22/99",1,3030749,1,1,"Purchased",1.79769313486232e+308,50,1.79769313486232e+308,1.79769313486232e+308,500,2500,100,850,1.79769313486232e+308,1.79769313486232e+308,1.79769313486232e+308,1.79769313486232e+308
55,"9/26/99",1,3030749,2,2,"Inherited",1.79769313486232e+308,1.79769313486232e+308,1.79769313486232e+308,1.79769313486232e+308,1.79769313486232e+308,1.79769313486232e+308,1.79769313486232e+308,1.79769313486232e+308,1.79769313486232e+308,1.79769313486232e+308,300,300
56,"9/26/99",1,3030749,3,1,"Purchased",1.79769313486232e+308,1.79769313486232e+308,1.79769313486232e+308,1.79769313486232e+308,1.79769313486232e+308,1.79769313486232e+308,1.79769313486232e+308,1.79769313486232e+308,1.79769313486232e+308,1.79769313486232e+308,1.79769313486232e+308,500
60,"9/26/99",1,3030849,2,1,"Purchased",1.79769313486232e+308,1.79769313486232e+308,1.79769313486232e+308,1.79769313486232e+308,1.79769313486232e+308,1.79769313486232e+308,1.79769313486232e+308,1.79769313486232e+308,1.79769313486232e+308,1.79769313486232e+308,500,1.79769313486232e+308
59,"9/26/99",1,3030849,1,3,"Obtained as gift",1.79769313486232e+308,1.79769313486232e+308,1.79769313486232e+308,1.79769313486232e+308,500,1.79769313486232e+308,200,200,1.79769313486232e+308,1.79769313486232e+308,1.79769313486232e+308,1.79769313486232e+308
58,"9/26/99",1,3030849,1,2,"Inherited",100,1.79769313486232e+308,1.79769313486232e+308,1.79769313486232e+308,200,1.79769313486232e+308,100,100,1.79769313486232e+308,1.79769313486232e+308,1.79769313486232e+308,1.79769313486232e+308
57,"9/26/99",1,3030849,1,1,"Purchased",100,1.79769313486232e+308,1.79769313486232e+308,1.79769313486232e+308,300,1.79769313486232e+308,500,500,1.79769313486232e+308,1.79769313486232e+308,1.79769313486232e+308,1.79769313486232e+308
61,"9/26/99",1,3030849,2,3,"Obtained as gift",1.79769313486232e+308,1.79769313486232e+308,1.79769313486232e+308,1.79769313486232e+308,1.79769313486232e+308,1.79769313486232e+308,1.79769313486232e+308,1.79769313486232e+308,1.79769313486232e+308,1.79769313486232e+308,500,1.79769313486232e+308
62,"9/26/99",1,3030849,3,1,"Purchased",1.79769313486232e+308,1.79769313486232e+308,1.79769313486232e+308,1.79769313486232e+308,1.79769313486232e+308,1.79769313486232e+308,1.79769313486232e+308,1.79769313486232e+308,1.79769313486232e+308,1.79769313486232e+308,500,1.79769313486232e+308
66,"9/26/99",1,3030949,2,1,"Purchased",1.79769313486232e+308,1.79769313486232e+308,1.79769313486232e+308,1.79769313486232e+308,1.79769313486232e+308,1.79769313486232e+308,1.79769313486232e+308,1.79769313486232e+308,1.79769313486232e+308,1.79769313486232e+308,1.79769313486232e+308,500
63,"9/26/99",1,3030949,1,1,"Purchased",1.79769313486232e+308,100,1.79769313486232e+308,1.79769313486232e+308,1.79769313486232e+308,700,1.79769313486232e+308,700,1.79769313486232e+308,1.79769313486232e+308,1.79769313486232e+308,1.79769313486232e+308
65,"9/26/99",1,3030949,1,3,"Obtained as gift",1.79769313486232e+308,1.79769313486232e+308,1.79769313486232e+308,1.79769313486232e+308,1.79769313486232e+308,300,1.79769313486232e+308,300,1.79769313486232e+308,1.79769313486232e+308,1.79769313486232e+308,1.79769313486232e+308
64,"9/26/99",1,3030949,1,2,"Inherited",1.79769313486232e+308,100,1.79769313486232e+308,1.79769313486232e+308,1.79769313486232e+308,1.79769313486232e+308,1.79769313486232e+308,1.79769313486232e+308,1.79769313486232e+308,1.79769313486232e+308,1.79769313486232e+308,1.79769313486232e+308
72,"9/26/99",1,3031049,6,3,"Obtained as gift",1.79769313486232e+308,1.79769313486232e+308,1.79769313486232e+308,1.79769313486232e+308,1.79769313486232e+308,1.79769313486232e+308,1.79769313486232e+308,1.79769313486232e+308,1.79769313486232e+308,1.79769313486232e+308,500,1.79769313486232e+308
69,"9/26/99",1,3031049,4,1,"Purchased",1.79769313486232e+308,1.79769313486232e+308,1.79769313486232e+308,1.79769313486232e+308,1.79769313486232e+308,1.79769313486232e+308,1.79769313486232e+308,1.79769313486232e+308,1.79769313486232e+308,1.79769313486232e+308,500,1.79769313486232e+308
67,"9/26/99",1,3031049,1,1,"Purchased",300,1.79769313486232e+308,1.79769313486232e+308,1.79769313486232e+308,1500,1.79769313486232e+308,1500,1500,1.79769313486232e+308,1.79769313486232e+308,1.79769313486232e+308,1.79769313486232e+308
71,"9/26/99",1,3031049,6,1,"Purchased",1.79769313486232e+308,1.79769313486232e+308,1.79769313486232e+308,1.79769313486232e+308,1.79769313486232e+308,1.79769313486232e+308,1.79769313486232e+308,1.79769313486232e+308,1.79769313486232e+308,1.79769313486232e+308,1000,1.79769313486232e+308
70,"9/26/99",1,3031049,4,3,"Obtained as gift",1.79769313486232e+308,1.79769313486232e+308,1.79769313486232e+308,1.79769313486232e+308,1.79769313486232e+308,1.79769313486232e+308,1.79769313486232e+308,1.79769313486232e+308,1.79769313486232e+308,1.79769313486232e+308,500,1.79769313486232e+308
68,"9/26/99",1,3031049,1,2,"Inherited",200,1.79769313486232e+308,1.79769313486232e+308,1.79769313486232e+308,700,1.79769313486232e+308,500,500,1.79769313486232e+308,1.79769313486232e+308,1.79769313486232e+308,1.79769313486232e+308
74,"9/26/99",1,3031149,1,2,"Inherited",100,1.79769313486232e+308,1.79769313486232e+308,1.79769313486232e+308,500,1.79769313486232e+308,200,200,1.79769313486232e+308,1.79769313486232e+308,1.79769313486232e+308,1.79769313486232e+308
76,"9/26/99",1,3031149,2,1,"Purchased",1.79769313486232e+308,1.79769313486232e+308,1.79769313486232e+308,1.79769313486232e+308,1.79769313486232e+308,1.79769313486232e+308,1.79769313486232e+308,1.79769313486232e+308,1.79769313486232e+308,1.79769313486232e+308,500,1.79769313486232e+308
75,"9/26/99",1,3031149,1,3,"Obtained as gift",1.79769313486232e+308,1.79769313486232e+308,1.79769313486232e+308,1.79769313486232e+308,500,1.79769313486232e+308,300,300,1.79769313486232e+308,1.79769313486232e+308,1.79769313486232e+308,1.79769313486232e+308
73,"9/26/99",1,3031149,1,1,"Purchased",400,1.79769313486232e+308,1.79769313486232e+308,1.79769313486232e+308,500,1.79769313486232e+308,500,500,1.79769313486232e+308,1.79769313486232e+308,1.79769313486232e+308,1.79769313486232e+308
79,"9/26/99",1,3031249,2,1,"Purchased",1.79769313486232e+308,1.79769313486232e+308,1.79769313486232e+308,1.79769313486232e+308,1.79769313486232e+308,1.79769313486232e+308,1.79769313486232e+308,1.79769313486232e+308,1.79769313486232e+308,1.79769313486232e+308,500,1.79769313486232e+308
78,"9/26/99",1,3031249,1,2,"Inherited",100,1.79769313486232e+308,1.79769313486232e+308,1.79769313486232e+308,1.79769313486232e+308,1.79769313486232e+308,400,400,1.79769313486232e+308,1.79769313486232e+308,1.79769313486232e+308,1.79769313486232e+308
77,"9/26/99",1,3031249,1,1,"Purchased",100,1.79769313486232e+308,1.79769313486232e+308,1.79769313486232e+308,1000,1000,400,400,1.79769313486232e+308,1.79769313486232e+308,1.79769313486232e+308,1.79769313486232e+308
80,"9/26/99",1,3031249,2,3,"Obtained as gift",1.79769313486232e+308,1.79769313486232e+308,1.79769313486232e+308,1.79769313486232e+308,1.79769313486232e+308,1.79769313486232e+308,1.79769313486232e+308,1.79769313486232e+308,1.79769313486232e+308,1.79769313486232e+308,500,1.79769313486232e+308
2,"8/10/99",1,3110139,1,1,"Purchased",400,400,200,200,17000,17000,500,500,2000,2000,4000,4000
3,"8/10/99",1,3110139,6,4,"Obtained as dowry",1.79769313486232e+308,1.79769313486232e+308,1.79769313486232e+308,1.79769313486232e+308,1.79769313486232e+308,1.79769313486232e+308,1.79769313486232e+308,1.79769313486232e+308,1.79769313486232e+308,1.79769313486232e+308,20000,20000
2,"8/10/99",1,3110139,5,4,"Obtained as dowry",1.79769313486232e+308,1.79769313486232e+308,1.79769313486232e+308,1.79769313486232e+308,1.79769313486232e+308,1.79769313486232e+308,1.79769313486232e+308,1.79769313486232e+308,1.79769313486232e+308,1.79769313486232e+308,10000,10000
23,"8/10/99",1,3110149,2,5,"Obtained from other sources",1.79769313486232e+308,1.79769313486232e+308,1.79769313486232e+308,1.79769313486232e+308,1.79769313486232e+308,1.79769313486232e+308,1.79769313486232e+308,1.79769313486232e+308,1.79769313486232e+308,1.79769313486232e+308,6000,6000
22,"8/10/99",1,3110149,1,1,"Purchased",200,150,400,250,450,300,200,300,1.79769313486232e+308,1.79769313486232e+308,1.79769313486232e+308,1.79769313486232e+308
41,"8/10/99",1,3110159,2,3,"Obtained as gift",1.79769313486232e+308,1.79769313486232e+308,1.79769313486232e+308,1.79769313486232e+308,1.79769313486232e+308,1.79769313486232e+308,1.79769313486232e+308,1.79769313486232e+308,1.79769313486232e+308,1.79769313486232e+308,15000,15000
39,"8/10/99",1,3110159,1,1,"Purchased",500,1.79769313486232e+308,1.79769313486232e+308,1.79769313486232e+308,3300,1.79769313486232e+308,2000,1.79769313486232e+308,1500,1.79769313486232e+308,1.79769313486232e+308,1.79769313486232e+308
40,"8/10/99",1,3110159,1,4,"Obtained as dowry",1.79769313486232e+308,1.79769313486232e+308,1.79769313486232e+308,1.79769313486232e+308,7000,1.79769313486232e+308,1.79769313486232e+308,1.79769313486232e+308,1.79769313486232e+308,1.79769313486232e+308,1.79769313486232e+308,1.79769313486232e+308
6,"8/10/99",1,3110239,3,1,"Purchased",1.79769313486232e+308,1.79769313486232e+308,1.79769313486232e+308,1.79769313486232e+308,1.79769313486232e+308,1.79769313486232e+308,1.79769313486232e+308,1.79769313486232e+308,1.79769313486232e+308,1.79769313486232e+308,1500,1500
4,"8/10/99",1,3110239,1,1,"Purchased",220,220,1.79769313486232e+308,1.79769313486232e+308,1.79769313486232e+308,1.79769313486232e+308,300,300,1.79769313486232e+308,1.79769313486232e+308,1.79769313486232e+308,1.79769313486232e+308
5,"8/10/99",1,3110239,2,1,"Purchased",1.79769313486232e+308,1.79769313486232e+308,1.79769313486232e+308,1.79769313486232e+308,1.79769313486232e+308,1.79769313486232e+308,1.79769313486232e+308,1.79769313486232e+308,1.79769313486232e+308,1.79769313486232e+308,200,200
38,"8/10/99",1,3110249,2,4,"Obtained as dowry",1.79769313486232e+308,1.79769313486232e+308,1.79769313486232e+308,1.79769313486232e+308,5000,1.79769313486232e+308,1000,1.79769313486232e+308,1.79769313486232e+308,1.79769313486232e+308,12000,1.79769313486232e+308
37,"8/10/99",1,3110249,1,1,"Purchased",1000,1.79769313486232e+308,500,1.79769313486232e+308,5000,1.79769313486232e+308,500,1.79769313486232e+308,1.79769313486232e+308,1.79769313486232e+308,1.79769313486232e+308,1.79769313486232e+308
43,"8/10/99",1,3110259,1,2,"Inherited",1.79769313486232e+308,1.79769313486232e+308,1.79769313486232e+308,1.79769313486232e+308,5000,1.79769313486232e+308,1.79769313486232e+308,1.79769313486232e+308,1.79769313486232e+308,1.79769313486232e+308,1.79769313486232e+308,1.79769313486232e+308
42,"8/10/99",1,3110259,1,1,"Purchased",500,1.79769313486232e+308,1.79769313486232e+308,1.79769313486232e+308,15000,1.79769313486232e+308,4000,1.79769313486232e+308,6500,1.79769313486232e+308,1.79769313486232e+308,1.79769313486232e+308
44,"8/10/99",1,3110259,2,4,"Obtained as dowry",1.79769313486232e+308,1.79769313486232e+308,1.79769313486232e+308,1.79769313486232e+308,1.79769313486232e+308,1.79769313486232e+308,1.79769313486232e+308,1.79769313486232e+308,1.79769313486232e+308,1.79769313486232e+308,3000,1.79769313486232e+308
7,"8/10/99",1,3110339,1,1,"Purchased",150,100,1.79769313486232e+308,1.79769313486232e+308,2400,2000,250,250,1.79769313486232e+308,1.79769313486232e+308,1.79769313486232e+308,1.79769313486232e+308
27,"8/10/99",1,3110349,1,1,"Purchased",110,1.79769313486232e+308,1.79769313486232e+308,1.79769313486232e+308,2000,1.79769313486232e+308,450,1.79769313486232e+308,150,1.79769313486232e+308,1.79769313486232e+308,1.79769313486232e+308
46,"8/10/99",1,3110359,1,2,"Inherited",1.79769313486232e+308,1.79769313486232e+308,1.79769313486232e+308,1.79769313486232e+308,1000,1.79769313486232e+308,1.79769313486232e+308,1.79769313486232e+308,1.79769313486232e+308,1.79769313486232e+308,1.79769313486232e+308,1.79769313486232e+308
47,"8/10/99",1,3110359,1,4,"Obtained as dowry",1.79769313486232e+308,1.79769313486232e+308,1.79769313486232e+308,1.79769313486232e+308,10000,1.79769313486232e+308,1.79769313486232e+308,1.79769313486232e+308,5000,1.79769313486232e+308,1.79769313486232e+308,1.79769313486232e+308
50,"8/10/99",1,3110359,8,4,"Obtained as dowry",1.79769313486232e+308,1.79769313486232e+308,1.79769313486232e+308,1.79769313486232e+308,1.79769313486232e+308,1.79769313486232e+308,1.79769313486232e+308,1.79769313486232e+308,1.79769313486232e+308,1.79769313486232e+308,10000,1.79769313486232e+308
48,"8/10/99",1,3110359,6,4,"Obtained as dowry",1.79769313486232e+308,1.79769313486232e+308,1.79769313486232e+308,1.79769313486232e+308,1.79769313486232e+308,1.79769313486232e+308,1.79769313486232e+308,1.79769313486232e+308,5000,5000,1.79769313486232e+308,1.79769313486232e+308
45,"8/10/99",1,3110359,1,1,"Purchased",1000,1.79769313486232e+308,1.79769313486232e+308,1.79769313486232e+308,5000,1.79769313486232e+308,10000,1.79769313486232e+308,1500,1.79769313486232e+308,1400,1.79769313486232e+308
49,"8/10/99",1,3110359,7,4,"Obtained as dowry",1.79769313486232e+308,1.79769313486232e+308,1.79769313486232e+308,1.79769313486232e+308,1.79769313486232e+308,1.79769313486232e+308,1.79769313486232e+308,1.79769313486232e+308,1.79769313486232e+308,1.79769313486232e+308,15000,1.79769313486232e+308
8,"8/10/99",1,3110439,1,1,"Purchased",175,140,1.79769313486232e+308,1.79769313486232e+308,1500,1200,150,200,700,500,1.79769313486232e+308,1.79769313486232e+308
29,"8/10/99",1,3110449,2,4,"Obtained as dowry",1.79769313486232e+308,1.79769313486232e+308,1.79769313486232e+308,1.79769313486232e+308,1.79769313486232e+308,1.79769313486232e+308,1.79769313486232e+308,1.79769313486232e+308,1.79769313486232e+308,1.79769313486232e+308,1000,1.79769313486232e+308
28,"8/10/99",1,3110449,1,1,"Purchased",150,1.79769313486232e+308,1.79769313486232e+308,1.79769313486232e+308,1.79769313486232e+308,1.79769313486232e+308,150,1.79769313486232e+308,1.79769313486232e+308,1.79769313486232e+308,1.79769313486232e+308,1.79769313486232e+308
51,"8/10/99",1,3110459,3,1,"Purchased",200,1.79769313486232e+308,1.79769313486232e+308,1.79769313486232e+308,20000,1.79769313486232e+308,3000,1.79769313486232e+308,1.79769313486232e+308,1.79769313486232e+308,1.79769313486232e+308,1.79769313486232e+308
52,"8/10/99",1,3110459,3,2,"Inherited",1.79769313486232e+308,1.79769313486232e+308,1.79769313486232e+308,1.79769313486232e+308,5000,1.79769313486232e+308,1.79769313486232e+308,1.79769313486232e+308,1.79769313486232e+308,1.79769313486232e+308,1.79769313486232e+308,1.79769313486232e+308
53,"8/10/99",1,3110459,1,3,"Obtained as gift",1.79769313486232e+308,1.79769313486232e+308,1.79769313486232e+308,1.79769313486232e+308,1.79769313486232e+308,1.79769313486232e+308,1.79769313486232e+308,1.79769313486232e+308,1.79769313486232e+308,1.79769313486232e+308,6000,1.79769313486232e+308
9,"8/10/99",1,3110539,1,1,"Purchased",1.79769313486232e+308,1.79769313486232e+308,1.79769313486232e+308,1.79769313486232e+308,1.79769313486232e+308,500,100,200,1.79769313486232e+308,1.79769313486232e+308,1.79769313486232e+308,1.79769313486232e+308
10,"8/10/99",1,3110539,2,3,"Obtained as gift",1.79769313486232e+308,1.79769313486232e+308,1.79769313486232e+308,1.79769313486232e+308,1.79769313486232e+308,1.79769313486232e+308,1.79769313486232e+308,1.79769313486232e+308,1.79769313486232e+308,1.79769313486232e+308,1000,1000
32,"8/10/99",1,3110549,3,3,"Obtained as gift",1.79769313486232e+308,1.79769313486232e+308,1.79769313486232e+308,1.79769313486232e+308,1.79769313486232e+308,1.79769313486232e+308,1.79769313486232e+308,1.79769313486232e+308,1.79769313486232e+308,1.79769313486232e+308,25000,1.79769313486232e+308
31,"8/10/99",1,3110549,1,3,"Obtained as gift",1.79769313486232e+308,1.79769313486232e+308,1.79769313486232e+308,1.79769313486232e+308,1.79769313486232e+308,1.79769313486232e+308,1.79769313486232e+308,1.79769313486232e+308,1.79769313486232e+308,1.79769313486232e+308,8000,1.79769313486232e+308
33,"8/10/99",1,3110549,5,1,"Purchased",1.79769313486232e+308,1.79769313486232e+308,1.79769313486232e+308,1.79769313486232e+308,1.79769313486232e+308,1.79769313486232e+308,1.79769313486232e+308,1.79769313486232e+308,1.79769313486232e+308,1.79769313486232e+308,5000,1.79769313486232e+308
30,"8/10/99",1,3110549,1,1,"Purchased",200,1.79769313486232e+308,800,1.79769313486232e+308,15000,1.79769313486232e+308,2000,1.79769313486232e+308,1000,1.79769313486232e+308,1.79769313486232e+308,1.79769313486232e+308
11,"8/10/99",1,3110639,1,1,"Purchased",175,150,1.79769313486232e+308,1.79769313486232e+308,800,650,175,220,250,120,1.79769313486232e+308,1.79769313486232e+308
12,"8/10/99",1,3110639,2,3,"Obtained as gift",1.79769313486232e+308,1.79769313486232e+308,1.79769313486232e+308,1.79769313486232e+308,1.79769313486232e+308,1.79769313486232e+308,1.79769313486232e+308,1.79769313486232e+308,1.79769313486232e+308,1.79769313486232e+308,1000,1000
35,"8/10/99",1,3110649,1,2,"Inherited",1.79769313486232e+308,1.79769313486232e+308,1.79769313486232e+308,1.79769313486232e+308,9000,9000,5500,1.79769313486232e+308,1.79769313486232e+308,1.79769313486232e+308,1.79769313486232e+308,1.79769313486232e+308
36,"8/10/99",1,3110649,2,1,"Purchased",1.79769313486232e+308,1.79769313486232e+308,1.79769313486232e+308,1.79769313486232e+308,1.79769313486232e+308,1.79769313486232e+308,1.79769313486232e+308,1.79769313486232e+308,1.79769313486232e+308,1.79769313486232e+308,16000,1.79769313486232e+308
34,"8/10/99",1,3110649,1,1,"Purchased",180,180,2000,2000,15000,15000,1.79769313486232e+308,1.79769313486232e+308,4500,1.79769313486232e+308,1.79769313486232e+308,1.79769313486232e+308
13,"8/10/99",1,3110739,2,1,"Purchased",200,150,600,400,1000,1500,150,300,800,600,1.79769313486232e+308,1.79769313486232e+308
14,"8/10/99",1,3110739,1,3,"Obtained as gift",1.79769313486232e+308,1.79769313486232e+308,1.79769313486232e+308,1.79769313486232e+308,1.79769313486232e+308,1.79769313486232e+308,1.79769313486232e+308,1.79769313486232e+308,1.79769313486232e+308,1.79769313486232e+308,900,900
16,"8/10/99",1,3110839,2,1,"Purchased",1.79769313486232e+308,1.79769313486232e+308,1.79769313486232e+308,1.79769313486232e+308,1.79769313486232e+308,1.79769313486232e+308,1.79769313486232e+308,1.79769313486232e+308,1.79769313486232e+308,1.79769313486232e+308,200,200
17,"8/10/99",1,3110839,3,1,"Purchased",1.79769313486232e+308,1.79769313486232e+308,1.79769313486232e+308,1.79769313486232e+308,1.79769313486232e+308,1.79769313486232e+308,1.79769313486232e+308,1.79769313486232e+308,1.79769313486232e+308,1.79769313486232e+308,2500,2500
15,"8/10/99",1,3110839,1,1,"Purchased",300,200,1.79769313486232e+308,1.79769313486232e+308,3000,2500,1200,1500,1.79769313486232e+308,1.79769313486232e+308,1.79769313486232e+308,1.79769313486232e+308
18,"8/10/99",1,3110939,1,1,"Purchased",1.79769313486232e+308,1.79769313486232e+308,1.79769313486232e+308,1.79769313486232e+308,350,250,250,300,1.79769313486232e+308,1.79769313486232e+308,1.79769313486232e+308,1.79769313486232e+308
19,"8/10/99",1,3111039,2,1,"Purchased",100,75,1.79769313486232e+308,1.79769313486232e+308,4250,4250,2500,3000,3500,3000,1.79769313486232e+308,1.79769313486232e+308
21,"8/10/99",1,3111039,1,3,"Obtained as gift",1.79769313486232e+308,1.79769313486232e+308,1.79769313486232e+308,1.79769313486232e+308,1.79769313486232e+308,1.79769313486232e+308,1.79769313486232e+308,1.79769313486232e+308,1.79769313486232e+308,1.79769313486232e+308,3000,3000
20,"8/10/99",1,3111039,2,2,"Inherited",1.79769313486232e+308,1.79769313486232e+308,1.79769313486232e+308,1.79769313486232e+308,1000,1000,1.79769313486232e+308,1.79769313486232e+308,1.79769313486232e+308,1.79769313486232e+308,1.79769313486232e+308,1.79769313486232e+308
24,"8/10/99",1,3111139,1,1,"Purchased",200,150,1.79769313486232e+308,1.79769313486232e+308,3000,2500,125,200,200,150,1.79769313486232e+308,1.79769313486232e+308
26,"8/10/99",1,3111139,2,4,"Obtained as dowry",1.79769313486232e+308,1.79769313486232e+308,1.79769313486232e+308,1.79769313486232e+308,1.79769313486232e+308,1.79769313486232e+308,1.79769313486232e+308,1.79769313486232e+308,1.79769313486232e+308,1.79769313486232e+308,6000,6000
25,"8/10/99",1,3111139,1,4,"Obtained as dowry",1.79769313486232e+308,1.79769313486232e+308,1.79769313486232e+308,1.79769313486232e+308,1.79769313486232e+308,1.79769313486232e+308,1.79769313486232e+308,1.79769313486232e+308,400,400,600,600
2,"8/27/99",1,3120139,2,3,"Obtained as gift",1.79769313486232e+308,1.79769313486232e+308,1.79769313486232e+308,1.79769313486232e+308,1.79769313486232e+308,1.79769313486232e+308,1.79769313486232e+308,1.79769313486232e+308,1.79769313486232e+308,1.79769313486232e+308,2000,1.79769313486232e+308
1,"8/09/99",1,3120139,1,1,"Purchased",300,500,0,0,2000,5000,700,1000,2000,3000,1.79769313486232e+308,1.79769313486232e+308
20,"8/27/99",1,3120149,1,1,"Purchased",40,50,1.79769313486232e+308,1.79769313486232e+308,500,300,100,150,1.79769313486232e+308,1.79769313486232e+308,1.79769313486232e+308,1.79769313486232e+308
33,"8/27/99",1,3120159,1,1,"Purchased",150,1.79769313486232e+308,1.79769313486232e+308,1.79769313486232e+308,2000,1.79769313486232e+308,400,1.79769313486232e+308,1.79769313486232e+308,1.79769313486232e+308,1.79769313486232e+308,1.79769313486232e+308
3,"8/27/99",1,3120239,1,1,"Purchased",250,250,1.79769313486232e+308,1.79769313486232e+308,500,700,200,500,1.79769313486232e+308,1.79769313486232e+308,1.79769313486232e+308,1.79769313486232e+308
4,"8/27/99",1,3120239,2,3,"Obtained as gift",1.79769313486232e+308,1.79769313486232e+308,1.79769313486232e+308,1.79769313486232e+308,1.79769313486232e+308,1.79769313486232e+308,1.79769313486232e+308,1.79769313486232e+308,1.79769313486232e+308,1.79769313486232e+308,2000,1.79769313486232e+308
23,"8/27/99",1,3120249,2,4,"Obtained as dowry",1.79769313486232e+308,1.79769313486232e+308,1.79769313486232e+308,1.79769313486232e+308,1.79769313486232e+308,1.79769313486232e+308,1.79769313486232e+308,1.79769313486232e+308,1.79769313486232e+308,1.79769313486232e+308,15000,15000
22,"8/27/99",1,3120249,1,4,"Obtained as dowry",1.79769313486232e+308,1.79769313486232e+308,1.79769313486232e+308,1.79769313486232e+308,1.79769313486232e+308,1.79769313486232e+308,1.79769313486232e+308,1.79769313486232e+308,6000,6000,1.79769313486232e+308,1.79769313486232e+308
21,"8/27/99",1,3120249,1,1,"Purchased",100,100,1.79769313486232e+308,1.79769313486232e+308,5000,5000,1500,1500,1.79769313486232e+308,1.79769313486232e+308,1.79769313486232e+308,1.79769313486232e+308
34,"8/27/99",1,3120259,1,1,"Purchased",500,500,1.79769313486232e+308,1.79769313486232e+308,500,1.79769313486232e+308,2000,1.79769313486232e+308,8000,1.79769313486232e+308,1.79769313486232e+308,1.79769313486232e+308
36,"8/27/99",1,3120259,4,1,"Purchased",1.79769313486232e+308,1.79769313486232e+308,1.79769313486232e+308,1.79769313486232e+308,1.79769313486232e+308,1.79769313486232e+308,1.79769313486232e+308,1.79769313486232e+308,1.79769313486232e+308,1.79769313486232e+308,5000,1.79769313486232e+308
35,"8/27/99",1,3120259,2,3,"Obtained as gift",1.79769313486232e+308,1.79769313486232e+308,1.79769313486232e+308,1.79769313486232e+308,1.79769313486232e+308,1.79769313486232e+308,1.79769313486232e+308,1.79769313486232e+308,1.79769313486232e+308,1.79769313486232e+308,7000,1.79769313486232e+308
5,"8/27/99",1,3120339,1,1,"Purchased",100,100,1.79769313486232e+308,1.79769313486232e+308,1.79769313486232e+308,1.79769313486232e+308,200,300,1.79769313486232e+308,1.79769313486232e+308,1.79769313486232e+308,1200
26,"8/27/99",1,3120349,3,1,"Purchased",1.79769313486232e+308,1.79769313486232e+308,1.79769313486232e+308,1.79769313486232e+308,1.79769313486232e+308,1.79769313486232e+308,1.79769313486232e+308,1.79769313486232e+308,1.79769313486232e+308,1.79769313486232e+308,5500,1.79769313486232e+308
25,"8/27/99",1,3120349,2,4,"Obtained as dowry",1.79769313486232e+308,1.79769313486232e+308,1.79769313486232e+308,1.79769313486232e+308,1.79769313486232e+308,1.79769313486232e+308,1.79769313486232e+308,1.79769313486232e+308,1.79769313486232e+308,1.79769313486232e+308,10000,1.79769313486232e+308
24,"8/27/99",1,3120349,1,1,"Purchased",300,1.79769313486232e+308,1.79769313486232e+308,1.79769313486232e+308,10000,1.79769313486232e+308,1.79769313486232e+308,1.79769313486232e+308,6000,1.79769313486232e+308,1.79769313486232e+308,1.79769313486232e+308
38,"8/27/99",1,3120359,2,1,"Purchased",1.79769313486232e+308,1.79769313486232e+308,1.79769313486232e+308,1.79769313486232e+308,1.79769313486232e+308,1.79769313486232e+308,1.79769313486232e+308,1.79769313486232e+308,1.79769313486232e+308,1.79769313486232e+308,1000,1.79769313486232e+308
37,"8/27/99",1,3120359,1,1,"Purchased",400,1.79769313486232e+308,1.79769313486232e+308,1.79769313486232e+308,500,1.79769313486232e+308,500,1.79769313486232e+308,200,1.79769313486232e+308,1.79769313486232e+308,1.79769313486232e+308
7,"8/27/99",1,3120439,4,4,"Obtained as dowry",1.79769313486232e+308,1.79769313486232e+308,1.79769313486232e+308,1.79769313486232e+308,1.79769313486232e+308,1.79769313486232e+308,1.79769313486232e+308,1.79769313486232e+308,1.79769313486232e+308,1.79769313486232e+308,11000,11000
6,"8/27/99",1,3120439,1,1,"Purchased",200,200,1.79769313486232e+308,1.79769313486232e+308,2000,3000,400,500,1.79769313486232e+308,1.79769313486232e+308,1.79769313486232e+308,1.79769313486232e+308
27,"8/27/99",1,3120449,1,1,"Purchased",300,1.79769313486232e+308,1.79769313486232e+308,1.79769313486232e+308,1000,1.79769313486232e+308,300,1.79769313486232e+308,1.79769313486232e+308,1.79769313486232e+308,1.79769313486232e+308,1.79769313486232e+308
40,"8/27/99",1,3120459,2,3,"Obtained as gift",1.79769313486232e+308,1.79769313486232e+308,1.79769313486232e+308,1.79769313486232e+308,1.79769313486232e+308,1.79769313486232e+308,1.79769313486232e+308,1.79769313486232e+308,1.79769313486232e+308,1.79769313486232e+308,10000,10000
39,"8/27/99",1,3120459,1,1,"Purchased",250,1.79769313486232e+308,300,1.79769313486232e+308,5000,1.79769313486232e+308,1200,1.79769313486232e+308,1.79769313486232e+308,1.79769313486232e+308,1.79769313486232e+308,1.79769313486232e+308
10,"8/27/99",1,3120539,5,4,"Obtained as dowry",1.79769313486232e+308,1.79769313486232e+308,1.79769313486232e+308,1.79769313486232e+308,1.79769313486232e+308,1.79769313486232e+308,1.79769313486232e+308,1.79769313486232e+308,1.79769313486232e+308,1.79769313486232e+308,6000,6000
9,"8/27/99",1,3120539,4,4,"Obtained as dowry",1.79769313486232e+308,1.79769313486232e+308,1.79769313486232e+308,1.79769313486232e+308,7000,7000,1.79769313486232e+308,1.79769313486232e+308,1.79769313486232e+308,1.79769313486232e+308,1.79769313486232e+308,1.79769313486232e+308
8,"8/27/99",1,3120539,1,1,"Purchased",300,200,1.79769313486232e+308,1.79769313486232e+308,5000,3000,700,1000,1500,1200,1.79769313486232e+308,1.79769313486232e+308
28,"8/27/99",1,3120549,1,1,"Purchased",1000,1000,1.79769313486232e+308,1.79769313486232e+308,3000,1.79769313486232e+308,500,1.79769313486232e+308,1.79769313486232e+308,1.79769313486232e+308,1.79769313486232e+308,1.79769313486232e+308
12,"8/27/99",1,3120639,4,1,"Purchased",1.79769313486232e+308,1.79769313486232e+308,1.79769313486232e+308,1.79769313486232e+308,1.79769313486232e+308,1.79769313486232e+308,1.79769313486232e+308,1.79769313486232e+308,1.79769313486232e+308,1.79769313486232e+308,3000,55000
11,"8/27/99",1,3120639,2,1,"Purchased",500,400,1.79769313486232e+308,1.79769313486232e+308,5000,10000,300,500,8500,7500,1.79769313486232e+308,1.79769313486232e+308
29,"8/27/99",1,3120649,1,1,"Purchased",200,1.79769313486232e+308,350,1.79769313486232e+308,200,1.79769313486232e+308,300,1.79769313486232e+308,1.79769313486232e+308,1.79769313486232e+308,1.79769313486232e+308,1.79769313486232e+308
30,"8/27/99",1,3120649,2,3,"Obtained as gift",1.79769313486232e+308,1.79769313486232e+308,1.79769313486232e+308,1.79769313486232e+308,1.79769313486232e+308,1.79769313486232e+308,1.79769313486232e+308,1.79769313486232e+308,1.79769313486232e+308,1.79769313486232e+308,300,300
13,"8/27/99",1,3120739,1,1,"Purchased",1.79769313486232e+308,1.79769313486232e+308,1.79769313486232e+308,1.79769313486232e+308,1200,1000,150,200,1.79769313486232e+308,1.79769313486232e+308,1.79769313486232e+308,1.79769313486232e+308
14,"8/27/99",1,3120739,2,4,"Obtained as dowry",1.79769313486232e+308,1.79769313486232e+308,1.79769313486232e+308,1.79769313486232e+308,1.79769313486232e+308,1.79769313486232e+308,1.79769313486232e+308,1.79769313486232e+308,1.79769313486232e+308,1.79769313486232e+308,1000,1000
32,"8/27/99",1,3120749,2,4,"Obtained as dowry",1.79769313486232e+308,1.79769313486232e+308,1.79769313486232e+308,1.79769313486232e+308,1.79769313486232e+308,1.79769313486232e+308,1.79769313486232e+308,1.79769313486232e+308,1.79769313486232e+308,1.79769313486232e+308,6000,1.79769313486232e+308
31,"8/27/99",1,3120749,1,1,"Purchased",100,1.79769313486232e+308,1.79769313486232e+308,1.79769313486232e+308,25000,1.79769313486232e+308,2000,1.79769313486232e+308,6000,1.79769313486232e+308,1.79769313486232e+308,1.79769313486232e+308
16,"8/27/99",1,3120839,2,1,"Purchased",1.79769313486232e+308,1.79769313486232e+308,1.79769313486232e+308,1.79769313486232e+308,1.79769313486232e+308,1.79769313486232e+308,1.79769313486232e+308,1.79769313486232e+308,1.79769313486232e+308,1.79769313486232e+308,3000,3000
15,"8/27/99",1,3120839,1,1,"Purchased",1.79769313486232e+308,1.79769313486232e+308,1.79769313486232e+308,1.79769313486232e+308,4000,5000,600,1500,1.79769313486232e+308,1.79769313486232e+308,1.79769313486232e+308,1.79769313486232e+308
17,"8/27/99",1,3120939,1,1,"Purchased",200,300,1.79769313486232e+308,1.79769313486232e+308,1.79769313486232e+308,1.79769313486232e+308,200,300,1.79769313486232e+308,1.79769313486232e+308,1.79769313486232e+308,1.79769313486232e+308
19,"8/27/99",1,3121039,7,3,"Obtained as gift",1.79769313486232e+308,1.79769313486232e+308,1.79769313486232e+308,1.79769313486232e+308,1.79769313486232e+308,1.79769313486232e+308,1.79769313486232e+308,1.79769313486232e+308,1.79769313486232e+308,1.79769313486232e+308,3000,3000
18,"8/27/99",1,3121039,2,1,"Purchased",150,200,1.79769313486232e+308,1.79769313486232e+308,900,500,200,300,1.79769313486232e+308,1.79769313486232e+308,1.79769313486232e+308,1.79769313486232e+308
169,"8/25/99",1,3130139,1,1,"Purchased",150,350,1.79769313486232e+308,1.79769313486232e+308,1000,2800,350,650,1.79769313486232e+308,1.79769313486232e+308,150,150
183,"9/06/99",1,3130149,1,1,"Purchased",300,200,1.79769313486232e+308,1.79769313486232e+308,2000,2000,400,500,2000,1.79769313486232e+308,1.79769313486232e+308,1.79769313486232e+308
184,"9/06/99",1,3130149,2,4,"Obtained as dowry",1.79769313486232e+308,1.79769313486232e+308,1.79769313486232e+308,1.79769313486232e+308,1.79769313486232e+308,1.79769313486232e+308,1.79769313486232e+308,1.79769313486232e+308,1.79769313486232e+308,1.79769313486232e+308,200,200
213,"9/06/99",1,3130159,2,3,"Obtained as gift",1.79769313486232e+308,1.79769313486232e+308,1.79769313486232e+308,1.79769313486232e+308,1.79769313486232e+308,1.79769313486232e+308,1.79769313486232e+308,1.79769313486232e+308,1.79769313486232e+308,1.79769313486232e+308,1.79769313486232e+308,200
212,"9/06/99",1,3130159,1,1,"Purchased",1.79769313486232e+308,120,1.79769313486232e+308,1.79769313486232e+308,1.79769313486232e+308,250,1.79769313486232e+308,800,1.79769313486232e+308,1.79769313486232e+308,1.79769313486232e+308,1.79769313486232e+308
170,"9/06/99",1,3130239,1,1,"Purchased",200,200,1.79769313486232e+308,1.79769313486232e+308,200,200,250,300,1.79769313486232e+308,1.79769313486232e+308,1.79769313486232e+308,1.79769313486232e+308
171,"9/06/99",1,3130239,2,4,"Obtained as dowry",1.79769313486232e+308,1.79769313486232e+308,1.79769313486232e+308,1.79769313486232e+308,1.79769313486232e+308,1.79769313486232e+308,1.79769313486232e+308,1.79769313486232e+308,1.79769313486232e+308,1.79769313486232e+308,1200,1200
187,"9/06/99",1,3130249,2,1,"Purchased",1.79769313486232e+308,1.79769313486232e+308,1.79769313486232e+308,1.79769313486232e+308,1.79769313486232e+308,1.79769313486232e+308,1.79769313486232e+308,1.79769313486232e+308,1.79769313486232e+308,1.79769313486232e+308,3000,3000
185,"9/06/99",1,3130249,1,1,"Purchased",150,200,1.79769313486232e+308,1.79769313486232e+308,1500,1500,1000,1000,2000,1500,1.79769313486232e+308,1.79769313486232e+308
186,"9/06/99",1,3130249,1,2,"Inherited",1.79769313486232e+308,1.79769313486232e+308,1.79769313486232e+308,1.79769313486232e+308,1500,1500,700,700,1.79769313486232e+308,1.79769313486232e+308,1.79769313486232e+308,1.79769313486232e+308
214,"9/06/99",1,3130259,1,1,"Purchased",1.79769313486232e+308,170,1.79769313486232e+308,1.79769313486232e+308,1.79769313486232e+308,7500,1.79769313486232e+308,1250,1.79769313486232e+308,400,1.79769313486232e+308,1.79769313486232e+308
215,"9/06/99",1,3130259,2,3,"Obtained as gift",1.79769313486232e+308,1.79769313486232e+308,1.79769313486232e+308,1.79769313486232e+308,1.79769313486232e+308,1.79769313486232e+308,1.79769313486232e+308,1.79769313486232e+308,1.79769313486232e+308,1.79769313486232e+308,1.79769313486232e+308,200
216,"9/06/99",1,3130259,10,3,"Obtained as gift",1.79769313486232e+308,1.79769313486232e+308,1.79769313486232e+308,1.79769313486232e+308,1.79769313486232e+308,1.79769313486232e+308,1.79769313486232e+308,1.79769313486232e+308,1.79769313486232e+308,1.79769313486232e+308,1.79769313486232e+308,3000
173,"9/06/99",1,3130339,2,3,"Obtained as gift",1.79769313486232e+308,1.79769313486232e+308,1.79769313486232e+308,1.79769313486232e+308,1.79769313486232e+308,1.79769313486232e+308,1.79769313486232e+308,1.79769313486232e+308,1.79769313486232e+308,1.79769313486232e+308,200,200
172,"9/06/99",1,3130339,1,1,"Purchased",120,180,1.79769313486232e+308,1.79769313486232e+308,1800,2700,470,1200,1.79769313486232e+308,600,1.79769313486232e+308,1.79769313486232e+308
174,"9/06/99",1,3130339,4,3,"Obtained as gift",1.79769313486232e+308,1.79769313486232e+308,1.79769313486232e+308,1.79769313486232e+308,1.79769313486232e+308,1.79769313486232e+308,1.79769313486232e+308,1.79769313486232e+308,1.79769313486232e+308,1.79769313486232e+308,6000,6000
188,"9/06/99",1,3130349,1,1,"Purchased",1,100,50,1.79769313486232e+308,1.79769313486232e+308,2500,3000,1800,2000,1.79769313486232e+308,1.79769313486232e+308,1.79769313486232e+308
189,"9/06/99",1,3130349,2,1,"Purchased",1.79769313486232e+308,1.79769313486232e+308,1.79769313486232e+308,1.79769313486232e+308,1.79769313486232e+308,1.79769313486232e+308,1.79769313486232e+308,1.79769313486232e+308,1.79769313486232e+308,1.79769313486232e+308,2000,2000
190,"9/06/99",1,3130349,13,4,"Obtained as dowry",1.79769313486232e+308,1.79769313486232e+308,1.79769313486232e+308,1.79769313486232e+308,1.79769313486232e+308,1.79769313486232e+308,1.79769313486232e+308,1.79769313486232e+308,1.79769313486232e+308,1.79769313486232e+308,1500,1500
217,"9/06/99",1,3130359,1,1,"Purchased",1.79769313486232e+308,160,1.79769313486232e+308,1.79769313486232e+308,1.79769313486232e+308,16400,1.79769313486232e+308,2300,1.79769313486232e+308,7000,1.79769313486232e+308,1.79769313486232e+308
218,"9/06/99",1,3130359,2,3,"Obtained as gift",1.79769313486232e+308,1.79769313486232e+308,1.79769313486232e+308,1.79769313486232e+308,1.79769313486232e+308,1.79769313486232e+308,1.79769313486232e+308,1.79769313486232e+308,1.79769313486232e+308,1.79769313486232e+308,1.79769313486232e+308,9000
176,"9/06/99",1,3130439,2,3,"Obtained as gift",1.79769313486232e+308,1.79769313486232e+308,1.79769313486232e+308,1.79769313486232e+308,1.79769313486232e+308,1.79769313486232e+308,1.79769313486232e+308,1.79769313486232e+308,1.79769313486232e+308,1.79769313486232e+308,200,200
175,"9/06/99",1,3130439,1,1,"Purchased",120,180,1.79769313486232e+308,1.79769313486232e+308,1200,1500,700,1000,350,350,1.79769313486232e+308,1.79769313486232e+308
191,"9/06/99",1,3130449,1,1,"Purchased",60,120,1.79769313486232e+308,1.79769313486232e+308,400,700,330,500,1.79769313486232e+308,1.79769313486232e+308,1.79769313486232e+308,1.79769313486232e+308
192,"9/06/99",1,3130449,2,3,"Obtained as gift",1.79769313486232e+308,1.79769313486232e+308,1.79769313486232e+308,1.79769313486232e+308,1.79769313486232e+308,1.79769313486232e+308,1.79769313486232e+308,1.79769313486232e+308,1.79769313486232e+308,1.79769313486232e+308,200,200
220,"9/06/99",1,3130459,2,1,"Purchased",1.79769313486232e+308,1.79769313486232e+308,1.79769313486232e+308,1.79769313486232e+308,1.79769313486232e+308,1.79769313486232e+308,1.79769313486232e+308,1.79769313486232e+308,1.79769313486232e+308,1.79769313486232e+308,1000,1.79769313486232e+308
219,"9/06/99",1,3130459,1,1,"Purchased",500,1.79769313486232e+308,600,1.79769313486232e+308,15000,1.79769313486232e+308,15000,1.79769313486232e+308,12000,1.79769313486232e+308,1.79769313486232e+308,1.79769313486232e+308
221,"9/06/99",1,3130459,8,1,"Purchased",1.79769313486232e+308,1.79769313486232e+308,1.79769313486232e+308,1.79769313486232e+308,1.79769313486232e+308,1.79769313486232e+308,1.79769313486232e+308,1.79769313486232e+308,1.79769313486232e+308,1.79769313486232e+308,3000,1.79769313486232e+308
179,"9/06/99",1,3130539,3,1,"Purchased",1.79769313486232e+308,1.79769313486232e+308,1.79769313486232e+308,1.79769313486232e+308,1.79769313486232e+308,1.79769313486232e+308,1.79769313486232e+308,1.79769313486232e+308,1.79769313486232e+308,1.79769313486232e+308,1.79769313486232e+308,200
180,"9/06/99",1,3130539,4,1,"Purchased",1.79769313486232e+308,1.79769313486232e+308,1.79769313486232e+308,1.79769313486232e+308,1.79769313486232e+308,1.79769313486232e+308,1.79769313486232e+308,1.79769313486232e+308,1.79769313486232e+308,1.79769313486232e+308,1.79769313486232e+308,200
177,"9/06/99",1,3130539,2,1,"Purchased",50,100,1.79769313486232e+308,1.79769313486232e+308,300,500,250,300,1.79769313486232e+308,1.79769313486232e+308,1.79769313486232e+308,1.79769313486232e+308
178,"9/06/99",1,3130539,2,3,"Obtained as gift",1.79769313486232e+308,1.79769313486232e+308,1.79769313486232e+308,1.79769313486232e+308,1.79769313486232e+308,1.79769313486232e+308,1.79769313486232e+308,1.79769313486232e+308,1.79769313486232e+308,1.79769313486232e+308,175,175
194,"9/06/99",1,3130549,1,3,"Obtained as gift",1.79769313486232e+308,1.79769313486232e+308,1.79769313486232e+308,1.79769313486232e+308,1.79769313486232e+308,1.79769313486232e+308,1.79769313486232e+308,1.79769313486232e+308,1.79769313486232e+308,1.79769313486232e+308,200,200
193,"9/06/99",1,3130549,1,1,"Purchased",50,170,1.79769313486232e+308,1.79769313486232e+308,1800,2700,450,850,1.79769313486232e+308,1.79769313486232e+308,1.79769313486232e+308,1.79769313486232e+308
181,"9/06/99",1,3130629,1,1,"Purchased",70,70,1.79769313486232e+308,1.79769313486232e+308,700,1000,300,650,1.79769313486232e+308,1.79769313486232e+308,1.79769313486232e+308,1.79769313486232e+308
182,"9/06/99",1,3130629,2,3,"Obtained as gift",1.79769313486232e+308,1.79769313486232e+308,1.79769313486232e+308,1.79769313486232e+308,1.79769313486232e+308,1.79769313486232e+308,1.79769313486232e+308,1.79769313486232e+308,1.79769313486232e+308,1.79769313486232e+308,200,200
196,"9/06/99",1,3130649,2,3,"Obtained as gift",1.79769313486232e+308,1.79769313486232e+308,1.79769313486232e+308,1.79769313486232e+308,1.79769313486232e+308,1.79769313486232e+308,1.79769313486232e+308,1.79769313486232e+308,1.79769313486232e+308,1.79769313486232e+308,200,200
195,"9/06/99",1,3130649,1,1,"Purchased",70,130,1.79769313486232e+308,1.79769313486232e+308,1600,2700,370,500,1.79769313486232e+308,1.79769313486232e+308,1.79769313486232e+308,1.79769313486232e+308
198,"9/06/99",1,3130749,1,3,"Obtained as gift",1.79769313486232e+308,1.79769313486232e+308,1.79769313486232e+308,1.79769313486232e+308,1.79769313486232e+308,1.79769313486232e+308,1.79769313486232e+308,1.79769313486232e+308,1.79769313486232e+308,1.79769313486232e+308,1.79769313486232e+308,3000
197,"9/06/99",1,3130749,1,1,"Purchased",1.79769313486232e+308,160,1.79769313486232e+308,1.79769313486232e+308,1.79769313486232e+308,6000,1.79769313486232e+308,780,1.79769313486232e+308,600,1.79769313486232e+308,1.79769313486232e+308
199,"9/06/99",1,3130749,3,3,"Obtained as gift",1.79769313486232e+308,1.79769313486232e+308,1.79769313486232e+308,1.79769313486232e+308,1.79769313486232e+308,1.79769313486232e+308,1.79769313486232e+308,1.79769313486232e+308,1.79769313486232e+308,1.79769313486232e+308,1.79769313486232e+308,12000
200,"9/06/99",1,3130849,1,1,"Purchased",1.79769313486232e+308,210,1.79769313486232e+308,1.79769313486232e+308,1.79769313486232e+308,15000,1.79769313486232e+308,4000,1.79769313486232e+308,12000,1.79769313486232e+308,1.79769313486232e+308
201,"9/06/99",1,3130849,2,3,"Obtained as gift",1.79769313486232e+308,1.79769313486232e+308,1.79769313486232e+308,1.79769313486232e+308,1.79769313486232e+308,1.79769313486232e+308,1.79769313486232e+308,1.79769313486232e+308,1.79769313486232e+308,1.79769313486232e+308,1.79769313486232e+308,12000
202,"9/06/99",1,3130949,1,1,"Purchased",110,1.79769313486232e+308,500,1.79769313486232e+308,15000,1.79769313486232e+308,1000,1.79769313486232e+308,3000,1.79769313486232e+308,1.79769313486232e+308,1.79769313486232e+308
203,"9/06/99",1,3130949,4,3,"Obtained as gift",1.79769313486232e+308,1.79769313486232e+308,1.79769313486232e+308,1.79769313486232e+308,1.79769313486232e+308,1.79769313486232e+308,1.79769313486232e+308,1.79769313486232e+308,1.79769313486232e+308,1.79769313486232e+308,500,1.79769313486232e+308
204,"9/06/99",1,3131049,1,1,"Purchased",70,1.79769313486232e+308,1.79769313486232e+308,1.79769313486232e+308,500,1.79769313486232e+308,300,1.79769313486232e+308,1.79769313486232e+308,1.79769313486232e+308,1.79769313486232e+308,1.79769313486232e+308
206,"9/06/99",1,3131049,2,1,"Purchased",1.79769313486232e+308,1.79769313486232e+308,1.79769313486232e+308,1.79769313486232e+308,1.79769313486232e+308,1.79769313486232e+308,1.79769313486232e+308,1.79769313486232e+308,1.79769313486232e+308,1.79769313486232e+308,500,1.79769313486232e+308
205,"9/06/99",1,3131049,1,2,"Inherited",1.79769313486232e+308,1.79769313486232e+308,1.79769313486232e+308,1.79769313486232e+308,1500,1.79769313486232e+308,1.79769313486232e+308,1.79769313486232e+308,1.79769313486232e+308,1.79769313486232e+308,1.79769313486232e+308,1.79769313486232e+308
207,"9/06/99",1,3131049,3,1,"Purchased",1.79769313486232e+308,1.79769313486232e+308,1.79769313486232e+308,1.79769313486232e+308,1.79769313486232e+308,1.79769313486232e+308,1.79769313486232e+308,1.79769313486232e+308,1.79769313486232e+308,1.79769313486232e+308,220,1.79769313486232e+308
210,"9/06/99",1,3131149,2,1,"Purchased",1.79769313486232e+308,1.79769313486232e+308,1.79769313486232e+308,1.79769313486232e+308,1.79769313486232e+308,1.79769313486232e+308,1.79769313486232e+308,1.79769313486232e+308,1.79769313486232e+308,1.79769313486232e+308,12000,1.79769313486232e+308
209,"9/06/99",1,3131149,1,3,"Obtained as gift",1.79769313486232e+308,1.79769313486232e+308,1.79769313486232e+308,1.79769313486232e+308,25000,1.79769313486232e+308,2000,1.79769313486232e+308,3000,1.79769313486232e+308,1500,1.79769313486232e+308
208,"9/06/99",1,3131149,1,1,"Purchased",150,1.79769313486232e+308,1.79769313486232e+308,1.79769313486232e+308,1.79769313486232e+308,1.79769313486232e+308,1000,1.79769313486232e+308,1200,1.79769313486232e+308,1.79769313486232e+308,1.79769313486232e+308
211,"9/06/99",1,3131149,2,3,"Obtained as gift",1.79769313486232e+308,1.79769313486232e+308,1.79769313486232e+308,1.79769313486232e+308,1.79769313486232e+308,1.79769313486232e+308,1.79769313486232e+308,1.79769313486232e+308,1.79769313486232e+308,1.79769313486232e+308,12000,1.79769313486232e+308
2,"8/12/99",1,3210139,2,3,"Obtained as gift",1.79769313486232e+308,1.79769313486232e+308,1.79769313486232e+308,1.79769313486232e+308,1.79769313486232e+308,1.79769313486232e+308,1.79769313486232e+308,1.79769313486232e+308,1.79769313486232e+308,1.79769313486232e+308,200,200
1,"8/09/99",1,3210139,1,1,"Purchased",300,500,0,0,0,0,200,1200,1.79769313486232e+308,1.79769313486232e+308,1.79769313486232e+308,1.79769313486232e+308
19,"8/12/99",1,3210149,1,1,"Purchased",1000,1500,1.79769313486232e+308,1.79769313486232e+308,2000,4000,300,1000,1.79769313486232e+308,1846,1.79769313486232e+308,1.79769313486232e+308
20,"8/12/99",1,3210149,2,1,"Purchased",1.79769313486232e+308,1.79769313486232e+308,1.79769313486232e+308,1.79769313486232e+308,1.79769313486232e+308,1.79769313486232e+308,1.79769313486232e+308,1.79769313486232e+308,1.79769313486232e+308,1.79769313486232e+308,1.79769313486232e+308,8000
31,"8/12/99",1,3210159,3,1,"Purchased",1.79769313486232e+308,1.79769313486232e+308,1.79769313486232e+308,1.79769313486232e+308,1.79769313486232e+308,1.79769313486232e+308,1.79769313486232e+308,1.79769313486232e+308,1.79769313486232e+308,1.79769313486232e+308,11000,1.79769313486232e+308
30,"8/12/99",1,3210159,1,1,"Purchased",200,1.79769313486232e+308,1.79769313486232e+308,1.79769313486232e+308,13400,1.79769313486232e+308,1740,1.79769313486232e+308,2500,1.79769313486232e+308,11000,1.79769313486232e+308
3,"8/12/99",1,3210239,1,1,"Purchased",100,200,1.79769313486232e+308,1.79769313486232e+308,3000,5500,750,1730,1500,11500,1.79769313486232e+308,1.79769313486232e+308
4,"8/12/99",1,3210239,2,1,"Purchased",1.79769313486232e+308,1.79769313486232e+308,1.79769313486232e+308,1.79769313486232e+308,1.79769313486232e+308,1.79769313486232e+308,1.79769313486232e+308,1.79769313486232e+308,1.79769313486232e+308,1.79769313486232e+308,6000,6000
22,"8/12/99",1,3210249,2,1,"Purchased",1.79769313486232e+308,1.79769313486232e+308,1.79769313486232e+308,1.79769313486232e+308,1.79769313486232e+308,1.79769313486232e+308,1.79769313486232e+308,1.79769313486232e+308,1.79769313486232e+308,1.79769313486232e+308,15000,1.79769313486232e+308
23,"8/12/99",1,3210249,5,3,"Obtained as gift",1.79769313486232e+308,1.79769313486232e+308,1.79769313486232e+308,1.79769313486232e+308,1.79769313486232e+308,1.79769313486232e+308,1.79769313486232e+308,1.79769313486232e+308,1.79769313486232e+308,1.79769313486232e+308,15000,1.79769313486232e+308
21,"8/12/99",1,3210249,1,1,"Purchased",470,1.79769313486232e+308,1.79769313486232e+308,1.79769313486232e+308,18500,1.79769313486232e+308,1570,1.79769313486232e+308,4500,1.79769313486232e+308,1.79769313486232e+308,1.79769313486232e+308
32,"8/12/99",1,3210259,1,1,"Purchased",70,1.79769313486232e+308,1.79769313486232e+308,1.79769313486232e+308,5550,1.79769313486232e+308,730,1.79769313486232e+308,560,1.79769313486232e+308,1.79769313486232e+308,1.79769313486232e+308
33,"8/12/99",1,3210259,2,1,"Purchased",1.79769313486232e+308,1.79769313486232e+308,1.79769313486232e+308,1.79769313486232e+308,1.79769313486232e+308,1.79769313486232e+308,1.79769313486232e+308,1.79769313486232e+308,1.79769313486232e+308,1.79769313486232e+308,8000,1.79769313486232e+308
5,"8/12/99",1,3210339,1,1,"Purchased",1.79769313486232e+308,130,1.79769313486232e+308,1.79769313486232e+308,1.79769313486232e+308,150,120,340,1.79769313486232e+308,1.79769313486232e+308,1.79769313486232e+308,1.79769313486232e+308
24,"8/12/99",1,3210349,1,1,"Purchased",200,1.79769313486232e+308,1.79769313486232e+308,1.79769313486232e+308,500,1.79769313486232e+308,600,1.79769313486232e+308,1.79769313486232e+308,1.79769313486232e+308,1.79769313486232e+308,1.79769313486232e+308
34,"8/12/99",1,3210359,1,1,"Purchased",150,1.79769313486232e+308,3200,1.79769313486232e+308,4000,1.79769313486232e+308,3000,1.79769313486232e+308,7000,1.79769313486232e+308,1.79769313486232e+308,1.79769313486232e+308
35,"8/12/99",1,3210359,2,1,"Purchased",1.79769313486232e+308,1.79769313486232e+308,1.79769313486232e+308,1.79769313486232e+308,1.79769313486232e+308,1.79769313486232e+308,1.79769313486232e+308,1.79769313486232e+308,1.79769313486232e+308,1.79769313486232e+308,18000,1.79769313486232e+308
6,"8/12/99",1,3210439,1,1,"Purchased",170,220,1.79769313486232e+308,1.79769313486232e+308,170,700,230,350,1.79769313486232e+308,1.79769313486232e+308,1.79769313486232e+308,1.79769313486232e+308
7,"8/12/99",1,3210439,2,1,"Purchased",1.79769313486232e+308,1.79769313486232e+308,1.79769313486232e+308,1.79769313486232e+308,1.79769313486232e+308,1.79769313486232e+308,1.79769313486232e+308,1.79769313486232e+308,1.79769313486232e+308,1.79769313486232e+308,800,800
8,"8/12/99",1,3210439,2,2,"Inherited",1.79769313486232e+308,1.79769313486232e+308,1.79769313486232e+308,1.79769313486232e+308,1.79769313486232e+308,1.79769313486232e+308,1.79769313486232e+308,1.79769313486232e+308,1.79769313486232e+308,1.79769313486232e+308,700,700
25,"8/12/99",1,3210449,1,1,"Purchased",450,1.79769313486232e+308,1.79769313486232e+308,1.79769313486232e+308,1.79769313486232e+308,1.79769313486232e+308,1.79769313486232e+308,1.79769313486232e+308,1200,1.79769313486232e+308,1.79769313486232e+308,1.79769313486232e+308
36,"8/12/99",1,3210459,2,1,"Purchased",400,1.79769313486232e+308,1.79769313486232e+308,1.79769313486232e+308,18000,1.79769313486232e+308,1200,1.79769313486232e+308,4250,1.79769313486232e+308,1.79769313486232e+308,1.79769313486232e+308
37,"8/12/99",1,3210459,1,1,"Purchased",1.79769313486232e+308,1.79769313486232e+308,1.79769313486232e+308,1.79769313486232e+308,1.79769313486232e+308,1.79769313486232e+308,1.79769313486232e+308,1.79769313486232e+308,1.79769313486232e+308,1.79769313486232e+308,24000,1.79769313486232e+308
9,"8/12/99",1,3210539,1,1,"Purchased",120,210,1.79769313486232e+308,1.79769313486232e+308,300,700,230,640,1.79769313486232e+308,1.79769313486232e+308,1.79769313486232e+308,1.79769313486232e+308
26,"8/12/99",1,3210549,1,1,"Purchased",1.79769313486232e+308,1.79769313486232e+308,1.79769313486232e+308,1.79769313486232e+308,850,1.79769313486232e+308,300,1.79769313486232e+308,1.79769313486232e+308,1.79769313486232e+308,1.79769313486232e+308,1.79769313486232e+308
10,"8/12/99",1,3210619,1,1,"Purchased",120,190,1.79769313486232e+308,1.79769313486232e+308,60,700,230,490,1.79769313486232e+308,1.79769313486232e+308,1.79769313486232e+308,1.79769313486232e+308
27,"8/12/99",1,3210649,1,1,"Purchased",150,1.79769313486232e+308,1.79769313486232e+308,1.79769313486232e+308,500,1.79769313486232e+308,1800,1.79769313486232e+308,1.79769313486232e+308,1.79769313486232e+308,1.79769313486232e+308,1.79769313486232e+308
11,"8/12/99",1,3210739,1,1,"Purchased",80,150,1.79769313486232e+308,1.79769313486232e+308,1.79769313486232e+308,225,400,725,1.79769313486232e+308,1.79769313486232e+308,1.79769313486232e+308,1.79769313486232e+308
28,"8/12/99",1,3210749,1,1,"Purchased",100,100,1.79769313486232e+308,1.79769313486232e+308,3500,4000,700,1000,1.79769313486232e+308,1.79769313486232e+308,1.79769313486232e+308,1.79769313486232e+308
29,"8/12/99",1,3210749,3,3,"Obtained as gift",1.79769313486232e+308,1.79769313486232e+308,1.79769313486232e+308,1.79769313486232e+308,1.79769313486232e+308,1.79769313486232e+308,1.79769313486232e+308,1.79769313486232e+308,1.79769313486232e+308,1.79769313486232e+308,800,800
14,"8/12/99",1,3210829,3,3,"Obtained as gift",1.79769313486232e+308,1.79769313486232e+308,1.79769313486232e+308,1.79769313486232e+308,1.79769313486232e+308,1.79769313486232e+308,1.79769313486232e+308,1.79769313486232e+308,1.79769313486232e+308,1.79769313486232e+308,1.79769313486232e+308,3150
13,"8/12/99",1,3210829,2,4,"Obtained as dowry",1.79769313486232e+308,1.79769313486232e+308,1.79769313486232e+308,1.79769313486232e+308,1.79769313486232e+308,1.79769313486232e+308,1.79769313486232e+308,1.79769313486232e+308,1.79769313486232e+308,1.79769313486232e+308,250,250
12,"8/12/99",1,3210829,2,1,"Purchased",25,215,1.79769313486232e+308,3200,200,1300,1.79769313486232e+308,1.79769313486232e+308,1.79769313486232e+308,160,1.79769313486232e+308,1.79769313486232e+308
16,"8/12/99",1,3210929,2,1,"Purchased",1.79769313486232e+308,1.79769313486232e+308,1.79769313486232e+308,1.79769313486232e+308,1.79769313486232e+308,1.79769313486232e+308,1.79769313486232e+308,1.79769313486232e+308,1.79769313486232e+308,1.79769313486232e+308,2000,2000
15,"8/12/99",1,3210929,1,1,"Purchased",50,50,1.79769313486232e+308,1.79769313486232e+308,15000,1500,1000,3000,7200,7200,1.79769313486232e+308,1.79769313486232e+308
18,"8/12/99",1,3211039,2,2,"Inherited",1.79769313486232e+308,1.79769313486232e+308,1.79769313486232e+308,1.79769313486232e+308,1.79769313486232e+308,1.79769313486232e+308,1.79769313486232e+308,1.79769313486232e+308,1.79769313486232e+308,1.79769313486232e+308,1500,1500
17,"8/12/99",1,3211039,1,1,"Purchased",1.79769313486232e+308,180,1.79769313486232e+308,1.79769313486232e+308,150,480,100,230,1.79769313486232e+308,1.79769313486232e+308,1.79769313486232e+308,1.79769313486232e+308
1,"8/24/99",1,3220139,1,1,"Purchased",50,150,1.79769313486232e+308,1.79769313486232e+308,1.79769313486232e+308,50,150,350,1.79769313486232e+308,1.79769313486232e+308,1.79769313486232e+308,1.79769313486232e+308
17,"9/06/99",1,3220149,2,1,"Purchased",1.79769313486232e+308,1.79769313486232e+308,1.79769313486232e+308,1.79769313486232e+308,1.79769313486232e+308,1.79769313486232e+308,1.79769313486232e+308,1.79769313486232e+308,1.79769313486232e+308,1.79769313486232e+308,200,1.79769313486232e+308
16,"9/06/99",1,3220149,1,1,"Purchased",100,1.79769313486232e+308,1.79769313486232e+308,1.79769313486232e+308,150,1.79769313486232e+308,500,1.79769313486232e+308,1.79769313486232e+308,1.79769313486232e+308,1.79769313486232e+308,1.79769313486232e+308
25,"9/06/99",1,3220159,1,1,"Purchased",600,1.79769313486232e+308,1.79769313486232e+308,1.79769313486232e+308,200,1.79769313486232e+308,1500,1.79769313486232e+308,1.79769313486232e+308,1.79769313486232e+308,1.79769313486232e+308,1.79769313486232e+308
26,"9/06/99",1,3220159,2,1,"Purchased",1.79769313486232e+308,1.79769313486232e+308,1.79769313486232e+308,1.79769313486232e+308,1.79769313486232e+308,1.79769313486232e+308,1.79769313486232e+308,1.79769313486232e+308,1.79769313486232e+308,1.79769313486232e+308,6000,1.79769313486232e+308
2,"8/24/99",1,3220239,1,1,"Purchased",400,860,1.79769313486232e+308,1.79769313486232e+308,50,140,120,320,1.79769313486232e+308,1.79769313486232e+308,1.79769313486232e+308,1.79769313486232e+308
20,"9/06/99",1,3220249,2,3,"Obtained as gift",1.79769313486232e+308,1.79769313486232e+308,1.79769313486232e+308,1.79769313486232e+308,1.79769313486232e+308,1.79769313486232e+308,1.79769313486232e+308,1.79769313486232e+308,1.79769313486232e+308,1.79769313486232e+308,1000,1.79769313486232e+308
19,"9/06/99",1,3220249,2,1,"Purchased",1.79769313486232e+308,1.79769313486232e+308,1.79769313486232e+308,1.79769313486232e+308,1.79769313486232e+308,1.79769313486232e+308,1.79769313486232e+308,1.79769313486232e+308,1.79769313486232e+308,1.79769313486232e+308,500,1.79769313486232e+308
18,"9/06/99",1,3220249,1,1,"Purchased",1.79769313486232e+308,150,1.79769313486232e+308,1.79769313486232e+308,1.79769313486232e+308,8000,1.79769313486232e+308,1500,1.79769313486232e+308,1.79769313486232e+308,1.79769313486232e+308,1.79769313486232e+308
29,"9/06/99",1,3220259,3,2,"Inherited",1.79769313486232e+308,1.79769313486232e+308,1.79769313486232e+308,1.79769313486232e+308,1.79769313486232e+308,1.79769313486232e+308,1.79769313486232e+308,1.79769313486232e+308,1.79769313486232e+308,1.79769313486232e+308,1.79769313486232e+308,12000
30,"9/06/99",1,3220259,3,3,"Obtained as gift",1.79769313486232e+308,1.79769313486232e+308,1.79769313486232e+308,1.79769313486232e+308,1.79769313486232e+308,1.79769313486232e+308,1.79769313486232e+308,1.79769313486232e+308,1.79769313486232e+308,1.79769313486232e+308,1.79769313486232e+308,6000
28,"9/06/99",1,3220259,1,3,"Obtained as gift",1.79769313486232e+308,1.79769313486232e+308,1.79769313486232e+308,1.79769313486232e+308,1.79769313486232e+308,1.79769313486232e+308,1.79769313486232e+308,1.79769313486232e+308,1.79769313486232e+308,1.79769313486232e+308,1.79769313486232e+308,12000
27,"9/06/99",1,3220259,1,1,"Purchased",1.79769313486232e+308,400,1.79769313486232e+308,1.79769313486232e+308,1.79769313486232e+308,18000,1.79769313486232e+308,2700,1.79769313486232e+308,12000,1.79769313486232e+308,1.79769313486232e+308
3,"8/24/99",1,3220339,1,1,"Purchased",90,90,1.79769313486232e+308,1.79769313486232e+308,1100,2100,120,720,1.79769313486232e+308,1.79769313486232e+308,1.79769313486232e+308,1.79769313486232e+308
4,"8/24/99",1,3220339,1,3,"Obtained as gift",1.79769313486232e+308,1.79769313486232e+308,1.79769313486232e+308,1.79769313486232e+308,1.79769313486232e+308,1.79769313486232e+308,1.79769313486232e+308,1.79769313486232e+308,1.79769313486232e+308,1.79769313486232e+308,200,200
21,"9/06/99",1,3220349,2,1,"Purchased",1.79769313486232e+308,200,1.79769313486232e+308,1.79769313486232e+308,1.79769313486232e+308,1.79769313486232e+308,1.79769313486232e+308,1500,1.79769313486232e+308,1.79769313486232e+308,1.79769313486232e+308,1.79769313486232e+308
22,"9/06/99",1,3220349,1,3,"Obtained as gift",1.79769313486232e+308,1.79769313486232e+308,1.79769313486232e+308,1.79769313486232e+308,1.79769313486232e+308,1.79769313486232e+308,1.79769313486232e+308,1.79769313486232e+308,1.79769313486232e+308,1.79769313486232e+308,900,1.79769313486232e+308
32,"9/06/99",1,3220359,2,3,"Obtained as gift",1.79769313486232e+308,1.79769313486232e+308,1.79769313486232e+308,1.79769313486232e+308,1.79769313486232e+308,1.79769313486232e+308,1.79769313486232e+308,1.79769313486232e+308,1.79769313486232e+308,1.79769313486232e+308,200,1.79769313486232e+308
31,"9/06/99",1,3220359,1,1,"Purchased",300,1.79769313486232e+308,1.79769313486232e+308,1.79769313486232e+308,200,1.79769313486232e+308,1000,1.79769313486232e+308,1.79769313486232e+308,1.79769313486232e+308,1.79769313486232e+308,1.79769313486232e+308
6,"8/24/99",1,3220419,2,3,"Obtained as gift",1.79769313486232e+308,1.79769313486232e+308,1.79769313486232e+308,1.79769313486232e+308,1.79769313486232e+308,1.79769313486232e+308,1.79769313486232e+308,1.79769313486232e+308,1.79769313486232e+308,1.79769313486232e+308,1000,1000
5,"8/24/99",1,3220419,1,1,"Purchased",300,300,1.79769313486232e+308,1.79769313486232e+308,50,150,300,1500,1.79769313486232e+308,1.79769313486232e+308,1.79769313486232e+308,1.79769313486232e+308
23,"9/06/99",1,3220449,1,1,"Purchased",1.79769313486232e+308,100,1.79769313486232e+308,1.79769313486232e+308,1.79769313486232e+308,700,1.79769313486232e+308,540,1.79769313486232e+308,1.79769313486232e+308,1.79769313486232e+308,1.79769313486232e+308
33,"9/06/99",1,3220459,1,1,"Purchased",1.79769313486232e+308,500,1.79769313486232e+308,1.79769313486232e+308,1.79769313486232e+308,7000,1.79769313486232e+308,2400,1.79769313486232e+308,4000,1.79769313486232e+308,1.79769313486232e+308
34,"9/06/99",1,3220459,2,3,"Obtained as gift",1.79769313486232e+308,1.79769313486232e+308,1.79769313486232e+308,1.79769313486232e+308,1.79769313486232e+308,1.79769313486232e+308,1.79769313486232e+308,1.79769313486232e+308,1.79769313486232e+308,1.79769313486232e+308,1.79769313486232e+308,12000
36,"9/06/99",1,3220459,3,3,"Obtained as gift",1.79769313486232e+308,1.79769313486232e+308,1.79769313486232e+308,1.79769313486232e+308,1.79769313486232e+308,1.79769313486232e+308,1.79769313486232e+308,1.79769313486232e+308,1.79769313486232e+308,1.79769313486232e+308,1.79769313486232e+308,12000
35,"9/06/99",1,3220459,2,4,"Obtained as dowry",1.79769313486232e+308,1.79769313486232e+308,1.79769313486232e+308,1.79769313486232e+308,1.79769313486232e+308,1.79769313486232e+308,1.79769313486232e+308,1.79769313486232e+308,1.79769313486232e+308,1.79769313486232e+308,1.79769313486232e+308,12000
7,"8/24/99",1,3220539,1,1,"Purchased",50,150,1.79769313486232e+308,1.79769313486232e+308,1.79769313486232e+308,50,150,350,1.79769313486232e+308,1.79769313486232e+308,1.79769313486232e+308,1.79769313486232e+308
24,"9/06/99",1,3220549,1,1,"Purchased",1.79769313486232e+308,100,1.79769313486232e+308,1.79769313486232e+308,1.79769313486232e+308,1500,1.79769313486232e+308,500,1.79769313486232e+308,1.79769313486232e+308,1.79769313486232e+308,1.79769313486232e+308
8,"8/24/99",1,3220619,1,1,"Purchased",80,150,1.79769313486232e+308,1.79769313486232e+308,200,900,300,1200,1.79769313486232e+308,1.79769313486232e+308,1.79769313486232e+308,1.79769313486232e+308
9,"8/24/99",1,3220739,1,1,"Purchased",1.79769313486232e+308,40,1.79769313486232e+308,1.79769313486232e+308,700,2000,200,500,200,200,1.79769313486232e+308,1.79769313486232e+308
10,"8/24/99",1,3220839,1,1,"Purchased",500,400,1.79769313486232e+308,1.79769313486232e+308,1.79769313486232e+308,1.79769313486232e+308,1000,1500,1.79769313486232e+308,550,1.79769313486232e+308,1.79769313486232e+308
11,"8/24/99",1,3220939,1,1,"Purchased",50,150,1.79769313486232e+308,1.79769313486232e+308,50,100,200,350,1.79769313486232e+308,1.79769313486232e+308,1.79769313486232e+308,1.79769313486232e+308
13,"8/24/99",1,3221019,1,3,"Obtained as gift",1.79769313486232e+308,1.79769313486232e+308,1.79769313486232e+308,1.79769313486232e+308,1.79769313486232e+308,1.79769313486232e+308,1.79769313486232e+308,1.79769313486232e+308,1.79769313486232e+308,1.79769313486232e+308,1500,1500
12,"8/24/99",1,3221019,1,1,"Purchased",1.79769313486232e+308,50,1.79769313486232e+308,1.79769313486232e+308,4000,4000,800,1500,1.79769313486232e+308,1.79769313486232e+308,1.79769313486232e+308,1.79769313486232e+308
14,"8/24/99",1,3221139,2,1,"Purchased",1.79769313486232e+308,150,1.79769313486232e+308,1.79769313486232e+308,1.79769313486232e+308,250,250,500,1.79769313486232e+308,1.79769313486232e+308,1.79769313486232e+308,1.79769313486232e+308
15,"9/06/99",1,3221239,1,1,"Purchased",50,90,1.79769313486232e+308,1.79769313486232e+308,1.79769313486232e+308,160,130,340,1.79769313486232e+308,1.79769313486232e+308,1.79769313486232e+308,1.79769313486232e+308
38,"9/08/99",1,3230139,2,3,"Obtained as gift",1.79769313486232e+308,1.79769313486232e+308,1.79769313486232e+308,1.79769313486232e+308,1.79769313486232e+308,1.79769313486232e+308,1.79769313486232e+308,1.79769313486232e+308,1.79769313486232e+308,1.79769313486232e+308,200,200
37,"9/06/99",1,3230139,1,1,"Purchased",90,170,1.79769313486232e+308,1.79769313486232e+308,500,700,350,500,1.79769313486232e+308,1.79769313486232e+308,1.79769313486232e+308,1.79769313486232e+308
55,"9/08/99",1,3230149,1,1,"Purchased",100,200,1.79769313486232e+308,1.79769313486232e+308,1000,1200,300,500,1.79769313486232e+308,1.79769313486232e+308,1.79769313486232e+308,1.79769313486232e+308
68,"9/10/99",1,3230159,1,1,"Purchased",1.79769313486232e+308,130,1.79769313486232e+308,1.79769313486232e+308,1.79769313486232e+308,1700,1.79769313486232e+308,700,1.79769313486232e+308,300,1.79769313486232e+308,200
69,"9/10/99",1,3230159,3,1,"Purchased",1.79769313486232e+308,1.79769313486232e+308,1.79769313486232e+308,1.79769313486232e+308,1.79769313486232e+308,1.79769313486232e+308,1.79769313486232e+308,1.79769313486232e+308,1.79769313486232e+308,1.79769313486232e+308,1.79769313486232e+308,6000
40,"9/08/99",1,3230219,2,4,"Obtained as dowry",1.79769313486232e+308,1.79769313486232e+308,1.79769313486232e+308,1.79769313486232e+308,1.79769313486232e+308,1.79769313486232e+308,1.79769313486232e+308,1.79769313486232e+308,1.79769313486232e+308,1.79769313486232e+308,3200,3200
39,"9/08/99",1,3230219,1,1,"Purchased",550,550,1.79769313486232e+308,1.79769313486232e+308,750,950,280,350,1.79769313486232e+308,1.79769313486232e+308,1.79769313486232e+308,1.79769313486232e+308
56,"9/08/99",1,3230249,1,1,"Purchased",50,100,1.79769313486232e+308,1.79769313486232e+308,150,300,250,400,1.79769313486232e+308,1.79769313486232e+308,1.79769313486232e+308,1.79769313486232e+308
71,"9/10/99",1,3230259,1,3,"Obtained as gift",1.79769313486232e+308,1.79769313486232e+308,1.79769313486232e+308,1.79769313486232e+308,1.79769313486232e+308,1.79769313486232e+308,1.79769313486232e+308,1.79769313486232e+308,1.79769313486232e+308,1.79769313486232e+308,1.79769313486232e+308,200
70,"9/10/99",1,3230259,1,1,"Purchased",1.79769313486232e+308,170,1.79769313486232e+308,1.79769313486232e+308,1.79769313486232e+308,700,1.79769313486232e+308,450,1.79769313486232e+308,1.79769313486232e+308,1.79769313486232e+308,1.79769313486232e+308
41,"9/08/99",1,3230339,1,1,"Purchased",120,270,1.79769313486232e+308,1.79769313486232e+308,1200,1400,640,900,1.79769313486232e+308,1.79769313486232e+308,1.79769313486232e+308,1.79769313486232e+308
42,"9/08/99",1,3230339,2,3,"Obtained as gift",1.79769313486232e+308,1.79769313486232e+308,1.79769313486232e+308,1.79769313486232e+308,1.79769313486232e+308,1.79769313486232e+308,1.79769313486232e+308,1.79769313486232e+308,1.79769313486232e+308,1.79769313486232e+308,200,200
57,"9/10/99",1,3230349,1,1,"Purchased",1.79769313486232e+308,200,1.79769313486232e+308,1.79769313486232e+308,1.79769313486232e+308,900,1.79769313486232e+308,340,1.79769313486232e+308,1.79769313486232e+308,1.79769313486232e+308,1.79769313486232e+308
58,"9/10/99",1,3230349,2,3,"Obtained as gift",1.79769313486232e+308,1.79769313486232e+308,1.79769313486232e+308,1.79769313486232e+308,1.79769313486232e+308,1.79769313486232e+308,1.79769313486232e+308,1.79769313486232e+308,1.79769313486232e+308,1.79769313486232e+308,1.79769313486232e+308,150
72,"9/10/99",1,3230359,1,1,"Purchased",1.79769313486232e+308,1200,1.79769313486232e+308,1.79769313486232e+308,1.79769313486232e+308,13000,1.79769313486232e+308,1700,1.79769313486232e+308,5000,1.79769313486232e+308,1.79769313486232e+308
73,"9/10/99",1,3230359,2,2,"Inherited",1.79769313486232e+308,1.79769313486232e+308,1.79769313486232e+308,1.79769313486232e+308,1.79769313486232e+308,1.79769313486232e+308,1.79769313486232e+308,1.79769313486232e+308,1.79769313486232e+308,1.79769313486232e+308,1.79769313486232e+308,24000
43,"9/08/99",1,3230439,1,1,"Purchased",100,250,1.79769313486232e+308,1.79769313486232e+308,500,3000,700,1000,1.79769313486232e+308,4000,1.79769313486232e+308,1.79769313486232e+308
44,"9/08/99",1,3230439,2,1,"Purchased",1.79769313486232e+308,1.79769313486232e+308,1.79769313486232e+308,1.79769313486232e+308,1.79769313486232e+308,1.79769313486232e+308,1.79769313486232e+308,1.79769313486232e+308,1.79769313486232e+308,1.79769313486232e+308,1.79769313486232e+308,9000
59,"9/10/99",1,3230449,1,1,"Purchased",1.79769313486232e+308,70,1.79769313486232e+308,1.79769313486232e+308,1.79769313486232e+308,12000,1.79769313486232e+308,1400,1.79769313486232e+308,5000,1.79769313486232e+308,1.79769313486232e+308
60,"9/10/99",1,3230449,2,3,"Obtained as gift",1.79769313486232e+308,1.79769313486232e+308,1.79769313486232e+308,1.79769313486232e+308,1.79769313486232e+308,1.79769313486232e+308,1.79769313486232e+308,1.79769313486232e+308,1.79769313486232e+308,1.79769313486232e+308,1.79769313486232e+308,4500
75,"9/10/99",1,3230459,2,3,"Obtained as gift",1.79769313486232e+308,1.79769313486232e+308,1.79769313486232e+308,1.79769313486232e+308,1.79769313486232e+308,1.79769313486232e+308,1.79769313486232e+308,1.79769313486232e+308,1.79769313486232e+308,1.79769313486232e+308,1.79769313486232e+308,6000
74,"9/10/99",1,3230459,1,1,"Purchased",1.79769313486232e+308,340,1.79769313486232e+308,1.79769313486232e+308,1.79769313486232e+308,1500,1.79769313486232e+308,900,1.79769313486232e+308,1.79769313486232e+308,1.79769313486232e+308,1.79769313486232e+308
45,"9/08/99",1,3230539,1,1,"Purchased",50,100,1.79769313486232e+308,1.79769313486232e+308,200,400,170,320,1.79769313486232e+308,1.79769313486232e+308,1.79769313486232e+308,1.79769313486232e+308
62,"9/10/99",1,3230549,2,4,"Obtained as dowry",1.79769313486232e+308,1.79769313486232e+308,1.79769313486232e+308,1.79769313486232e+308,1.79769313486232e+308,1.79769313486232e+308,1.79769313486232e+308,1.79769313486232e+308,1.79769313486232e+308,1.79769313486232e+308,1.79769313486232e+308,18000
61,"9/10/99",1,3230549,1,1,"Purchased",1.79769313486232e+308,170,1.79769313486232e+308,1.79769313486232e+308,1.79769313486232e+308,12000,1.79769313486232e+308,1400,1.79769313486232e+308,4000,1.79769313486232e+308,1.79769313486232e+308
46,"9/08/99",1,3230639,1,1,"Purchased",65,65,1.79769313486232e+308,1.79769313486232e+308,100,150,200,300,1.79769313486232e+308,1.79769313486232e+308,1.79769313486232e+308,1.79769313486232e+308
47,"9/08/99",1,3230639,4,3,"Obtained as gift",1.79769313486232e+308,1.79769313486232e+308,1.79769313486232e+308,1.79769313486232e+308,1.79769313486232e+308,1.79769313486232e+308,1.79769313486232e+308,1.79769313486232e+308,1.79769313486232e+308,1.79769313486232e+308,1.79769313486232e+308,400
64,"9/10/99",1,3230649,4,4,"Obtained as dowry",1.79769313486232e+308,1.79769313486232e+308,1.79769313486232e+308,1.79769313486232e+308,1.79769313486232e+308,1.79769313486232e+308,1.79769313486232e+308,1.79769313486232e+308,1.79769313486232e+308,1.79769313486232e+308,1.79769313486232e+308,12000
63,"9/10/99",1,3230649,1,1,"Purchased",1.79769313486232e+308,270,1.79769313486232e+308,1.79769313486232e+308,1.79769313486232e+308,1300,1.79769313486232e+308,890,1.79769313486232e+308,1.79769313486232e+308,1.79769313486232e+308,1.79769313486232e+308
48,"9/08/99",1,3230719,1,1,"Purchased",150,150,1.79769313486232e+308,1.79769313486232e+308,1000,1000,340,400,1.79769313486232e+308,1.79769313486232e+308,1.79769313486232e+308,1.79769313486232e+308
49,"9/08/99",1,3230719,2,3,"Obtained as gift",1.79769313486232e+308,1.79769313486232e+308,1.79769313486232e+308,1.79769313486232e+308,1.79769313486232e+308,1.79769313486232e+308,1.79769313486232e+308,1.79769313486232e+308,1.79769313486232e+308,1.79769313486232e+308,700,700
67,"9/10/99",1,3230749,2,3,"Obtained as gift",1.79769313486232e+308,1.79769313486232e+308,1.79769313486232e+308,1.79769313486232e+308,1.79769313486232e+308,1.79769313486232e+308,1.79769313486232e+308,1.79769313486232e+308,1.79769313486232e+308,1.79769313486232e+308,1.79769313486232e+308,500
66,"9/10/99",1,3230749,1,2,"Inherited",1.79769313486232e+308,1.79769313486232e+308,1.79769313486232e+308,1.79769313486232e+308,1.79769313486232e+308,200,1.79769313486232e+308,1.79769313486232e+308,1.79769313486232e+308,1.79769313486232e+308,1.79769313486232e+308,1.79769313486232e+308
65,"9/10/99",1,3230749,1,1,"Purchased",1.79769313486232e+308,1.79769313486232e+308,1.79769313486232e+308,1.79769313486232e+308,1.79769313486232e+308,300,1.79769313486232e+308,1.79769313486232e+308,1.79769313486232e+308,1.79769313486232e+308,1.79769313486232e+308,1.79769313486232e+308
50,"9/08/99",1,3230839,1,1,"Purchased",50,150,1.79769313486232e+308,1.79769313486232e+308,1.79769313486232e+308,1.79769313486232e+308,500,800,1.79769313486232e+308,1.79769313486232e+308,1.79769313486232e+308,1.79769313486232e+308
51,"9/08/99",1,3230939,1,1,"Purchased",150,50,1.79769313486232e+308,1.79769313486232e+308,1500,2000,500,1000,1.79769313486232e+308,1.79769313486232e+308,1.79769313486232e+308,1.79769313486232e+308
52,"9/08/99",1,3230939,7,1,"Purchased",1.79769313486232e+308,1.79769313486232e+308,1.79769313486232e+308,1.79769313486232e+308,1.79769313486232e+308,1.79769313486232e+308,1.79769313486232e+308,1.79769313486232e+308,1.79769313486232e+308,1.79769313486232e+308,6000,6000
53,"9/08/99",1,3231039,1,1,"Purchased",70,70,1.79769313486232e+308,1.79769313486232e+308,120,280,180,270,1.79769313486232e+308,1.79769313486232e+308,1.79769313486232e+308,1.79769313486232e+308
54,"9/08/99",1,3231039,2,4,"Obtained as dowry",1.79769313486232e+308,1.79769313486232e+308,1.79769313486232e+308,1.79769313486232e+308,1.79769313486232e+308,1.79769313486232e+308,1.79769313486232e+308,1.79769313486232e+308,1.79769313486232e+308,1.79769313486232e+308,200,200