"casenum","date","weight_","hhcode","pid","responid","s13_2q3","s13_2q4","s13_2q5","s13_2q6","s13_2q7","s13_2q8","s13_2q9","s13_2q10"
54,"6/06/99",1,110111,1.79769313486232e+308,1.79769313486232e+308,1.79769313486232e+308,1.79769313486232e+308,1.79769313486232e+308,1.79769313486232e+308,1.79769313486232e+308,1.79769313486232e+308,1.79769313486232e+308,1.79769313486232e+308
53,"6/06/99",1,110112,2,2,2,1.79769313486232e+308,1,1,5,1.79769313486232e+308,1.79769313486232e+308,1.79769313486232e+308
69,"6/06/99",1,110141,2,1,2,1.79769313486232e+308,1,2,1.79769313486232e+308,1.79769313486232e+308,1.79769313486232e+308,5
75,"6/06/99",1,110151,2,2,2,1.79769313486232e+308,1,1,5,1.79769313486232e+308,1.79769313486232e+308,1.79769313486232e+308
55,"6/06/99",1,110211,1.79769313486232e+308,1.79769313486232e+308,1.79769313486232e+308,1.79769313486232e+308,1.79769313486232e+308,1.79769313486232e+308,1.79769313486232e+308,1.79769313486232e+308,1.79769313486232e+308,1.79769313486232e+308
70,"6/06/99",1,110241,2,2,2,1.79769313486232e+308,1,1,8,1981,1.79769313486232e+308,1.79769313486232e+308
76,"6/06/99",1,110251,2,1,2,1.79769313486232e+308,1,1,5,1.79769313486232e+308,1.79769313486232e+308,1.79769313486232e+308
77,"6/06/99",1,110251,1.79769313486232e+308,1.79769313486232e+308,1.79769313486232e+308,1.79769313486232e+308,1.79769313486232e+308,1.79769313486232e+308,1.79769313486232e+308,1.79769313486232e+308,1.79769313486232e+308,1.79769313486232e+308
56,"6/06/99",1,110311,1.79769313486232e+308,1.79769313486232e+308,1.79769313486232e+308,1.79769313486232e+308,1.79769313486232e+308,1.79769313486232e+308,1.79769313486232e+308,1.79769313486232e+308,1.79769313486232e+308,1.79769313486232e+308
71,"6/06/99",1,110341,2,2,2,1.79769313486232e+308,1,1,5,1.79769313486232e+308,1.79769313486232e+308,1.79769313486232e+308
78,"6/06/99",1,110351,2,2,2,1.79769313486232e+308,1,1,2,1.79769313486232e+308,1.79769313486232e+308,1.79769313486232e+308
79,"6/06/99",1,110352,2,2,1,9,1,1.79769313486232e+308,1.79769313486232e+308,1.79769313486232e+308,1.79769313486232e+308,5
57,"6/06/99",1,110411,2,2,2,1.79769313486232e+308,1,1,10,1.79769313486232e+308,1.79769313486232e+308,1.79769313486232e+308
72,"6/06/99",1,110441,3,3,2,1.79769313486232e+308,1,2,1.79769313486232e+308,1.79769313486232e+308,1.79769313486232e+308,5
80,"6/06/99",1,110459,2,1,2,1.79769313486232e+308,1,1,1,1.79769313486232e+308,1.79769313486232e+308,1.79769313486232e+308
58,"6/06/99",1,110511,2,2,2,1.79769313486232e+308,1,1,5,1.79769313486232e+308,1.79769313486232e+308,1.79769313486232e+308
73,"6/06/99",1,110541,1.79769313486232e+308,1.79769313486232e+308,1.79769313486232e+308,1.79769313486232e+308,1.79769313486232e+308,1.79769313486232e+308,1.79769313486232e+308,1.79769313486232e+308,1.79769313486232e+308,1.79769313486232e+308
74,"6/06/99",1,110542,2,2,2,1.79769313486232e+308,1,1,5,1.79769313486232e+308,1.79769313486232e+308,1.79769313486232e+308
59,"6/06/99",1,110611,2,2,2,1.79769313486232e+308,1,1,5,1.79769313486232e+308,1.79769313486232e+308,1.79769313486232e+308
60,"6/06/99",1,110612,2,2,2,1.79769313486232e+308,1,1,8,1986,8,1.79769313486232e+308
61,"6/06/99",1,110711,6,6,2,1.79769313486232e+308,1,1,5,1.79769313486232e+308,1.79769313486232e+308,1.79769313486232e+308
62,"6/06/99",1,110811,7,2,2,1.79769313486232e+308,1,2,1.79769313486232e+308,1.79769313486232e+308,1.79769313486232e+308,5
63,"6/06/99",1,110911,1.79769313486232e+308,1.79769313486232e+308,1.79769313486232e+308,1.79769313486232e+308,1.79769313486232e+308,1.79769313486232e+308,1.79769313486232e+308,1.79769313486232e+308,1.79769313486232e+308,1.79769313486232e+308
64,"6/06/99",1,111011,2,2,2,1.79769313486232e+308,1,1,5,1.79769313486232e+308,1.79769313486232e+308,1.79769313486232e+308
65,"6/06/99",1,111111,4,4,2,1.79769313486232e+308,1,1,10,1.79769313486232e+308,1.79769313486232e+308,1.79769313486232e+308
66,"6/06/99",1,111211,11,2,2,1.79769313486232e+308,1,2,1.79769313486232e+308,1.79769313486232e+308,1.79769313486232e+308,5
67,"6/06/99",1,111211,12,2,2,1.79769313486232e+308,1,1,5,1.79769313486232e+308,1.79769313486232e+308,1.79769313486232e+308
68,"6/06/99",1,111211,13,2,2,1.79769313486232e+308,1,1,5,1.79769313486232e+308,1.79769313486232e+308,1.79769313486232e+308
30,"7/23/99",1,120111,2,2,2,1.79769313486232e+308,1,1,8,1988,12,1.79769313486232e+308
45,"7/23/99",1,120141,2,2,2,1.79769313486232e+308,1,1,8,1988,11,1.79769313486232e+308
50,"7/23/99",1,120151,6,6,2,1.79769313486232e+308,1,1,5,1.79769313486232e+308,1.79769313486232e+308,1.79769313486232e+308
51,"7/23/99",1,120152,1.79769313486232e+308,1.79769313486232e+308,1.79769313486232e+308,1.79769313486232e+308,1.79769313486232e+308,1.79769313486232e+308,1.79769313486232e+308,1.79769313486232e+308,1.79769313486232e+308,1.79769313486232e+308
31,"7/23/99",1,120211,1.79769313486232e+308,1.79769313486232e+308,1.79769313486232e+308,1.79769313486232e+308,1.79769313486232e+308,1.79769313486232e+308,1.79769313486232e+308,1.79769313486232e+308,1.79769313486232e+308,1.79769313486232e+308
32,"7/23/99",1,120212,2,2,2,1.79769313486232e+308,1,2,1.79769313486232e+308,1.79769313486232e+308,1.79769313486232e+308,5
46,"7/23/99",1,120241,2,2,2,1.79769313486232e+308,1,1,5,1.79769313486232e+308,1.79769313486232e+308,1.79769313486232e+308
47,"7/23/99",1,120242,2,2,2,1.79769313486232e+308,1,1,5,1.79769313486232e+308,1.79769313486232e+308,1.79769313486232e+308
52,"7/23/99",1,120251,2,2,2,1.79769313486232e+308,1,1,5,1.79769313486232e+308,1.79769313486232e+308,1.79769313486232e+308
53,"7/23/99",1,120351,2,2,2,1.79769313486232e+308,1,2,1.79769313486232e+308,1.79769313486232e+308,1.79769313486232e+308,1
54,"7/23/99",1,120351,7,2,2,1.79769313486232e+308,1,1,1,1.79769313486232e+308,1.79769313486232e+308,1.79769313486232e+308
33,"7/23/99",1,120411,6,6,2,1.79769313486232e+308,1,2,1.79769313486232e+308,1.79769313486232e+308,1.79769313486232e+308,5
48,"7/23/99",1,120441,3,2,2,1.79769313486232e+308,1,2,1.79769313486232e+308,1.79769313486232e+308,1.79769313486232e+308,5
55,"7/23/99",1,120459,3,3,2,1.79769313486232e+308,1,1,5,1.79769313486232e+308,1.79769313486232e+308,1.79769313486232e+308
56,"7/23/99",1,120459,5,3,2,1.79769313486232e+308,1,1,5,1.79769313486232e+308,1.79769313486232e+308,1.79769313486232e+308
34,"7/23/99",1,120511,9,2,2,1.79769313486232e+308,1,1,5,1.79769313486232e+308,1.79769313486232e+308,1.79769313486232e+308
36,"7/23/99",1,120512,2,2,1,7,1,1.79769313486232e+308,1.79769313486232e+308,1.79769313486232e+308,1.79769313486232e+308,5
49,"7/23/99",1,120541,2,2,2,1.79769313486232e+308,1,1,5,1.79769313486232e+308,1.79769313486232e+308,1.79769313486232e+308
35,"7/23/99",1,120611,2,1,2,1.79769313486232e+308,1,1,5,1.79769313486232e+308,1.79769313486232e+308,1.79769313486232e+308
37,"7/23/99",1,120711,2,1,2,1.79769313486232e+308,1,2,1.79769313486232e+308,1.79769313486232e+308,1.79769313486232e+308,5
38,"7/23/99",1,120811,7,6,2,1.79769313486232e+308,1,1,5,1.79769313486232e+308,1.79769313486232e+308,1.79769313486232e+308
40,"7/23/99",1,120911,2,6,2,1.79769313486232e+308,1,1,5,1.79769313486232e+308,1.79769313486232e+308,1.79769313486232e+308
39,"7/23/99",1,120911,9,2,2,1.79769313486232e+308,1,1,5,1.79769313486232e+308,1.79769313486232e+308,1.79769313486232e+308
41,"7/23/99",1,121011,2,2,2,1.79769313486232e+308,1,1,5,1.79769313486232e+308,1.79769313486232e+308,1.79769313486232e+308
42,"7/23/99",1,121111,7,7,1,5,1,1.79769313486232e+308,1.79769313486232e+308,1.79769313486232e+308,1.79769313486232e+308,5
43,"7/23/99",1,121211,2,1,2,1.79769313486232e+308,1,1,1,1.79769313486232e+308,1.79769313486232e+308,1.79769313486232e+308
44,"7/23/99",1,121211,9,1,2,1.79769313486232e+308,2,1.79769313486232e+308,1.79769313486232e+308,1.79769313486232e+308,1.79769313486232e+308,1.79769313486232e+308
12,"8/04/99",1,130141,2,2,2,1.79769313486232e+308,1,1,8,1986,9,1.79769313486232e+308
17,"8/04/99",1,130151,2,2,2,1.79769313486232e+308,1,1,5,1.79769313486232e+308,1.79769313486232e+308,1.79769313486232e+308
1,"8/04/99",1,130211,2,2,2,1.79769313486232e+308,1,1,8,1992,4,1.79769313486232e+308
13,"8/04/99",1,130241,2,2,2,1.79769313486232e+308,1,1,5,1.79769313486232e+308,1.79769313486232e+308,1.79769313486232e+308
18,"8/04/99",1,130251,2,2,2,1.79769313486232e+308,1,1,8,1990,4,1.79769313486232e+308
2,"8/04/99",1,130311,4,4,2,1.79769313486232e+308,1,1,5,1.79769313486232e+308,1.79769313486232e+308,1.79769313486232e+308
19,"8/04/99",1,130351,2,2,2,1.79769313486232e+308,1,1,7,1997,12,1.79769313486232e+308
20,"8/04/99",1,130352,2,2,2,1.79769313486232e+308,1,1,5,1.79769313486232e+308,1.79769313486232e+308,1.79769313486232e+308
21,"8/04/99",1,130353,2,2,2,1.79769313486232e+308,1,1,5,1.79769313486232e+308,1.79769313486232e+308,1.79769313486232e+308
22,"8/04/99",1,130354,2,1,2,1.79769313486232e+308,1,1,5,1.79769313486232e+308,1.79769313486232e+308,1.79769313486232e+308
23,"8/04/99",1,130355,2,2,2,1.79769313486232e+308,1,1,5,1.79769313486232e+308,1.79769313486232e+308,1.79769313486232e+308
3,"8/04/99",1,130411,1.79769313486232e+308,1.79769313486232e+308,1.79769313486232e+308,1.79769313486232e+308,1.79769313486232e+308,1.79769313486232e+308,1.79769313486232e+308,1.79769313486232e+308,1.79769313486232e+308,1.79769313486232e+308
14,"8/04/99",1,130441,2,2,2,1.79769313486232e+308,1,2,1.79769313486232e+308,1.79769313486232e+308,1.79769313486232e+308,5
24,"8/04/99",1,130459,2,2,2,1.79769313486232e+308,1,1,1,1.79769313486232e+308,1.79769313486232e+308,1.79769313486232e+308
15,"8/04/99",1,130541,11,2,2,1.79769313486232e+308,2,1.79769313486232e+308,1.79769313486232e+308,1.79769313486232e+308,1.79769313486232e+308,1.79769313486232e+308
16,"8/04/99",1,130542,2,2,2,1.79769313486232e+308,1,1,5,1.79769313486232e+308,1.79769313486232e+308,1.79769313486232e+308
4,"8/04/99",1,130611,6,6,1,4,1,1.79769313486232e+308,1.79769313486232e+308,1.79769313486232e+308,1.79769313486232e+308,5
5,"8/04/99",1,130711,7,2,2,1.79769313486232e+308,1,1,7,1995,2,1.79769313486232e+308
6,"8/04/99",1,130712,2,2,2,1.79769313486232e+308,1,2,1.79769313486232e+308,1.79769313486232e+308,1.79769313486232e+308,5
7,"8/04/99",1,130811,2,2,2,1.79769313486232e+308,1,1,1,1.79769313486232e+308,1.79769313486232e+308,1.79769313486232e+308
8,"8/04/99",1,130911,4,4,1,6,2,1.79769313486232e+308,1.79769313486232e+308,1.79769313486232e+308,1.79769313486232e+308,1.79769313486232e+308
9,"8/04/99",1,131011,2,2,2,1.79769313486232e+308,1,1,8,1984,7,1.79769313486232e+308
10,"8/04/99",1,131111,2,2,2,1.79769313486232e+308,1,1,5,1.79769313486232e+308,1.79769313486232e+308,1.79769313486232e+308
11,"8/04/99",1,131211,2,2,2,1.79769313486232e+308,1,1,5,1.79769313486232e+308,1.79769313486232e+308,1.79769313486232e+308
28,"6/19/99",1,210131,5,5,2,1.79769313486232e+308,1,1,2,1.79769313486232e+308,1.79769313486232e+308,1.79769313486232e+308
43,"6/19/99",1,210141,2,2,2,1.79769313486232e+308,1,1,5,1.79769313486232e+308,1.79769313486232e+308,1.79769313486232e+308
50,"6/19/99",1,210151,2,2,2,1.79769313486232e+308,2,1.79769313486232e+308,1.79769313486232e+308,1.79769313486232e+308,1.79769313486232e+308,1.79769313486232e+308
29,"6/19/99",1,210231,2,2,2,1.79769313486232e+308,1,1,5,1.79769313486232e+308,1.79769313486232e+308,1.79769313486232e+308
44,"6/19/99",1,210241,1.79769313486232e+308,1.79769313486232e+308,1.79769313486232e+308,1.79769313486232e+308,1.79769313486232e+308,1.79769313486232e+308,1.79769313486232e+308,1.79769313486232e+308,1.79769313486232e+308,1.79769313486232e+308
51,"6/19/99",1,210251,2,2,2,1.79769313486232e+308,1,2,1.79769313486232e+308,1.79769313486232e+308,1.79769313486232e+308,5
52,"6/19/99",1,210251,3,3,2,1.79769313486232e+308,1,1,5,1.79769313486232e+308,1.79769313486232e+308,1.79769313486232e+308
30,"6/19/99",1,210331,2,2,2,1.79769313486232e+308,1,1,2,1.79769313486232e+308,1.79769313486232e+308,1.79769313486232e+308
31,"6/19/99",1,210332,2,2,2,1.79769313486232e+308,2,1.79769313486232e+308,1.79769313486232e+308,1.79769313486232e+308,1.79769313486232e+308,1.79769313486232e+308
45,"6/19/99",1,210341,2,2,2,1.79769313486232e+308,1,2,1.79769313486232e+308,1.79769313486232e+308,1.79769313486232e+308,5
46,"6/19/99",1,210341,8,8,2,1.79769313486232e+308,1,1,5,1.79769313486232e+308,1.79769313486232e+308,1.79769313486232e+308
53,"6/19/99",1,210351,2,2,2,1.79769313486232e+308,1,2,1.79769313486232e+308,1.79769313486232e+308,1.79769313486232e+308,1
54,"6/19/99",1,210351,8,8,2,1.79769313486232e+308,1,2,1.79769313486232e+308,1.79769313486232e+308,1.79769313486232e+308,2
32,"6/19/99",1,210411,2,2,2,1.79769313486232e+308,1,1,5,1.79769313486232e+308,1.79769313486232e+308,1.79769313486232e+308
47,"6/19/99",1,210441,2,2,2,1.79769313486232e+308,1,1,5,1.79769313486232e+308,1.79769313486232e+308,1.79769313486232e+308
48,"6/19/99",1,210441,3,3,2,1.79769313486232e+308,1,1,7,1.79769313486232e+308,1.79769313486232e+308,1.79769313486232e+308
55,"6/19/99",1,210459,1.79769313486232e+308,1.79769313486232e+308,1.79769313486232e+308,1.79769313486232e+308,1.79769313486232e+308,1.79769313486232e+308,1.79769313486232e+308,1.79769313486232e+308,1.79769313486232e+308,1.79769313486232e+308
33,"6/19/99",1,210511,4,4,2,1.79769313486232e+308,1,1,5,1.79769313486232e+308,1.79769313486232e+308,1.79769313486232e+308
49,"6/19/99",1,210541,2,2,2,1.79769313486232e+308,1,1,5,1.79769313486232e+308,1.79769313486232e+308,1.79769313486232e+308
35,"6/19/99",1,210611,2,2,2,1.79769313486232e+308,1,2,1.79769313486232e+308,1.79769313486232e+308,1.79769313486232e+308,8
36,"6/19/99",1,210731,2,2,2,1.79769313486232e+308,1,1,7,1998,4,1.79769313486232e+308
37,"6/19/99",1,210811,1.79769313486232e+308,1.79769313486232e+308,1.79769313486232e+308,1.79769313486232e+308,1.79769313486232e+308,1.79769313486232e+308,1.79769313486232e+308,1.79769313486232e+308,1.79769313486232e+308,1.79769313486232e+308
38,"6/19/99",1,210931,2,2,2,1.79769313486232e+308,1,1,8,1992,4,1.79769313486232e+308
39,"6/19/99",1,211031,2,2,2,1.79769313486232e+308,1,1,5,1.79769313486232e+308,1.79769313486232e+308,1.79769313486232e+308
40,"6/19/99",1,211131,2,2,2,1.79769313486232e+308,1,2,1.79769313486232e+308,1.79769313486232e+308,1.79769313486232e+308,5
41,"6/19/99",1,211131,6,6,2,1.79769313486232e+308,2,1.79769313486232e+308,1.79769313486232e+308,1.79769313486232e+308,1.79769313486232e+308,1.79769313486232e+308
42,"6/19/99",1,211231,2,2,2,1.79769313486232e+308,1,1,8,1993,2,1.79769313486232e+308
31,"8/01/99",1,220111,4,4,2,1.79769313486232e+308,2,1.79769313486232e+308,1.79769313486232e+308,1.79769313486232e+308,1.79769313486232e+308,1.79769313486232e+308
44,"8/04/99",1,220141,1.79769313486232e+308,1.79769313486232e+308,1.79769313486232e+308,1.79769313486232e+308,1.79769313486232e+308,1.79769313486232e+308,1.79769313486232e+308,1.79769313486232e+308,1.79769313486232e+308,1.79769313486232e+308
50,"8/04/99",1,220151,2,2,2,1.79769313486232e+308,2,1.79769313486232e+308,1.79769313486232e+308,1.79769313486232e+308,1.79769313486232e+308,1.79769313486232e+308
32,"8/04/99",1,220211,2,2,2,1.79769313486232e+308,1,1,7,1.79769313486232e+308,1.79769313486232e+308,1.79769313486232e+308
45,"8/04/99",1,220241,2,2,2,1.79769313486232e+308,2,1.79769313486232e+308,1.79769313486232e+308,1.79769313486232e+308,1.79769313486232e+308,1.79769313486232e+308
46,"8/04/99",1,220241,6,6,2,1.79769313486232e+308,1,1,5,1.79769313486232e+308,1.79769313486232e+308,1.79769313486232e+308
51,"8/04/99",1,220251,4,4,2,1.79769313486232e+308,1,1,7,1.79769313486232e+308,1.79769313486232e+308,1.79769313486232e+308
33,"8/04/99",1,220311,2,2,2,1.79769313486232e+308,1,1,7,1.79769313486232e+308,1.79769313486232e+308,1.79769313486232e+308
47,"8/04/99",1,220341,2,2,2,1.79769313486232e+308,2,1.79769313486232e+308,1.79769313486232e+308,1.79769313486232e+308,1.79769313486232e+308,1.79769313486232e+308
52,"8/04/99",1,220351,2,2,2,1.79769313486232e+308,2,1.79769313486232e+308,1.79769313486232e+308,1.79769313486232e+308,1.79769313486232e+308,1.79769313486232e+308
53,"8/04/99",1,220351,7,7,1,8,2,1.79769313486232e+308,1.79769313486232e+308,1.79769313486232e+308,1.79769313486232e+308,1.79769313486232e+308
34,"8/04/99",1,220411,1.79769313486232e+308,1.79769313486232e+308,1.79769313486232e+308,1.79769313486232e+308,1.79769313486232e+308,1.79769313486232e+308,1.79769313486232e+308,1.79769313486232e+308,1.79769313486232e+308,1.79769313486232e+308
35,"8/04/99",1,220412,2,2,2,1.79769313486232e+308,1,2,1.79769313486232e+308,1.79769313486232e+308,1.79769313486232e+308,7
48,"8/04/99",1,220441,2,2,2,1.79769313486232e+308,2,1.79769313486232e+308,1.79769313486232e+308,1.79769313486232e+308,1.79769313486232e+308,1.79769313486232e+308
54,"8/04/99",1,220459,2,2,2,1.79769313486232e+308,2,1.79769313486232e+308,1.79769313486232e+308,1.79769313486232e+308,1.79769313486232e+308,1.79769313486232e+308
55,"8/04/99",1,220459,6,6,1,8,1,1.79769313486232e+308,1.79769313486232e+308,1.79769313486232e+308,1.79769313486232e+308,2
36,"8/04/99",1,220511,3,3,2,1.79769313486232e+308,1,1,7,1.79769313486232e+308,1.79769313486232e+308,1.79769313486232e+308
49,"8/04/99",1,220541,2,2,2,1.79769313486232e+308,1,2,1.79769313486232e+308,1.79769313486232e+308,1.79769313486232e+308,7
37,"8/04/99",1,220611,2,2,2,1.79769313486232e+308,2,1.79769313486232e+308,1.79769313486232e+308,1.79769313486232e+308,1.79769313486232e+308,1.79769313486232e+308
38,"8/04/99",1,220711,1.79769313486232e+308,1.79769313486232e+308,1.79769313486232e+308,1.79769313486232e+308,1.79769313486232e+308,1.79769313486232e+308,1.79769313486232e+308,1.79769313486232e+308,1.79769313486232e+308,1.79769313486232e+308
39,"8/04/99",1,220911,2,2,2,1.79769313486232e+308,2,1.79769313486232e+308,1.79769313486232e+308,1.79769313486232e+308,1.79769313486232e+308,1.79769313486232e+308
40,"8/04/99",1,221011,1.79769313486232e+308,1.79769313486232e+308,1.79769313486232e+308,1.79769313486232e+308,1.79769313486232e+308,1.79769313486232e+308,1.79769313486232e+308,1.79769313486232e+308,1.79769313486232e+308,1.79769313486232e+308
41,"8/04/99",1,221111,1.79769313486232e+308,1.79769313486232e+308,1.79769313486232e+308,1.79769313486232e+308,1.79769313486232e+308,1.79769313486232e+308,1.79769313486232e+308,1.79769313486232e+308,1.79769313486232e+308,1.79769313486232e+308
42,"8/04/99",1,221112,2,2,2,1.79769313486232e+308,1,1,7,1.79769313486232e+308,1.79769313486232e+308,1.79769313486232e+308
43,"8/04/99",1,221211,1.79769313486232e+308,1.79769313486232e+308,1.79769313486232e+308,1.79769313486232e+308,1.79769313486232e+308,1.79769313486232e+308,1.79769313486232e+308,1.79769313486232e+308,1.79769313486232e+308,1.79769313486232e+308
165,"6/20/99",1,230111,1.79769313486232e+308,1.79769313486232e+308,1.79769313486232e+308,1.79769313486232e+308,1.79769313486232e+308,1.79769313486232e+308,1.79769313486232e+308,1.79769313486232e+308,1.79769313486232e+308,1.79769313486232e+308
180,"6/20/99",1,230141,2,2,2,1.79769313486232e+308,1,1,5,1.79769313486232e+308,1.79769313486232e+308,1.79769313486232e+308
184,"6/20/99",1,230151,2,2,2,1.79769313486232e+308,2,1.79769313486232e+308,1.79769313486232e+308,1.79769313486232e+308,1.79769313486232e+308,1.79769313486232e+308
185,"6/20/99",1,230152,2,2,2,1.79769313486232e+308,2,1.79769313486232e+308,1.79769313486232e+308,1.79769313486232e+308,1.79769313486232e+308,1.79769313486232e+308
166,"6/20/99",1,230211,2,2,2,1.79769313486232e+308,1,1,5,1.79769313486232e+308,1.79769313486232e+308,1.79769313486232e+308
181,"6/20/99",1,230241,2,2,2,1.79769313486232e+308,2,1.79769313486232e+308,1.79769313486232e+308,1.79769313486232e+308,1.79769313486232e+308,1.79769313486232e+308
186,"6/20/99",1,230251,2,2,2,1.79769313486232e+308,2,1.79769313486232e+308,1.79769313486232e+308,1.79769313486232e+308,1.79769313486232e+308,1.79769313486232e+308
167,"6/20/99",1,230311,2,2,2,1.79769313486232e+308,1,1,7,1.79769313486232e+308,1.79769313486232e+308,1.79769313486232e+308
187,"6/20/99",1,230351,1.79769313486232e+308,1.79769313486232e+308,1.79769313486232e+308,1.79769313486232e+308,1.79769313486232e+308,1.79769313486232e+308,1.79769313486232e+308,1.79769313486232e+308,1.79769313486232e+308,1.79769313486232e+308
188,"6/20/99",1,230352,2,2,2,1.79769313486232e+308,2,1.79769313486232e+308,1.79769313486232e+308,1.79769313486232e+308,1.79769313486232e+308,1.79769313486232e+308
168,"6/20/99",1,230411,2,2,2,1.79769313486232e+308,1,1,5,1.79769313486232e+308,1.79769313486232e+308,1.79769313486232e+308
182,"6/20/99",1,230441,2,2,2,1.79769313486232e+308,1.79769313486232e+308,1.79769313486232e+308,1.79769313486232e+308,1.79769313486232e+308,1.79769313486232e+308,1.79769313486232e+308
189,"6/20/99",1,230459,2,2,2,1.79769313486232e+308,2,1.79769313486232e+308,1.79769313486232e+308,1.79769313486232e+308,1.79769313486232e+308,1.79769313486232e+308
169,"6/20/99",1,230511,2,2,2,1.79769313486232e+308,1,1,7,1.79769313486232e+308,1.79769313486232e+308,1.79769313486232e+308
183,"6/20/99",1,230541,2,2,2,1.79769313486232e+308,1,1,5,1.79769313486232e+308,1.79769313486232e+308,1.79769313486232e+308
170,"6/20/99",1,230611,2,2,2,1.79769313486232e+308,1,1,7,1.79769313486232e+308,1.79769313486232e+308,1.79769313486232e+308
171,"6/20/99",1,230612,2,2,1,6,2,1.79769313486232e+308,1.79769313486232e+308,1.79769313486232e+308,1.79769313486232e+308,1.79769313486232e+308
172,"6/20/99",1,230711,2,2,2,1.79769313486232e+308,1,1,5,1.79769313486232e+308,1.79769313486232e+308,1.79769313486232e+308
173,"6/20/99",1,230811,2,2,2,1.79769313486232e+308,1,1,7,1.79769313486232e+308,1.79769313486232e+308,1.79769313486232e+308
174,"6/20/99",1,230811,3,3,2,1.79769313486232e+308,1,1,8,1996,10,1.79769313486232e+308
175,"6/20/99",1,230811,10,10,2,1.79769313486232e+308,1,1,5,1.79769313486232e+308,1.79769313486232e+308,1.79769313486232e+308
176,"6/20/99",1,231011,2,2,2,1.79769313486232e+308,2,1.79769313486232e+308,1.79769313486232e+308,1.79769313486232e+308,1.79769313486232e+308,1.79769313486232e+308
177,"6/20/99",1,231111,2,2,2,1.79769313486232e+308,1,1,5,1.79769313486232e+308,1.79769313486232e+308,1.79769313486232e+308
178,"6/20/99",1,231211,6,6,2,1.79769313486232e+308,1,1,5,1.79769313486232e+308,1.79769313486232e+308,1.79769313486232e+308
179,"6/20/99",1,231212,1.79769313486232e+308,1.79769313486232e+308,1.79769313486232e+308,1.79769313486232e+308,1.79769313486232e+308,1.79769313486232e+308,1.79769313486232e+308,1.79769313486232e+308,1.79769313486232e+308,1.79769313486232e+308
98,"9/06/99",1,240119,2,2,2,1.79769313486232e+308,1,1,8,1993,1.79769313486232e+308,1.79769313486232e+308
110,"9/08/99",1,240149,2,2,1,8,1,1.79769313486232e+308,1.79769313486232e+308,1.79769313486232e+308,1.79769313486232e+308,7
116,"9/08/99",1,240159,2,2,2,1.79769313486232e+308,1,1,1,1.79769313486232e+308,1.79769313486232e+308,1.79769313486232e+308
100,"9/08/99",1,240219,2,2,2,1.79769313486232e+308,1,1,5,1.79769313486232e+308,1.79769313486232e+308,1.79769313486232e+308
111,"9/08/99",1,240249,2,2,2,1.79769313486232e+308,1,1,7,1.79769313486232e+308,1.79769313486232e+308,1.79769313486232e+308
117,"9/08/99",1,240259,3,3,2,1.79769313486232e+308,1,2,1.79769313486232e+308,1.79769313486232e+308,1.79769313486232e+308,1
101,"9/08/99",1,240319,2,2,2,1.79769313486232e+308,1,1,5,1.79769313486232e+308,1.79769313486232e+308,1.79769313486232e+308
112,"9/08/99",1,240349,2,2,1,6,1,1.79769313486232e+308,1.79769313486232e+308,1.79769313486232e+308,1.79769313486232e+308,5
118,"9/08/99",1,240359,2,2,2,1.79769313486232e+308,2,1.79769313486232e+308,1.79769313486232e+308,1.79769313486232e+308,1.79769313486232e+308,1.79769313486232e+308
119,"9/08/99",1,240359,7,7,1,8,2,1.79769313486232e+308,1.79769313486232e+308,1.79769313486232e+308,1.79769313486232e+308,1.79769313486232e+308
102,"9/08/99",1,240419,2,2,2,1.79769313486232e+308,2,1.79769313486232e+308,1.79769313486232e+308,1.79769313486232e+308,1.79769313486232e+308,1.79769313486232e+308
113,"9/08/99",1,240449,2,2,2,1.79769313486232e+308,2,1.79769313486232e+308,1.79769313486232e+308,1.79769313486232e+308,1.79769313486232e+308,1.79769313486232e+308
120,"9/08/99",1,240459,2,2,2,1.79769313486232e+308,2,1.79769313486232e+308,1.79769313486232e+308,1.79769313486232e+308,1.79769313486232e+308,1.79769313486232e+308
103,"9/08/99",1,240519,2,2,2,1.79769313486232e+308,2,1.79769313486232e+308,1.79769313486232e+308,1.79769313486232e+308,1.79769313486232e+308,1.79769313486232e+308
114,"9/08/99",1,240549,2,2,2,1.79769313486232e+308,2,1.79769313486232e+308,1.79769313486232e+308,1.79769313486232e+308,1.79769313486232e+308,1.79769313486232e+308
121,"9/08/99",1,240559,1.79769313486232e+308,1.79769313486232e+308,1.79769313486232e+308,1.79769313486232e+308,1.79769313486232e+308,1.79769313486232e+308,1.79769313486232e+308,1.79769313486232e+308,1.79769313486232e+308,1.79769313486232e+308
104,"9/08/99",1,240619,2,2,2,1.79769313486232e+308,1,1,7,1.79769313486232e+308,1.79769313486232e+308,1.79769313486232e+308
105,"9/08/99",1,240719,2,2,2,1.79769313486232e+308,1,1,2,1.79769313486232e+308,1.79769313486232e+308,1.79769313486232e+308
106,"9/08/99",1,240819,2,2,2,1.79769313486232e+308,2,1.79769313486232e+308,1.79769313486232e+308,1.79769313486232e+308,1.79769313486232e+308,1.79769313486232e+308
107,"9/08/99",1,240819,3,3,2,1.79769313486232e+308,2,1.79769313486232e+308,1.79769313486232e+308,1.79769313486232e+308,1.79769313486232e+308,1.79769313486232e+308
108,"9/08/99",1,240919,1.79769313486232e+308,1.79769313486232e+308,1.79769313486232e+308,1.79769313486232e+308,1.79769313486232e+308,1.79769313486232e+308,1.79769313486232e+308,1.79769313486232e+308,1.79769313486232e+308,1.79769313486232e+308
109,"9/08/99",1,241019,2,2,2,1.79769313486232e+308,1,1,7,1.79769313486232e+308,1.79769313486232e+308,1.79769313486232e+308
220,"6/23/99",1,310111,2,2,2,1.79769313486232e+308,1,2,1.79769313486232e+308,1.79769313486232e+308,1.79769313486232e+308,5
232,"6/27/99",1,310141,2,2,2,1.79769313486232e+308,2,1.79769313486232e+308,1.79769313486232e+308,1.79769313486232e+308,1.79769313486232e+308,1.79769313486232e+308
236,"6/27/99",1,310151,1.79769313486232e+308,1.79769313486232e+308,1.79769313486232e+308,1.79769313486232e+308,1.79769313486232e+308,1.79769313486232e+308,1.79769313486232e+308,1.79769313486232e+308,1.79769313486232e+308,1.79769313486232e+308
221,"6/27/99",1,310211,1.79769313486232e+308,1.79769313486232e+308,1.79769313486232e+308,1.79769313486232e+308,1.79769313486232e+308,1.79769313486232e+308,1.79769313486232e+308,1.79769313486232e+308,1.79769313486232e+308,1.79769313486232e+308
233,"6/27/99",1,310241,2,2,2,1.79769313486232e+308,1,1,5,1.79769313486232e+308,1.79769313486232e+308,1.79769313486232e+308
237,"6/27/99",1,310251,2,2,2,1.79769313486232e+308,1,1,5,1.79769313486232e+308,1.79769313486232e+308,1.79769313486232e+308
222,"6/27/99",1,310311,3,3,2,1.79769313486232e+308,1,1,5,1.79769313486232e+308,1.79769313486232e+308,1.79769313486232e+308
238,"6/27/99",1,310351,7,7,2,1.79769313486232e+308,1,1,2,1.79769313486232e+308,1.79769313486232e+308,1.79769313486232e+308
234,"6/27/99",1,310441,1.79769313486232e+308,1.79769313486232e+308,1.79769313486232e+308,1.79769313486232e+308,1.79769313486232e+308,1.79769313486232e+308,1.79769313486232e+308,1.79769313486232e+308,1.79769313486232e+308,1.79769313486232e+308
239,"6/27/99",1,310459,2,2,2,1.79769313486232e+308,1,2,1.79769313486232e+308,1.79769313486232e+308,1.79769313486232e+308,5
223,"6/27/99",1,310511,6,5,2,1.79769313486232e+308,1,1,5,1.79769313486232e+308,1.79769313486232e+308,1.79769313486232e+308
73,"9/12/99",1,310541,2,1,2,1.79769313486232e+308,1,2,1.79769313486232e+308,1.79769313486232e+308,1.79769313486232e+308,5
224,"6/27/99",1,310611,5,2,1,9,2,1.79769313486232e+308,1.79769313486232e+308,1.79769313486232e+308,1.79769313486232e+308,1.79769313486232e+308
235,"6/27/99",1,310641,2,1,2,1.79769313486232e+308,1,1,2,1.79769313486232e+308,1.79769313486232e+308,1.79769313486232e+308
225,"6/27/99",1,310711,1.79769313486232e+308,1.79769313486232e+308,1.79769313486232e+308,1.79769313486232e+308,1.79769313486232e+308,1.79769313486232e+308,1.79769313486232e+308,1.79769313486232e+308,1.79769313486232e+308,1.79769313486232e+308
226,"6/27/99",1,310811,1.79769313486232e+308,1.79769313486232e+308,1.79769313486232e+308,1.79769313486232e+308,1.79769313486232e+308,1.79769313486232e+308,1.79769313486232e+308,1.79769313486232e+308,1.79769313486232e+308,1.79769313486232e+308
227,"6/27/99",1,310911,2,2,2,1.79769313486232e+308,2,1.79769313486232e+308,1.79769313486232e+308,1.79769313486232e+308,1.79769313486232e+308,1.79769313486232e+308
228,"6/27/99",1,311011,2,2,2,1.79769313486232e+308,2,1.79769313486232e+308,1.79769313486232e+308,1.79769313486232e+308,1.79769313486232e+308,1.79769313486232e+308
229,"6/27/99",1,311111,7,7,2,1.79769313486232e+308,1,2,1.79769313486232e+308,1.79769313486232e+308,1.79769313486232e+308,1
230,"6/27/99",1,311211,7,1,1,6,2,1.79769313486232e+308,1.79769313486232e+308,1.79769313486232e+308,1.79769313486232e+308,1.79769313486232e+308
231,"6/27/99",1,311411,1.79769313486232e+308,1.79769313486232e+308,1.79769313486232e+308,1.79769313486232e+308,1.79769313486232e+308,1.79769313486232e+308,1.79769313486232e+308,1.79769313486232e+308,1.79769313486232e+308,1.79769313486232e+308
1,"7/07/99",1,320111,1.79769313486232e+308,1.79769313486232e+308,1.79769313486232e+308,1.79769313486232e+308,1.79769313486232e+308,1.79769313486232e+308,1.79769313486232e+308,1.79769313486232e+308,1.79769313486232e+308,1.79769313486232e+308
17,"7/14/99",1,320141,1.79769313486232e+308,1.79769313486232e+308,1.79769313486232e+308,1.79769313486232e+308,1.79769313486232e+308,1.79769313486232e+308,1.79769313486232e+308,1.79769313486232e+308,1.79769313486232e+308,1.79769313486232e+308
18,"7/14/99",1,320142,2,2,2,1.79769313486232e+308,1,2,1.79769313486232e+308,1.79769313486232e+308,1.79769313486232e+308,5
28,"7/14/99",1,320151,2,2,2,1.79769313486232e+308,1,2,1.79769313486232e+308,1.79769313486232e+308,1.79769313486232e+308,5
29,"7/14/99",1,320152,2,2,1,8,1,1.79769313486232e+308,1.79769313486232e+308,1.79769313486232e+308,1.79769313486232e+308,5
30,"7/14/99",1,320153,2,2,2,1.79769313486232e+308,1,2,1.79769313486232e+308,1.79769313486232e+308,1.79769313486232e+308,5
31,"7/14/99",1,320154,2,2,2,1.79769313486232e+308,2,1.79769313486232e+308,1.79769313486232e+308,1.79769313486232e+308,1.79769313486232e+308,1.79769313486232e+308
2,"7/14/99",1,320211,1.79769313486232e+308,1.79769313486232e+308,1.79769313486232e+308,1.79769313486232e+308,1.79769313486232e+308,1.79769313486232e+308,1.79769313486232e+308,1.79769313486232e+308,1.79769313486232e+308,1.79769313486232e+308
19,"7/14/99",1,320241,2,2,2,1.79769313486232e+308,1,2,1.79769313486232e+308,1.79769313486232e+308,1.79769313486232e+308,5
32,"7/14/99",1,320251,2,2,2,1.79769313486232e+308,1,2,1.79769313486232e+308,1.79769313486232e+308,1.79769313486232e+308,5
33,"7/14/99",1,320251,6,2,2,1.79769313486232e+308,1,2,1.79769313486232e+308,1.79769313486232e+308,1.79769313486232e+308,5
3,"7/14/99",1,320311,2,2,2,1.79769313486232e+308,2,1.79769313486232e+308,1.79769313486232e+308,1.79769313486232e+308,1.79769313486232e+308,1.79769313486232e+308
4,"7/14/99",1,320311,9,9,2,1.79769313486232e+308,2,1.79769313486232e+308,1.79769313486232e+308,1.79769313486232e+308,1.79769313486232e+308,1.79769313486232e+308
20,"7/14/99",1,320341,2,2,2,1.79769313486232e+308,1,2,1.79769313486232e+308,1.79769313486232e+308,1.79769313486232e+308,5
21,"7/14/99",1,320341,5,2,2,1.79769313486232e+308,2,1.79769313486232e+308,1.79769313486232e+308,1.79769313486232e+308,1.79769313486232e+308,1.79769313486232e+308
5,"7/14/99",1,320411,2,2,2,1.79769313486232e+308,2,1.79769313486232e+308,1.79769313486232e+308,1.79769313486232e+308,1.79769313486232e+308,1.79769313486232e+308
22,"7/14/99",1,320441,2,2,2,1.79769313486232e+308,2,1.79769313486232e+308,1.79769313486232e+308,1.79769313486232e+308,1.79769313486232e+308,1.79769313486232e+308
23,"7/14/99",1,320442,2,2,2,1.79769313486232e+308,1,2,1.79769313486232e+308,1.79769313486232e+308,1.79769313486232e+308,1
24,"7/14/99",1,320443,2,2,2,1.79769313486232e+308,1,1,2,1.79769313486232e+308,1.79769313486232e+308,1.79769313486232e+308
34,"7/14/99",1,320459,2,2,2,1.79769313486232e+308,1,2,1.79769313486232e+308,1.79769313486232e+308,1.79769313486232e+308,5
6,"7/14/99",1,320511,2,2,2,1.79769313486232e+308,1,2,1.79769313486232e+308,1.79769313486232e+308,1.79769313486232e+308,5
25,"7/14/99",1,320541,2,2,2,1.79769313486232e+308,1,2,1.79769313486232e+308,1.79769313486232e+308,1.79769313486232e+308,5
7,"7/14/99",1,320611,2,2,2,1.79769313486232e+308,1,1,5,1.79769313486232e+308,1.79769313486232e+308,1.79769313486232e+308
26,"7/14/99",1,320641,7,7,2,1.79769313486232e+308,1,2,1.79769313486232e+308,1.79769313486232e+308,1.79769313486232e+308,5
27,"7/14/99",1,320641,11,7,1,4,2,1.79769313486232e+308,1.79769313486232e+308,1.79769313486232e+308,1.79769313486232e+308,1.79769313486232e+308
8,"7/14/99",1,320711,5,5,2,1.79769313486232e+308,1,2,1.79769313486232e+308,1.79769313486232e+308,1.79769313486232e+308,5
9,"7/14/99",1,321011,2,2,2,1.79769313486232e+308,1,2,1.79769313486232e+308,1.79769313486232e+308,1.79769313486232e+308,5
10,"7/14/99",1,321111,2,2,2,1.79769313486232e+308,1,2,1.79769313486232e+308,1.79769313486232e+308,1.79769313486232e+308,5
11,"7/14/99",1,321111,3,3,2,1.79769313486232e+308,1,2,1.79769313486232e+308,1.79769313486232e+308,1.79769313486232e+308,2
12,"7/14/99",1,321211,6,6,2,1.79769313486232e+308,1,2,1.79769313486232e+308,1.79769313486232e+308,1.79769313486232e+308,5
13,"7/14/99",1,321212,2,1,2,1.79769313486232e+308,1,2,1.79769313486232e+308,1.79769313486232e+308,1.79769313486232e+308,5
14,"7/14/99",1,321311,8,1,2,1.79769313486232e+308,1,2,1.79769313486232e+308,1.79769313486232e+308,1.79769313486232e+308,2
15,"7/14/99",1,321411,1.79769313486232e+308,1.79769313486232e+308,1.79769313486232e+308,1.79769313486232e+308,1.79769313486232e+308,1.79769313486232e+308,1.79769313486232e+308,1.79769313486232e+308,1.79769313486232e+308,1.79769313486232e+308
16,"7/14/99",1,321412,2,2,2,1.79769313486232e+308,1,1,5,1.79769313486232e+308,1.79769313486232e+308,1.79769313486232e+308
1,"8/14/99",1,330111,1.79769313486232e+308,1.79769313486232e+308,1.79769313486232e+308,1.79769313486232e+308,1.79769313486232e+308,1.79769313486232e+308,1.79769313486232e+308,1.79769313486232e+308,1.79769313486232e+308,1.79769313486232e+308
14,"8/22/99",1,330141,2,2,2,1.79769313486232e+308,2,1.79769313486232e+308,1.79769313486232e+308,1.79769313486232e+308,1.79769313486232e+308,1.79769313486232e+308
22,"8/22/99",1,330151,8,6,2,1.79769313486232e+308,1,1,2,1.79769313486232e+308,1.79769313486232e+308,1.79769313486232e+308
2,"8/22/99",1,330211,2,2,2,1.79769313486232e+308,1,1,5,1.79769313486232e+308,1.79769313486232e+308,1.79769313486232e+308
15,"8/22/99",1,330241,5,5,2,1.79769313486232e+308,2,1.79769313486232e+308,1.79769313486232e+308,1.79769313486232e+308,1.79769313486232e+308,1.79769313486232e+308
23,"8/22/99",1,330251,2,2,2,1.79769313486232e+308,1,1,5,1.79769313486232e+308,1.79769313486232e+308,1.79769313486232e+308
16,"8/22/99",1,330341,1.79769313486232e+308,1.79769313486232e+308,1.79769313486232e+308,1.79769313486232e+308,1.79769313486232e+308,1.79769313486232e+308,1.79769313486232e+308,1.79769313486232e+308,1.79769313486232e+308,1.79769313486232e+308
3,"8/22/99",1,330411,4,2,2,1.79769313486232e+308,1,2,1.79769313486232e+308,1.79769313486232e+308,1.79769313486232e+308,5
24,"8/22/99",1,330459,2,2,2,1.79769313486232e+308,1,2,1.79769313486232e+308,1.79769313486232e+308,1.79769313486232e+308,5
4,"8/22/99",1,330511,2,2,2,1.79769313486232e+308,1,1,5,1.79769313486232e+308,1.79769313486232e+308,1.79769313486232e+308
17,"8/22/99",1,330541,2,2,2,1.79769313486232e+308,1,1,7,1.79769313486232e+308,1.79769313486232e+308,1.79769313486232e+308
5,"8/22/99",1,330611,2,2,2,1.79769313486232e+308,2,1.79769313486232e+308,1.79769313486232e+308,1.79769313486232e+308,1.79769313486232e+308,1.79769313486232e+308
18,"8/22/99",1,330641,8,8,2,1.79769313486232e+308,1,1,5,1.79769313486232e+308,1.79769313486232e+308,1.79769313486232e+308
19,"8/22/99",1,330641,9,8,2,1.79769313486232e+308,1,1,5,1.79769313486232e+308,1.79769313486232e+308,1.79769313486232e+308
20,"8/22/99",1,330641,19,8,1,5,2,1.79769313486232e+308,1.79769313486232e+308,1.79769313486232e+308,1.79769313486232e+308,1.79769313486232e+308
21,"8/22/99",1,330641,20,8,2,1.79769313486232e+308,1,1,5,1.79769313486232e+308,1.79769313486232e+308,1.79769313486232e+308
6,"8/22/99",1,330731,2,2,2,1.79769313486232e+308,1,1,5,1.79769313486232e+308,1.79769313486232e+308,1.79769313486232e+308
7,"8/22/99",1,330811,2,2,2,1.79769313486232e+308,2,1.79769313486232e+308,1.79769313486232e+308,1.79769313486232e+308,1.79769313486232e+308,1.79769313486232e+308
8,"8/22/99",1,330911,2,2,2,1.79769313486232e+308,2,1.79769313486232e+308,1.79769313486232e+308,1.79769313486232e+308,1.79769313486232e+308,1.79769313486232e+308
9,"8/22/99",1,331111,1,1,2,1.79769313486232e+308,2,1.79769313486232e+308,1.79769313486232e+308,1.79769313486232e+308,1.79769313486232e+308,1.79769313486232e+308
10,"8/22/99",1,331211,1.79769313486232e+308,1.79769313486232e+308,1.79769313486232e+308,1.79769313486232e+308,1.79769313486232e+308,1.79769313486232e+308,1.79769313486232e+308,1.79769313486232e+308,1.79769313486232e+308,1.79769313486232e+308
11,"8/22/99",1,331311,2,2,2,1.79769313486232e+308,1,1,5,1.79769313486232e+308,1.79769313486232e+308,1.79769313486232e+308
12,"8/22/99",1,331411,2,2,2,1.79769313486232e+308,1,1,5,1.79769313486232e+308,1.79769313486232e+308,1.79769313486232e+308
13,"8/22/99",1,331412,2,2,2,1.79769313486232e+308,2,1.79769313486232e+308,1.79769313486232e+308,1.79769313486232e+308,1.79769313486232e+308,1.79769313486232e+308
81,"6/26/99",1,410111,2,2,2,1.79769313486232e+308,1,1,7,1999,4,1.79769313486232e+308
96,"6/28/99",1,410141,2,2,2,1.79769313486232e+308,2,1.79769313486232e+308,1.79769313486232e+308,1.79769313486232e+308,1.79769313486232e+308,1.79769313486232e+308
97,"6/28/99",1,410141,4,2,2,1.79769313486232e+308,1,1,5,1.79769313486232e+308,1.79769313486232e+308,1.79769313486232e+308
105,"6/28/99",1,410151,2,2,2,1.79769313486232e+308,1,1,5,1.79769313486232e+308,1.79769313486232e+308,1.79769313486232e+308
82,"6/26/99",1,410211,2,2,2,1.79769313486232e+308,1,1,5,1.79769313486232e+308,1.79769313486232e+308,1.79769313486232e+308
98,"6/28/99",1,410241,4,4,2,1.79769313486232e+308,1,1,5,1.79769313486232e+308,1.79769313486232e+308,1.79769313486232e+308
106,"6/28/99",1,410251,2,2,2,1.79769313486232e+308,1,1,5,1.79769313486232e+308,1.79769313486232e+308,1.79769313486232e+308
83,"6/26/99",1,410311,2,2,2,1.79769313486232e+308,1,1,5,1.79769313486232e+308,1.79769313486232e+308,1.79769313486232e+308
99,"6/28/99",1,410341,3,3,2,1.79769313486232e+308,1,1,5,1.79769313486232e+308,1.79769313486232e+308,1.79769313486232e+308
100,"6/28/99",1,410342,2,2,2,1.79769313486232e+308,1,1,5,1.79769313486232e+308,1.79769313486232e+308,1.79769313486232e+308
101,"6/28/99",1,410343,2,2,2,1.79769313486232e+308,2,1.79769313486232e+308,1.79769313486232e+308,1.79769313486232e+308,1.79769313486232e+308,1.79769313486232e+308
102,"6/28/99",1,410344,2,2,2,1.79769313486232e+308,2,1.79769313486232e+308,1.79769313486232e+308,1.79769313486232e+308,1.79769313486232e+308,1.79769313486232e+308
107,"6/28/99",1,410351,9,9,2,1.79769313486232e+308,2,1.79769313486232e+308,1.79769313486232e+308,1.79769313486232e+308,1.79769313486232e+308,1.79769313486232e+308
84,"6/26/99",1,410411,2,2,2,1.79769313486232e+308,1,2,1.79769313486232e+308,1.79769313486232e+308,1.79769313486232e+308,5
103,"6/28/99",1,410441,1.79769313486232e+308,1.79769313486232e+308,1.79769313486232e+308,1.79769313486232e+308,1.79769313486232e+308,1.79769313486232e+308,1.79769313486232e+308,1.79769313486232e+308,1.79769313486232e+308,1.79769313486232e+308
108,"6/28/99",1,410459,2,2,2,1.79769313486232e+308,1,1,5,1.79769313486232e+308,1.79769313486232e+308,1.79769313486232e+308
85,"6/26/99",1,410511,3,3,2,1.79769313486232e+308,1,1,5,1.79769313486232e+308,1.79769313486232e+308,1.79769313486232e+308
86,"6/26/99",1,410511,5,3,2,1.79769313486232e+308,1,1,5,1.79769313486232e+308,1.79769313486232e+308,1.79769313486232e+308
104,"6/28/99",1,410541,2,2,2,1.79769313486232e+308,1,1,5,1.79769313486232e+308,1.79769313486232e+308,1.79769313486232e+308
87,"6/26/99",1,410611,2,2,2,1.79769313486232e+308,2,1.79769313486232e+308,1.79769313486232e+308,1.79769313486232e+308,1.79769313486232e+308,1.79769313486232e+308
88,"6/26/99",1,410612,2,2,2,1.79769313486232e+308,1,1,5,1.79769313486232e+308,1.79769313486232e+308,1.79769313486232e+308
89,"6/26/99",1,410711,1.79769313486232e+308,1.79769313486232e+308,1.79769313486232e+308,1.79769313486232e+308,1.79769313486232e+308,1.79769313486232e+308,1.79769313486232e+308,1.79769313486232e+308,1.79769313486232e+308,1.79769313486232e+308
90,"6/26/99",1,410712,2,2,2,1.79769313486232e+308,2,1.79769313486232e+308,1.79769313486232e+308,1.79769313486232e+308,1.79769313486232e+308,1.79769313486232e+308
91,"6/26/99",1,410811,2,2,2,1.79769313486232e+308,2,1.79769313486232e+308,1.79769313486232e+308,1.79769313486232e+308,1.79769313486232e+308,1.79769313486232e+308
92,"6/26/99",1,410911,4,4,2,1.79769313486232e+308,1,1,5,1.79769313486232e+308,1.79769313486232e+308,1.79769313486232e+308
93,"6/26/99",1,411011,2,2,2,1.79769313486232e+308,2,1.79769313486232e+308,1.79769313486232e+308,1.79769313486232e+308,1.79769313486232e+308,1.79769313486232e+308
94,"6/26/99",1,411111,2,2,2,1.79769313486232e+308,1,1,5,1.79769313486232e+308,1.79769313486232e+308,1.79769313486232e+308
95,"6/28/99",1,411211,2,2,2,1.79769313486232e+308,1,2,1.79769313486232e+308,1.79769313486232e+308,1.79769313486232e+308,5
1,"8/09/95",1,420111,2,1,2,1.79769313486232e+308,1,1,5,1.79769313486232e+308,1.79769313486232e+308,5
17,"8/09/95",1,420141,3,3,2,1.79769313486232e+308,1,1,5,1.79769313486232e+308,1.79769313486232e+308,1.79769313486232e+308
22,"8/09/95",1,420151,2,2,2,1.79769313486232e+308,1,1,5,1.79769313486232e+308,1.79769313486232e+308,1.79769313486232e+308
2,"8/09/95",1,420211,2,1,2,1.79769313486232e+308,1,1,5,1.79769313486232e+308,1.79769313486232e+308,1.79769313486232e+308
18,"8/09/95",1,420241,2,2,2,1.79769313486232e+308,1,1,5,1.79769313486232e+308,1.79769313486232e+308,1.79769313486232e+308
23,"8/09/95",1,420251,2,2,2,1.79769313486232e+308,1,2,1.79769313486232e+308,1.79769313486232e+308,1.79769313486232e+308,5
3,"8/09/95",1,420311,2,1,2,1.79769313486232e+308,1,1,2,1.79769313486232e+308,1.79769313486232e+308,1.79769313486232e+308
19,"8/09/95",1,420341,2,2,2,1.79769313486232e+308,1,2,1.79769313486232e+308,1.79769313486232e+308,1.79769313486232e+308,5
24,"8/09/95",1,420351,3,1,2,1.79769313486232e+308,2,1.79769313486232e+308,1.79769313486232e+308,1.79769313486232e+308,1.79769313486232e+308,1.79769313486232e+308
4,"8/09/95",1,420411,2,2,2,1.79769313486232e+308,1,1,5,1.79769313486232e+308,1.79769313486232e+308,1.79769313486232e+308
20,"8/09/95",1,420441,2,2,2,1.79769313486232e+308,1,1,5,1.79769313486232e+308,1.79769313486232e+308,1.79769313486232e+308
25,"8/09/95",1,420459,1.79769313486232e+308,1.79769313486232e+308,1.79769313486232e+308,1.79769313486232e+308,1.79769313486232e+308,1.79769313486232e+308,1.79769313486232e+308,1.79769313486232e+308,1.79769313486232e+308,1.79769313486232e+308
6,"8/09/95",1,420521,1.79769313486232e+308,1.79769313486232e+308,1.79769313486232e+308,1.79769313486232e+308,1.79769313486232e+308,1.79769313486232e+308,1.79769313486232e+308,1.79769313486232e+308,1.79769313486232e+308,1.79769313486232e+308
7,"8/09/95",1,420522,2,2,2,1.79769313486232e+308,1,1,2,1.79769313486232e+308,1.79769313486232e+308,1.79769313486232e+308
21,"8/09/95",1,420541,2,2,2,1.79769313486232e+308,2,1.79769313486232e+308,1.79769313486232e+308,1.79769313486232e+308,1.79769313486232e+308,1.79769313486232e+308
8,"8/09/95",1,420611,2,1,2,1.79769313486232e+308,1,1,5,1.79769313486232e+308,1.79769313486232e+308,1.79769313486232e+308
9,"8/09/95",1,420711,1.79769313486232e+308,1.79769313486232e+308,1.79769313486232e+308,1.79769313486232e+308,1.79769313486232e+308,1.79769313486232e+308,1.79769313486232e+308,1.79769313486232e+308,1.79769313486232e+308,1.79769313486232e+308
10,"8/09/95",1,420821,2,1,2,1.79769313486232e+308,1,1,7,1996,7,1.79769313486232e+308
11,"8/09/95",1,420921,2,2,2,1.79769313486232e+308,1,2,1.79769313486232e+308,1.79769313486232e+308,1.79769313486232e+308,5
12,"8/09/95",1,421021,2,2,2,1.79769313486232e+308,1,1,5,1.79769313486232e+308,1.79769313486232e+308,1.79769313486232e+308
13,"8/09/95",1,421121,2,1,2,1.79769313486232e+308,1,1,5,1.79769313486232e+308,1.79769313486232e+308,1.79769313486232e+308
14,"8/09/95",1,421211,1.79769313486232e+308,1.79769313486232e+308,1.79769313486232e+308,1.79769313486232e+308,1.79769313486232e+308,1.79769313486232e+308,1.79769313486232e+308,1.79769313486232e+308,1.79769313486232e+308,1.79769313486232e+308
15,"8/09/95",1,421212,2,2,2,1.79769313486232e+308,1,1,5,1.79769313486232e+308,1.79769313486232e+308,1.79769313486232e+308
16,"8/09/95",1,421213,2,2,2,1.79769313486232e+308,1,1,2,1.79769313486232e+308,1.79769313486232e+308,1.79769313486232e+308
1,"6/24/99",1,430111,2,1,2,1.79769313486232e+308,1,1,5,1.79769313486232e+308,1.79769313486232e+308,1.79769313486232e+308
17,"6/24/99",1,430141,2,2,2,1.79769313486232e+308,1,1,5,1.79769313486232e+308,1.79769313486232e+308,1.79769313486232e+308
23,"6/24/99",1,430151,3,2,2,1.79769313486232e+308,1,2,1.79769313486232e+308,1.79769313486232e+308,1.79769313486232e+308,4
2,"6/24/99",1,430211,2,2,2,1.79769313486232e+308,1,2,1.79769313486232e+308,1.79769313486232e+308,1.79769313486232e+308,7
18,"6/24/99",1,430241,2,2,2,1.79769313486232e+308,1,2,1.79769313486232e+308,1.79769313486232e+308,1.79769313486232e+308,7
24,"6/24/99",1,430251,1.79769313486232e+308,1.79769313486232e+308,1.79769313486232e+308,1.79769313486232e+308,1.79769313486232e+308,1.79769313486232e+308,1.79769313486232e+308,1.79769313486232e+308,1.79769313486232e+308,1.79769313486232e+308
1.79769313486232e+308,"10/06/99",1,430252,2,2,2,1.79769313486232e+308,2,1.79769313486232e+308,1.79769313486232e+308,1.79769313486232e+308,1.79769313486232e+308,1.79769313486232e+308
3,"6/24/99",1,430311,2,2,2,1.79769313486232e+308,1,1,5,1.79769313486232e+308,1.79769313486232e+308,1.79769313486232e+308
19,"6/24/99",1,430341,2,2,2,1.79769313486232e+308,2,1.79769313486232e+308,1.79769313486232e+308,1.79769313486232e+308,1.79769313486232e+308,1.79769313486232e+308
4,"6/24/99",1,430411,2,2,2,1.79769313486232e+308,1,1,5,1.79769313486232e+308,1.79769313486232e+308,1.79769313486232e+308
20,"6/24/99",1,430441,2,2,2,1.79769313486232e+308,1,1,5,1.79769313486232e+308,1.79769313486232e+308,1.79769313486232e+308
21,"6/24/99",1,430442,2,2,2,1.79769313486232e+308,1,1,7,1997,9,1.79769313486232e+308
25,"6/24/99",1,430459,2,2,2,1.79769313486232e+308,1,2,1.79769313486232e+308,1.79769313486232e+308,1.79769313486232e+308,5
5,"6/24/99",1,430511,2,2,2,1.79769313486232e+308,1,2,1.79769313486232e+308,1.79769313486232e+308,1.79769313486232e+308,7
22,"6/24/99",1,430541,2,2,2,1.79769313486232e+308,2,1.79769313486232e+308,1.79769313486232e+308,1.79769313486232e+308,1.79769313486232e+308,1.79769313486232e+308
6,"6/24/99",1,430611,2,2,2,1.79769313486232e+308,1,1,7,1.79769313486232e+308,1.79769313486232e+308,1.79769313486232e+308
7,"6/24/99",1,430711,2,2,2,1.79769313486232e+308,1,1,7,1.79769313486232e+308,1.79769313486232e+308,1.79769313486232e+308
8,"6/24/99",1,430811,3,3,2,1.79769313486232e+308,2,1.79769313486232e+308,1.79769313486232e+308,1.79769313486232e+308,1.79769313486232e+308,1.79769313486232e+308
9,"6/24/99",1,430812,2,3,2,1.79769313486232e+308,1,1,5,1.79769313486232e+308,1.79769313486232e+308,1.79769313486232e+308
11,"6/24/99",1,430813,2,2,2,1.79769313486232e+308,1,1.79769313486232e+308,1.79769313486232e+308,1.79769313486232e+308,1.79769313486232e+308,2
12,"6/24/99",1,430911,2,2,2,1.79769313486232e+308,1,1,5,1.79769313486232e+308,1.79769313486232e+308,1.79769313486232e+308
13,"6/24/99",1,431011,2,2,2,1.79769313486232e+308,2,1.79769313486232e+308,1.79769313486232e+308,1.79769313486232e+308,1.79769313486232e+308,1.79769313486232e+308
15,"6/24/99",1,431111,2,2,2,1.79769313486232e+308,1,2,1.79769313486232e+308,1.79769313486232e+308,1.79769313486232e+308,4
16,"6/24/99",1,431211,2,2,2,1.79769313486232e+308,2,1.79769313486232e+308,1.79769313486232e+308,1.79769313486232e+308,1.79769313486232e+308,1.79769313486232e+308
40,"9/09/99",1,440119,2,2,2,1.79769313486232e+308,1,1,5,1.79769313486232e+308,1.79769313486232e+308,1.79769313486232e+308
51,"9/09/99",1,440149,2,2,1,5,1,1.79769313486232e+308,1.79769313486232e+308,1.79769313486232e+308,1.79769313486232e+308,5
56,"9/09/99",1,440159,2,2,2,1.79769313486232e+308,1,1,5,1.79769313486232e+308,1.79769313486232e+308,1.79769313486232e+308
41,"9/09/99",1,440219,2,2,2,1.79769313486232e+308,1,2,1.79769313486232e+308,1.79769313486232e+308,1.79769313486232e+308,5
52,"9/09/99",1,440249,2,2,2,1.79769313486232e+308,1,1,7,1997,6,1.79769313486232e+308
57,"9/09/99",1,440259,2,2,2,1.79769313486232e+308,1,1,5,1.79769313486232e+308,1.79769313486232e+308,1.79769313486232e+308
42,"9/09/99",1,440319,2,1,2,1.79769313486232e+308,1,1,8,1984,3,1.79769313486232e+308
53,"9/09/99",1,440349,2,2,2,1.79769313486232e+308,1,1,5,1.79769313486232e+308,1.79769313486232e+308,1.79769313486232e+308
58,"9/09/99",1,440359,2,3,2,1.79769313486232e+308,2,1.79769313486232e+308,1.79769313486232e+308,1.79769313486232e+308,1.79769313486232e+308,1.79769313486232e+308
59,"9/09/99",1,440359,3,3,2,1.79769313486232e+308,2,1.79769313486232e+308,1.79769313486232e+308,1.79769313486232e+308,1.79769313486232e+308,1.79769313486232e+308
43,"9/09/99",1,440419,2,2,2,1.79769313486232e+308,1,1,5,1.79769313486232e+308,1.79769313486232e+308,1.79769313486232e+308
54,"9/09/99",1,440449,2,2,2,1.79769313486232e+308,1,1,5,1.79769313486232e+308,1.79769313486232e+308,1.79769313486232e+308
60,"9/09/99",1,440459,2,2,2,1.79769313486232e+308,1,1,5,1.79769313486232e+308,1.79769313486232e+308,1.79769313486232e+308
44,"9/09/99",1,440519,2,2,2,1.79769313486232e+308,1,1,5,1.79769313486232e+308,1.79769313486232e+308,1.79769313486232e+308
55,"9/09/99",1,440549,1.79769313486232e+308,1.79769313486232e+308,1.79769313486232e+308,1.79769313486232e+308,1.79769313486232e+308,1.79769313486232e+308,1.79769313486232e+308,1.79769313486232e+308,1.79769313486232e+308,1.79769313486232e+308
61,"9/09/99",1,440559,2,2,2,1.79769313486232e+308,1,1,5,1.79769313486232e+308,1.79769313486232e+308,1.79769313486232e+308
45,"9/09/99",1,440619,2,2,2,1.79769313486232e+308,1,1,7,1999,5,1.79769313486232e+308
46,"9/09/99",1,440719,2,2,2,1.79769313486232e+308,1,1,5,1.79769313486232e+308,1.79769313486232e+308,1.79769313486232e+308
47,"9/09/99",1,440819,2,2,2,1.79769313486232e+308,1,1,5,1.79769313486232e+308,1.79769313486232e+308,1.79769313486232e+308
48,"9/09/99",1,440919,2,2,2,1.79769313486232e+308,1,1,7,1992,3,1.79769313486232e+308
49,"9/09/99",1,441019,2,2,2,1.79769313486232e+308,2,1.79769313486232e+308,1.79769313486232e+308,1.79769313486232e+308,1.79769313486232e+308,1.79769313486232e+308
50,"9/09/99",1,441019,5,2,2,1.79769313486232e+308,1,2,1.79769313486232e+308,1.79769313486232e+308,1.79769313486232e+308,1.79769313486232e+308
61,"7/14/99",1,510111,2,2,2,1.79769313486232e+308,1,1,5,1.79769313486232e+308,1.79769313486232e+308,1.79769313486232e+308
75,"7/20/99",1,510141,2,2,1,6,2,1.79769313486232e+308,1.79769313486232e+308,1.79769313486232e+308,1.79769313486232e+308,1.79769313486232e+308
81,"7/20/99",1,510151,2,9,2,1.79769313486232e+308,1,1,7,1984,1,1.79769313486232e+308
82,"7/20/99",1,510151,9,9,2,1.79769313486232e+308,1,1,5,1.79769313486232e+308,1.79769313486232e+308,1.79769313486232e+308
83,"7/20/99",1,510152,2,2,2,1.79769313486232e+308,1,1,8,1980,12,1.79769313486232e+308
62,"7/20/99",1,510211,8,2,2,1.79769313486232e+308,1,1,5,1.79769313486232e+308,1.79769313486232e+308,1.79769313486232e+308
76,"7/20/99",1,510241,2,2,2,1.79769313486232e+308,1,1,8,1991,3,1.79769313486232e+308
84,"7/20/99",1,510251,2,2,2,1.79769313486232e+308,1,1,8,1987,6,1.79769313486232e+308
63,"7/20/99",1,510311,2,2,2,1.79769313486232e+308,1,2,1.79769313486232e+308,1.79769313486232e+308,1.79769313486232e+308,5
77,"7/20/99",1,510341,2,2,2,1.79769313486232e+308,1,1,5,1.79769313486232e+308,1.79769313486232e+308,1.79769313486232e+308
85,"7/20/99",1,510351,2,2,2,1.79769313486232e+308,1,1,5,1.79769313486232e+308,1.79769313486232e+308,1.79769313486232e+308
64,"7/20/99",1,510411,2,2,2,1.79769313486232e+308,1,1,5,1.79769313486232e+308,1.79769313486232e+308,1.79769313486232e+308
78,"7/20/99",1,510441,2,2,2,1.79769313486232e+308,2,1.79769313486232e+308,1.79769313486232e+308,1.79769313486232e+308,1.79769313486232e+308,1.79769313486232e+308
79,"7/20/99",1,510442,4,4,1,5,1,1.79769313486232e+308,1.79769313486232e+308,1.79769313486232e+308,1.79769313486232e+308,5
86,"7/20/99",1,510459,6,6,2,1.79769313486232e+308,1,1,5,1.79769313486232e+308,1.79769313486232e+308,1.79769313486232e+308
65,"7/20/99",1,510511,2,2,2,1.79769313486232e+308,2,1.79769313486232e+308,1.79769313486232e+308,1.79769313486232e+308,1.79769313486232e+308,1.79769313486232e+308
66,"7/20/99",1,510511,8,2,2,1.79769313486232e+308,1,1,5,1.79769313486232e+308,1.79769313486232e+308,1.79769313486232e+308
80,"7/20/99",1,510541,1.79769313486232e+308,1.79769313486232e+308,1.79769313486232e+308,1.79769313486232e+308,1.79769313486232e+308,1.79769313486232e+308,1.79769313486232e+308,1.79769313486232e+308,1.79769313486232e+308,1.79769313486232e+308
67,"7/20/99",1,510611,3,3,2,1.79769313486232e+308,1,1,7,1993,6,1.79769313486232e+308
68,"7/20/99",1,510711,8,8,2,1.79769313486232e+308,2,1.79769313486232e+308,1.79769313486232e+308,1.79769313486232e+308,1.79769313486232e+308,1.79769313486232e+308
69,"7/20/99",1,510712,2,2,2,1.79769313486232e+308,1,1,5,1.79769313486232e+308,1.79769313486232e+308,1.79769313486232e+308
70,"7/20/99",1,510811,2,2,2,1.79769313486232e+308,1,1,8,1994,8,1.79769313486232e+308
71,"7/20/99",1,510911,2,2,2,1.79769313486232e+308,1,1,8,1998,8,1.79769313486232e+308
72,"7/20/99",1,511011,2,2,2,1.79769313486232e+308,1,1,5,1.79769313486232e+308,1.79769313486232e+308,1.79769313486232e+308
73,"7/20/99",1,511111,2,2,2,1.79769313486232e+308,1,1,7,1993,1,1.79769313486232e+308
74,"7/20/99",1,511211,2,2,2,1.79769313486232e+308,1,1,8,1997,6,1.79769313486232e+308
137,"6/20/99",1,520111,2,2,2,1.79769313486232e+308,2,1.79769313486232e+308,1.79769313486232e+308,1.79769313486232e+308,1.79769313486232e+308,1.79769313486232e+308
153,"6/20/99",1,520141,2,2,2,1.79769313486232e+308,1,1,5,1.79769313486232e+308,1.79769313486232e+308,1.79769313486232e+308
158,"6/20/99",1,520151,5,5,2,1.79769313486232e+308,1,1,2,1.79769313486232e+308,1.79769313486232e+308,1.79769313486232e+308
159,"6/20/99",1,520151,6,5,2,1.79769313486232e+308,1,1,2,1.79769313486232e+308,1.79769313486232e+308,1.79769313486232e+308
138,"6/20/99",1,520211,2,2,2,1.79769313486232e+308,1,1,5,1.79769313486232e+308,1.79769313486232e+308,1.79769313486232e+308
154,"6/20/99",1,520241,2,2,2,1.79769313486232e+308,2,1.79769313486232e+308,1.79769313486232e+308,1.79769313486232e+308,1.79769313486232e+308,1.79769313486232e+308
160,"6/20/99",1,520251,2,2,2,1.79769313486232e+308,1,2,1.79769313486232e+308,1.79769313486232e+308,1.79769313486232e+308,11
139,"6/20/99",1,520311,3,3,2,1.79769313486232e+308,1,1,7,1996,1,1.79769313486232e+308
155,"6/20/99",1,520341,7,10,2,1.79769313486232e+308,1,1,5,1.79769313486232e+308,1.79769313486232e+308,1.79769313486232e+308
161,"6/20/99",1,520351,5,5,2,1.79769313486232e+308,1,1,5,1.79769313486232e+308,1.79769313486232e+308,1.79769313486232e+308
162,"6/20/99",1,520351,6,5,2,1.79769313486232e+308,1,2,1.79769313486232e+308,1.79769313486232e+308,1.79769313486232e+308,2
163,"6/20/99",1,520351,18,5,2,1.79769313486232e+308,1,1,5,1.79769313486232e+308,1.79769313486232e+308,1.79769313486232e+308
140,"6/20/99",1,520411,2,2,2,1.79769313486232e+308,1,1,5,1.79769313486232e+308,1.79769313486232e+308,1.79769313486232e+308
156,"6/20/99",1,520441,1.79769313486232e+308,1.79769313486232e+308,1.79769313486232e+308,1.79769313486232e+308,1.79769313486232e+308,1.79769313486232e+308,1.79769313486232e+308,1.79769313486232e+308,1.79769313486232e+308,1.79769313486232e+308
164,"6/20/99",1,520459,2,2,2,1.79769313486232e+308,1,2,1.79769313486232e+308,1.79769313486232e+308,1.79769313486232e+308,5
157,"6/20/99",1,520541,1.79769313486232e+308,1.79769313486232e+308,1.79769313486232e+308,1.79769313486232e+308,1.79769313486232e+308,1.79769313486232e+308,1.79769313486232e+308,1.79769313486232e+308,1.79769313486232e+308,1.79769313486232e+308
141,"6/20/99",1,520611,1.79769313486232e+308,1.79769313486232e+308,1.79769313486232e+308,1.79769313486232e+308,1.79769313486232e+308,1.79769313486232e+308,1.79769313486232e+308,1.79769313486232e+308,1.79769313486232e+308,1.79769313486232e+308
142,"6/20/99",1,520711,4,4,2,1.79769313486232e+308,1,1,5,1.79769313486232e+308,1.79769313486232e+308,1.79769313486232e+308
143,"6/20/99",1,520711,6,4,2,1.79769313486232e+308,1,1,5,1.79769313486232e+308,1.79769313486232e+308,1.79769313486232e+308
146,"6/20/99",1,520811,1.79769313486232e+308,1.79769313486232e+308,1.79769313486232e+308,1.79769313486232e+308,1.79769313486232e+308,1.79769313486232e+308,1.79769313486232e+308,1.79769313486232e+308,1.79769313486232e+308,1.79769313486232e+308
147,"6/20/99",1,520911,2,2,2,1.79769313486232e+308,1,1,5,1.79769313486232e+308,1.79769313486232e+308,1.79769313486232e+308
148,"6/20/99",1,520911,4,2,2,1.79769313486232e+308,2,1.79769313486232e+308,1.79769313486232e+308,1.79769313486232e+308,1.79769313486232e+308,1.79769313486232e+308
149,"6/20/99",1,521011,2,2,2,1.79769313486232e+308,1,2,1.79769313486232e+308,1.79769313486232e+308,1.79769313486232e+308,1.79769313486232e+308
150,"6/20/99",1,521011,5,5,2,1.79769313486232e+308,1,1,5,1.79769313486232e+308,1.79769313486232e+308,1.79769313486232e+308
151,"6/20/99",1,521111,2,3,1,8,1,1.79769313486232e+308,1.79769313486232e+308,1.79769313486232e+308,1.79769313486232e+308,5
152,"6/20/99",1,521211,1.79769313486232e+308,1.79769313486232e+308,1.79769313486232e+308,1.79769313486232e+308,1.79769313486232e+308,1.79769313486232e+308,1.79769313486232e+308,1.79769313486232e+308,1.79769313486232e+308,1.79769313486232e+308
166,"6/15/99",1,530111,1.79769313486232e+308,1.79769313486232e+308,1.79769313486232e+308,1.79769313486232e+308,1.79769313486232e+308,1.79769313486232e+308,1.79769313486232e+308,1.79769313486232e+308,1.79769313486232e+308,1.79769313486232e+308
185,"6/20/99",1,530141,2,2,2,1.79769313486232e+308,1,2,1.79769313486232e+308,1.79769313486232e+308,1.79769313486232e+308,5
186,"6/20/99",1,530141,7,2,2,1.79769313486232e+308,1,1,5,1.79769313486232e+308,1.79769313486232e+308,1.79769313486232e+308
192,"6/20/99",1,530151,11,11,2,1.79769313486232e+308,2,1.79769313486232e+308,1.79769313486232e+308,1.79769313486232e+308,1.79769313486232e+308,1.79769313486232e+308
193,"6/20/99",1,530152,2,2,2,1.79769313486232e+308,1,1,5,1.79769313486232e+308,1.79769313486232e+308,1.79769313486232e+308
194,"6/20/99",1,530153,2,2,2,1.79769313486232e+308,1,2,1.79769313486232e+308,1.79769313486232e+308,1.79769313486232e+308,5
168,"6/20/99",1,530211,2,2,2,1.79769313486232e+308,1,1,5,1.79769313486232e+308,1.79769313486232e+308,1.79769313486232e+308
187,"6/20/99",1,530241,2,2,2,1.79769313486232e+308,2,1.79769313486232e+308,1.79769313486232e+308,1.79769313486232e+308,1.79769313486232e+308,1.79769313486232e+308
195,"6/20/99",1,530251,6,7,2,1.79769313486232e+308,1,1,5,1.79769313486232e+308,1.79769313486232e+308,1.79769313486232e+308
196,"6/20/99",1,530251,7,7,2,1.79769313486232e+308,1,1,5,1.79769313486232e+308,1.79769313486232e+308,1.79769313486232e+308
168,"6/20/99",1,530311,1.79769313486232e+308,1.79769313486232e+308,1.79769313486232e+308,1.79769313486232e+308,1.79769313486232e+308,1.79769313486232e+308,1.79769313486232e+308,1.79769313486232e+308,1.79769313486232e+308,1.79769313486232e+308
188,"6/20/99",1,530341,3,3,2,1.79769313486232e+308,1,1,5,1.79769313486232e+308,1.79769313486232e+308,1.79769313486232e+308
197,"6/20/99",1,530351,4,4,2,1.79769313486232e+308,1,1,8,1992,8,1.79769313486232e+308
198,"6/20/99",1,530351,6,4,2,1.79769313486232e+308,1,1,7,1994,10,1.79769313486232e+308
199,"6/20/99",1,530351,17,4,2,1.79769313486232e+308,1,2,1.79769313486232e+308,1.79769313486232e+308,1.79769313486232e+308,5
169,"6/20/99",1,530411,2,2,2,1.79769313486232e+308,2,1.79769313486232e+308,1.79769313486232e+308,1.79769313486232e+308,1.79769313486232e+308,1.79769313486232e+308
189,"6/20/99",1,530441,2,2,2,1.79769313486232e+308,2,1.79769313486232e+308,1.79769313486232e+308,1.79769313486232e+308,1.79769313486232e+308,1.79769313486232e+308
200,"6/20/99",1,530459,2,2,2,1.79769313486232e+308,2,1.79769313486232e+308,1.79769313486232e+308,1.79769313486232e+308,1.79769313486232e+308,1.79769313486232e+308
170,"6/20/99",1,530511,2,2,2,1.79769313486232e+308,1,1,5,1.79769313486232e+308,1.79769313486232e+308,1.79769313486232e+308
190,"6/20/99",1,530541,2,2,2,1.79769313486232e+308,2,1.79769313486232e+308,1.79769313486232e+308,1.79769313486232e+308,1.79769313486232e+308,1.79769313486232e+308
191,"6/20/99",1,530541,9,2,2,1.79769313486232e+308,1,1,5,1.79769313486232e+308,1.79769313486232e+308,1.79769313486232e+308
171,"6/20/99",1,530611,2,1,2,1.79769313486232e+308,1,2,1.79769313486232e+308,1.79769313486232e+308,1.79769313486232e+308,5
172,"6/20/99",1,530711,2,2,2,1.79769313486232e+308,2,1.79769313486232e+308,1.79769313486232e+308,1.79769313486232e+308,1.79769313486232e+308,1.79769313486232e+308
173,"6/20/99",1,530711,5,2,2,1.79769313486232e+308,1,1,7,1996,10,1.79769313486232e+308
174,"6/20/99",1,530811,2,2,2,1.79769313486232e+308,1,1,7,1997,3,1.79769313486232e+308
175,"6/20/99",1,530911,2,2,2,1.79769313486232e+308,1,1,7,1991,10,1.79769313486232e+308
176,"6/20/99",1,531011,13,13,1,3,2,1.79769313486232e+308,1.79769313486232e+308,1.79769313486232e+308,1.79769313486232e+308,1.79769313486232e+308
177,"6/20/99",1,531011,19,13,2,1.79769313486232e+308,1,1,5,1.79769313486232e+308,1.79769313486232e+308,1.79769313486232e+308
178,"6/20/99",1,531012,2,2,2,1.79769313486232e+308,1,1,5,1.79769313486232e+308,1.79769313486232e+308,1.79769313486232e+308
179,"6/20/99",1,531013,2,2,2,1.79769313486232e+308,1,1,5,1.79769313486232e+308,1.79769313486232e+308,1.79769313486232e+308
180,"6/20/99",1,531014,2,2,2,1.79769313486232e+308,1,2,1.79769313486232e+308,1.79769313486232e+308,1.79769313486232e+308,5
181,"6/20/99",1,531014,5,2,1,6,2,1.79769313486232e+308,1.79769313486232e+308,1.79769313486232e+308,1.79769313486232e+308,1.79769313486232e+308
182,"6/20/99",1,531111,2,2,2,1.79769313486232e+308,1,2,1.79769313486232e+308,1.79769313486232e+308,1.79769313486232e+308,5
183,"6/20/99",1,531211,2,2,2,1.79769313486232e+308,2,1.79769313486232e+308,1.79769313486232e+308,1.79769313486232e+308,1.79769313486232e+308,1.79769313486232e+308
115,"8/11/99",1,610111,1.79769313486232e+308,1.79769313486232e+308,1.79769313486232e+308,1.79769313486232e+308,1.79769313486232e+308,1.79769313486232e+308,1.79769313486232e+308,1.79769313486232e+308,1.79769313486232e+308,1.79769313486232e+308
132,"8/12/99",1,610141,1.79769313486232e+308,1.79769313486232e+308,1.79769313486232e+308,1.79769313486232e+308,1.79769313486232e+308,1.79769313486232e+308,1.79769313486232e+308,1.79769313486232e+308,1.79769313486232e+308,1.79769313486232e+308
133,"8/12/99",1,610142,2,2,2,1.79769313486232e+308,2,1.79769313486232e+308,1.79769313486232e+308,1.79769313486232e+308,1.79769313486232e+308,1.79769313486232e+308
139,"8/12/99",1,610151,1.79769313486232e+308,1.79769313486232e+308,1.79769313486232e+308,1.79769313486232e+308,1.79769313486232e+308,1.79769313486232e+308,1.79769313486232e+308,1.79769313486232e+308,1.79769313486232e+308,1.79769313486232e+308
134,"8/12/99",1,610241,1.79769313486232e+308,1.79769313486232e+308,1.79769313486232e+308,1.79769313486232e+308,1.79769313486232e+308,1.79769313486232e+308,1.79769313486232e+308,1.79769313486232e+308,1.79769313486232e+308,1.79769313486232e+308
135,"8/12/99",1,610242,2,2,2,1.79769313486232e+308,1,1,5,1.79769313486232e+308,1.79769313486232e+308,1.79769313486232e+308
136,"8/12/99",1,610243,2,2,2,1.79769313486232e+308,2,1.79769313486232e+308,1.79769313486232e+308,1.79769313486232e+308,1.79769313486232e+308,1.79769313486232e+308
140,"8/12/99",1,610251,1.79769313486232e+308,1.79769313486232e+308,1.79769313486232e+308,1.79769313486232e+308,1.79769313486232e+308,1.79769313486232e+308,1.79769313486232e+308,1.79769313486232e+308,1.79769313486232e+308,1.79769313486232e+308
116,"8/12/99",1,610311,2,2,2,1.79769313486232e+308,1,2,1.79769313486232e+308,1.79769313486232e+308,1.79769313486232e+308,5
137,"8/12/99",1,610341,2,2,2,1.79769313486232e+308,2,1.79769313486232e+308,1.79769313486232e+308,1.79769313486232e+308,1.79769313486232e+308,1.79769313486232e+308
141,"8/12/99",1,610351,5,5,2,1.79769313486232e+308,2,1.79769313486232e+308,1.79769313486232e+308,1.79769313486232e+308,1.79769313486232e+308,1.79769313486232e+308
117,"8/12/99",1,610411,1.79769313486232e+308,1.79769313486232e+308,1.79769313486232e+308,1.79769313486232e+308,1.79769313486232e+308,1.79769313486232e+308,1.79769313486232e+308,1.79769313486232e+308,1.79769313486232e+308,1.79769313486232e+308
138,"8/12/99",1,610441,7,7,2,1.79769313486232e+308,2,1.79769313486232e+308,1.79769313486232e+308,1.79769313486232e+308,1.79769313486232e+308,1.79769313486232e+308
142,"8/12/99",1,610459,7,7,2,1.79769313486232e+308,2,1.79769313486232e+308,1.79769313486232e+308,1.79769313486232e+308,1.79769313486232e+308,1.79769313486232e+308
119,"8/12/99",1,610511,10,10,2,1.79769313486232e+308,2,1.79769313486232e+308,1.79769313486232e+308,1.79769313486232e+308,1.79769313486232e+308,1.79769313486232e+308
120,"8/12/99",1,610611,2,2,2,1.79769313486232e+308,2,1.79769313486232e+308,1.79769313486232e+308,1.79769313486232e+308,1.79769313486232e+308,1.79769313486232e+308
121,"8/12/99",1,610711,1.79769313486232e+308,1.79769313486232e+308,1.79769313486232e+308,1.79769313486232e+308,1.79769313486232e+308,1.79769313486232e+308,1.79769313486232e+308,1.79769313486232e+308,1.79769313486232e+308,1.79769313486232e+308
122,"8/12/99",1,610811,2,2,2,1.79769313486232e+308,1,1,7,1998,6,1.79769313486232e+308
123,"8/12/99",1,610911,7,7,2,1.79769313486232e+308,2,1.79769313486232e+308,1.79769313486232e+308,1.79769313486232e+308,1.79769313486232e+308,1.79769313486232e+308
124,"8/12/99",1,610911,8,8,1,3,2,1.79769313486232e+308,1.79769313486232e+308,1.79769313486232e+308,1.79769313486232e+308,1.79769313486232e+308
125,"8/12/99",1,611011,2,2,2,1.79769313486232e+308,2,1.79769313486232e+308,1.79769313486232e+308,1.79769313486232e+308,1.79769313486232e+308,1.79769313486232e+308
126,"8/12/99",1,611012,2,2,2,1.79769313486232e+308,2,1.79769313486232e+308,1.79769313486232e+308,1.79769313486232e+308,1.79769313486232e+308,1.79769313486232e+308
127,"8/12/99",1,611111,2,2,2,1.79769313486232e+308,1,2,1.79769313486232e+308,1.79769313486232e+308,1.79769313486232e+308,8
128,"8/12/99",1,611111,8,8,2,1.79769313486232e+308,2,1.79769313486232e+308,1.79769313486232e+308,1.79769313486232e+308,1.79769313486232e+308,1.79769313486232e+308
129,"8/12/99",1,611211,2,2,2,1.79769313486232e+308,2,1.79769313486232e+308,1.79769313486232e+308,1.79769313486232e+308,1.79769313486232e+308,1.79769313486232e+308
130,"8/12/99",1,611212,2,2,1,5,2,1.79769313486232e+308,1.79769313486232e+308,1.79769313486232e+308,1.79769313486232e+308,1.79769313486232e+308
131,"8/12/99",1,611213,2,2,2,1.79769313486232e+308,2,1.79769313486232e+308,1.79769313486232e+308,1.79769313486232e+308,1.79769313486232e+308,1.79769313486232e+308
227,"6/23/99",1,620111,2,2,2,1.79769313486232e+308,2,1.79769313486232e+308,1.79769313486232e+308,1.79769313486232e+308,1.79769313486232e+308,1.79769313486232e+308
238,"6/23/99",1,620141,2,2,2,1.79769313486232e+308,2,1.79769313486232e+308,1.79769313486232e+308,1.79769313486232e+308,1.79769313486232e+308,1.79769313486232e+308
243,"6/23/99",1,620151,7,7,2,1.79769313486232e+308,2,1.79769313486232e+308,1.79769313486232e+308,1.79769313486232e+308,1.79769313486232e+308,1.79769313486232e+308
75,"9/12/99",1,620152,1.79769313486232e+308,1.79769313486232e+308,1.79769313486232e+308,1.79769313486232e+308,1.79769313486232e+308,1.79769313486232e+308,1.79769313486232e+308,1.79769313486232e+308,1.79769313486232e+308,1.79769313486232e+308
228,"6/23/99",1,620211,2,2,2,1.79769313486232e+308,1,2,1.79769313486232e+308,1.79769313486232e+308,1.79769313486232e+308,5
239,"6/23/99",1,620241,7,2,2,1.79769313486232e+308,2,1.79769313486232e+308,1.79769313486232e+308,1.79769313486232e+308,1.79769313486232e+308,1.79769313486232e+308
78,"9/12/99",1,620251,1.79769313486232e+308,1.79769313486232e+308,1.79769313486232e+308,1.79769313486232e+308,1.79769313486232e+308,1.79769313486232e+308,1.79769313486232e+308,1.79769313486232e+308,1.79769313486232e+308,1.79769313486232e+308
79,"9/12/99",1,620252,2,2,2,1.79769313486232e+308,1,1,9,1997,1,1.79769313486232e+308
81,"9/12/99",1,620253,2,2,2,1.79769313486232e+308,1,1,5,1.79769313486232e+308,1.79769313486232e+308,1.79769313486232e+308
82,"9/12/99",1,620254,2,1,2,1.79769313486232e+308,1,1,5,1.79769313486232e+308,1.79769313486232e+308,1.79769313486232e+308
229,"6/23/99",1,620311,2,2,2,1.79769313486232e+308,1,2,1.79769313486232e+308,1.79769313486232e+308,1.79769313486232e+308,5
240,"6/23/99",1,620341,2,2,2,1.79769313486232e+308,2,1.79769313486232e+308,1.79769313486232e+308,1.79769313486232e+308,1.79769313486232e+308,1.79769313486232e+308
83,"9/12/99",1,620351,4,2,2,1.79769313486232e+308,2,1.79769313486232e+308,1.79769313486232e+308,1.79769313486232e+308,1.79769313486232e+308,1.79769313486232e+308
230,"6/23/99",1,620411,2,2,2,1.79769313486232e+308,2,1.79769313486232e+308,1.79769313486232e+308,1.79769313486232e+308,1.79769313486232e+308,1.79769313486232e+308
241,"6/23/99",1,620441,5,5,2,1.79769313486232e+308,2,1.79769313486232e+308,1.79769313486232e+308,1.79769313486232e+308,1.79769313486232e+308,1.79769313486232e+308
84,"9/12/99",1,620459,2,2,2,1.79769313486232e+308,1,1,5,1.79769313486232e+308,1.79769313486232e+308,1.79769313486232e+308
86,"9/12/99",1,620459,5,5,2,1.79769313486232e+308,2,1.79769313486232e+308,1.79769313486232e+308,1.79769313486232e+308,1.79769313486232e+308,1.79769313486232e+308
87,"9/12/99",1,620459,9,9,2,1.79769313486232e+308,2,1.79769313486232e+308,1.79769313486232e+308,1.79769313486232e+308,1.79769313486232e+308,1.79769313486232e+308
231,"6/23/99",1,620511,1.79769313486232e+308,1.79769313486232e+308,1.79769313486232e+308,1.79769313486232e+308,1.79769313486232e+308,1.79769313486232e+308,1.79769313486232e+308,1.79769313486232e+308,1.79769313486232e+308,1.79769313486232e+308
232,"6/23/99",1,620512,2,2,2,1.79769313486232e+308,1,1,5,1.79769313486232e+308,1.79769313486232e+308,1.79769313486232e+308
242,"6/23/99",1,620541,2,2,2,1.79769313486232e+308,1,1,7,1998,12,1.79769313486232e+308
67,"9/12/99",1,620611,2,1,2,1.79769313486232e+308,1,2,1.79769313486232e+308,1.79769313486232e+308,1.79769313486232e+308,5
233,"6/23/99",1,620711,2,2,2,1.79769313486232e+308,1,1,7,1989,8,1.79769313486232e+308
234,"6/23/99",1,620811,5,5,2,1.79769313486232e+308,1,2,1.79769313486232e+308,1.79769313486232e+308,1.79769313486232e+308,5
235,"6/23/99",1,620811,6,6,2,1.79769313486232e+308,1,2,1.79769313486232e+308,1.79769313486232e+308,1.79769313486232e+308,5
236,"6/23/99",1,620911,2,2,2,1.79769313486232e+308,2,1.79769313486232e+308,1.79769313486232e+308,1.79769313486232e+308,1.79769313486232e+308,1.79769313486232e+308
237,"6/23/99",1,620911,3,3,2,1.79769313486232e+308,2,1.79769313486232e+308,1.79769313486232e+308,1.79769313486232e+308,1.79769313486232e+308,1.79769313486232e+308
68,"9/12/99",1,621011,2,1,2,1.79769313486232e+308,1,1,7,1999,1,1.79769313486232e+308
69,"9/12/99",1,621111,2,2,2,1.79769313486232e+308,2,1.79769313486232e+308,1.79769313486232e+308,1.79769313486232e+308,1.79769313486232e+308,1.79769313486232e+308
72,"9/12/99",1,621211,2,2,2,1.79769313486232e+308,1,1,5,1.79769313486232e+308,1.79769313486232e+308,1.79769313486232e+308
117,"7/21/99",1,630111,2,2,2,1.79769313486232e+308,1,1,5,1.79769313486232e+308,1.79769313486232e+308,1.79769313486232e+308
127,"7/21/99",1,630141,2,2,2,1.79769313486232e+308,1,1,5,1.79769313486232e+308,1.79769313486232e+308,1.79769313486232e+308
134,"7/21/99",1,630151,4,4,2,1.79769313486232e+308,1,1,1,1.79769313486232e+308,1.79769313486232e+308,1.79769313486232e+308
118,"7/21/99",1,630211,2,2,2,1.79769313486232e+308,2,1.79769313486232e+308,1.79769313486232e+308,1.79769313486232e+308,1.79769313486232e+308,1.79769313486232e+308
128,"7/21/99",1,630241,2,2,2,1.79769313486232e+308,1,1,5,1.79769313486232e+308,1.79769313486232e+308,1.79769313486232e+308
129,"7/21/99",1,630242,2,2,2,1.79769313486232e+308,1,1,5,1.79769313486232e+308,1.79769313486232e+308,1.79769313486232e+308
135,"7/21/99",1,630251,2,2,2,1.79769313486232e+308,1,1,5,1.79769313486232e+308,1.79769313486232e+308,1.79769313486232e+308
136,"7/21/99",1,630252,2,2,2,1.79769313486232e+308,1,2,1.79769313486232e+308,1.79769313486232e+308,1.79769313486232e+308,5
25,"8/04/99",1,630311,2,2,1,7,2,1.79769313486232e+308,1.79769313486232e+308,1.79769313486232e+308,1.79769313486232e+308,1.79769313486232e+308
130,"7/21/99",1,630341,2,2,2,1.79769313486232e+308,2,1.79769313486232e+308,1.79769313486232e+308,1.79769313486232e+308,1.79769313486232e+308,1.79769313486232e+308
131,"7/21/99",1,630342,2,2,2,1.79769313486232e+308,1,1,5,1.79769313486232e+308,1.79769313486232e+308,1.79769313486232e+308
137,"7/21/99",1,630351,5,1,2,1.79769313486232e+308,1,1,5,1.79769313486232e+308,1.79769313486232e+308,1.79769313486232e+308
138,"7/21/99",1,630352,1.79769313486232e+308,1.79769313486232e+308,1.79769313486232e+308,1.79769313486232e+308,1.79769313486232e+308,1.79769313486232e+308,1.79769313486232e+308,1.79769313486232e+308,1.79769313486232e+308,1.79769313486232e+308
26,"8/04/99",1,630411,2,2,2,1.79769313486232e+308,1,2,1.79769313486232e+308,1.79769313486232e+308,1.79769313486232e+308,5
132,"7/21/99",1,630441,2,2,2,1.79769313486232e+308,1,2,1.79769313486232e+308,1.79769313486232e+308,1.79769313486232e+308,5
140,"7/21/99",1,630459,4,1.79769313486232e+308,1.79769313486232e+308,1.79769313486232e+308,1.79769313486232e+308,1.79769313486232e+308,1.79769313486232e+308,1.79769313486232e+308,1.79769313486232e+308,1.79769313486232e+308
119,"7/21/99",1,630511,2,2,2,1.79769313486232e+308,2,1.79769313486232e+308,1.79769313486232e+308,1.79769313486232e+308,1.79769313486232e+308,1.79769313486232e+308
120,"7/21/99",1,630512,2,2,2,1.79769313486232e+308,1,1,5,1.79769313486232e+308,1.79769313486232e+308,1.79769313486232e+308
121,"7/21/99",1,630513,2,2,2,1.79769313486232e+308,1,1,5,1.79769313486232e+308,1.79769313486232e+308,1.79769313486232e+308
133,"7/21/99",1,630541,2,2,2,1.79769313486232e+308,1,2,1.79769313486232e+308,1.79769313486232e+308,1.79769313486232e+308,5
122,"7/21/99",1,630611,1.79769313486232e+308,1.79769313486232e+308,1.79769313486232e+308,1.79769313486232e+308,1.79769313486232e+308,1.79769313486232e+308,1.79769313486232e+308,1.79769313486232e+308,1.79769313486232e+308,1.79769313486232e+308
123,"7/21/99",1,630711,4,4,2,1.79769313486232e+308,1,2,1.79769313486232e+308,1.79769313486232e+308,1.79769313486232e+308,5
27,"8/04/99",1,630811,2,2,2,1.79769313486232e+308,1,2,1.79769313486232e+308,1.79769313486232e+308,1.79769313486232e+308,1.79769313486232e+308
28,"8/04/99",1,630811,9,9,2,1.79769313486232e+308,2,1.79769313486232e+308,1.79769313486232e+308,1.79769313486232e+308,1.79769313486232e+308,1.79769313486232e+308
29,"8/04/99",1,630911,2,2,2,1.79769313486232e+308,2,1.79769313486232e+308,1.79769313486232e+308,1.79769313486232e+308,1.79769313486232e+308,1.79769313486232e+308
124,"7/21/99",1,631011,2,2,2,1.79769313486232e+308,1,2,1.79769313486232e+308,1.79769313486232e+308,1.79769313486232e+308,5
125,"7/21/99",1,631111,2,2,2,1.79769313486232e+308,1,1,5,1.79769313486232e+308,1.79769313486232e+308,1.79769313486232e+308
126,"7/21/99",1,631211,2,2,2,1.79769313486232e+308,2,1.79769313486232e+308,1.79769313486232e+308,1.79769313486232e+308,1.79769313486232e+308,1.79769313486232e+308
55,"6/06/99",1,710111,2,1,1,7,1,1.79769313486232e+308,1.79769313486232e+308,1.79769313486232e+308,1.79769313486232e+308,5
72,"6/07/99",1,710141,1.79769313486232e+308,1.79769313486232e+308,1.79769313486232e+308,1.79769313486232e+308,1.79769313486232e+308,1.79769313486232e+308,1.79769313486232e+308,1.79769313486232e+308,1.79769313486232e+308,1.79769313486232e+308
76,"6/07/99",1,710151,2,2,2,1.79769313486232e+308,1,1,5,1.79769313486232e+308,1.79769313486232e+308,1.79769313486232e+308
56,"6/07/99",1,710211,6,2,2,1.79769313486232e+308,1,1,7,1.79769313486232e+308,1.79769313486232e+308,1.79769313486232e+308
73,"6/07/99",1,710241,2,2,2,1.79769313486232e+308,1,1,7,1.79769313486232e+308,1.79769313486232e+308,1.79769313486232e+308
77,"6/07/99",1,710251,2,2,2,1.79769313486232e+308,1,1,5,1.79769313486232e+308,1.79769313486232e+308,1.79769313486232e+308
57,"6/07/99",1,710311,4,2,2,1.79769313486232e+308,2,1.79769313486232e+308,1.79769313486232e+308,1.79769313486232e+308,1.79769313486232e+308,1.79769313486232e+308
58,"6/07/99",1,710311,12,2,2,1.79769313486232e+308,2,1.79769313486232e+308,1.79769313486232e+308,1.79769313486232e+308,1.79769313486232e+308,1.79769313486232e+308
78,"6/07/99",1,710351,2,2,2,1.79769313486232e+308,2,1.79769313486232e+308,1.79769313486232e+308,1.79769313486232e+308,1.79769313486232e+308,1.79769313486232e+308
59,"6/07/99",1,710411,2,2,2,1.79769313486232e+308,1,2,1.79769313486232e+308,1.79769313486232e+308,1.79769313486232e+308,5
79,"6/07/99",1,710459,5,5,2,1.79769313486232e+308,2,1.79769313486232e+308,1.79769313486232e+308,1.79769313486232e+308,1.79769313486232e+308,1.79769313486232e+308
74,"6/07/99",1,710541,1.79769313486232e+308,1.79769313486232e+308,1.79769313486232e+308,1.79769313486232e+308,1.79769313486232e+308,1.79769313486232e+308,1.79769313486232e+308,1.79769313486232e+308,1.79769313486232e+308,1.79769313486232e+308
75,"6/07/99",1,710542,2,2,2,1.79769313486232e+308,1,2,1.79769313486232e+308,1.79769313486232e+308,1.79769313486232e+308,5
60,"6/07/99",1,710611,2,2,2,1.79769313486232e+308,1,2,1.79769313486232e+308,1.79769313486232e+308,1.79769313486232e+308,5
61,"6/07/99",1,710711,2,2,2,1.79769313486232e+308,1,1,5,1.79769313486232e+308,1.79769313486232e+308,1.79769313486232e+308
62,"6/07/99",1,710811,2,2,2,1.79769313486232e+308,1,1,5,1.79769313486232e+308,1.79769313486232e+308,1.79769313486232e+308
63,"6/07/99",1,710911,7,7,2,1.79769313486232e+308,2,1.79769313486232e+308,1.79769313486232e+308,1.79769313486232e+308,1.79769313486232e+308,1.79769313486232e+308
64,"6/07/99",1,710911,10,1,2,1.79769313486232e+308,1,1,5,1.79769313486232e+308,1.79769313486232e+308,1.79769313486232e+308
65,"6/07/99",1,710912,2,2,2,1.79769313486232e+308,1,1,5,1.79769313486232e+308,1.79769313486232e+308,1.79769313486232e+308
66,"6/07/99",1,711011,1.79769313486232e+308,1.79769313486232e+308,1.79769313486232e+308,1.79769313486232e+308,1.79769313486232e+308,1.79769313486232e+308,1.79769313486232e+308,1.79769313486232e+308,1.79769313486232e+308,1.79769313486232e+308
67,"6/07/99",1,711111,2,2,2,1.79769313486232e+308,1,1,8,1987,5,1.79769313486232e+308
68,"6/07/99",1,711211,1.79769313486232e+308,1.79769313486232e+308,1.79769313486232e+308,1.79769313486232e+308,1.79769313486232e+308,1.79769313486232e+308,1.79769313486232e+308,1.79769313486232e+308,1.79769313486232e+308,1.79769313486232e+308
69,"6/07/99",1,711311,2,2,2,1.79769313486232e+308,1,1,5,1.79769313486232e+308,1.79769313486232e+308,1.79769313486232e+308
70,"6/07/99",1,711411,7,7,2,1.79769313486232e+308,2,1.79769313486232e+308,1.79769313486232e+308,1.79769313486232e+308,1.79769313486232e+308,1.79769313486232e+308
71,"6/07/99",1,711412,1.79769313486232e+308,1.79769313486232e+308,1.79769313486232e+308,1.79769313486232e+308,1.79769313486232e+308,1.79769313486232e+308,1.79769313486232e+308,1.79769313486232e+308,1.79769313486232e+308,1.79769313486232e+308
112,"6/09/99",1,720111,2,2,2,1.79769313486232e+308,1,1,5,1.79769313486232e+308,1.79769313486232e+308,1.79769313486232e+308
130,"6/17/99",1,720141,2,2,2,1.79769313486232e+308,1,2,1.79769313486232e+308,1.79769313486232e+308,1.79769313486232e+308,5
134,"6/17/99",1,720151,6,6,2,1.79769313486232e+308,1,1,5,1.79769313486232e+308,1.79769313486232e+308,1.79769313486232e+308
113,"6/17/99",1,720212,2,2,2,1.79769313486232e+308,1,1,5,1.79769313486232e+308,1.79769313486232e+308,1.79769313486232e+308
131,"6/17/99",1,720241,1.79769313486232e+308,1.79769313486232e+308,1.79769313486232e+308,1.79769313486232e+308,1.79769313486232e+308,1.79769313486232e+308,1.79769313486232e+308,1.79769313486232e+308,1.79769313486232e+308,1.79769313486232e+308
135,"6/17/99",1,720251,2,2,2,1.79769313486232e+308,1,1,5,1.79769313486232e+308,1.79769313486232e+308,1.79769313486232e+308
114,"6/17/99",1,720311,1.79769313486232e+308,1.79769313486232e+308,1.79769313486232e+308,1.79769313486232e+308,1.79769313486232e+308,1.79769313486232e+308,1.79769313486232e+308,1.79769313486232e+308,1.79769313486232e+308,1.79769313486232e+308
115,"6/17/99",1,720312,2,2,2,1.79769313486232e+308,1,1,11,1997,4,1.79769313486232e+308
116,"6/17/99",1,720313,2,2,2,1.79769313486232e+308,1,1,5,1.79769313486232e+308,1.79769313486232e+308,1.79769313486232e+308
136,"6/17/99",1,720351,6,6,2,1.79769313486232e+308,1,1,5,1.79769313486232e+308,1.79769313486232e+308,1.79769313486232e+308
137,"6/17/99",1,720351,7,7,2,1.79769313486232e+308,1,1,5,1.79769313486232e+308,1.79769313486232e+308,1.79769313486232e+308
117,"6/17/99",1,720411,1.79769313486232e+308,1.79769313486232e+308,1.79769313486232e+308,1.79769313486232e+308,1.79769313486232e+308,1.79769313486232e+308,1.79769313486232e+308,1.79769313486232e+308,1.79769313486232e+308,1.79769313486232e+308
118,"6/17/99",1,720412,2,2,2,1.79769313486232e+308,1,1,5,1.79769313486232e+308,1.79769313486232e+308,1.79769313486232e+308
132,"6/17/99",1,720441,2,2,2,1.79769313486232e+308,1,1,5,1.79769313486232e+308,1.79769313486232e+308,1.79769313486232e+308
138,"6/17/99",1,720459,2,2,2,1.79769313486232e+308,1,1,8,1987,6,1.79769313486232e+308
139,"6/17/99",1,720459,8,8,2,1.79769313486232e+308,1,1,5,1.79769313486232e+308,1.79769313486232e+308,1.79769313486232e+308
119,"6/17/99",1,720511,1.79769313486232e+308,1.79769313486232e+308,1.79769313486232e+308,1.79769313486232e+308,1.79769313486232e+308,1.79769313486232e+308,1.79769313486232e+308,1.79769313486232e+308,1.79769313486232e+308,1.79769313486232e+308
120,"6/17/99",1,720611,2,2,2,1.79769313486232e+308,1,1,5,1.79769313486232e+308,1.79769313486232e+308,1.79769313486232e+308
133,"6/17/99",1,720641,2,2,2,1.79769313486232e+308,1,1,5,1.79769313486232e+308,1.79769313486232e+308,1.79769313486232e+308
121,"6/17/99",1,720711,2,2,2,1.79769313486232e+308,1,1,5,1.79769313486232e+308,1.79769313486232e+308,1.79769313486232e+308
122,"6/17/99",1,720811,1.79769313486232e+308,1.79769313486232e+308,1.79769313486232e+308,1.79769313486232e+308,1.79769313486232e+308,1.79769313486232e+308,1.79769313486232e+308,1.79769313486232e+308,1.79769313486232e+308,1.79769313486232e+308
123,"6/17/99",1,720812,2,2,2,1.79769313486232e+308,2,1.79769313486232e+308,1.79769313486232e+308,1.79769313486232e+308,1.79769313486232e+308,1.79769313486232e+308
124,"6/17/99",1,720911,2,2,2,1.79769313486232e+308,1,1,5,1.79769313486232e+308,1.79769313486232e+308,1.79769313486232e+308
125,"6/17/99",1,721011,2,2,2,1.79769313486232e+308,1,1,5,1.79769313486232e+308,1.79769313486232e+308,1.79769313486232e+308
126,"6/17/99",1,721111,2,2,2,1.79769313486232e+308,1,1,6,1990,5,1.79769313486232e+308
127,"6/17/99",1,721211,2,2,2,1.79769313486232e+308,1,2,1.79769313486232e+308,1.79769313486232e+308,1.79769313486232e+308,5
128,"6/17/99",1,721311,2,2,2,1.79769313486232e+308,1,1,5,1.79769313486232e+308,1.79769313486232e+308,1.79769313486232e+308
129,"6/17/99",1,721411,2,2,2,1.79769313486232e+308,1,1,8,1984,4,1.79769313486232e+308
56,"8/04/99",1,730111,2,2,2,1.79769313486232e+308,1,1,5,1.79769313486232e+308,1.79769313486232e+308,1.79769313486232e+308
78,"8/08/99",1,730141,2,2,2,1.79769313486232e+308,1,1,5,1.79769313486232e+308,1.79769313486232e+308,1.79769313486232e+308
86,"8/08/99",1,730151,5,5,2,1.79769313486232e+308,1,1,5,1.79769313486232e+308,1.79769313486232e+308,1.79769313486232e+308
87,"8/08/99",1,730151,7,7,2,1.79769313486232e+308,1,1,5,1.79769313486232e+308,1.79769313486232e+308,1.79769313486232e+308
57,"8/08/99",1,730211,5,5,2,1.79769313486232e+308,1,1,7,1.79769313486232e+308,1.79769313486232e+308,1.79769313486232e+308
79,"8/08/99",1,730241,2,2,2,1.79769313486232e+308,1,1,5,1.79769313486232e+308,1.79769313486232e+308,1.79769313486232e+308
88,"8/08/99",1,730251,2,2,2,1.79769313486232e+308,1,1,5,1.79769313486232e+308,1.79769313486232e+308,1.79769313486232e+308
58,"8/08/99",1,730311,2,2,2,1.79769313486232e+308,1,2,1.79769313486232e+308,1.79769313486232e+308,1.79769313486232e+308,5
59,"8/08/99",1,730311,4,4,2,1.79769313486232e+308,1,2,1.79769313486232e+308,1.79769313486232e+308,1.79769313486232e+308,5
80,"8/08/99",1,730341,2,2,2,1.79769313486232e+308,1,2,1.79769313486232e+308,1.79769313486232e+308,1.79769313486232e+308,10
89,"8/08/99",1,730351,3,3,2,1.79769313486232e+308,1,1,5,1.79769313486232e+308,1.79769313486232e+308,1.79769313486232e+308
60,"8/08/99",1,730411,2,2,2,1.79769313486232e+308,1,1,7,1998,2,1.79769313486232e+308
81,"8/08/99",1,730441,2,2,2,1.79769313486232e+308,1,1,5,1.79769313486232e+308,1.79769313486232e+308,1.79769313486232e+308
90,"8/08/99",1,730459,2,2,2,1.79769313486232e+308,1,1,7,1.79769313486232e+308,1.79769313486232e+308,1.79769313486232e+308
61,"8/08/99",1,730511,2,2,2,1.79769313486232e+308,1,1,5,1.79769313486232e+308,1.79769313486232e+308,1.79769313486232e+308
82,"8/08/99",1,730541,2,2,2,1.79769313486232e+308,1,1,5,1.79769313486232e+308,1.79769313486232e+308,1.79769313486232e+308
62,"8/08/99",1,730611,2,2,2,1.79769313486232e+308,1,2,1.79769313486232e+308,1.79769313486232e+308,1.79769313486232e+308,5
63,"8/08/99",1,730611,7,7,2,1.79769313486232e+308,1,1,5,1.79769313486232e+308,1.79769313486232e+308,1.79769313486232e+308
64,"8/08/99",1,730612,2,2,2,1.79769313486232e+308,1,1,5,1.79769313486232e+308,1.79769313486232e+308,1.79769313486232e+308
83,"8/08/99",1,730641,1.79769313486232e+308,1.79769313486232e+308,1.79769313486232e+308,1.79769313486232e+308,1.79769313486232e+308,1.79769313486232e+308,1.79769313486232e+308,1.79769313486232e+308,1.79769313486232e+308,1.79769313486232e+308
84,"8/08/99",1,730642,2,2,2,1.79769313486232e+308,2,1.79769313486232e+308,1.79769313486232e+308,1.79769313486232e+308,1.79769313486232e+308,1.79769313486232e+308
85,"8/08/99",1,730643,2,2,2,1.79769313486232e+308,1,2,1.79769313486232e+308,1.79769313486232e+308,1.79769313486232e+308,5
65,"8/08/99",1,730711,1.79769313486232e+308,1.79769313486232e+308,1.79769313486232e+308,1.79769313486232e+308,1.79769313486232e+308,1.79769313486232e+308,1.79769313486232e+308,1.79769313486232e+308,1.79769313486232e+308,1.79769313486232e+308
66,"8/08/99",1,730712,2,2,2,1.79769313486232e+308,1,2,1.79769313486232e+308,1.79769313486232e+308,1.79769313486232e+308,5
67,"8/08/99",1,730811,2,2,2,1.79769313486232e+308,1,1,5,1.79769313486232e+308,1.79769313486232e+308,1.79769313486232e+308
68,"8/08/99",1,730911,2,2,2,1.79769313486232e+308,1,2,1.79769313486232e+308,1.79769313486232e+308,1.79769313486232e+308,5
69,"8/08/99",1,731011,3,2,2,1.79769313486232e+308,2,1.79769313486232e+308,1.79769313486232e+308,1.79769313486232e+308,1.79769313486232e+308,1.79769313486232e+308
70,"8/08/99",1,731111,2,2,2,1.79769313486232e+308,1,1,5,1.79769313486232e+308,1.79769313486232e+308,1.79769313486232e+308
71,"8/08/99",1,731211,6,6,2,1.79769313486232e+308,1,1,5,1.79769313486232e+308,1.79769313486232e+308,1.79769313486232e+308
72,"8/08/99",1,731311,4,4,2,1.79769313486232e+308,1,1,5,1.79769313486232e+308,1.79769313486232e+308,1.79769313486232e+308
73,"8/08/99",1,731411,1.79769313486232e+308,1.79769313486232e+308,1.79769313486232e+308,1.79769313486232e+308,1.79769313486232e+308,1.79769313486232e+308,1.79769313486232e+308,1.79769313486232e+308,1.79769313486232e+308,1.79769313486232e+308
74,"8/08/99",1,731412,2,2,2,1.79769313486232e+308,1,1,5,1.79769313486232e+308,1.79769313486232e+308,1.79769313486232e+308
75,"8/08/99",1,731413,1.79769313486232e+308,1.79769313486232e+308,1.79769313486232e+308,1.79769313486232e+308,1.79769313486232e+308,1.79769313486232e+308,1.79769313486232e+308,1.79769313486232e+308,1.79769313486232e+308,1.79769313486232e+308
76,"8/08/99",1,731414,2,2,2,1.79769313486232e+308,1,2,1.79769313486232e+308,1.79769313486232e+308,1.79769313486232e+308,5
77,"8/08/99",1,731415,2,2,2,1.79769313486232e+308,1,1,5,1.79769313486232e+308,1.79769313486232e+308,1.79769313486232e+308
52,"8/25/99",1,740119,2,2,2,1.79769313486232e+308,2,1.79769313486232e+308,1.79769313486232e+308,1.79769313486232e+308,1.79769313486232e+308,1.79769313486232e+308
62,"9/01/99",1,740149,2,2,2,1.79769313486232e+308,1,2,1.79769313486232e+308,1.79769313486232e+308,1.79769313486232e+308,5
68,"9/01/99",1,740159,2,2,2,1.79769313486232e+308,1,1,5,1.79769313486232e+308,1.79769313486232e+308,1.79769313486232e+308
53,"9/01/99",1,740219,1.79769313486232e+308,1.79769313486232e+308,1.79769313486232e+308,1.79769313486232e+308,1.79769313486232e+308,1.79769313486232e+308,1.79769313486232e+308,1.79769313486232e+308,1.79769313486232e+308,1.79769313486232e+308
63,"9/01/99",1,740249,2,2,2,1.79769313486232e+308,1,1,5,1.79769313486232e+308,1.79769313486232e+308,1.79769313486232e+308
69,"9/01/99",1,740259,2,2,2,1.79769313486232e+308,1,2,1.79769313486232e+308,1.79769313486232e+308,1.79769313486232e+308,5
54,"9/01/99",1,740319,2,2,2,1.79769313486232e+308,1,1,7,1.79769313486232e+308,1.79769313486232e+308,1.79769313486232e+308
64,"9/01/99",1,740349,2,2,2,1.79769313486232e+308,1,1,5,1.79769313486232e+308,1.79769313486232e+308,1.79769313486232e+308
65,"9/01/99",1,740349,3,3,2,1.79769313486232e+308,1,1,5,1.79769313486232e+308,1.79769313486232e+308,1.79769313486232e+308
70,"9/01/99",1,740359,1.79769313486232e+308,1.79769313486232e+308,1.79769313486232e+308,1.79769313486232e+308,1.79769313486232e+308,1.79769313486232e+308,1.79769313486232e+308,1.79769313486232e+308,1.79769313486232e+308,1.79769313486232e+308
55,"9/01/99",1,740419,2,2,2,1.79769313486232e+308,1,1,5,1.79769313486232e+308,1.79769313486232e+308,1.79769313486232e+308
66,"9/01/99",1,740449,2,2,2,1.79769313486232e+308,1,2,1.79769313486232e+308,1.79769313486232e+308,1.79769313486232e+308,5
71,"9/01/99",1,740459,2,2,2,1.79769313486232e+308,1,1,5,1.79769313486232e+308,1.79769313486232e+308,1.79769313486232e+308
56,"9/01/99",1,740519,2,2,2,1.79769313486232e+308,1,1,5,1.79769313486232e+308,1.79769313486232e+308,1.79769313486232e+308
67,"9/01/99",1,740549,2,2,2,1.79769313486232e+308,1,1,5,1.79769313486232e+308,1.79769313486232e+308,1.79769313486232e+308
72,"9/01/99",1,740559,1.79769313486232e+308,1.79769313486232e+308,1.79769313486232e+308,1.79769313486232e+308,1.79769313486232e+308,1.79769313486232e+308,1.79769313486232e+308,1.79769313486232e+308,1.79769313486232e+308,1.79769313486232e+308
57,"9/01/99",1,740619,2,2,2,1.79769313486232e+308,1,1,11,1994,8,1.79769313486232e+308
58,"9/01/99",1,740719,2,2,2,1.79769313486232e+308,1,2,1.79769313486232e+308,1.79769313486232e+308,1.79769313486232e+308,5
59,"9/01/99",1,740819,2,2,2,1.79769313486232e+308,1,1,5,1.79769313486232e+308,1.79769313486232e+308,1.79769313486232e+308
60,"9/01/99",1,740919,2,2,2,1.79769313486232e+308,2,1.79769313486232e+308,1.79769313486232e+308,1.79769313486232e+308,1.79769313486232e+308,1.79769313486232e+308
61,"9/01/99",1,741019,2,2,2,1.79769313486232e+308,1,1,5,1.79769313486232e+308,1.79769313486232e+308,1.79769313486232e+308
244,"6/28/99",1,810111,2,2,2,1.79769313486232e+308,1,1,1,1.79769313486232e+308,1.79769313486232e+308,1.79769313486232e+308
256,"6/28/99",1,810141,2,2,2,1.79769313486232e+308,1,2,1.79769313486232e+308,1.79769313486232e+308,1.79769313486232e+308,1
261,"6/28/99",1,810151,2,2,2,1.79769313486232e+308,1,1,5,1.79769313486232e+308,1.79769313486232e+308,1.79769313486232e+308
245,"6/28/99",1,810211,2,2,2,1.79769313486232e+308,1,2,1.79769313486232e+308,1.79769313486232e+308,1.79769313486232e+308,1
246,"6/28/99",1,810211,7,2,2,1.79769313486232e+308,1,2,1.79769313486232e+308,1.79769313486232e+308,1.79769313486232e+308,5
257,"6/28/99",1,810241,2,2,2,1.79769313486232e+308,1,1,7,1994,6,1.79769313486232e+308
262,"6/28/99",1,810251,8,8,2,1.79769313486232e+308,1,1,5,1.79769313486232e+308,1.79769313486232e+308,1.79769313486232e+308
247,"6/28/99",1,810311,2,2,2,1.79769313486232e+308,1,2,1.79769313486232e+308,1.79769313486232e+308,1.79769313486232e+308,1
258,"6/28/99",1,810341,2,2,2,1.79769313486232e+308,1,1,5,1.79769313486232e+308,1.79769313486232e+308,1.79769313486232e+308
263,"6/28/99",1,810351,2,2,2,1.79769313486232e+308,1,1,1,1.79769313486232e+308,1.79769313486232e+308,1.79769313486232e+308
248,"6/28/99",1,810411,2,2,2,1.79769313486232e+308,1,1,5,1.79769313486232e+308,1.79769313486232e+308,1.79769313486232e+308
259,"6/28/99",1,810441,2,1,2,1.79769313486232e+308,1,2,1.79769313486232e+308,1.79769313486232e+308,1.79769313486232e+308,1
264,"6/28/99",1,810459,4,4,2,1.79769313486232e+308,1,1,1,1.79769313486232e+308,1.79769313486232e+308,1.79769313486232e+308
260,"6/28/99",1,810541,2,2,2,1.79769313486232e+308,1,1,5,1.79769313486232e+308,1.79769313486232e+308,1.79769313486232e+308
249,"6/28/99",1,810711,2,2,2,1.79769313486232e+308,1,1,7,1997,6,1.79769313486232e+308
250,"6/28/99",1,810811,2,2,2,1.79769313486232e+308,1,1,8,1992,5,1.79769313486232e+308
251,"6/28/99",1,811011,4,4,2,1.79769313486232e+308,1,1,5,1.79769313486232e+308,1.79769313486232e+308,1.79769313486232e+308
252,"6/28/99",1,811111,2,2,2,1.79769313486232e+308,1,1,5,1.79769313486232e+308,1.79769313486232e+308,1.79769313486232e+308
253,"6/28/99",1,811211,9,1,2,1.79769313486232e+308,1,1,5,1.79769313486232e+308,1.79769313486232e+308,1.79769313486232e+308
254,"6/28/99",1,811212,2,1,2,1.79769313486232e+308,1,1,1,1.79769313486232e+308,1.79769313486232e+308,1.79769313486232e+308
255,"6/28/99",1,811213,2,1,2,1.79769313486232e+308,1,1,5,1.79769313486232e+308,1.79769313486232e+308,1.79769313486232e+308
353,"7/12/99",1,820111,2,2,2,1.79769313486232e+308,1,2,1.79769313486232e+308,1.79769313486232e+308,1.79769313486232e+308,5
372,"7/12/99",1,820141,2,1,2,1.79769313486232e+308,1,2,1.79769313486232e+308,1.79769313486232e+308,1.79769313486232e+308,5
378,"7/12/99",1,820151,2,2,2,1.79769313486232e+308,1,2,1.79769313486232e+308,1.79769313486232e+308,1.79769313486232e+308,1
379,"7/12/99",1,820151,5,5,2,1.79769313486232e+308,1,1,5,1.79769313486232e+308,1.79769313486232e+308,1.79769313486232e+308
354,"7/12/99",1,820211,1.79769313486232e+308,1.79769313486232e+308,1.79769313486232e+308,1.79769313486232e+308,1.79769313486232e+308,1.79769313486232e+308,1.79769313486232e+308,1.79769313486232e+308,1.79769313486232e+308,1.79769313486232e+308
373,"7/12/99",1,820241,2,1,1,8,1,1.79769313486232e+308,1.79769313486232e+308,1.79769313486232e+308,1.79769313486232e+308,5
380,"7/12/99",1,820251,2,2,2,1.79769313486232e+308,1,2,1.79769313486232e+308,1.79769313486232e+308,1.79769313486232e+308,5
355,"7/12/99",1,820311,2,2,2,1.79769313486232e+308,1,1,5,1.79769313486232e+308,1.79769313486232e+308,1.79769313486232e+308
374,"7/12/99",1,820341,2,2,2,1.79769313486232e+308,1,1,5,1.79769313486232e+308,1.79769313486232e+308,1.79769313486232e+308
381,"7/12/99",1,820351,2,2,2,1.79769313486232e+308,1,1,5,1.79769313486232e+308,1.79769313486232e+308,1.79769313486232e+308
356,"7/12/99",1,820411,2,2,2,1.79769313486232e+308,1,2,1.79769313486232e+308,1.79769313486232e+308,1.79769313486232e+308,1
357,"7/12/99",1,820412,2,2,2,1.79769313486232e+308,1,1,7,1.79769313486232e+308,1.79769313486232e+308,1.79769313486232e+308
358,"7/12/99",1,820413,2,2,2,1.79769313486232e+308,2,1.79769313486232e+308,1.79769313486232e+308,1.79769313486232e+308,1.79769313486232e+308,1.79769313486232e+308
375,"7/12/99",1,820441,2,2,2,1.79769313486232e+308,1,1,5,1.79769313486232e+308,1.79769313486232e+308,1.79769313486232e+308
382,"7/12/99",1,820459,2,2,2,1.79769313486232e+308,1,2,1.79769313486232e+308,1.79769313486232e+308,1.79769313486232e+308,1
359,"7/12/99",1,820511,2,2,2,1.79769313486232e+308,1,1,5,1.79769313486232e+308,1.79769313486232e+308,1.79769313486232e+308
376,"7/12/99",1,820541,2,2,2,1.79769313486232e+308,1,1,8,1992,5,1.79769313486232e+308
377,"7/12/99",1,820542,2,2,2,1.79769313486232e+308,1,1,5,1.79769313486232e+308,1.79769313486232e+308,1.79769313486232e+308
360,"7/12/99",1,820611,5,5,2,1.79769313486232e+308,1,2,1.79769313486232e+308,1.79769313486232e+308,1.79769313486232e+308,5
361,"7/12/99",1,820612,2,2,2,1.79769313486232e+308,1,1,5,1.79769313486232e+308,1.79769313486232e+308,1.79769313486232e+308
362,"7/12/99",1,820613,1.79769313486232e+308,1.79769313486232e+308,1.79769313486232e+308,1.79769313486232e+308,1.79769313486232e+308,1.79769313486232e+308,1.79769313486232e+308,1.79769313486232e+308,1.79769313486232e+308,1.79769313486232e+308
363,"7/12/99",1,820711,2,2,2,1.79769313486232e+308,1,1,5,1.79769313486232e+308,1.79769313486232e+308,1.79769313486232e+308
364,"7/12/99",1,820712,2,2,2,1.79769313486232e+308,1,1,5,1.79769313486232e+308,1.79769313486232e+308,1.79769313486232e+308
365,"7/12/99",1,820811,1.79769313486232e+308,1.79769313486232e+308,1.79769313486232e+308,1.79769313486232e+308,1.79769313486232e+308,1.79769313486232e+308,1.79769313486232e+308,1.79769313486232e+308,1.79769313486232e+308,1.79769313486232e+308
366,"7/12/99",1,820911,2,2,2,1.79769313486232e+308,1,1,5,1.79769313486232e+308,1.79769313486232e+308,1.79769313486232e+308
367,"7/12/99",1,821011,2,2,2,1.79769313486232e+308,1,1,5,1.79769313486232e+308,1.79769313486232e+308,1.79769313486232e+308
368,"7/12/99",1,821012,2,2,2,1.79769313486232e+308,1,1,5,1.79769313486232e+308,1.79769313486232e+308,1.79769313486232e+308
369,"7/12/99",1,821111,2,2,2,1.79769313486232e+308,1,2,1.79769313486232e+308,1.79769313486232e+308,1.79769313486232e+308,1
370,"7/12/99",1,821111,7,7,2,1.79769313486232e+308,1,1,1,1.79769313486232e+308,1.79769313486232e+308,1.79769313486232e+308
371,"7/12/99",1,821211,2,2,2,1.79769313486232e+308,1,1,5,1.79769313486232e+308,1.79769313486232e+308,1.79769313486232e+308
53,"7/15/99",1,830111,2,2,2,1.79769313486232e+308,1,2,1.79769313486232e+308,1.79769313486232e+308,1.79769313486232e+308,1
54,"7/15/99",1,830111,3,3,2,1.79769313486232e+308,2,1.79769313486232e+308,1.79769313486232e+308,1.79769313486232e+308,1.79769313486232e+308,1.79769313486232e+308
66,"7/15/99",1,830141,4,4,2,1.79769313486232e+308,1,1,5,1.79769313486232e+308,1.79769313486232e+308,1.79769313486232e+308
70,"7/15/99",1,830151,2,2,2,1.79769313486232e+308,1,1,5,1.79769313486232e+308,1.79769313486232e+308,1.79769313486232e+308
55,"7/15/99",1,830211,2,2,2,1.79769313486232e+308,1,2,1.79769313486232e+308,1.79769313486232e+308,1.79769313486232e+308,5
71,"7/15/99",1,830251,1.79769313486232e+308,1.79769313486232e+308,1.79769313486232e+308,1.79769313486232e+308,1.79769313486232e+308,1.79769313486232e+308,1.79769313486232e+308,1.79769313486232e+308,1.79769313486232e+308,1.79769313486232e+308
56,"7/15/99",1,830311,1.79769313486232e+308,1.79769313486232e+308,1.79769313486232e+308,1.79769313486232e+308,1.79769313486232e+308,1.79769313486232e+308,1.79769313486232e+308,1.79769313486232e+308,1.79769313486232e+308,1.79769313486232e+308
67,"7/15/99",1,830341,2,1,2,1.79769313486232e+308,1,1,5,1.79769313486232e+308,1.79769313486232e+308,1.79769313486232e+308
72,"7/15/99",1,830351,2,2,2,1.79769313486232e+308,1,2,1.79769313486232e+308,1.79769313486232e+308,1.79769313486232e+308,5
57,"7/15/99",1,830411,2,2,2,1.79769313486232e+308,1,2,1.79769313486232e+308,1.79769313486232e+308,1.79769313486232e+308,5
68,"7/15/99",1,830441,2,2,2,1.79769313486232e+308,1,1,5,1.79769313486232e+308,1.79769313486232e+308,1.79769313486232e+308
73,"7/15/99",1,830459,2,2,2,1.79769313486232e+308,1,2,1.79769313486232e+308,1.79769313486232e+308,1.79769313486232e+308,5
74,"7/15/99",1,830459,9,9,2,1.79769313486232e+308,2,1.79769313486232e+308,1.79769313486232e+308,1.79769313486232e+308,1.79769313486232e+308,1.79769313486232e+308
69,"7/15/99",1,830541,2,2,2,1.79769313486232e+308,1,1,5,1.79769313486232e+308,1.79769313486232e+308,1.79769313486232e+308
58,"7/15/99",1,830611,2,2,2,1.79769313486232e+308,1,1,5,1.79769313486232e+308,1.79769313486232e+308,1.79769313486232e+308
59,"7/15/99",1,830711,2,2,2,1.79769313486232e+308,1,2,1.79769313486232e+308,1.79769313486232e+308,1.79769313486232e+308,1
60,"7/15/99",1,830811,2,2,2,1.79769313486232e+308,1,2,1.79769313486232e+308,1.79769313486232e+308,1.79769313486232e+308,5
61,"7/15/99",1,830911,8,1,2,1.79769313486232e+308,1,1,5,1.79769313486232e+308,1.79769313486232e+308,1.79769313486232e+308
62,"7/15/99",1,831011,1.79769313486232e+308,1.79769313486232e+308,1.79769313486232e+308,1.79769313486232e+308,1.79769313486232e+308,1.79769313486232e+308,1.79769313486232e+308,1.79769313486232e+308,1.79769313486232e+308,1.79769313486232e+308
63,"7/15/99",1,831012,2,2,2,1.79769313486232e+308,1,2,1.79769313486232e+308,1.79769313486232e+308,1.79769313486232e+308,5
64,"7/15/99",1,831111,2,2,2,1.79769313486232e+308,1,2,1.79769313486232e+308,1.79769313486232e+308,1.79769313486232e+308,1
65,"7/15/99",1,831211,2,2,2,1.79769313486232e+308,1,1,5,1.79769313486232e+308,1.79769313486232e+308,1.79769313486232e+308
383,"7/12/99",1,910121,2,2,2,1.79769313486232e+308,2,1.79769313486232e+308,1.79769313486232e+308,1.79769313486232e+308,1.79769313486232e+308,1.79769313486232e+308
384,"7/12/99",1,910121,14,14,2,1.79769313486232e+308,2,1.79769313486232e+308,1.79769313486232e+308,1.79769313486232e+308,1.79769313486232e+308,1.79769313486232e+308
401,"7/12/99",1,910141,2,2,2,1.79769313486232e+308,1,1,5,1.79769313486232e+308,1.79769313486232e+308,1.79769313486232e+308
406,"7/12/99",1,910151,3,3,2,1.79769313486232e+308,1,1,8,1996,9,1.79769313486232e+308
385,"7/12/99",1,910221,1.79769313486232e+308,1.79769313486232e+308,1.79769313486232e+308,1.79769313486232e+308,1.79769313486232e+308,1.79769313486232e+308,1.79769313486232e+308,1.79769313486232e+308,1.79769313486232e+308,1.79769313486232e+308
386,"7/12/99",1,910222,2,2,2,1.79769313486232e+308,1,2,1.79769313486232e+308,1.79769313486232e+308,1.79769313486232e+308,5
402,"7/12/99",1,910241,2,2,2,1.79769313486232e+308,1,2,1.79769313486232e+308,1.79769313486232e+308,1.79769313486232e+308,5
407,"7/12/99",1,910251,2,2,2,1.79769313486232e+308,1,1,5,1.79769313486232e+308,1.79769313486232e+308,1.79769313486232e+308
387,"7/12/99",1,910321,2,2,2,1.79769313486232e+308,1,1,5,1.79769313486232e+308,1.79769313486232e+308,1.79769313486232e+308
388,"7/12/99",1,910322,2,2,2,1.79769313486232e+308,2,1.79769313486232e+308,1.79769313486232e+308,1.79769313486232e+308,1.79769313486232e+308,1.79769313486232e+308
403,"7/12/99",1,910341,2,2,2,1.79769313486232e+308,2,1.79769313486232e+308,1.79769313486232e+308,1.79769313486232e+308,1.79769313486232e+308,1.79769313486232e+308
408,"7/12/99",1,910351,4,4,2,1.79769313486232e+308,1,1,5,1.79769313486232e+308,1.79769313486232e+308,1.79769313486232e+308
409,"7/12/99",1,910352,2,2,2,1.79769313486232e+308,1,1,5,1.79769313486232e+308,1.79769313486232e+308,1.79769313486232e+308
389,"7/12/99",1,910421,2,2,2,1.79769313486232e+308,1,1,5,1.79769313486232e+308,1.79769313486232e+308,1.79769313486232e+308
404,"7/12/99",1,910441,2,2,2,1.79769313486232e+308,1,1,5,1.79769313486232e+308,1.79769313486232e+308,1.79769313486232e+308
410,"7/12/99",1,910459,2,2,2,1.79769313486232e+308,1,2,1.79769313486232e+308,1.79769313486232e+308,1.79769313486232e+308,5
390,"7/12/99",1,910521,2,2,2,1.79769313486232e+308,1,1,8,1994,9,1.79769313486232e+308
405,"7/12/99",1,910541,3,3,2,1.79769313486232e+308,1,2,1.79769313486232e+308,1.79769313486232e+308,1.79769313486232e+308,5
391,"7/12/99",1,910622,2,2,2,1.79769313486232e+308,1,2,1.79769313486232e+308,1.79769313486232e+308,1.79769313486232e+308,5
392,"7/12/99",1,910721,1.79769313486232e+308,1.79769313486232e+308,1.79769313486232e+308,1.79769313486232e+308,1.79769313486232e+308,1.79769313486232e+308,1.79769313486232e+308,1.79769313486232e+308,1.79769313486232e+308,1.79769313486232e+308
393,"7/12/99",1,910722,2,2,2,1.79769313486232e+308,2,1.79769313486232e+308,1.79769313486232e+308,1.79769313486232e+308,1.79769313486232e+308,1.79769313486232e+308
394,"7/12/99",1,910821,1.79769313486232e+308,1.79769313486232e+308,1.79769313486232e+308,1.79769313486232e+308,1.79769313486232e+308,1.79769313486232e+308,1.79769313486232e+308,1.79769313486232e+308,1.79769313486232e+308,1.79769313486232e+308
395,"7/12/99",1,910822,2,2,2,1.79769313486232e+308,1,1,5,1.79769313486232e+308,1.79769313486232e+308,1.79769313486232e+308
396,"7/12/99",1,910921,2,2,2,1.79769313486232e+308,1,2,1.79769313486232e+308,1.79769313486232e+308,1.79769313486232e+308,5
397,"7/12/99",1,911021,2,2,2,1.79769313486232e+308,1,1,5,1.79769313486232e+308,1.79769313486232e+308,1.79769313486232e+308
398,"7/12/99",1,911121,4,4,2,1.79769313486232e+308,2,1.79769313486232e+308,1.79769313486232e+308,1.79769313486232e+308,1.79769313486232e+308,1.79769313486232e+308
399,"7/12/99",1,911221,3,3,2,1.79769313486232e+308,1,1,5,1.79769313486232e+308,1.79769313486232e+308,1.79769313486232e+308
400,"7/12/99",1,911221,7,7,2,1.79769313486232e+308,1,1,5,1.79769313486232e+308,1.79769313486232e+308,1.79769313486232e+308
106,"6/10/99",1,920121,2,2,2,1.79769313486232e+308,1,1,5,1.79769313486232e+308,1.79769313486232e+308,1.79769313486232e+308
120,"6/13/99",1,920141,2,2,2,1.79769313486232e+308,1,1,5,1.79769313486232e+308,1.79769313486232e+308,1.79769313486232e+308
107,"6/13/99",1,920221,2,2,2,1.79769313486232e+308,1,1,2,1.79769313486232e+308,1.79769313486232e+308,1.79769313486232e+308
121,"6/13/99",1,920241,2,2,2,1.79769313486232e+308,2,1.79769313486232e+308,1.79769313486232e+308,1.79769313486232e+308,1.79769313486232e+308,1.79769313486232e+308
122,"6/13/99",1,920241,7,7,2,1.79769313486232e+308,1,1,5,1.79769313486232e+308,1.79769313486232e+308,1.79769313486232e+308
123,"6/13/99",1,920241,9,9,2,1.79769313486232e+308,1,1,5,1.79769313486232e+308,1.79769313486232e+308,1.79769313486232e+308
128,"6/13/99",1,920251,1.79769313486232e+308,1.79769313486232e+308,1.79769313486232e+308,1.79769313486232e+308,1.79769313486232e+308,1.79769313486232e+308,1.79769313486232e+308,1.79769313486232e+308,1.79769313486232e+308,1.79769313486232e+308
129,"6/13/99",1,920252,2,2,2,1.79769313486232e+308,2,1.79769313486232e+308,1.79769313486232e+308,1.79769313486232e+308,1.79769313486232e+308,1.79769313486232e+308
108,"6/13/99",1,920321,2,2,2,1.79769313486232e+308,1,1,7,1997,1.79769313486232e+308,1.79769313486232e+308
124,"6/13/99",1,920341,2,2,2,1.79769313486232e+308,2,1.79769313486232e+308,1.79769313486232e+308,1.79769313486232e+308,1.79769313486232e+308,1.79769313486232e+308
125,"6/13/99",1,920341,3,3,2,1.79769313486232e+308,2,1.79769313486232e+308,1.79769313486232e+308,1.79769313486232e+308,1.79769313486232e+308,1.79769313486232e+308
1.79769313486232e+308,".",1.79769313486232e+308,920351,15,1.79769313486232e+308,1.79769313486232e+308,1.79769313486232e+308,1.79769313486232e+308,1.79769313486232e+308,1.79769313486232e+308,1.79769313486232e+308,1.79769313486232e+308,1.79769313486232e+308
130,"6/13/99",1,920351,1.79769313486232e+308,1.79769313486232e+308,1.79769313486232e+308,1.79769313486232e+308,1.79769313486232e+308,1.79769313486232e+308,1.79769313486232e+308,1.79769313486232e+308,1.79769313486232e+308,1.79769313486232e+308
131,"6/13/99",1,920352,2,2,2,1.79769313486232e+308,1,1,5,1.79769313486232e+308,1.79769313486232e+308,1.79769313486232e+308
1.79769313486232e+308,".",1.79769313486232e+308,920352,5,1.79769313486232e+308,1.79769313486232e+308,1.79769313486232e+308,1.79769313486232e+308,1.79769313486232e+308,1.79769313486232e+308,1.79769313486232e+308,1.79769313486232e+308,1.79769313486232e+308
132,"6/13/99",1,920353,1.79769313486232e+308,1.79769313486232e+308,1.79769313486232e+308,1.79769313486232e+308,1.79769313486232e+308,1.79769313486232e+308,1.79769313486232e+308,1.79769313486232e+308,1.79769313486232e+308,1.79769313486232e+308
109,"6/13/99",1,920421,2,2,2,1.79769313486232e+308,2,1.79769313486232e+308,1.79769313486232e+308,1.79769313486232e+308,1.79769313486232e+308,1.79769313486232e+308
110,"6/13/99",1,920421,3,3,2,1.79769313486232e+308,1,1,5,1.79769313486232e+308,1.79769313486232e+308,1.79769313486232e+308
126,"6/13/99",1,920441,2,2,2,1.79769313486232e+308,1,2,1.79769313486232e+308,1.79769313486232e+308,1.79769313486232e+308,10
133,"6/13/99",1,920459,2,2,2,1.79769313486232e+308,1,1,5,1.79769313486232e+308,1.79769313486232e+308,1.79769313486232e+308
111,"6/13/99",1,920521,2,2,2,1.79769313486232e+308,1,1,9,1990,2,1.79769313486232e+308
127,"6/13/99",1,920541,1.79769313486232e+308,1.79769313486232e+308,1.79769313486232e+308,1.79769313486232e+308,1.79769313486232e+308,1.79769313486232e+308,1.79769313486232e+308,1.79769313486232e+308,1.79769313486232e+308,1.79769313486232e+308
112,"6/13/99",1,920621,2,2,2,1.79769313486232e+308,2,1.79769313486232e+308,1.79769313486232e+308,1.79769313486232e+308,1.79769313486232e+308,1.79769313486232e+308
113,"6/13/99",1,920721,2,2,2,1.79769313486232e+308,1,2,1.79769313486232e+308,1.79769313486232e+308,1.79769313486232e+308,5
114,"6/13/99",1,920821,7,7,2,1.79769313486232e+308,1,2,1.79769313486232e+308,1.79769313486232e+308,1.79769313486232e+308,2
115,"6/13/99",1,920921,4,4,2,1.79769313486232e+308,1,1,5,1.79769313486232e+308,1.79769313486232e+308,1.79769313486232e+308
116,"6/13/99",1,920921,6,6,2,1.79769313486232e+308,1,1,5,1.79769313486232e+308,1.79769313486232e+308,1.79769313486232e+308
117,"6/13/99",1,921021,2,2,2,1.79769313486232e+308,1,1,7,1.79769313486232e+308,1.79769313486232e+308,1.79769313486232e+308
118,"6/13/99",1,921121,2,2,2,1.79769313486232e+308,1,1,8,1990,4,1.79769313486232e+308
119,"6/13/99",1,921221,2,2,2,1.79769313486232e+308,1,1,5,1.79769313486232e+308,1.79769313486232e+308,1.79769313486232e+308
55,"5/31/99",1,930121,2,2,2,1.79769313486232e+308,1,2,1.79769313486232e+308,1.79769313486232e+308,1.79769313486232e+308,5
70,"5/31/99",1,930141,2,2,2,1.79769313486232e+308,2,1.79769313486232e+308,1.79769313486232e+308,1.79769313486232e+308,1.79769313486232e+308,1.79769313486232e+308
77,"5/31/99",1,930151,8,1,2,1.79769313486232e+308,1,1,5,1.79769313486232e+308,1.79769313486232e+308,1.79769313486232e+308
56,"5/31/99",1,930221,2,2,2,1.79769313486232e+308,1,1,6,1997,6,1.79769313486232e+308
71,"5/31/99",1,930241,2,2,2,1.79769313486232e+308,2,1.79769313486232e+308,1.79769313486232e+308,1.79769313486232e+308,1.79769313486232e+308,1.79769313486232e+308
78,"5/31/99",1,930251,2,2,2,1.79769313486232e+308,2,1.79769313486232e+308,1.79769313486232e+308,1.79769313486232e+308,1.79769313486232e+308,1.79769313486232e+308
57,"5/31/99",1,930321,2,2,2,1.79769313486232e+308,2,1.79769313486232e+308,1.79769313486232e+308,1.79769313486232e+308,1.79769313486232e+308,1.79769313486232e+308
72,"5/31/99",1,930341,6,6,1,5,2,1.79769313486232e+308,1.79769313486232e+308,1.79769313486232e+308,1.79769313486232e+308,1.79769313486232e+308
73,"5/31/99",1,930342,2,2,2,1.79769313486232e+308,1,2,1.79769313486232e+308,1.79769313486232e+308,1.79769313486232e+308,5
79,"5/31/99",1,930351,2,2,2,1.79769313486232e+308,1,2,1.79769313486232e+308,1.79769313486232e+308,1.79769313486232e+308,5
80,"5/31/99",1,930352,2,2,2,1.79769313486232e+308,1,2,1.79769313486232e+308,1.79769313486232e+308,1.79769313486232e+308,5
58,"5/31/99",1,930421,2,1,2,1.79769313486232e+308,1,1,5,1.79769313486232e+308,1.79769313486232e+308,1.79769313486232e+308
74,"5/31/99",1,930441,2,2,2,1.79769313486232e+308,2,1.79769313486232e+308,1.79769313486232e+308,1.79769313486232e+308,1.79769313486232e+308,1.79769313486232e+308
81,"5/31/99",1,930459,2,2,2,1.79769313486232e+308,1,2,1.79769313486232e+308,1.79769313486232e+308,1.79769313486232e+308,5
59,"5/31/99",1,930521,1.79769313486232e+308,1.79769313486232e+308,1.79769313486232e+308,1.79769313486232e+308,1.79769313486232e+308,1.79769313486232e+308,1.79769313486232e+308,1.79769313486232e+308,1.79769313486232e+308,1.79769313486232e+308
75,"5/31/99",1,930541,1.79769313486232e+308,1.79769313486232e+308,1.79769313486232e+308,1.79769313486232e+308,1.79769313486232e+308,1.79769313486232e+308,1.79769313486232e+308,1.79769313486232e+308,1.79769313486232e+308,1.79769313486232e+308
60,"5/31/99",1,930621,2,2,2,1.79769313486232e+308,1,1,5,1.79769313486232e+308,1.79769313486232e+308,1.79769313486232e+308
61,"5/31/99",1,930721,2,2,2,1.79769313486232e+308,2,1.79769313486232e+308,1.79769313486232e+308,1.79769313486232e+308,1.79769313486232e+308,1.79769313486232e+308
62,"5/31/99",1,930721,6,6,2,1.79769313486232e+308,1,2,1.79769313486232e+308,1.79769313486232e+308,1.79769313486232e+308,5
63,"5/31/99",1,930821,2,2,1,8,2,1.79769313486232e+308,1.79769313486232e+308,1.79769313486232e+308,1.79769313486232e+308,1.79769313486232e+308
64,"5/31/99",1,930921,2,2,2,1.79769313486232e+308,1,1,8,1996,5,1.79769313486232e+308
65,"5/31/99",1,931021,2,2,2,1.79769313486232e+308,1,1,5,1.79769313486232e+308,1.79769313486232e+308,1.79769313486232e+308
66,"5/31/99",1,931022,2,2,2,1.79769313486232e+308,2,1.79769313486232e+308,1.79769313486232e+308,1.79769313486232e+308,1.79769313486232e+308,1.79769313486232e+308
67,"5/31/99",1,931121,2,2,2,1.79769313486232e+308,1,1,5,1.79769313486232e+308,1.79769313486232e+308,1.79769313486232e+308
68,"5/31/99",1,931221,6,6,2,1.79769313486232e+308,2,1.79769313486232e+308,1.79769313486232e+308,1.79769313486232e+308,1.79769313486232e+308,1.79769313486232e+308
69,"5/31/99",1,931222,2,2,2,1.79769313486232e+308,1,1,5,1.79769313486232e+308,1.79769313486232e+308,1.79769313486232e+308
40,"5/27/99",1,1010121,2,2,2,1.79769313486232e+308,1,1,7,1994,1.79769313486232e+308,1.79769313486232e+308
52,"5/28/99",1,1010141,2,2,2,1.79769313486232e+308,1,1,5,1.79769313486232e+308,1.79769313486232e+308,1.79769313486232e+308
56,"5/28/99",1,1010151,5,5,2,1.79769313486232e+308,1,1,5,1.79769313486232e+308,1.79769313486232e+308,1.79769313486232e+308
57,"5/28/99",1,1010152,1.79769313486232e+308,1.79769313486232e+308,1.79769313486232e+308,1.79769313486232e+308,1.79769313486232e+308,1.79769313486232e+308,1.79769313486232e+308,1.79769313486232e+308,1.79769313486232e+308,1.79769313486232e+308
74,"9/12/99",1,1010153,2,2,2,1.79769313486232e+308,2,1.79769313486232e+308,1.79769313486232e+308,1.79769313486232e+308,1.79769313486232e+308,1.79769313486232e+308
41,"5/28/99",1,1010221,2,2,2,1.79769313486232e+308,1,1,5,1.79769313486232e+308,1.79769313486232e+308,1.79769313486232e+308
70,"9/12/99",1,1010241,2,2,2,1.79769313486232e+308,1,2,1.79769313486232e+308,1.79769313486232e+308,1.79769313486232e+308,2
58,"5/28/99",1,1010251,2,2,2,1.79769313486232e+308,1,1,5,1.79769313486232e+308,1.79769313486232e+308,1.79769313486232e+308
42,"5/28/99",1,1010321,2,2,2,1.79769313486232e+308,1,1,7,1995,1.79769313486232e+308,1.79769313486232e+308
53,"5/28/99",1,1010341,1.79769313486232e+308,1.79769313486232e+308,1.79769313486232e+308,1.79769313486232e+308,1.79769313486232e+308,1.79769313486232e+308,1.79769313486232e+308,1.79769313486232e+308,1.79769313486232e+308,1.79769313486232e+308
59,"5/28/99",1,1010351,1.79769313486232e+308,1.79769313486232e+308,1.79769313486232e+308,1.79769313486232e+308,1.79769313486232e+308,1.79769313486232e+308,1.79769313486232e+308,1.79769313486232e+308,1.79769313486232e+308,1.79769313486232e+308
43,"5/28/99",1,1010421,8,8,2,1.79769313486232e+308,1,1,5,1.79769313486232e+308,1.79769313486232e+308,1.79769313486232e+308
44,"5/28/99",1,1010422,2,2,2,1.79769313486232e+308,1,1,5,1.79769313486232e+308,1.79769313486232e+308,2
54,"5/28/99",1,1010441,6,6,2,1.79769313486232e+308,1,1,5,1.79769313486232e+308,1.79769313486232e+308,1.79769313486232e+308
60,"5/28/99",1,1010459,1.79769313486232e+308,1.79769313486232e+308,1.79769313486232e+308,1.79769313486232e+308,1.79769313486232e+308,1.79769313486232e+308,1.79769313486232e+308,1.79769313486232e+308,1.79769313486232e+308,1.79769313486232e+308
55,"5/28/99",1,1010542,2,2,2,1.79769313486232e+308,1,1,5,1.79769313486232e+308,1.79769313486232e+308,1.79769313486232e+308
45,"5/28/99",1,1010621,2,2,2,1.79769313486232e+308,1,1,5,1.79769313486232e+308,1.79769313486232e+308,1.79769313486232e+308
46,"5/28/99",1,1010821,1.79769313486232e+308,1.79769313486232e+308,1.79769313486232e+308,1.79769313486232e+308,1.79769313486232e+308,1.79769313486232e+308,1.79769313486232e+308,1.79769313486232e+308,1.79769313486232e+308,1.79769313486232e+308
47,"5/28/99",1,1010921,2,2,2,1.79769313486232e+308,1,2,1.79769313486232e+308,1.79769313486232e+308,1.79769313486232e+308,5
48,"5/28/99",1,1011021,2,2,2,1.79769313486232e+308,1,1,5,1.79769313486232e+308,1.79769313486232e+308,1.79769313486232e+308
50,"5/28/99",1,1011121,8,8,2,1.79769313486232e+308,1,1,5,1.79769313486232e+308,1.79769313486232e+308,1.79769313486232e+308
51,"5/28/99",1,1011221,2,2,2,1.79769313486232e+308,2,1.79769313486232e+308,1.79769313486232e+308,1.79769313486232e+308,1.79769313486232e+308,1.79769313486232e+308
62,"9/12/99",1,1020121,14,14,1,6,1,1.79769313486232e+308,1.79769313486232e+308,1.79769313486232e+308,1.79769313486232e+308,5
63,"9/12/99",1,1020121,16,16,2,1.79769313486232e+308,1,1,5,1.79769313486232e+308,1.79769313486232e+308,1.79769313486232e+308
85,"6/03/99",1,1020122,2,2,2,1.79769313486232e+308,1,1,5,1.79769313486232e+308,1.79769313486232e+308,1.79769313486232e+308
86,"6/09/99",1,1020123,2,2,2,1.79769313486232e+308,1,1,5,1.79769313486232e+308,1.79769313486232e+308,1.79769313486232e+308
101,"6/09/99",1,1020141,3,2,2,1.79769313486232e+308,1,1,5,1.79769313486232e+308,1.79769313486232e+308,1.79769313486232e+308
106,"6/09/99",1,1020151,2,2,2,1.79769313486232e+308,1,1,5,1.79769313486232e+308,1.79769313486232e+308,1.79769313486232e+308
87,"6/09/99",1,1020221,2,2,2,1.79769313486232e+308,1,2,1.79769313486232e+308,1.79769313486232e+308,1.79769313486232e+308,5
102,"6/09/99",1,1020241,2,2,2,1.79769313486232e+308,1,1,7,1994,1.79769313486232e+308,1.79769313486232e+308
107,"6/09/99",1,1020251,2,2,2,1.79769313486232e+308,1,1,5,1.79769313486232e+308,1.79769313486232e+308,1.79769313486232e+308
88,"6/09/99",1,1020321,2,2,2,1.79769313486232e+308,1,1,5,1.79769313486232e+308,1.79769313486232e+308,1.79769313486232e+308
103,"6/09/99",1,1020341,2,2,2,1.79769313486232e+308,1,1,5,1.79769313486232e+308,1.79769313486232e+308,1.79769313486232e+308
108,"6/09/99",1,1020351,6,6,2,1.79769313486232e+308,1,1,5,1.79769313486232e+308,1.79769313486232e+308,1.79769313486232e+308
89,"6/09/99",1,1020421,7,7,2,1.79769313486232e+308,1,1,5,1.79769313486232e+308,1.79769313486232e+308,1.79769313486232e+308
90,"6/09/99",1,1020422,2,2,2,1.79769313486232e+308,1,2,1.79769313486232e+308,1.79769313486232e+308,1.79769313486232e+308,5
104,"6/09/99",1,1020441,2,2,2,1.79769313486232e+308,1,1,7,1998,1.79769313486232e+308,1.79769313486232e+308
109,"6/09/99",1,1020459,2,2,2,1.79769313486232e+308,1,1,5,1.79769313486232e+308,1.79769313486232e+308,1.79769313486232e+308
110,"6/09/99",1,1020459,3,3,2,1.79769313486232e+308,1,1,5,1.79769313486232e+308,1.79769313486232e+308,1.79769313486232e+308
111,"6/09/99",1,1020459,5,5,2,1.79769313486232e+308,1,1,2,1.79769313486232e+308,1.79769313486232e+308,1.79769313486232e+308
91,"6/09/99",1,1020521,2,2,2,1.79769313486232e+308,1,1,5,1.79769313486232e+308,1.79769313486232e+308,1.79769313486232e+308
105,"6/09/99",1,1020541,2,2,2,1.79769313486232e+308,1,1,5,1.79769313486232e+308,1.79769313486232e+308,1.79769313486232e+308
92,"6/09/99",1,1020621,2,2,2,1.79769313486232e+308,1,2,1.79769313486232e+308,1.79769313486232e+308,1.79769313486232e+308,5
93,"6/09/99",1,1020622,2,2,1,5,1,1.79769313486232e+308,1.79769313486232e+308,1.79769313486232e+308,1.79769313486232e+308,5
94,"6/09/99",1,1020721,2,2,2,1.79769313486232e+308,1,1,5,1.79769313486232e+308,1.79769313486232e+308,1.79769313486232e+308
95,"6/09/99",1,1020821,2,2,1,8,1,1.79769313486232e+308,1.79769313486232e+308,1.79769313486232e+308,1.79769313486232e+308,5
96,"6/09/99",1,1020921,2,2,2,1.79769313486232e+308,1,1,5,1.79769313486232e+308,1.79769313486232e+308,1.79769313486232e+308
97,"6/09/99",1,1020921,6,6,1,5,1,1.79769313486232e+308,1.79769313486232e+308,1.79769313486232e+308,1.79769313486232e+308,5
98,"6/09/99",1,1021021,2,2,2,1.79769313486232e+308,1,1,5,1.79769313486232e+308,1.79769313486232e+308,1.79769313486232e+308
99,"6/09/99",1,1021121,2,2,2,1.79769313486232e+308,1,1,7,1995,1.79769313486232e+308,1.79769313486232e+308
100,"6/09/99",1,1021221,2,2,2,1.79769313486232e+308,1,1,5,1.79769313486232e+308,1.79769313486232e+308,1.79769313486232e+308
90,"8/12/99",1,1030121,2,2,2,1.79769313486232e+308,1,1,2,1.79769313486232e+308,1.79769313486232e+308,1.79769313486232e+308
104,"8/12/99",1,1030141,2,2,2,1.79769313486232e+308,1,2,1.79769313486232e+308,1.79769313486232e+308,1.79769313486232e+308,5
105,"8/12/99",1,1030141,6,6,2,1.79769313486232e+308,2,1.79769313486232e+308,1.79769313486232e+308,1.79769313486232e+308,1.79769313486232e+308,1.79769313486232e+308
112,"8/12/99",1,1030151,2,2,1,8,1,1.79769313486232e+308,1.79769313486232e+308,1.79769313486232e+308,1.79769313486232e+308,5
91,"8/12/99",1,1030221,2,2,2,1.79769313486232e+308,1,1,5,1.79769313486232e+308,1.79769313486232e+308,1.79769313486232e+308
92,"8/12/99",1,1030222,2,2,2,1.79769313486232e+308,1,2,1.79769313486232e+308,1.79769313486232e+308,1.79769313486232e+308,5
106,"8/12/99",1,1030241,5,5,1,7,2,1.79769313486232e+308,1.79769313486232e+308,1.79769313486232e+308,1.79769313486232e+308,1.79769313486232e+308
113,"8/12/99",1,1030251,1.79769313486232e+308,1.79769313486232e+308,1.79769313486232e+308,1.79769313486232e+308,1.79769313486232e+308,1.79769313486232e+308,1.79769313486232e+308,1.79769313486232e+308,1.79769313486232e+308,1.79769313486232e+308
93,"8/12/99",1,1030321,2,2,2,1.79769313486232e+308,1,2,1.79769313486232e+308,1.79769313486232e+308,1.79769313486232e+308,5
107,"8/12/99",1,1030341,11,11,1,5,1,1.79769313486232e+308,1.79769313486232e+308,1.79769313486232e+308,1.79769313486232e+308,2
108,"8/12/99",1,1030342,2,2,2,1.79769313486232e+308,1,1,5,1.79769313486232e+308,1.79769313486232e+308,1.79769313486232e+308
114,"8/12/99",1,1030351,2,2,2,1.79769313486232e+308,1,2,1.79769313486232e+308,1.79769313486232e+308,1.79769313486232e+308,5
115,"8/12/99",1,1030351,6,6,1,4,1,1.79769313486232e+308,1.79769313486232e+308,1.79769313486232e+308,1.79769313486232e+308,5
116,"8/12/99",1,1030352,2,2,2,1.79769313486232e+308,1,1,5,1.79769313486232e+308,1.79769313486232e+308,1.79769313486232e+308
94,"8/12/99",1,1030421,2,2,2,1.79769313486232e+308,1,2,1.79769313486232e+308,1.79769313486232e+308,1.79769313486232e+308,5
109,"8/12/99",1,1030441,2,2,2,1.79769313486232e+308,1,2,1.79769313486232e+308,1.79769313486232e+308,1.79769313486232e+308,5
110,"8/12/99",1,1030441,3,3,2,1.79769313486232e+308,1,2,1.79769313486232e+308,1.79769313486232e+308,1.79769313486232e+308,5
117,"8/12/99",1,1030459,2,2,2,1.79769313486232e+308,1,2,1.79769313486232e+308,1.79769313486232e+308,1.79769313486232e+308,5
95,"8/12/99",1,1030521,2,2,2,1.79769313486232e+308,1,2,1.79769313486232e+308,1.79769313486232e+308,1.79769313486232e+308,5
96,"8/12/99",1,1030521,7,7,2,1.79769313486232e+308,1,1,5,1.79769313486232e+308,1.79769313486232e+308,1.79769313486232e+308
111,"8/12/99",1,1030541,2,2,1,4,1,1.79769313486232e+308,1.79769313486232e+308,1.79769313486232e+308,1.79769313486232e+308,5
97,"8/12/99",1,1030621,2,2,2,1.79769313486232e+308,1,2,1.79769313486232e+308,1.79769313486232e+308,1.79769313486232e+308,5
98,"8/12/99",1,1030721,2,2,2,1.79769313486232e+308,1,2,1.79769313486232e+308,1.79769313486232e+308,1.79769313486232e+308,5
99,"8/12/99",1,1030821,2,2,2,1.79769313486232e+308,1,2,1.79769313486232e+308,1.79769313486232e+308,1.79769313486232e+308,5
100,"8/12/99",1,1030921,2,2,2,1.79769313486232e+308,1,1,5,1.79769313486232e+308,1.79769313486232e+308,1.79769313486232e+308
101,"8/12/99",1,1031021,5,5,1,7,2,1.79769313486232e+308,1.79769313486232e+308,1.79769313486232e+308,1.79769313486232e+308,1.79769313486232e+308
102,"8/12/99",1,1031121,2,2,2,1.79769313486232e+308,1,1,5,1.79769313486232e+308,1.79769313486232e+308,1.79769313486232e+308
103,"8/12/99",1,1031221,2,2,2,1.79769313486232e+308,1,1,5,1.79769313486232e+308,1.79769313486232e+308,1.79769313486232e+308
1,"5/20/99",1,1110121,2,2,2,1.79769313486232e+308,2,1.79769313486232e+308,1.79769313486232e+308,1.79769313486232e+308,1.79769313486232e+308,1.79769313486232e+308
16,"6/01/99",1,1110141,2,2,2,1.79769313486232e+308,2,1.79769313486232e+308,1.79769313486232e+308,1.79769313486232e+308,1.79769313486232e+308,1.79769313486232e+308
22,"6/01/99",1,1110151,2,3,2,1.79769313486232e+308,2,1.79769313486232e+308,1.79769313486232e+308,1.79769313486232e+308,1.79769313486232e+308,1.79769313486232e+308
23,"6/01/99",1,1110151,3,3,2,1.79769313486232e+308,2,1.79769313486232e+308,1.79769313486232e+308,1.79769313486232e+308,1.79769313486232e+308,1.79769313486232e+308
24,"6/01/99",1,1110152,2,2,2,1.79769313486232e+308,1,1,5,1.79769313486232e+308,1.79769313486232e+308,1.79769313486232e+308
2,"6/01/99",1,1110221,2,2,2,1.79769313486232e+308,1,2,1.79769313486232e+308,1.79769313486232e+308,1.79769313486232e+308,7
17,"6/01/99",1,1110241,1.79769313486232e+308,1.79769313486232e+308,1.79769313486232e+308,1.79769313486232e+308,1.79769313486232e+308,1.79769313486232e+308,1.79769313486232e+308,1.79769313486232e+308,1.79769313486232e+308,1.79769313486232e+308
25,"6/01/99",1,1110251,4,4,2,1.79769313486232e+308,2,1.79769313486232e+308,1.79769313486232e+308,1.79769313486232e+308,1.79769313486232e+308,1.79769313486232e+308
3,"6/01/99",1,1110321,2,2,2,1.79769313486232e+308,1,1,7,1998,10,1.79769313486232e+308
18,"6/01/99",1,1110341,2,2,2,1.79769313486232e+308,2,1.79769313486232e+308,1.79769313486232e+308,1.79769313486232e+308,1.79769313486232e+308,1.79769313486232e+308
26,"6/01/99",1,1110351,2,2,2,1.79769313486232e+308,2,1.79769313486232e+308,1.79769313486232e+308,1.79769313486232e+308,1.79769313486232e+308,1.79769313486232e+308
4,"6/01/99",1,1110421,5,5,2,1.79769313486232e+308,1,1,5,1.79769313486232e+308,1.79769313486232e+308,1.79769313486232e+308
19,"6/01/99",1,1110441,1.79769313486232e+308,1.79769313486232e+308,1.79769313486232e+308,1.79769313486232e+308,1.79769313486232e+308,1.79769313486232e+308,1.79769313486232e+308,1.79769313486232e+308,1.79769313486232e+308,1.79769313486232e+308
27,"6/01/99",1,1110459,2,2,2,1.79769313486232e+308,1,1,5,1.79769313486232e+308,1.79769313486232e+308,1.79769313486232e+308
5,"6/01/99",1,1110521,2,2,2,1.79769313486232e+308,1,1,7,1998,7,1.79769313486232e+308
21,"6/01/99",1,1110541,5,5,2,1.79769313486232e+308,2,1.79769313486232e+308,1.79769313486232e+308,1.79769313486232e+308,1.79769313486232e+308,1.79769313486232e+308
6,"6/01/99",1,1110621,7,2,2,1.79769313486232e+308,2,1.79769313486232e+308,1.79769313486232e+308,1.79769313486232e+308,1.79769313486232e+308,1.79769313486232e+308
7,"6/01/99",1,1110721,2,2,2,1.79769313486232e+308,2,1.79769313486232e+308,1.79769313486232e+308,1.79769313486232e+308,1.79769313486232e+308,1.79769313486232e+308
8,"6/01/99",1,1110821,2,2,2,1.79769313486232e+308,2,1.79769313486232e+308,1.79769313486232e+308,1.79769313486232e+308,1.79769313486232e+308,1.79769313486232e+308
9,"6/01/99",1,1110821,5,5,2,1.79769313486232e+308,2,1.79769313486232e+308,1.79769313486232e+308,1.79769313486232e+308,1.79769313486232e+308,1.79769313486232e+308
10,"6/01/99",1,1110921,2,2,2,1.79769313486232e+308,1,1,5,1.79769313486232e+308,1.79769313486232e+308,1.79769313486232e+308
11,"6/01/99",1,1111021,5,5,2,1.79769313486232e+308,2,1.79769313486232e+308,1.79769313486232e+308,1.79769313486232e+308,1.79769313486232e+308,1.79769313486232e+308
12,"6/01/99",1,1111022,2,2,2,1.79769313486232e+308,2,1.79769313486232e+308,1.79769313486232e+308,1.79769313486232e+308,1.79769313486232e+308,1.79769313486232e+308
13,"6/01/99",1,1111121,2,2,2,1.79769313486232e+308,2,1.79769313486232e+308,1.79769313486232e+308,1.79769313486232e+308,1.79769313486232e+308,1.79769313486232e+308
14,"6/01/99",1,1111221,1.79769313486232e+308,1.79769313486232e+308,1.79769313486232e+308,1.79769313486232e+308,1.79769313486232e+308,1.79769313486232e+308,1.79769313486232e+308,1.79769313486232e+308,1.79769313486232e+308,1.79769313486232e+308
15,"6/01/99",1,1111222,2,2,2,1.79769313486232e+308,2,1.79769313486232e+308,1.79769313486232e+308,1.79769313486232e+308,1.79769313486232e+308,1.79769313486232e+308
57,"7/25/99",1,1120121,2,2,2,1.79769313486232e+308,2,1.79769313486232e+308,1.79769313486232e+308,1.79769313486232e+308,1.79769313486232e+308,1.79769313486232e+308
75,"7/25/99",1,1120141,8,8,2,1.79769313486232e+308,1,1,7,1998,2,1.79769313486232e+308
76,"7/25/99",1,1120142,2,2,2,1.79769313486232e+308,2,1.79769313486232e+308,1.79769313486232e+308,1.79769313486232e+308,1.79769313486232e+308,1.79769313486232e+308
81,"7/25/99",1,1120151,2,2,2,1.79769313486232e+308,1,2,1.79769313486232e+308,1.79769313486232e+308,1.79769313486232e+308,5
58,"7/25/99",1,1120221,2,2,2,1.79769313486232e+308,2,1.79769313486232e+308,1.79769313486232e+308,1.79769313486232e+308,1.79769313486232e+308,1.79769313486232e+308
59,"7/25/99",1,1120221,8,2,2,1.79769313486232e+308,2,1.79769313486232e+308,1.79769313486232e+308,1.79769313486232e+308,1.79769313486232e+308,1.79769313486232e+308
77,"7/25/99",1,1120241,2,2,2,1.79769313486232e+308,2,1.79769313486232e+308,1.79769313486232e+308,1.79769313486232e+308,1.79769313486232e+308,1.79769313486232e+308
82,"7/25/99",1,1120251,6,6,2,1.79769313486232e+308,1,2,1.79769313486232e+308,1.79769313486232e+308,1.79769313486232e+308,5
60,"7/25/99",1,1120321,2,2,2,1.79769313486232e+308,2,1.79769313486232e+308,1.79769313486232e+308,1.79769313486232e+308,1.79769313486232e+308,1.79769313486232e+308
78,"7/25/99",1,1120341,4,4,2,1.79769313486232e+308,2,1.79769313486232e+308,1.79769313486232e+308,1.79769313486232e+308,1.79769313486232e+308,1.79769313486232e+308
83,"7/25/99",1,1120351,2,1,2,1.79769313486232e+308,2,1.79769313486232e+308,1.79769313486232e+308,1.79769313486232e+308,1.79769313486232e+308,1.79769313486232e+308
61,"7/25/99",1,1120421,2,2,2,1.79769313486232e+308,1,1,5,1.79769313486232e+308,1.79769313486232e+308,1.79769313486232e+308
79,"7/25/99",1,1120441,3,3,2,1.79769313486232e+308,1,1,5,1.79769313486232e+308,1.79769313486232e+308,1.79769313486232e+308
84,"7/25/99",1,1120459,2,2,2,1.79769313486232e+308,1,1,5,1.79769313486232e+308,1.79769313486232e+308,1.79769313486232e+308
63,"7/25/99",1,1120521,1.79769313486232e+308,1.79769313486232e+308,1.79769313486232e+308,1.79769313486232e+308,1.79769313486232e+308,1.79769313486232e+308,1.79769313486232e+308,1.79769313486232e+308,1.79769313486232e+308,1.79769313486232e+308
64,"7/25/99",1,1120522,2,2,2,1.79769313486232e+308,1,1,5,1.79769313486232e+308,1.79769313486232e+308,1.79769313486232e+308
80,"7/25/99",1,1120541,3,3,2,1.79769313486232e+308,1,1,5,1.79769313486232e+308,1.79769313486232e+308,1.79769313486232e+308
65,"7/25/99",1,1120621,2,2,2,1.79769313486232e+308,1,1,5,1.79769313486232e+308,1.79769313486232e+308,1.79769313486232e+308
66,"7/25/99",1,1120621,7,2,2,1.79769313486232e+308,1,1,2,1.79769313486232e+308,1.79769313486232e+308,1.79769313486232e+308
67,"7/25/99",1,1120622,2,1,2,1.79769313486232e+308,1,1,2,1.79769313486232e+308,1.79769313486232e+308,1.79769313486232e+308
68,"7/25/99",1,1120721,1.79769313486232e+308,1.79769313486232e+308,1.79769313486232e+308,1.79769313486232e+308,1.79769313486232e+308,1.79769313486232e+308,1.79769313486232e+308,1.79769313486232e+308,1.79769313486232e+308,1.79769313486232e+308
69,"7/25/99",1,1120821,2,2,2,1.79769313486232e+308,1,1,5,1.79769313486232e+308,1.79769313486232e+308,1.79769313486232e+308
70,"7/25/99",1,1120921,2,2,2,1.79769313486232e+308,1,1,5,1.79769313486232e+308,1.79769313486232e+308,1.79769313486232e+308
71,"7/25/99",1,1121021,2,2,2,1.79769313486232e+308,1,1,5,1.79769313486232e+308,1.79769313486232e+308,1.79769313486232e+308
72,"7/25/99",1,1121121,1.79769313486232e+308,1.79769313486232e+308,1.79769313486232e+308,1.79769313486232e+308,1.79769313486232e+308,1.79769313486232e+308,1.79769313486232e+308,1.79769313486232e+308,1.79769313486232e+308,1.79769313486232e+308
73,"7/25/99",1,1121122,2,2,2,1.79769313486232e+308,1,1,5,1.79769313486232e+308,1.79769313486232e+308,1.79769313486232e+308
74,"7/25/99",1,1121221,2,2,2,1.79769313486232e+308,2,1.79769313486232e+308,1.79769313486232e+308,1.79769313486232e+308,1.79769313486232e+308,1.79769313486232e+308
1,"7/08/99",1,1130121,2,2,2,1.79769313486232e+308,1,2,1.79769313486232e+308,1.79769313486232e+308,1.79769313486232e+308,5
2,"7/08/99",1,1130121,7,2,2,1.79769313486232e+308,2,1.79769313486232e+308,1.79769313486232e+308,1.79769313486232e+308,1.79769313486232e+308,1.79769313486232e+308
15,"7/08/99",1,1130141,2,2,2,1.79769313486232e+308,2,1.79769313486232e+308,1.79769313486232e+308,1.79769313486232e+308,1.79769313486232e+308,1.79769313486232e+308
19,"7/08/99",1,1130151,2,2,2,1.79769313486232e+308,1,1,5,1.79769313486232e+308,1.79769313486232e+308,1.79769313486232e+308
20,"7/08/99",1,1130152,2,2,2,1.79769313486232e+308,2,1.79769313486232e+308,1.79769313486232e+308,1.79769313486232e+308,1.79769313486232e+308,1.79769313486232e+308
21,"7/08/99",1,1130153,2,2,1,6,2,1.79769313486232e+308,1.79769313486232e+308,1.79769313486232e+308,1.79769313486232e+308,1.79769313486232e+308
3,"7/08/99",1,1130221,2,2,2,1.79769313486232e+308,1,1,5,1.79769313486232e+308,1.79769313486232e+308,1.79769313486232e+308
22,"7/08/99",1,1130251,6,6,2,1.79769313486232e+308,1,1,5,1.79769313486232e+308,1.79769313486232e+308,1.79769313486232e+308
23,"7/08/99",1,1130252,2,2,2,1.79769313486232e+308,1,1,5,1.79769313486232e+308,1.79769313486232e+308,1.79769313486232e+308
4,"7/08/99",1,1130321,2,2,2,1.79769313486232e+308,1,1,5,1.79769313486232e+308,1.79769313486232e+308,1.79769313486232e+308
16,"7/08/99",1,1130341,2,2,2,1.79769313486232e+308,1,1,5,1.79769313486232e+308,1.79769313486232e+308,1.79769313486232e+308
24,"7/08/99",1,1130351,2,2,2,1.79769313486232e+308,1,1,5,1.79769313486232e+308,1.79769313486232e+308,1.79769313486232e+308
5,"7/08/99",1,1130421,2,2,2,1.79769313486232e+308,1,1,7,1997,6,1.79769313486232e+308
6,"7/08/99",1,1130422,2,2,2,1.79769313486232e+308,1,1,5,1.79769313486232e+308,1.79769313486232e+308,1.79769313486232e+308
17,"7/08/99",1,1130441,1.79769313486232e+308,1.79769313486232e+308,1.79769313486232e+308,1.79769313486232e+308,1.79769313486232e+308,1.79769313486232e+308,1.79769313486232e+308,1.79769313486232e+308,1.79769313486232e+308,1.79769313486232e+308
25,"7/08/99",1,1130459,2,2,2,1.79769313486232e+308,1,1,5,1.79769313486232e+308,1.79769313486232e+308,1.79769313486232e+308
26,"7/08/99",1,1130459,6,6,2,1.79769313486232e+308,2,1.79769313486232e+308,1.79769313486232e+308,1.79769313486232e+308,1.79769313486232e+308,1.79769313486232e+308
7,"7/08/99",1,1130521,2,2,2,1.79769313486232e+308,1,1,5,1.79769313486232e+308,1.79769313486232e+308,1.79769313486232e+308
18,"7/08/99",1,1130541,2,2,2,1.79769313486232e+308,2,1.79769313486232e+308,1.79769313486232e+308,1.79769313486232e+308,1.79769313486232e+308,1.79769313486232e+308
8,"7/08/99",1,1130621,2,2,2,1.79769313486232e+308,1,2,1.79769313486232e+308,1.79769313486232e+308,1.79769313486232e+308,5
9,"7/08/99",1,1130721,2,2,2,1.79769313486232e+308,1,1,7,1997,1,1.79769313486232e+308
10,"7/08/99",1,1130821,2,2,2,1.79769313486232e+308,1,1,5,1.79769313486232e+308,1.79769313486232e+308,1.79769313486232e+308
11,"7/08/99",1,1130921,2,2,2,1.79769313486232e+308,1,1,5,1.79769313486232e+308,1.79769313486232e+308,1.79769313486232e+308
12,"7/08/99",1,1131021,2,1,2,1.79769313486232e+308,1,2,1.79769313486232e+308,1.79769313486232e+308,1.79769313486232e+308,5
13,"7/08/99",1,1131121,6,6,2,1.79769313486232e+308,2,1.79769313486232e+308,1.79769313486232e+308,1.79769313486232e+308,1.79769313486232e+308,1.79769313486232e+308
14,"7/08/99",1,1131221,2,2,2,1.79769313486232e+308,1,1,5,1.79769313486232e+308,1.79769313486232e+308,1.79769313486232e+308
1,"5/20/99",1,1210121,2,2,2,1.79769313486232e+308,2,1.79769313486232e+308,1.79769313486232e+308,1.79769313486232e+308,1.79769313486232e+308,1.79769313486232e+308
13,"5/27/99",1,1210141,1.79769313486232e+308,1.79769313486232e+308,1.79769313486232e+308,1.79769313486232e+308,1.79769313486232e+308,1.79769313486232e+308,1.79769313486232e+308,1.79769313486232e+308,1.79769313486232e+308,1.79769313486232e+308
14,"5/27/99",1,1210142,2,1,2,1.79769313486232e+308,2,1.79769313486232e+308,1.79769313486232e+308,1.79769313486232e+308,1.79769313486232e+308,1.79769313486232e+308
80,"9/12/99",1,1210151,8,1,2,1.79769313486232e+308,1.79769313486232e+308,1.79769313486232e+308,1.79769313486232e+308,1.79769313486232e+308,1.79769313486232e+308,1.79769313486232e+308
15,"5/27/99",1,1210241,7,1,1,3,1,1.79769313486232e+308,1.79769313486232e+308,1.79769313486232e+308,1.79769313486232e+308,5
16,"5/27/99",1,1210242,1.79769313486232e+308,1.79769313486232e+308,1.79769313486232e+308,1.79769313486232e+308,1.79769313486232e+308,1.79769313486232e+308,1.79769313486232e+308,1.79769313486232e+308,1.79769313486232e+308,1.79769313486232e+308
17,"5/27/99",1,1210243,2,1,2,1.79769313486232e+308,2,1.79769313486232e+308,1.79769313486232e+308,1.79769313486232e+308,1.79769313486232e+308,1.79769313486232e+308
22,"5/27/99",1,1210251,1.79769313486232e+308,1.79769313486232e+308,1.79769313486232e+308,1.79769313486232e+308,1.79769313486232e+308,1.79769313486232e+308,1.79769313486232e+308,1.79769313486232e+308,1.79769313486232e+308,1.79769313486232e+308
23,"5/27/99",1,1210252,2,1,2,1.79769313486232e+308,1,1,11,1995,12,1.79769313486232e+308
24,"5/27/99",1,1210253,2,1,2,1.79769313486232e+308,1,1,11,1996,4,1.79769313486232e+308
2,"5/27/99",1,1210321,2,2,2,1.79769313486232e+308,2,1.79769313486232e+308,1.79769313486232e+308,1.79769313486232e+308,1.79769313486232e+308,1.79769313486232e+308
18,"5/27/99",1,1210341,2,1,2,1.79769313486232e+308,1,1,8,1993,5,1.79769313486232e+308
19,"5/27/99",1,1210342,4,4,2,1.79769313486232e+308,1,1,8,1993,7,1.79769313486232e+308
25,"5/27/99",1,1210351,1.79769313486232e+308,1.79769313486232e+308,1.79769313486232e+308,1.79769313486232e+308,1.79769313486232e+308,1.79769313486232e+308,1.79769313486232e+308,1.79769313486232e+308,1.79769313486232e+308,1.79769313486232e+308
3,"5/27/99",1,1210421,2,2,2,1.79769313486232e+308,2,1.79769313486232e+308,1.79769313486232e+308,1.79769313486232e+308,1.79769313486232e+308,1.79769313486232e+308
20,"5/27/99",1,1210441,2,2,2,1.79769313486232e+308,2,1.79769313486232e+308,1.79769313486232e+308,1.79769313486232e+308,1.79769313486232e+308,1.79769313486232e+308
88,"9/12/99",1,1210459,2,1,2,1.79769313486232e+308,2,1.79769313486232e+308,1.79769313486232e+308,1.79769313486232e+308,1.79769313486232e+308,1.79769313486232e+308
4,"5/27/99",1,1210521,2,2,1,7,2,1.79769313486232e+308,1.79769313486232e+308,1.79769313486232e+308,1.79769313486232e+308,1.79769313486232e+308
5,"5/27/99",1,1210522,3,2,2,1.79769313486232e+308,2,1.79769313486232e+308,1.79769313486232e+308,1.79769313486232e+308,1.79769313486232e+308,1.79769313486232e+308
21,"5/27/99",1,1210541,2,1,2,1.79769313486232e+308,1,1,7,1999,1,1.79769313486232e+308
6,"5/27/99",1,1210621,5,1,1,4,2,1.79769313486232e+308,1.79769313486232e+308,1.79769313486232e+308,1.79769313486232e+308,1.79769313486232e+308
7,"5/27/99",1,1210721,2,1,2,1.79769313486232e+308,2,1.79769313486232e+308,1.79769313486232e+308,1.79769313486232e+308,1.79769313486232e+308,1.79769313486232e+308
8,"5/27/99",1,1210821,1.79769313486232e+308,1.79769313486232e+308,1.79769313486232e+308,1.79769313486232e+308,1.79769313486232e+308,1.79769313486232e+308,1.79769313486232e+308,1.79769313486232e+308,1.79769313486232e+308,1.79769313486232e+308
9,"5/27/99",1,1210921,2,1,2,1.79769313486232e+308,2,1.79769313486232e+308,1.79769313486232e+308,1.79769313486232e+308,1.79769313486232e+308,1.79769313486232e+308
10,"5/27/99",1,1211021,2,2,2,1.79769313486232e+308,2,1.79769313486232e+308,1.79769313486232e+308,1.79769313486232e+308,1.79769313486232e+308,1.79769313486232e+308
11,"5/27/99",1,1211121,6,1,2,1.79769313486232e+308,2,1.79769313486232e+308,1.79769313486232e+308,1.79769313486232e+308,1.79769313486232e+308,1.79769313486232e+308
12,"5/27/99",1,1211122,2,2,2,1.79769313486232e+308,2,1.79769313486232e+308,1.79769313486232e+308,1.79769313486232e+308,1.79769313486232e+308,1.79769313486232e+308
208,"6/23/99",1,1220141,3,3,1,9,2,1.79769313486232e+308,1.79769313486232e+308,1.79769313486232e+308,1.79769313486232e+308,1.79769313486232e+308
214,"6/23/99",1,1220151,4,4,2,1.79769313486232e+308,1,1,5,1.79769313486232e+308,1.79769313486232e+308,1.79769313486232e+308
215,"6/23/99",1,1220152,2,2,2,1.79769313486232e+308,1,1,5,1.79769313486232e+308,1.79769313486232e+308,1.79769313486232e+308
197,"6/23/99",1,1220221,2,2,2,1.79769313486232e+308,1,1,7,1999,2,1.79769313486232e+308
209,"6/23/99",1,1220241,1.79769313486232e+308,1.79769313486232e+308,1.79769313486232e+308,1.79769313486232e+308,1.79769313486232e+308,1.79769313486232e+308,1.79769313486232e+308,1.79769313486232e+308,1.79769313486232e+308,1.79769313486232e+308
216,"6/23/99",1,1220251,1.79769313486232e+308,1.79769313486232e+308,1.79769313486232e+308,1.79769313486232e+308,1.79769313486232e+308,1.79769313486232e+308,1.79769313486232e+308,1.79769313486232e+308,1.79769313486232e+308,1.79769313486232e+308
217,"6/23/99",1,1220252,2,2,2,1.79769313486232e+308,1,1,5,1.79769313486232e+308,1.79769313486232e+308,1.79769313486232e+308
198,"6/23/99",1,1220321,2,2,2,1.79769313486232e+308,1,1,8,1994,2,1.79769313486232e+308
210,"6/23/99",1,1220341,11,9,2,1.79769313486232e+308,2,1.79769313486232e+308,1.79769313486232e+308,1.79769313486232e+308,1.79769313486232e+308,1.79769313486232e+308
211,"6/23/99",1,1220342,2,1,2,1.79769313486232e+308,2,1.79769313486232e+308,1.79769313486232e+308,1.79769313486232e+308,1.79769313486232e+308,1.79769313486232e+308
218,"6/23/99",1,1220351,1.79769313486232e+308,1.79769313486232e+308,1.79769313486232e+308,1.79769313486232e+308,1.79769313486232e+308,1.79769313486232e+308,1.79769313486232e+308,1.79769313486232e+308,1.79769313486232e+308,1.79769313486232e+308
199,"6/23/99",1,1220421,1.79769313486232e+308,1.79769313486232e+308,1.79769313486232e+308,1.79769313486232e+308,1.79769313486232e+308,1.79769313486232e+308,1.79769313486232e+308,1.79769313486232e+308,1.79769313486232e+308,1.79769313486232e+308
212,"6/23/99",1,1220441,2,1,2,1.79769313486232e+308,2,1.79769313486232e+308,1.79769313486232e+308,1.79769313486232e+308,1.79769313486232e+308,1.79769313486232e+308
219,"6/23/99",1,1220459,2,2,2,1.79769313486232e+308,1,1,5,1.79769313486232e+308,1.79769313486232e+308,1.79769313486232e+308
200,"6/23/99",1,1220521,1.79769313486232e+308,1.79769313486232e+308,1.79769313486232e+308,1.79769313486232e+308,1.79769313486232e+308,1.79769313486232e+308,1.79769313486232e+308,1.79769313486232e+308,1.79769313486232e+308,1.79769313486232e+308
213,"6/23/99",1,1220541,2,2,2,1.79769313486232e+308,1,2,1.79769313486232e+308,1.79769313486232e+308,1.79769313486232e+308,5
201,"6/23/99",1,1220621,1.79769313486232e+308,1.79769313486232e+308,1.79769313486232e+308,1.79769313486232e+308,1.79769313486232e+308,1.79769313486232e+308,1.79769313486232e+308,1.79769313486232e+308,1.79769313486232e+308,1.79769313486232e+308
202,"6/23/99",1,1220721,1.79769313486232e+308,1.79769313486232e+308,1.79769313486232e+308,1.79769313486232e+308,1.79769313486232e+308,1.79769313486232e+308,1.79769313486232e+308,1.79769313486232e+308,1.79769313486232e+308,1.79769313486232e+308
203,"6/23/99",1,1220722,2,2,2,1.79769313486232e+308,1,1,7,1998,12,1.79769313486232e+308
204,"6/23/99",1,1220821,2,2,2,1.79769313486232e+308,1,1,5,1.79769313486232e+308,1.79769313486232e+308,1.79769313486232e+308
205,"6/23/99",1,1220921,3,1,2,1.79769313486232e+308,1,1,5,1.79769313486232e+308,1.79769313486232e+308,1.79769313486232e+308
206,"6/23/99",1,1221021,1.79769313486232e+308,1.79769313486232e+308,1.79769313486232e+308,1.79769313486232e+308,1.79769313486232e+308,1.79769313486232e+308,1.79769313486232e+308,1.79769313486232e+308,1.79769313486232e+308,1.79769313486232e+308
207,"6/23/99",1,1221221,1.79769313486232e+308,1.79769313486232e+308,1.79769313486232e+308,1.79769313486232e+308,1.79769313486232e+308,1.79769313486232e+308,1.79769313486232e+308,1.79769313486232e+308,1.79769313486232e+308,1.79769313486232e+308
297,"7/06/99",1,1230121,1.79769313486232e+308,1.79769313486232e+308,1.79769313486232e+308,1.79769313486232e+308,1.79769313486232e+308,1.79769313486232e+308,1.79769313486232e+308,1.79769313486232e+308,1.79769313486232e+308,1.79769313486232e+308
298,"7/06/99",1,1230122,2,1,2,1.79769313486232e+308,2,1.79769313486232e+308,1.79769313486232e+308,1.79769313486232e+308,1.79769313486232e+308,1.79769313486232e+308
309,"7/06/99",1,1230141,1.79769313486232e+308,1.79769313486232e+308,1.79769313486232e+308,1.79769313486232e+308,1.79769313486232e+308,1.79769313486232e+308,1.79769313486232e+308,1.79769313486232e+308,1.79769313486232e+308,1.79769313486232e+308
314,"7/06/99",1,1230151,9,1,2,1.79769313486232e+308,2,1.79769313486232e+308,1.79769313486232e+308,1.79769313486232e+308,1.79769313486232e+308,1.79769313486232e+308
299,"7/06/99",1,1230221,2,2,2,1.79769313486232e+308,1,1,5,1.79769313486232e+308,1.79769313486232e+308,1.79769313486232e+308
310,"7/06/99",1,1230241,4,10,2,1.79769313486232e+308,1,1,5,1.79769313486232e+308,1.79769313486232e+308,1.79769313486232e+308
311,"7/06/99",1,1230241,15,10,2,1.79769313486232e+308,1,1,5,1.79769313486232e+308,1.79769313486232e+308,1.79769313486232e+308
315,"7/06/99",1,1230251,2,1,2,1.79769313486232e+308,1,1,5,1.79769313486232e+308,1.79769313486232e+308,1.79769313486232e+308
300,"7/06/99",1,1230321,5,1,2,1.79769313486232e+308,1,2,1.79769313486232e+308,1.79769313486232e+308,1.79769313486232e+308,5
301,"7/06/99",1,1230322,1.79769313486232e+308,1.79769313486232e+308,1.79769313486232e+308,1.79769313486232e+308,1.79769313486232e+308,1.79769313486232e+308,1.79769313486232e+308,1.79769313486232e+308,1.79769313486232e+308,1.79769313486232e+308
312,"7/06/99",1,1230341,4,3,2,1.79769313486232e+308,2,1.79769313486232e+308,1.79769313486232e+308,1.79769313486232e+308,1.79769313486232e+308,1.79769313486232e+308
316,"7/06/99",1,1230351,1.79769313486232e+308,1.79769313486232e+308,1.79769313486232e+308,1.79769313486232e+308,1.79769313486232e+308,1.79769313486232e+308,1.79769313486232e+308,1.79769313486232e+308,1.79769313486232e+308,1.79769313486232e+308
317,"7/06/99",1,1230352,2,1,2,1.79769313486232e+308,2,1.79769313486232e+308,1.79769313486232e+308,1.79769313486232e+308,1.79769313486232e+308,1.79769313486232e+308
302,"7/06/99",1,1230421,1.79769313486232e+308,1.79769313486232e+308,1.79769313486232e+308,1.79769313486232e+308,1.79769313486232e+308,1.79769313486232e+308,1.79769313486232e+308,1.79769313486232e+308,1.79769313486232e+308,1.79769313486232e+308
313,"7/06/99",1,1230441,2,1,2,1.79769313486232e+308,1,2,1.79769313486232e+308,1.79769313486232e+308,1.79769313486232e+308,5
318,"7/06/99",1,1230459,6,6,1,4,2,1.79769313486232e+308,1.79769313486232e+308,1.79769313486232e+308,1.79769313486232e+308,1.79769313486232e+308
303,"7/06/99",1,1230521,2,1,2,1.79769313486232e+308,2,1.79769313486232e+308,1.79769313486232e+308,1.79769313486232e+308,1.79769313486232e+308,1.79769313486232e+308
304,"7/06/99",1,1230621,5,1,2,1.79769313486232e+308,1,2,1.79769313486232e+308,1.79769313486232e+308,1.79769313486232e+308,5
305,"7/06/99",1,1230721,2,1,2,1.79769313486232e+308,2,1.79769313486232e+308,1.79769313486232e+308,1.79769313486232e+308,1.79769313486232e+308,1.79769313486232e+308
306,"7/06/99",1,1231021,2,1,2,1.79769313486232e+308,1,2,1.79769313486232e+308,1.79769313486232e+308,1.79769313486232e+308,5
307,"7/06/99",1,1231121,1.79769313486232e+308,1.79769313486232e+308,1.79769313486232e+308,1.79769313486232e+308,1.79769313486232e+308,1.79769313486232e+308,1.79769313486232e+308,1.79769313486232e+308,1.79769313486232e+308,1.79769313486232e+308
308,"7/06/99",1,1231222,2,1,2,1.79769313486232e+308,1,1,5,1.79769313486232e+308,1.79769313486232e+308,1.79769313486232e+308
303,"7/04/99",1,1310141,2,2,2,1.79769313486232e+308,1,1,11,1.79769313486232e+308,1.79769313486232e+308,1.79769313486232e+308
307,"7/04/99",1,1310151,1.79769313486232e+308,1.79769313486232e+308,1.79769313486232e+308,1.79769313486232e+308,1.79769313486232e+308,1.79769313486232e+308,1.79769313486232e+308,1.79769313486232e+308,1.79769313486232e+308,1.79769313486232e+308
291,"7/04/99",1,1310221,2,1,2,1.79769313486232e+308,1,1,5,1.79769313486232e+308,1.79769313486232e+308,1.79769313486232e+308
304,"7/04/99",1,1310241,2,2,2,1.79769313486232e+308,1,1,5,1.79769313486232e+308,1.79769313486232e+308,1.79769313486232e+308
308,"7/04/99",1,1310251,2,2,2,1.79769313486232e+308,1,1,1,1.79769313486232e+308,1.79769313486232e+308,1.79769313486232e+308
309,"7/04/99",1,1310251,13,13,2,1.79769313486232e+308,1,1,5,1.79769313486232e+308,1.79769313486232e+308,1.79769313486232e+308
292,"7/04/99",1,1310321,2,2,2,1.79769313486232e+308,1,1,5,1.79769313486232e+308,1.79769313486232e+308,1.79769313486232e+308
305,"7/04/99",1,1310341,2,2,2,1.79769313486232e+308,1,2,1.79769313486232e+308,1.79769313486232e+308,1.79769313486232e+308,5
310,"7/04/99",1,1310351,1.79769313486232e+308,1.79769313486232e+308,1.79769313486232e+308,1.79769313486232e+308,1.79769313486232e+308,1.79769313486232e+308,1.79769313486232e+308,1.79769313486232e+308,1.79769313486232e+308,1.79769313486232e+308
311,"7/04/99",1,1310352,2,2,2,1.79769313486232e+308,1,1,5,1.79769313486232e+308,1.79769313486232e+308,1.79769313486232e+308
312,"7/04/99",1,1310353,2,2,2,1.79769313486232e+308,1,1,5,1.79769313486232e+308,1.79769313486232e+308,1.79769313486232e+308
293,"7/04/99",1,1310421,2,2,2,1.79769313486232e+308,1,1,5,1.79769313486232e+308,1.79769313486232e+308,1.79769313486232e+308
294,"7/04/99",1,1310421,3,2,2,1.79769313486232e+308,2,1.79769313486232e+308,1.79769313486232e+308,1.79769313486232e+308,1.79769313486232e+308,1.79769313486232e+308
313,"7/04/99",1,1310459,2,2,2,1.79769313486232e+308,1,1,6,1996,3,1.79769313486232e+308
295,"7/04/99",1,1310521,2,1,2,1.79769313486232e+308,1,1,5,1.79769313486232e+308,1.79769313486232e+308,1.79769313486232e+308
306,"7/04/99",1,1310541,2,2,2,1.79769313486232e+308,1,1,5,1.79769313486232e+308,1.79769313486232e+308,1.79769313486232e+308
296,"7/04/99",1,1310821,2,2,2,1.79769313486232e+308,2,1.79769313486232e+308,1.79769313486232e+308,1.79769313486232e+308,1.79769313486232e+308,1.79769313486232e+308
297,"7/04/99",1,1310921,3,3,2,1.79769313486232e+308,1,1,5,1.79769313486232e+308,1.79769313486232e+308,1.79769313486232e+308
298,"7/04/99",1,1311021,4,4,2,1.79769313486232e+308,1,2,1.79769313486232e+308,1.79769313486232e+308,1.79769313486232e+308,1
299,"7/04/99",1,1311121,2,2,2,1.79769313486232e+308,1,1,8,1981,10,1.79769313486232e+308
300,"7/04/99",1,1311121,5,5,2,1.79769313486232e+308,2,1.79769313486232e+308,1.79769313486232e+308,1.79769313486232e+308,1.79769313486232e+308,1.79769313486232e+308
301,"7/04/99",1,1311121,6,6,2,1.79769313486232e+308,2,1.79769313486232e+308,1.79769313486232e+308,1.79769313486232e+308,1.79769313486232e+308,1.79769313486232e+308
302,"7/04/99",1,1311221,2,2,2,1.79769313486232e+308,1,1,1,1.79769313486232e+308,1.79769313486232e+308,1.79769313486232e+308
117,"7/20/99",1,1320121,1.79769313486232e+308,1.79769313486232e+308,1.79769313486232e+308,1.79769313486232e+308,1.79769313486232e+308,1.79769313486232e+308,1.79769313486232e+308,1.79769313486232e+308,1.79769313486232e+308,1.79769313486232e+308
127,"7/22/99",1,1320141,1.79769313486232e+308,1.79769313486232e+308,1.79769313486232e+308,1.79769313486232e+308,1.79769313486232e+308,1.79769313486232e+308,1.79769313486232e+308,1.79769313486232e+308,1.79769313486232e+308,1.79769313486232e+308
128,"7/22/99",1,1320142,2,2,2,1.79769313486232e+308,1,1,1,1.79769313486232e+308,1.79769313486232e+308,1.79769313486232e+308
134,"7/22/99",1,1320151,1.79769313486232e+308,1.79769313486232e+308,1.79769313486232e+308,1.79769313486232e+308,1.79769313486232e+308,1.79769313486232e+308,1.79769313486232e+308,1.79769313486232e+308,1.79769313486232e+308,1.79769313486232e+308
118,"7/22/99",1,1320221,2,2,2,1.79769313486232e+308,1,1,5,1.79769313486232e+308,1.79769313486232e+308,1.79769313486232e+308
129,"7/22/99",1,1320241,2,2,2,1.79769313486232e+308,1,1,5,1.79769313486232e+308,1.79769313486232e+308,1.79769313486232e+308
119,"7/22/99",1,1320321,2,2,2,1.79769313486232e+308,1,1,5,1.79769313486232e+308,1.79769313486232e+308,1.79769313486232e+308
130,"7/22/99",1,1320341,2,2,2,1.79769313486232e+308,1,1,5,1.79769313486232e+308,1.79769313486232e+308,1.79769313486232e+308
135,"7/22/99",1,1320351,1.79769313486232e+308,1.79769313486232e+308,1.79769313486232e+308,1.79769313486232e+308,1.79769313486232e+308,1.79769313486232e+308,1.79769313486232e+308,1.79769313486232e+308,1.79769313486232e+308,1.79769313486232e+308
120,"7/22/99",1,1320421,2,2,2,1.79769313486232e+308,1,2,1.79769313486232e+308,1.79769313486232e+308,1.79769313486232e+308,5
131,"7/22/99",1,1320441,2,2,2,1.79769313486232e+308,1,1,5,1.79769313486232e+308,1.79769313486232e+308,1.79769313486232e+308
136,"7/22/99",1,1320459,7,7,2,1.79769313486232e+308,1,1,5,1.79769313486232e+308,1.79769313486232e+308,1.79769313486232e+308
121,"7/22/99",1,1320521,2,2,2,1.79769313486232e+308,1,1,5,1.79769313486232e+308,1.79769313486232e+308,1.79769313486232e+308
132,"7/22/99",1,1320541,2,2,2,1.79769313486232e+308,1,2,1.79769313486232e+308,1.79769313486232e+308,1.79769313486232e+308,1
133,"7/22/99",1,1320541,8,8,1,6,1,1.79769313486232e+308,1.79769313486232e+308,1.79769313486232e+308,1.79769313486232e+308,5
122,"7/22/99",1,1320621,1.79769313486232e+308,1.79769313486232e+308,1.79769313486232e+308,1.79769313486232e+308,1.79769313486232e+308,1.79769313486232e+308,1.79769313486232e+308,1.79769313486232e+308,1.79769313486232e+308,1.79769313486232e+308
123,"7/22/99",1,1320721,2,2,2,1.79769313486232e+308,1,1,6,1994,2,1.79769313486232e+308
124,"7/22/99",1,1320921,2,2,2,1.79769313486232e+308,1,1,8,1995,10,1.79769313486232e+308
125,"7/22/99",1,1321021,2,2,2,1.79769313486232e+308,1,1,5,1.79769313486232e+308,1.79769313486232e+308,1.79769313486232e+308
126,"7/22/99",1,1321121,2,2,2,1.79769313486232e+308,1,1,8,1989,6,1.79769313486232e+308
23,"8/01/99",1,1330121,2,2,1,3,1,1.79769313486232e+308,1.79769313486232e+308,1.79769313486232e+308,1.79769313486232e+308,5
34,"8/01/99",1,1330141,1.79769313486232e+308,1.79769313486232e+308,1.79769313486232e+308,1.79769313486232e+308,1.79769313486232e+308,1.79769313486232e+308,1.79769313486232e+308,1.79769313486232e+308,1.79769313486232e+308,1.79769313486232e+308
39,"8/01/99",1,1330151,4,4,2,1.79769313486232e+308,1,1,2,1.79769313486232e+308,1.79769313486232e+308,1.79769313486232e+308
20,"8/01/99",1,1330221,2,2,2,1.79769313486232e+308,1,1,5,1.79769313486232e+308,1.79769313486232e+308,1.79769313486232e+308
21,"8/01/99",1,1330221,6,6,2,1.79769313486232e+308,1,1,5,1.79769313486232e+308,1.79769313486232e+308,1.79769313486232e+308
22,"8/01/99",1,1330221,9,9,2,1.79769313486232e+308,1,1,5,1.79769313486232e+308,1.79769313486232e+308,1.79769313486232e+308
40,"8/01/99",1,1330251,1.79769313486232e+308,1.79769313486232e+308,1.79769313486232e+308,1.79769313486232e+308,1.79769313486232e+308,1.79769313486232e+308,1.79769313486232e+308,1.79769313486232e+308,1.79769313486232e+308,1.79769313486232e+308
41,"8/01/99",1,1330252,2,1,1,10,2,1.79769313486232e+308,1.79769313486232e+308,1.79769313486232e+308,1.79769313486232e+308,1.79769313486232e+308
24,"8/01/99",1,1330321,2,2,2,1.79769313486232e+308,1,1,5,1.79769313486232e+308,1.79769313486232e+308,1.79769313486232e+308
35,"8/01/99",1,1330341,2,2,2,1.79769313486232e+308,2,1.79769313486232e+308,1.79769313486232e+308,1.79769313486232e+308,1.79769313486232e+308,1.79769313486232e+308
42,"8/01/99",1,1330351,2,2,2,1.79769313486232e+308,2,1.79769313486232e+308,1.79769313486232e+308,1.79769313486232e+308,1.79769313486232e+308,1.79769313486232e+308
25,"8/01/99",1,1330421,1.79769313486232e+308,1.79769313486232e+308,1.79769313486232e+308,1.79769313486232e+308,1.79769313486232e+308,1.79769313486232e+308,1.79769313486232e+308,1.79769313486232e+308,1.79769313486232e+308,1.79769313486232e+308
26,"8/01/99",1,1330422,2,2,2,1.79769313486232e+308,1,1,5,1.79769313486232e+308,1.79769313486232e+308,1.79769313486232e+308
36,"8/01/99",1,1330441,2,2,2,1.79769313486232e+308,1,1,7,1999,4,1.79769313486232e+308
43,"8/01/99",1,1330459,1.79769313486232e+308,1.79769313486232e+308,1.79769313486232e+308,1.79769313486232e+308,1.79769313486232e+308,1.79769313486232e+308,1.79769313486232e+308,1.79769313486232e+308,1.79769313486232e+308,1.79769313486232e+308
37,"8/01/99",1,1330541,2,2,2,1.79769313486232e+308,1,2,1.79769313486232e+308,1.79769313486232e+308,1.79769313486232e+308,5
38,"8/01/99",1,1330541,8,8,2,1.79769313486232e+308,2,1.79769313486232e+308,1.79769313486232e+308,1.79769313486232e+308,1.79769313486232e+308,1.79769313486232e+308
27,"8/01/99",1,1330621,8,8,2,1.79769313486232e+308,2,1.79769313486232e+308,1.79769313486232e+308,1.79769313486232e+308,1.79769313486232e+308,1.79769313486232e+308
28,"8/01/99",1,1330622,2,2,2,1.79769313486232e+308,1,1,5,1.79769313486232e+308,1.79769313486232e+308,1.79769313486232e+308
29,"8/01/99",1,1330721,3,3,2,1.79769313486232e+308,1,1,5,1.79769313486232e+308,1.79769313486232e+308,1.79769313486232e+308
30,"8/01/99",1,1330921,2,2,2,1.79769313486232e+308,1,1,5,1.79769313486232e+308,1.79769313486232e+308,1.79769313486232e+308
31,"8/01/99",1,1331021,1.79769313486232e+308,1.79769313486232e+308,1.79769313486232e+308,1.79769313486232e+308,1.79769313486232e+308,1.79769313486232e+308,1.79769313486232e+308,1.79769313486232e+308,1.79769313486232e+308,1.79769313486232e+308
32,"8/01/99",1,1331121,2,2,2,1.79769313486232e+308,2,1.79769313486232e+308,1.79769313486232e+308,1.79769313486232e+308,1.79769313486232e+308,1.79769313486232e+308
33,"8/01/99",1,1331221,2,2,2,1.79769313486232e+308,1,1,5,1.79769313486232e+308,1.79769313486232e+308,1.79769313486232e+308
240,"6/27/99",1,1410121,1.79769313486232e+308,1.79769313486232e+308,1.79769313486232e+308,1.79769313486232e+308,1.79769313486232e+308,1.79769313486232e+308,1.79769313486232e+308,1.79769313486232e+308,1.79769313486232e+308,1.79769313486232e+308
241,"6/27/99",1,1410122,2,1,1,7,1,1.79769313486232e+308,1.79769313486232e+308,1.79769313486232e+308,1.79769313486232e+308,5
253,"6/27/99",1,1410141,2,2,2,1.79769313486232e+308,2,1.79769313486232e+308,1.79769313486232e+308,1.79769313486232e+308,1.79769313486232e+308,1.79769313486232e+308
258,"6/27/99",1,1410151,7,7,2,1.79769313486232e+308,2,1.79769313486232e+308,1.79769313486232e+308,1.79769313486232e+308,1.79769313486232e+308,1.79769313486232e+308
259,"6/27/99",1,1410152,2,2,1,3,2,1.79769313486232e+308,1.79769313486232e+308,1.79769313486232e+308,1.79769313486232e+308,1.79769313486232e+308
260,"6/27/99",1,1410251,6,6,2,1.79769313486232e+308,2,1.79769313486232e+308,1.79769313486232e+308,1.79769313486232e+308,1.79769313486232e+308,1.79769313486232e+308
242,"6/27/99",1,1410321,2,2,2,1.79769313486232e+308,1,1,8,1979,3,1.79769313486232e+308
254,"6/27/99",1,1410341,2,1,2,1.79769313486232e+308,2,1.79769313486232e+308,1.79769313486232e+308,1.79769313486232e+308,1.79769313486232e+308,1.79769313486232e+308
261,"6/27/99",1,1410351,1.79769313486232e+308,1.79769313486232e+308,1.79769313486232e+308,1.79769313486232e+308,1.79769313486232e+308,1.79769313486232e+308,1.79769313486232e+308,1.79769313486232e+308,1.79769313486232e+308,1.79769313486232e+308
243,"6/27/99",1,1410421,2,1,2,1.79769313486232e+308,1,2,1.79769313486232e+308,1.79769313486232e+308,1.79769313486232e+308,5
255,"6/27/99",1,1410441,2,1,2,1.79769313486232e+308,2,1.79769313486232e+308,1.79769313486232e+308,1.79769313486232e+308,1.79769313486232e+308,1.79769313486232e+308
263,"6/27/99",1,1410459,9,4,1,6,2,1.79769313486232e+308,1.79769313486232e+308,1.79769313486232e+308,1.79769313486232e+308,1.79769313486232e+308
256,"6/27/99",1,1410541,2,2,2,1.79769313486232e+308,2,1.79769313486232e+308,1.79769313486232e+308,1.79769313486232e+308,1.79769313486232e+308,1.79769313486232e+308
244,"6/27/99",1,1410721,2,2,2,1.79769313486232e+308,2,1.79769313486232e+308,1.79769313486232e+308,1.79769313486232e+308,1.79769313486232e+308,1.79769313486232e+308
257,"6/27/99",1,1410741,2,2,2,1.79769313486232e+308,1,1,8,1990,1.79769313486232e+308,1.79769313486232e+308
245,"6/27/99",1,1410821,2,2,2,1.79769313486232e+308,1,2,1.79769313486232e+308,1.79769313486232e+308,1.79769313486232e+308,5
246,"6/27/99",1,1410921,1,1,2,1.79769313486232e+308,2,1.79769313486232e+308,1.79769313486232e+308,1.79769313486232e+308,1.79769313486232e+308,1.79769313486232e+308
247,"6/27/99",1,1411021,2,2,2,1.79769313486232e+308,1,1,1,1.79769313486232e+308,1.79769313486232e+308,1.79769313486232e+308
248,"6/27/99",1,1411221,2,1,2,1.79769313486232e+308,1,2,1.79769313486232e+308,1.79769313486232e+308,1.79769313486232e+308,5
249,"6/27/99",1,1411421,1.79769313486232e+308,1.79769313486232e+308,1.79769313486232e+308,1.79769313486232e+308,1.79769313486232e+308,1.79769313486232e+308,1.79769313486232e+308,1.79769313486232e+308,1.79769313486232e+308,1.79769313486232e+308
250,"6/27/99",1,1411621,1.79769313486232e+308,1.79769313486232e+308,1.79769313486232e+308,1.79769313486232e+308,1.79769313486232e+308,1.79769313486232e+308,1.79769313486232e+308,1.79769313486232e+308,1.79769313486232e+308,1.79769313486232e+308
251,"6/27/99",1,1411721,2,2,2,1.79769313486232e+308,1,1,8,1987,12,1.79769313486232e+308
252,"6/27/99",1,1411821,1.79769313486232e+308,1.79769313486232e+308,1.79769313486232e+308,1.79769313486232e+308,1.79769313486232e+308,1.79769313486232e+308,1.79769313486232e+308,1.79769313486232e+308,1.79769313486232e+308,1.79769313486232e+308
1,"7/16/99",1,1420121,1.79769313486232e+308,1.79769313486232e+308,1.79769313486232e+308,1.79769313486232e+308,1.79769313486232e+308,1.79769313486232e+308,1.79769313486232e+308,1.79769313486232e+308,1.79769313486232e+308,1.79769313486232e+308
24,"7/16/99",1,1420151,1.79769313486232e+308,1.79769313486232e+308,1.79769313486232e+308,1.79769313486232e+308,1.79769313486232e+308,1.79769313486232e+308,1.79769313486232e+308,1.79769313486232e+308,1.79769313486232e+308,1.79769313486232e+308
2,"7/16/99",1,1420221,4,4,2,1.79769313486232e+308,1,1,11,1.79769313486232e+308,1.79769313486232e+308,1.79769313486232e+308
25,"7/16/99",1,1420251,8,6,2,1.79769313486232e+308,2,1.79769313486232e+308,1.79769313486232e+308,1.79769313486232e+308,1.79769313486232e+308,1.79769313486232e+308
26,"7/16/99",1,1420251,10,6,2,1.79769313486232e+308,1,1,5,1.79769313486232e+308,1.79769313486232e+308,1.79769313486232e+308
17,"7/16/99",1,1420341,2,2,2,1.79769313486232e+308,1,1,8,1984,1,1.79769313486232e+308
27,"7/16/99",1,1420351,1.79769313486232e+308,1.79769313486232e+308,1.79769313486232e+308,1.79769313486232e+308,1.79769313486232e+308,1.79769313486232e+308,1.79769313486232e+308,1.79769313486232e+308,1.79769313486232e+308,1.79769313486232e+308
28,"7/16/99",1,1420352,2,2,2,1.79769313486232e+308,1,1,5,1.79769313486232e+308,1.79769313486232e+308,1.79769313486232e+308
18,"7/16/99",1,1420441,4,4,2,1.79769313486232e+308,1,1,7,1985,12,1.79769313486232e+308
29,"7/16/99",1,1420459,1.79769313486232e+308,1.79769313486232e+308,1.79769313486232e+308,1.79769313486232e+308,1.79769313486232e+308,1.79769313486232e+308,1.79769313486232e+308,1.79769313486232e+308,1.79769313486232e+308,1.79769313486232e+308
3,"7/16/99",1,1420521,2,2,2,1.79769313486232e+308,1,1,5,1.79769313486232e+308,1.79769313486232e+308,1.79769313486232e+308
19,"7/16/99",1,1420541,1.79769313486232e+308,1.79769313486232e+308,1.79769313486232e+308,1.79769313486232e+308,1.79769313486232e+308,1.79769313486232e+308,1.79769313486232e+308,1.79769313486232e+308,1.79769313486232e+308,1.79769313486232e+308
20,"7/16/99",1,1420542,2,2,2,1.79769313486232e+308,2,1.79769313486232e+308,1.79769313486232e+308,1.79769313486232e+308,1.79769313486232e+308,1.79769313486232e+308
4,"7/16/99",1,1420621,2,2,2,1.79769313486232e+308,1,1,5,1.79769313486232e+308,1.79769313486232e+308,1.79769313486232e+308
21,"7/16/99",1,1420641,2,2,2,1.79769313486232e+308,1,1,5,1.79769313486232e+308,1.79769313486232e+308,1.79769313486232e+308
22,"7/16/99",1,1420641,5,4,2,1.79769313486232e+308,1,1,2,1.79769313486232e+308,1.79769313486232e+308,1.79769313486232e+308
5,"7/16/99",1,1420721,2,2,2,1.79769313486232e+308,1,1,5,1.79769313486232e+308,1.79769313486232e+308,1.79769313486232e+308
23,"7/16/99",1,1420741,5,5,2,1.79769313486232e+308,1,1,5,1.79769313486232e+308,1.79769313486232e+308,1.79769313486232e+308
6,"7/16/99",1,1420821,2,2,2,1.79769313486232e+308,1,1,5,1.79769313486232e+308,1.79769313486232e+308,1.79769313486232e+308
7,"7/16/99",1,1421021,2,2,2,1.79769313486232e+308,2,1.79769313486232e+308,1.79769313486232e+308,1.79769313486232e+308,1.79769313486232e+308,1.79769313486232e+308
8,"7/16/99",1,1421121,2,2,2,1.79769313486232e+308,1,1,5,1.79769313486232e+308,1.79769313486232e+308,1.79769313486232e+308
9,"7/16/99",1,1421221,2,2,2,1.79769313486232e+308,1,1,5,1.79769313486232e+308,1.79769313486232e+308,1.79769313486232e+308
10,"7/16/99",1,1421321,7,7,2,1.79769313486232e+308,1,2,1.79769313486232e+308,1.79769313486232e+308,1.79769313486232e+308,7
11,"7/16/99",1,1421322,2,2,2,1.79769313486232e+308,1,1,7,1.79769313486232e+308,1.79769313486232e+308,1.79769313486232e+308
12,"7/16/99",1,1421421,2,2,2,1.79769313486232e+308,1,1,5,1.79769313486232e+308,1.79769313486232e+308,1.79769313486232e+308
13,"7/16/99",1,1421521,2,2,2,1.79769313486232e+308,1,1,5,1.79769313486232e+308,1.79769313486232e+308,1.79769313486232e+308
14,"7/16/99",1,1421621,4,4,2,1.79769313486232e+308,2,1.79769313486232e+308,1.79769313486232e+308,1.79769313486232e+308,1.79769313486232e+308,1.79769313486232e+308
15,"7/16/99",1,1421721,1.79769313486232e+308,1.79769313486232e+308,1.79769313486232e+308,1.79769313486232e+308,1.79769313486232e+308,1.79769313486232e+308,1.79769313486232e+308,1.79769313486232e+308,1.79769313486232e+308,1.79769313486232e+308
16,"7/16/99",1,1421821,1.79769313486232e+308,1.79769313486232e+308,1.79769313486232e+308,1.79769313486232e+308,1.79769313486232e+308,1.79769313486232e+308,1.79769313486232e+308,1.79769313486232e+308,1.79769313486232e+308,1.79769313486232e+308
265,"6/28/99",1,1430121,2,2,2,1.79769313486232e+308,2,1.79769313486232e+308,1.79769313486232e+308,1.79769313486232e+308,1.79769313486232e+308,1.79769313486232e+308
282,"6/28/99",1,1430141,2,2,2,1.79769313486232e+308,1,2,1.79769313486232e+308,1.79769313486232e+308,1.79769313486232e+308,7
287,"6/28/99",1,1430151,2,2,2,1.79769313486232e+308,1,1,5,1.79769313486232e+308,1.79769313486232e+308,1.79769313486232e+308
266,"6/28/99",1,1430221,2,2,2,1.79769313486232e+308,1,1,5,1.79769313486232e+308,1.79769313486232e+308,1.79769313486232e+308
283,"6/28/99",1,1430241,1.79769313486232e+308,1.79769313486232e+308,1.79769313486232e+308,1.79769313486232e+308,1.79769313486232e+308,1.79769313486232e+308,1.79769313486232e+308,1.79769313486232e+308,1.79769313486232e+308,1.79769313486232e+308
288,"6/28/99",1,1430251,9,9,2,1.79769313486232e+308,1,2,1.79769313486232e+308,1.79769313486232e+308,1.79769313486232e+308,5
267,"6/28/99",1,1430321,1.79769313486232e+308,1.79769313486232e+308,1.79769313486232e+308,1.79769313486232e+308,1.79769313486232e+308,1.79769313486232e+308,1.79769313486232e+308,1.79769313486232e+308,1.79769313486232e+308,1.79769313486232e+308
284,"6/28/99",1,1430341,1.79769313486232e+308,1.79769313486232e+308,1.79769313486232e+308,1.79769313486232e+308,1.79769313486232e+308,1.79769313486232e+308,1.79769313486232e+308,1.79769313486232e+308,1.79769313486232e+308,1.79769313486232e+308
289,"6/28/99",1,1430351,1.79769313486232e+308,1.79769313486232e+308,1.79769313486232e+308,1.79769313486232e+308,1.79769313486232e+308,1.79769313486232e+308,1.79769313486232e+308,1.79769313486232e+308,1.79769313486232e+308,1.79769313486232e+308
290,"6/28/99",1,1430459,1.79769313486232e+308,1.79769313486232e+308,1.79769313486232e+308,1.79769313486232e+308,1.79769313486232e+308,1.79769313486232e+308,1.79769313486232e+308,1.79769313486232e+308,1.79769313486232e+308,1.79769313486232e+308
268,"6/28/99",1,1430521,2,2,2,1.79769313486232e+308,1,2,1.79769313486232e+308,1.79769313486232e+308,1.79769313486232e+308,7
285,"6/28/99",1,1430541,2,2,2,1.79769313486232e+308,1,1,5,1.79769313486232e+308,1.79769313486232e+308,1.79769313486232e+308
269,"6/28/99",1,1430621,2,2,2,1.79769313486232e+308,1,1,7,1998,12,1.79769313486232e+308
286,"6/28/99",1,1430641,2,2,2,1.79769313486232e+308,1,1,7,1997,4,1.79769313486232e+308
270,"6/28/99",1,1430731,2,2,2,1.79769313486232e+308,1,2,1.79769313486232e+308,1.79769313486232e+308,1.79769313486232e+308,5
271,"6/28/99",1,1430821,1.79769313486232e+308,1.79769313486232e+308,1.79769313486232e+308,1.79769313486232e+308,1.79769313486232e+308,1.79769313486232e+308,1.79769313486232e+308,1.79769313486232e+308,1.79769313486232e+308,1.79769313486232e+308
272,"6/28/99",1,1430921,2,2,2,1.79769313486232e+308,1,2,1.79769313486232e+308,1.79769313486232e+308,1.79769313486232e+308,5
273,"6/28/99",1,1431031,2,2,2,1.79769313486232e+308,2,1.79769313486232e+308,1.79769313486232e+308,1.79769313486232e+308,1.79769313486232e+308,1.79769313486232e+308
274,"6/28/99",1,1431121,2,2,2,1.79769313486232e+308,2,1.79769313486232e+308,1.79769313486232e+308,1.79769313486232e+308,1.79769313486232e+308,1.79769313486232e+308
275,"6/28/99",1,1431331,2,2,2,1.79769313486232e+308,2,1.79769313486232e+308,1.79769313486232e+308,1.79769313486232e+308,1.79769313486232e+308,1.79769313486232e+308
276,"6/28/99",1,1431421,5,3,2,1.79769313486232e+308,2,1.79769313486232e+308,1.79769313486232e+308,1.79769313486232e+308,1.79769313486232e+308,1.79769313486232e+308
277,"6/28/99",1,1431521,6,6,2,1.79769313486232e+308,2,1.79769313486232e+308,1.79769313486232e+308,1.79769313486232e+308,1.79769313486232e+308,1.79769313486232e+308
278,"6/28/99",1,1431522,2,2,2,1.79769313486232e+308,1,1,7,1998,12,1.79769313486232e+308
279,"6/28/99",1,1431621,2,1,2,1.79769313486232e+308,1,1,5,1.79769313486232e+308,1.79769313486232e+308,1.79769313486232e+308
280,"6/28/99",1,1431721,2,2,2,1.79769313486232e+308,2,1.79769313486232e+308,1.79769313486232e+308,1.79769313486232e+308,1.79769313486232e+308,1.79769313486232e+308
281,"6/28/99",1,1431721,7,7,2,1.79769313486232e+308,2,1.79769313486232e+308,1.79769313486232e+308,1.79769313486232e+308,1.79769313486232e+308,1.79769313486232e+308
22,"6/01/99",1,1510121,2,2,2,1.79769313486232e+308,1,1,5,1.79769313486232e+308,1.79769313486232e+308,1.79769313486232e+308
37,"6/01/99",1,1510141,4,1,2,1.79769313486232e+308,1,1,5,1.79769313486232e+308,1.79769313486232e+308,1.79769313486232e+308
44,"6/01/99",1,1510151,5,5,2,1.79769313486232e+308,1,2,1.79769313486232e+308,1.79769313486232e+308,1.79769313486232e+308,5
45,"6/01/99",1,1510151,9,5,2,1.79769313486232e+308,2,1.79769313486232e+308,1.79769313486232e+308,1.79769313486232e+308,1.79769313486232e+308,1.79769313486232e+308
23,"6/01/99",1,1510221,2,2,2,1.79769313486232e+308,2,1.79769313486232e+308,1.79769313486232e+308,1.79769313486232e+308,1.79769313486232e+308,1.79769313486232e+308
24,"6/01/99",1,1510221,5,2,2,1.79769313486232e+308,2,1.79769313486232e+308,1.79769313486232e+308,1.79769313486232e+308,1.79769313486232e+308,1.79769313486232e+308
38,"6/01/99",1,1510241,2,1,2,1.79769313486232e+308,1,1,11,1996,6,1.79769313486232e+308
46,"6/01/99",1,1510251,5,1,2,1.79769313486232e+308,1,1,7,1999,2,1.79769313486232e+308
47,"6/01/99",1,1510252,1.79769313486232e+308,1.79769313486232e+308,1.79769313486232e+308,1.79769313486232e+308,1.79769313486232e+308,1.79769313486232e+308,1.79769313486232e+308,1.79769313486232e+308,1.79769313486232e+308,1.79769313486232e+308
25,"6/01/99",1,1510321,2,2,2,1.79769313486232e+308,1,1,5,1.79769313486232e+308,1.79769313486232e+308,1.79769313486232e+308
39,"6/01/99",1,1510341,2,2,2,1.79769313486232e+308,1,1,5,1.79769313486232e+308,1.79769313486232e+308,1.79769313486232e+308
48,"6/01/99",1,1510351,2,2,2,1.79769313486232e+308,1,1,5,1.79769313486232e+308,1.79769313486232e+308,1.79769313486232e+308
64,"9/12/99",1,1510421,5,5,2,1.79769313486232e+308,1,1,1,1.79769313486232e+308,1.79769313486232e+308,1.79769313486232e+308
65,"9/12/99",1,1510421,7,5,2,1.79769313486232e+308,1,1,7,1998,3,1.79769313486232e+308
40,"6/01/99",1,1510441,2,2,2,1.79769313486232e+308,1,2,1.79769313486232e+308,1.79769313486232e+308,1.79769313486232e+308,5
41,"6/01/99",1,1510441,6,2,2,1.79769313486232e+308,1,2,1.79769313486232e+308,1.79769313486232e+308,1.79769313486232e+308,5
42,"6/01/99",1,1510441,8,2,1,9,1,1.79769313486232e+308,1.79769313486232e+308,1.79769313486232e+308,1.79769313486232e+308,5
49,"6/01/99",1,1510459,3,3,2,1.79769313486232e+308,1,1,5,1.79769313486232e+308,1.79769313486232e+308,1.79769313486232e+308
50,"6/01/99",1,1510459,5,4,2,1.79769313486232e+308,1,1,5,1.79769313486232e+308,1.79769313486232e+308,1.79769313486232e+308
51,"6/01/99",1,1510459,9,4,2,1.79769313486232e+308,1,2,1.79769313486232e+308,1.79769313486232e+308,1.79769313486232e+308,5
52,"6/01/99",1,1510459,12,4,2,1.79769313486232e+308,1,1,5,1.79769313486232e+308,1.79769313486232e+308,1.79769313486232e+308
26,"6/01/99",1,1510521,6,3,2,1.79769313486232e+308,1,1,5,1.79769313486232e+308,1.79769313486232e+308,1.79769313486232e+308
43,"6/01/99",1,1510541,2,2,2,1.79769313486232e+308,1,2,1.79769313486232e+308,1.79769313486232e+308,1.79769313486232e+308,5
27,"6/01/99",1,1510621,3,3,2,1.79769313486232e+308,1,1,5,1.79769313486232e+308,1.79769313486232e+308,1.79769313486232e+308
28,"6/01/99",1,1510621,10,3,2,1.79769313486232e+308,2,1.79769313486232e+308,1.79769313486232e+308,1.79769313486232e+308,1.79769313486232e+308,1.79769313486232e+308
29,"6/01/99",1,1510721,1.79769313486232e+308,1.79769313486232e+308,1.79769313486232e+308,1.79769313486232e+308,1.79769313486232e+308,1.79769313486232e+308,1.79769313486232e+308,1.79769313486232e+308,1.79769313486232e+308,1.79769313486232e+308
30,"6/01/99",1,1510722,2,1,2,1.79769313486232e+308,1,1,5,1.79769313486232e+308,1.79769313486232e+308,1.79769313486232e+308
31,"6/01/99",1,1510821,3,3,2,1.79769313486232e+308,1,1,5,1.79769313486232e+308,1.79769313486232e+308,1.79769313486232e+308
32,"6/01/99",1,1510921,3,3,2,1.79769313486232e+308,1,2,1.79769313486232e+308,1.79769313486232e+308,1.79769313486232e+308,5
33,"6/01/99",1,1511021,3,3,2,1.79769313486232e+308,1,2,1.79769313486232e+308,1.79769313486232e+308,1.79769313486232e+308,5
34,"6/01/99",1,1511022,2,2,2,1.79769313486232e+308,1,1,5,1.79769313486232e+308,1.79769313486232e+308,1.79769313486232e+308
35,"6/01/99",1,1511121,3,1,2,1.79769313486232e+308,1,1,7,1993,1.79769313486232e+308,1.79769313486232e+308
36,"6/01/99",1,1511221,2,2,2,1.79769313486232e+308,1,2,1.79769313486232e+308,1.79769313486232e+308,1.79769313486232e+308,5
26,"5/30/99",1,1520121,1.79769313486232e+308,1.79769313486232e+308,1.79769313486232e+308,1.79769313486232e+308,1.79769313486232e+308,1.79769313486232e+308,1.79769313486232e+308,1.79769313486232e+308,1.79769313486232e+308,1.79769313486232e+308
27,"5/30/99",1,1520122,2,2,2,1.79769313486232e+308,1,1,7,1998,3,1.79769313486232e+308
39,"5/30/99",1,1520141,5,5,2,1.79769313486232e+308,1,1,5,1.79769313486232e+308,1.79769313486232e+308,1.79769313486232e+308
46,"5/30/99",1,1520151,3,3,2,1.79769313486232e+308,1,1,5,1.79769313486232e+308,1.79769313486232e+308,1.79769313486232e+308
28,"5/30/99",1,1520221,4,4,2,1.79769313486232e+308,1,1,1,1.79769313486232e+308,1.79769313486232e+308,1.79769313486232e+308
40,"5/30/99",1,1520241,2,2,2,1.79769313486232e+308,1,1,7,1991,1.79769313486232e+308,1.79769313486232e+308
48,"5/30/99",1,1520251,10,3,2,1.79769313486232e+308,1,1,5,1.79769313486232e+308,1.79769313486232e+308,1.79769313486232e+308
49,"5/30/99",1,1520252,2,2,2,1.79769313486232e+308,1,1,5,1.79769313486232e+308,1.79769313486232e+308,1.79769313486232e+308
29,"5/30/99",1,1520321,2,2,2,1.79769313486232e+308,1,1,8,1993,1.79769313486232e+308,1.79769313486232e+308
41,"5/30/99",1,1520341,1.79769313486232e+308,1.79769313486232e+308,1.79769313486232e+308,1.79769313486232e+308,1.79769313486232e+308,1.79769313486232e+308,1.79769313486232e+308,1.79769313486232e+308,1.79769313486232e+308,1.79769313486232e+308
42,"5/30/99",1,1520342,2,2,2,1.79769313486232e+308,1,1,5,1.79769313486232e+308,1.79769313486232e+308,1.79769313486232e+308
50,"5/30/99",1,1520351,7,7,2,1.79769313486232e+308,2,1.79769313486232e+308,1.79769313486232e+308,1.79769313486232e+308,1.79769313486232e+308,1.79769313486232e+308
51,"5/30/99",1,1520351,15,7,2,1.79769313486232e+308,1,1,5,1.79769313486232e+308,1.79769313486232e+308,1.79769313486232e+308
52,"5/30/99",1,1520352,2,2,2,1.79769313486232e+308,1,1,5,1.79769313486232e+308,1.79769313486232e+308,1.79769313486232e+308
53,"5/30/99",1,1520353,2,2,2,1.79769313486232e+308,1,1,5,1.79769313486232e+308,1.79769313486232e+308,1.79769313486232e+308
30,"5/30/99",1,1520421,3,3,2,1.79769313486232e+308,1,1,7,1998,1.79769313486232e+308,1.79769313486232e+308
43,"5/30/99",1,1520441,1.79769313486232e+308,1.79769313486232e+308,1.79769313486232e+308,1.79769313486232e+308,1.79769313486232e+308,1.79769313486232e+308,1.79769313486232e+308,1.79769313486232e+308,1.79769313486232e+308,1.79769313486232e+308
54,"5/30/99",1,1520459,2,2,2,1.79769313486232e+308,1,2,1.79769313486232e+308,1.79769313486232e+308,1.79769313486232e+308,5
31,"5/30/99",1,1520521,2,2,2,1.79769313486232e+308,1,1,7,1996,1.79769313486232e+308,1.79769313486232e+308
45,"5/30/99",1,1520541,5,3,2,1.79769313486232e+308,1,1,5,1.79769313486232e+308,1.79769313486232e+308,1.79769313486232e+308
66,"9/12/99",1,1520621,8,8,2,1.79769313486232e+308,2,1.79769313486232e+308,1.79769313486232e+308,1.79769313486232e+308,1.79769313486232e+308,1.79769313486232e+308
32,"5/30/99",1,1520622,2,1,2,1.79769313486232e+308,1,2,1.79769313486232e+308,1.79769313486232e+308,1.79769313486232e+308,5
33,"5/30/99",1,1520721,2,2,2,1.79769313486232e+308,1,1,7,1995,1.79769313486232e+308,1.79769313486232e+308
34,"5/30/99",1,1520821,3,3,1,6,2,1.79769313486232e+308,1.79769313486232e+308,1.79769313486232e+308,1.79769313486232e+308,1.79769313486232e+308
35,"5/30/99",1,1520921,2,2,2,1.79769313486232e+308,1,1,5,1.79769313486232e+308,1.79769313486232e+308,5
36,"5/30/99",1,1521021,4,4,2,1.79769313486232e+308,1,1,7,1992,1.79769313486232e+308,1.79769313486232e+308
71,"9/12/99",1,1521121,1.79769313486232e+308,1.79769313486232e+308,1.79769313486232e+308,1.79769313486232e+308,1.79769313486232e+308,1.79769313486232e+308,1.79769313486232e+308,1.79769313486232e+308,1.79769313486232e+308,1.79769313486232e+308
37,"5/30/99",1,1521122,2,2,2,1.79769313486232e+308,1,1,5,1.79769313486232e+308,1.79769313486232e+308,1.79769313486232e+308
38,"5/30/99",1,1521221,2,2,2,1.79769313486232e+308,1,2,1.79769313486232e+308,1.79769313486232e+308,1.79769313486232e+308,5
69,"8/08/99",1,1530121,1.79769313486232e+308,1.79769313486232e+308,1.79769313486232e+308,1.79769313486232e+308,1.79769313486232e+308,1.79769313486232e+308,1.79769313486232e+308,1.79769313486232e+308,1.79769313486232e+308,1.79769313486232e+308
81,"8/08/99",1,1530141,2,2,2,1.79769313486232e+308,1,1,5,1.79769313486232e+308,1.79769313486232e+308,1.79769313486232e+308
86,"8/08/99",1,1530151,3,1,2,1.79769313486232e+308,1,1,1,1.79769313486232e+308,1.79769313486232e+308,1.79769313486232e+308
70,"8/08/99",1,1530221,6,6,2,1.79769313486232e+308,1,1,5,1.79769313486232e+308,1.79769313486232e+308,1.79769313486232e+308
71,"8/08/99",1,1530222,1.79769313486232e+308,1.79769313486232e+308,1.79769313486232e+308,1.79769313486232e+308,1.79769313486232e+308,1.79769313486232e+308,1.79769313486232e+308,1.79769313486232e+308,1.79769313486232e+308,1.79769313486232e+308
82,"8/08/99",1,1530241,2,2,2,1.79769313486232e+308,1,1,5,1.79769313486232e+308,1.79769313486232e+308,1.79769313486232e+308
87,"8/08/99",1,1530251,2,1,2,1.79769313486232e+308,1,1,5,1.79769313486232e+308,1.79769313486232e+308,1.79769313486232e+308
72,"8/08/99",1,1530321,2,1,2,1.79769313486232e+308,1,1,7,1994,2,1.79769313486232e+308
83,"8/08/99",1,1530341,4,4,2,1.79769313486232e+308,1,2,1.79769313486232e+308,1.79769313486232e+308,1.79769313486232e+308,5
88,"8/08/99",1,1530351,2,1,2,1.79769313486232e+308,1,1,9,1997,1,1.79769313486232e+308
84,"8/08/99",1,1530441,3,3,2,1.79769313486232e+308,1,1,5,1.79769313486232e+308,1.79769313486232e+308,1.79769313486232e+308
89,"8/08/99",1,1530459,2,2,2,1.79769313486232e+308,1,1,5,1.79769313486232e+308,1.79769313486232e+308,1.79769313486232e+308
73,"8/08/99",1,1530521,2,1,2,1.79769313486232e+308,1,1,5,1.79769313486232e+308,1.79769313486232e+308,1.79769313486232e+308
85,"8/08/99",1,1530541,4,4,2,1.79769313486232e+308,1,1,5,1.79769313486232e+308,1.79769313486232e+308,1.79769313486232e+308
74,"8/08/99",1,1530621,2,1,2,1.79769313486232e+308,1,1,8,1993,1.79769313486232e+308,1.79769313486232e+308
75,"8/08/99",1,1530821,3,1,2,1.79769313486232e+308,1,1,5,1.79769313486232e+308,1.79769313486232e+308,1.79769313486232e+308
76,"8/08/99",1,1530921,2,2,2,1.79769313486232e+308,1,1,7,1998,2,1.79769313486232e+308
77,"8/08/99",1,1531021,2,2,2,1.79769313486232e+308,1,1,7,1995,1.79769313486232e+308,1.79769313486232e+308
78,"8/08/99",1,1531121,7,7,1,4,1,1.79769313486232e+308,1.79769313486232e+308,1.79769313486232e+308,1.79769313486232e+308,5
79,"8/08/99",1,1531122,2,2,2,1.79769313486232e+308,1,2,1.79769313486232e+308,1.79769313486232e+308,1.79769313486232e+308,5
80,"8/08/99",1,1531221,6,1,2,1.79769313486232e+308,1,1,5,1.79769313486232e+308,1.79769313486232e+308,1.79769313486232e+308
134,"6/13/99",1,1610121,2,2,2,1.79769313486232e+308,1,1,5,1.79769313486232e+308,1.79769313486232e+308,1.79769313486232e+308
154,"6/15/99",1,1610141,2,2,2,1.79769313486232e+308,1,1,1,1.79769313486232e+308,1.79769313486232e+308,1.79769313486232e+308
161,"6/15/99",1,1610151,1.79769313486232e+308,1.79769313486232e+308,1.79769313486232e+308,1.79769313486232e+308,1.79769313486232e+308,1.79769313486232e+308,1.79769313486232e+308,1.79769313486232e+308,1.79769313486232e+308,1.79769313486232e+308
135,"6/15/99",1,1610221,2,2,2,1.79769313486232e+308,1,2,1.79769313486232e+308,1.79769313486232e+308,1.79769313486232e+308,5
155,"6/15/99",1,1610241,2,2,2,1.79769313486232e+308,1,1,5,1.79769313486232e+308,1.79769313486232e+308,1.79769313486232e+308
162,"6/15/99",1,1610251,2,2,2,1.79769313486232e+308,2,1.79769313486232e+308,1.79769313486232e+308,1.79769313486232e+308,1.79769313486232e+308,1.79769313486232e+308
163,"6/15/99",1,1610252,2,2,2,1.79769313486232e+308,1,1,1,1.79769313486232e+308,1.79769313486232e+308,1.79769313486232e+308
156,"6/15/99",1,1610341,2,2,2,1.79769313486232e+308,2,1.79769313486232e+308,1.79769313486232e+308,1.79769313486232e+308,1.79769313486232e+308,1.79769313486232e+308
157,"6/15/99",1,1610342,2,2,2,1.79769313486232e+308,1,1,5,1.79769313486232e+308,1.79769313486232e+308,1.79769313486232e+308
164,"6/15/99",1,1610351,2,2,2,1.79769313486232e+308,1,2,1.79769313486232e+308,1.79769313486232e+308,1.79769313486232e+308,5
136,"6/15/99",1,1610421,2,2,2,1.79769313486232e+308,1,2,1.79769313486232e+308,1.79769313486232e+308,1.79769313486232e+308,5
158,"6/15/99",1,1610441,2,2,2,1.79769313486232e+308,1,2,1.79769313486232e+308,1.79769313486232e+308,1.79769313486232e+308,5
165,"6/15/99",1,1610459,2,2,2,1.79769313486232e+308,1,1,5,1.79769313486232e+308,1.79769313486232e+308,1.79769313486232e+308
137,"6/15/99",1,1610521,3,3,2,1.79769313486232e+308,1,1,7,1993,4,1.79769313486232e+308
159,"6/15/99",1,1610541,2,2,2,1.79769313486232e+308,1,1,1,1.79769313486232e+308,1.79769313486232e+308,1.79769313486232e+308
160,"6/15/99",1,1610542,2,2,2,1.79769313486232e+308,1,1,5,1.79769313486232e+308,1.79769313486232e+308,1.79769313486232e+308
138,"6/15/99",1,1610621,2,2,2,1.79769313486232e+308,1,1,5,1.79769313486232e+308,1.79769313486232e+308,1.79769313486232e+308
139,"6/15/99",1,1610721,1.79769313486232e+308,1.79769313486232e+308,1.79769313486232e+308,1.79769313486232e+308,1.79769313486232e+308,1.79769313486232e+308,1.79769313486232e+308,1.79769313486232e+308,1.79769313486232e+308,1.79769313486232e+308
140,"6/15/99",1,1610722,1.79769313486232e+308,1.79769313486232e+308,1.79769313486232e+308,1.79769313486232e+308,1.79769313486232e+308,1.79769313486232e+308,1.79769313486232e+308,1.79769313486232e+308,1.79769313486232e+308,1.79769313486232e+308
141,"6/15/99",1,1610821,2,2,2,1.79769313486232e+308,1,2,1.79769313486232e+308,1.79769313486232e+308,1.79769313486232e+308,2
142,"6/15/99",1,1610822,2,2,2,1.79769313486232e+308,2,1.79769313486232e+308,1.79769313486232e+308,1.79769313486232e+308,1.79769313486232e+308,1.79769313486232e+308
143,"6/15/99",1,1610921,1.79769313486232e+308,1.79769313486232e+308,1.79769313486232e+308,1.79769313486232e+308,1.79769313486232e+308,1.79769313486232e+308,1.79769313486232e+308,1.79769313486232e+308,1.79769313486232e+308,1.79769313486232e+308
144,"6/15/99",1,1610922,2,2,2,1.79769313486232e+308,2,1.79769313486232e+308,1.79769313486232e+308,1.79769313486232e+308,1.79769313486232e+308,1.79769313486232e+308
145,"6/15/99",1,1610923,2,2,2,1.79769313486232e+308,1,1,5,1.79769313486232e+308,1.79769313486232e+308,1.79769313486232e+308
146,"6/15/99",1,1610924,2,2,2,1.79769313486232e+308,1,1,5,1.79769313486232e+308,1.79769313486232e+308,1.79769313486232e+308
147,"6/15/99",1,1611021,7,7,2,1.79769313486232e+308,1,1,5,1.79769313486232e+308,1.79769313486232e+308,1.79769313486232e+308
148,"6/15/99",1,1611022,2,2,1,5,1,1.79769313486232e+308,1.79769313486232e+308,1.79769313486232e+308,1.79769313486232e+308,5
149,"6/15/99",1,1611121,2,2,2,1.79769313486232e+308,2,1.79769313486232e+308,1.79769313486232e+308,1.79769313486232e+308,1.79769313486232e+308,1.79769313486232e+308
150,"6/15/99",1,1611121,3,3,2,1.79769313486232e+308,1,2,1.79769313486232e+308,1.79769313486232e+308,1.79769313486232e+308,1.79769313486232e+308
151,"6/15/99",1,1611121,5,5,2,1.79769313486232e+308,1,1,5,1.79769313486232e+308,1.79769313486232e+308,1.79769313486232e+308
1.79769313486232e+308,".",1.79769313486232e+308,1611121,12,1.79769313486232e+308,1.79769313486232e+308,1.79769313486232e+308,1.79769313486232e+308,1.79769313486232e+308,1.79769313486232e+308,1.79769313486232e+308,1.79769313486232e+308,1.79769313486232e+308
152,"6/15/99",1,1611221,2,2,2,1.79769313486232e+308,1,1,7,1999,3,1.79769313486232e+308
153,"6/15/99",1,1611222,1.79769313486232e+308,1.79769313486232e+308,1.79769313486232e+308,1.79769313486232e+308,1.79769313486232e+308,1.79769313486232e+308,1.79769313486232e+308,1.79769313486232e+308,1.79769313486232e+308,1.79769313486232e+308
30,"8/01/99",1,1620121,2,2,2,1.79769313486232e+308,1,1,6,1998,12,1.79769313486232e+308
45,"8/04/99",1,1620141,2,2,2,1.79769313486232e+308,1,1,8,1990,1,1.79769313486232e+308
50,"8/04/99",1,1620151,2,2,2,1.79769313486232e+308,1,1,5,1.79769313486232e+308,1.79769313486232e+308,1.79769313486232e+308
51,"8/04/99",1,1620151,3,2,2,1.79769313486232e+308,1,1,5,1.79769313486232e+308,1.79769313486232e+308,1.79769313486232e+308
31,"8/04/99",1,1620221,2,2,2,1.79769313486232e+308,1,1,5,1.79769313486232e+308,1.79769313486232e+308,1.79769313486232e+308
46,"8/04/99",1,1620241,1.79769313486232e+308,1.79769313486232e+308,1.79769313486232e+308,1.79769313486232e+308,1.79769313486232e+308,1.79769313486232e+308,1.79769313486232e+308,1.79769313486232e+308,1.79769313486232e+308,1.79769313486232e+308
52,"8/04/99",1,1620251,2,2,2,1.79769313486232e+308,2,1.79769313486232e+308,1.79769313486232e+308,1.79769313486232e+308,1.79769313486232e+308,1.79769313486232e+308
53,"8/04/99",1,1620251,6,6,2,1.79769313486232e+308,1,1,5,1.79769313486232e+308,1.79769313486232e+308,1.79769313486232e+308
32,"8/04/99",1,1620321,2,2,2,1.79769313486232e+308,1,1,5,1.79769313486232e+308,1.79769313486232e+308,1.79769313486232e+308
47,"8/04/99",1,1620341,1.79769313486232e+308,1.79769313486232e+308,1.79769313486232e+308,1.79769313486232e+308,1.79769313486232e+308,1.79769313486232e+308,1.79769313486232e+308,1.79769313486232e+308,1.79769313486232e+308,1.79769313486232e+308
54,"8/04/99",1,1620351,2,2,2,1.79769313486232e+308,2,1.79769313486232e+308,1.79769313486232e+308,1.79769313486232e+308,1.79769313486232e+308,1.79769313486232e+308
48,"8/04/99",1,1620441,1.79769313486232e+308,1.79769313486232e+308,1.79769313486232e+308,1.79769313486232e+308,1.79769313486232e+308,1.79769313486232e+308,1.79769313486232e+308,1.79769313486232e+308,1.79769313486232e+308,1.79769313486232e+308
55,"8/04/99",1,1620459,1.79769313486232e+308,1.79769313486232e+308,1.79769313486232e+308,1.79769313486232e+308,1.79769313486232e+308,1.79769313486232e+308,1.79769313486232e+308,1.79769313486232e+308,1.79769313486232e+308,1.79769313486232e+308
33,"8/04/99",1,1620521,5,5,1,8,1,1.79769313486232e+308,1.79769313486232e+308,1.79769313486232e+308,1.79769313486232e+308,5
34,"8/04/99",1,1620522,2,2,2,1.79769313486232e+308,1,1,5,1.79769313486232e+308,1.79769313486232e+308,1.79769313486232e+308
49,"8/04/99",1,1620541,2,2,2,1.79769313486232e+308,2,1.79769313486232e+308,1.79769313486232e+308,1.79769313486232e+308,1.79769313486232e+308,1.79769313486232e+308
35,"8/04/99",1,1620721,2,2,2,1.79769313486232e+308,1,1,5,1.79769313486232e+308,1.79769313486232e+308,1.79769313486232e+308
36,"8/04/99",1,1620821,1.79769313486232e+308,1.79769313486232e+308,1.79769313486232e+308,1.79769313486232e+308,1.79769313486232e+308,1.79769313486232e+308,1.79769313486232e+308,1.79769313486232e+308,1.79769313486232e+308,1.79769313486232e+308
37,"8/04/99",1,1620921,1.79769313486232e+308,1.79769313486232e+308,1.79769313486232e+308,1.79769313486232e+308,1.79769313486232e+308,1.79769313486232e+308,1.79769313486232e+308,1.79769313486232e+308,1.79769313486232e+308,1.79769313486232e+308
38,"8/04/99",1,1620922,2,2,2,1.79769313486232e+308,1,1,5,1.79769313486232e+308,1.79769313486232e+308,1.79769313486232e+308
39,"8/04/99",1,1621021,2,2,2,1.79769313486232e+308,1,2,1.79769313486232e+308,1.79769313486232e+308,1.79769313486232e+308,5
40,"8/04/99",1,1621121,2,2,2,1.79769313486232e+308,2,1.79769313486232e+308,1.79769313486232e+308,1.79769313486232e+308,1.79769313486232e+308,1.79769313486232e+308
41,"8/04/99",1,1621122,2,2,2,1.79769313486232e+308,1,1,5,1.79769313486232e+308,1.79769313486232e+308,1.79769313486232e+308
42,"8/04/99",1,1621221,1.79769313486232e+308,1.79769313486232e+308,1.79769313486232e+308,1.79769313486232e+308,1.79769313486232e+308,1.79769313486232e+308,1.79769313486232e+308,1.79769313486232e+308,1.79769313486232e+308,1.79769313486232e+308
43,"8/04/99",1,1621222,2,2,2,1.79769313486232e+308,1,1,5,1.79769313486232e+308,1.79769313486232e+308,1.79769313486232e+308
44,"8/04/99",1,1621223,2,2,2,1.79769313486232e+308,1,1,5,1.79769313486232e+308,1.79769313486232e+308,1.79769313486232e+308
61,"5/28/99",1,1630121,2,2,2,1.79769313486232e+308,1,1,7,1996,7,1.79769313486232e+308
75,"6/03/99",1,1630141,3,3,2,1.79769313486232e+308,1,1,5,1.79769313486232e+308,1.79769313486232e+308,1.79769313486232e+308
76,"6/03/99",1,1630142,1.79769313486232e+308,1.79769313486232e+308,1.79769313486232e+308,1.79769313486232e+308,1.79769313486232e+308,1.79769313486232e+308,1.79769313486232e+308,1.79769313486232e+308,1.79769313486232e+308,1.79769313486232e+308
81,"6/03/99",1,1630151,2,2,2,1.79769313486232e+308,1,1,5,1.79769313486232e+308,1.79769313486232e+308,1.79769313486232e+308
62,"6/03/99",1,1630221,2,2,2,1.79769313486232e+308,2,1.79769313486232e+308,1.79769313486232e+308,1.79769313486232e+308,1.79769313486232e+308,1.79769313486232e+308
77,"6/03/99",1,1630241,1.79769313486232e+308,1.79769313486232e+308,1.79769313486232e+308,1.79769313486232e+308,1.79769313486232e+308,1.79769313486232e+308,1.79769313486232e+308,1.79769313486232e+308,1.79769313486232e+308,1.79769313486232e+308
82,"6/03/99",1,1630251,2,2,2,1.79769313486232e+308,1,1,5,1.79769313486232e+308,1.79769313486232e+308,1.79769313486232e+308
63,"6/03/99",1,1630321,2,2,2,1.79769313486232e+308,1,1,5,1.79769313486232e+308,1.79769313486232e+308,1.79769313486232e+308
78,"6/03/99",1,1630341,1.79769313486232e+308,1.79769313486232e+308,1.79769313486232e+308,1.79769313486232e+308,1.79769313486232e+308,1.79769313486232e+308,1.79769313486232e+308,1.79769313486232e+308,1.79769313486232e+308,1.79769313486232e+308
83,"6/03/99",1,1630351,2,2,2,1.79769313486232e+308,1,1,8,1998,3,1.79769313486232e+308
64,"6/03/99",1,1630421,2,2,2,1.79769313486232e+308,1,1,5,1.79769313486232e+308,1.79769313486232e+308,1.79769313486232e+308
79,"6/03/99",1,1630441,2,2,2,1.79769313486232e+308,1,1,5,1.79769313486232e+308,1.79769313486232e+308,1.79769313486232e+308
84,"6/03/99",1,1630459,1.79769313486232e+308,1.79769313486232e+308,1.79769313486232e+308,1.79769313486232e+308,1.79769313486232e+308,1.79769313486232e+308,1.79769313486232e+308,1.79769313486232e+308,1.79769313486232e+308,1.79769313486232e+308
65,"6/03/99",1,1630521,2,2,2,1.79769313486232e+308,1,1,5,1.79769313486232e+308,1.79769313486232e+308,1.79769313486232e+308
80,"6/03/99",1,1630541,2,2,2,1.79769313486232e+308,1,1,5,1.79769313486232e+308,1.79769313486232e+308,1.79769313486232e+308
66,"6/03/99",1,1630621,2,2,2,1.79769313486232e+308,1,1,5,1.79769313486232e+308,1.79769313486232e+308,1.79769313486232e+308
67,"6/03/99",1,1630721,2,2,2,1.79769313486232e+308,2,1.79769313486232e+308,1.79769313486232e+308,1.79769313486232e+308,1.79769313486232e+308,1.79769313486232e+308
68,"6/03/99",1,1630821,2,2,2,1.79769313486232e+308,1,1,8,1992,1.79769313486232e+308,1.79769313486232e+308
69,"6/03/99",1,1630921,1.79769313486232e+308,1.79769313486232e+308,1.79769313486232e+308,1.79769313486232e+308,1.79769313486232e+308,1.79769313486232e+308,1.79769313486232e+308,1.79769313486232e+308,1.79769313486232e+308,1.79769313486232e+308
70,"6/03/99",1,1630922,2,2,2,1.79769313486232e+308,1,1,7,1998,2,1.79769313486232e+308
71,"6/03/99",1,1631021,2,2,2,1.79769313486232e+308,1,1,7,1997,7,1.79769313486232e+308
72,"6/03/99",1,1631022,2,2,1,9,1,1.79769313486232e+308,1.79769313486232e+308,1.79769313486232e+308,1.79769313486232e+308,5
73,"6/03/99",1,1631121,2,2,2,1.79769313486232e+308,1,1,5,1.79769313486232e+308,1.79769313486232e+308,1.79769313486232e+308
74,"6/03/99",1,1631221,2,2,2,1.79769313486232e+308,1,1,1,1.79769313486232e+308,1.79769313486232e+308,1.79769313486232e+308
1,"8/01/99",1,1710131,4,3,2,1.79769313486232e+308,2,1.79769313486232e+308,1.79769313486232e+308,1.79769313486232e+308,1.79769313486232e+308,1.79769313486232e+308
2,"8/01/99",1,1710132,2,1,2,1.79769313486232e+308,2,1.79769313486232e+308,1.79769313486232e+308,1.79769313486232e+308,1.79769313486232e+308,1.79769313486232e+308
18,"8/01/99",1,1710241,2,2,2,1.79769313486232e+308,2,1.79769313486232e+308,1.79769313486232e+308,1.79769313486232e+308,1.79769313486232e+308,1.79769313486232e+308
19,"8/01/99",1,1710241,8,2,2,1.79769313486232e+308,2,1.79769313486232e+308,1.79769313486232e+308,1.79769313486232e+308,1.79769313486232e+308,1.79769313486232e+308
26,"8/01/99",1,1710251,2,1,2,1.79769313486232e+308,1,2,1.79769313486232e+308,1.79769313486232e+308,1.79769313486232e+308,1
20,"8/01/99",1,1710341,3,3,2,1.79769313486232e+308,2,1.79769313486232e+308,1.79769313486232e+308,1.79769313486232e+308,1.79769313486232e+308,1.79769313486232e+308
21,"8/01/99",1,1710341,9,9,2,1.79769313486232e+308,2,1.79769313486232e+308,1.79769313486232e+308,1.79769313486232e+308,1.79769313486232e+308,1.79769313486232e+308
27,"8/01/99",1,1710351,2,2,2,1.79769313486232e+308,2,1.79769313486232e+308,1.79769313486232e+308,1.79769313486232e+308,1.79769313486232e+308,1.79769313486232e+308
3,"8/01/99",1,1710431,5,5,2,1.79769313486232e+308,1,2,1.79769313486232e+308,1.79769313486232e+308,1.79769313486232e+308,7
22,"8/01/99",1,1710441,3,1,2,1.79769313486232e+308,2,1.79769313486232e+308,1.79769313486232e+308,1.79769313486232e+308,1.79769313486232e+308,1.79769313486232e+308
28,"8/01/99",1,1710459,4,3,2,1.79769313486232e+308,2,1.79769313486232e+308,1.79769313486232e+308,1.79769313486232e+308,1.79769313486232e+308,1.79769313486232e+308
29,"8/01/99",1,1710459,6,3,2,1.79769313486232e+308,2,1.79769313486232e+308,1.79769313486232e+308,1.79769313486232e+308,1.79769313486232e+308,1.79769313486232e+308
4,"8/01/99",1,1710531,2,1,2,1.79769313486232e+308,2,1.79769313486232e+308,1.79769313486232e+308,1.79769313486232e+308,1.79769313486232e+308,1.79769313486232e+308
23,"8/01/99",1,1710541,11,1,2,1.79769313486232e+308,2,1.79769313486232e+308,1.79769313486232e+308,1.79769313486232e+308,1.79769313486232e+308,1.79769313486232e+308
24,"8/01/99",1,1710542,2,1,2,1.79769313486232e+308,2,1.79769313486232e+308,1.79769313486232e+308,1.79769313486232e+308,1.79769313486232e+308,1.79769313486232e+308
25,"8/01/99",1,1710543,1.79769313486232e+308,1.79769313486232e+308,1.79769313486232e+308,1.79769313486232e+308,1.79769313486232e+308,1.79769313486232e+308,1.79769313486232e+308,1.79769313486232e+308,1.79769313486232e+308,1.79769313486232e+308
5,"8/01/99",1,1710731,2,2,2,1.79769313486232e+308,1,1,8,1989,12,1.79769313486232e+308
6,"8/01/99",1,1710831,1.79769313486232e+308,1.79769313486232e+308,1.79769313486232e+308,1.79769313486232e+308,1.79769313486232e+308,1.79769313486232e+308,1.79769313486232e+308,1.79769313486232e+308,1.79769313486232e+308,1.79769313486232e+308
7,"8/01/99",1,1710931,1.79769313486232e+308,1.79769313486232e+308,1.79769313486232e+308,1.79769313486232e+308,1.79769313486232e+308,1.79769313486232e+308,1.79769313486232e+308,1.79769313486232e+308,1.79769313486232e+308,1.79769313486232e+308
9,"8/01/99",1,1710932,2,2,2,1.79769313486232e+308,1,1,5,1.79769313486232e+308,1.79769313486232e+308,1.79769313486232e+308
10,"8/01/99",1,1711031,2,2,2,1.79769313486232e+308,2,1.79769313486232e+308,1.79769313486232e+308,1.79769313486232e+308,1.79769313486232e+308,1.79769313486232e+308
10,"8/01/99",1,1711131,2,2,2,1.79769313486232e+308,2,1.79769313486232e+308,1.79769313486232e+308,1.79769313486232e+308,1.79769313486232e+308,1.79769313486232e+308
11,"8/01/99",1,1711231,2,1,2,1.79769313486232e+308,2,1.79769313486232e+308,1.79769313486232e+308,1.79769313486232e+308,1.79769313486232e+308,1.79769313486232e+308
12,"8/01/99",1,1711339,2,2,2,1.79769313486232e+308,1,1,8,1995,6,1.79769313486232e+308
13,"8/01/99",1,1711439,2,1,2,1.79769313486232e+308,2,1.79769313486232e+308,1.79769313486232e+308,1.79769313486232e+308,1.79769313486232e+308,1.79769313486232e+308
14,"8/01/99",1,1711539,2,2,2,1.79769313486232e+308,1,1,7,1995,7,1.79769313486232e+308
15,"8/01/99",1,1711639,2,2,1,8,1,1.79769313486232e+308,1.79769313486232e+308,1.79769313486232e+308,1.79769313486232e+308,7
16,"8/01/99",1,1711739,2,1,2,1.79769313486232e+308,2,1.79769313486232e+308,1.79769313486232e+308,1.79769313486232e+308,1.79769313486232e+308,1.79769313486232e+308
17,"8/01/99",1,1711839,2,2,2,1.79769313486232e+308,2,1.79769313486232e+308,1.79769313486232e+308,1.79769313486232e+308,1.79769313486232e+308,1.79769313486232e+308
108,"6/14/99",1,1720131,1.79769313486232e+308,1.79769313486232e+308,1.79769313486232e+308,1.79769313486232e+308,1.79769313486232e+308,1.79769313486232e+308,1.79769313486232e+308,1.79769313486232e+308,1.79769313486232e+308,1.79769313486232e+308
127,"6/14/99",1,1720141,2,1,2,1.79769313486232e+308,1,2,1.79769313486232e+308,1.79769313486232e+308,1.79769313486232e+308,5
133,"6/14/99",1,1720151,2,1,2,1.79769313486232e+308,1,2,1.79769313486232e+308,1.79769313486232e+308,1.79769313486232e+308,7
109,"6/14/99",1,1720231,1.79769313486232e+308,1.79769313486232e+308,1.79769313486232e+308,1.79769313486232e+308,1.79769313486232e+308,1.79769313486232e+308,1.79769313486232e+308,1.79769313486232e+308,1.79769313486232e+308,1.79769313486232e+308
128,"6/14/99",1,1720241,1.79769313486232e+308,1.79769313486232e+308,1.79769313486232e+308,1.79769313486232e+308,1.79769313486232e+308,1.79769313486232e+308,1.79769313486232e+308,1.79769313486232e+308,1.79769313486232e+308,1.79769313486232e+308
134,"6/14/99",1,1720251,2,1,2,1.79769313486232e+308,1,1,9,1991,12,1.79769313486232e+308
110,"6/14/99",1,1720331,2,2,2,1.79769313486232e+308,2,1.79769313486232e+308,1.79769313486232e+308,1.79769313486232e+308,1.79769313486232e+308,1.79769313486232e+308
129,"6/14/99",1,1720341,2,2,2,1.79769313486232e+308,1,1,8,1997,1,1.79769313486232e+308
135,"6/14/99",1,1720351,14,1,2,1.79769313486232e+308,2,1.79769313486232e+308,1.79769313486232e+308,1.79769313486232e+308,1.79769313486232e+308,1.79769313486232e+308
111,"6/14/99",1,1720431,2,1,2,1.79769313486232e+308,2,1.79769313486232e+308,1.79769313486232e+308,1.79769313486232e+308,1.79769313486232e+308,1.79769313486232e+308
130,"6/14/99",1,1720441,7,7,2,1.79769313486232e+308,1,1,1,1.79769313486232e+308,1.79769313486232e+308,1.79769313486232e+308
131,"6/14/99",1,1720441,8,8,2,1.79769313486232e+308,1,1,5,1.79769313486232e+308,1.79769313486232e+308,1.79769313486232e+308
136,"6/14/99",1,1720459,2,1,2,1.79769313486232e+308,1,1,1,1.79769313486232e+308,1.79769313486232e+308,1.79769313486232e+308
112,"6/14/99",1,1720531,1.79769313486232e+308,1.79769313486232e+308,1.79769313486232e+308,1.79769313486232e+308,1.79769313486232e+308,1.79769313486232e+308,1.79769313486232e+308,1.79769313486232e+308,1.79769313486232e+308,1.79769313486232e+308
132,"6/14/99",1,1720541,1.79769313486232e+308,1.79769313486232e+308,1.79769313486232e+308,1.79769313486232e+308,1.79769313486232e+308,1.79769313486232e+308,1.79769313486232e+308,1.79769313486232e+308,1.79769313486232e+308,1.79769313486232e+308
113,"6/14/99",1,1720631,2,2,2,1.79769313486232e+308,1,2,1.79769313486232e+308,1.79769313486232e+308,1.79769313486232e+308,5
114,"6/14/99",1,1720731,1.79769313486232e+308,1.79769313486232e+308,1.79769313486232e+308,1.79769313486232e+308,1.79769313486232e+308,1.79769313486232e+308,1.79769313486232e+308,1.79769313486232e+308,1.79769313486232e+308,1.79769313486232e+308
115,"6/14/99",1,1720831,2,2,2,1.79769313486232e+308,1,2,1.79769313486232e+308,1.79769313486232e+308,1.79769313486232e+308,5
116,"6/14/99",1,1720931,1.79769313486232e+308,1.79769313486232e+308,1.79769313486232e+308,1.79769313486232e+308,1.79769313486232e+308,1.79769313486232e+308,1.79769313486232e+308,1.79769313486232e+308,1.79769313486232e+308,1.79769313486232e+308
117,"6/14/99",1,1721031,2,2,2,1.79769313486232e+308,2,1.79769313486232e+308,1.79769313486232e+308,1.79769313486232e+308,1.79769313486232e+308,1.79769313486232e+308
118,"6/14/99",1,1721131,2,2,2,1.79769313486232e+308,2,1.79769313486232e+308,1.79769313486232e+308,1.79769313486232e+308,1.79769313486232e+308,1.79769313486232e+308
119,"6/14/99",1,1721339,2,2,2,1.79769313486232e+308,1,1,5,1.79769313486232e+308,1.79769313486232e+308,1.79769313486232e+308
120,"6/14/99",1,1721439,2,1,2,1.79769313486232e+308,2,1.79769313486232e+308,1.79769313486232e+308,1.79769313486232e+308,1.79769313486232e+308,1.79769313486232e+308
121,"6/14/99",1,1721539,2,2,1,4,2,1.79769313486232e+308,1.79769313486232e+308,1.79769313486232e+308,1.79769313486232e+308,1.79769313486232e+308
122,"6/14/99",1,1721639,2,2,2,1.79769313486232e+308,1,1,7,1997,10,1.79769313486232e+308
123,"6/14/99",1,1721739,2,1,2,1.79769313486232e+308,2,1.79769313486232e+308,1.79769313486232e+308,1.79769313486232e+308,1.79769313486232e+308,1.79769313486232e+308
124,"6/14/99",1,1721839,2,1,2,1.79769313486232e+308,2,1.79769313486232e+308,1.79769313486232e+308,1.79769313486232e+308,1.79769313486232e+308,1.79769313486232e+308
125,"6/14/99",1,1721939,2,1,2,1.79769313486232e+308,2,1.79769313486232e+308,1.79769313486232e+308,1.79769313486232e+308,1.79769313486232e+308,1.79769313486232e+308
126,"6/14/99",1,1721939,12,1,2,1.79769313486232e+308,2,1.79769313486232e+308,1.79769313486232e+308,1.79769313486232e+308,1.79769313486232e+308,1.79769313486232e+308
226,"6/25/99",1,1730131,2,2,2,1.79769313486232e+308,1,1,7,1997,2,1.79769313486232e+308
245,"6/30/99",1,1730141,2,2,2,1.79769313486232e+308,2,1.79769313486232e+308,1.79769313486232e+308,1.79769313486232e+308,1.79769313486232e+308,1.79769313486232e+308
252,"6/30/99",1,1730151,5,5,2,1.79769313486232e+308,2,1.79769313486232e+308,1.79769313486232e+308,1.79769313486232e+308,1.79769313486232e+308,1.79769313486232e+308
227,"6/30/99",1,1730231,2,2,2,1.79769313486232e+308,2,1.79769313486232e+308,1.79769313486232e+308,1.79769313486232e+308,1.79769313486232e+308,1.79769313486232e+308
228,"6/30/99",1,1730232,2,2,2,1.79769313486232e+308,2,1.79769313486232e+308,1.79769313486232e+308,1.79769313486232e+308,1.79769313486232e+308,1.79769313486232e+308
229,"6/30/99",1,1730233,2,2,1,3,2,1.79769313486232e+308,1.79769313486232e+308,1.79769313486232e+308,1.79769313486232e+308,1.79769313486232e+308
246,"6/30/99",1,1730241,2,2,2,1.79769313486232e+308,2,1.79769313486232e+308,1.79769313486232e+308,1.79769313486232e+308,1.79769313486232e+308,1.79769313486232e+308
230,"6/30/99",1,1730331,2,2,2,1.79769313486232e+308,2,1.79769313486232e+308,1.79769313486232e+308,1.79769313486232e+308,1.79769313486232e+308,1.79769313486232e+308
247,"6/30/99",1,1730341,2,2,2,1.79769313486232e+308,1,2,1.79769313486232e+308,1.79769313486232e+308,1.79769313486232e+308,7
231,"6/30/99",1,1730431,1.79769313486232e+308,1.79769313486232e+308,1.79769313486232e+308,1.79769313486232e+308,1.79769313486232e+308,1.79769313486232e+308,1.79769313486232e+308,1.79769313486232e+308,1.79769313486232e+308,1.79769313486232e+308
253,"6/30/99",1,1730459,1.79769313486232e+308,1.79769313486232e+308,1.79769313486232e+308,1.79769313486232e+308,1.79769313486232e+308,1.79769313486232e+308,1.79769313486232e+308,1.79769313486232e+308,1.79769313486232e+308,1.79769313486232e+308
232,"6/30/99",1,1730531,6,6,2,1.79769313486232e+308,1,1,8,1986,6,1.79769313486232e+308
248,"6/30/99",1,1730541,2,2,2,1.79769313486232e+308,2,1.79769313486232e+308,1.79769313486232e+308,1.79769313486232e+308,1.79769313486232e+308,1.79769313486232e+308
1.79769313486232e+308,".",1.79769313486232e+308,1730542,2,1.79769313486232e+308,1.79769313486232e+308,1.79769313486232e+308,1.79769313486232e+308,1.79769313486232e+308,1.79769313486232e+308,1.79769313486232e+308,1.79769313486232e+308,1.79769313486232e+308
249,"6/30/99",1,1730542,4,4,2,1.79769313486232e+308,2,1.79769313486232e+308,1.79769313486232e+308,1.79769313486232e+308,1.79769313486232e+308,1.79769313486232e+308
250,"6/30/99",1,1730543,2,2,2,1.79769313486232e+308,2,1.79769313486232e+308,1.79769313486232e+308,1.79769313486232e+308,1.79769313486232e+308,1.79769313486232e+308
251,"6/30/99",1,1730544,2,2,2,1.79769313486232e+308,1,2,1.79769313486232e+308,1.79769313486232e+308,1.79769313486232e+308,7
233,"6/30/99",1,1730631,4,4,2,1.79769313486232e+308,2,1.79769313486232e+308,1.79769313486232e+308,1.79769313486232e+308,1.79769313486232e+308,1.79769313486232e+308
234,"6/30/99",1,1730731,8,8,2,1.79769313486232e+308,1,1,2,1.79769313486232e+308,1.79769313486232e+308,1.79769313486232e+308
235,"6/30/99",1,1730731,11,8,2,1.79769313486232e+308,2,1.79769313486232e+308,1.79769313486232e+308,1.79769313486232e+308,1.79769313486232e+308,1.79769313486232e+308
236,"6/30/99",1,1730931,2,2,2,1.79769313486232e+308,2,1.79769313486232e+308,1.79769313486232e+308,1.79769313486232e+308,1.79769313486232e+308,1.79769313486232e+308
237,"6/30/99",1,1731031,2,2,2,1.79769313486232e+308,1,2,1.79769313486232e+308,1.79769313486232e+308,1.79769313486232e+308,7
238,"6/30/99",1,1731131,3,3,2,1.79769313486232e+308,1,2,1.79769313486232e+308,1.79769313486232e+308,1.79769313486232e+308,2
239,"6/30/99",1,1731231,2,2,2,1.79769313486232e+308,1,2,1.79769313486232e+308,1.79769313486232e+308,1.79769313486232e+308,7
240,"6/30/99",1,1731339,2,2,1,2,1,1.79769313486232e+308,1.79769313486232e+308,1.79769313486232e+308,1.79769313486232e+308,7
241,"6/30/99",1,1731439,2,2,2,1.79769313486232e+308,1,1,8,1995,1,1.79769313486232e+308
242,"6/30/99",1,1731539,2,2,2,1.79769313486232e+308,2,1.79769313486232e+308,1.79769313486232e+308,1.79769313486232e+308,1.79769313486232e+308,1.79769313486232e+308
243,"6/30/99",1,1731639,2,2,2,1.79769313486232e+308,2,1.79769313486232e+308,1.79769313486232e+308,1.79769313486232e+308,1.79769313486232e+308,1.79769313486232e+308
244,"6/30/99",1,1731739,1.79769313486232e+308,1.79769313486232e+308,1.79769313486232e+308,1.79769313486232e+308,1.79769313486232e+308,1.79769313486232e+308,1.79769313486232e+308,1.79769313486232e+308,1.79769313486232e+308,1.79769313486232e+308
83,"9/26/95",1,1740139,2,2,2,1.79769313486232e+308,1,1,8,1994,4,1.79769313486232e+308
85,"9/26/95",1,1740139,7,7,2,1.79769313486232e+308,1,2,1.79769313486232e+308,1.79769313486232e+308,1.79769313486232e+308,5
104,"9/26/95",1,1740149,2,2,2,1.79769313486232e+308,1,1,5,1.79769313486232e+308,1.79769313486232e+308,1.79769313486232e+308
105,"9/26/95",1,1740149,6,6,2,1.79769313486232e+308,1,1,5,1.79769313486232e+308,1.79769313486232e+308,1.79769313486232e+308
110,"9/26/95",1,1740159,3,3,2,1.79769313486232e+308,1,1,5,1.79769313486232e+308,1.79769313486232e+308,1.79769313486232e+308
86,"9/26/95",1,1740239,2,1,2,1.79769313486232e+308,1,1,1,1.79769313486232e+308,1.79769313486232e+308,1.79769313486232e+308
106,"9/26/95",1,1740249,1.79769313486232e+308,1.79769313486232e+308,1.79769313486232e+308,1.79769313486232e+308,1.79769313486232e+308,1.79769313486232e+308,1.79769313486232e+308,1.79769313486232e+308,1.79769313486232e+308,1.79769313486232e+308
111,"9/26/95",1,1740259,2,2,2,1.79769313486232e+308,1,2,1.79769313486232e+308,1.79769313486232e+308,1.79769313486232e+308,5
87,"9/26/95",1,1740339,1.79769313486232e+308,1.79769313486232e+308,1.79769313486232e+308,1.79769313486232e+308,1.79769313486232e+308,1.79769313486232e+308,1.79769313486232e+308,1.79769313486232e+308,1.79769313486232e+308,1.79769313486232e+308
107,"9/26/95",1,1740349,1.79769313486232e+308,1.79769313486232e+308,1.79769313486232e+308,1.79769313486232e+308,1.79769313486232e+308,1.79769313486232e+308,1.79769313486232e+308,1.79769313486232e+308,1.79769313486232e+308,1.79769313486232e+308
112,"9/26/95",1,1740359,2,2,2,1.79769313486232e+308,2,1.79769313486232e+308,1.79769313486232e+308,1.79769313486232e+308,1.79769313486232e+308,1.79769313486232e+308
88,"9/26/95",1,1740439,2,2,2,1.79769313486232e+308,2,1.79769313486232e+308,1.79769313486232e+308,1.79769313486232e+308,1.79769313486232e+308,1.79769313486232e+308
108,"9/26/95",1,1740449,2,2,2,1.79769313486232e+308,1,1,1,1.79769313486232e+308,1.79769313486232e+308,1.79769313486232e+308
113,"9/26/95",1,1740459,2,2,2,1.79769313486232e+308,1,2,1.79769313486232e+308,1.79769313486232e+308,1.79769313486232e+308,2
89,"9/26/95",1,1740529,2,2,2,1.79769313486232e+308,2,1.79769313486232e+308,1.79769313486232e+308,1.79769313486232e+308,1.79769313486232e+308,1.79769313486232e+308
109,"9/26/95",1,1740549,2,2,2,1.79769313486232e+308,1,2,1.79769313486232e+308,1.79769313486232e+308,1.79769313486232e+308,7
114,"9/26/95",1,1740559,2,2,2,1.79769313486232e+308,2,1.79769313486232e+308,1.79769313486232e+308,1.79769313486232e+308,1.79769313486232e+308,1.79769313486232e+308
115,"9/26/95",1,1740559,3,2,2,1.79769313486232e+308,2,1.79769313486232e+308,1.79769313486232e+308,1.79769313486232e+308,1.79769313486232e+308,1.79769313486232e+308
116,"9/26/95",1,1740559,14,14,2,1.79769313486232e+308,1,1,5,1.79769313486232e+308,1.79769313486232e+308,1.79769313486232e+308
90,"9/26/95",1,1740629,2,2,2,1.79769313486232e+308,2,1.79769313486232e+308,1.79769313486232e+308,1.79769313486232e+308,1.79769313486232e+308,1.79769313486232e+308
91,"9/26/95",1,1740629,11,11,2,1.79769313486232e+308,1,1,5,1.79769313486232e+308,1.79769313486232e+308,1.79769313486232e+308
92,"9/26/95",1,1740739,1.79769313486232e+308,1.79769313486232e+308,1.79769313486232e+308,1.79769313486232e+308,1.79769313486232e+308,1.79769313486232e+308,1.79769313486232e+308,1.79769313486232e+308,1.79769313486232e+308,1.79769313486232e+308
93,"9/26/95",1,1740839,2,2,2,1.79769313486232e+308,2,1.79769313486232e+308,1.79769313486232e+308,1.79769313486232e+308,1.79769313486232e+308,1.79769313486232e+308
94,"9/26/95",1,1740939,2,2,2,1.79769313486232e+308,1,1,7,1995,12,1.79769313486232e+308
95,"9/26/95",1,1741039,1.79769313486232e+308,1.79769313486232e+308,1.79769313486232e+308,1.79769313486232e+308,1.79769313486232e+308,1.79769313486232e+308,1.79769313486232e+308,1.79769313486232e+308,1.79769313486232e+308,1.79769313486232e+308
96,"9/26/95",1,1741139,2,2,2,1.79769313486232e+308,1,2,1.79769313486232e+308,1.79769313486232e+308,1.79769313486232e+308,5
97,"9/26/95",1,1741239,1.79769313486232e+308,1.79769313486232e+308,1.79769313486232e+308,1.79769313486232e+308,1.79769313486232e+308,1.79769313486232e+308,1.79769313486232e+308,1.79769313486232e+308,1.79769313486232e+308,1.79769313486232e+308
98,"9/26/95",1,1741339,2,2,2,1.79769313486232e+308,2,1.79769313486232e+308,1.79769313486232e+308,1.79769313486232e+308,1.79769313486232e+308,1.79769313486232e+308
99,"9/26/95",1,1741439,2,2,1,9,1,1.79769313486232e+308,1.79769313486232e+308,1.79769313486232e+308,1.79769313486232e+308,7
100,"9/26/95",1,1741539,8,8,2,1.79769313486232e+308,2,1.79769313486232e+308,1.79769313486232e+308,1.79769313486232e+308,1.79769313486232e+308,1.79769313486232e+308
101,"9/26/95",1,1741639,2,2,2,1.79769313486232e+308,1,1,7,1990,3,1.79769313486232e+308
102,"9/26/95",1,1741739,2,2,2,1.79769313486232e+308,2,1.79769313486232e+308,1.79769313486232e+308,1.79769313486232e+308,1.79769313486232e+308,1.79769313486232e+308
103,"9/26/95",1,1741839,1.79769313486232e+308,1.79769313486232e+308,1.79769313486232e+308,1.79769313486232e+308,1.79769313486232e+308,1.79769313486232e+308,1.79769313486232e+308,1.79769313486232e+308,1.79769313486232e+308,1.79769313486232e+308
1,"5/20/99",1,1810131,2,2,2,1.79769313486232e+308,1,1,5,1.79769313486232e+308,1.79769313486232e+308,1.79769313486232e+308
30,"5/27/99",1,1810141,1.79769313486232e+308,1.79769313486232e+308,1.79769313486232e+308,1.79769313486232e+308,1.79769313486232e+308,1.79769313486232e+308,1.79769313486232e+308,1.79769313486232e+308,1.79769313486232e+308,1.79769313486232e+308
35,"5/27/99",1,1810151,2,2,2,1.79769313486232e+308,1,1,5,1.79769313486232e+308,1.79769313486232e+308,1.79769313486232e+308
2,"5/27/99",1,1810231,2,2,2,1.79769313486232e+308,1,1,5,1.79769313486232e+308,1.79769313486232e+308,1.79769313486232e+308
31,"5/27/99",1,1810241,5,5,2,1.79769313486232e+308,1,2,1.79769313486232e+308,1.79769313486232e+308,1.79769313486232e+308,5
36,"5/27/99",1,1810251,2,2,2,1.79769313486232e+308,1,1,5,1.79769313486232e+308,1.79769313486232e+308,1.79769313486232e+308
37,"5/27/99",1,1810252,2,2,2,1.79769313486232e+308,2,1.79769313486232e+308,1.79769313486232e+308,1.79769313486232e+308,1.79769313486232e+308,1.79769313486232e+308
3,"5/27/99",1,1810331,2,2,2,1.79769313486232e+308,1,1,5,1.79769313486232e+308,1.79769313486232e+308,1.79769313486232e+308
4,"5/27/99",1,1810331,8,8,2,1.79769313486232e+308,1,1,5,1.79769313486232e+308,1.79769313486232e+308,1.79769313486232e+308
32,"5/27/99",1,1810341,2,2,2,1.79769313486232e+308,1,2,1.79769313486232e+308,1.79769313486232e+308,1.79769313486232e+308,5
38,"5/27/99",1,1810351,1,1,2,1.79769313486232e+308,1,1,7,1994,9,1.79769313486232e+308
5,"5/27/99",1,1810431,11,11,2,1.79769313486232e+308,2,1.79769313486232e+308,1.79769313486232e+308,1.79769313486232e+308,1.79769313486232e+308,1.79769313486232e+308
6,"5/27/99",1,1810431,12,12,2,1.79769313486232e+308,2,1.79769313486232e+308,1.79769313486232e+308,1.79769313486232e+308,1.79769313486232e+308,1.79769313486232e+308
7,"5/27/99",1,1810431,13,13,2,1.79769313486232e+308,2,1.79769313486232e+308,1.79769313486232e+308,1.79769313486232e+308,1.79769313486232e+308,1.79769313486232e+308
33,"5/27/99",1,1810441,2,2,2,1.79769313486232e+308,1,1,7,1998,1,1.79769313486232e+308
39,"5/27/99",1,1810459,2,2,2,1.79769313486232e+308,1,1,5,1.79769313486232e+308,1.79769313486232e+308,1.79769313486232e+308
8,"5/27/99",1,1810531,2,2,2,1.79769313486232e+308,1,2,1.79769313486232e+308,1.79769313486232e+308,1.79769313486232e+308,5
9,"5/27/99",1,1810532,2,2,2,1.79769313486232e+308,1,1,5,1.79769313486232e+308,1.79769313486232e+308,1.79769313486232e+308
10,"5/27/99",1,1810533,3,3,2,1.79769313486232e+308,2,1.79769313486232e+308,1.79769313486232e+308,1.79769313486232e+308,1.79769313486232e+308,1.79769313486232e+308
34,"5/27/99",1,1810541,2,2,2,1.79769313486232e+308,1,2,1.79769313486232e+308,1.79769313486232e+308,1.79769313486232e+308,5
11,"5/27/99",1,1810631,4,4,2,1.79769313486232e+308,1,1,5,1.79769313486232e+308,1.79769313486232e+308,1.79769313486232e+308
12,"5/27/99",1,1810731,4,4,2,1.79769313486232e+308,1,2,1.79769313486232e+308,1.79769313486232e+308,1.79769313486232e+308,5
13,"5/27/99",1,1810731,9,9,2,1.79769313486232e+308,1,2,1.79769313486232e+308,1.79769313486232e+308,1.79769313486232e+308,5
14,"5/27/99",1,1810831,2,2,2,1.79769313486232e+308,1,2,1.79769313486232e+308,1.79769313486232e+308,1.79769313486232e+308,5
15,"5/27/99",1,1810931,2,3,2,1.79769313486232e+308,2,1.79769313486232e+308,1.79769313486232e+308,1.79769313486232e+308,1.79769313486232e+308,1.79769313486232e+308
16,"5/27/99",1,1810931,3,3,2,1.79769313486232e+308,2,1.79769313486232e+308,1.79769313486232e+308,1.79769313486232e+308,1.79769313486232e+308,1.79769313486232e+308
17,"5/27/99",1,1811031,2,2,2,1.79769313486232e+308,1,1,8,1988,2,1.79769313486232e+308
18,"5/27/99",1,1811131,2,2,2,1.79769313486232e+308,1,1,5,1.79769313486232e+308,1.79769313486232e+308,1.79769313486232e+308
19,"5/27/99",1,1811231,1.79769313486232e+308,1.79769313486232e+308,1.79769313486232e+308,1.79769313486232e+308,1.79769313486232e+308,1.79769313486232e+308,1.79769313486232e+308,1.79769313486232e+308,1.79769313486232e+308,1.79769313486232e+308
20,"5/27/99",1,1811339,2,2,2,1.79769313486232e+308,1,1,8,1996,1,1.79769313486232e+308
24,"5/27/99",1,1811439,4,4,2,1.79769313486232e+308,2,1.79769313486232e+308,1.79769313486232e+308,1.79769313486232e+308,1.79769313486232e+308,1.79769313486232e+308
23,"5/27/99",1,1811539,2,2,2,1.79769313486232e+308,1,2,1.79769313486232e+308,1.79769313486232e+308,1.79769313486232e+308,1
22,"5/27/99",1,1811639,2,2,2,1.79769313486232e+308,1,2,1.79769313486232e+308,1.79769313486232e+308,1.79769313486232e+308,5
21,"5/27/99",1,1811739,2,2,2,1.79769313486232e+308,1,1,8,1994,10,1.79769313486232e+308
25,"5/27/99",1,1811839,3,3,2,1.79769313486232e+308,2,1.79769313486232e+308,1.79769313486232e+308,1.79769313486232e+308,1.79769313486232e+308,1.79769313486232e+308
26,"5/27/99",1,1811939,2,2,2,1.79769313486232e+308,2,1.79769313486232e+308,1.79769313486232e+308,1.79769313486232e+308,1.79769313486232e+308,1.79769313486232e+308
27,"5/27/99",1,1812039,3,3,2,1.79769313486232e+308,2,1.79769313486232e+308,1.79769313486232e+308,1.79769313486232e+308,1.79769313486232e+308,1.79769313486232e+308
28,"5/27/99",1,1812039,6,1,2,1.79769313486232e+308,2,1.79769313486232e+308,1.79769313486232e+308,1.79769313486232e+308,1.79769313486232e+308,1.79769313486232e+308
29,"5/27/99",1,1812039,8,8,2,1.79769313486232e+308,2,1.79769313486232e+308,1.79769313486232e+308,1.79769313486232e+308,1.79769313486232e+308,1.79769313486232e+308
264,"6/27/99",1,1820131,7,4,2,1.79769313486232e+308,1,2,1.79769313486232e+308,1.79769313486232e+308,1.79769313486232e+308,5
265,"7/06/99",1,1820131,8,6,2,1.79769313486232e+308,1,1,1,1.79769313486232e+308,1.79769313486232e+308,1.79769313486232e+308
287,"7/06/99",1,1820141,1.79769313486232e+308,1.79769313486232e+308,1.79769313486232e+308,1.79769313486232e+308,1.79769313486232e+308,1.79769313486232e+308,1.79769313486232e+308,1.79769313486232e+308,1.79769313486232e+308,1.79769313486232e+308
292,"7/06/99",1,1820151,2,2,2,1.79769313486232e+308,1,1,8,1989,5,1.79769313486232e+308
266,"7/06/99",1,1820231,1.79769313486232e+308,1.79769313486232e+308,1.79769313486232e+308,1.79769313486232e+308,1.79769313486232e+308,1.79769313486232e+308,1.79769313486232e+308,1.79769313486232e+308,1.79769313486232e+308,1.79769313486232e+308
288,"7/06/99",1,1820241,1.79769313486232e+308,1.79769313486232e+308,1.79769313486232e+308,1.79769313486232e+308,1.79769313486232e+308,1.79769313486232e+308,1.79769313486232e+308,1.79769313486232e+308,1.79769313486232e+308,1.79769313486232e+308
293,"7/06/99",1,1820251,2,2,2,1.79769313486232e+308,1,1,7,1998,10,1.79769313486232e+308
294,"7/06/99",1,1820252,2,2,2,1.79769313486232e+308,1,2,1.79769313486232e+308,1.79769313486232e+308,1.79769313486232e+308,5
267,"7/06/99",1,1820331,2,2,2,1.79769313486232e+308,1,1,7,1994,2,1.79769313486232e+308
289,"7/06/99",1,1820341,2,2,2,1.79769313486232e+308,1,1,8,1997,7,1.79769313486232e+308
295,"7/06/99",1,1820351,2,2,2,1.79769313486232e+308,1,1,8,1983,2,1.79769313486232e+308
268,"7/06/99",1,1820431,2,2,2,1.79769313486232e+308,1,1,8,1995,9,1.79769313486232e+308
290,"7/06/99",1,1820441,1.79769313486232e+308,1.79769313486232e+308,1.79769313486232e+308,1.79769313486232e+308,1.79769313486232e+308,1.79769313486232e+308,1.79769313486232e+308,1.79769313486232e+308,1.79769313486232e+308,1.79769313486232e+308
296,"7/06/99",1,1820459,2,2,2,1.79769313486232e+308,1,1,8,1993,9,1.79769313486232e+308
269,"7/06/99",1,1820531,2,2,2,1.79769313486232e+308,1,2,1.79769313486232e+308,1.79769313486232e+308,1.79769313486232e+308,1
270,"7/06/99",1,1820531,6,2,2,1.79769313486232e+308,2,1.79769313486232e+308,1.79769313486232e+308,1.79769313486232e+308,1.79769313486232e+308,1.79769313486232e+308
291,"7/06/99",1,1820541,1.79769313486232e+308,1.79769313486232e+308,1.79769313486232e+308,1.79769313486232e+308,1.79769313486232e+308,1.79769313486232e+308,1.79769313486232e+308,1.79769313486232e+308,1.79769313486232e+308,1.79769313486232e+308
271,"7/06/99",1,1820631,1.79769313486232e+308,1.79769313486232e+308,1.79769313486232e+308,1.79769313486232e+308,1.79769313486232e+308,1.79769313486232e+308,1.79769313486232e+308,1.79769313486232e+308,1.79769313486232e+308,1.79769313486232e+308
272,"7/06/99",1,1820731,3,3,2,1.79769313486232e+308,1,1,8,1985,3,1.79769313486232e+308
273,"7/06/99",1,1820732,2,2,2,1.79769313486232e+308,2,1.79769313486232e+308,1.79769313486232e+308,1.79769313486232e+308,1.79769313486232e+308,1.79769313486232e+308
274,"7/06/99",1,1820831,2,1,2,1.79769313486232e+308,2,1.79769313486232e+308,1.79769313486232e+308,1.79769313486232e+308,1.79769313486232e+308,1.79769313486232e+308
275,"7/06/99",1,1820831,3,3,2,1.79769313486232e+308,2,1.79769313486232e+308,1.79769313486232e+308,1.79769313486232e+308,1.79769313486232e+308,1.79769313486232e+308
276,"7/06/99",1,1820931,3,2,2,1.79769313486232e+308,1,1,7,1994,1,1.79769313486232e+308
277,"7/06/99",1,1821031,6,6,2,1.79769313486232e+308,2,1.79769313486232e+308,1.79769313486232e+308,1.79769313486232e+308,1.79769313486232e+308,1.79769313486232e+308
278,"7/06/99",1,1821131,3,3,1,7,1,1.79769313486232e+308,1.79769313486232e+308,1.79769313486232e+308,1.79769313486232e+308,5
279,"7/06/99",1,1821231,2,2,2,1.79769313486232e+308,2,1.79769313486232e+308,1.79769313486232e+308,1.79769313486232e+308,1.79769313486232e+308,1.79769313486232e+308
280,"7/06/99",1,1821231,7,7,2,1.79769313486232e+308,2,1.79769313486232e+308,1.79769313486232e+308,1.79769313486232e+308,1.79769313486232e+308,1.79769313486232e+308
281,"7/06/99",1,1821339,2,2,2,1.79769313486232e+308,1,1,8,1987,2,1.79769313486232e+308
282,"7/06/99",1,1821439,2,2,2,1.79769313486232e+308,1,1,8,1981,5,1.79769313486232e+308
283,"7/06/99",1,1821539,2,2,2,1.79769313486232e+308,1,2,1.79769313486232e+308,1.79769313486232e+308,1.79769313486232e+308,5
284,"7/06/99",1,1821639,2,2,2,1.79769313486232e+308,1,1,8,1991,12,1.79769313486232e+308
285,"7/06/99",1,1821739,2,2,2,1.79769313486232e+308,1,1,8,1997,2,1.79769313486232e+308
286,"7/06/99",1,1821839,2,2,2,1.79769313486232e+308,1,1,7,1996,3,1.79769313486232e+308
15,"9/11/99",1,1830131,2,2,2,1.79769313486232e+308,1,2,1.79769313486232e+308,1.79769313486232e+308,1.79769313486232e+308,7
40,"9/16/99",1,1830141,6,6,1,4,1,1.79769313486232e+308,1.79769313486232e+308,1.79769313486232e+308,1.79769313486232e+308,1
49,"9/16/99",1,1830151,7,7,2,1.79769313486232e+308,1,1,7,1998,5,1.79769313486232e+308
16,"9/16/99",1,1830231,2,2,2,1.79769313486232e+308,1,1,5,1.79769313486232e+308,1.79769313486232e+308,1.79769313486232e+308
41,"9/16/99",1,1830241,2,2,2,1.79769313486232e+308,1,1,8,1982,4,1.79769313486232e+308
42,"9/16/99",1,1830241,5,2,1,4,2,1.79769313486232e+308,1.79769313486232e+308,1.79769313486232e+308,1.79769313486232e+308,1.79769313486232e+308
43,"9/16/99",1,1830242,2,2,2,1.79769313486232e+308,1,2,1.79769313486232e+308,1.79769313486232e+308,1.79769313486232e+308,5
50,"9/16/99",1,1830251,3,6,2,1.79769313486232e+308,2,1.79769313486232e+308,1.79769313486232e+308,1.79769313486232e+308,1.79769313486232e+308,1.79769313486232e+308
51,"9/16/99",1,1830251,5,6,2,1.79769313486232e+308,2,1.79769313486232e+308,1.79769313486232e+308,1.79769313486232e+308,1.79769313486232e+308,1.79769313486232e+308
17,"9/16/99",1,1830331,2,2,2,1.79769313486232e+308,1,1,7,1995,5,1.79769313486232e+308
44,"9/16/99",1,1830341,2,2,2,1.79769313486232e+308,1,1,1,1.79769313486232e+308,1.79769313486232e+308,1.79769313486232e+308
52,"9/16/99",1,1830351,3,3,2,1.79769313486232e+308,1,2,1.79769313486232e+308,1.79769313486232e+308,1.79769313486232e+308,5
18,"9/16/99",1,1830431,2,2,2,1.79769313486232e+308,1,1,8,1989,4,1.79769313486232e+308
45,"9/16/99",1,1830441,1.79769313486232e+308,1.79769313486232e+308,1.79769313486232e+308,1.79769313486232e+308,1.79769313486232e+308,1.79769313486232e+308,1.79769313486232e+308,1.79769313486232e+308,1.79769313486232e+308,1.79769313486232e+308
53,"9/16/99",1,1830459,4,4,2,1.79769313486232e+308,1,1,5,1.79769313486232e+308,1.79769313486232e+308,1.79769313486232e+308
19,"9/16/99",1,1830531,2,2,2,1.79769313486232e+308,1,1,5,1.79769313486232e+308,1.79769313486232e+308,1.79769313486232e+308
46,"9/16/99",1,1830541,6,6,2,1.79769313486232e+308,1,1,5,1.79769313486232e+308,1.79769313486232e+308,1.79769313486232e+308
47,"9/16/99",1,1830542,1.79769313486232e+308,1.79769313486232e+308,1.79769313486232e+308,1.79769313486232e+308,1.79769313486232e+308,1.79769313486232e+308,1.79769313486232e+308,1.79769313486232e+308,1.79769313486232e+308,1.79769313486232e+308
48,"9/16/99",1,1830543,2,2,2,1.79769313486232e+308,2,1.79769313486232e+308,1.79769313486232e+308,1.79769313486232e+308,1.79769313486232e+308,1.79769313486232e+308
20,"9/16/99",1,1830631,2,2,2,1.79769313486232e+308,1,1,8,1987,5,1.79769313486232e+308
21,"9/16/99",1,1830731,2,2,2,1.79769313486232e+308,2,1.79769313486232e+308,1.79769313486232e+308,1.79769313486232e+308,1.79769313486232e+308,1.79769313486232e+308
22,"9/16/99",1,1830731,6,6,2,1.79769313486232e+308,2,1.79769313486232e+308,1.79769313486232e+308,1.79769313486232e+308,1.79769313486232e+308,1.79769313486232e+308
23,"9/16/99",1,1830831,2,2,2,1.79769313486232e+308,1,1,8,1992,12,1.79769313486232e+308
24,"9/16/99",1,1830831,7,7,2,1.79769313486232e+308,2,1.79769313486232e+308,1.79769313486232e+308,1.79769313486232e+308,1.79769313486232e+308,1.79769313486232e+308
25,"9/16/99",1,1830931,2,2,2,1.79769313486232e+308,1,1,5,1.79769313486232e+308,1.79769313486232e+308,1.79769313486232e+308
26,"9/16/99",1,1831031,2,2,2,1.79769313486232e+308,1,1,8,1990,2,1.79769313486232e+308
27,"9/16/99",1,1831131,2,2,2,1.79769313486232e+308,1,1,8,1987,4,1.79769313486232e+308
28,"9/16/99",1,1831231,2,2,2,1.79769313486232e+308,1,2,1.79769313486232e+308,1.79769313486232e+308,1.79769313486232e+308,5
29,"9/16/99",1,1831339,2,2,2,1.79769313486232e+308,1,1,7,1996,7,1.79769313486232e+308
30,"9/16/99",1,1831439,2,2,2,1.79769313486232e+308,1,1,8,1993,3,1.79769313486232e+308
31,"9/16/99",1,1831539,2,2,2,1.79769313486232e+308,1,1,7,1999,2,1.79769313486232e+308
32,"9/16/99",1,1831639,2,2,2,1.79769313486232e+308,1,2,1.79769313486232e+308,1.79769313486232e+308,1.79769313486232e+308,7
33,"9/16/99",1,1831639,4,4,2,1.79769313486232e+308,2,1.79769313486232e+308,1.79769313486232e+308,1.79769313486232e+308,1.79769313486232e+308,1.79769313486232e+308
34,"9/16/99",1,1831739,2,2,2,1.79769313486232e+308,1,1,5,1.79769313486232e+308,1.79769313486232e+308,1.79769313486232e+308
35,"9/16/99",1,1831839,7,3,2,1.79769313486232e+308,2,1.79769313486232e+308,1.79769313486232e+308,1.79769313486232e+308,1.79769313486232e+308,1.79769313486232e+308
36,"9/16/99",1,1831939,2,2,2,1.79769313486232e+308,1,1,7,1997,10,1.79769313486232e+308
37,"9/16/99",1,1832039,2,2,2,1.79769313486232e+308,1,1,8,1988,9,1.79769313486232e+308
38,"9/16/99",1,1832139,1.79769313486232e+308,1.79769313486232e+308,1.79769313486232e+308,1.79769313486232e+308,1.79769313486232e+308,1.79769313486232e+308,1.79769313486232e+308,1.79769313486232e+308,1.79769313486232e+308,1.79769313486232e+308
39,"9/16/99",1,1832239,2,2,2,1.79769313486232e+308,1,2,1.79769313486232e+308,1.79769313486232e+308,1.79769313486232e+308,7
1,"9/15/99",1,1840139,2,2,2,1.79769313486232e+308,2,1.79769313486232e+308,1.79769313486232e+308,1.79769313486232e+308,1.79769313486232e+308,1.79769313486232e+308
23,"9/17/99",1,1840149,2,2,2,1.79769313486232e+308,1,1,5,1.79769313486232e+308,1.79769313486232e+308,1.79769313486232e+308
29,"9/17/99",1,1840159,2,2,2,1.79769313486232e+308,1,2,1.79769313486232e+308,1.79769313486232e+308,1.79769313486232e+308,5
2,"9/17/99",1,1840239,6,3,2,1.79769313486232e+308,1,2,1.79769313486232e+308,1.79769313486232e+308,1.79769313486232e+308,5
24,"9/17/99",1,1840249,1.79769313486232e+308,1.79769313486232e+308,1.79769313486232e+308,1.79769313486232e+308,1.79769313486232e+308,1.79769313486232e+308,1.79769313486232e+308,1.79769313486232e+308,1.79769313486232e+308,1.79769313486232e+308
30,"9/17/99",1,1840259,2,2,2,1.79769313486232e+308,1,1,7,1999,2,1.79769313486232e+308
3,"9/17/99",1,1840339,2,2,1,8,1,1.79769313486232e+308,1.79769313486232e+308,1.79769313486232e+308,1.79769313486232e+308,5
25,"9/17/99",1,1840349,2,2,2,1.79769313486232e+308,2,1.79769313486232e+308,1.79769313486232e+308,1.79769313486232e+308,1.79769313486232e+308,1.79769313486232e+308
31,"9/17/99",1,1840359,2,2,2,1.79769313486232e+308,1,1,7,1998,5,1.79769313486232e+308
4,"9/17/99",1,1840439,2,2,2,1.79769313486232e+308,2,1.79769313486232e+308,1.79769313486232e+308,1.79769313486232e+308,1.79769313486232e+308,1.79769313486232e+308
26,"9/17/99",1,1840449,1,1,2,1.79769313486232e+308,1,1,7,1999,2,1.79769313486232e+308
32,"9/17/99",1,1840459,2,2,2,1.79769313486232e+308,1,1,5,1.79769313486232e+308,1.79769313486232e+308,1.79769313486232e+308
5,"9/17/99",1,1840539,2,2,2,1.79769313486232e+308,1,1,7,1997,8,1.79769313486232e+308
27,"9/17/99",1,1840549,2,2,2,1.79769313486232e+308,2,1.79769313486232e+308,1.79769313486232e+308,1.79769313486232e+308,1.79769313486232e+308,1.79769313486232e+308
28,"9/17/99",1,1840549,5,5,2,1.79769313486232e+308,2,1.79769313486232e+308,1.79769313486232e+308,1.79769313486232e+308,1.79769313486232e+308,1.79769313486232e+308
33,"9/17/99",1,1840559,2,2,2,1.79769313486232e+308,1,1,5,1.79769313486232e+308,1.79769313486232e+308,1.79769313486232e+308
6,"9/17/99",1,1840639,2,2,2,1.79769313486232e+308,1,2,1.79769313486232e+308,1.79769313486232e+308,1.79769313486232e+308,5
7,"9/17/99",1,1840739,1.79769313486232e+308,1.79769313486232e+308,1.79769313486232e+308,1.79769313486232e+308,1.79769313486232e+308,1.79769313486232e+308,1.79769313486232e+308,1.79769313486232e+308,1.79769313486232e+308,1.79769313486232e+308
8,"9/17/99",1,1840839,2,2,2,1.79769313486232e+308,1,1,5,1.79769313486232e+308,1.79769313486232e+308,1.79769313486232e+308
9,"9/17/99",1,1840939,2,2,2,1.79769313486232e+308,1,1,7,1999,1,1.79769313486232e+308
10,"9/17/99",1,1841039,2,2,2,1.79769313486232e+308,1,2,1.79769313486232e+308,1.79769313486232e+308,1.79769313486232e+308,5
11,"9/17/99",1,1841139,2,2,2,1.79769313486232e+308,1,1,5,1.79769313486232e+308,1.79769313486232e+308,1.79769313486232e+308
12,"9/17/99",1,1841239,2,2,2,1.79769313486232e+308,1,1,5,1.79769313486232e+308,1.79769313486232e+308,1.79769313486232e+308
13,"9/17/99",1,1841339,2,2,1,7,2,1.79769313486232e+308,1.79769313486232e+308,1.79769313486232e+308,1.79769313486232e+308,1.79769313486232e+308
14,"9/17/99",1,1841439,1.79769313486232e+308,1.79769313486232e+308,1.79769313486232e+308,1.79769313486232e+308,1.79769313486232e+308,1.79769313486232e+308,1.79769313486232e+308,1.79769313486232e+308,1.79769313486232e+308,1.79769313486232e+308
15,"9/17/99",1,1841539,2,2,2,1.79769313486232e+308,1,1,5,1.79769313486232e+308,1.79769313486232e+308,1.79769313486232e+308
16,"9/17/99",1,1841639,2,2,2,1.79769313486232e+308,1,1,7,1998,6,1.79769313486232e+308
17,"9/17/99",1,1841739,2,1,2,1.79769313486232e+308,1,2,1.79769313486232e+308,1.79769313486232e+308,1.79769313486232e+308,5
18,"9/17/99",1,1841839,2,2,2,1.79769313486232e+308,1,2,1.79769313486232e+308,1.79769313486232e+308,1.79769313486232e+308,7
19,"9/17/99",1,1841939,2,2,2,1.79769313486232e+308,1,1,7,1999,6,1.79769313486232e+308
20,"9/17/99",1,1842039,2,2,2,1.79769313486232e+308,1,1,7,1997,4,1.79769313486232e+308
21,"9/17/99",1,1842139,2,2,2,1.79769313486232e+308,2,1.79769313486232e+308,1.79769313486232e+308,1.79769313486232e+308,1.79769313486232e+308,1.79769313486232e+308
22,"9/17/99",1,1842139,10,10,2,1.79769313486232e+308,2,1.79769313486232e+308,1.79769313486232e+308,1.79769313486232e+308,1.79769313486232e+308,1.79769313486232e+308
43,"9/20/99",1,1910141,2,2,2,1.79769313486232e+308,1,2,1.79769313486232e+308,1.79769313486232e+308,1.79769313486232e+308,7
45,"9/20/99",1,1910151,2,2,2,1.79769313486232e+308,1,2,1.79769313486232e+308,1.79769313486232e+308,1.79769313486232e+308,7
21,"9/12/99",1,1910231,2,2,2,1.79769313486232e+308,1,2,1.79769313486232e+308,1.79769313486232e+308,1.79769313486232e+308,7
22,"9/20/99",1,1910232,2,2,2,1.79769313486232e+308,1,1,7,1998,5,1.79769313486232e+308
44,"9/20/99",1,1910241,1.79769313486232e+308,1.79769313486232e+308,1.79769313486232e+308,1.79769313486232e+308,1.79769313486232e+308,1.79769313486232e+308,1.79769313486232e+308,1.79769313486232e+308,1.79769313486232e+308,1.79769313486232e+308
50,"9/20/99",1,1910251,2,2,2,1.79769313486232e+308,2,1.79769313486232e+308,1.79769313486232e+308,1.79769313486232e+308,1.79769313486232e+308,1.79769313486232e+308
23,"9/20/99",1,1910331,1.79769313486232e+308,1.79769313486232e+308,1.79769313486232e+308,1.79769313486232e+308,1.79769313486232e+308,1.79769313486232e+308,1.79769313486232e+308,1.79769313486232e+308,1.79769313486232e+308,1.79769313486232e+308
24,"9/20/99",1,1910431,2,2,2,1.79769313486232e+308,2,1.79769313486232e+308,1.79769313486232e+308,1.79769313486232e+308,1.79769313486232e+308,1.79769313486232e+308
25,"9/20/99",1,1910431,7,7,2,1.79769313486232e+308,2,1.79769313486232e+308,1.79769313486232e+308,1.79769313486232e+308,1.79769313486232e+308,1.79769313486232e+308
47,"9/20/99",1,1910441,6,6,2,1.79769313486232e+308,2,1.79769313486232e+308,1.79769313486232e+308,1.79769313486232e+308,1.79769313486232e+308,1.79769313486232e+308
48,"9/20/99",1,1910441,7,7,2,1.79769313486232e+308,1,1,7,1998,5,1.79769313486232e+308
51,"9/20/99",1,1910459,2,2,2,1.79769313486232e+308,1,1,7,1992,9,1.79769313486232e+308
26,"9/20/99",1,1910531,2,2,2,1.79769313486232e+308,1,2,1.79769313486232e+308,1.79769313486232e+308,1.79769313486232e+308,7
49,"9/20/99",1,1910541,4,4,2,1.79769313486232e+308,1,1,7,1996,2,1.79769313486232e+308
27,"9/20/99",1,1910631,2,2,2,1.79769313486232e+308,2,1.79769313486232e+308,1.79769313486232e+308,1.79769313486232e+308,1.79769313486232e+308,1.79769313486232e+308
46,"9/20/99",1,1910641,4,4,2,1.79769313486232e+308,1,1,7,1994,4,1.79769313486232e+308
28,"9/20/99",1,1910731,2,2,2,1.79769313486232e+308,1,2,1.79769313486232e+308,1.79769313486232e+308,1.79769313486232e+308,7
29,"9/20/99",1,1910831,6,6,2,1.79769313486232e+308,2,1.79769313486232e+308,1.79769313486232e+308,1.79769313486232e+308,1.79769313486232e+308,1.79769313486232e+308
30,"9/20/99",1,1910931,6,1,2,1.79769313486232e+308,2,1.79769313486232e+308,1.79769313486232e+308,1.79769313486232e+308,1.79769313486232e+308,1.79769313486232e+308
31,"9/20/99",1,1911031,6,6,2,1.79769313486232e+308,1,2,1.79769313486232e+308,1.79769313486232e+308,1.79769313486232e+308,5
32,"9/20/99",1,1911231,5,1,2,1.79769313486232e+308,1,2,1.79769313486232e+308,1.79769313486232e+308,1.79769313486232e+308,7
33,"9/20/99",1,1911231,7,1,2,1.79769313486232e+308,1,1,5,1.79769313486232e+308,1.79769313486232e+308,1.79769313486232e+308
34,"9/20/99",1,1911331,2,2,2,1.79769313486232e+308,1,1,8,1991,5,1.79769313486232e+308
35,"9/20/99",1,1911431,4,4,2,1.79769313486232e+308,1,2,1.79769313486232e+308,1.79769313486232e+308,1.79769313486232e+308,7
36,"9/20/99",1,1911539,5,5,2,1.79769313486232e+308,1,2,1.79769313486232e+308,1.79769313486232e+308,1.79769313486232e+308,7
37,"9/20/99",1,1911639,2,2,2,1.79769313486232e+308,1,1,5,1.79769313486232e+308,1.79769313486232e+308,1.79769313486232e+308
38,"9/20/99",1,1911739,2,2,2,1.79769313486232e+308,1,1,7,1993,2,1.79769313486232e+308
39,"9/20/99",1,1911839,2,2,2,1.79769313486232e+308,1,1,7,1990,2,1.79769313486232e+308
40,"9/20/99",1,1911839,4,4,2,1.79769313486232e+308,1,2,1.79769313486232e+308,1.79769313486232e+308,1.79769313486232e+308,7
41,"9/20/99",1,1911939,2,2,2,1.79769313486232e+308,1,1,8,1990,6,1.79769313486232e+308
42,"9/20/99",1,1912039,2,2,2,1.79769313486232e+308,1,1,7,1991,2,1.79769313486232e+308
314,"7/04/99",1,1920131,4,4,2,1.79769313486232e+308,1,2,1.79769313486232e+308,1.79769313486232e+308,1.79769313486232e+308,5
315,"7/04/99",1,1920131,10,4,2,1.79769313486232e+308,1,1,5,1.79769313486232e+308,1.79769313486232e+308,1.79769313486232e+308
343,"7/04/99",1,1920141,4,4,2,1.79769313486232e+308,1,1,5,1.79769313486232e+308,1.79769313486232e+308,1.79769313486232e+308
348,"7/04/99",1,1920151,2,2,2,1.79769313486232e+308,1,1,5,1.79769313486232e+308,1.79769313486232e+308,1.79769313486232e+308
316,"7/04/99",1,1920231,5,5,2,1.79769313486232e+308,1,2,1.79769313486232e+308,1.79769313486232e+308,1.79769313486232e+308,5
344,"7/04/99",1,1920241,6,6,2,1.79769313486232e+308,2,1.79769313486232e+308,1.79769313486232e+308,1.79769313486232e+308,1.79769313486232e+308,1.79769313486232e+308
349,"7/04/99",1,1920251,4,3,2,1.79769313486232e+308,1,1,5,1.79769313486232e+308,1.79769313486232e+308,1.79769313486232e+308
317,"7/04/99",1,1920331,8,8,2,1.79769313486232e+308,1,2,1.79769313486232e+308,1.79769313486232e+308,1.79769313486232e+308,5
350,"7/04/99",1,1920351,2,2,2,1.79769313486232e+308,2,1.79769313486232e+308,1.79769313486232e+308,1.79769313486232e+308,1.79769313486232e+308,1.79769313486232e+308
318,"7/04/99",1,1920431,12,12,2,1.79769313486232e+308,1,2,1.79769313486232e+308,1.79769313486232e+308,1.79769313486232e+308,5
319,"7/04/99",1,1920431,13,13,2,1.79769313486232e+308,1,1,7,1998,12,1.79769313486232e+308
320,"7/04/99",1,1920431,14,14,2,1.79769313486232e+308,1,1,7,1998,12,1.79769313486232e+308
345,"7/04/99",1,1920441,2,1,2,1.79769313486232e+308,1,1,5,1.79769313486232e+308,1.79769313486232e+308,1.79769313486232e+308
351,"7/04/99",1,1920459,5,5,2,1.79769313486232e+308,1,2,1.79769313486232e+308,1.79769313486232e+308,1.79769313486232e+308,5
352,"7/04/99",1,1920459,6,6,2,1.79769313486232e+308,1,1,5,1.79769313486232e+308,1.79769313486232e+308,1.79769313486232e+308
321,"7/04/99",1,1920531,2,2,2,1.79769313486232e+308,1,1,7,1997,5,1.79769313486232e+308
346,"7/04/99",1,1920541,2,2,2,1.79769313486232e+308,1,2,1.79769313486232e+308,1.79769313486232e+308,1.79769313486232e+308,11
322,"7/04/99",1,1920631,2,2,2,1.79769313486232e+308,1,1,5,1.79769313486232e+308,1.79769313486232e+308,1.79769313486232e+308
347,"7/04/99",1,1920641,5,5,2,1.79769313486232e+308,2,1.79769313486232e+308,1.79769313486232e+308,1.79769313486232e+308,1.79769313486232e+308,1.79769313486232e+308
323,"7/04/99",1,1920731,2,2,2,1.79769313486232e+308,1,2,1.79769313486232e+308,1.79769313486232e+308,1.79769313486232e+308,5
324,"7/04/99",1,1920831,2,2,2,1.79769313486232e+308,1,1,5,1.79769313486232e+308,1.79769313486232e+308,1.79769313486232e+308
325,"7/04/99",1,1920931,8,8,2,1.79769313486232e+308,2,1.79769313486232e+308,1.79769313486232e+308,1.79769313486232e+308,1.79769313486232e+308,1.79769313486232e+308
326,"7/04/99",1,1921031,2,2,2,1.79769313486232e+308,1,1,8,1981,1.79769313486232e+308,1.79769313486232e+308
327,"7/04/99",1,1921031,8,3,2,1.79769313486232e+308,1,2,1.79769313486232e+308,1.79769313486232e+308,1.79769313486232e+308,7
328,"7/04/99",1,1921231,3,3,2,1.79769313486232e+308,1,1,5,1.79769313486232e+308,1.79769313486232e+308,1.79769313486232e+308
329,"7/04/99",1,1921231,10,3,2,1.79769313486232e+308,2,1.79769313486232e+308,1.79769313486232e+308,1.79769313486232e+308,1.79769313486232e+308,1.79769313486232e+308
330,"7/04/99",1,1921331,2,2,2,1.79769313486232e+308,1,1,7,1.79769313486232e+308,1.79769313486232e+308,1.79769313486232e+308
331,"7/04/99",1,1921331,8,8,2,1.79769313486232e+308,1,1,5,1.79769313486232e+308,1.79769313486232e+308,1.79769313486232e+308
332,"7/04/99",1,1921431,2,1,2,1.79769313486232e+308,1,1,8,1990,1,1.79769313486232e+308
333,"7/04/99",1,1921539,1.79769313486232e+308,1.79769313486232e+308,1.79769313486232e+308,1.79769313486232e+308,1.79769313486232e+308,1.79769313486232e+308,1.79769313486232e+308,1.79769313486232e+308,1.79769313486232e+308,1.79769313486232e+308
334,"7/04/99",1,1921639,2,2,2,1.79769313486232e+308,1,1,7,1999,2,1.79769313486232e+308
335,"7/04/99",1,1921739,2,2,2,1.79769313486232e+308,1,1,7,1991,5,1.79769313486232e+308
336,"7/04/99",1,1921839,2,2,2,1.79769313486232e+308,2,1.79769313486232e+308,1.79769313486232e+308,1.79769313486232e+308,1.79769313486232e+308,1.79769313486232e+308
337,"7/04/99",1,1921939,2,1,2,1.79769313486232e+308,2,1.79769313486232e+308,1.79769313486232e+308,1.79769313486232e+308,1.79769313486232e+308,1.79769313486232e+308
338,"7/04/99",1,1922039,2,2,2,1.79769313486232e+308,1,1,5,1.79769313486232e+308,1.79769313486232e+308,1.79769313486232e+308
339,"7/04/99",1,1922139,2,2,2,1.79769313486232e+308,2,1.79769313486232e+308,1.79769313486232e+308,1.79769313486232e+308,1.79769313486232e+308,1.79769313486232e+308
340,"7/04/99",1,1922239,2,2,2,1.79769313486232e+308,1,1,5,1.79769313486232e+308,1.79769313486232e+308,1.79769313486232e+308
341,"7/04/99",1,1922339,2,2,2,1.79769313486232e+308,1,1,5,1.79769313486232e+308,1.79769313486232e+308,1.79769313486232e+308
342,"7/04/99",1,1922439,2,2,2,1.79769313486232e+308,1,1,8,1987,2,1.79769313486232e+308
27,"7/11/99",1,1930131,2,2,2,1.79769313486232e+308,2,1.79769313486232e+308,1.79769313486232e+308,1.79769313486232e+308,1.79769313486232e+308,1.79769313486232e+308
43,"7/11/99",1,1930141,2,2,2,1.79769313486232e+308,1,1,8,1981,8,1.79769313486232e+308
49,"7/11/99",1,1930151,2,2,2,1.79769313486232e+308,1,1,11,1998,2,1.79769313486232e+308
28,"7/11/99",1,1930231,2,1,2,1.79769313486232e+308,1,1,8,1983,2,1.79769313486232e+308
44,"7/11/99",1,1930241,2,2,2,1.79769313486232e+308,2,1.79769313486232e+308,1.79769313486232e+308,1.79769313486232e+308,1.79769313486232e+308,1.79769313486232e+308
50,"7/11/99",1,1930251,1.79769313486232e+308,1.79769313486232e+308,1.79769313486232e+308,1.79769313486232e+308,1.79769313486232e+308,1.79769313486232e+308,1.79769313486232e+308,1.79769313486232e+308,1.79769313486232e+308,1.79769313486232e+308
29,"7/11/99",1,1930331,1.79769313486232e+308,1.79769313486232e+308,1.79769313486232e+308,1.79769313486232e+308,1.79769313486232e+308,1.79769313486232e+308,1.79769313486232e+308,1.79769313486232e+308,1.79769313486232e+308,1.79769313486232e+308
45,"7/11/99",1,1930341,2,2,2,1.79769313486232e+308,2,1.79769313486232e+308,1.79769313486232e+308,1.79769313486232e+308,1.79769313486232e+308,1.79769313486232e+308
51,"7/11/99",1,1930351,3,3,2,1.79769313486232e+308,1,1,5,1.79769313486232e+308,1.79769313486232e+308,1.79769313486232e+308
46,"7/11/99",1,1930441,2,2,2,1.79769313486232e+308,1,1,5,1.79769313486232e+308,1.79769313486232e+308,1.79769313486232e+308
52,"7/11/99",1,1930459,5,5,2,1.79769313486232e+308,2,1.79769313486232e+308,1.79769313486232e+308,1.79769313486232e+308,1.79769313486232e+308,1.79769313486232e+308
30,"7/11/99",1,1930531,2,2,2,1.79769313486232e+308,1,1,8,1977,2,1.79769313486232e+308
47,"7/11/99",1,1930541,2,2,2,1.79769313486232e+308,2,1.79769313486232e+308,1.79769313486232e+308,1.79769313486232e+308,1.79769313486232e+308,1.79769313486232e+308
31,"7/11/99",1,1930631,9,9,2,1.79769313486232e+308,2,1.79769313486232e+308,1.79769313486232e+308,1.79769313486232e+308,1.79769313486232e+308,1.79769313486232e+308
32,"7/11/99",1,1930631,10,10,2,1.79769313486232e+308,1,1,5,1.79769313486232e+308,1.79769313486232e+308,1.79769313486232e+308
48,"7/11/99",1,1930641,2,2,2,1.79769313486232e+308,1,1,7,1997,8,1.79769313486232e+308
33,"7/11/99",1,1930731,2,2,2,1.79769313486232e+308,2,1.79769313486232e+308,1.79769313486232e+308,1.79769313486232e+308,1.79769313486232e+308,1.79769313486232e+308
34,"7/11/99",1,1930831,2,1,2,1.79769313486232e+308,1,1,8,1986,1.79769313486232e+308,1.79769313486232e+308
35,"7/11/99",1,1930931,2,2,2,1.79769313486232e+308,1,1,5,1.79769313486232e+308,1.79769313486232e+308,1.79769313486232e+308
36,"7/11/99",1,1931031,2,2,2,1.79769313486232e+308,1,1,5,1.79769313486232e+308,1.79769313486232e+308,1.79769313486232e+308
37,"7/11/99",1,1931131,2,2,2,1.79769313486232e+308,2,1.79769313486232e+308,1.79769313486232e+308,1.79769313486232e+308,1.79769313486232e+308,1.79769313486232e+308
38,"7/11/99",1,1931131,9,9,2,1.79769313486232e+308,1,1,5,1.79769313486232e+308,1.79769313486232e+308,1.79769313486232e+308
39,"7/11/99",1,1931231,6,6,2,1.79769313486232e+308,2,1.79769313486232e+308,1.79769313486232e+308,1.79769313486232e+308,1.79769313486232e+308,1.79769313486232e+308
40,"7/11/99",1,1931232,2,2,2,1.79769313486232e+308,2,1.79769313486232e+308,1.79769313486232e+308,1.79769313486232e+308,1.79769313486232e+308,1.79769313486232e+308
41,"7/11/99",1,1931331,2,2,2,1.79769313486232e+308,2,1.79769313486232e+308,1.79769313486232e+308,1.79769313486232e+308,1.79769313486232e+308,1.79769313486232e+308
42,"7/11/99",1,1931431,9,9,2,1.79769313486232e+308,1,1,5,1.79769313486232e+308,1.79769313486232e+308,1.79769313486232e+308
1,"9/09/99",1,1940139,2,2,2,1.79769313486232e+308,1,1,8,1998,11,1.79769313486232e+308
83,"9/26/99",1,1940149,8,2,1,7,1,1.79769313486232e+308,1.79769313486232e+308,1.79769313486232e+308,1.79769313486232e+308,2
84,"9/26/99",1,1940149,9,2,2,1.79769313486232e+308,2,1.79769313486232e+308,1.79769313486232e+308,1.79769313486232e+308,1.79769313486232e+308,1.79769313486232e+308
85,"9/26/99",1,1940149,10,2,2,1.79769313486232e+308,2,1.79769313486232e+308,1.79769313486232e+308,1.79769313486232e+308,1.79769313486232e+308,1.79769313486232e+308
90,"9/26/99",1,1940159,2,2,2,1.79769313486232e+308,1,1,8,1992,2,1.79769313486232e+308
2,"9/11/99",1,1940239,1.79769313486232e+308,1.79769313486232e+308,1.79769313486232e+308,1.79769313486232e+308,1.79769313486232e+308,1.79769313486232e+308,1.79769313486232e+308,1.79769313486232e+308,1.79769313486232e+308,1.79769313486232e+308
86,"9/26/99",1,1940249,2,2,2,1.79769313486232e+308,2,1.79769313486232e+308,1.79769313486232e+308,1.79769313486232e+308,1.79769313486232e+308,1.79769313486232e+308
91,"9/26/99",1,1940259,2,2,2,1.79769313486232e+308,2,1.79769313486232e+308,1.79769313486232e+308,1.79769313486232e+308,1.79769313486232e+308,1.79769313486232e+308
3,"9/11/99",1,1940339,2,2,2,1.79769313486232e+308,1,2,1.79769313486232e+308,1.79769313486232e+308,1.79769313486232e+308,5
87,"9/26/99",1,1940349,2,2,2,1.79769313486232e+308,2,1.79769313486232e+308,1.79769313486232e+308,1.79769313486232e+308,1.79769313486232e+308,1.79769313486232e+308
92,"9/26/99",1,1940359,1.79769313486232e+308,1.79769313486232e+308,1.79769313486232e+308,1.79769313486232e+308,1.79769313486232e+308,1.79769313486232e+308,1.79769313486232e+308,1.79769313486232e+308,1.79769313486232e+308,1.79769313486232e+308
4,"9/11/99",1,1940439,2,2,2,1.79769313486232e+308,2,1.79769313486232e+308,1.79769313486232e+308,1.79769313486232e+308,1.79769313486232e+308,1.79769313486232e+308
88,"9/26/99",1,1940449,3,2,2,1.79769313486232e+308,2,1.79769313486232e+308,1.79769313486232e+308,1.79769313486232e+308,1.79769313486232e+308,1.79769313486232e+308
93,"9/26/99",1,1940459,1.79769313486232e+308,1.79769313486232e+308,1.79769313486232e+308,1.79769313486232e+308,1.79769313486232e+308,1.79769313486232e+308,1.79769313486232e+308,1.79769313486232e+308,1.79769313486232e+308,1.79769313486232e+308
5,"9/11/99",1,1940539,2,2,2,1.79769313486232e+308,1,2,1.79769313486232e+308,1.79769313486232e+308,1.79769313486232e+308,5
89,"9/26/99",1,1940549,2,2,2,1.79769313486232e+308,1,1,5,1.79769313486232e+308,1.79769313486232e+308,1.79769313486232e+308
94,"9/26/99",1,1940559,2,1,2,1.79769313486232e+308,2,1.79769313486232e+308,1.79769313486232e+308,1.79769313486232e+308,1.79769313486232e+308,1.79769313486232e+308
6,"9/11/99",1,1940639,2,2,2,1.79769313486232e+308,1,2,1.79769313486232e+308,1.79769313486232e+308,1.79769313486232e+308,7
7,"9/11/99",1,1940739,1.79769313486232e+308,1.79769313486232e+308,1.79769313486232e+308,1.79769313486232e+308,1.79769313486232e+308,1.79769313486232e+308,1.79769313486232e+308,1.79769313486232e+308,1.79769313486232e+308,1.79769313486232e+308
8,"9/11/99",1,1940839,1.79769313486232e+308,1.79769313486232e+308,1.79769313486232e+308,1.79769313486232e+308,1.79769313486232e+308,1.79769313486232e+308,1.79769313486232e+308,1.79769313486232e+308,1.79769313486232e+308,1.79769313486232e+308
9,"9/11/99",1,1940939,2,2,2,1.79769313486232e+308,1,1,7,1996,2,1.79769313486232e+308
10,"9/11/99",1,1940939,8,2,2,1.79769313486232e+308,2,1.79769313486232e+308,1.79769313486232e+308,1.79769313486232e+308,1.79769313486232e+308,1.79769313486232e+308
11,"9/11/99",1,1941039,2,2,1,8,1,1.79769313486232e+308,1.79769313486232e+308,1.79769313486232e+308,1.79769313486232e+308,5
12,"9/11/99",1,1941139,2,2,2,1.79769313486232e+308,1,2,1.79769313486232e+308,1.79769313486232e+308,1.79769313486232e+308,5
13,"9/11/99",1,1941239,2,2,2,1.79769313486232e+308,1,2,1.79769313486232e+308,1.79769313486232e+308,1.79769313486232e+308,1.79769313486232e+308
14,"9/11/99",1,1941339,2,2,2,1.79769313486232e+308,1,2,1.79769313486232e+308,1.79769313486232e+308,1.79769313486232e+308,5
79,"9/26/99",1,1941439,2,2,2,1.79769313486232e+308,1,1,8,1996,2,1.79769313486232e+308
80,"9/26/99",1,1941439,9,9,2,1.79769313486232e+308,2,1.79769313486232e+308,1.79769313486232e+308,1.79769313486232e+308,1.79769313486232e+308,1.79769313486232e+308
81,"9/26/99",1,1941539,2,2,2,1.79769313486232e+308,1,1,8,1995,2,1.79769313486232e+308
78,"10/10/99",1,2010131,1.79769313486232e+308,1.79769313486232e+308,1.79769313486232e+308,1.79769313486232e+308,1.79769313486232e+308,1.79769313486232e+308,1.79769313486232e+308,1.79769313486232e+308,1.79769313486232e+308,1.79769313486232e+308
101,"10/10/99",1,2010141,2,2,2,1.79769313486232e+308,1,2,1.79769313486232e+308,1.79769313486232e+308,1.79769313486232e+308,5
108,"10/10/99",1,2010151,2,2,2,1.79769313486232e+308,1,2,1.79769313486232e+308,1.79769313486232e+308,1.79769313486232e+308,5
109,"10/10/99",1,2010151,9,2,1,7,2,1.79769313486232e+308,1.79769313486232e+308,1.79769313486232e+308,1.79769313486232e+308,1.79769313486232e+308
79,"10/10/99",1,2010231,2,2,2,1.79769313486232e+308,2,1.79769313486232e+308,1.79769313486232e+308,1.79769313486232e+308,1.79769313486232e+308,1.79769313486232e+308
102,"10/10/99",1,2010241,2,2,2,1.79769313486232e+308,1,1,5,1.79769313486232e+308,1.79769313486232e+308,1.79769313486232e+308
110,"10/10/99",1,2010251,1.79769313486232e+308,1.79769313486232e+308,1.79769313486232e+308,1.79769313486232e+308,1.79769313486232e+308,1.79769313486232e+308,1.79769313486232e+308,1.79769313486232e+308,1.79769313486232e+308,1.79769313486232e+308
111,"10/10/99",1,2010252,2,2,2,1.79769313486232e+308,2,1.79769313486232e+308,1.79769313486232e+308,1.79769313486232e+308,1.79769313486232e+308,1.79769313486232e+308
80,"10/10/99",1,2010331,2,2,2,1.79769313486232e+308,1,1,8,1990,1.79769313486232e+308,1.79769313486232e+308
103,"10/10/99",1,2010341,2,2,2,1.79769313486232e+308,1,1,5,1.79769313486232e+308,1.79769313486232e+308,1.79769313486232e+308
112,"10/10/99",1,2010351,9,8,2,1.79769313486232e+308,1,1,5,1.79769313486232e+308,1.79769313486232e+308,1.79769313486232e+308
81,"10/10/99",1,2010431,2,2,2,1.79769313486232e+308,1,1,5,1.79769313486232e+308,1.79769313486232e+308,1.79769313486232e+308
104,"10/10/99",1,2010441,2,2,1,9,2,1.79769313486232e+308,1.79769313486232e+308,1.79769313486232e+308,1.79769313486232e+308,1.79769313486232e+308
113,"10/10/99",1,2010459,2,2,2,1.79769313486232e+308,2,1.79769313486232e+308,1.79769313486232e+308,1.79769313486232e+308,1.79769313486232e+308,1.79769313486232e+308
82,"10/10/99",1,2010531,2,2,2,1.79769313486232e+308,2,1.79769313486232e+308,1.79769313486232e+308,1.79769313486232e+308,1.79769313486232e+308,1.79769313486232e+308
83,"10/10/99",1,2010531,4,4,2,1.79769313486232e+308,1,1,5,1.79769313486232e+308,1.79769313486232e+308,1.79769313486232e+308
105,"10/10/99",1,2010541,5,5,2,1.79769313486232e+308,2,1.79769313486232e+308,1.79769313486232e+308,1.79769313486232e+308,1.79769313486232e+308,1.79769313486232e+308
106,"10/10/99",1,2010542,2,2,2,1.79769313486232e+308,1,1,5,1.79769313486232e+308,1.79769313486232e+308,1.79769313486232e+308
107,"10/10/99",1,2010543,2,2,2,1.79769313486232e+308,1,1,5,1.79769313486232e+308,1.79769313486232e+308,1.79769313486232e+308
84,"10/10/99",1,2010631,1.79769313486232e+308,1.79769313486232e+308,1.79769313486232e+308,1.79769313486232e+308,1.79769313486232e+308,1.79769313486232e+308,1.79769313486232e+308,1.79769313486232e+308,1.79769313486232e+308,1.79769313486232e+308
85,"10/10/99",1,2010731,2,2,2,1.79769313486232e+308,1,2,1.79769313486232e+308,1.79769313486232e+308,1.79769313486232e+308,5
86,"10/10/99",1,2010831,2,2,2,1.79769313486232e+308,1,2,1.79769313486232e+308,1.79769313486232e+308,1.79769313486232e+308,5
87,"10/10/99",1,2010931,4,4,2,1.79769313486232e+308,1,1,9,1985,10,1.79769313486232e+308
88,"10/10/99",1,2011031,2,2,2,1.79769313486232e+308,1,2,1.79769313486232e+308,1.79769313486232e+308,1.79769313486232e+308,1
89,"10/10/99",1,2011131,2,2,2,1.79769313486232e+308,1,2,1.79769313486232e+308,1.79769313486232e+308,1.79769313486232e+308,5
90,"10/10/99",1,2011132,2,2,2,1.79769313486232e+308,1,1,5,1.79769313486232e+308,1.79769313486232e+308,1.79769313486232e+308
91,"10/10/99",1,2011231,2,2,2,1.79769313486232e+308,2,1.79769313486232e+308,1.79769313486232e+308,1.79769313486232e+308,1.79769313486232e+308,1.79769313486232e+308
92,"10/10/99",1,2011339,2,2,2,1.79769313486232e+308,1,1,5,1.79769313486232e+308,1.79769313486232e+308,1.79769313486232e+308
93,"10/10/99",1,2011439,1.79769313486232e+308,1.79769313486232e+308,1.79769313486232e+308,1.79769313486232e+308,1.79769313486232e+308,1.79769313486232e+308,1.79769313486232e+308,1.79769313486232e+308,1.79769313486232e+308,1.79769313486232e+308
94,"10/10/99",1,2011539,2,2,2,1.79769313486232e+308,2,1.79769313486232e+308,1.79769313486232e+308,1.79769313486232e+308,1.79769313486232e+308,1.79769313486232e+308
95,"10/10/99",1,2011639,2,2,2,1.79769313486232e+308,2,1.79769313486232e+308,1.79769313486232e+308,1.79769313486232e+308,1.79769313486232e+308,1.79769313486232e+308
96,"10/10/99",1,2011739,2,2,2,1.79769313486232e+308,2,1.79769313486232e+308,1.79769313486232e+308,1.79769313486232e+308,1.79769313486232e+308,1.79769313486232e+308
97,"10/10/99",1,2011839,2,2,2,1.79769313486232e+308,1,2,1.79769313486232e+308,1.79769313486232e+308,1.79769313486232e+308,1
98,"10/10/99",1,2011939,2,2,2,1.79769313486232e+308,1,1,5,1.79769313486232e+308,1.79769313486232e+308,1.79769313486232e+308
99,"10/10/99",1,2011939,4,4,2,1.79769313486232e+308,2,1.79769313486232e+308,1.79769313486232e+308,1.79769313486232e+308,1.79769313486232e+308,1.79769313486232e+308
100,"10/10/99",1,2012039,2,2,2,1.79769313486232e+308,1,2,1.79769313486232e+308,1.79769313486232e+308,1.79769313486232e+308,1
34,"9/30/99",1,2020131,2,2,2,1.79769313486232e+308,1,1,7,1.79769313486232e+308,1.79769313486232e+308,1.79769313486232e+308
35,"9/30/99",1,2020132,2,2,2,1.79769313486232e+308,1,1,5,1.79769313486232e+308,1.79769313486232e+308,1.79769313486232e+308
36,"9/30/99",1,2020133,1.79769313486232e+308,1.79769313486232e+308,1.79769313486232e+308,1.79769313486232e+308,1.79769313486232e+308,1.79769313486232e+308,1.79769313486232e+308,1.79769313486232e+308,1.79769313486232e+308,1.79769313486232e+308
68,"9/30/99",1,2020141,2,2,2,1.79769313486232e+308,2,1.79769313486232e+308,1.79769313486232e+308,1.79769313486232e+308,1.79769313486232e+308,1.79769313486232e+308
73,"9/30/99",1,2020151,2,4,2,1.79769313486232e+308,1,2,1.79769313486232e+308,1.79769313486232e+308,1.79769313486232e+308,1
37,"9/30/99",1,2020231,2,2,2,1.79769313486232e+308,1,2,1.79769313486232e+308,1.79769313486232e+308,1.79769313486232e+308,1
38,"9/30/99",1,2020232,1,1,2,1.79769313486232e+308,1,2,1.79769313486232e+308,1.79769313486232e+308,1.79769313486232e+308,5
69,"9/30/99",1,2020241,2,2,2,1.79769313486232e+308,1,1,5,1.79769313486232e+308,1.79769313486232e+308,1.79769313486232e+308
74,"9/30/99",1,2020251,1.79769313486232e+308,1.79769313486232e+308,1.79769313486232e+308,1.79769313486232e+308,1.79769313486232e+308,1.79769313486232e+308,1.79769313486232e+308,1.79769313486232e+308,1.79769313486232e+308,1.79769313486232e+308
75,"9/30/99",1,2020252,1.79769313486232e+308,1.79769313486232e+308,1.79769313486232e+308,1.79769313486232e+308,1.79769313486232e+308,1.79769313486232e+308,1.79769313486232e+308,1.79769313486232e+308,1.79769313486232e+308,1.79769313486232e+308
39,"9/30/99",1,2020331,2,2,2,1.79769313486232e+308,1,2,1.79769313486232e+308,1.79769313486232e+308,1.79769313486232e+308,5
40,"9/30/99",1,2020332,2,2,1,9,1,1.79769313486232e+308,1.79769313486232e+308,1.79769313486232e+308,1.79769313486232e+308,5
41,"9/30/99",1,2020333,2,2,2,1.79769313486232e+308,2,1.79769313486232e+308,1.79769313486232e+308,1.79769313486232e+308,1.79769313486232e+308,1.79769313486232e+308
70,"9/30/99",1,2020341,2,2,2,1.79769313486232e+308,1,1,5,1.79769313486232e+308,1.79769313486232e+308,1.79769313486232e+308
76,"9/30/99",1,2020351,2,2,1,6,1,1.79769313486232e+308,1.79769313486232e+308,1.79769313486232e+308,1.79769313486232e+308,5
42,"9/30/99",1,2020431,1.79769313486232e+308,1.79769313486232e+308,1.79769313486232e+308,1.79769313486232e+308,1.79769313486232e+308,1.79769313486232e+308,1.79769313486232e+308,1.79769313486232e+308,1.79769313486232e+308,1.79769313486232e+308
43,"9/30/99",1,2020432,2,2,2,1.79769313486232e+308,2,1.79769313486232e+308,1.79769313486232e+308,1.79769313486232e+308,1.79769313486232e+308,1.79769313486232e+308
71,"9/30/99",1,2020441,2,2,2,1.79769313486232e+308,1,2,1.79769313486232e+308,1.79769313486232e+308,1.79769313486232e+308,5
77,"9/30/99",1,2020459,2,2,2,1.79769313486232e+308,1,2,1.79769313486232e+308,1.79769313486232e+308,1.79769313486232e+308,5
44,"9/30/99",1,2020531,1.79769313486232e+308,1.79769313486232e+308,1.79769313486232e+308,1.79769313486232e+308,1.79769313486232e+308,1.79769313486232e+308,1.79769313486232e+308,1.79769313486232e+308,1.79769313486232e+308,1.79769313486232e+308
72,"9/30/99",1,2020541,1.79769313486232e+308,1.79769313486232e+308,1.79769313486232e+308,1.79769313486232e+308,1.79769313486232e+308,1.79769313486232e+308,1.79769313486232e+308,1.79769313486232e+308,1.79769313486232e+308,1.79769313486232e+308
45,"9/30/99",1,2020631,2,2,2,1.79769313486232e+308,1,2,1.79769313486232e+308,1.79769313486232e+308,1.79769313486232e+308,5
46,"9/30/99",1,2020731,2,2,2,1.79769313486232e+308,1,1,7,1.79769313486232e+308,1.79769313486232e+308,1.79769313486232e+308
47,"9/30/99",1,2020831,2,2,2,1.79769313486232e+308,1,1,8,1981,6,1.79769313486232e+308
48,"9/30/99",1,2020832,2,2,2,1.79769313486232e+308,2,1.79769313486232e+308,1.79769313486232e+308,1.79769313486232e+308,1.79769313486232e+308,1.79769313486232e+308
49,"9/30/99",1,2020931,1.79769313486232e+308,1.79769313486232e+308,1.79769313486232e+308,1.79769313486232e+308,1.79769313486232e+308,1.79769313486232e+308,1.79769313486232e+308,1.79769313486232e+308,1.79769313486232e+308,1.79769313486232e+308
50,"9/30/99",1,2020932,2,2,2,1.79769313486232e+308,1,1,5,1.79769313486232e+308,1.79769313486232e+308,1.79769313486232e+308
51,"9/30/99",1,2021031,2,2,2,1.79769313486232e+308,1,2,1.79769313486232e+308,1.79769313486232e+308,1.79769313486232e+308,5
52,"9/30/99",1,2021031,7,7,2,1.79769313486232e+308,2,1.79769313486232e+308,1.79769313486232e+308,1.79769313486232e+308,1.79769313486232e+308,1.79769313486232e+308
53,"9/30/99",1,2021032,2,2,2,1.79769313486232e+308,1,1,5,1.79769313486232e+308,1.79769313486232e+308,1.79769313486232e+308
54,"9/30/99",1,2021131,2,2,2,1.79769313486232e+308,1,1,5,1.79769313486232e+308,1.79769313486232e+308,1.79769313486232e+308
55,"9/30/99",1,2021231,2,2,2,1.79769313486232e+308,2,1.79769313486232e+308,1.79769313486232e+308,1.79769313486232e+308,1.79769313486232e+308,1.79769313486232e+308
56,"9/30/99",1,2021232,2,2,2,1.79769313486232e+308,1,1,5,1.79769313486232e+308,1.79769313486232e+308,1.79769313486232e+308
57,"9/30/99",1,2021339,1.79769313486232e+308,1.79769313486232e+308,1.79769313486232e+308,1.79769313486232e+308,1.79769313486232e+308,1.79769313486232e+308,1.79769313486232e+308,1.79769313486232e+308,1.79769313486232e+308,1.79769313486232e+308
58,"9/30/99",1,2021439,2,2,2,1.79769313486232e+308,2,1.79769313486232e+308,1.79769313486232e+308,1.79769313486232e+308,1.79769313486232e+308,1.79769313486232e+308
59,"9/30/99",1,2021439,4,4,2,1.79769313486232e+308,2,1.79769313486232e+308,1.79769313486232e+308,1.79769313486232e+308,1.79769313486232e+308,1.79769313486232e+308
60,"9/30/99",1,2021539,2,2,2,1.79769313486232e+308,1,1,7,1993,1.79769313486232e+308,1.79769313486232e+308
61,"9/30/99",1,2021639,1.79769313486232e+308,1.79769313486232e+308,1.79769313486232e+308,1.79769313486232e+308,1.79769313486232e+308,1.79769313486232e+308,1.79769313486232e+308,1.79769313486232e+308,1.79769313486232e+308,1.79769313486232e+308
62,"9/30/99",1,2021739,2,2,2,1.79769313486232e+308,2,1.79769313486232e+308,1.79769313486232e+308,1.79769313486232e+308,1.79769313486232e+308,1.79769313486232e+308
63,"9/30/99",1,2021839,1.79769313486232e+308,1.79769313486232e+308,1.79769313486232e+308,1.79769313486232e+308,1.79769313486232e+308,1.79769313486232e+308,1.79769313486232e+308,1.79769313486232e+308,1.79769313486232e+308,1.79769313486232e+308
64,"9/30/99",1,2021939,3,3,1,6,2,1.79769313486232e+308,1.79769313486232e+308,1.79769313486232e+308,1.79769313486232e+308,1.79769313486232e+308
65,"9/30/99",1,2022039,1,1,2,1.79769313486232e+308,2,1.79769313486232e+308,1.79769313486232e+308,1.79769313486232e+308,1.79769313486232e+308,1.79769313486232e+308
66,"9/30/99",1,2022139,1.79769313486232e+308,1.79769313486232e+308,1.79769313486232e+308,1.79769313486232e+308,1.79769313486232e+308,1.79769313486232e+308,1.79769313486232e+308,1.79769313486232e+308,1.79769313486232e+308,1.79769313486232e+308
67,"9/30/99",1,2022239,4,2,2,1.79769313486232e+308,2,1.79769313486232e+308,1.79769313486232e+308,1.79769313486232e+308,1.79769313486232e+308,1.79769313486232e+308
87,"7/20/99",1,2030131,1.79769313486232e+308,1.79769313486232e+308,1.79769313486232e+308,1.79769313486232e+308,1.79769313486232e+308,1.79769313486232e+308,1.79769313486232e+308,1.79769313486232e+308,1.79769313486232e+308,1.79769313486232e+308
106,"7/20/99",1,2030141,2,2,1,4,2,1.79769313486232e+308,1.79769313486232e+308,1.79769313486232e+308,1.79769313486232e+308,1.79769313486232e+308
112,"7/20/99",1,2030151,1.79769313486232e+308,1.79769313486232e+308,1.79769313486232e+308,1.79769313486232e+308,1.79769313486232e+308,1.79769313486232e+308,1.79769313486232e+308,1.79769313486232e+308,1.79769313486232e+308,1.79769313486232e+308
113,"7/20/99",1,2030152,2,2,1,9,2,1.79769313486232e+308,1.79769313486232e+308,1.79769313486232e+308,1.79769313486232e+308,1.79769313486232e+308
88,"7/20/99",1,2030231,2,2,2,1.79769313486232e+308,1,1,5,1.79769313486232e+308,1.79769313486232e+308,1.79769313486232e+308
107,"7/20/99",1,2030241,2,2,2,1.79769313486232e+308,1,2,1.79769313486232e+308,1.79769313486232e+308,1.79769313486232e+308,5
108,"7/20/99",1,2030241,9,2,1,4,1,1.79769313486232e+308,1.79769313486232e+308,1.79769313486232e+308,1.79769313486232e+308,5
114,"7/20/99",1,2030251,2,2,2,1.79769313486232e+308,1,1,5,1.79769313486232e+308,1.79769313486232e+308,1.79769313486232e+308
89,"7/20/99",1,2030331,2,2,2,1.79769313486232e+308,1,1,1,1.79769313486232e+308,1.79769313486232e+308,1.79769313486232e+308
90,"7/20/99",1,2030331,7,2,2,1.79769313486232e+308,2,1.79769313486232e+308,1.79769313486232e+308,1.79769313486232e+308,1.79769313486232e+308,1.79769313486232e+308
109,"7/20/99",1,2030341,2,2,2,1.79769313486232e+308,1,1,5,1.79769313486232e+308,1.79769313486232e+308,1.79769313486232e+308
110,"7/20/99",1,2030342,2,2,1,8,2,1.79769313486232e+308,1.79769313486232e+308,1.79769313486232e+308,1.79769313486232e+308,1.79769313486232e+308
115,"7/20/99",1,2030351,2,2,1,8,1,1.79769313486232e+308,1.79769313486232e+308,1.79769313486232e+308,1.79769313486232e+308,5
91,"7/20/99",1,2030431,1.79769313486232e+308,1.79769313486232e+308,1.79769313486232e+308,1.79769313486232e+308,1.79769313486232e+308,1.79769313486232e+308,1.79769313486232e+308,1.79769313486232e+308,1.79769313486232e+308,1.79769313486232e+308
92,"7/20/99",1,2030432,2,2,2,1.79769313486232e+308,1,1,5,1.79769313486232e+308,1.79769313486232e+308,1.79769313486232e+308
111,"7/20/99",1,2030441,2,2,2,1.79769313486232e+308,1,2,1.79769313486232e+308,1.79769313486232e+308,1.79769313486232e+308,5
116,"7/20/99",1,2030459,2,1,2,1.79769313486232e+308,1,1,5,1.79769313486232e+308,1.79769313486232e+308,1.79769313486232e+308
93,"7/20/99",1,2030531,2,2,2,1.79769313486232e+308,2,1.79769313486232e+308,1.79769313486232e+308,1.79769313486232e+308,1.79769313486232e+308,1.79769313486232e+308
94,"7/20/99",1,2030731,2,2,2,1.79769313486232e+308,1,1,8,1980,2,1.79769313486232e+308
95,"7/20/99",1,2030731,5,5,2,1.79769313486232e+308,1,2,1.79769313486232e+308,1.79769313486232e+308,1.79769313486232e+308,2
96,"7/20/99",1,2030831,2,2,2,1.79769313486232e+308,1,1,1,1.79769313486232e+308,1.79769313486232e+308,1.79769313486232e+308
97,"7/20/99",1,2030931,2,2,2,1.79769313486232e+308,1,1,8,1988,10,1.79769313486232e+308
98,"7/20/99",1,2031031,2,2,2,1.79769313486232e+308,1,2,1.79769313486232e+308,1.79769313486232e+308,1.79769313486232e+308,9
99,"7/20/99",1,2031131,2,2,2,1.79769313486232e+308,1,1,8,1988,10,1.79769313486232e+308
100,"7/20/99",1,2031131,5,5,2,1.79769313486232e+308,2,1.79769313486232e+308,1.79769313486232e+308,1.79769313486232e+308,1.79769313486232e+308,1.79769313486232e+308
101,"7/20/99",1,2031231,2,2,2,1.79769313486232e+308,1,1,5,1.79769313486232e+308,1.79769313486232e+308,1.79769313486232e+308
102,"7/20/99",1,2031339,2,2,2,1.79769313486232e+308,2,1.79769313486232e+308,1.79769313486232e+308,1.79769313486232e+308,1.79769313486232e+308,1.79769313486232e+308
103,"7/20/99",1,2031439,2,1,2,1.79769313486232e+308,1,2,1.79769313486232e+308,1.79769313486232e+308,1.79769313486232e+308,5
104,"7/20/99",1,2031539,2,2,2,1.79769313486232e+308,1,1,5,1.79769313486232e+308,1.79769313486232e+308,1.79769313486232e+308
105,"7/20/99",1,2031639,1.79769313486232e+308,1.79769313486232e+308,1.79769313486232e+308,1.79769313486232e+308,1.79769313486232e+308,1.79769313486232e+308,1.79769313486232e+308,1.79769313486232e+308,1.79769313486232e+308,1.79769313486232e+308
190,"6/23/99",1,2110131,2,1,2,1.79769313486232e+308,1,2,1.79769313486232e+308,1.79769313486232e+308,1.79769313486232e+308,5
213,"6/23/99",1,2110141,2,1,2,1.79769313486232e+308,2,1.79769313486232e+308,1.79769313486232e+308,1.79769313486232e+308,1.79769313486232e+308,1.79769313486232e+308
214,"6/23/99",1,2110141,7,5,2,1.79769313486232e+308,1,1,5,1.79769313486232e+308,1.79769313486232e+308,1.79769313486232e+308
215,"6/23/99",1,2110142,2,1,2,1.79769313486232e+308,1,1,5,1.79769313486232e+308,1.79769313486232e+308,1.79769313486232e+308
221,"6/23/99",1,2110151,4,3,2,1.79769313486232e+308,1,2,1.79769313486232e+308,1.79769313486232e+308,1.79769313486232e+308,5
193,"6/23/99",1,2110231,8,3,2,1.79769313486232e+308,1,1,5,1.79769313486232e+308,1.79769313486232e+308,1.79769313486232e+308
191,"6/23/99",1,2110231,10,10,2,1.79769313486232e+308,1,1,5,1.79769313486232e+308,1.79769313486232e+308,1.79769313486232e+308
192,"6/23/99",1,2110231,12,10,1,5,1,1.79769313486232e+308,1.79769313486232e+308,1.79769313486232e+308,1.79769313486232e+308,5
216,"6/23/99",1,2110241,1.79769313486232e+308,1.79769313486232e+308,1.79769313486232e+308,1.79769313486232e+308,1.79769313486232e+308,1.79769313486232e+308,1.79769313486232e+308,1.79769313486232e+308,1.79769313486232e+308,1.79769313486232e+308
217,"6/23/99",1,2110242,2,1,2,1.79769313486232e+308,1,1,5,1.79769313486232e+308,1.79769313486232e+308,1.79769313486232e+308
222,"6/23/99",1,2110251,5,3,2,1.79769313486232e+308,1,1,10,1.79769313486232e+308,1.79769313486232e+308,1.79769313486232e+308
223,"6/23/99",1,2110251,6,4,2,1.79769313486232e+308,1,1,5,1.79769313486232e+308,1.79769313486232e+308,1.79769313486232e+308
194,"6/23/99",1,2110331,2,1,2,1.79769313486232e+308,1,1,5,1.79769313486232e+308,1.79769313486232e+308,1.79769313486232e+308
218,"6/23/99",1,2110341,1.79769313486232e+308,1.79769313486232e+308,1.79769313486232e+308,1.79769313486232e+308,1.79769313486232e+308,1.79769313486232e+308,1.79769313486232e+308,1.79769313486232e+308,1.79769313486232e+308,1.79769313486232e+308
224,"6/23/99",1,2110351,7,7,2,1.79769313486232e+308,1,1,5,1.79769313486232e+308,1.79769313486232e+308,1.79769313486232e+308
195,"6/23/99",1,2110431,2,1,2,1.79769313486232e+308,1,2,1.79769313486232e+308,1.79769313486232e+308,1.79769313486232e+308,7
219,"6/23/99",1,2110441,2,2,2,1.79769313486232e+308,2,1.79769313486232e+308,1.79769313486232e+308,1.79769313486232e+308,1.79769313486232e+308,1.79769313486232e+308
225,"6/23/99",1,2110459,2,1,2,1.79769313486232e+308,1,1,1,1.79769313486232e+308,1.79769313486232e+308,1.79769313486232e+308
226,"6/23/99",1,2110459,4,3,2,1.79769313486232e+308,2,1.79769313486232e+308,1.79769313486232e+308,1.79769313486232e+308,1.79769313486232e+308,1.79769313486232e+308
196,"6/23/99",1,2110531,2,1,2,1.79769313486232e+308,1,1,5,1.79769313486232e+308,1.79769313486232e+308,1.79769313486232e+308
220,"6/23/99",1,2110541,2,1,2,1.79769313486232e+308,1,1,5,1.79769313486232e+308,1.79769313486232e+308,1.79769313486232e+308
197,"6/23/99",1,2110631,2,1,1,5,2,1.79769313486232e+308,1.79769313486232e+308,1.79769313486232e+308,1.79769313486232e+308,1.79769313486232e+308
198,"6/23/99",1,2110731,2,1,2,1.79769313486232e+308,1,1,5,1.79769313486232e+308,1.79769313486232e+308,1.79769313486232e+308
199,"6/23/99",1,2110831,2,2,2,1.79769313486232e+308,1,1,5,1.79769313486232e+308,1.79769313486232e+308,1.79769313486232e+308
200,"6/23/99",1,2110832,2,2,2,1.79769313486232e+308,1,1,5,1.79769313486232e+308,1.79769313486232e+308,1.79769313486232e+308
201,"6/23/99",1,2110931,2,2,2,1.79769313486232e+308,1,1,7,1.79769313486232e+308,1.79769313486232e+308,1.79769313486232e+308
202,"6/23/99",1,2111031,1.79769313486232e+308,1.79769313486232e+308,1.79769313486232e+308,1.79769313486232e+308,1.79769313486232e+308,1.79769313486232e+308,1.79769313486232e+308,1.79769313486232e+308,1.79769313486232e+308,1.79769313486232e+308
203,"6/23/99",1,2111131,2,1,2,1.79769313486232e+308,1,1,5,1.79769313486232e+308,1.79769313486232e+308,1.79769313486232e+308
204,"6/23/99",1,2111231,2,2,2,1.79769313486232e+308,2,1.79769313486232e+308,1.79769313486232e+308,1.79769313486232e+308,1.79769313486232e+308,1.79769313486232e+308
205,"6/23/99",1,2111232,2,1,2,1.79769313486232e+308,1,1,7,1998,12,1.79769313486232e+308
206,"6/23/99",1,2111233,2,2,2,1.79769313486232e+308,2,1.79769313486232e+308,1.79769313486232e+308,1.79769313486232e+308,1.79769313486232e+308,1.79769313486232e+308
207,"6/23/99",1,2111339,2,1,2,1.79769313486232e+308,1,1,5,1.79769313486232e+308,1.79769313486232e+308,1.79769313486232e+308
208,"6/23/99",1,2111439,2,2,2,1.79769313486232e+308,1,1,5,1.79769313486232e+308,1.79769313486232e+308,1.79769313486232e+308
209,"6/23/99",1,2111539,2,1,2,1.79769313486232e+308,1,1,5,1.79769313486232e+308,1.79769313486232e+308,1.79769313486232e+308
210,"6/23/99",1,2111639,2,2,2,1.79769313486232e+308,1,2,1.79769313486232e+308,1.79769313486232e+308,1.79769313486232e+308,5
211,"6/23/99",1,2111739,2,2,2,1.79769313486232e+308,2,1.79769313486232e+308,1.79769313486232e+308,1.79769313486232e+308,1.79769313486232e+308,1.79769313486232e+308
212,"6/23/99",1,2111839,2,2,2,1.79769313486232e+308,1,1,5,1.79769313486232e+308,1.79769313486232e+308,1.79769313486232e+308
19,"8/05/95",1,2120131,2,2,2,1.79769313486232e+308,1,1,5,1.79769313486232e+308,1.79769313486232e+308,1.79769313486232e+308
6,"6/19/99",1,2120141,1.79769313486232e+308,1.79769313486232e+308,1.79769313486232e+308,1.79769313486232e+308,1.79769313486232e+308,1.79769313486232e+308,1.79769313486232e+308,1.79769313486232e+308,1.79769313486232e+308,1.79769313486232e+308
7,"6/19/99",1,2120142,2,2,2,1.79769313486232e+308,2,1.79769313486232e+308,1.79769313486232e+308,1.79769313486232e+308,1.79769313486232e+308,1.79769313486232e+308
13,"6/19/99",1,2120151,10,9,1,7,2,1.79769313486232e+308,1.79769313486232e+308,1.79769313486232e+308,1.79769313486232e+308,1.79769313486232e+308
20,"8/05/95",1,2120231,2,1,2,1.79769313486232e+308,2,1.79769313486232e+308,1.79769313486232e+308,1.79769313486232e+308,1.79769313486232e+308,1.79769313486232e+308
21,"8/05/95",1,2120231,7,3,2,1.79769313486232e+308,2,1.79769313486232e+308,1.79769313486232e+308,1.79769313486232e+308,1.79769313486232e+308,1.79769313486232e+308
8,"6/19/99",1,2120241,2,1,2,1.79769313486232e+308,1,1,5,1.79769313486232e+308,1.79769313486232e+308,1.79769313486232e+308
14,"6/19/99",1,2120251,6,1,2,1.79769313486232e+308,1,1,5,1.79769313486232e+308,1.79769313486232e+308,1.79769313486232e+308
22,"8/05/95",1,2120331,2,2,2,1.79769313486232e+308,1,1,5,1.79769313486232e+308,1.79769313486232e+308,1.79769313486232e+308
9,"6/19/99",1,2120341,2,1,2,1.79769313486232e+308,1,1,5,1.79769313486232e+308,1.79769313486232e+308,1.79769313486232e+308
10,"6/19/99",1,2120342,2,1,2,1.79769313486232e+308,1,1,5,1.79769313486232e+308,1.79769313486232e+308,1.79769313486232e+308
16,"6/19/99",1,2120351,1.79769313486232e+308,1.79769313486232e+308,1.79769313486232e+308,1.79769313486232e+308,1.79769313486232e+308,1.79769313486232e+308,1.79769313486232e+308,1.79769313486232e+308,1.79769313486232e+308,1.79769313486232e+308
17,"6/19/99",1,2120352,2,1,2,1.79769313486232e+308,1,1,5,1.79769313486232e+308,1.79769313486232e+308,1.79769313486232e+308
23,"8/05/95",1,2120431,2,2,2,1.79769313486232e+308,1,2,1.79769313486232e+308,1.79769313486232e+308,1.79769313486232e+308,5
11,"6/19/99",1,2120441,1.79769313486232e+308,1.79769313486232e+308,1.79769313486232e+308,1.79769313486232e+308,1.79769313486232e+308,1.79769313486232e+308,1.79769313486232e+308,1.79769313486232e+308,1.79769313486232e+308,1.79769313486232e+308
18,"6/19/99",1,2120459,4,4,2,1.79769313486232e+308,1,1,5,1.79769313486232e+308,1.79769313486232e+308,1.79769313486232e+308
24,"8/05/95",1,2120531,2,1,2,1.79769313486232e+308,1,1,5,1.79769313486232e+308,1.79769313486232e+308,1.79769313486232e+308
12,"6/19/99",1,2120541,1.79769313486232e+308,1.79769313486232e+308,1.79769313486232e+308,1.79769313486232e+308,1.79769313486232e+308,1.79769313486232e+308,1.79769313486232e+308,1.79769313486232e+308,1.79769313486232e+308,1.79769313486232e+308
25,"8/05/95",1,2120631,2,1,2,1.79769313486232e+308,2,1.79769313486232e+308,1.79769313486232e+308,1.79769313486232e+308,1.79769313486232e+308,1.79769313486232e+308
26,"8/05/95",1,2120731,2,1,2,1.79769313486232e+308,1,1,5,1.79769313486232e+308,1.79769313486232e+308,1.79769313486232e+308
27,"8/05/95",1,2120831,2,2,2,1.79769313486232e+308,2,1.79769313486232e+308,1.79769313486232e+308,1.79769313486232e+308,1.79769313486232e+308,1.79769313486232e+308
28,"8/05/95",1,2120931,1.79769313486232e+308,1.79769313486232e+308,1.79769313486232e+308,1.79769313486232e+308,1.79769313486232e+308,1.79769313486232e+308,1.79769313486232e+308,1.79769313486232e+308,1.79769313486232e+308,1.79769313486232e+308
29,"8/05/95",1,2120932,2,2,2,1.79769313486232e+308,2,1.79769313486232e+308,1.79769313486232e+308,1.79769313486232e+308,1.79769313486232e+308,1.79769313486232e+308
30,"8/05/95",1,2120933,2,2,2,1.79769313486232e+308,2,1.79769313486232e+308,1.79769313486232e+308,1.79769313486232e+308,1.79769313486232e+308,1.79769313486232e+308
31,"8/05/95",1,2121031,2,1,2,1.79769313486232e+308,1,1,5,1.79769313486232e+308,1.79769313486232e+308,1.79769313486232e+308
32,"8/05/95",1,2121131,2,1,2,1.79769313486232e+308,1,1,5,1.79769313486232e+308,1.79769313486232e+308,1.79769313486232e+308
33,"8/05/95",1,2121231,2,1,2,1.79769313486232e+308,2,1.79769313486232e+308,1.79769313486232e+308,1.79769313486232e+308,1.79769313486232e+308,1.79769313486232e+308
34,"8/05/95",1,2121232,2,1,2,1.79769313486232e+308,2,1.79769313486232e+308,1.79769313486232e+308,1.79769313486232e+308,1.79769313486232e+308,1.79769313486232e+308
35,"8/05/95",1,2121339,2,2,2,1.79769313486232e+308,1,2,1.79769313486232e+308,1.79769313486232e+308,1.79769313486232e+308,1.79769313486232e+308
1,"7/29/95",1,2121439,1.79769313486232e+308,1.79769313486232e+308,1.79769313486232e+308,1.79769313486232e+308,1.79769313486232e+308,1.79769313486232e+308,1.79769313486232e+308,1.79769313486232e+308,1.79769313486232e+308,1.79769313486232e+308
2,"6/19/99",1,2121539,1.79769313486232e+308,1.79769313486232e+308,1.79769313486232e+308,1.79769313486232e+308,1.79769313486232e+308,1.79769313486232e+308,1.79769313486232e+308,1.79769313486232e+308,1.79769313486232e+308,1.79769313486232e+308
3,"6/19/99",1,2121639,2,1,2,1.79769313486232e+308,1,1,5,1.79769313486232e+308,1.79769313486232e+308,1.79769313486232e+308
4,"6/19/99",1,2121739,2,2,2,1.79769313486232e+308,1,1,5,1.79769313486232e+308,1.79769313486232e+308,1.79769313486232e+308
5,"6/19/99",1,2121839,2,2,2,1.79769313486232e+308,1,1,8,1984,9,1.79769313486232e+308
84,"8/30/99",1,2130131,3,2,2,1.79769313486232e+308,2,1.79769313486232e+308,1.79769313486232e+308,1.79769313486232e+308,1.79769313486232e+308,1.79769313486232e+308
113,"8/30/99",1,2130141,2,1,2,1.79769313486232e+308,1,1,5,1.79769313486232e+308,1.79769313486232e+308,1.79769313486232e+308
119,"8/30/99",1,2130151,2,1,1,8,1,1.79769313486232e+308,1.79769313486232e+308,1.79769313486232e+308,1.79769313486232e+308,5
85,"8/30/99",1,2130231,1.79769313486232e+308,1.79769313486232e+308,1.79769313486232e+308,1.79769313486232e+308,1.79769313486232e+308,1.79769313486232e+308,1.79769313486232e+308,1.79769313486232e+308,1.79769313486232e+308,1.79769313486232e+308
114,"8/30/99",1,2130241,1.79769313486232e+308,1.79769313486232e+308,1.79769313486232e+308,1.79769313486232e+308,1.79769313486232e+308,1.79769313486232e+308,1.79769313486232e+308,1.79769313486232e+308,1.79769313486232e+308,1.79769313486232e+308
115,"8/30/99",1,2130242,2,2,2,1.79769313486232e+308,2,1.79769313486232e+308,1.79769313486232e+308,1.79769313486232e+308,1.79769313486232e+308,1.79769313486232e+308
86,"8/30/99",1,2130331,2,2,2,1.79769313486232e+308,1,1,7,1985,11,1.79769313486232e+308
116,"8/30/99",1,2130341,2,1,2,1.79769313486232e+308,1,1,8,1991,7,1.79769313486232e+308
120,"8/30/99",1,2130351,1.79769313486232e+308,1.79769313486232e+308,1.79769313486232e+308,1.79769313486232e+308,1.79769313486232e+308,1.79769313486232e+308,1.79769313486232e+308,1.79769313486232e+308,1.79769313486232e+308,1.79769313486232e+308
87,"8/30/99",1,2130431,2,2,2,1.79769313486232e+308,2,1.79769313486232e+308,1.79769313486232e+308,1.79769313486232e+308,1.79769313486232e+308,1.79769313486232e+308
88,"8/30/99",1,2130432,2,2,2,1.79769313486232e+308,1,1,5,1.79769313486232e+308,1.79769313486232e+308,1.79769313486232e+308
117,"8/30/99",1,2130441,2,1,1,6,1,1.79769313486232e+308,1.79769313486232e+308,1.79769313486232e+308,1.79769313486232e+308,5
121,"8/30/99",1,2130459,2,1,2,1.79769313486232e+308,1,1,5,1.79769313486232e+308,1.79769313486232e+308,1.79769313486232e+308
89,"8/30/99",1,2130531,2,1,2,1.79769313486232e+308,1,1,5,1.79769313486232e+308,1.79769313486232e+308,1.79769313486232e+308
118,"8/30/99",1,2130541,2,2,2,1.79769313486232e+308,1,1,5,1.79769313486232e+308,1.79769313486232e+308,1.79769313486232e+308
91,"8/30/99",1,2130631,1.79769313486232e+308,1.79769313486232e+308,1.79769313486232e+308,1.79769313486232e+308,1.79769313486232e+308,1.79769313486232e+308,1.79769313486232e+308,1.79769313486232e+308,1.79769313486232e+308,1.79769313486232e+308
92,"8/30/99",1,2130731,2,1,2,1.79769313486232e+308,1,1,8,1990,7,1.79769313486232e+308
93,"8/30/99",1,2130831,2,1,2,1.79769313486232e+308,1,1,8,1995,8,1.79769313486232e+308
94,"8/30/99",1,2130832,2,1,2,1.79769313486232e+308,1,1,2,1.79769313486232e+308,1.79769313486232e+308,1.79769313486232e+308
95,"8/30/99",1,2130931,1.79769313486232e+308,1.79769313486232e+308,1.79769313486232e+308,1.79769313486232e+308,1.79769313486232e+308,1.79769313486232e+308,1.79769313486232e+308,1.79769313486232e+308,1.79769313486232e+308,1.79769313486232e+308
96,"8/30/99",1,2130932,2,1,2,1.79769313486232e+308,2,1.79769313486232e+308,1.79769313486232e+308,1.79769313486232e+308,1.79769313486232e+308,1.79769313486232e+308
97,"8/30/99",1,2130933,2,2,1,10,2,1.79769313486232e+308,1.79769313486232e+308,1.79769313486232e+308,1.79769313486232e+308,1.79769313486232e+308
98,"8/30/99",1,2130934,2,2,1,7,2,1.79769313486232e+308,1.79769313486232e+308,1.79769313486232e+308,1.79769313486232e+308,1.79769313486232e+308
99,"8/30/99",1,2131031,2,2,2,1.79769313486232e+308,1,1,7,1984,6,1.79769313486232e+308
100,"8/30/99",1,2131131,1.79769313486232e+308,1.79769313486232e+308,1.79769313486232e+308,1.79769313486232e+308,1.79769313486232e+308,1.79769313486232e+308,1.79769313486232e+308,1.79769313486232e+308,1.79769313486232e+308,1.79769313486232e+308
101,"8/30/99",1,2131132,2,1,2,1.79769313486232e+308,1,1,5,1.79769313486232e+308,1.79769313486232e+308,1.79769313486232e+308
102,"8/30/99",1,2131231,5,1,2,1.79769313486232e+308,1,2,1.79769313486232e+308,1.79769313486232e+308,1.79769313486232e+308,5
103,"8/30/99",1,2131339,2,2,2,1.79769313486232e+308,2,1.79769313486232e+308,1.79769313486232e+308,1.79769313486232e+308,1.79769313486232e+308,1.79769313486232e+308
104,"8/30/99",1,2131439,2,1,2,1.79769313486232e+308,1,1,8,1985,12,1.79769313486232e+308
105,"8/30/99",1,2131539,2,2,2,1.79769313486232e+308,2,1.79769313486232e+308,1.79769313486232e+308,1.79769313486232e+308,1.79769313486232e+308,1.79769313486232e+308
106,"8/30/99",1,2131639,2,1,2,1.79769313486232e+308,1,2,1.79769313486232e+308,1.79769313486232e+308,1.79769313486232e+308,5
107,"8/30/99",1,2131739,2,2,2,1.79769313486232e+308,2,1.79769313486232e+308,1.79769313486232e+308,1.79769313486232e+308,1.79769313486232e+308,1.79769313486232e+308
108,"8/30/99",1,2131839,2,2,2,1.79769313486232e+308,1,1,7,1995,11,1.79769313486232e+308
109,"8/30/99",1,2131939,2,2,2,1.79769313486232e+308,1,1,5,1.79769313486232e+308,1.79769313486232e+308,1.79769313486232e+308
110,"8/30/99",1,2132039,2,2,2,1.79769313486232e+308,1,1,8,1983,10,1.79769313486232e+308
111,"8/30/99",1,2132139,2,2,2,1.79769313486232e+308,1,1,9,1981,10,1.79769313486232e+308
112,"8/30/99",1,2132139,4,2,2,1.79769313486232e+308,1,2,1.79769313486232e+308,1.79769313486232e+308,1.79769313486232e+308,1
56,"8/10/99",1,2210131,2,2,2,1.79769313486232e+308,1,1,5,1.79769313486232e+308,1.79769313486232e+308,1.79769313486232e+308
83,"8/10/99",1,2210141,2,2,2,1.79769313486232e+308,1,1,5,1.79769313486232e+308,1.79769313486232e+308,1.79769313486232e+308
84,"8/10/99",1,2210141,10,10,2,1.79769313486232e+308,1,1,5,1.79769313486232e+308,1.79769313486232e+308,1.79769313486232e+308
92,"8/10/99",1,2210151,7,2,2,1.79769313486232e+308,1,1,5,1.79769313486232e+308,1.79769313486232e+308,1.79769313486232e+308
57,"8/10/99",1,2210231,2,2,2,1.79769313486232e+308,1,1,5,1.79769313486232e+308,1.79769313486232e+308,1.79769313486232e+308
85,"8/10/99",1,2210241,1.79769313486232e+308,1.79769313486232e+308,1.79769313486232e+308,1.79769313486232e+308,1.79769313486232e+308,1.79769313486232e+308,1.79769313486232e+308,1.79769313486232e+308,1.79769313486232e+308,1.79769313486232e+308
93,"8/10/99",1,2210251,1.79769313486232e+308,1.79769313486232e+308,1.79769313486232e+308,1.79769313486232e+308,1.79769313486232e+308,1.79769313486232e+308,1.79769313486232e+308,1.79769313486232e+308,1.79769313486232e+308,1.79769313486232e+308
94,"8/10/99",1,2210252,2,2,2,1.79769313486232e+308,1,1,5,1.79769313486232e+308,1.79769313486232e+308,1.79769313486232e+308
95,"8/10/99",1,2210253,2,2,2,1.79769313486232e+308,1,1,5,1.79769313486232e+308,1.79769313486232e+308,1.79769313486232e+308
58,"8/10/99",1,2210331,2,2,2,1.79769313486232e+308,1,1,5,1.79769313486232e+308,1.79769313486232e+308,1.79769313486232e+308
86,"8/10/99",1,2210341,2,2,2,1.79769313486232e+308,1,1,5,1.79769313486232e+308,1.79769313486232e+308,1.79769313486232e+308
96,"8/10/99",1,2210351,4,4,2,1.79769313486232e+308,2,1.79769313486232e+308,1.79769313486232e+308,1.79769313486232e+308,1.79769313486232e+308,1.79769313486232e+308
59,"8/10/99",1,2210431,2,2,2,1.79769313486232e+308,1,1,5,1.79769313486232e+308,1.79769313486232e+308,1.79769313486232e+308
87,"8/10/99",1,2210441,2,1,2,1.79769313486232e+308,1,1,8,1994,11,1.79769313486232e+308
97,"8/10/99",1,2210459,2,2,2,1.79769313486232e+308,1,2,1.79769313486232e+308,1.79769313486232e+308,1.79769313486232e+308,5
60,"8/10/99",1,2210531,1.79769313486232e+308,1.79769313486232e+308,1.79769313486232e+308,1.79769313486232e+308,1.79769313486232e+308,1.79769313486232e+308,1.79769313486232e+308,1.79769313486232e+308,1.79769313486232e+308,1.79769313486232e+308
88,"8/10/99",1,2210541,1.79769313486232e+308,1.79769313486232e+308,1.79769313486232e+308,1.79769313486232e+308,1.79769313486232e+308,1.79769313486232e+308,1.79769313486232e+308,1.79769313486232e+308,1.79769313486232e+308,1.79769313486232e+308
89,"8/10/99",1,2210542,2,2,2,1.79769313486232e+308,1,1,5,1.79769313486232e+308,1.79769313486232e+308,1.79769313486232e+308
90,"8/10/99",1,2210543,2,2,2,1.79769313486232e+308,1,1,5,1.79769313486232e+308,1.79769313486232e+308,1.79769313486232e+308
61,"8/10/99",1,2210631,2,2,2,1.79769313486232e+308,1,2,1.79769313486232e+308,1.79769313486232e+308,1.79769313486232e+308,5
91,"8/10/99",1,2210641,2,2,2,1.79769313486232e+308,1,1,7,1997,2,1.79769313486232e+308
62,"8/10/99",1,2210731,2,2,2,1.79769313486232e+308,1,1,7,1.79769313486232e+308,1.79769313486232e+308,1.79769313486232e+308
63,"8/10/99",1,2210831,2,2,2,1.79769313486232e+308,1,1,9,1983,10,1.79769313486232e+308
64,"8/10/99",1,2210931,2,2,1,6,1,1.79769313486232e+308,1.79769313486232e+308,1.79769313486232e+308,1.79769313486232e+308,5
65,"8/10/99",1,2211031,2,2,2,1.79769313486232e+308,1,2,1.79769313486232e+308,1.79769313486232e+308,1.79769313486232e+308,5
66,"8/10/99",1,2211131,2,2,2,1.79769313486232e+308,2,1.79769313486232e+308,1.79769313486232e+308,1.79769313486232e+308,1.79769313486232e+308,1.79769313486232e+308
67,"8/10/99",1,2211131,9,9,2,1.79769313486232e+308,1,1,5,1.79769313486232e+308,1.79769313486232e+308,1.79769313486232e+308
68,"8/10/99",1,2211231,5,5,2,1.79769313486232e+308,1,1,5,1.79769313486232e+308,1.79769313486232e+308,1.79769313486232e+308
69,"8/10/99",1,2211331,2,2,2,1.79769313486232e+308,1,1,5,1.79769313486232e+308,1.79769313486232e+308,1.79769313486232e+308
70,"8/10/99",1,2211431,2,2,2,1.79769313486232e+308,1,1,5,1.79769313486232e+308,1.79769313486232e+308,1.79769313486232e+308
71,"8/10/99",1,2211539,2,2,2,1.79769313486232e+308,1,1,5,1.79769313486232e+308,1.79769313486232e+308,1.79769313486232e+308
72,"8/10/99",1,2211639,2,2,2,1.79769313486232e+308,1,2,1.79769313486232e+308,1.79769313486232e+308,1.79769313486232e+308,5
73,"8/10/99",1,2211739,2,1,2,1.79769313486232e+308,1,1,5,1.79769313486232e+308,1.79769313486232e+308,1.79769313486232e+308
74,"8/10/99",1,2211839,2,2,2,1.79769313486232e+308,1,1,5,1.79769313486232e+308,1.79769313486232e+308,1.79769313486232e+308
75,"8/10/99",1,2211939,2,2,2,1.79769313486232e+308,1,2,1.79769313486232e+308,1.79769313486232e+308,1.79769313486232e+308,5
76,"8/10/99",1,2212039,2,2,2,1.79769313486232e+308,1,1,7,1997,7,1.79769313486232e+308
77,"8/10/99",1,2212139,2,2,2,1.79769313486232e+308,1,1,5,1.79769313486232e+308,1.79769313486232e+308,1.79769313486232e+308
78,"8/10/99",1,2212239,2,2,2,1.79769313486232e+308,1,1,5,1.79769313486232e+308,1.79769313486232e+308,1.79769313486232e+308
79,"8/10/99",1,2212339,2,2,2,1.79769313486232e+308,1,1,5,1.79769313486232e+308,1.79769313486232e+308,1.79769313486232e+308
80,"8/10/99",1,2212439,2,2,2,1.79769313486232e+308,1,1,5,1.79769313486232e+308,1.79769313486232e+308,1.79769313486232e+308
81,"8/10/99",1,2212539,2,2,2,1.79769313486232e+308,1,1,7,1998,2,1.79769313486232e+308
82,"8/10/99",1,2212639,2,2,2,1.79769313486232e+308,1,1,5,1.79769313486232e+308,1.79769313486232e+308,1.79769313486232e+308
1,"9/04/99",1,2220131,2,2,2,1.79769313486232e+308,1,1,5,1.79769313486232e+308,1.79769313486232e+308,1.79769313486232e+308
27,"9/04/99",1,2220141,2,2,2,1.79769313486232e+308,1,1,7,1998,10,1.79769313486232e+308
33,"9/04/99",1,2220151,9,9,2,1.79769313486232e+308,1,1,5,1.79769313486232e+308,1.79769313486232e+308,1.79769313486232e+308
34,"9/04/99",1,2220152,2,2,2,1.79769313486232e+308,1,1,5,1.79769313486232e+308,1.79769313486232e+308,1.79769313486232e+308
35,"9/04/99",1,2220153,2,2,2,1.79769313486232e+308,1,1,7,1999,6,1.79769313486232e+308
36,"9/04/99",1,2220154,2,2,2,1.79769313486232e+308,1,1,5,1.79769313486232e+308,1.79769313486232e+308,1.79769313486232e+308
2,"9/04/99",1,2220231,1.79769313486232e+308,1.79769313486232e+308,1.79769313486232e+308,1.79769313486232e+308,1.79769313486232e+308,1.79769313486232e+308,1.79769313486232e+308,1.79769313486232e+308,1.79769313486232e+308,1.79769313486232e+308
3,"9/04/99",1,2220232,2,2,2,1.79769313486232e+308,1,1,7,1.79769313486232e+308,1.79769313486232e+308,1.79769313486232e+308
4,"9/04/99",1,2220233,2,2,2,1.79769313486232e+308,1,1,7,1.79769313486232e+308,1.79769313486232e+308,1.79769313486232e+308
28,"9/04/99",1,2220241,2,2,2,1.79769313486232e+308,1,2,1.79769313486232e+308,1.79769313486232e+308,1.79769313486232e+308,5
37,"9/04/99",1,2220251,2,2,2,1.79769313486232e+308,1,1,5,1.79769313486232e+308,1.79769313486232e+308,1.79769313486232e+308
29,"9/04/99",1,2220341,1.79769313486232e+308,1.79769313486232e+308,1.79769313486232e+308,1.79769313486232e+308,1.79769313486232e+308,1.79769313486232e+308,1.79769313486232e+308,1.79769313486232e+308,1.79769313486232e+308,1.79769313486232e+308
38,"9/04/99",1,2220351,6,2,2,1.79769313486232e+308,1,1,5,1.79769313486232e+308,1.79769313486232e+308,1.79769313486232e+308
5,"9/04/99",1,2220431,3,3,2,1.79769313486232e+308,1,1,11,1998,11,1.79769313486232e+308
30,"9/04/99",1,2220441,1.79769313486232e+308,1.79769313486232e+308,1.79769313486232e+308,1.79769313486232e+308,1.79769313486232e+308,1.79769313486232e+308,1.79769313486232e+308,1.79769313486232e+308,1.79769313486232e+308,1.79769313486232e+308
31,"9/04/99",1,2220442,2,2,2,1.79769313486232e+308,1,1,7,1999,6,1.79769313486232e+308
39,"9/04/99",1,2220459,2,2,2,1.79769313486232e+308,1,1,8,1985,11,1.79769313486232e+308
6,"9/04/99",1,2220531,1.79769313486232e+308,1.79769313486232e+308,1.79769313486232e+308,1.79769313486232e+308,1.79769313486232e+308,1.79769313486232e+308,1.79769313486232e+308,1.79769313486232e+308,1.79769313486232e+308,1.79769313486232e+308
7,"9/04/99",1,2220532,2,2,2,1.79769313486232e+308,1,1,5,1.79769313486232e+308,1.79769313486232e+308,1.79769313486232e+308
8,"9/04/99",1,2220533,2,2,2,1.79769313486232e+308,1,1,5,1.79769313486232e+308,1.79769313486232e+308,1.79769313486232e+308
9,"9/04/99",1,2220631,1.79769313486232e+308,1.79769313486232e+308,1.79769313486232e+308,1.79769313486232e+308,1.79769313486232e+308,1.79769313486232e+308,1.79769313486232e+308,1.79769313486232e+308,1.79769313486232e+308,1.79769313486232e+308
32,"9/04/99",1,2220641,2,2,2,1.79769313486232e+308,1,1,7,1999,6,1.79769313486232e+308
10,"9/04/99",1,2220731,1.79769313486232e+308,1.79769313486232e+308,1.79769313486232e+308,1.79769313486232e+308,1.79769313486232e+308,1.79769313486232e+308,1.79769313486232e+308,1.79769313486232e+308,1.79769313486232e+308,1.79769313486232e+308
11,"9/04/99",1,2220831,5,5,2,1.79769313486232e+308,1,1,5,1.79769313486232e+308,1.79769313486232e+308,1.79769313486232e+308
12,"9/04/99",1,2220931,2,2,2,1.79769313486232e+308,1,1,7,1.79769313486232e+308,1.79769313486232e+308,1.79769313486232e+308
13,"9/04/99",1,2221031,1,1,2,1.79769313486232e+308,1,1,7,1998,1,1.79769313486232e+308
14,"9/04/99",1,2221131,1.79769313486232e+308,1.79769313486232e+308,1.79769313486232e+308,1.79769313486232e+308,1.79769313486232e+308,1.79769313486232e+308,1.79769313486232e+308,1.79769313486232e+308,1.79769313486232e+308,1.79769313486232e+308
15,"9/04/99",1,2221231,2,2,2,1.79769313486232e+308,1,1,5,1.79769313486232e+308,1.79769313486232e+308,1.79769313486232e+308
16,"9/04/99",1,2221331,2,2,2,1.79769313486232e+308,1,1,8,1989,6,1.79769313486232e+308
17,"9/04/99",1,2221431,2,2,2,1.79769313486232e+308,1,1,5,1.79769313486232e+308,1.79769313486232e+308,1.79769313486232e+308
18,"9/04/99",1,2221539,1.79769313486232e+308,1.79769313486232e+308,1.79769313486232e+308,1.79769313486232e+308,1.79769313486232e+308,1.79769313486232e+308,1.79769313486232e+308,1.79769313486232e+308,1.79769313486232e+308,1.79769313486232e+308
19,"9/04/99",1,2221639,4,2,2,1.79769313486232e+308,1,1,5,1.79769313486232e+308,1.79769313486232e+308,1.79769313486232e+308
20,"9/04/99",1,2221739,2,2,2,1.79769313486232e+308,1,1,7,1.79769313486232e+308,1.79769313486232e+308,1.79769313486232e+308
21,"9/04/99",1,2221839,4,2,2,1.79769313486232e+308,2,1.79769313486232e+308,1.79769313486232e+308,1.79769313486232e+308,1.79769313486232e+308,1.79769313486232e+308
1.79769313486232e+308,"10/14/99",1,2221939,1.79769313486232e+308,1.79769313486232e+308,1.79769313486232e+308,1.79769313486232e+308,1.79769313486232e+308,1.79769313486232e+308,1.79769313486232e+308,1.79769313486232e+308,1.79769313486232e+308,1.79769313486232e+308
23,"9/04/99",1,2222039,2,2,2,1.79769313486232e+308,1,1,7,1.79769313486232e+308,1.79769313486232e+308,1.79769313486232e+308
23,"9/04/99",1,2222139,1.79769313486232e+308,1.79769313486232e+308,1.79769313486232e+308,1.79769313486232e+308,1.79769313486232e+308,1.79769313486232e+308,1.79769313486232e+308,1.79769313486232e+308,1.79769313486232e+308,1.79769313486232e+308
24,"9/04/99",1,2222239,2,2,2,1.79769313486232e+308,1,1,7,1995,12,1.79769313486232e+308
25,"9/04/99",1,2222339,2,2,2,1.79769313486232e+308,1,1,7,1998,11,1.79769313486232e+308
26,"9/04/99",1,2222439,2,2,2,1.79769313486232e+308,1,1,5,1.79769313486232e+308,1.79769313486232e+308,1.79769313486232e+308
156,"6/17/99",1,2230131,2,2,2,1.79769313486232e+308,1,2,1.79769313486232e+308,1.79769313486232e+308,1.79769313486232e+308,5
157,"6/23/99",1,2230132,2,2,2,1.79769313486232e+308,2,1.79769313486232e+308,1.79769313486232e+308,1.79769313486232e+308,1.79769313486232e+308,1.79769313486232e+308
187,"6/23/99",1,2230141,2,2,2,1.79769313486232e+308,1,1,8,1995,5,1.79769313486232e+308
193,"6/23/99",1,2230151,2,2,2,1.79769313486232e+308,1,1,5,1.79769313486232e+308,1.79769313486232e+308,1.79769313486232e+308
158,"6/23/99",1,2230231,2,2,2,1.79769313486232e+308,1,1,8,1994,12,1.79769313486232e+308
159,"6/23/99",1,2230231,6,6,2,1.79769313486232e+308,1,1,5,1.79769313486232e+308,1.79769313486232e+308,1.79769313486232e+308
160,"6/23/99",1,2230232,2,2,2,1.79769313486232e+308,1,1,5,1.79769313486232e+308,1.79769313486232e+308,1.79769313486232e+308
188,"6/23/99",1,2230241,2,2,2,1.79769313486232e+308,1,1,7,1995,4,1.79769313486232e+308
194,"6/23/99",1,2230251,2,2,2,1.79769313486232e+308,1,1,8,1994,7,1.79769313486232e+308
161,"6/23/99",1,2230331,2,2,2,1.79769313486232e+308,1,2,1.79769313486232e+308,1.79769313486232e+308,1.79769313486232e+308,5
189,"6/23/99",1,2230341,8,8,2,1.79769313486232e+308,1,1,5,1.79769313486232e+308,1.79769313486232e+308,1.79769313486232e+308
195,"6/23/99",1,2230351,2,2,2,1.79769313486232e+308,1,1,7,1987,6,1.79769313486232e+308
162,"6/23/99",1,2230431,2,2,2,1.79769313486232e+308,1,1,5,1.79769313486232e+308,1.79769313486232e+308,1.79769313486232e+308
163,"6/23/99",1,2230432,2,2,2,1.79769313486232e+308,1,1,5,1.79769313486232e+308,1.79769313486232e+308,1.79769313486232e+308
190,"6/23/99",1,2230441,2,2,2,1.79769313486232e+308,2,1.79769313486232e+308,1.79769313486232e+308,1.79769313486232e+308,1.79769313486232e+308,1.79769313486232e+308
196,"6/23/99",1,2230459,2,2,2,1.79769313486232e+308,2,1.79769313486232e+308,1.79769313486232e+308,1.79769313486232e+308,1.79769313486232e+308,1.79769313486232e+308
164,"6/23/99",1,2230531,2,2,2,1.79769313486232e+308,1,1,8,1984,3,1.79769313486232e+308
165,"6/23/99",1,2230531,6,6,2,1.79769313486232e+308,1,1,5,1.79769313486232e+308,1.79769313486232e+308,1.79769313486232e+308
191,"6/23/99",1,2230541,4,4,2,1.79769313486232e+308,1,1,5,1.79769313486232e+308,1.79769313486232e+308,1.79769313486232e+308
166,"6/23/99",1,2230631,2,2,2,1.79769313486232e+308,1,1,7,1.79769313486232e+308,1.79769313486232e+308,1.79769313486232e+308
192,"6/23/99",1,2230641,2,2,2,1.79769313486232e+308,1,1,5,1.79769313486232e+308,1.79769313486232e+308,1.79769313486232e+308
167,"6/23/99",1,2230731,2,2,2,1.79769313486232e+308,1,1,5,1.79769313486232e+308,1.79769313486232e+308,1.79769313486232e+308
168,"6/23/99",1,2230831,2,2,2,1.79769313486232e+308,1,1,5,1.79769313486232e+308,1.79769313486232e+308,1.79769313486232e+308
169,"6/23/99",1,2230931,2,2,2,1.79769313486232e+308,2,1.79769313486232e+308,1.79769313486232e+308,1.79769313486232e+308,1.79769313486232e+308,1.79769313486232e+308
170,"6/23/99",1,2231031,2,2,2,1.79769313486232e+308,1,1,5,1.79769313486232e+308,1.79769313486232e+308,1.79769313486232e+308
171,"6/23/99",1,2231131,1.79769313486232e+308,1.79769313486232e+308,1.79769313486232e+308,1.79769313486232e+308,1.79769313486232e+308,1.79769313486232e+308,1.79769313486232e+308,1.79769313486232e+308,1.79769313486232e+308,1.79769313486232e+308
172,"6/23/99",1,2231132,2,2,2,1.79769313486232e+308,1,1,5,1.79769313486232e+308,1.79769313486232e+308,1.79769313486232e+308
173,"6/23/99",1,2231231,2,2,2,1.79769313486232e+308,1,1,5,1.79769313486232e+308,1.79769313486232e+308,1.79769313486232e+308
174,"6/23/99",1,2231331,2,2,2,1.79769313486232e+308,1,1,5,1.79769313486232e+308,1.79769313486232e+308,1.79769313486232e+308
175,"6/23/99",1,2231431,1.79769313486232e+308,1.79769313486232e+308,1.79769313486232e+308,1.79769313486232e+308,1.79769313486232e+308,1.79769313486232e+308,1.79769313486232e+308,1.79769313486232e+308,1.79769313486232e+308,1.79769313486232e+308
176,"6/23/99",1,2231432,2,2,2,1.79769313486232e+308,2,1.79769313486232e+308,1.79769313486232e+308,1.79769313486232e+308,1.79769313486232e+308,1.79769313486232e+308
177,"6/23/99",1,2231433,2,2,2,1.79769313486232e+308,2,1.79769313486232e+308,1.79769313486232e+308,1.79769313486232e+308,1.79769313486232e+308,1.79769313486232e+308
178,"6/23/99",1,2231539,2,2,2,1.79769313486232e+308,1,1,8,1989,10,1.79769313486232e+308
179,"6/23/99",1,2231639,2,2,2,1.79769313486232e+308,1,1,8,1996,9,1.79769313486232e+308
180,"6/23/99",1,2231739,2,2,2,1.79769313486232e+308,2,1.79769313486232e+308,1.79769313486232e+308,1.79769313486232e+308,1.79769313486232e+308,1.79769313486232e+308
181,"6/23/99",1,2231839,2,2,2,1.79769313486232e+308,1,1,5,1.79769313486232e+308,1.79769313486232e+308,1.79769313486232e+308
182,"6/23/99",1,2231939,2,2,2,1.79769313486232e+308,1,1,5,1.79769313486232e+308,1.79769313486232e+308,1.79769313486232e+308
183,"6/23/99",1,2232039,2,2,2,1.79769313486232e+308,1,1,7,1992,3,1.79769313486232e+308
184,"6/23/99",1,2232139,2,2,2,1.79769313486232e+308,1,2,1.79769313486232e+308,1.79769313486232e+308,1.79769313486232e+308,5
185,"6/23/99",1,2232239,1.79769313486232e+308,1.79769313486232e+308,1.79769313486232e+308,1.79769313486232e+308,1.79769313486232e+308,1.79769313486232e+308,1.79769313486232e+308,1.79769313486232e+308,1.79769313486232e+308,1.79769313486232e+308
186,"6/23/99",1,2232339,1.79769313486232e+308,1.79769313486232e+308,1.79769313486232e+308,1.79769313486232e+308,1.79769313486232e+308,1.79769313486232e+308,1.79769313486232e+308,1.79769313486232e+308,1.79769313486232e+308,1.79769313486232e+308
26,"6/14/99",1,2310131,8,8,1,7,1,1.79769313486232e+308,1.79769313486232e+308,1.79769313486232e+308,1.79769313486232e+308,5
27,"6/14/99",1,2310131,9,9,2,1.79769313486232e+308,1,2,1.79769313486232e+308,1.79769313486232e+308,1.79769313486232e+308,5
57,"6/21/99",1,2310141,2,2,2,1.79769313486232e+308,1,1,5,1.79769313486232e+308,1.79769313486232e+308,1.79769313486232e+308
62,"6/21/99",1,2310151,2,11,2,1.79769313486232e+308,1,1,5,1.79769313486232e+308,1.79769313486232e+308,1.79769313486232e+308
63,"6/21/99",1,2310151,11,11,2,1.79769313486232e+308,1,1,5,1.79769313486232e+308,1.79769313486232e+308,1.79769313486232e+308
28,"6/15/99",1,2310231,3,2,2,1.79769313486232e+308,1,2,1.79769313486232e+308,1.79769313486232e+308,1.79769313486232e+308,5
58,"6/21/99",1,2310241,2,2,2,1.79769313486232e+308,1,2,1.79769313486232e+308,1.79769313486232e+308,1.79769313486232e+308,5
59,"6/21/99",1,2310241,3,3,2,1.79769313486232e+308,1,1.79769313486232e+308,1.79769313486232e+308,1.79769313486232e+308,1.79769313486232e+308,5
29,"6/15/99",1,2310331,2,2,2,1.79769313486232e+308,1,2,1.79769313486232e+308,1.79769313486232e+308,1.79769313486232e+308,7
60,"6/21/99",1,2310341,4,1,2,1.79769313486232e+308,1,1,2,1.79769313486232e+308,1.79769313486232e+308,1.79769313486232e+308
64,"6/21/99",1,2310351,1.79769313486232e+308,1.79769313486232e+308,1.79769313486232e+308,1.79769313486232e+308,1.79769313486232e+308,1.79769313486232e+308,1.79769313486232e+308,1.79769313486232e+308,1.79769313486232e+308,1.79769313486232e+308
65,"6/21/99",1,2310352,2,2,2,1.79769313486232e+308,1,1,5,1.79769313486232e+308,1.79769313486232e+308,1.79769313486232e+308
66,"6/21/99",1,2310353,2,2,2,1.79769313486232e+308,1,2,1.79769313486232e+308,1.79769313486232e+308,1.79769313486232e+308,5
30,"6/15/99",1,2310431,1.79769313486232e+308,1.79769313486232e+308,1.79769313486232e+308,1.79769313486232e+308,1.79769313486232e+308,1.79769313486232e+308,1.79769313486232e+308,1.79769313486232e+308,1.79769313486232e+308,1.79769313486232e+308
61,"6/21/99",1,2310441,2,2,2,1.79769313486232e+308,1,1,5,1.79769313486232e+308,1.79769313486232e+308,1.79769313486232e+308
67,"6/21/99",1,2310459,2,2,2,1.79769313486232e+308,1,2,1.79769313486232e+308,1.79769313486232e+308,1.79769313486232e+308,7
68,"6/21/99",1,2310459,6,2,2,1.79769313486232e+308,1,1,5,1.79769313486232e+308,1.79769313486232e+308,1.79769313486232e+308
1.79769313486232e+308,".",1.79769313486232e+308,2310459,9,1.79769313486232e+308,1.79769313486232e+308,1.79769313486232e+308,1.79769313486232e+308,1.79769313486232e+308,1.79769313486232e+308,1.79769313486232e+308,1.79769313486232e+308,1.79769313486232e+308
31,"6/15/99",1,2310531,2,2,2,1.79769313486232e+308,1,2,1.79769313486232e+308,1.79769313486232e+308,1.79769313486232e+308,7
32,"6/15/99",1,2310631,2,2,1,5,1,1.79769313486232e+308,1.79769313486232e+308,1.79769313486232e+308,1.79769313486232e+308,7
34,"6/15/99",1,2310731,2,2,2,1.79769313486232e+308,1,2,1.79769313486232e+308,1.79769313486232e+308,1.79769313486232e+308,5
33,"6/15/99",1,2310731,4,4,2,1.79769313486232e+308,1,1,5,1.79769313486232e+308,1.79769313486232e+308,1.79769313486232e+308
35,"6/15/99",1,2310831,2,2,2,1.79769313486232e+308,1,2,1.79769313486232e+308,1.79769313486232e+308,1.79769313486232e+308,5
36,"6/15/99",1,2310831,5,5,2,1.79769313486232e+308,1,1,5,1.79769313486232e+308,1.79769313486232e+308,1.79769313486232e+308
37,"6/15/99",1,2310831,7,2,2,1.79769313486232e+308,1,2,1.79769313486232e+308,1.79769313486232e+308,1.79769313486232e+308,5
38,"6/15/99",1,2310832,2,2,2,1.79769313486232e+308,1,1,7,1999,1,1.79769313486232e+308
39,"6/15/99",1,2310931,2,2,2,1.79769313486232e+308,1,1,5,1.79769313486232e+308,1.79769313486232e+308,1.79769313486232e+308
40,"6/15/99",1,2311031,2,2,2,1.79769313486232e+308,1,2,1.79769313486232e+308,1.79769313486232e+308,1.79769313486232e+308,5
41,"6/19/99",1,2311032,2,2,2,1.79769313486232e+308,1,2,1.79769313486232e+308,1.79769313486232e+308,1.79769313486232e+308,5
42,"6/19/99",1,2311131,2,1,2,1.79769313486232e+308,1,2,1.79769313486232e+308,1.79769313486232e+308,1.79769313486232e+308,5
43,"6/19/99",1,2311231,1.79769313486232e+308,1.79769313486232e+308,1.79769313486232e+308,1.79769313486232e+308,1.79769313486232e+308,1.79769313486232e+308,1.79769313486232e+308,1.79769313486232e+308,1.79769313486232e+308,1.79769313486232e+308
44,"6/19/99",1,2311339,2,2,2,1.79769313486232e+308,2,1.79769313486232e+308,1.79769313486232e+308,1.79769313486232e+308,1.79769313486232e+308,1.79769313486232e+308
45,"6/19/99",1,2311439,2,2,2,1.79769313486232e+308,1,1,5,1.79769313486232e+308,1.79769313486232e+308,1.79769313486232e+308
46,"6/19/99",1,2311539,2,2,2,1.79769313486232e+308,1,2,1.79769313486232e+308,1.79769313486232e+308,1.79769313486232e+308,5
47,"6/19/99",1,2311639,2,2,1,9,1,1.79769313486232e+308,1.79769313486232e+308,1.79769313486232e+308,1.79769313486232e+308,5
48,"6/19/99",1,2311739,2,2,2,1.79769313486232e+308,1,1,8,1997,10,1.79769313486232e+308
49,"6/19/99",1,2311839,2,2,2,1.79769313486232e+308,2,1.79769313486232e+308,1.79769313486232e+308,1.79769313486232e+308,1.79769313486232e+308,1.79769313486232e+308
50,"6/19/99",1,2311939,2,2,2,1.79769313486232e+308,1,2,1.79769313486232e+308,1.79769313486232e+308,1.79769313486232e+308,5
51,"6/19/99",1,2311939,5,2,2,1.79769313486232e+308,1,1,5,1.79769313486232e+308,1.79769313486232e+308,1.79769313486232e+308
52,"6/19/99",1,2311939,6,2,1,5,2,1.79769313486232e+308,1.79769313486232e+308,1.79769313486232e+308,1.79769313486232e+308,1.79769313486232e+308
53,"6/19/99",1,2312039,2,1,2,1.79769313486232e+308,2,1.79769313486232e+308,1.79769313486232e+308,1.79769313486232e+308,1.79769313486232e+308,1.79769313486232e+308
54,"6/21/99",1,2312139,2,2,2,1.79769313486232e+308,2,1.79769313486232e+308,1.79769313486232e+308,1.79769313486232e+308,1.79769313486232e+308,1.79769313486232e+308
55,"6/21/99",1,2312139,3,2,2,1.79769313486232e+308,1,2,1.79769313486232e+308,1.79769313486232e+308,1.79769313486232e+308,5
56,"6/21/99",1,2312139,6,2,1,3,1,1.79769313486232e+308,1.79769313486232e+308,1.79769313486232e+308,1.79769313486232e+308,5
75,"7/18/99",1,2320131,6,6,2,1.79769313486232e+308,1,1,5,1.79769313486232e+308,1.79769313486232e+308,1.79769313486232e+308
102,"7/19/99",1,2320141,2,2,2,1.79769313486232e+308,1,2,1.79769313486232e+308,1.79769313486232e+308,1.79769313486232e+308,5
110,"7/19/99",1,2320151,2,2,1,2,2,1.79769313486232e+308,1.79769313486232e+308,1.79769313486232e+308,1.79769313486232e+308,1.79769313486232e+308
111,"7/19/99",1,2320152,2,1,2,1.79769313486232e+308,1,1,5,1.79769313486232e+308,1.79769313486232e+308,1.79769313486232e+308
76,"7/18/99",1,2320231,2,2,2,1.79769313486232e+308,2,1.79769313486232e+308,1.79769313486232e+308,1.79769313486232e+308,1.79769313486232e+308,1.79769313486232e+308
77,"7/18/99",1,2320232,1,1,2,1.79769313486232e+308,2,1.79769313486232e+308,1.79769313486232e+308,1.79769313486232e+308,1.79769313486232e+308,1.79769313486232e+308
103,"7/19/99",1,2320241,2,2,2,1.79769313486232e+308,1,1,8,1985,10,1.79769313486232e+308
104,"7/19/99",1,2320242,2,2,2,1.79769313486232e+308,1,2,1.79769313486232e+308,1.79769313486232e+308,1.79769313486232e+308,5
112,"7/19/99",1,2320251,7,1,2,1.79769313486232e+308,2,1.79769313486232e+308,1.79769313486232e+308,1.79769313486232e+308,1.79769313486232e+308,1.79769313486232e+308
113,"7/19/99",1,2320252,2,2,2,1.79769313486232e+308,1,1,7,1998,11,1.79769313486232e+308
114,"7/19/99",1,2320253,2,2,2,1.79769313486232e+308,1,2,1.79769313486232e+308,1.79769313486232e+308,1.79769313486232e+308,7
78,"7/18/99",1,2320331,2,2,2,1.79769313486232e+308,1,1,8,1993,2,1.79769313486232e+308
105,"7/19/99",1,2320341,2,3,2,1.79769313486232e+308,2,1.79769313486232e+308,1.79769313486232e+308,1.79769313486232e+308,1.79769313486232e+308,1.79769313486232e+308
106,"7/19/99",1,2320341,3,3,2,1.79769313486232e+308,2,1.79769313486232e+308,1.79769313486232e+308,1.79769313486232e+308,1.79769313486232e+308,1.79769313486232e+308
115,"7/19/99",1,2320351,2,2,2,1.79769313486232e+308,1,1,5,1.79769313486232e+308,1.79769313486232e+308,1.79769313486232e+308
79,"7/18/99",1,2320431,2,2,2,1.79769313486232e+308,2,1.79769313486232e+308,1.79769313486232e+308,1.79769313486232e+308,1.79769313486232e+308,1.79769313486232e+308
80,"7/18/99",1,2320432,2,2,2,1.79769313486232e+308,2,1.79769313486232e+308,1.79769313486232e+308,1.79769313486232e+308,1.79769313486232e+308,1.79769313486232e+308
81,"7/18/99",1,2320433,2,2,2,1.79769313486232e+308,2,1.79769313486232e+308,1.79769313486232e+308,1.79769313486232e+308,1.79769313486232e+308,1.79769313486232e+308
82,"7/18/99",1,2320434,2,2,2,1.79769313486232e+308,2,1.79769313486232e+308,1.79769313486232e+308,1.79769313486232e+308,1.79769313486232e+308,1.79769313486232e+308
107,"7/19/99",1,2320441,2,2,2,1.79769313486232e+308,2,1.79769313486232e+308,1.79769313486232e+308,1.79769313486232e+308,1.79769313486232e+308,1.79769313486232e+308
108,"7/19/99",1,2320442,2,2,2,1.79769313486232e+308,1,1,5,1.79769313486232e+308,1.79769313486232e+308,1.79769313486232e+308
116,"7/19/99",1,2320459,1.79769313486232e+308,1.79769313486232e+308,1.79769313486232e+308,1.79769313486232e+308,1.79769313486232e+308,1.79769313486232e+308,1.79769313486232e+308,1.79769313486232e+308,1.79769313486232e+308,1.79769313486232e+308
83,"7/18/99",1,2320531,2,2,2,1.79769313486232e+308,1,2,1.79769313486232e+308,1.79769313486232e+308,1.79769313486232e+308,5
109,"7/19/99",1,2320541,2,2,2,1.79769313486232e+308,2,1.79769313486232e+308,1.79769313486232e+308,1.79769313486232e+308,1.79769313486232e+308,1.79769313486232e+308
84,"7/18/99",1,2320631,1.79769313486232e+308,1.79769313486232e+308,1.79769313486232e+308,1.79769313486232e+308,1.79769313486232e+308,1.79769313486232e+308,1.79769313486232e+308,1.79769313486232e+308,1.79769313486232e+308,1.79769313486232e+308
85,"7/18/99",1,2320731,2,2,2,1.79769313486232e+308,1,2,1.79769313486232e+308,1.79769313486232e+308,1.79769313486232e+308,5
86,"7/18/99",1,2320831,5,2,2,1.79769313486232e+308,1,2,1.79769313486232e+308,1.79769313486232e+308,1.79769313486232e+308,5
87,"7/18/99",1,2320831,11,2,2,1.79769313486232e+308,1,2,1.79769313486232e+308,1.79769313486232e+308,1.79769313486232e+308,5
88,"7/18/99",1,2320931,1.79769313486232e+308,1.79769313486232e+308,1.79769313486232e+308,1.79769313486232e+308,1.79769313486232e+308,1.79769313486232e+308,1.79769313486232e+308,1.79769313486232e+308,1.79769313486232e+308,1.79769313486232e+308
89,"7/18/99",1,2320932,2,2,2,1.79769313486232e+308,2,1.79769313486232e+308,1.79769313486232e+308,1.79769313486232e+308,1.79769313486232e+308,1.79769313486232e+308
90,"7/18/99",1,2321031,2,2,2,1.79769313486232e+308,2,1.79769313486232e+308,1.79769313486232e+308,1.79769313486232e+308,1.79769313486232e+308,1.79769313486232e+308
91,"7/18/99",1,2321131,1.79769313486232e+308,1.79769313486232e+308,1.79769313486232e+308,1.79769313486232e+308,1.79769313486232e+308,1.79769313486232e+308,1.79769313486232e+308,1.79769313486232e+308,1.79769313486232e+308,1.79769313486232e+308
92,"7/18/99",1,2321132,2,2,2,1.79769313486232e+308,1,1,7,1997,1,1.79769313486232e+308
93,"7/18/99",1,2321231,6,6,2,1.79769313486232e+308,2,1.79769313486232e+308,1.79769313486232e+308,1.79769313486232e+308,1.79769313486232e+308,1.79769313486232e+308
94,"7/18/99",1,2321232,2,2,2,1.79769313486232e+308,2,1.79769313486232e+308,1.79769313486232e+308,1.79769313486232e+308,1.79769313486232e+308,1.79769313486232e+308
95,"7/18/99",1,2321339,2,2,2,1.79769313486232e+308,1,1,7,1.79769313486232e+308,1.79769313486232e+308,1.79769313486232e+308
96,"7/18/99",1,2321439,2,2,2,1.79769313486232e+308,1,1,8,1987,6,1.79769313486232e+308
97,"7/19/99",1,2321539,1.79769313486232e+308,1.79769313486232e+308,1.79769313486232e+308,1.79769313486232e+308,1.79769313486232e+308,1.79769313486232e+308,1.79769313486232e+308,1.79769313486232e+308,1.79769313486232e+308,1.79769313486232e+308
98,"7/19/99",1,2321639,2,2,2,1.79769313486232e+308,1,1,5,1.79769313486232e+308,1.79769313486232e+308,1.79769313486232e+308
99,"7/19/99",1,2321739,2,2,2,1.79769313486232e+308,1,2,1.79769313486232e+308,1.79769313486232e+308,1.79769313486232e+308,5
100,"7/19/99",1,2321839,2,2,2,1.79769313486232e+308,1,1,7,1.79769313486232e+308,1.79769313486232e+308,1.79769313486232e+308
101,"7/19/99",1,2321939,1.79769313486232e+308,1.79769313486232e+308,1.79769313486232e+308,1.79769313486232e+308,1.79769313486232e+308,1.79769313486232e+308,1.79769313486232e+308,1.79769313486232e+308,1.79769313486232e+308,1.79769313486232e+308
46,"9/09/95",1,2330131,2,2,2,1.79769313486232e+308,1,1,8,1983,2,1.79769313486232e+308
73,"6/27/99",1,2330141,2,2,2,1.79769313486232e+308,2,1.79769313486232e+308,1.79769313486232e+308,1.79769313486232e+308,1.79769313486232e+308,1.79769313486232e+308
74,"6/27/99",1,2330141,3,2,2,1.79769313486232e+308,1,1,5,1.79769313486232e+308,1.79769313486232e+308,1.79769313486232e+308
79,"6/27/99",1,2330151,2,2,2,1.79769313486232e+308,1,1,5,1.79769313486232e+308,1.79769313486232e+308,1.79769313486232e+308
47,"9/09/95",1,2330231,2,2,2,1.79769313486232e+308,1,1,5,1.79769313486232e+308,1.79769313486232e+308,1.79769313486232e+308
75,"6/27/99",1,2330241,1.79769313486232e+308,1.79769313486232e+308,1.79769313486232e+308,1.79769313486232e+308,1.79769313486232e+308,1.79769313486232e+308,1.79769313486232e+308,1.79769313486232e+308,1.79769313486232e+308,1.79769313486232e+308
80,"6/27/99",1,2330251,4,4,2,1.79769313486232e+308,2,1.79769313486232e+308,1.79769313486232e+308,1.79769313486232e+308,1.79769313486232e+308,1.79769313486232e+308
48,"9/09/95",1,2330331,2,2,2,1.79769313486232e+308,1,1,5,1.79769313486232e+308,1.79769313486232e+308,1.79769313486232e+308
76,"6/27/99",1,2330341,1.79769313486232e+308,1.79769313486232e+308,1.79769313486232e+308,1.79769313486232e+308,1.79769313486232e+308,1.79769313486232e+308,1.79769313486232e+308,1.79769313486232e+308,1.79769313486232e+308,1.79769313486232e+308
81,"6/27/99",1,2330351,2,2,2,1.79769313486232e+308,2,1.79769313486232e+308,1.79769313486232e+308,1.79769313486232e+308,1.79769313486232e+308,1.79769313486232e+308
49,"9/09/95",1,2330431,2,2,2,1.79769313486232e+308,1,1,8,1990,2,1.79769313486232e+308
77,"6/27/99",1,2330441,2,2,2,1.79769313486232e+308,1,1,5,1.79769313486232e+308,1.79769313486232e+308,1.79769313486232e+308
82,"6/27/99",1,2330459,2,2,2,1.79769313486232e+308,2,1.79769313486232e+308,1.79769313486232e+308,1.79769313486232e+308,1.79769313486232e+308,1.79769313486232e+308
50,"9/09/95",1,2330531,9,2,1,10,2,1.79769313486232e+308,1.79769313486232e+308,1.79769313486232e+308,1.79769313486232e+308,1.79769313486232e+308
78,"6/27/99",1,2330541,2,2,2,1.79769313486232e+308,1,1,5,1.79769313486232e+308,1.79769313486232e+308,1.79769313486232e+308
51,"9/09/95",1,2330631,2,2,2,1.79769313486232e+308,1,1,8,1987,10,1.79769313486232e+308
52,"9/09/95",1,2330731,2,2,2,1.79769313486232e+308,1,2,1.79769313486232e+308,1.79769313486232e+308,1.79769313486232e+308,5
53,"9/09/95",1,2330831,2,2,2,1.79769313486232e+308,1,1,7,1995,12,1.79769313486232e+308
54,"9/09/95",1,2330931,2,1,2,1.79769313486232e+308,1,1,8,1989,6,1.79769313486232e+308
55,"9/09/95",1,2331031,2,2,2,1.79769313486232e+308,1,1,8,1990,1.79769313486232e+308,1.79769313486232e+308
56,"9/09/95",1,2331031,3,2,2,1.79769313486232e+308,1,1,5,1.79769313486232e+308,1.79769313486232e+308,1.79769313486232e+308
57,"9/09/95",1,2331131,2,2,2,1.79769313486232e+308,1,1,11,1989,6,1.79769313486232e+308
58,"9/09/95",1,2331231,5,1,2,1.79769313486232e+308,1,1,5,1.79769313486232e+308,1.79769313486232e+308,1.79769313486232e+308
59,"9/09/95",1,2331339,2,2,2,1.79769313486232e+308,1,2,1.79769313486232e+308,1.79769313486232e+308,1.79769313486232e+308,5
60,"9/09/95",1,2331339,7,2,2,1.79769313486232e+308,1,1,5,1.79769313486232e+308,1.79769313486232e+308,1.79769313486232e+308
61,"9/09/95",1,2331339,8,2,2,1.79769313486232e+308,1,1,5,1.79769313486232e+308,1.79769313486232e+308,1.79769313486232e+308
62,"9/09/95",1,2331439,2,2,2,1.79769313486232e+308,1,1,8,1985,6,1.79769313486232e+308
63,"9/09/95",1,2331539,2,2,2,1.79769313486232e+308,1,1,7,1989,6,1.79769313486232e+308
64,"9/09/95",1,2331639,1.79769313486232e+308,1.79769313486232e+308,1.79769313486232e+308,1.79769313486232e+308,1.79769313486232e+308,1.79769313486232e+308,1.79769313486232e+308,1.79769313486232e+308,1.79769313486232e+308,1.79769313486232e+308
65,"6/27/99",1,2331739,2,2,2,1.79769313486232e+308,1,2,1.79769313486232e+308,1.79769313486232e+308,1.79769313486232e+308,5
66,"6/27/99",1,2331839,2,2,2,1.79769313486232e+308,1,2,1.79769313486232e+308,1.79769313486232e+308,1.79769313486232e+308,7
67,"6/27/99",1,2331939,2,2,2,1.79769313486232e+308,1,1,8,1988,10,1.79769313486232e+308
68,"6/27/99",1,2332039,2,2,2,1.79769313486232e+308,1,1,6,1989,10,1.79769313486232e+308
69,"6/27/99",1,2332039,6,2,1,5,2,1.79769313486232e+308,1.79769313486232e+308,1.79769313486232e+308,1.79769313486232e+308,1.79769313486232e+308
70,"6/27/99",1,2332139,2,2,2,1.79769313486232e+308,1,2,1.79769313486232e+308,1.79769313486232e+308,1.79769313486232e+308,5
71,"6/27/99",1,2332239,2,2,2,1.79769313486232e+308,1,1,5,1.79769313486232e+308,1.79769313486232e+308,1.79769313486232e+308
72,"6/27/99",1,2332339,2,2,2,1.79769313486232e+308,1,1,8,1989,8,1.79769313486232e+308
1,"5/20/99",1,2410131,4,4,2,1.79769313486232e+308,1,1,5,1.79769313486232e+308,1.79769313486232e+308,1.79769313486232e+308
21,"6/05/99",1,2410141,4,4,2,1.79769313486232e+308,2,1.79769313486232e+308,1.79769313486232e+308,1.79769313486232e+308,1.79769313486232e+308,1.79769313486232e+308
25,"6/05/99",1,2410151,2,2,2,1.79769313486232e+308,1,1,11,1998,2,1.79769313486232e+308
2,"6/05/99",1,2410231,1.79769313486232e+308,1.79769313486232e+308,1.79769313486232e+308,1.79769313486232e+308,1.79769313486232e+308,1.79769313486232e+308,1.79769313486232e+308,1.79769313486232e+308,1.79769313486232e+308,1.79769313486232e+308
22,"6/05/99",1,2410241,3,3,2,1.79769313486232e+308,2,1.79769313486232e+308,1.79769313486232e+308,1.79769313486232e+308,1.79769313486232e+308,1.79769313486232e+308
3,"6/05/99",1,2410331,4,4,2,1.79769313486232e+308,1,2,1.79769313486232e+308,1.79769313486232e+308,1.79769313486232e+308,5
23,"6/05/99",1,2410341,1.79769313486232e+308,1.79769313486232e+308,1.79769313486232e+308,1.79769313486232e+308,1.79769313486232e+308,1.79769313486232e+308,1.79769313486232e+308,1.79769313486232e+308,1.79769313486232e+308,1.79769313486232e+308
26,"6/05/99",1,2410351,2,2,2,1.79769313486232e+308,2,1.79769313486232e+308,1.79769313486232e+308,1.79769313486232e+308,1.79769313486232e+308,1.79769313486232e+308
4,"6/05/99",1,2410431,2,2,2,1.79769313486232e+308,1,1,5,1.79769313486232e+308,1.79769313486232e+308,1.79769313486232e+308
27,"6/05/99",1,2410459,2,2,2,1.79769313486232e+308,1,2,1.79769313486232e+308,1.79769313486232e+308,1.79769313486232e+308,5
5,"6/05/99",1,2410531,2,2,2,1.79769313486232e+308,1,2,1.79769313486232e+308,1.79769313486232e+308,1.79769313486232e+308,5
6,"6/05/99",1,2410531,6,6,2,1.79769313486232e+308,1,2,1.79769313486232e+308,1.79769313486232e+308,1.79769313486232e+308,5
24,"6/05/99",1,2410541,2,2,2,1.79769313486232e+308,1,2,1.79769313486232e+308,1.79769313486232e+308,1.79769313486232e+308,5
7,"6/05/99",1,2410631,2,2,2,1.79769313486232e+308,1,1,8,1991,5,1.79769313486232e+308
8,"6/05/99",1,2410731,2,2,2,1.79769313486232e+308,2,1.79769313486232e+308,1.79769313486232e+308,1.79769313486232e+308,1.79769313486232e+308,1.79769313486232e+308
9,"6/05/99",1,2410931,3,3,2,1.79769313486232e+308,1,2,1.79769313486232e+308,1.79769313486232e+308,1.79769313486232e+308,1
10,"6/05/99",1,2411031,5,5,2,1.79769313486232e+308,1,1,5,1.79769313486232e+308,1.79769313486232e+308,1.79769313486232e+308
11,"6/05/99",1,2411231,2,2,2,1.79769313486232e+308,1,2,1.79769313486232e+308,1.79769313486232e+308,1.79769313486232e+308,5
12,"6/05/99",1,2411339,2,2,2,1.79769313486232e+308,1,1,5,1.79769313486232e+308,1.79769313486232e+308,1.79769313486232e+308
13,"6/05/99",1,2411439,2,2,2,1.79769313486232e+308,1,1,5,1.79769313486232e+308,1.79769313486232e+308,1.79769313486232e+308
14,"6/05/99",1,2411539,2,2,2,1.79769313486232e+308,1,2,1.79769313486232e+308,1.79769313486232e+308,1.79769313486232e+308,5
15,"6/05/99",1,2411639,5,5,1,4,2,1.79769313486232e+308,1.79769313486232e+308,1.79769313486232e+308,1.79769313486232e+308,1.79769313486232e+308
16,"6/05/99",1,2411739,2,2,2,1.79769313486232e+308,2,1.79769313486232e+308,1.79769313486232e+308,1.79769313486232e+308,1.79769313486232e+308,1.79769313486232e+308
17,"6/05/99",1,2411839,1.79769313486232e+308,1.79769313486232e+308,1.79769313486232e+308,1.79769313486232e+308,1.79769313486232e+308,1.79769313486232e+308,1.79769313486232e+308,1.79769313486232e+308,1.79769313486232e+308,1.79769313486232e+308
18,"6/05/99",1,2411939,2,2,2,1.79769313486232e+308,1,1,5,1.79769313486232e+308,1.79769313486232e+308,1.79769313486232e+308
19,"6/05/99",1,2412039,2,2,2,1.79769313486232e+308,1,2,1.79769313486232e+308,1.79769313486232e+308,1.79769313486232e+308,5
20,"6/05/99",1,2412139,2,2,2,1.79769313486232e+308,1,1,5,1.79769313486232e+308,1.79769313486232e+308,1.79769313486232e+308
30,"8/07/99",1,2420131,11,11,2,1.79769313486232e+308,1,2,1.79769313486232e+308,1.79769313486232e+308,1.79769313486232e+308,2
31,"8/07/99",1,2420131,12,12,2,1.79769313486232e+308,1,2,1.79769313486232e+308,1.79769313486232e+308,1.79769313486232e+308,2
51,"8/07/99",1,2420141,2,2,2,1.79769313486232e+308,1,2,1.79769313486232e+308,1.79769313486232e+308,1.79769313486232e+308,5
55,"8/07/99",1,2420151,2,2,2,1.79769313486232e+308,1,2,1.79769313486232e+308,1.79769313486232e+308,1.79769313486232e+308,5
32,"8/07/99",1,2420231,2,1,2,1.79769313486232e+308,2,1.79769313486232e+308,1.79769313486232e+308,1.79769313486232e+308,1.79769313486232e+308,1.79769313486232e+308
52,"8/07/99",1,2420241,2,2,2,1.79769313486232e+308,2,1.79769313486232e+308,1.79769313486232e+308,1.79769313486232e+308,1.79769313486232e+308,1.79769313486232e+308
56,"8/07/99",1,2420251,5,5,2,1.79769313486232e+308,1,2,1.79769313486232e+308,1.79769313486232e+308,1.79769313486232e+308,5
57,"8/07/99",1,2420251,6,6,2,1.79769313486232e+308,1,2,1.79769313486232e+308,1.79769313486232e+308,1.79769313486232e+308,5
1.79769313486232e+308,".",1.79769313486232e+308,2420331,4,1.79769313486232e+308,1.79769313486232e+308,1.79769313486232e+308,1.79769313486232e+308,1.79769313486232e+308,1.79769313486232e+308,1.79769313486232e+308,1.79769313486232e+308,1.79769313486232e+308
33,"8/07/99",1,2420331,1.79769313486232e+308,1.79769313486232e+308,1.79769313486232e+308,1.79769313486232e+308,1.79769313486232e+308,1.79769313486232e+308,1.79769313486232e+308,1.79769313486232e+308,1.79769313486232e+308,1.79769313486232e+308
58,"8/07/99",1,2420351,2,1,2,1.79769313486232e+308,2,1.79769313486232e+308,1.79769313486232e+308,1.79769313486232e+308,1.79769313486232e+308,1.79769313486232e+308
34,"8/07/99",1,2420431,1.79769313486232e+308,1.79769313486232e+308,1.79769313486232e+308,1.79769313486232e+308,1.79769313486232e+308,1.79769313486232e+308,1.79769313486232e+308,1.79769313486232e+308,1.79769313486232e+308,1.79769313486232e+308
53,"8/07/99",1,2420441,1.79769313486232e+308,1.79769313486232e+308,1.79769313486232e+308,1.79769313486232e+308,1.79769313486232e+308,1.79769313486232e+308,1.79769313486232e+308,1.79769313486232e+308,1.79769313486232e+308,1.79769313486232e+308
59,"8/07/99",1,2420459,6,6,2,1.79769313486232e+308,1,1,5,1.79769313486232e+308,1.79769313486232e+308,1.79769313486232e+308
60,"8/07/99",1,2420459,7,7,2,1.79769313486232e+308,2,1.79769313486232e+308,1.79769313486232e+308,1.79769313486232e+308,1.79769313486232e+308,1.79769313486232e+308
35,"8/07/99",1,2420531,1.79769313486232e+308,1.79769313486232e+308,1.79769313486232e+308,1.79769313486232e+308,1.79769313486232e+308,1.79769313486232e+308,1.79769313486232e+308,1.79769313486232e+308,1.79769313486232e+308,1.79769313486232e+308
54,"8/07/99",1,2420541,3,3,2,1.79769313486232e+308,1,1,2,1.79769313486232e+308,1.79769313486232e+308,1.79769313486232e+308
36,"8/07/99",1,2420631,2,2,2,1.79769313486232e+308,2,1.79769313486232e+308,1.79769313486232e+308,1.79769313486232e+308,1.79769313486232e+308,1.79769313486232e+308
37,"8/07/99",1,2420731,1.79769313486232e+308,1.79769313486232e+308,1.79769313486232e+308,1.79769313486232e+308,1.79769313486232e+308,1.79769313486232e+308,1.79769313486232e+308,1.79769313486232e+308,1.79769313486232e+308,1.79769313486232e+308
38,"8/07/99",1,2420831,2,2,2,1.79769313486232e+308,2,1.79769313486232e+308,1.79769313486232e+308,1.79769313486232e+308,1.79769313486232e+308,1.79769313486232e+308
39,"8/07/99",1,2420931,2,2,2,1.79769313486232e+308,2,1.79769313486232e+308,1.79769313486232e+308,1.79769313486232e+308,1.79769313486232e+308,1.79769313486232e+308
40,"8/07/99",1,2421031,11,11,2,1.79769313486232e+308,1,2,1.79769313486232e+308,1.79769313486232e+308,1.79769313486232e+308,5
41,"8/07/99",1,2421131,2,2,2,1.79769313486232e+308,1,1,5,1.79769313486232e+308,1.79769313486232e+308,1.79769313486232e+308
42,"8/07/99",1,2421132,2,2,2,1.79769313486232e+308,1,2,1.79769313486232e+308,1.79769313486232e+308,1.79769313486232e+308,5
43,"8/07/99",1,2421231,2,2,2,1.79769313486232e+308,2,1.79769313486232e+308,1.79769313486232e+308,1.79769313486232e+308,1.79769313486232e+308,1.79769313486232e+308
44,"8/07/99",1,2421232,2,2,2,1.79769313486232e+308,2,1.79769313486232e+308,1.79769313486232e+308,1.79769313486232e+308,1.79769313486232e+308,1.79769313486232e+308
45,"8/07/99",1,2421339,1.79769313486232e+308,1.79769313486232e+308,1.79769313486232e+308,1.79769313486232e+308,1.79769313486232e+308,1.79769313486232e+308,1.79769313486232e+308,1.79769313486232e+308,1.79769313486232e+308,1.79769313486232e+308
46,"8/07/99",1,2421439,2,2,2,1.79769313486232e+308,1,2,1.79769313486232e+308,1.79769313486232e+308,1.79769313486232e+308,5
47,"8/07/99",1,2421539,1.79769313486232e+308,1.79769313486232e+308,1.79769313486232e+308,1.79769313486232e+308,1.79769313486232e+308,1.79769313486232e+308,1.79769313486232e+308,1.79769313486232e+308,1.79769313486232e+308,1.79769313486232e+308
48,"8/07/99",1,2421639,2,2,2,1.79769313486232e+308,2,1.79769313486232e+308,1.79769313486232e+308,1.79769313486232e+308,1.79769313486232e+308,1.79769313486232e+308
49,"8/07/99",1,2421739,1.79769313486232e+308,1.79769313486232e+308,1.79769313486232e+308,1.79769313486232e+308,1.79769313486232e+308,1.79769313486232e+308,1.79769313486232e+308,1.79769313486232e+308,1.79769313486232e+308,1.79769313486232e+308
50,"8/07/99",1,2421839,9,9,2,1.79769313486232e+308,2,1.79769313486232e+308,1.79769313486232e+308,1.79769313486232e+308,1.79769313486232e+308,1.79769313486232e+308
118,"8/19/99",1,2430131,2,2,2,1.79769313486232e+308,1,1,5,1.79769313486232e+308,1.79769313486232e+308,1.79769313486232e+308
140,"8/19/99",1,2430141,8,8,2,1.79769313486232e+308,1,2,1.79769313486232e+308,1.79769313486232e+308,1.79769313486232e+308,5
141,"8/19/99",1,2430142,2,2,2,1.79769313486232e+308,1,1,5,1.79769313486232e+308,1.79769313486232e+308,1.79769313486232e+308
142,"8/19/99",1,2430143,2,2,2,1.79769313486232e+308,1,1,5,1.79769313486232e+308,1.79769313486232e+308,1.79769313486232e+308
147,"8/19/99",1,2430151,1.79769313486232e+308,1.79769313486232e+308,1.79769313486232e+308,1.79769313486232e+308,1.79769313486232e+308,1.79769313486232e+308,1.79769313486232e+308,1.79769313486232e+308,1.79769313486232e+308,1.79769313486232e+308
119,"8/19/99",1,2430231,2,2,2,1.79769313486232e+308,1,1,5,1.79769313486232e+308,1.79769313486232e+308,1.79769313486232e+308
143,"8/19/99",1,2430241,4,4,1,4,1,1.79769313486232e+308,1.79769313486232e+308,1.79769313486232e+308,1.79769313486232e+308,5
144,"8/19/99",1,2430242,1.79769313486232e+308,1.79769313486232e+308,1.79769313486232e+308,1.79769313486232e+308,1.79769313486232e+308,1.79769313486232e+308,1.79769313486232e+308,1.79769313486232e+308,1.79769313486232e+308,1.79769313486232e+308
148,"8/19/99",1,2430251,2,2,2,1.79769313486232e+308,2,1.79769313486232e+308,1.79769313486232e+308,1.79769313486232e+308,1.79769313486232e+308,1.79769313486232e+308
149,"8/19/99",1,2430251,14,14,2,1.79769313486232e+308,2,1.79769313486232e+308,1.79769313486232e+308,1.79769313486232e+308,1.79769313486232e+308,1.79769313486232e+308
120,"8/19/99",1,2430331,4,4,2,1.79769313486232e+308,1,2,1.79769313486232e+308,1.79769313486232e+308,1.79769313486232e+308,5
150,"8/19/99",1,2430351,2,2,2,1.79769313486232e+308,2,1.79769313486232e+308,1.79769313486232e+308,1.79769313486232e+308,1.79769313486232e+308,1.79769313486232e+308
151,"8/19/99",1,2430351,8,8,2,1.79769313486232e+308,2,1.79769313486232e+308,1.79769313486232e+308,1.79769313486232e+308,1.79769313486232e+308,1.79769313486232e+308
121,"8/19/99",1,2430431,7,7,2,1.79769313486232e+308,1,2,1.79769313486232e+308,1.79769313486232e+308,1.79769313486232e+308,5
145,"8/19/99",1,2430441,2,2,2,1.79769313486232e+308,1,1,5,1.79769313486232e+308,1.79769313486232e+308,1.79769313486232e+308
152,"8/19/99",1,2430459,5,5,2,1.79769313486232e+308,2,1.79769313486232e+308,1.79769313486232e+308,1.79769313486232e+308,1.79769313486232e+308,1.79769313486232e+308
122,"8/19/99",1,2430531,2,2,2,1.79769313486232e+308,2,1.79769313486232e+308,1.79769313486232e+308,1.79769313486232e+308,1.79769313486232e+308,1.79769313486232e+308
146,"8/19/99",1,2430541,2,2,2,1.79769313486232e+308,2,1.79769313486232e+308,1.79769313486232e+308,1.79769313486232e+308,1.79769313486232e+308,1.79769313486232e+308
123,"8/19/99",1,2430631,2,2,2,1.79769313486232e+308,2,1.79769313486232e+308,1.79769313486232e+308,1.79769313486232e+308,1.79769313486232e+308,1.79769313486232e+308
124,"8/19/99",1,2430731,2,2,2,1.79769313486232e+308,1,1,5,1.79769313486232e+308,1.79769313486232e+308,1.79769313486232e+308
125,"8/19/99",1,2430831,2,2,2,1.79769313486232e+308,1,1,5,1.79769313486232e+308,1.79769313486232e+308,1.79769313486232e+308
126,"8/19/99",1,2430931,2,2,2,1.79769313486232e+308,2,1.79769313486232e+308,1.79769313486232e+308,1.79769313486232e+308,1.79769313486232e+308,1.79769313486232e+308
127,"8/19/99",1,2430931,6,6,2,1.79769313486232e+308,2,1.79769313486232e+308,1.79769313486232e+308,1.79769313486232e+308,1.79769313486232e+308,1.79769313486232e+308
128,"8/19/99",1,2430932,2,2,1,6,2,1.79769313486232e+308,1.79769313486232e+308,1.79769313486232e+308,1.79769313486232e+308,1.79769313486232e+308
129,"8/19/99",1,2431031,2,2,2,1.79769313486232e+308,2,1.79769313486232e+308,1.79769313486232e+308,1.79769313486232e+308,1.79769313486232e+308,1.79769313486232e+308
130,"8/19/99",1,2431031,6,6,2,1.79769313486232e+308,2,1.79769313486232e+308,1.79769313486232e+308,1.79769313486232e+308,1.79769313486232e+308,1.79769313486232e+308
131,"8/19/99",1,2431031,7,7,2,1.79769313486232e+308,2,1.79769313486232e+308,1.79769313486232e+308,1.79769313486232e+308,1.79769313486232e+308,1.79769313486232e+308
132,"8/19/99",1,2431131,1.79769313486232e+308,1.79769313486232e+308,1.79769313486232e+308,1.79769313486232e+308,1.79769313486232e+308,1.79769313486232e+308,1.79769313486232e+308,1.79769313486232e+308,1.79769313486232e+308,1.79769313486232e+308
133,"8/19/99",1,2431231,2,2,2,1.79769313486232e+308,2,1.79769313486232e+308,1.79769313486232e+308,1.79769313486232e+308,1.79769313486232e+308,1.79769313486232e+308
134,"8/19/99",1,2431339,2,2,2,1.79769313486232e+308,1,1,8,1988,2,1.79769313486232e+308
135,"8/19/99",1,2431439,2,2,2,1.79769313486232e+308,2,1.79769313486232e+308,1.79769313486232e+308,1.79769313486232e+308,1.79769313486232e+308,1.79769313486232e+308
136,"8/19/99",1,2431439,5,5,2,1.79769313486232e+308,2,1.79769313486232e+308,1.79769313486232e+308,1.79769313486232e+308,1.79769313486232e+308,1.79769313486232e+308
137,"8/19/99",1,2431539,3,3,2,1.79769313486232e+308,1,1,5,1.79769313486232e+308,1.79769313486232e+308,1.79769313486232e+308
138,"8/19/99",1,2431639,2,2,2,1.79769313486232e+308,1,2,1.79769313486232e+308,1.79769313486232e+308,1.79769313486232e+308,5
139,"8/19/99",1,2431739,2,2,2,1.79769313486232e+308,2,1.79769313486232e+308,1.79769313486232e+308,1.79769313486232e+308,1.79769313486232e+308,1.79769313486232e+308
1,"7/07/99",1,2510141,1.79769313486232e+308,1.79769313486232e+308,1.79769313486232e+308,1.79769313486232e+308,1.79769313486232e+308,1.79769313486232e+308,1.79769313486232e+308,1.79769313486232e+308,1.79769313486232e+308,1.79769313486232e+308
25,"8/01/99",1,2510151,2,4,2,1.79769313486232e+308,2,1.79769313486232e+308,1.79769313486232e+308,1.79769313486232e+308,1.79769313486232e+308,1.79769313486232e+308
26,"8/01/99",1,2510151,4,4,2,1.79769313486232e+308,1,1,5,1.79769313486232e+308,1.79769313486232e+308,1.79769313486232e+308
27,"8/01/99",1,2510151,11,4,2,1.79769313486232e+308,1,1,5,1.79769313486232e+308,1.79769313486232e+308,1.79769313486232e+308
2,"8/01/99",1,2510241,2,2,2,1.79769313486232e+308,2,1.79769313486232e+308,1.79769313486232e+308,1.79769313486232e+308,1.79769313486232e+308,1.79769313486232e+308
28,"8/01/99",1,2510251,1.79769313486232e+308,1.79769313486232e+308,1.79769313486232e+308,1.79769313486232e+308,1.79769313486232e+308,1.79769313486232e+308,1.79769313486232e+308,1.79769313486232e+308,1.79769313486232e+308,1.79769313486232e+308
3,"8/01/99",1,2510341,1.79769313486232e+308,1.79769313486232e+308,1.79769313486232e+308,1.79769313486232e+308,1.79769313486232e+308,1.79769313486232e+308,1.79769313486232e+308,1.79769313486232e+308,1.79769313486232e+308,1.79769313486232e+308
29,"8/01/99",1,2510351,2,2,2,1.79769313486232e+308,2,1.79769313486232e+308,1.79769313486232e+308,1.79769313486232e+308,1.79769313486232e+308,1.79769313486232e+308
4,"8/01/99",1,2510441,1.79769313486232e+308,1.79769313486232e+308,1.79769313486232e+308,1.79769313486232e+308,1.79769313486232e+308,1.79769313486232e+308,1.79769313486232e+308,1.79769313486232e+308,1.79769313486232e+308,1.79769313486232e+308
5,"8/01/99",1,2510442,2,2,1,3,2,1.79769313486232e+308,1.79769313486232e+308,1.79769313486232e+308,1.79769313486232e+308,1.79769313486232e+308
30,"8/01/99",1,2510459,2,2,2,1.79769313486232e+308,2,1.79769313486232e+308,1.79769313486232e+308,1.79769313486232e+308,1.79769313486232e+308,1.79769313486232e+308
6,"8/01/99",1,2510541,2,2,1,8,1,1.79769313486232e+308,1.79769313486232e+308,1.79769313486232e+308,1.79769313486232e+308,5
7,"8/01/99",1,2510641,3,3,2,1.79769313486232e+308,1,2,1.79769313486232e+308,1.79769313486232e+308,1.79769313486232e+308,5
8,"8/01/99",1,2510642,1,1,2,1.79769313486232e+308,2,1.79769313486232e+308,1.79769313486232e+308,1.79769313486232e+308,1.79769313486232e+308,1.79769313486232e+308
9,"8/01/99",1,2510642,8,1,2,1.79769313486232e+308,2,1.79769313486232e+308,1.79769313486232e+308,1.79769313486232e+308,1.79769313486232e+308,1.79769313486232e+308
10,"8/01/99",1,2510741,2,2,1,4,1,1.79769313486232e+308,1.79769313486232e+308,1.79769313486232e+308,1.79769313486232e+308,5
11,"8/01/99",1,2510841,7,7,2,1.79769313486232e+308,1,1,5,1.79769313486232e+308,1.79769313486232e+308,1.79769313486232e+308
12,"8/01/99",1,2510841,8,7,2,1.79769313486232e+308,1,1,5,1.79769313486232e+308,1.79769313486232e+308,1.79769313486232e+308
13,"8/01/99",1,2510841,21,7,2,1.79769313486232e+308,2,1.79769313486232e+308,1.79769313486232e+308,1.79769313486232e+308,1.79769313486232e+308,1.79769313486232e+308
14,"8/01/99",1,2510941,4,10,2,1.79769313486232e+308,1,1,5,1.79769313486232e+308,1.79769313486232e+308,1.79769313486232e+308
15,"8/01/99",1,2510941,10,10,2,1.79769313486232e+308,2,1.79769313486232e+308,1.79769313486232e+308,1.79769313486232e+308,1.79769313486232e+308,1.79769313486232e+308
16,"8/01/99",1,2511041,2,2,2,1.79769313486232e+308,2,1.79769313486232e+308,1.79769313486232e+308,1.79769313486232e+308,1.79769313486232e+308,1.79769313486232e+308
17,"8/01/99",1,2511141,2,2,2,1.79769313486232e+308,2,1.79769313486232e+308,1.79769313486232e+308,1.79769313486232e+308,1.79769313486232e+308,1.79769313486232e+308
18,"8/01/99",1,2511241,2,2,2,1.79769313486232e+308,1,1,8,1990,5,1.79769313486232e+308
19,"8/01/99",1,2511341,2,2,2,1.79769313486232e+308,1,1,7,1995,7,1.79769313486232e+308
20,"8/01/99",1,2511342,2,2,2,1.79769313486232e+308,2,1.79769313486232e+308,1.79769313486232e+308,1.79769313486232e+308,1.79769313486232e+308,1.79769313486232e+308
21,"8/01/99",1,2511441,2,2,1,4,2,1.79769313486232e+308,1.79769313486232e+308,1.79769313486232e+308,1.79769313486232e+308,1.79769313486232e+308
22,"8/01/99",1,2511541,2,2,2,1.79769313486232e+308,1,1,5,1.79769313486232e+308,1.79769313486232e+308,1.79769313486232e+308
23,"8/01/99",1,2511641,2,2,2,1.79769313486232e+308,2,1.79769313486232e+308,1.79769313486232e+308,1.79769313486232e+308,1.79769313486232e+308,1.79769313486232e+308
24,"8/01/99",1,2511741,2,2,2,1.79769313486232e+308,1,1,7,1993,3,1.79769313486232e+308
80,"6/10/99",1,2520141,7,7,2,1.79769313486232e+308,2,1.79769313486232e+308,1.79769313486232e+308,1.79769313486232e+308,1.79769313486232e+308,1.79769313486232e+308
100,"6/10/99",1,2520151,3,3,2,1.79769313486232e+308,1,1,7,1998,12,1.79769313486232e+308
101,"6/10/99",1,2520151,15,3,2,1.79769313486232e+308,2,1.79769313486232e+308,1.79769313486232e+308,1.79769313486232e+308,1.79769313486232e+308,1.79769313486232e+308
81,"6/10/99",1,2520241,9,9,2,1.79769313486232e+308,1,1,7,1998,12,1.79769313486232e+308
102,"6/10/99",1,2520251,2,2,2,1.79769313486232e+308,1,1,8,1993,9,1.79769313486232e+308
82,"6/10/99",1,2520341,8,8,1,7,1,1.79769313486232e+308,1.79769313486232e+308,1.79769313486232e+308,1.79769313486232e+308,7
83,"6/10/99",1,2520341,11,11,1,9,2,1.79769313486232e+308,1.79769313486232e+308,1.79769313486232e+308,1.79769313486232e+308,1.79769313486232e+308
103,"6/10/99",1,2520351,9,2,2,1.79769313486232e+308,1,2,1.79769313486232e+308,1.79769313486232e+308,1.79769313486232e+308,2
84,"6/10/99",1,2520441,2,2,1,6,1,1.79769313486232e+308,1.79769313486232e+308,1.79769313486232e+308,1.79769313486232e+308,5
104,"6/10/99",1,2520459,5,5,1,5,2,1.79769313486232e+308,1.79769313486232e+308,1.79769313486232e+308,1.79769313486232e+308,1.79769313486232e+308
105,"6/10/99",1,2520459,8,8,2,1.79769313486232e+308,2,1.79769313486232e+308,1.79769313486232e+308,1.79769313486232e+308,1.79769313486232e+308,1.79769313486232e+308
85,"6/10/99",1,2520541,17,2,2,1.79769313486232e+308,2,1.79769313486232e+308,1.79769313486232e+308,1.79769313486232e+308,1.79769313486232e+308,1.79769313486232e+308
86,"6/10/99",1,2520542,2,2,2,1.79769313486232e+308,1,1,7,1996,10,1.79769313486232e+308
87,"6/10/99",1,2520641,13,2,2,1.79769313486232e+308,2,1.79769313486232e+308,1.79769313486232e+308,1.79769313486232e+308,1.79769313486232e+308,1.79769313486232e+308
88,"6/10/99",1,2520741,8,5,2,1.79769313486232e+308,1,2,1.79769313486232e+308,1.79769313486232e+308,1.79769313486232e+308,5
89,"6/10/99",1,2520841,2,2,2,1.79769313486232e+308,1,2,1.79769313486232e+308,1.79769313486232e+308,1.79769313486232e+308,5
90,"6/10/99",1,2520941,2,2,2,1.79769313486232e+308,1,2,1.79769313486232e+308,1.79769313486232e+308,1.79769313486232e+308,5
91,"6/10/99",1,2521041,1.79769313486232e+308,1.79769313486232e+308,1.79769313486232e+308,1.79769313486232e+308,1.79769313486232e+308,1.79769313486232e+308,1.79769313486232e+308,1.79769313486232e+308,1.79769313486232e+308,1.79769313486232e+308
92,"6/10/99",1,2521141,2,2,2,1.79769313486232e+308,2,1.79769313486232e+308,1.79769313486232e+308,1.79769313486232e+308,1.79769313486232e+308,1.79769313486232e+308
93,"6/10/99",1,2521241,1.79769313486232e+308,1.79769313486232e+308,1.79769313486232e+308,1.79769313486232e+308,1.79769313486232e+308,1.79769313486232e+308,1.79769313486232e+308,1.79769313486232e+308,1.79769313486232e+308,1.79769313486232e+308
94,"6/10/99",1,2521341,2,2,2,1.79769313486232e+308,1,1,5,1.79769313486232e+308,1.79769313486232e+308,1.79769313486232e+308
95,"6/10/99",1,2521441,2,2,2,1.79769313486232e+308,1,2,1.79769313486232e+308,1.79769313486232e+308,1.79769313486232e+308,7
96,"6/10/99",1,2521541,2,2,1,6,1,1.79769313486232e+308,1.79769313486232e+308,1.79769313486232e+308,1.79769313486232e+308,5
97,"6/10/99",1,2521542,1,1,2,1.79769313486232e+308,1,2,1.79769313486232e+308,1.79769313486232e+308,1.79769313486232e+308,5
98,"6/10/99",1,2521641,2,2,2,1.79769313486232e+308,1,2,1.79769313486232e+308,1.79769313486232e+308,1.79769313486232e+308,7
99,"6/10/99",1,2521741,3,3,2,1.79769313486232e+308,2,1.79769313486232e+308,1.79769313486232e+308,1.79769313486232e+308,1.79769313486232e+308,1.79769313486232e+308
1,"5/20/99",1,2530141,2,2,2,1.79769313486232e+308,2,1.79769313486232e+308,1.79769313486232e+308,1.79769313486232e+308,1.79769313486232e+308,1.79769313486232e+308
22,"5/23/99",1,2530151,1,1,2,1.79769313486232e+308,1,1,5,1.79769313486232e+308,1.79769313486232e+308,1.79769313486232e+308
2,"5/23/99",1,2530241,2,2,2,1.79769313486232e+308,2,1.79769313486232e+308,1.79769313486232e+308,1.79769313486232e+308,1.79769313486232e+308,1.79769313486232e+308
23,"5/23/99",1,2530251,2,2,2,1.79769313486232e+308,1,2,1.79769313486232e+308,1.79769313486232e+308,1.79769313486232e+308,5
4,"5/23/99",1,2530341,4,2,2,1.79769313486232e+308,2,1.79769313486232e+308,1.79769313486232e+308,1.79769313486232e+308,1.79769313486232e+308,1.79769313486232e+308
76,"9/12/99",1,2530351,9,2,2,1.79769313486232e+308,2,1.79769313486232e+308,1.79769313486232e+308,1.79769313486232e+308,1.79769313486232e+308,1.79769313486232e+308
77,"9/12/99",1,2530351,10,2,2,1.79769313486232e+308,2,1.79769313486232e+308,1.79769313486232e+308,1.79769313486232e+308,1.79769313486232e+308,1.79769313486232e+308
5,"5/23/99",1,2530441,8,9,2,1.79769313486232e+308,2,1.79769313486232e+308,1.79769313486232e+308,1.79769313486232e+308,1.79769313486232e+308,1.79769313486232e+308
24,"5/23/99",1,2530459,1.79769313486232e+308,1.79769313486232e+308,1.79769313486232e+308,1.79769313486232e+308,1.79769313486232e+308,1.79769313486232e+308,1.79769313486232e+308,1.79769313486232e+308,1.79769313486232e+308,1.79769313486232e+308
7,"5/23/99",1,2530541,2,2,2,1.79769313486232e+308,2,1.79769313486232e+308,1.79769313486232e+308,1.79769313486232e+308,1.79769313486232e+308,1.79769313486232e+308
8,"5/23/99",1,2530541,5,2,2,1.79769313486232e+308,2,1.79769313486232e+308,1.79769313486232e+308,1.79769313486232e+308,1.79769313486232e+308,1.79769313486232e+308
9,"5/23/99",1,2530641,1.79769313486232e+308,1.79769313486232e+308,1.79769313486232e+308,1.79769313486232e+308,1.79769313486232e+308,1.79769313486232e+308,1.79769313486232e+308,1.79769313486232e+308,1.79769313486232e+308,1.79769313486232e+308
10,"5/23/99",1,2530741,2,2,2,1.79769313486232e+308,2,1.79769313486232e+308,1.79769313486232e+308,1.79769313486232e+308,1.79769313486232e+308,1.79769313486232e+308
11,"5/23/99",1,2530841,3,3,2,1.79769313486232e+308,2,1.79769313486232e+308,1.79769313486232e+308,1.79769313486232e+308,1.79769313486232e+308,1.79769313486232e+308
12,"5/23/99",1,2530941,5,5,2,1.79769313486232e+308,1,1,7,1998,1,1.79769313486232e+308
13,"5/23/99",1,2531041,7,7,1,6,1,1.79769313486232e+308,1.79769313486232e+308,1.79769313486232e+308,1.79769313486232e+308,2
14,"5/23/99",1,2531141,8,8,2,1.79769313486232e+308,2,1.79769313486232e+308,1.79769313486232e+308,1.79769313486232e+308,1.79769313486232e+308,1.79769313486232e+308
15,"5/23/99",1,2531241,2,2,2,1.79769313486232e+308,2,1.79769313486232e+308,1.79769313486232e+308,1.79769313486232e+308,1.79769313486232e+308,1.79769313486232e+308
16,"5/23/99",1,2531341,1.79769313486232e+308,1.79769313486232e+308,1.79769313486232e+308,1.79769313486232e+308,1.79769313486232e+308,1.79769313486232e+308,1.79769313486232e+308,1.79769313486232e+308,1.79769313486232e+308,1.79769313486232e+308
17,"5/23/99",1,2531441,2,2,2,1.79769313486232e+308,2,1.79769313486232e+308,1.79769313486232e+308,1.79769313486232e+308,1.79769313486232e+308,1.79769313486232e+308
18,"5/23/99",1,2531541,1,1,2,1.79769313486232e+308,1,2,1.79769313486232e+308,1.79769313486232e+308,1.79769313486232e+308,5
19,"5/23/99",1,2531641,2,2,2,1.79769313486232e+308,2,1.79769313486232e+308,1.79769313486232e+308,1.79769313486232e+308,1.79769313486232e+308,1.79769313486232e+308
20,"5/23/99",1,2531641,8,2,2,1.79769313486232e+308,1,1,5,1.79769313486232e+308,1.79769313486232e+308,1.79769313486232e+308
21,"5/23/99",1,2531741,3,3,2,1.79769313486232e+308,2,1.79769313486232e+308,1.79769313486232e+308,1.79769313486232e+308,1.79769313486232e+308,1.79769313486232e+308
1,"7/07/99",1,2540149,2,2,2,1.79769313486232e+308,2,1.79769313486232e+308,1.79769313486232e+308,1.79769313486232e+308,1.79769313486232e+308,1.79769313486232e+308
16,"9/12/99",1,2540159,1.79769313486232e+308,1.79769313486232e+308,1.79769313486232e+308,1.79769313486232e+308,1.79769313486232e+308,1.79769313486232e+308,1.79769313486232e+308,1.79769313486232e+308,1.79769313486232e+308,1.79769313486232e+308
2,"9/12/99",1,2540249,2,2,2,1.79769313486232e+308,2,1.79769313486232e+308,1.79769313486232e+308,1.79769313486232e+308,1.79769313486232e+308,1.79769313486232e+308
17,"9/12/99",1,2540259,4,4,2,1.79769313486232e+308,2,1.79769313486232e+308,1.79769313486232e+308,1.79769313486232e+308,1.79769313486232e+308,1.79769313486232e+308
3,"9/12/99",1,2540349,1.79769313486232e+308,1.79769313486232e+308,1.79769313486232e+308,1.79769313486232e+308,1.79769313486232e+308,1.79769313486232e+308,1.79769313486232e+308,1.79769313486232e+308,1.79769313486232e+308,1.79769313486232e+308
18,"9/12/99",1,2540359,9,2,2,1.79769313486232e+308,2,1.79769313486232e+308,1.79769313486232e+308,1.79769313486232e+308,1.79769313486232e+308,1.79769313486232e+308
4,"9/12/99",1,2540449,2,2,2,1.79769313486232e+308,1,1,5,1.79769313486232e+308,1.79769313486232e+308,1.79769313486232e+308
19,"9/12/99",1,2540459,2,2,2,1.79769313486232e+308,1,1,5,1.79769313486232e+308,1.79769313486232e+308,1.79769313486232e+308
5,"9/12/99",1,2540549,2,2,2,1.79769313486232e+308,2,1.79769313486232e+308,1.79769313486232e+308,1.79769313486232e+308,1.79769313486232e+308,1.79769313486232e+308
20,"9/12/99",1,2540559,2,2,1,3,2,1.79769313486232e+308,1.79769313486232e+308,1.79769313486232e+308,1.79769313486232e+308,1.79769313486232e+308
6,"9/12/99",1,2540649,1.79769313486232e+308,1.79769313486232e+308,1.79769313486232e+308,1.79769313486232e+308,1.79769313486232e+308,1.79769313486232e+308,1.79769313486232e+308,1.79769313486232e+308,1.79769313486232e+308,1.79769313486232e+308
7,"9/12/99",1,2540749,2,2,2,1.79769313486232e+308,1,2,1.79769313486232e+308,1.79769313486232e+308,1.79769313486232e+308,5
8,"9/12/99",1,2540849,2,2,2,1.79769313486232e+308,2,1.79769313486232e+308,1.79769313486232e+308,1.79769313486232e+308,1.79769313486232e+308,1.79769313486232e+308
9,"9/12/99",1,2540949,2,2,2,1.79769313486232e+308,1,1,7,1994,1,1.79769313486232e+308
10,"9/12/99",1,2541049,2,1,2,1.79769313486232e+308,1,2,1.79769313486232e+308,1.79769313486232e+308,1.79769313486232e+308,5
11,"9/12/99",1,2541149,1.79769313486232e+308,1.79769313486232e+308,1.79769313486232e+308,1.79769313486232e+308,1.79769313486232e+308,1.79769313486232e+308,1.79769313486232e+308,1.79769313486232e+308,1.79769313486232e+308,1.79769313486232e+308
12,"9/12/99",1,2541249,2,2,2,1.79769313486232e+308,2,1.79769313486232e+308,1.79769313486232e+308,1.79769313486232e+308,1.79769313486232e+308,1.79769313486232e+308
13,"9/12/99",1,2541349,2,2,1,7,2,1.79769313486232e+308,1.79769313486232e+308,1.79769313486232e+308,1.79769313486232e+308,1.79769313486232e+308
14,"9/12/99",1,2541449,2,2,2,1.79769313486232e+308,1,1,7,1997,7,1.79769313486232e+308
15,"9/12/99",1,2541549,2,2,2,1.79769313486232e+308,2,1.79769313486232e+308,1.79769313486232e+308,1.79769313486232e+308,1.79769313486232e+308,1.79769313486232e+308
35,"7/14/99",1,2610141,2,2,2,1.79769313486232e+308,1,1,7,1.79769313486232e+308,1.79769313486232e+308,1.79769313486232e+308
54,"7/14/99",1,2610151,1.79769313486232e+308,1.79769313486232e+308,1.79769313486232e+308,1.79769313486232e+308,1.79769313486232e+308,1.79769313486232e+308,1.79769313486232e+308,1.79769313486232e+308,1.79769313486232e+308,1.79769313486232e+308
55,"7/14/99",1,2610152,2,2,2,1.79769313486232e+308,1,2,1.79769313486232e+308,1.79769313486232e+308,1.79769313486232e+308,5
36,"7/14/99",1,2610241,2,2,2,1.79769313486232e+308,1,1,5,1.79769313486232e+308,1.79769313486232e+308,1.79769313486232e+308
56,"7/14/99",1,2610251,2,2,2,1.79769313486232e+308,1,2,1.79769313486232e+308,1.79769313486232e+308,1.79769313486232e+308,5
57,"7/14/99",1,2610252,2,2,2,1.79769313486232e+308,1,1,5,1.79769313486232e+308,1.79769313486232e+308,1.79769313486232e+308
58,"7/14/99",1,2610253,2,2,2,1.79769313486232e+308,1,1,5,1.79769313486232e+308,1.79769313486232e+308,1.79769313486232e+308
37,"7/14/99",1,2610341,6,6,2,1.79769313486232e+308,1,2,1.79769313486232e+308,1.79769313486232e+308,1.79769313486232e+308,5
59,"7/14/99",1,2610351,4,4,2,1.79769313486232e+308,1,1,5,1.79769313486232e+308,1.79769313486232e+308,1.79769313486232e+308
38,"7/14/99",1,2610441,10,10,2,1.79769313486232e+308,1,1,5,1.79769313486232e+308,1.79769313486232e+308,1.79769313486232e+308
39,"7/14/99",1,2610441,11,11,2,1.79769313486232e+308,1,1,7,1.79769313486232e+308,1.79769313486232e+308,1.79769313486232e+308
60,"7/14/99",1,2610459,4,4,2,1.79769313486232e+308,1,1,5,1.79769313486232e+308,1.79769313486232e+308,1.79769313486232e+308
40,"7/14/99",1,2610541,2,2,2,1.79769313486232e+308,2,1.79769313486232e+308,1.79769313486232e+308,1.79769313486232e+308,1.79769313486232e+308,1.79769313486232e+308
41,"7/14/99",1,2610641,2,2,2,1.79769313486232e+308,2,1.79769313486232e+308,1.79769313486232e+308,1.79769313486232e+308,1.79769313486232e+308,1.79769313486232e+308
42,"7/14/99",1,2610741,3,3,2,1.79769313486232e+308,1,1,5,1.79769313486232e+308,1.79769313486232e+308,1.79769313486232e+308
43,"7/14/99",1,2610841,2,2,2,1.79769313486232e+308,1,1,5,1.79769313486232e+308,1.79769313486232e+308,1.79769313486232e+308
44,"7/14/99",1,2610941,2,2,2,1.79769313486232e+308,1,1,5,1.79769313486232e+308,1.79769313486232e+308,1.79769313486232e+308
45,"7/14/99",1,2611041,1.79769313486232e+308,1.79769313486232e+308,1.79769313486232e+308,1.79769313486232e+308,1.79769313486232e+308,1.79769313486232e+308,1.79769313486232e+308,1.79769313486232e+308,1.79769313486232e+308,1.79769313486232e+308
46,"7/14/99",1,2611141,2,2,2,1.79769313486232e+308,1,2,1.79769313486232e+308,1.79769313486232e+308,1.79769313486232e+308,5
47,"7/14/99",1,2611241,2,2,2,1.79769313486232e+308,1,2,1.79769313486232e+308,1.79769313486232e+308,1.79769313486232e+308,5
48,"7/14/99",1,2611242,2,2,1,4,2,1.79769313486232e+308,1.79769313486232e+308,1.79769313486232e+308,1.79769313486232e+308,1.79769313486232e+308
49,"7/14/99",1,2611341,2,2,2,1.79769313486232e+308,1,2,1.79769313486232e+308,1.79769313486232e+308,1.79769313486232e+308,1.79769313486232e+308
50,"7/14/99",1,2611441,2,2,2,1.79769313486232e+308,1,1,7,1.79769313486232e+308,1.79769313486232e+308,1.79769313486232e+308
51,"7/14/99",1,2611541,2,2,2,1.79769313486232e+308,1,1,5,1.79769313486232e+308,1.79769313486232e+308,1.79769313486232e+308
52,"7/14/99",1,2611641,2,2,2,1.79769313486232e+308,1,2,1.79769313486232e+308,1.79769313486232e+308,1.79769313486232e+308,5
53,"7/14/99",1,2611741,2,2,2,1.79769313486232e+308,2,1.79769313486232e+308,1.79769313486232e+308,1.79769313486232e+308,1.79769313486232e+308,1.79769313486232e+308
1,"5/20/99",1,2620141,2,2,2,1.79769313486232e+308,2,1.79769313486232e+308,1.79769313486232e+308,1.79769313486232e+308,1.79769313486232e+308,1.79769313486232e+308
2,"5/11/99",1,2620141,9,9,2,1.79769313486232e+308,1,1,5,1.79769313486232e+308,1.79769313486232e+308,1.79769313486232e+308
3,"5/11/99",1,2620141,10,10,2,1.79769313486232e+308,1,1,5,1.79769313486232e+308,1.79769313486232e+308,1.79769313486232e+308
4,"5/11/99",1,2620241,6,6,2,1.79769313486232e+308,1,1,5,1.79769313486232e+308,1.79769313486232e+308,1.79769313486232e+308
23,"5/13/99",1,2620251,2,2,2,1.79769313486232e+308,1,1,5,1.79769313486232e+308,1.79769313486232e+308,1.79769313486232e+308
5,"5/13/99",1,2620341,1.79769313486232e+308,1.79769313486232e+308,1.79769313486232e+308,1.79769313486232e+308,1.79769313486232e+308,1.79769313486232e+308,1.79769313486232e+308,1.79769313486232e+308,1.79769313486232e+308,1.79769313486232e+308
24,"5/13/99",1,2620351,5,5,2,1.79769313486232e+308,1,1,2,1.79769313486232e+308,1.79769313486232e+308,1.79769313486232e+308
6,"5/13/99",1,2620441,2,2,2,1.79769313486232e+308,2,1.79769313486232e+308,1.79769313486232e+308,1.79769313486232e+308,1.79769313486232e+308,1.79769313486232e+308
25,"5/13/99",1,2620459,2,2,2,1.79769313486232e+308,2,1.79769313486232e+308,1.79769313486232e+308,1.79769313486232e+308,1.79769313486232e+308,1.79769313486232e+308
7,"5/13/99",1,2620541,1.79769313486232e+308,1.79769313486232e+308,1.79769313486232e+308,1.79769313486232e+308,1.79769313486232e+308,1.79769313486232e+308,1.79769313486232e+308,1.79769313486232e+308,1.79769313486232e+308,1.79769313486232e+308
8,"5/13/99",1,2620641,2,2,2,1.79769313486232e+308,2,1.79769313486232e+308,1.79769313486232e+308,1.79769313486232e+308,1.79769313486232e+308,1.79769313486232e+308
9,"5/13/99",1,2620641,8,8,2,1.79769313486232e+308,2,1.79769313486232e+308,1.79769313486232e+308,1.79769313486232e+308,1.79769313486232e+308,1.79769313486232e+308
10,"5/13/99",1,2620741,2,2,2,1.79769313486232e+308,1,2,1.79769313486232e+308,1.79769313486232e+308,1.79769313486232e+308,5
11,"5/13/99",1,2620841,1.79769313486232e+308,1.79769313486232e+308,1.79769313486232e+308,1.79769313486232e+308,1.79769313486232e+308,1.79769313486232e+308,1.79769313486232e+308,1.79769313486232e+308,1.79769313486232e+308,1.79769313486232e+308
12,"5/13/99",1,2620941,1.79769313486232e+308,1.79769313486232e+308,1.79769313486232e+308,1.79769313486232e+308,1.79769313486232e+308,1.79769313486232e+308,1.79769313486232e+308,1.79769313486232e+308,1.79769313486232e+308,1.79769313486232e+308
13,"5/13/99",1,2621041,2,2,2,1.79769313486232e+308,1,2,1.79769313486232e+308,1.79769313486232e+308,1.79769313486232e+308,5
14,"5/13/99",1,2621141,2,2,2,1.79769313486232e+308,1,1,5,1.79769313486232e+308,1.79769313486232e+308,1.79769313486232e+308
15,"5/13/99",1,2621141,1.79769313486232e+308,1.79769313486232e+308,1.79769313486232e+308,1.79769313486232e+308,1.79769313486232e+308,1.79769313486232e+308,1.79769313486232e+308,1.79769313486232e+308,1.79769313486232e+308,1.79769313486232e+308
16,"5/13/99",1,2621241,1.79769313486232e+308,1.79769313486232e+308,1.79769313486232e+308,1.79769313486232e+308,1.79769313486232e+308,1.79769313486232e+308,1.79769313486232e+308,1.79769313486232e+308,1.79769313486232e+308,1.79769313486232e+308
17,"5/13/99",1,2621341,2,2,2,1.79769313486232e+308,1,2,1.79769313486232e+308,1.79769313486232e+308,1.79769313486232e+308,5
18,"5/13/99",1,2621441,2,2,2,1.79769313486232e+308,2,1.79769313486232e+308,1.79769313486232e+308,1.79769313486232e+308,1.79769313486232e+308,1.79769313486232e+308
19,"5/13/99",1,2621541,2,2,2,1.79769313486232e+308,1,2,1.79769313486232e+308,1.79769313486232e+308,1.79769313486232e+308,1.79769313486232e+308
20,"5/13/99",1,2621641,4,4,2,1.79769313486232e+308,1,2,1.79769313486232e+308,1.79769313486232e+308,1.79769313486232e+308,5
21,"5/13/99",1,2621741,3,3,2,1.79769313486232e+308,2,1.79769313486232e+308,1.79769313486232e+308,1.79769313486232e+308,1.79769313486232e+308,1.79769313486232e+308
22,"5/13/99",1,2621741,7,7,2,1.79769313486232e+308,2,1.79769313486232e+308,1.79769313486232e+308,1.79769313486232e+308,1.79769313486232e+308,1.79769313486232e+308
140,"6/17/99",1,2630141,2,2,2,1.79769313486232e+308,2,1.79769313486232e+308,1.79769313486232e+308,1.79769313486232e+308,1.79769313486232e+308,1.79769313486232e+308
151,"6/17/99",1,2630151,1.79769313486232e+308,1.79769313486232e+308,1.79769313486232e+308,1.79769313486232e+308,1.79769313486232e+308,1.79769313486232e+308,1.79769313486232e+308,1.79769313486232e+308,1.79769313486232e+308,1.79769313486232e+308
152,"6/17/99",1,2630152,2,2,2,1.79769313486232e+308,2,1.79769313486232e+308,1.79769313486232e+308,1.79769313486232e+308,1.79769313486232e+308,1.79769313486232e+308
141,"6/17/99",1,2630241,2,2,2,1.79769313486232e+308,1,1,8,1987,7,1.79769313486232e+308
153,"6/17/99",1,2630251,2,2,2,1.79769313486232e+308,1,2,1.79769313486232e+308,1.79769313486232e+308,1.79769313486232e+308,5
154,"6/17/99",1,2630251,7,2,1,4,2,1.79769313486232e+308,1.79769313486232e+308,1.79769313486232e+308,1.79769313486232e+308,1.79769313486232e+308
142,"6/17/99",1,2630341,2,2,2,1.79769313486232e+308,2,1.79769313486232e+308,1.79769313486232e+308,1.79769313486232e+308,1.79769313486232e+308,1.79769313486232e+308
143,"6/17/99",1,2630441,2,2,1,3,1,1.79769313486232e+308,1.79769313486232e+308,1.79769313486232e+308,1.79769313486232e+308,5
155,"6/17/99",1,2630459,2,2,2,1.79769313486232e+308,2,1.79769313486232e+308,1.79769313486232e+308,1.79769313486232e+308,1.79769313486232e+308,1.79769313486232e+308
144,"6/17/99",1,2630641,1.79769313486232e+308,1.79769313486232e+308,1.79769313486232e+308,1.79769313486232e+308,1.79769313486232e+308,1.79769313486232e+308,1.79769313486232e+308,1.79769313486232e+308,1.79769313486232e+308,1.79769313486232e+308
145,"6/17/99",1,2630841,1.79769313486232e+308,1.79769313486232e+308,1.79769313486232e+308,1.79769313486232e+308,1.79769313486232e+308,1.79769313486232e+308,1.79769313486232e+308,1.79769313486232e+308,1.79769313486232e+308,1.79769313486232e+308
146,"6/17/99",1,2631141,2,2,2,1.79769313486232e+308,1,2,1.79769313486232e+308,1.79769313486232e+308,1.79769313486232e+308,5
147,"6/17/99",1,2631241,2,2,2,1.79769313486232e+308,1,2,1.79769313486232e+308,1.79769313486232e+308,1.79769313486232e+308,5
148,"6/17/99",1,2631341,2,2,2,1.79769313486232e+308,1,2,1.79769313486232e+308,1.79769313486232e+308,1.79769313486232e+308,7
149,"6/17/99",1,2631541,2,2,2,1.79769313486232e+308,1,2,1.79769313486232e+308,1.79769313486232e+308,1.79769313486232e+308,7
150,"6/17/99",1,2631741,1.79769313486232e+308,1.79769313486232e+308,1.79769313486232e+308,1.79769313486232e+308,1.79769313486232e+308,1.79769313486232e+308,1.79769313486232e+308,1.79769313486232e+308,1.79769313486232e+308,1.79769313486232e+308
1,"5/20/99",1,2710141,2,2,2,1.79769313486232e+308,2,1.79769313486232e+308,1.79769313486232e+308,1.79769313486232e+308,1.79769313486232e+308,1.79769313486232e+308
18,"5/29/99",1,2710151,11,11,2,1.79769313486232e+308,1,1,5,1.79769313486232e+308,1.79769313486232e+308,1.79769313486232e+308
2,"5/29/99",1,2710241,2,2,2,1.79769313486232e+308,1,1,1,1.79769313486232e+308,1.79769313486232e+308,1.79769313486232e+308
19,"5/29/99",1,2710251,2,2,2,1.79769313486232e+308,1,1,5,1.79769313486232e+308,1.79769313486232e+308,1.79769313486232e+308
3,"5/29/99",1,2710341,4,4,2,1.79769313486232e+308,1,1,5,1.79769313486232e+308,1.79769313486232e+308,1.79769313486232e+308
20,"5/29/99",1,2710351,1.79769313486232e+308,1.79769313486232e+308,1.79769313486232e+308,1.79769313486232e+308,1.79769313486232e+308,1.79769313486232e+308,1.79769313486232e+308,1.79769313486232e+308,1.79769313486232e+308,1.79769313486232e+308
4,"5/29/99",1,2710441,2,2,2,1.79769313486232e+308,1,2,1.79769313486232e+308,1.79769313486232e+308,1.79769313486232e+308,5
21,"5/29/99",1,2710459,2,2,2,1.79769313486232e+308,1,2,1.79769313486232e+308,1.79769313486232e+308,1.79769313486232e+308,5
5,"5/29/99",1,2710541,2,2,2,1.79769313486232e+308,1,1,8,1985,1.79769313486232e+308,1.79769313486232e+308
6,"5/29/99",1,2710641,2,2,2,1.79769313486232e+308,1,1,8,1986,10,1.79769313486232e+308
7,"5/29/99",1,2710642,1.79769313486232e+308,1.79769313486232e+308,1.79769313486232e+308,1.79769313486232e+308,1.79769313486232e+308,1.79769313486232e+308,1.79769313486232e+308,1.79769313486232e+308,1.79769313486232e+308,1.79769313486232e+308
8,"5/29/99",1,2710741,2,1,2,1.79769313486232e+308,1,1,8,1987,1.79769313486232e+308,1.79769313486232e+308
9,"5/29/99",1,2710841,2,2,2,1.79769313486232e+308,1,2,1.79769313486232e+308,1.79769313486232e+308,1.79769313486232e+308,5
10,"5/29/99",1,2710941,2,2,2,1.79769313486232e+308,1,1,8,1986,1.79769313486232e+308,1.79769313486232e+308
11,"5/29/99",1,2711041,2,2,2,1.79769313486232e+308,1,1,5,1.79769313486232e+308,1.79769313486232e+308,1.79769313486232e+308
12,"5/29/99",1,2711141,1.79769313486232e+308,1.79769313486232e+308,1.79769313486232e+308,1.79769313486232e+308,1.79769313486232e+308,1.79769313486232e+308,1.79769313486232e+308,1.79769313486232e+308,1.79769313486232e+308,1.79769313486232e+308
13,"5/29/99",1,2711241,2,2,2,1.79769313486232e+308,1,1,7,1993,1.79769313486232e+308,1.79769313486232e+308
14,"5/29/99",1,2711341,2,2,2,1.79769313486232e+308,1,1,1,1.79769313486232e+308,1.79769313486232e+308,1.79769313486232e+308
15,"5/29/99",1,2711541,2,2,2,1.79769313486232e+308,2,1.79769313486232e+308,1.79769313486232e+308,1.79769313486232e+308,1.79769313486232e+308,1.79769313486232e+308
16,"5/29/99",1,2711641,1.79769313486232e+308,1.79769313486232e+308,1.79769313486232e+308,1.79769313486232e+308,1.79769313486232e+308,1.79769313486232e+308,1.79769313486232e+308,1.79769313486232e+308,1.79769313486232e+308,1.79769313486232e+308
17,"5/29/99",1,2711741,7,7,2,1.79769313486232e+308,1,1,5,1.79769313486232e+308,1.79769313486232e+308,1.79769313486232e+308
56,"6/19/99",1,2720141,2,2,2,1.79769313486232e+308,1,1,1,1.79769313486232e+308,1.79769313486232e+308,1.79769313486232e+308
81,"6/27/99",1,2720151,2,2,2,1.79769313486232e+308,1,1,5,1.79769313486232e+308,1.79769313486232e+308,1.79769313486232e+308
57,"6/27/99",1,2720241,2,2,2,1.79769313486232e+308,1,2,1.79769313486232e+308,1.79769313486232e+308,1.79769313486232e+308,5
82,"6/27/99",1,2720251,2,2,2,1.79769313486232e+308,2,1.79769313486232e+308,1.79769313486232e+308,1.79769313486232e+308,1.79769313486232e+308,1.79769313486232e+308
58,"6/27/99",1,2720341,16,16,1,7,1,1.79769313486232e+308,1.79769313486232e+308,1.79769313486232e+308,1.79769313486232e+308,5
59,"6/27/99",1,2720342,2,2,2,1.79769313486232e+308,1,1,2,1.79769313486232e+308,1.79769313486232e+308,1.79769313486232e+308
60,"6/27/99",1,2720343,2,2,2,1.79769313486232e+308,1,1,2,1.79769313486232e+308,1.79769313486232e+308,1.79769313486232e+308
61,"6/27/99",1,2720344,2,2,2,1.79769313486232e+308,1,1,7,1996,1.79769313486232e+308,1.79769313486232e+308
83,"6/27/99",1,2720351,1.79769313486232e+308,1.79769313486232e+308,1.79769313486232e+308,1.79769313486232e+308,1.79769313486232e+308,1.79769313486232e+308,1.79769313486232e+308,1.79769313486232e+308,1.79769313486232e+308,1.79769313486232e+308
62,"6/27/99",1,2720441,1.79769313486232e+308,1.79769313486232e+308,1.79769313486232e+308,1.79769313486232e+308,1.79769313486232e+308,1.79769313486232e+308,1.79769313486232e+308,1.79769313486232e+308,1.79769313486232e+308,1.79769313486232e+308
84,"6/27/99",1,2720459,4,4,2,1.79769313486232e+308,1,1,5,1.79769313486232e+308,1.79769313486232e+308,1.79769313486232e+308
63,"6/27/99",1,2720541,2,2,2,1.79769313486232e+308,1,1,1,1.79769313486232e+308,1.79769313486232e+308,1.79769313486232e+308
64,"6/27/99",1,2720641,1.79769313486232e+308,1.79769313486232e+308,1.79769313486232e+308,1.79769313486232e+308,1.79769313486232e+308,1.79769313486232e+308,1.79769313486232e+308,1.79769313486232e+308,1.79769313486232e+308,1.79769313486232e+308
65,"6/27/99",1,2720741,1.79769313486232e+308,1.79769313486232e+308,1.79769313486232e+308,1.79769313486232e+308,1.79769313486232e+308,1.79769313486232e+308,1.79769313486232e+308,1.79769313486232e+308,1.79769313486232e+308,1.79769313486232e+308
66,"6/27/99",1,2720841,3,3,1,3,1,1.79769313486232e+308,1.79769313486232e+308,1.79769313486232e+308,1.79769313486232e+308,5
67,"6/27/99",1,2720941,2,2,1,6,1,1.79769313486232e+308,1.79769313486232e+308,1.79769313486232e+308,1.79769313486232e+308,5
68,"6/27/99",1,2720942,2,2,2,1.79769313486232e+308,1,1,5,1.79769313486232e+308,1.79769313486232e+308,1.79769313486232e+308
69,"6/27/99",1,2721041,2,2,2,1.79769313486232e+308,1,1,5,1.79769313486232e+308,1.79769313486232e+308,1.79769313486232e+308
70,"6/27/99",1,2721141,2,2,2,1.79769313486232e+308,2,1.79769313486232e+308,1.79769313486232e+308,1.79769313486232e+308,1.79769313486232e+308,1.79769313486232e+308
71,"6/27/99",1,2721141,8,2,2,1.79769313486232e+308,2,1.79769313486232e+308,1.79769313486232e+308,1.79769313486232e+308,1.79769313486232e+308,1.79769313486232e+308
72,"6/27/99",1,2721141,9,9,2,1.79769313486232e+308,2,1.79769313486232e+308,1.79769313486232e+308,1.79769313486232e+308,1.79769313486232e+308,1.79769313486232e+308
73,"6/27/99",1,2721241,2,2,2,1.79769313486232e+308,1,1,5,1.79769313486232e+308,1.79769313486232e+308,1.79769313486232e+308
74,"6/27/99",1,2721341,2,2,2,1.79769313486232e+308,2,1.79769313486232e+308,1.79769313486232e+308,1.79769313486232e+308,1.79769313486232e+308,1.79769313486232e+308
75,"6/27/99",1,2721441,2,2,2,1.79769313486232e+308,1,1,1,1.79769313486232e+308,1.79769313486232e+308,1.79769313486232e+308
76,"6/27/99",1,2721441,6,6,2,1.79769313486232e+308,1,1,5,1.79769313486232e+308,1.79769313486232e+308,1.79769313486232e+308
77,"6/27/99",1,2721541,2,2,2,1.79769313486232e+308,1,2,1.79769313486232e+308,1.79769313486232e+308,1.79769313486232e+308,5
78,"6/27/99",1,2721641,1.79769313486232e+308,1.79769313486232e+308,1.79769313486232e+308,1.79769313486232e+308,1.79769313486232e+308,1.79769313486232e+308,1.79769313486232e+308,1.79769313486232e+308,1.79769313486232e+308,1.79769313486232e+308
79,"6/27/99",1,2721741,2,2,2,1.79769313486232e+308,2,1.79769313486232e+308,1.79769313486232e+308,1.79769313486232e+308,1.79769313486232e+308,1.79769313486232e+308
80,"6/27/99",1,2721741,8,8,2,1.79769313486232e+308,1,1,2,1.79769313486232e+308,1.79769313486232e+308,1.79769313486232e+308
1,"7/27/99",1,2730141,2,2,2,1.79769313486232e+308,1,1,5,1.79769313486232e+308,1.79769313486232e+308,1.79769313486232e+308
15,"7/27/99",1,2730151,2,2,2,1.79769313486232e+308,1,1,5,1.79769313486232e+308,1.79769313486232e+308,1.79769313486232e+308
2,"7/27/99",1,2730241,2,2,2,1.79769313486232e+308,1,1,5,1.79769313486232e+308,1.79769313486232e+308,1.79769313486232e+308
16,"7/27/99",1,2730251,2,2,2,1.79769313486232e+308,1,2,1.79769313486232e+308,1.79769313486232e+308,1.79769313486232e+308,5
3,"7/27/99",1,2730341,2,2,2,1.79769313486232e+308,1,1,8,1988,1.79769313486232e+308,1.79769313486232e+308
17,"7/27/99",1,2730351,8,8,2,1.79769313486232e+308,1,2,1.79769313486232e+308,1.79769313486232e+308,1.79769313486232e+308,2
4,"7/27/99",1,2730441,2,2,2,1.79769313486232e+308,1,2,1.79769313486232e+308,1.79769313486232e+308,1.79769313486232e+308,5
18,"7/27/99",1,2730459,9,9,2,1.79769313486232e+308,1,1,5,1.79769313486232e+308,1.79769313486232e+308,1.79769313486232e+308
19,"7/27/99",1,2730459,11,11,2,1.79769313486232e+308,1,1,5,1.79769313486232e+308,1.79769313486232e+308,1.79769313486232e+308
5,"7/27/99",1,2730641,2,2,2,1.79769313486232e+308,2,1.79769313486232e+308,1.79769313486232e+308,1.79769313486232e+308,1.79769313486232e+308,1.79769313486232e+308
6,"7/27/99",1,2730841,1.79769313486232e+308,1.79769313486232e+308,1.79769313486232e+308,1.79769313486232e+308,1.79769313486232e+308,1.79769313486232e+308,1.79769313486232e+308,1.79769313486232e+308,1.79769313486232e+308,1.79769313486232e+308
7,"7/27/99",1,2730941,1.79769313486232e+308,1.79769313486232e+308,1.79769313486232e+308,1.79769313486232e+308,1.79769313486232e+308,1.79769313486232e+308,1.79769313486232e+308,1.79769313486232e+308,1.79769313486232e+308,1.79769313486232e+308
8,"7/27/99",1,2731041,2,2,2,1.79769313486232e+308,1,1,6,1995,2,1.79769313486232e+308
9,"7/27/99",1,2731141,1.79769313486232e+308,1.79769313486232e+308,1.79769313486232e+308,1.79769313486232e+308,1.79769313486232e+308,1.79769313486232e+308,1.79769313486232e+308,1.79769313486232e+308,1.79769313486232e+308,1.79769313486232e+308
10,"7/27/99",1,2731241,2,2,2,1.79769313486232e+308,1,2,1.79769313486232e+308,1.79769313486232e+308,1.79769313486232e+308,5
11,"7/27/99",1,2731341,2,2,2,1.79769313486232e+308,1,1,5,1.79769313486232e+308,1.79769313486232e+308,1.79769313486232e+308
12,"7/27/99",1,2731541,1.79769313486232e+308,1.79769313486232e+308,1.79769313486232e+308,1.79769313486232e+308,1.79769313486232e+308,1.79769313486232e+308,1.79769313486232e+308,1.79769313486232e+308,1.79769313486232e+308,1.79769313486232e+308
13,"7/27/99",1,2731641,2,2,2,1.79769313486232e+308,1,1,8,1987,1.79769313486232e+308,1.79769313486232e+308
14,"7/27/99",1,2731741,2,2,2,1.79769313486232e+308,2,1.79769313486232e+308,1.79769313486232e+308,1.79769313486232e+308,1.79769313486232e+308,1.79769313486232e+308
25,"6/22/99",1,2810141,2,2,2,1.79769313486232e+308,2,1.79769313486232e+308,1.79769313486232e+308,1.79769313486232e+308,1.79769313486232e+308,1.79769313486232e+308
40,"6/22/99",1,2810151,3,2,2,1.79769313486232e+308,1,1,5,1.79769313486232e+308,1.79769313486232e+308,1.79769313486232e+308
26,"6/22/99",1,2810241,6,6,2,1.79769313486232e+308,1,1,7,1.79769313486232e+308,1.79769313486232e+308,1.79769313486232e+308
41,"6/22/99",1,2810251,6,6,2,1.79769313486232e+308,1,1,7,1.79769313486232e+308,1.79769313486232e+308,1.79769313486232e+308
42,"6/22/99",1,2810252,2,2,2,1.79769313486232e+308,1,1,1,1.79769313486232e+308,1.79769313486232e+308,1.79769313486232e+308
27,"6/22/99",1,2810341,2,2,2,1.79769313486232e+308,1,2,1.79769313486232e+308,1.79769313486232e+308,1.79769313486232e+308,1.79769313486232e+308
43,"6/22/99",1,2810351,2,1,2,1.79769313486232e+308,1,2,1.79769313486232e+308,1.79769313486232e+308,1.79769313486232e+308,1
44,"6/22/99",1,2810459,2,2,2,1.79769313486232e+308,1,2,1.79769313486232e+308,1.79769313486232e+308,1.79769313486232e+308,1.79769313486232e+308
45,"6/22/99",1,2810459,4,4,2,1.79769313486232e+308,1,1,5,1.79769313486232e+308,1.79769313486232e+308,1.79769313486232e+308
46,"6/22/99",1,2810459,6,6,2,1.79769313486232e+308,1,1,5,1.79769313486232e+308,1.79769313486232e+308,1.79769313486232e+308
28,"6/22/99",1,2810541,2,2,2,1.79769313486232e+308,1,2,1.79769313486232e+308,1.79769313486232e+308,1.79769313486232e+308,5
29,"6/22/99",1,2810541,8,2,2,1.79769313486232e+308,2,1.79769313486232e+308,1.79769313486232e+308,1.79769313486232e+308,1.79769313486232e+308,1.79769313486232e+308
30,"6/22/99",1,2810641,1.79769313486232e+308,1.79769313486232e+308,1.79769313486232e+308,1.79769313486232e+308,1.79769313486232e+308,1.79769313486232e+308,1.79769313486232e+308,1.79769313486232e+308,1.79769313486232e+308,1.79769313486232e+308
31,"6/22/99",1,2810741,2,2,2,1.79769313486232e+308,1,2,1.79769313486232e+308,1.79769313486232e+308,1.79769313486232e+308,5
32,"6/22/99",1,2810841,2,2,2,1.79769313486232e+308,1,1,5,1.79769313486232e+308,1.79769313486232e+308,1.79769313486232e+308
33,"6/22/99",1,2810941,2,2,2,1.79769313486232e+308,1,2,1.79769313486232e+308,1.79769313486232e+308,1.79769313486232e+308,5
34,"6/22/99",1,2811041,2,2,2,1.79769313486232e+308,1,2,1.79769313486232e+308,1.79769313486232e+308,1.79769313486232e+308,1.79769313486232e+308
35,"6/22/99",1,2811141,2,2,2,1.79769313486232e+308,1,1,5,1.79769313486232e+308,1.79769313486232e+308,1.79769313486232e+308
36,"6/22/99",1,2811341,2,2,2,1.79769313486232e+308,1,2,1.79769313486232e+308,1.79769313486232e+308,1.79769313486232e+308,1.79769313486232e+308
37,"6/22/99",1,2811341,4,4,1,6,1,1.79769313486232e+308,1.79769313486232e+308,1.79769313486232e+308,1.79769313486232e+308,1.79769313486232e+308
38,"6/22/99",1,2811441,2,2,2,1.79769313486232e+308,1,1,7,1.79769313486232e+308,1.79769313486232e+308,1.79769313486232e+308
39,"6/22/99",1,2811741,2,2,2,1.79769313486232e+308,1,2,1.79769313486232e+308,1.79769313486232e+308,1.79769313486232e+308,1.79769313486232e+308
254,"7/06/99",1,2820141,2,2,2,1.79769313486232e+308,1,1,5,1.79769313486232e+308,1.79769313486232e+308,1.79769313486232e+308
276,"7/06/99",1,2820151,2,2,2,1.79769313486232e+308,1,1,5,1.79769313486232e+308,1.79769313486232e+308,1.79769313486232e+308
255,"7/06/99",1,2820241,2,2,1,3,1,1.79769313486232e+308,1.79769313486232e+308,1.79769313486232e+308,1.79769313486232e+308,5
277,"7/06/99",1,2820251,2,2,2,1.79769313486232e+308,1,2,1.79769313486232e+308,1.79769313486232e+308,1.79769313486232e+308,2
278,"7/06/99",1,2820351,2,2,2,1.79769313486232e+308,1,1,5,1.79769313486232e+308,1.79769313486232e+308,1.79769313486232e+308
256,"7/06/99",1,2820441,2,2,2,1.79769313486232e+308,1,1,5,1.79769313486232e+308,1.79769313486232e+308,1.79769313486232e+308
257,"7/06/99",1,2820441,7,2,2,1.79769313486232e+308,1,1,5,1.79769313486232e+308,1.79769313486232e+308,1.79769313486232e+308
279,"7/06/99",1,2820459,2,2,2,1.79769313486232e+308,1,2,1.79769313486232e+308,1.79769313486232e+308,1.79769313486232e+308,5
258,"7/06/99",1,2820541,2,2,2,1.79769313486232e+308,1,2,1.79769313486232e+308,1.79769313486232e+308,1.79769313486232e+308,5
259,"7/06/99",1,2820741,2,1,2,1.79769313486232e+308,1,1,5,1.79769313486232e+308,1.79769313486232e+308,1.79769313486232e+308
260,"7/06/99",1,2820741,3,1,2,1.79769313486232e+308,1,1,5,1.79769313486232e+308,1.79769313486232e+308,1.79769313486232e+308
261,"7/06/99",1,2820841,2,2,2,1.79769313486232e+308,1,1,5,1.79769313486232e+308,1.79769313486232e+308,1.79769313486232e+308
262,"7/06/99",1,2820941,2,2,2,1.79769313486232e+308,1,1,5,1.79769313486232e+308,1.79769313486232e+308,1.79769313486232e+308
263,"7/06/99",1,2821041,1.79769313486232e+308,1.79769313486232e+308,1.79769313486232e+308,1.79769313486232e+308,1.79769313486232e+308,1.79769313486232e+308,1.79769313486232e+308,1.79769313486232e+308,1.79769313486232e+308,1.79769313486232e+308
264,"7/06/99",1,2821141,2,2,2,1.79769313486232e+308,1,1,5,1.79769313486232e+308,1.79769313486232e+308,1.79769313486232e+308
265,"7/06/99",1,2821241,2,2,2,1.79769313486232e+308,1,1,5,1.79769313486232e+308,1.79769313486232e+308,1.79769313486232e+308
266,"7/06/99",1,2821341,2,2,2,1.79769313486232e+308,1,2,1.79769313486232e+308,1.79769313486232e+308,1.79769313486232e+308,5
267,"7/06/99",1,2821341,9,2,2,1.79769313486232e+308,1,1,5,1.79769313486232e+308,1.79769313486232e+308,1.79769313486232e+308
268,"7/06/99",1,2821441,2,2,2,1.79769313486232e+308,1,2,1.79769313486232e+308,1.79769313486232e+308,1.79769313486232e+308,1
269,"7/06/99",1,2821541,2,1,2,1.79769313486232e+308,1,1,7,1.79769313486232e+308,1.79769313486232e+308,1.79769313486232e+308
270,"7/06/99",1,2821541,3,1,2,1.79769313486232e+308,2,1.79769313486232e+308,1.79769313486232e+308,1.79769313486232e+308,1.79769313486232e+308,1.79769313486232e+308
271,"7/06/99",1,2821542,2,2,2,1.79769313486232e+308,1,1,5,1.79769313486232e+308,1.79769313486232e+308,1.79769313486232e+308
272,"7/06/99",1,2821543,2,2,2,1.79769313486232e+308,2,1.79769313486232e+308,1.79769313486232e+308,1.79769313486232e+308,1.79769313486232e+308,1.79769313486232e+308
273,"7/06/99",1,2821544,1.79769313486232e+308,1.79769313486232e+308,1.79769313486232e+308,1.79769313486232e+308,1.79769313486232e+308,1.79769313486232e+308,1.79769313486232e+308,1.79769313486232e+308,1.79769313486232e+308,1.79769313486232e+308
274,"7/06/99",1,2821641,2,2,2,1.79769313486232e+308,1,1,5,1.79769313486232e+308,1.79769313486232e+308,1.79769313486232e+308
275,"7/06/99",1,2821741,2,2,2,1.79769313486232e+308,2,1.79769313486232e+308,1.79769313486232e+308,1.79769313486232e+308,1.79769313486232e+308,1.79769313486232e+308
82,"6/11/99",1,2830141,2,1,2,1.79769313486232e+308,1,2,1.79769313486232e+308,1.79769313486232e+308,1.79769313486232e+308,5
102,"6/11/99",1,2830151,2,2,2,1.79769313486232e+308,1,2,1.79769313486232e+308,1.79769313486232e+308,1.79769313486232e+308,1
83,"6/11/99",1,2830241,2,2,2,1.79769313486232e+308,1,2,1.79769313486232e+308,1.79769313486232e+308,1.79769313486232e+308,5
103,"6/11/99",1,2830251,1.79769313486232e+308,1.79769313486232e+308,1.79769313486232e+308,1.79769313486232e+308,1.79769313486232e+308,1.79769313486232e+308,1.79769313486232e+308,1.79769313486232e+308,1.79769313486232e+308,1.79769313486232e+308
104,"6/11/99",1,2830252,2,2,2,1.79769313486232e+308,1,2,1.79769313486232e+308,1.79769313486232e+308,1.79769313486232e+308,5
105,"6/11/99",1,2830253,2,2,2,1.79769313486232e+308,1,1,5,1.79769313486232e+308,1.79769313486232e+308,1.79769313486232e+308
84,"6/11/99",1,2830341,2,2,2,1.79769313486232e+308,1,2,1.79769313486232e+308,1.79769313486232e+308,1.79769313486232e+308,5
85,"6/11/99",1,2830342,2,2,2,1.79769313486232e+308,1,1,7,1.79769313486232e+308,1.79769313486232e+308,1.79769313486232e+308
86,"6/11/99",1,2830343,2,2,2,1.79769313486232e+308,1,1,7,1.79769313486232e+308,1.79769313486232e+308,1.79769313486232e+308
106,"6/11/99",1,2830351,1.79769313486232e+308,1.79769313486232e+308,1.79769313486232e+308,1.79769313486232e+308,1.79769313486232e+308,1.79769313486232e+308,1.79769313486232e+308,1.79769313486232e+308,1.79769313486232e+308,1.79769313486232e+308
87,"6/11/99",1,2830441,2,2,2,1.79769313486232e+308,1,2,1.79769313486232e+308,1.79769313486232e+308,1.79769313486232e+308,5
107,"6/11/99",1,2830459,2,2,2,1.79769313486232e+308,1,2,1.79769313486232e+308,1.79769313486232e+308,1.79769313486232e+308,5
88,"6/11/99",1,2830541,2,2,2,1.79769313486232e+308,1,1,5,1.79769313486232e+308,1.79769313486232e+308,1.79769313486232e+308
89,"6/11/99",1,2830641,2,2,2,1.79769313486232e+308,1,1,7,1.79769313486232e+308,1.79769313486232e+308,1.79769313486232e+308
90,"6/11/99",1,2830741,2,2,2,1.79769313486232e+308,1,2,1.79769313486232e+308,1.79769313486232e+308,1.79769313486232e+308,1
91,"6/11/99",1,2830841,2,2,2,1.79769313486232e+308,1,2,1.79769313486232e+308,1.79769313486232e+308,1.79769313486232e+308,5
92,"6/11/99",1,2830941,2,2,2,1.79769313486232e+308,1,1,5,1.79769313486232e+308,1.79769313486232e+308,1.79769313486232e+308
93,"6/11/99",1,2831041,2,2,2,1.79769313486232e+308,1,1,5,1.79769313486232e+308,1.79769313486232e+308,1.79769313486232e+308
94,"6/11/99",1,2831141,2,2,2,1.79769313486232e+308,1,1,5,1.79769313486232e+308,1.79769313486232e+308,1.79769313486232e+308
95,"6/11/99",1,2831241,2,2,2,1.79769313486232e+308,1,2,1.79769313486232e+308,1.79769313486232e+308,1.79769313486232e+308,5
96,"6/11/99",1,2831341,3,3,2,1.79769313486232e+308,1,1,5,1.79769313486232e+308,1.79769313486232e+308,1.79769313486232e+308
97,"6/11/99",1,2831441,2,2,2,1.79769313486232e+308,1,1,5,1.79769313486232e+308,1.79769313486232e+308,1.79769313486232e+308
98,"6/11/99",1,2831442,2,2,1,5,2,1.79769313486232e+308,1.79769313486232e+308,1.79769313486232e+308,1.79769313486232e+308,1.79769313486232e+308
99,"6/11/99",1,2831541,2,2,2,1.79769313486232e+308,1,2,1.79769313486232e+308,1.79769313486232e+308,1.79769313486232e+308,1
100,"6/11/99",1,2831641,2,2,2,1.79769313486232e+308,1,1,7,1.79769313486232e+308,1.79769313486232e+308,1.79769313486232e+308
101,"6/11/99",1,2831741,2,1,2,1.79769313486232e+308,1,1,7,1.79769313486232e+308,1.79769313486232e+308,1.79769313486232e+308
26,"6/26/99",1,2840149,2,2,2,1.79769313486232e+308,1,1,5,1.79769313486232e+308,1.79769313486232e+308,1.79769313486232e+308
41,"6/26/99",1,2840159,1.79769313486232e+308,1.79769313486232e+308,1.79769313486232e+308,1.79769313486232e+308,1.79769313486232e+308,1.79769313486232e+308,1.79769313486232e+308,1.79769313486232e+308,1.79769313486232e+308,1.79769313486232e+308
27,"6/26/99",1,2840249,2,2,2,1.79769313486232e+308,1,1,5,1.79769313486232e+308,1.79769313486232e+308,1.79769313486232e+308
42,"6/26/99",1,2840259,2,2,2,1.79769313486232e+308,1,1,5,1.79769313486232e+308,1.79769313486232e+308,1.79769313486232e+308
28,"6/26/99",1,2840349,2,2,1,8,1,1.79769313486232e+308,1.79769313486232e+308,1.79769313486232e+308,1.79769313486232e+308,1.79769313486232e+308
43,"6/26/99",1,2840359,2,2,2,1.79769313486232e+308,1,2,1.79769313486232e+308,1.79769313486232e+308,1.79769313486232e+308,5
29,"6/26/99",1,2840449,2,2,2,1.79769313486232e+308,1,1,5,1.79769313486232e+308,1.79769313486232e+308,1.79769313486232e+308
44,"6/26/99",1,2840459,2,2,2,1.79769313486232e+308,1,1,5,1.79769313486232e+308,1.79769313486232e+308,1.79769313486232e+308
30,"6/26/99",1,2840549,2,2,2,1.79769313486232e+308,1,1,5,1.79769313486232e+308,1.79769313486232e+308,1.79769313486232e+308
45,"6/26/99",1,2840559,2,2,2,1.79769313486232e+308,1,1,5,1.79769313486232e+308,1.79769313486232e+308,1.79769313486232e+308
31,"6/26/99",1,2840649,2,2,2,1.79769313486232e+308,1,1,5,1.79769313486232e+308,1.79769313486232e+308,1.79769313486232e+308
32,"6/26/99",1,2840749,2,2,2,1.79769313486232e+308,1,2,1.79769313486232e+308,1.79769313486232e+308,1.79769313486232e+308,5
33,"6/26/99",1,2840849,2,2,2,1.79769313486232e+308,1,1,5,1.79769313486232e+308,1.79769313486232e+308,1.79769313486232e+308
34,"6/26/99",1,2840949,1.79769313486232e+308,1.79769313486232e+308,1.79769313486232e+308,1.79769313486232e+308,1.79769313486232e+308,1.79769313486232e+308,1.79769313486232e+308,1.79769313486232e+308,1.79769313486232e+308,1.79769313486232e+308
35,"6/26/99",1,2841049,2,2,2,1.79769313486232e+308,1,1,5,1.79769313486232e+308,1.79769313486232e+308,1.79769313486232e+308
36,"6/26/99",1,2841149,2,2,2,1.79769313486232e+308,1,1,5,1.79769313486232e+308,1.79769313486232e+308,1.79769313486232e+308
37,"6/26/99",1,2841249,1.79769313486232e+308,1.79769313486232e+308,1.79769313486232e+308,1.79769313486232e+308,1.79769313486232e+308,1.79769313486232e+308,1.79769313486232e+308,1.79769313486232e+308,1.79769313486232e+308,1.79769313486232e+308
38,"6/26/99",1,2841349,2,2,2,1.79769313486232e+308,1,1,5,1.79769313486232e+308,1.79769313486232e+308,1.79769313486232e+308
39,"6/26/99",1,2841449,1.79769313486232e+308,1.79769313486232e+308,1.79769313486232e+308,1.79769313486232e+308,1.79769313486232e+308,1.79769313486232e+308,1.79769313486232e+308,1.79769313486232e+308,1.79769313486232e+308,1.79769313486232e+308
40,"6/26/99",1,2841549,2,2,2,1.79769313486232e+308,1,1,5,1.79769313486232e+308,1.79769313486232e+308,1.79769313486232e+308
201,"6/20/99",1,2910141,2,2,2,1.79769313486232e+308,1,1,5,1.79769313486232e+308,1.79769313486232e+308,1.79769313486232e+308
219,"6/25/99",1,2910151,2,2,2,1.79769313486232e+308,1,1,5,1.79769313486232e+308,1.79769313486232e+308,1.79769313486232e+308
202,"6/25/99",1,2910241,2,2,2,1.79769313486232e+308,1,1,5,1.79769313486232e+308,1.79769313486232e+308,1.79769313486232e+308
220,"6/25/99",1,2910251,2,2,2,1.79769313486232e+308,1,1,5,1.79769313486232e+308,1.79769313486232e+308,1.79769313486232e+308
203,"6/25/99",1,2910341,1.79769313486232e+308,1.79769313486232e+308,1.79769313486232e+308,1.79769313486232e+308,1.79769313486232e+308,1.79769313486232e+308,1.79769313486232e+308,1.79769313486232e+308,1.79769313486232e+308,1.79769313486232e+308
221,"6/25/99",1,2910351,2,2,2,1.79769313486232e+308,2,1.79769313486232e+308,1.79769313486232e+308,1.79769313486232e+308,1.79769313486232e+308,1.79769313486232e+308
222,"6/25/99",1,2910351,9,9,2,1.79769313486232e+308,1,1,5,1.79769313486232e+308,1.79769313486232e+308,1.79769313486232e+308
204,"6/25/99",1,2910441,1.79769313486232e+308,1.79769313486232e+308,1.79769313486232e+308,1.79769313486232e+308,1.79769313486232e+308,1.79769313486232e+308,1.79769313486232e+308,1.79769313486232e+308,1.79769313486232e+308,1.79769313486232e+308
223,"6/25/99",1,2910459,2,2,2,1.79769313486232e+308,2,1.79769313486232e+308,1.79769313486232e+308,1.79769313486232e+308,1.79769313486232e+308,1.79769313486232e+308
224,"6/25/99",1,2910459,6,6,2,1.79769313486232e+308,2,1.79769313486232e+308,1.79769313486232e+308,1.79769313486232e+308,1.79769313486232e+308,1.79769313486232e+308
225,"6/25/99",1,2910459,9,9,1,7,2,1.79769313486232e+308,1.79769313486232e+308,1.79769313486232e+308,1.79769313486232e+308,1.79769313486232e+308
205,"6/25/99",1,2910541,4,4,2,1.79769313486232e+308,1,1,5,1.79769313486232e+308,1.79769313486232e+308,1.79769313486232e+308
206,"6/25/99",1,2910641,1.79769313486232e+308,1.79769313486232e+308,1.79769313486232e+308,1.79769313486232e+308,1.79769313486232e+308,1.79769313486232e+308,1.79769313486232e+308,1.79769313486232e+308,1.79769313486232e+308,1.79769313486232e+308
207,"6/25/99",1,2910741,2,2,2,1.79769313486232e+308,1,1,7,1997,2,1.79769313486232e+308
208,"6/25/99",1,2910841,2,2,2,1.79769313486232e+308,1,1,5,1.79769313486232e+308,1.79769313486232e+308,1.79769313486232e+308
209,"6/25/99",1,2911041,2,2,2,1.79769313486232e+308,1,1,5,1.79769313486232e+308,1.79769313486232e+308,1.79769313486232e+308
210,"6/25/99",1,2911141,2,2,2,1.79769313486232e+308,2,1.79769313486232e+308,1.79769313486232e+308,1.79769313486232e+308,1.79769313486232e+308,1.79769313486232e+308
211,"6/25/99",1,2911241,1.79769313486232e+308,1.79769313486232e+308,1.79769313486232e+308,1.79769313486232e+308,1.79769313486232e+308,1.79769313486232e+308,1.79769313486232e+308,1.79769313486232e+308,1.79769313486232e+308,1.79769313486232e+308
212,"6/25/99",1,2911242,2,2,2,1.79769313486232e+308,1,1,5,1.79769313486232e+308,1.79769313486232e+308,1.79769313486232e+308
213,"6/25/99",1,2911243,2,2,2,1.79769313486232e+308,1,1,5,1.79769313486232e+308,1.79769313486232e+308,1.79769313486232e+308
214,"6/25/99",1,2911341,2,2,2,1.79769313486232e+308,1,1,5,1.79769313486232e+308,1.79769313486232e+308,1.79769313486232e+308
215,"6/25/99",1,2911441,2,2,2,1.79769313486232e+308,1,1,5,1.79769313486232e+308,1.79769313486232e+308,1.79769313486232e+308
216,"6/25/99",1,2911541,1.79769313486232e+308,1.79769313486232e+308,1.79769313486232e+308,1.79769313486232e+308,1.79769313486232e+308,1.79769313486232e+308,1.79769313486232e+308,1.79769313486232e+308,1.79769313486232e+308,1.79769313486232e+308
217,"6/25/99",1,2911641,2,2,2,1.79769313486232e+308,1,1,5,1.79769313486232e+308,1.79769313486232e+308,1.79769313486232e+308
218,"6/25/99",1,2911741,2,2,2,1.79769313486232e+308,2,1.79769313486232e+308,1.79769313486232e+308,1.79769313486232e+308,1.79769313486232e+308,1.79769313486232e+308
28,"6/05/99",1,2920141,5,5,1,7,1,1.79769313486232e+308,1.79769313486232e+308,1.79769313486232e+308,1.79769313486232e+308,5
29,"6/06/99",1,2920142,2,2,2,1.79769313486232e+308,1,1,7,1997,4,1.79769313486232e+308
49,"6/06/99",1,2920151,2,2,2,1.79769313486232e+308,1,1,8,1995,10,1.79769313486232e+308
50,"6/06/99",1,2920152,2,2,2,1.79769313486232e+308,1,1,7,1998,4,1.79769313486232e+308
30,"6/06/99",1,2920241,1.79769313486232e+308,1.79769313486232e+308,1.79769313486232e+308,1.79769313486232e+308,1.79769313486232e+308,1.79769313486232e+308,1.79769313486232e+308,1.79769313486232e+308,1.79769313486232e+308,1.79769313486232e+308
31,"6/06/99",1,2920242,3,3,2,1.79769313486232e+308,1,1,8,1993,2,1.79769313486232e+308
51,"6/06/99",1,2920251,1.79769313486232e+308,1.79769313486232e+308,1.79769313486232e+308,1.79769313486232e+308,1.79769313486232e+308,1.79769313486232e+308,1.79769313486232e+308,1.79769313486232e+308,1.79769313486232e+308,1.79769313486232e+308
32,"6/06/99",1,2920341,1.79769313486232e+308,1.79769313486232e+308,1.79769313486232e+308,1.79769313486232e+308,1.79769313486232e+308,1.79769313486232e+308,1.79769313486232e+308,1.79769313486232e+308,1.79769313486232e+308,1.79769313486232e+308
33,"6/06/99",1,2920342,2,2,2,1.79769313486232e+308,1,1,7,1997,5,1.79769313486232e+308
34,"6/06/99",1,2920343,2,2,2,1.79769313486232e+308,1,1,7,1998,10,1.79769313486232e+308
52,"6/06/99",1,2920351,2,2,2,1.79769313486232e+308,1,1,5,1.79769313486232e+308,1.79769313486232e+308,1.79769313486232e+308
53,"6/06/99",1,2920351,8,8,2,1.79769313486232e+308,2,1.79769313486232e+308,1.79769313486232e+308,1.79769313486232e+308,1.79769313486232e+308,1.79769313486232e+308
35,"6/06/99",1,2920441,2,2,2,1.79769313486232e+308,1,1,8,1997,1,1.79769313486232e+308
54,"6/06/99",1,2920459,2,2,2,1.79769313486232e+308,1,2,1.79769313486232e+308,1.79769313486232e+308,1.79769313486232e+308,5
36,"6/06/99",1,2920541,2,2,2,1.79769313486232e+308,1,1,5,1.79769313486232e+308,1.79769313486232e+308,1.79769313486232e+308
37,"6/06/99",1,2920641,2,2,2,1.79769313486232e+308,1,1,8,1991,8,1.79769313486232e+308
38,"6/06/99",1,2920741,4,4,2,1.79769313486232e+308,1,1,5,1.79769313486232e+308,1.79769313486232e+308,1.79769313486232e+308
39,"6/06/99",1,2920841,2,2,2,1.79769313486232e+308,1,1,8,1993,4,5
40,"6/06/99",1,2920941,5,5,2,1.79769313486232e+308,2,1.79769313486232e+308,1.79769313486232e+308,1.79769313486232e+308,1.79769313486232e+308,1.79769313486232e+308
41,"6/06/99",1,2921041,2,2,2,1.79769313486232e+308,1,1,8,1997,8,5
42,"6/06/99",1,2921141,1.79769313486232e+308,1.79769313486232e+308,1.79769313486232e+308,1.79769313486232e+308,1.79769313486232e+308,1.79769313486232e+308,1.79769313486232e+308,1.79769313486232e+308,1.79769313486232e+308,1.79769313486232e+308
43,"6/06/99",1,2921241,1.79769313486232e+308,1.79769313486232e+308,1.79769313486232e+308,1.79769313486232e+308,1.79769313486232e+308,1.79769313486232e+308,1.79769313486232e+308,1.79769313486232e+308,1.79769313486232e+308,1.79769313486232e+308
44,"6/06/99",1,2921341,2,2,2,1.79769313486232e+308,1,1,8,1997,1,1.79769313486232e+308
45,"6/06/99",1,2921441,1.79769313486232e+308,1.79769313486232e+308,1.79769313486232e+308,1.79769313486232e+308,1.79769313486232e+308,1.79769313486232e+308,1.79769313486232e+308,1.79769313486232e+308,1.79769313486232e+308,1.79769313486232e+308
46,"6/06/99",1,2921442,2,2,2,1.79769313486232e+308,2,1.79769313486232e+308,1.79769313486232e+308,1.79769313486232e+308,1.79769313486232e+308,1.79769313486232e+308
47,"6/06/99",1,2921541,2,2,2,1.79769313486232e+308,1,1,5,1.79769313486232e+308,1.79769313486232e+308,1.79769313486232e+308
48,"6/06/99",1,2921542,2,2,2,1.79769313486232e+308,2,1.79769313486232e+308,1.79769313486232e+308,1.79769313486232e+308,1.79769313486232e+308,1.79769313486232e+308
44,"8/06/99",1,2930141,2,2,2,1.79769313486232e+308,1,1,7,1997,8,1.79769313486232e+308
62,"8/06/99",1,2930151,2,2,2,1.79769313486232e+308,2,1.79769313486232e+308,1.79769313486232e+308,1.79769313486232e+308,1.79769313486232e+308,1.79769313486232e+308
45,"8/06/99",1,2930241,7,7,1,8,2,1.79769313486232e+308,1.79769313486232e+308,1.79769313486232e+308,1.79769313486232e+308,1.79769313486232e+308
46,"8/06/99",1,2930242,2,2,2,1.79769313486232e+308,1,1,5,1.79769313486232e+308,1.79769313486232e+308,1.79769313486232e+308
63,"8/06/99",1,2930251,8,8,2,1.79769313486232e+308,1,1,5,1.79769313486232e+308,1.79769313486232e+308,1.79769313486232e+308
64,"8/06/99",1,2930251,9,9,1,9,2,1.79769313486232e+308,1.79769313486232e+308,1.79769313486232e+308,1.79769313486232e+308,1.79769313486232e+308
47,"8/06/99",1,2930341,2,2,2,1.79769313486232e+308,1,1,5,1.79769313486232e+308,1.79769313486232e+308,1.79769313486232e+308
65,"8/06/99",1,2930351,2,2,2,1.79769313486232e+308,2,1.79769313486232e+308,1.79769313486232e+308,1.79769313486232e+308,1.79769313486232e+308,1.79769313486232e+308
66,"8/06/99",1,2930352,2,2,2,1.79769313486232e+308,1,1,5,1.79769313486232e+308,1.79769313486232e+308,1.79769313486232e+308
67,"8/06/99",1,2930353,2,2,1,5,2,1.79769313486232e+308,1.79769313486232e+308,1.79769313486232e+308,1.79769313486232e+308,1.79769313486232e+308
48,"8/06/99",1,2930441,7,7,2,1.79769313486232e+308,1,1,7,1.79769313486232e+308,1.79769313486232e+308,1.79769313486232e+308
68,"8/06/99",1,2930459,2,2,2,1.79769313486232e+308,1,1,5,1.79769313486232e+308,1.79769313486232e+308,1.79769313486232e+308
49,"8/06/99",1,2930541,2,2,2,1.79769313486232e+308,2,1.79769313486232e+308,1.79769313486232e+308,1.79769313486232e+308,1.79769313486232e+308,1.79769313486232e+308
50,"8/06/99",1,2930641,3,3,2,1.79769313486232e+308,2,1.79769313486232e+308,1.79769313486232e+308,1.79769313486232e+308,1.79769313486232e+308,1.79769313486232e+308
51,"8/06/99",1,2930641,6,6,2,1.79769313486232e+308,2,1.79769313486232e+308,1.79769313486232e+308,1.79769313486232e+308,1.79769313486232e+308,1.79769313486232e+308
52,"8/06/99",1,2930741,2,2,2,1.79769313486232e+308,1,1,5,1.79769313486232e+308,1.79769313486232e+308,1.79769313486232e+308
53,"8/06/99",1,2930841,2,2,1,7,1,1.79769313486232e+308,1.79769313486232e+308,1.79769313486232e+308,1.79769313486232e+308,5
54,"8/06/99",1,2930941,2,2,2,1.79769313486232e+308,2,1.79769313486232e+308,1.79769313486232e+308,1.79769313486232e+308,1.79769313486232e+308,1.79769313486232e+308
55,"8/06/99",1,2931041,1.79769313486232e+308,1.79769313486232e+308,1.79769313486232e+308,1.79769313486232e+308,1.79769313486232e+308,1.79769313486232e+308,1.79769313486232e+308,1.79769313486232e+308,1.79769313486232e+308,1.79769313486232e+308
56,"8/06/99",1,2931141,1.79769313486232e+308,1.79769313486232e+308,1.79769313486232e+308,1.79769313486232e+308,1.79769313486232e+308,1.79769313486232e+308,1.79769313486232e+308,1.79769313486232e+308,1.79769313486232e+308,1.79769313486232e+308
57,"8/06/99",1,2931241,2,2,2,1.79769313486232e+308,1,1,5,1.79769313486232e+308,1.79769313486232e+308,1.79769313486232e+308
58,"8/06/99",1,2931341,2,2,2,1.79769313486232e+308,1,1,5,1.79769313486232e+308,1.79769313486232e+308,1.79769313486232e+308
59,"8/06/99",1,2931441,2,2,2,1.79769313486232e+308,1,1,5,1.79769313486232e+308,1.79769313486232e+308,1.79769313486232e+308
60,"8/06/99",1,2931541,4,4,2,1.79769313486232e+308,2,1.79769313486232e+308,1.79769313486232e+308,1.79769313486232e+308,1.79769313486232e+308,1.79769313486232e+308
61,"8/06/99",1,2931641,2,2,2,1.79769313486232e+308,1,1,5,1.79769313486232e+308,1.79769313486232e+308,1.79769313486232e+308
1,"7/07/99",1,3010119,2,2,2,1.79769313486232e+308,1,1,5,1.79769313486232e+308,1.79769313486232e+308,1.79769313486232e+308
14,"8/17/99",1,3010149,4,4,2,1.79769313486232e+308,1,1,5,1.79769313486232e+308,1.79769313486232e+308,1.79769313486232e+308
15,"8/17/99",1,3010149,5,4,2,1.79769313486232e+308,1,1,5,1.79769313486232e+308,1.79769313486232e+308,1.79769313486232e+308
21,"8/17/99",1,3010159,2,1,2,1.79769313486232e+308,1,1,5,1.79769313486232e+308,1.79769313486232e+308,1.79769313486232e+308
2,"8/17/99",1,3010219,2,2,2,1.79769313486232e+308,1,1,11,1990,2,1.79769313486232e+308
16,"8/17/99",1,3010249,2,2,2,1.79769313486232e+308,2,1.79769313486232e+308,1.79769313486232e+308,1.79769313486232e+308,1.79769313486232e+308,1.79769313486232e+308
22,"8/17/99",1,3010259,4,2,2,1.79769313486232e+308,1,1,5,1.79769313486232e+308,1.79769313486232e+308,1.79769313486232e+308
3,"8/17/99",1,3010319,2,2,2,1.79769313486232e+308,1,1,5,1.79769313486232e+308,1.79769313486232e+308,1.79769313486232e+308
17,"8/17/99",1,3010349,2,2,2,1.79769313486232e+308,1,2,1.79769313486232e+308,1.79769313486232e+308,1.79769313486232e+308,2
23,"8/17/99",1,3010359,2,2,2,1.79769313486232e+308,1,2,1.79769313486232e+308,1.79769313486232e+308,1.79769313486232e+308,5
4,"8/17/99",1,3010419,2,1,2,1.79769313486232e+308,1,1,5,1.79769313486232e+308,1.79769313486232e+308,1.79769313486232e+308
18,"8/17/99",1,3010449,1.79769313486232e+308,1.79769313486232e+308,1.79769313486232e+308,1.79769313486232e+308,1.79769313486232e+308,1.79769313486232e+308,1.79769313486232e+308,1.79769313486232e+308,1.79769313486232e+308,1.79769313486232e+308
24,"8/17/99",1,3010459,2,1,2,1.79769313486232e+308,1,2,1.79769313486232e+308,1.79769313486232e+308,1.79769313486232e+308,5
5,"8/17/99",1,3010519,2,2,2,1.79769313486232e+308,1,1,5,1.79769313486232e+308,1.79769313486232e+308,1.79769313486232e+308
6,"8/17/99",1,3010519,5,4,2,1.79769313486232e+308,1,1,5,1.79769313486232e+308,1.79769313486232e+308,1.79769313486232e+308
19,"8/17/99",1,3010549,2,2,2,1.79769313486232e+308,1,2,1.79769313486232e+308,1.79769313486232e+308,1.79769313486232e+308,5
7,"8/17/99",1,3010619,2,2,2,1.79769313486232e+308,1,1,5,1.79769313486232e+308,1.79769313486232e+308,1.79769313486232e+308
20,"8/17/99",1,3010649,1,1,2,1.79769313486232e+308,1,1,5,1.79769313486232e+308,1.79769313486232e+308,1.79769313486232e+308
8,"8/17/99",1,3010719,2,2,2,1.79769313486232e+308,1,1,11,1993,1.79769313486232e+308,1.79769313486232e+308
9,"8/17/99",1,3010719,4,2,2,1.79769313486232e+308,1,2,1.79769313486232e+308,1.79769313486232e+308,1.79769313486232e+308,5
10,"8/17/99",1,3010839,1.79769313486232e+308,1.79769313486232e+308,1.79769313486232e+308,1.79769313486232e+308,1.79769313486232e+308,1.79769313486232e+308,1.79769313486232e+308,1.79769313486232e+308,1.79769313486232e+308,1.79769313486232e+308
11,"8/17/99",1,3010919,2,2,2,1.79769313486232e+308,1,1,5,1.79769313486232e+308,1.79769313486232e+308,1.79769313486232e+308
12,"8/17/99",1,3011019,2,1,2,1.79769313486232e+308,1,2,1.79769313486232e+308,1.79769313486232e+308,1.79769313486232e+308,5
13,"8/17/99",1,3011119,2,2,2,1.79769313486232e+308,1,1,9,1985,1.79769313486232e+308,1.79769313486232e+308
25,"8/17/99",1,3020139,2,2,2,1.79769313486232e+308,1,2,1.79769313486232e+308,1.79769313486232e+308,1.79769313486232e+308,5
40,"8/25/99",1,3020149,2,2,2,1.79769313486232e+308,1,1,5,1.79769313486232e+308,1.79769313486232e+308,1.79769313486232e+308
47,"8/25/99",1,3020159,2,2,2,1.79769313486232e+308,1,2,1.79769313486232e+308,1.79769313486232e+308,1.79769313486232e+308,5
26,"8/25/99",1,3020239,2,2,2,1.79769313486232e+308,1,2,1.79769313486232e+308,1.79769313486232e+308,1.79769313486232e+308,5
41,"8/25/99",1,3020249,3,1,2,1.79769313486232e+308,1,2,1.79769313486232e+308,1.79769313486232e+308,1.79769313486232e+308,5
48,"8/25/99",1,3020259,2,2,2,1.79769313486232e+308,1,2,1.79769313486232e+308,1.79769313486232e+308,1.79769313486232e+308,5
27,"8/25/99",1,3020339,2,2,2,1.79769313486232e+308,1,1,8,1992,1.79769313486232e+308,1.79769313486232e+308
42,"8/25/99",1,3020349,2,1,2,1.79769313486232e+308,1,1,5,1.79769313486232e+308,1.79769313486232e+308,1.79769313486232e+308
49,"8/25/99",1,3020359,3,2,2,1.79769313486232e+308,1,2,1.79769313486232e+308,1.79769313486232e+308,1.79769313486232e+308,5
28,"8/25/99",1,3020439,2,1,2,1.79769313486232e+308,1,1,5,1.79769313486232e+308,1.79769313486232e+308,1.79769313486232e+308
43,"8/25/99",1,3020449,2,2,2,1.79769313486232e+308,1,2,1.79769313486232e+308,1.79769313486232e+308,1.79769313486232e+308,5
50,"8/25/99",1,3020459,2,4,2,1.79769313486232e+308,1,2,1.79769313486232e+308,1.79769313486232e+308,1.79769313486232e+308,5
51,"8/25/99",1,3020459,4,4,2,1.79769313486232e+308,1,1,5,1.79769313486232e+308,1.79769313486232e+308,1.79769313486232e+308
29,"8/25/99",1,3020539,3,1,2,1.79769313486232e+308,1,1,5,1.79769313486232e+308,1.79769313486232e+308,1.79769313486232e+308
30,"8/25/99",1,3020539,5,1,1,7,2,1.79769313486232e+308,1.79769313486232e+308,1.79769313486232e+308,1.79769313486232e+308,1.79769313486232e+308
44,"8/25/99",1,3020549,2,2,2,1.79769313486232e+308,1,1,8,1988,1.79769313486232e+308,1.79769313486232e+308
31,"8/25/99",1,3020639,2,2,2,1.79769313486232e+308,1,2,1.79769313486232e+308,1.79769313486232e+308,1.79769313486232e+308,5
45,"8/25/99",1,3020649,2,1,2,1.79769313486232e+308,1,1,5,1.79769313486232e+308,1.79769313486232e+308,1.79769313486232e+308
32,"8/25/99",1,3020739,1.79769313486232e+308,1.79769313486232e+308,1.79769313486232e+308,1.79769313486232e+308,1.79769313486232e+308,1.79769313486232e+308,1.79769313486232e+308,1.79769313486232e+308,1.79769313486232e+308,1.79769313486232e+308
46,"8/25/99",1,3020749,1.79769313486232e+308,1.79769313486232e+308,1.79769313486232e+308,1.79769313486232e+308,1.79769313486232e+308,1.79769313486232e+308,1.79769313486232e+308,1.79769313486232e+308,1.79769313486232e+308,1.79769313486232e+308
33,"8/25/99",1,3020839,2,1,2,1.79769313486232e+308,1,1,8,1989,1.79769313486232e+308,1.79769313486232e+308
34,"8/25/99",1,3020839,4,1,2,1.79769313486232e+308,1,1,5,1.79769313486232e+308,1.79769313486232e+308,1.79769313486232e+308
35,"8/25/99",1,3020939,2,2,2,1.79769313486232e+308,1,1,5,1.79769313486232e+308,1.79769313486232e+308,1.79769313486232e+308
36,"8/25/99",1,3021039,2,1,2,1.79769313486232e+308,1,1,5,1.79769313486232e+308,1.79769313486232e+308,1.79769313486232e+308
37,"8/25/99",1,3021039,6,1,2,1.79769313486232e+308,1,1,5,1.79769313486232e+308,1.79769313486232e+308,1.79769313486232e+308
38,"8/25/99",1,3021039,7,1,2,1.79769313486232e+308,1,1,5,1.79769313486232e+308,1.79769313486232e+308,1.79769313486232e+308
39,"8/25/99",1,3021039,8,1,2,1.79769313486232e+308,1,1,5,1.79769313486232e+308,1.79769313486232e+308,1.79769313486232e+308
54,"9/16/99",1,3030139,6,2,1,3,2,1.79769313486232e+308,1.79769313486232e+308,1.79769313486232e+308,1.79769313486232e+308,1.79769313486232e+308
59,"9/22/99",1,3030149,2,2,2,1.79769313486232e+308,1,1,8,1998,8,1.79769313486232e+308
72,"9/26/99",1,3030159,3,3,2,1.79769313486232e+308,1,1,5,1.79769313486232e+308,1.79769313486232e+308,1.79769313486232e+308
55,"9/22/99",1,3030239,2,2,2,1.79769313486232e+308,1,2,1.79769313486232e+308,1.79769313486232e+308,1.79769313486232e+308,5
60,"9/22/99",1,3030249,2,2,2,1.79769313486232e+308,1,1,8,1994,8,1.79769313486232e+308
73,"9/26/99",1,3030259,7,7,2,1.79769313486232e+308,1,1,5,1.79769313486232e+308,1.79769313486232e+308,1.79769313486232e+308
74,"9/26/99",1,3030259,8,7,2,1.79769313486232e+308,1,1,5,1.79769313486232e+308,1.79769313486232e+308,1.79769313486232e+308
75,"9/26/99",1,3030259,9,7,2,1.79769313486232e+308,1,1,5,1.79769313486232e+308,1.79769313486232e+308,1.79769313486232e+308
56,"9/22/99",1,3030339,2,2,2,1.79769313486232e+308,1,1,5,1.79769313486232e+308,1.79769313486232e+308,1.79769313486232e+308
61,"9/22/99",1,3030349,1.79769313486232e+308,1.79769313486232e+308,1.79769313486232e+308,1.79769313486232e+308,1.79769313486232e+308,1.79769313486232e+308,1.79769313486232e+308,1.79769313486232e+308,1.79769313486232e+308,1.79769313486232e+308
76,"9/26/99",1,3030359,3,1,2,1.79769313486232e+308,1,1,5,1.79769313486232e+308,1.79769313486232e+308,1.79769313486232e+308
77,"9/26/99",1,3030359,4,1,2,1.79769313486232e+308,2,1.79769313486232e+308,1.79769313486232e+308,1.79769313486232e+308,1.79769313486232e+308,1.79769313486232e+308
57,"9/22/99",1,3030439,2,2,2,1.79769313486232e+308,1,1,8,1997,3,1.79769313486232e+308
62,"9/22/99",1,3030449,1.79769313486232e+308,1.79769313486232e+308,1.79769313486232e+308,1.79769313486232e+308,1.79769313486232e+308,1.79769313486232e+308,1.79769313486232e+308,1.79769313486232e+308,1.79769313486232e+308,1.79769313486232e+308
78,"9/26/99",1,3030459,2,1,2,1.79769313486232e+308,1,1,8,1983,2,1.79769313486232e+308
58,"9/22/99",1,3030539,2,2,2,1.79769313486232e+308,1,1,8,1995,5,1.79769313486232e+308
63,"9/22/99",1,3030549,2,2,2,1.79769313486232e+308,1,2,1.79769313486232e+308,1.79769313486232e+308,1.79769313486232e+308,5
64,"9/22/99",1,3030649,2,2,2,1.79769313486232e+308,1,1,2,1.79769313486232e+308,1.79769313486232e+308,1.79769313486232e+308
65,"9/22/99",1,3030749,2,1,2,1.79769313486232e+308,1,1,8,1990,4,1.79769313486232e+308
66,"9/26/99",1,3030849,2,2,2,1.79769313486232e+308,1,1,5,1.79769313486232e+308,1.79769313486232e+308,1.79769313486232e+308
67,"9/26/99",1,3030949,2,2,2,1.79769313486232e+308,1,1,5,1.79769313486232e+308,1.79769313486232e+308,1.79769313486232e+308
68,"9/26/99",1,3031049,4,6,1,5,1,1.79769313486232e+308,1.79769313486232e+308,1.79769313486232e+308,1.79769313486232e+308,5
69,"9/26/99",1,3031049,6,6,2,1.79769313486232e+308,2,1.79769313486232e+308,1.79769313486232e+308,1.79769313486232e+308,1.79769313486232e+308,1.79769313486232e+308
70,"9/26/99",1,3031149,2,2,2,1.79769313486232e+308,1,1,5,1.79769313486232e+308,1.79769313486232e+308,1.79769313486232e+308
71,"9/26/99",1,3031249,2,2,2,1.79769313486232e+308,1,2,1.79769313486232e+308,1.79769313486232e+308,1.79769313486232e+308,5
91,"8/08/99",1,3110139,5,5,2,1.79769313486232e+308,1,2,1.79769313486232e+308,1.79769313486232e+308,1.79769313486232e+308,5
92,"8/11/99",1,3110139,6,5,1,6,1,1.79769313486232e+308,1.79769313486232e+308,1.79769313486232e+308,1.79769313486232e+308,5
102,"8/11/99",1,3110149,1.79769313486232e+308,1.79769313486232e+308,1.79769313486232e+308,1.79769313486232e+308,1.79769313486232e+308,1.79769313486232e+308,1.79769313486232e+308,1.79769313486232e+308,1.79769313486232e+308,1.79769313486232e+308
109,"8/11/99",1,3110159,2,2,2,1.79769313486232e+308,1,1,5,1.79769313486232e+308,1.79769313486232e+308,1.79769313486232e+308
93,"8/11/99",1,3110239,2,2,2,1.79769313486232e+308,1,1,5,1.79769313486232e+308,1.79769313486232e+308,1.79769313486232e+308
108,"8/11/99",1,3110249,2,2,2,1.79769313486232e+308,1,1,5,1.79769313486232e+308,1.79769313486232e+308,1.79769313486232e+308
110,"8/11/99",1,3110259,1.79769313486232e+308,1.79769313486232e+308,1.79769313486232e+308,1.79769313486232e+308,1.79769313486232e+308,1.79769313486232e+308,1.79769313486232e+308,1.79769313486232e+308,1.79769313486232e+308,1.79769313486232e+308
94,"8/11/99",1,3110339,2,1,2,1.79769313486232e+308,1,2,1.79769313486232e+308,1.79769313486232e+308,1.79769313486232e+308,5
104,"8/11/99",1,3110349,2,2,2,1.79769313486232e+308,1,1,5,1.79769313486232e+308,1.79769313486232e+308,1.79769313486232e+308
111,"8/11/99",1,3110359,6,6,2,1.79769313486232e+308,1,1,5,1.79769313486232e+308,1.79769313486232e+308,1.79769313486232e+308
112,"8/11/99",1,3110359,7,6,2,1.79769313486232e+308,1,1,5,1.79769313486232e+308,1.79769313486232e+308,1.79769313486232e+308
113,"8/11/99",1,3110359,8,6,2,1.79769313486232e+308,1,2,1.79769313486232e+308,1.79769313486232e+308,1.79769313486232e+308,5
95,"8/11/99",1,3110439,2,2,2,1.79769313486232e+308,1,1,5,1.79769313486232e+308,1.79769313486232e+308,1.79769313486232e+308
105,"8/11/99",1,3110449,2,2,2,1.79769313486232e+308,1,1,7,1.79769313486232e+308,1.79769313486232e+308,1.79769313486232e+308
114,"8/11/99",1,3110459,1,1,2,1.79769313486232e+308,2,1.79769313486232e+308,1.79769313486232e+308,1.79769313486232e+308,1.79769313486232e+308,1.79769313486232e+308
96,"8/11/99",1,3110539,2,2,2,1.79769313486232e+308,1,1,7,1.79769313486232e+308,1.79769313486232e+308,1.79769313486232e+308
106,"8/11/99",1,3110549,3,1,2,1.79769313486232e+308,2,1.79769313486232e+308,1.79769313486232e+308,1.79769313486232e+308,1.79769313486232e+308,1.79769313486232e+308
97,"8/11/99",1,3110639,2,2,2,1.79769313486232e+308,1,1,7,1.79769313486232e+308,1.79769313486232e+308,1.79769313486232e+308
107,"8/11/99",1,3110649,2,2,2,1.79769313486232e+308,1,1,5,1.79769313486232e+308,1.79769313486232e+308,1.79769313486232e+308
98,"8/11/99",1,3110739,1,1,2,1.79769313486232e+308,1,2,1.79769313486232e+308,1.79769313486232e+308,1.79769313486232e+308,5
99,"8/11/99",1,3110839,2,2,2,1.79769313486232e+308,1,1,5,1.79769313486232e+308,1.79769313486232e+308,1.79769313486232e+308
100,"8/11/99",1,3110939,1.79769313486232e+308,1.79769313486232e+308,1.79769313486232e+308,1.79769313486232e+308,1.79769313486232e+308,1.79769313486232e+308,1.79769313486232e+308,1.79769313486232e+308,1.79769313486232e+308,1.79769313486232e+308
101,"8/11/99",1,3111039,1,1,2,1.79769313486232e+308,1,1,5,1.79769313486232e+308,1.79769313486232e+308,1.79769313486232e+308
103,"8/11/99",1,3111139,2,2,2,1.79769313486232e+308,1,1,7,1998,10,1.79769313486232e+308
61,"8/27/99",1,3120139,2,1,1,5,1,1.79769313486232e+308,1.79769313486232e+308,1.79769313486232e+308,1.79769313486232e+308,5
73,"8/27/99",1,3120149,1.79769313486232e+308,1.79769313486232e+308,1.79769313486232e+308,1.79769313486232e+308,1.79769313486232e+308,1.79769313486232e+308,1.79769313486232e+308,1.79769313486232e+308,1.79769313486232e+308,1.79769313486232e+308
80,"8/27/99",1,3120159,1.79769313486232e+308,1.79769313486232e+308,1.79769313486232e+308,1.79769313486232e+308,1.79769313486232e+308,1.79769313486232e+308,1.79769313486232e+308,1.79769313486232e+308,1.79769313486232e+308,1.79769313486232e+308
62,"8/27/99",1,3120239,2,2,2,1.79769313486232e+308,1,1,8,1987,11,1.79769313486232e+308
74,"8/27/99",1,3120249,2,2,1,9,1,1.79769313486232e+308,1.79769313486232e+308,1.79769313486232e+308,1.79769313486232e+308,5
81,"8/27/99",1,3120259,2,2,2,1.79769313486232e+308,2,1.79769313486232e+308,1.79769313486232e+308,1.79769313486232e+308,1.79769313486232e+308,1.79769313486232e+308
63,"8/27/99",1,3120339,1,1,2,1.79769313486232e+308,1,1,7,1.79769313486232e+308,1.79769313486232e+308,1.79769313486232e+308
75,"8/27/99",1,3120349,2,2,2,1.79769313486232e+308,1,1,5,1.79769313486232e+308,1.79769313486232e+308,1.79769313486232e+308
82,"8/27/99",1,3120359,1.79769313486232e+308,1.79769313486232e+308,1.79769313486232e+308,1.79769313486232e+308,1.79769313486232e+308,1.79769313486232e+308,1.79769313486232e+308,1.79769313486232e+308,1.79769313486232e+308,1.79769313486232e+308
64,"8/27/99",1,3120439,2,2,2,1.79769313486232e+308,1,1,11,1992,6,1.79769313486232e+308
65,"8/27/99",1,3120439,4,2,2,1.79769313486232e+308,2,1.79769313486232e+308,1.79769313486232e+308,1.79769313486232e+308,1.79769313486232e+308,1.79769313486232e+308
76,"8/27/99",1,3120449,2,1,2,1.79769313486232e+308,1,1,5,1.79769313486232e+308,1.79769313486232e+308,1.79769313486232e+308
83,"8/27/99",1,3120459,2,2,2,1.79769313486232e+308,1,1,7,1997,2,1.79769313486232e+308
66,"8/27/99",1,3120539,5,2,2,1.79769313486232e+308,1,1,1,1.79769313486232e+308,1.79769313486232e+308,1.79769313486232e+308
77,"8/27/99",1,3120549,2,2,2,1.79769313486232e+308,1,1,5,1.79769313486232e+308,1.79769313486232e+308,1.79769313486232e+308
67,"8/27/99",1,3120639,4,2,2,1.79769313486232e+308,1,1,5,1.79769313486232e+308,1.79769313486232e+308,1.79769313486232e+308
78,"8/27/99",1,3120649,2,2,2,1.79769313486232e+308,1,2,1.79769313486232e+308,1.79769313486232e+308,1.79769313486232e+308,7
68,"8/27/99",1,3120739,2,2,2,1.79769313486232e+308,1,1,1,1.79769313486232e+308,1.79769313486232e+308,1.79769313486232e+308
79,"8/27/99",1,3120749,1.79769313486232e+308,1.79769313486232e+308,1.79769313486232e+308,1.79769313486232e+308,1.79769313486232e+308,1.79769313486232e+308,1.79769313486232e+308,1.79769313486232e+308,1.79769313486232e+308,1.79769313486232e+308
69,"8/27/99",1,3120839,2,2,2,1.79769313486232e+308,1,1,7,1.79769313486232e+308,1.79769313486232e+308,1.79769313486232e+308
70,"8/27/99",1,3120939,2,2,1,7,1,1.79769313486232e+308,1.79769313486232e+308,1.79769313486232e+308,1.79769313486232e+308,5
71,"8/27/99",1,3121039,4,4,2,1.79769313486232e+308,1,1,7,1.79769313486232e+308,1.79769313486232e+308,1.79769313486232e+308
72,"8/27/99",1,3121039,6,4,1,6,2,1.79769313486232e+308,1.79769313486232e+308,1.79769313486232e+308,1.79769313486232e+308,1.79769313486232e+308
73,"9/01/99",1,3130139,1.79769313486232e+308,1.79769313486232e+308,1.79769313486232e+308,1.79769313486232e+308,1.79769313486232e+308,1.79769313486232e+308,1.79769313486232e+308,1.79769313486232e+308,1.79769313486232e+308,1.79769313486232e+308
79,"9/06/99",1,3130149,2,2,2,1.79769313486232e+308,1,1,1,1.79769313486232e+308,1.79769313486232e+308,1.79769313486232e+308
90,"9/06/99",1,3130159,2,2,2,1.79769313486232e+308,1,1,5,1.79769313486232e+308,1.79769313486232e+308,1.79769313486232e+308
74,"9/06/99",1,3130239,1.79769313486232e+308,1.79769313486232e+308,1.79769313486232e+308,1.79769313486232e+308,1.79769313486232e+308,1.79769313486232e+308,1.79769313486232e+308,1.79769313486232e+308,1.79769313486232e+308,1.79769313486232e+308
80,"9/06/99",1,3130249,2,2,2,1.79769313486232e+308,1,1,7,1.79769313486232e+308,1.79769313486232e+308,1.79769313486232e+308
91,"9/06/99",1,3130259,2,2,2,1.79769313486232e+308,2,1.79769313486232e+308,1.79769313486232e+308,1.79769313486232e+308,1.79769313486232e+308,1.79769313486232e+308
92,"9/06/99",1,3130259,5,5,2,1.79769313486232e+308,1,2,1.79769313486232e+308,1.79769313486232e+308,1.79769313486232e+308,5
93,"9/06/99",1,3130259,10,10,2,1.79769313486232e+308,2,1.79769313486232e+308,1.79769313486232e+308,1.79769313486232e+308,1.79769313486232e+308,1.79769313486232e+308
75,"9/06/99",1,3130339,4,4,2,1.79769313486232e+308,2,1.79769313486232e+308,1.79769313486232e+308,1.79769313486232e+308,1.79769313486232e+308,1.79769313486232e+308
81,"9/06/99",1,3130349,13,13,2,1.79769313486232e+308,2,1.79769313486232e+308,1.79769313486232e+308,1.79769313486232e+308,1.79769313486232e+308,1.79769313486232e+308
94,"9/06/99",1,3130359,2,2,2,1.79769313486232e+308,1,2,1.79769313486232e+308,1.79769313486232e+308,1.79769313486232e+308,5
76,"9/06/99",1,3130439,2,2,2,1.79769313486232e+308,1,1,7,1998,6,1.79769313486232e+308
82,"9/06/99",1,3130449,2,2,1,8,2,1.79769313486232e+308,1.79769313486232e+308,1.79769313486232e+308,1.79769313486232e+308,1.79769313486232e+308
95,"9/06/99",1,3130459,8,8,2,1.79769313486232e+308,1,1,5,1.79769313486232e+308,1.79769313486232e+308,1.79769313486232e+308
96,"9/06/99",1,3130459,9,8,2,1.79769313486232e+308,1,1,5,1.79769313486232e+308,1.79769313486232e+308,1.79769313486232e+308
97,"9/06/99",1,3130459,10,8,2,1.79769313486232e+308,2,1.79769313486232e+308,1.79769313486232e+308,1.79769313486232e+308,1.79769313486232e+308,1.79769313486232e+308
77,"9/06/99",1,3130539,2,2,1,3,1,1.79769313486232e+308,1.79769313486232e+308,1.79769313486232e+308,1.79769313486232e+308,5
83,"9/06/99",1,3130549,1,1,2,1.79769313486232e+308,2,1.79769313486232e+308,1.79769313486232e+308,1.79769313486232e+308,1.79769313486232e+308,1.79769313486232e+308
78,"9/06/99",1,3130629,2,2,2,1.79769313486232e+308,2,1.79769313486232e+308,1.79769313486232e+308,1.79769313486232e+308,1.79769313486232e+308,1.79769313486232e+308
84,"9/06/99",1,3130649,1.79769313486232e+308,1.79769313486232e+308,1.79769313486232e+308,1.79769313486232e+308,1.79769313486232e+308,1.79769313486232e+308,1.79769313486232e+308,1.79769313486232e+308,1.79769313486232e+308,1.79769313486232e+308
85,"9/06/99",1,3130749,3,3,2,1.79769313486232e+308,2,1.79769313486232e+308,1.79769313486232e+308,1.79769313486232e+308,1.79769313486232e+308,1.79769313486232e+308
86,"9/06/99",1,3130849,2,2,2,1.79769313486232e+308,2,1.79769313486232e+308,1.79769313486232e+308,1.79769313486232e+308,1.79769313486232e+308,1.79769313486232e+308
87,"9/06/99",1,3130949,4,4,2,1.79769313486232e+308,1,1,3,1.79769313486232e+308,1.79769313486232e+308,1.79769313486232e+308
88,"9/06/99",1,3131049,2,2,2,1.79769313486232e+308,1,2,1.79769313486232e+308,1.79769313486232e+308,1.79769313486232e+308,5
89,"9/06/99",1,3131149,2,2,2,1.79769313486232e+308,1,2,1.79769313486232e+308,1.79769313486232e+308,1.79769313486232e+308,5
98,"8/12/99",1,3210139,2,2,2,1.79769313486232e+308,1,1,5,1.79769313486232e+308,1.79769313486232e+308,1.79769313486232e+308
108,"8/12/99",1,3210149,2,2,2,1.79769313486232e+308,1,1,1,1.79769313486232e+308,1.79769313486232e+308,1.79769313486232e+308
115,"8/12/99",1,3210159,3,3,2,1.79769313486232e+308,1,2,1.79769313486232e+308,1.79769313486232e+308,1.79769313486232e+308,5
116,"8/12/99",1,3210159,5,5,2,1.79769313486232e+308,1,2,1.79769313486232e+308,1.79769313486232e+308,1.79769313486232e+308,1
99,"8/12/99",1,3210239,2,2,2,1.79769313486232e+308,1,2,1.79769313486232e+308,1.79769313486232e+308,1.79769313486232e+308,1
109,"8/12/99",1,3210249,5,5,2,1.79769313486232e+308,1,1,5,1.79769313486232e+308,1.79769313486232e+308,1.79769313486232e+308
117,"8/12/99",1,3210259,2,2,2,1.79769313486232e+308,1,1,1,1.79769313486232e+308,1.79769313486232e+308,1.79769313486232e+308
100,"8/12/99",1,3210339,2,2,2,1.79769313486232e+308,1,2,1.79769313486232e+308,1.79769313486232e+308,1.79769313486232e+308,5
110,"8/12/99",1,3210349,2,2,2,1.79769313486232e+308,1,1,5,1.79769313486232e+308,1.79769313486232e+308,1.79769313486232e+308
118,"8/12/99",1,3210359,2,2,2,1.79769313486232e+308,2,1.79769313486232e+308,1.79769313486232e+308,1.79769313486232e+308,1.79769313486232e+308,1.79769313486232e+308
101,"8/12/99",1,3210439,2,2,2,1.79769313486232e+308,1,1,5,1.79769313486232e+308,1.79769313486232e+308,1.79769313486232e+308
111,"8/12/99",1,3210449,2,2,2,1.79769313486232e+308,2,1.79769313486232e+308,1.79769313486232e+308,1.79769313486232e+308,1.79769313486232e+308,1.79769313486232e+308
119,"8/12/99",1,3210459,1,1,2,1.79769313486232e+308,1,1,5,1.79769313486232e+308,1.79769313486232e+308,1.79769313486232e+308
102,"8/12/99",1,3210539,2,2,2,1.79769313486232e+308,1,1,5,1.79769313486232e+308,1.79769313486232e+308,1.79769313486232e+308
112,"8/12/99",1,3210549,1.79769313486232e+308,1.79769313486232e+308,1.79769313486232e+308,1.79769313486232e+308,1.79769313486232e+308,1.79769313486232e+308,1.79769313486232e+308,1.79769313486232e+308,1.79769313486232e+308,1.79769313486232e+308
103,"8/12/99",1,3210619,1.79769313486232e+308,1.79769313486232e+308,1.79769313486232e+308,1.79769313486232e+308,1.79769313486232e+308,1.79769313486232e+308,1.79769313486232e+308,1.79769313486232e+308,1.79769313486232e+308,1.79769313486232e+308
113,"8/12/99",1,3210649,3,3,2,1.79769313486232e+308,1,2,1.79769313486232e+308,1.79769313486232e+308,1.79769313486232e+308,1
104,"8/12/99",1,3210739,3,3,2,1.79769313486232e+308,1,1,1,1.79769313486232e+308,1.79769313486232e+308,1
114,"8/12/99",1,3210749,3,3,2,1.79769313486232e+308,1,1,5,1.79769313486232e+308,1.79769313486232e+308,1.79769313486232e+308
105,"8/12/99",1,3210829,2,2,2,1.79769313486232e+308,1,2,1.79769313486232e+308,1.79769313486232e+308,1.79769313486232e+308,5
106,"8/12/99",1,3210929,2,2,2,1.79769313486232e+308,1,2,1.79769313486232e+308,1.79769313486232e+308,1.79769313486232e+308,5
107,"8/12/99",1,3211039,2,2,2,1.79769313486232e+308,2,1.79769313486232e+308,1.79769313486232e+308,1.79769313486232e+308,1.79769313486232e+308,1.79769313486232e+308
25,"8/22/99",1,3220139,2,2,2,1.79769313486232e+308,1,1,1,1.79769313486232e+308,1.79769313486232e+308,1.79769313486232e+308
38,"9/06/99",1,3220149,2,2,2,1.79769313486232e+308,1,2,1.79769313486232e+308,1.79769313486232e+308,1.79769313486232e+308,1
43,"9/06/99",1,3220159,2,2,2,1.79769313486232e+308,1,2,1.79769313486232e+308,1.79769313486232e+308,1.79769313486232e+308,1
44,"9/06/99",1,3220159,3,3,2,1.79769313486232e+308,1,1,7,1998,6,1.79769313486232e+308
26,"8/24/99",1,3220239,2,2,2,1.79769313486232e+308,1,2,1.79769313486232e+308,1.79769313486232e+308,1.79769313486232e+308,1
39,"9/06/99",1,3220249,2,2,2,1.79769313486232e+308,1,2,1.79769313486232e+308,1.79769313486232e+308,1.79769313486232e+308,1
45,"9/06/99",1,3220259,3,3,2,1.79769313486232e+308,2,1.79769313486232e+308,1.79769313486232e+308,1.79769313486232e+308,1.79769313486232e+308,1.79769313486232e+308
27,"8/24/99",1,3220339,1.79769313486232e+308,1.79769313486232e+308,1.79769313486232e+308,1.79769313486232e+308,1.79769313486232e+308,1.79769313486232e+308,1.79769313486232e+308,1.79769313486232e+308,1.79769313486232e+308,1.79769313486232e+308
40,"9/06/99",1,3220349,1,1,2,1.79769313486232e+308,2,1.79769313486232e+308,1.79769313486232e+308,1.79769313486232e+308,1.79769313486232e+308,1.79769313486232e+308
46,"9/06/99",1,3220359,2,2,2,1.79769313486232e+308,1,2,1.79769313486232e+308,1.79769313486232e+308,1.79769313486232e+308,1
28,"8/24/99",1,3220419,2,2,1,7,1,1.79769313486232e+308,1.79769313486232e+308,1.79769313486232e+308,1.79769313486232e+308,1
41,"9/06/99",1,3220449,2,2,2,1.79769313486232e+308,1,2,1.79769313486232e+308,1.79769313486232e+308,1.79769313486232e+308,1
47,"9/06/99",1,3220459,2,2,2,1.79769313486232e+308,2,1.79769313486232e+308,1.79769313486232e+308,1.79769313486232e+308,1.79769313486232e+308,1.79769313486232e+308
29,"8/24/99",1,3220539,2,2,2,1.79769313486232e+308,1,2,1.79769313486232e+308,1.79769313486232e+308,1.79769313486232e+308,1
42,"9/06/99",1,3220549,1,1,2,1.79769313486232e+308,2,1.79769313486232e+308,1.79769313486232e+308,1.79769313486232e+308,1.79769313486232e+308,1.79769313486232e+308
30,"8/24/99",1,3220619,2,2,2,1.79769313486232e+308,1,1,5,1.79769313486232e+308,1.79769313486232e+308,1.79769313486232e+308
31,"8/24/99",1,3220739,2,2,2,1.79769313486232e+308,1,2,1.79769313486232e+308,1.79769313486232e+308,1.79769313486232e+308,1
32,"8/24/99",1,3220839,4,4,1,9,1,1.79769313486232e+308,1.79769313486232e+308,1.79769313486232e+308,1.79769313486232e+308,1
34,"8/24/99",1,3220939,2,2,2,1.79769313486232e+308,1,2,1.79769313486232e+308,1.79769313486232e+308,1.79769313486232e+308,1
35,"8/24/99",1,3221019,2,2,2,1.79769313486232e+308,1,2,1.79769313486232e+308,1.79769313486232e+308,1.79769313486232e+308,5
36,"8/24/99",1,3221139,1,1,2,1.79769313486232e+308,1,2,1.79769313486232e+308,1.79769313486232e+308,1.79769313486232e+308,1
37,"9/06/99",1,3221239,2,2,2,1.79769313486232e+308,1,2,1.79769313486232e+308,1.79769313486232e+308,1.79769313486232e+308,1
48,"9/06/99",1,3230139,2,2,2,1.79769313486232e+308,1,1,5,1.79769313486232e+308,1.79769313486232e+308,1.79769313486232e+308
58,"9/08/99",1,3230149,2,2,2,1.79769313486232e+308,1,1,7,1997,6,1.79769313486232e+308
59,"9/08/99",1,3230149,10,2,1,7,2,1.79769313486232e+308,1.79769313486232e+308,1.79769313486232e+308,1.79769313486232e+308,1.79769313486232e+308
60,"9/08/99",1,3230149,11,2,2,1.79769313486232e+308,2,1.79769313486232e+308,1.79769313486232e+308,1.79769313486232e+308,1.79769313486232e+308,1.79769313486232e+308
67,"9/10/99",1,3230159,3,3,2,1.79769313486232e+308,2,1.79769313486232e+308,1.79769313486232e+308,1.79769313486232e+308,1.79769313486232e+308,1.79769313486232e+308
49,"9/08/99",1,3230219,2,2,2,1.79769313486232e+308,1,1,5,1.79769313486232e+308,1.79769313486232e+308,1.79769313486232e+308
61,"9/08/99",1,3230249,2,2,2,1.79769313486232e+308,2,1.79769313486232e+308,1.79769313486232e+308,1.79769313486232e+308,1.79769313486232e+308,1.79769313486232e+308
68,"9/10/99",1,3230259,1.79769313486232e+308,1.79769313486232e+308,1.79769313486232e+308,1.79769313486232e+308,1.79769313486232e+308,1.79769313486232e+308,1.79769313486232e+308,1.79769313486232e+308,1.79769313486232e+308,1.79769313486232e+308
50,"9/08/99",1,3230339,2,2,2,1.79769313486232e+308,2,1.79769313486232e+308,1.79769313486232e+308,1.79769313486232e+308,1.79769313486232e+308,1.79769313486232e+308
62,"9/10/99",1,3230349,2,2,2,1.79769313486232e+308,1,1,7,1998,6,1.79769313486232e+308
69,"9/10/99",1,3230359,2,2,2,1.79769313486232e+308,1,1,5,1.79769313486232e+308,1.79769313486232e+308,1.79769313486232e+308
51,"9/08/99",1,3230439,2,2,2,1.79769313486232e+308,2,1.79769313486232e+308,1.79769313486232e+308,1.79769313486232e+308,1.79769313486232e+308,1.79769313486232e+308
63,"9/10/99",1,3230449,2,2,2,1.79769313486232e+308,1,1,5,1.79769313486232e+308,1.79769313486232e+308,1.79769313486232e+308
70,"9/10/99",1,3230459,2,2,2,1.79769313486232e+308,2,1.79769313486232e+308,1.79769313486232e+308,1.79769313486232e+308,1.79769313486232e+308,1.79769313486232e+308
52,"9/08/99",1,3230539,1.79769313486232e+308,1.79769313486232e+308,1.79769313486232e+308,1.79769313486232e+308,1.79769313486232e+308,1.79769313486232e+308,1.79769313486232e+308,1.79769313486232e+308,1.79769313486232e+308,1.79769313486232e+308
64,"9/10/99",1,3230549,2,2,2,1.79769313486232e+308,1,1,7,1998,1,1.79769313486232e+308
53,"9/08/99",1,3230639,4,4,1,6,1,1.79769313486232e+308,1.79769313486232e+308,1.79769313486232e+308,1.79769313486232e+308,1
65,"9/10/99",1,3230649,4,4,2,1.79769313486232e+308,2,1.79769313486232e+308,1.79769313486232e+308,1.79769313486232e+308,1.79769313486232e+308,1.79769313486232e+308
54,"9/08/99",1,3230719,2,2,2,1.79769313486232e+308,2,1.79769313486232e+308,1.79769313486232e+308,1.79769313486232e+308,1.79769313486232e+308,1.79769313486232e+308
66,"9/10/99",1,3230749,2,2,1,3,1,1.79769313486232e+308,1.79769313486232e+308,1.79769313486232e+308,1.79769313486232e+308,1
55,"9/08/99",1,3230839,2,2,2,1.79769313486232e+308,2,1.79769313486232e+308,1.79769313486232e+308,1.79769313486232e+308,1.79769313486232e+308,1.79769313486232e+308
56,"9/08/99",1,3230939,7,7,2,1.79769313486232e+308,2,1.79769313486232e+308,1.79769313486232e+308,1.79769313486232e+308,1.79769313486232e+308,1.79769313486232e+308
57,"9/08/99",1,3231039,2,2,2,1.79769313486232e+308,1,1,5,1.79769313486232e+308,1.79769313486232e+308,1.79769313486232e+308