"casenum","date","weight_","hhcode","pid","respid","s13_1q3","s13_1q4","s13_1q5","s13_1q6","s13_1q7","s13_1q8","s13_1q9","s13_1q10","s13_1q11"
64,"6/06/99",1,110111,1.79769313486232e+308,1.79769313486232e+308,1.79769313486232e+308,1.79769313486232e+308,1.79769313486232e+308,1.79769313486232e+308,1.79769313486232e+308,1.79769313486232e+308,1.79769313486232e+308,1.79769313486232e+308,1.79769313486232e+308
65,"6/06/99",1,110112,2,2,1,18,16200,0,0.200000002980232,0,1.79769313486232e+308,1.79769313486232e+308,1.79769313486232e+308
87,"6/06/99",1,110141,2,1,1,14,10000,0,12,0,1.79769313486232e+308,1.79769313486232e+308,1.79769313486232e+308
95,"6/06/99",1,110151,2,2,1,18,9000,0,9,0,1.79769313486232e+308,1.79769313486232e+308,1.79769313486232e+308
66,"6/06/99",1,110211,5,2,2,1.79769313486232e+308,1.79769313486232e+308,1.79769313486232e+308,1.79769313486232e+308,1.79769313486232e+308,1.79769313486232e+308,1.79769313486232e+308,1.79769313486232e+308
88,"6/06/99",1,110241,2,2,1,18,0,0,4,0,1.79769313486232e+308,1.79769313486232e+308,1.79769313486232e+308
96,"6/06/99",1,110251,2,1,1,14,0,0,33,0,1.79769313486232e+308,1.79769313486232e+308,1.79769313486232e+308
97,"6/06/99",1,110251,5,1,2,1.79769313486232e+308,1.79769313486232e+308,1.79769313486232e+308,1.79769313486232e+308,1.79769313486232e+308,1.79769313486232e+308,1.79769313486232e+308,1.79769313486232e+308
98,"6/06/99",1,110251,10,1,1,13,0,0,2,2,2,1995,5
67,"6/06/99",1,110311,1.79769313486232e+308,1.79769313486232e+308,1.79769313486232e+308,1.79769313486232e+308,1.79769313486232e+308,1.79769313486232e+308,1.79769313486232e+308,1.79769313486232e+308,1.79769313486232e+308,1.79769313486232e+308,1.79769313486232e+308
89,"6/06/99",1,110341,2,2,1,17,5000,0,7,0,1.79769313486232e+308,1.79769313486232e+308,1.79769313486232e+308
90,"6/06/99",1,110341,3,2,2,1.79769313486232e+308,1.79769313486232e+308,1.79769313486232e+308,1.79769313486232e+308,1.79769313486232e+308,1.79769313486232e+308,1.79769313486232e+308,1.79769313486232e+308
99,"6/06/99",1,110351,2,2,1,16,11000,0,7,0,1.79769313486232e+308,1.79769313486232e+308,1.79769313486232e+308
1.79769313486232e+308,"8/18/99",1,110351,3,2,2,1.79769313486232e+308,1.79769313486232e+308,1.79769313486232e+308,1.79769313486232e+308,1.79769313486232e+308,1.79769313486232e+308,1.79769313486232e+308,1.79769313486232e+308
1.79769313486232e+308,"8/18/99",1,110351,4,2,2,1.79769313486232e+308,1.79769313486232e+308,1.79769313486232e+308,1.79769313486232e+308,1.79769313486232e+308,1.79769313486232e+308,1.79769313486232e+308,1.79769313486232e+308
100,"6/06/99",1,110352,2,2,1,18,19000,0,5,1,1.79769313486232e+308,1.79769313486232e+308,1.79769313486232e+308
68,"6/06/99",1,110411,2,2,1,16,0,0,8,36,1.79769313486232e+308,1.79769313486232e+308,1.79769313486232e+308
69,"6/06/99",1,110411,4,2,2,1.79769313486232e+308,1.79769313486232e+308,1.79769313486232e+308,1.79769313486232e+308,1.79769313486232e+308,1.79769313486232e+308,1.79769313486232e+308,1.79769313486232e+308
92,"6/06/99",1,110441,3,3,1,17,6000,0,40,0,1.79769313486232e+308,1.79769313486232e+308,1.79769313486232e+308
101,"6/06/99",1,110459,2,1,1,17,0,0,0.100000001490116,0,1.79769313486232e+308,1.79769313486232e+308,1.79769313486232e+308
70,"6/06/99",1,110511,2,2,1,18,500,0,9,0,1.79769313486232e+308,1.79769313486232e+308,1.79769313486232e+308
71,"6/06/99",1,110511,4,2,2,1.79769313486232e+308,1.79769313486232e+308,1.79769313486232e+308,1.79769313486232e+308,1.79769313486232e+308,1.79769313486232e+308,1.79769313486232e+308,1.79769313486232e+308
93,"6/06/99",1,110541,1.79769313486232e+308,1.79769313486232e+308,1.79769313486232e+308,1.79769313486232e+308,1.79769313486232e+308,1.79769313486232e+308,1.79769313486232e+308,1.79769313486232e+308,1.79769313486232e+308,1.79769313486232e+308,1.79769313486232e+308
94,"6/06/99",1,110542,2,2,1,14,9100,0,2,0,1.79769313486232e+308,1.79769313486232e+308,1.79769313486232e+308
72,"6/06/99",1,110611,2,2,1,18,3000,0,0,0,1.79769313486232e+308,1.79769313486232e+308,1.79769313486232e+308
73,"6/06/99",1,110611,3,2,2,1.79769313486232e+308,1.79769313486232e+308,1.79769313486232e+308,1.79769313486232e+308,1.79769313486232e+308,1.79769313486232e+308,1.79769313486232e+308,1.79769313486232e+308
74,"6/06/99",1,110612,2,2,1,15,0,0,20,0,1.79769313486232e+308,1.79769313486232e+308,1.79769313486232e+308
75,"6/06/99",1,110612,3,2,2,1.79769313486232e+308,1.79769313486232e+308,1.79769313486232e+308,1.79769313486232e+308,1.79769313486232e+308,1.79769313486232e+308,1.79769313486232e+308,1.79769313486232e+308
76,"6/06/99",1,110711,6,3,1,22,4000,0,35,0,1.79769313486232e+308,1.79769313486232e+308,1.79769313486232e+308
77,"6/06/99",1,110811,7,2,1,15,10000,0,5,0,1.79769313486232e+308,1.79769313486232e+308,1.79769313486232e+308
78,"6/06/99",1,110911,1,1,1,26,0,0,10,132,1.79769313486232e+308,1.79769313486232e+308,1.79769313486232e+308
79,"6/06/99",1,111011,2,2,1,18,1000,0,0.25,12,1.79769313486232e+308,1.79769313486232e+308,1.79769313486232e+308
80,"6/06/99",1,111011,5,2,2,1.79769313486232e+308,1.79769313486232e+308,1.79769313486232e+308,1.79769313486232e+308,1.79769313486232e+308,1.79769313486232e+308,1.79769313486232e+308,1.79769313486232e+308
81,"6/06/99",1,111011,6,2,2,1.79769313486232e+308,1.79769313486232e+308,1.79769313486232e+308,1.79769313486232e+308,1.79769313486232e+308,1.79769313486232e+308,1.79769313486232e+308,1.79769313486232e+308
82,"6/06/99",1,111111,4,4,1,14,7000,0,7,6,1.79769313486232e+308,1.79769313486232e+308,1.79769313486232e+308
86,"6/06/99",1,111211,7,2,2,1.79769313486232e+308,1.79769313486232e+308,1.79769313486232e+308,1.79769313486232e+308,1.79769313486232e+308,1.79769313486232e+308,1.79769313486232e+308,1.79769313486232e+308
83,"6/06/99",1,111211,11,2,1,19,6000,0,2,0,1.79769313486232e+308,1.79769313486232e+308,1.79769313486232e+308
84,"6/06/99",1,111211,12,2,1,18,15000,0,4,0,1.79769313486232e+308,1.79769313486232e+308,1.79769313486232e+308
85,"6/06/99",1,111211,13,2,1,16,10000,0,0.100000001490116,0,1.79769313486232e+308,1.79769313486232e+308,1.79769313486232e+308
33,"7/23/99",1,120111,2,2,1,14,0,0,8,0,1.79769313486232e+308,1.79769313486232e+308,1.79769313486232e+308
55,"7/23/99",1,120141,2,2,1,24,1000,0,7,0,1.79769313486232e+308,1.79769313486232e+308,1.79769313486232e+308
1.79769313486232e+308,".",1.79769313486232e+308,120141,6,2,2,1.79769313486232e+308,1.79769313486232e+308,1.79769313486232e+308,1.79769313486232e+308,1.79769313486232e+308,1.79769313486232e+308,1.79769313486232e+308,1.79769313486232e+308
61,"7/23/99",1,120151,6,6,1,22,32000,0,10,0,1.79769313486232e+308,1.79769313486232e+308,1.79769313486232e+308
62,"7/23/99",1,120152,3,1,2,1.79769313486232e+308,1.79769313486232e+308,1.79769313486232e+308,1.79769313486232e+308,1.79769313486232e+308,1.79769313486232e+308,1.79769313486232e+308,1.79769313486232e+308
34,"7/23/99",1,120211,7,7,1,16,3000,0,5,228,2,1980,2
35,"7/23/99",1,120212,2,2,1,16,1200,0,45,10,1.79769313486232e+308,1.79769313486232e+308,1.79769313486232e+308
56,"7/23/99",1,120241,2,2,1,14,0,0,0.00999999977648258,0,1.79769313486232e+308,1.79769313486232e+308,1.79769313486232e+308
57,"7/23/99",1,120241,4,2,2,1.79769313486232e+308,1.79769313486232e+308,1.79769313486232e+308,1.79769313486232e+308,1.79769313486232e+308,1.79769313486232e+308,1.79769313486232e+308,1.79769313486232e+308
58,"7/23/99",1,120242,2,2,1,19,7000,0,9,0,1.79769313486232e+308,1.79769313486232e+308,1.79769313486232e+308
63,"7/23/99",1,120251,2,2,1,20,2500,0,15,0,1.79769313486232e+308,1.79769313486232e+308,1.79769313486232e+308
64,"7/23/99",1,120251,3,2,2,1.79769313486232e+308,1.79769313486232e+308,1.79769313486232e+308,1.79769313486232e+308,1.79769313486232e+308,1.79769313486232e+308,1.79769313486232e+308,1.79769313486232e+308
65,"7/23/99",1,120351,2,2,1,18,11000,0,12,0,1.79769313486232e+308,1.79769313486232e+308,1.79769313486232e+308
66,"7/23/99",1,120351,7,2,1,24,30000,0,48,0,1.79769313486232e+308,1.79769313486232e+308,1.79769313486232e+308
36,"7/23/99",1,120411,6,2,1,18,0,0,0.200000002980232,0,1.79769313486232e+308,1.79769313486232e+308,1.79769313486232e+308
59,"7/23/99",1,120441,3,2,1,23,0,0,7,0,1.79769313486232e+308,1.79769313486232e+308,1.79769313486232e+308
67,"7/23/99",1,120459,3,2,1,15,2000,0,1,0,1.79769313486232e+308,1.79769313486232e+308,1.79769313486232e+308
68,"7/23/99",1,120459,5,2,1,18,12000,0,1,0,1.79769313486232e+308,1.79769313486232e+308,1.79769313486232e+308
69,"7/23/99",1,120459,6,2,2,1.79769313486232e+308,1.79769313486232e+308,1.79769313486232e+308,1.79769313486232e+308,1.79769313486232e+308,1.79769313486232e+308,1.79769313486232e+308,1.79769313486232e+308
70,"7/23/99",1,120459,7,2,2,1.79769313486232e+308,1.79769313486232e+308,1.79769313486232e+308,1.79769313486232e+308,1.79769313486232e+308,1.79769313486232e+308,1.79769313486232e+308,1.79769313486232e+308
39,"7/23/99",1,120511,7,2,2,1.79769313486232e+308,1.79769313486232e+308,1.79769313486232e+308,1.79769313486232e+308,1.79769313486232e+308,1.79769313486232e+308,1.79769313486232e+308,1.79769313486232e+308
38,"7/23/99",1,120511,8,2,2,1.79769313486232e+308,1.79769313486232e+308,1.79769313486232e+308,1.79769313486232e+308,1.79769313486232e+308,1.79769313486232e+308,1.79769313486232e+308,1.79769313486232e+308
37,"7/23/99",1,120511,9,2,1,20,30000,0,2,0,1.79769313486232e+308,1.79769313486232e+308,1.79769313486232e+308
43,"7/23/99",1,120512,2,2,1,18,15000,0,25,0,1.79769313486232e+308,1.79769313486232e+308,1.79769313486232e+308
60,"7/23/99",1,120541,2,2,1,18,3000,0,2,0,1.79769313486232e+308,1.79769313486232e+308,1.79769313486232e+308
40,"7/23/99",1,120611,2,1,1,18,26000,0,3,0,1.79769313486232e+308,1.79769313486232e+308,1.79769313486232e+308
1.79769313486232e+308,".",1.79769313486232e+308,120611,3,1,2,1.79769313486232e+308,1.79769313486232e+308,1.79769313486232e+308,1.79769313486232e+308,1.79769313486232e+308,1.79769313486232e+308,1.79769313486232e+308,1.79769313486232e+308
41,"7/23/99",1,120611,6,1,2,1.79769313486232e+308,1.79769313486232e+308,1.79769313486232e+308,1.79769313486232e+308,1.79769313486232e+308,1.79769313486232e+308,1.79769313486232e+308,1.79769313486232e+308
42,"7/23/99",1,120611,7,1,2,1.79769313486232e+308,1.79769313486232e+308,1.79769313486232e+308,1.79769313486232e+308,1.79769313486232e+308,1.79769313486232e+308,1.79769313486232e+308,1.79769313486232e+308
44,"7/23/99",1,120711,2,2,1,21,1200,0,4,36,1.79769313486232e+308,1.79769313486232e+308,1.79769313486232e+308
45,"7/23/99",1,120711,3,3,2,1.79769313486232e+308,1.79769313486232e+308,1.79769313486232e+308,1.79769313486232e+308,1.79769313486232e+308,1.79769313486232e+308,1.79769313486232e+308,1.79769313486232e+308
46,"7/23/99",1,120811,7,6,1,20,10000,0,2,0,1.79769313486232e+308,1.79769313486232e+308,1.79769313486232e+308
48,"7/23/99",1,120911,2,6,1,22,35000,0,0.100000001490116,0,1.79769313486232e+308,1.79769313486232e+308,1.79769313486232e+308
47,"7/23/99",1,120911,9,2,1,19,10000,0,3,0,1.79769313486232e+308,1.79769313486232e+308,1.79769313486232e+308
49,"7/23/99",1,121011,2,2,1,16,5000,0,3,0,1.79769313486232e+308,1.79769313486232e+308,1.79769313486232e+308
50,"7/23/99",1,121011,3,2,2,1.79769313486232e+308,1.79769313486232e+308,1.79769313486232e+308,1.79769313486232e+308,1.79769313486232e+308,1.79769313486232e+308,1.79769313486232e+308,1.79769313486232e+308
51,"7/23/99",1,121111,7,7,1,17,12000,0,5,0,1.79769313486232e+308,1.79769313486232e+308,1.79769313486232e+308
52,"7/23/99",1,121211,2,1,1,15,0,0,10,0,1.79769313486232e+308,1.79769313486232e+308,1.79769313486232e+308
53,"7/23/99",1,121211,3,1,1,14,0,0,2,0,2,1990,1.79769313486232e+308
54,"7/23/99",1,121211,9,1,1,14,0,0,0.00999999977648258,0,1.79769313486232e+308,1.79769313486232e+308,1.79769313486232e+308
14,"8/04/99",1,130141,2,2,1,13,0,0,5,0,1.79769313486232e+308,1.79769313486232e+308,1.79769313486232e+308
20,"8/04/99",1,130151,2,2,1,17,4500,0,0.5,0,1.79769313486232e+308,1.79769313486232e+308,1.79769313486232e+308
1,"8/04/99",1,130211,2,2,1,16,500,0,4,0,1.79769313486232e+308,1.79769313486232e+308,1.79769313486232e+308
15,"8/04/99",1,130241,2,2,1,15,3500,0,10,0,1.79769313486232e+308,1.79769313486232e+308,1.79769313486232e+308
16,"8/04/99",1,130241,3,2,2,1.79769313486232e+308,1.79769313486232e+308,1.79769313486232e+308,1.79769313486232e+308,1.79769313486232e+308,1.79769313486232e+308,1.79769313486232e+308,1.79769313486232e+308
21,"8/04/99",1,130251,2,2,1,16,0,0,0.25,0,1.79769313486232e+308,1.79769313486232e+308,1.79769313486232e+308
3,"8/04/99",1,130311,4,4,1,18,5500,0,1,0,1.79769313486232e+308,1.79769313486232e+308,1.79769313486232e+308
22,"8/04/99",1,130351,2,2,1,18,2300,0,7,0,1.79769313486232e+308,1.79769313486232e+308,1.79769313486232e+308
23,"8/04/99",1,130352,2,2,1,16,14000,0,5,0,1.79769313486232e+308,1.79769313486232e+308,1.79769313486232e+308
24,"8/04/99",1,130353,2,2,1,16,27000,0,0.5,0,1.79769313486232e+308,1.79769313486232e+308,1.79769313486232e+308
25,"8/04/99",1,130354,2,1,1,18,29000,0,2,0,1.79769313486232e+308,1.79769313486232e+308,1.79769313486232e+308
26,"8/04/99",1,130355,2,2,1,17,17000,0,2,0,1.79769313486232e+308,1.79769313486232e+308,1.79769313486232e+308
4,"8/04/99",1,130411,4,2,2,1.79769313486232e+308,1.79769313486232e+308,1.79769313486232e+308,1.79769313486232e+308,1.79769313486232e+308,1.79769313486232e+308,1.79769313486232e+308,1.79769313486232e+308
17,"8/04/99",1,130441,2,2,1,18,1200,0,11,0,1.79769313486232e+308,1.79769313486232e+308,1.79769313486232e+308
27,"8/04/99",1,130459,2,2,1,20,0,0,0.5,1,1.79769313486232e+308,1.79769313486232e+308,1.79769313486232e+308
18,"8/04/99",1,130541,11,2,1,20,15000,0,5,18,1.79769313486232e+308,1.79769313486232e+308,1.79769313486232e+308
19,"8/04/99",1,130542,2,2,1,20,5500,0,2,0,1.79769313486232e+308,1.79769313486232e+308,1.79769313486232e+308
5,"8/04/99",1,130611,6,6,1,18,10000,0,6,0,1.79769313486232e+308,1.79769313486232e+308,1.79769313486232e+308
7,"8/04/99",1,130711,7,2,1,20,5000,0,1,0,1.79769313486232e+308,1.79769313486232e+308,1.79769313486232e+308
8,"8/04/99",1,130712,2,2,1,17,7000,0,13,0,1.79769313486232e+308,1.79769313486232e+308,1.79769313486232e+308
9,"8/04/99",1,130811,2,2,1,19,0,0,1,0,1.79769313486232e+308,1.79769313486232e+308,1.79769313486232e+308
10,"8/04/99",1,130911,4,4,1,18,21000,0,1,0,1.79769313486232e+308,1.79769313486232e+308,1.79769313486232e+308
11,"8/04/99",1,131011,2,2,1,20,0,0,6,15,1.79769313486232e+308,1.79769313486232e+308,1.79769313486232e+308
12,"8/04/99",1,131111,2,2,1,17,4200,0,6,0,1.79769313486232e+308,1.79769313486232e+308,1.79769313486232e+308
13,"8/04/99",1,131211,2,2,1,16,6000,0,10,0,1.79769313486232e+308,1.79769313486232e+308,1.79769313486232e+308
29,"6/19/99",1,210131,5,5,1,17,7000,0,4.80000019073486,4,1.79769313486232e+308,1.79769313486232e+308,1.79769313486232e+308
52,"6/19/99",1,210141,2,2,1,17,2000,0,1.61000001430511,0,1.79769313486232e+308,1.79769313486232e+308,1.79769313486232e+308
62,"6/19/99",1,210151,2,2,1,17,0,0,5,0,1.79769313486232e+308,1.79769313486232e+308,1.79769313486232e+308
30,"6/19/99",1,210231,2,2,1,15,0,0,4.82999992370606,0,1.79769313486232e+308,1.79769313486232e+308,1.79769313486232e+308
53,"6/19/99",1,210241,1.79769313486232e+308,1.79769313486232e+308,1.79769313486232e+308,1.79769313486232e+308,1.79769313486232e+308,1.79769313486232e+308,1.79769313486232e+308,1.79769313486232e+308,1.79769313486232e+308,1.79769313486232e+308,1.79769313486232e+308
63,"6/19/99",1,210251,2,2,1,16,0,0,4.80000019073486,0,1.79769313486232e+308,1.79769313486232e+308,1.79769313486232e+308
64,"6/19/99",1,210251,3,3,1,17,0,0,1.60000002384186,0,1.79769313486232e+308,1.79769313486232e+308,1.79769313486232e+308
31,"6/19/99",1,210331,2,2,1,15,0,0,4.82999992370606,0,1.79769313486232e+308,1.79769313486232e+308,1.79769313486232e+308
32,"6/19/99",1,210332,2,2,1,13,7000,0,3.22000002861023,0,1.79769313486232e+308,1.79769313486232e+308,1.79769313486232e+308
54,"6/19/99",1,210341,2,2,1,15,0,0,0,0,1.79769313486232e+308,1.79769313486232e+308,1.79769313486232e+308
1.79769313486232e+308,"8/30/99",1,210341,6,2,2,1.79769313486232e+308,1.79769313486232e+308,1.79769313486232e+308,1.79769313486232e+308,1.79769313486232e+308,1.79769313486232e+308,1.79769313486232e+308,1.79769313486232e+308
55,"6/19/99",1,210341,8,8,1,17,0,0,5,0,1.79769313486232e+308,1.79769313486232e+308,1.79769313486232e+308
65,"6/19/99",1,210351,2,2,1,20,0,0,5,0,1.79769313486232e+308,1.79769313486232e+308,1.79769313486232e+308
67,"6/19/99",1,210351,4,4,2,1.79769313486232e+308,1.79769313486232e+308,1.79769313486232e+308,1.79769313486232e+308,1.79769313486232e+308,1.79769313486232e+308,1.79769313486232e+308,1.79769313486232e+308
68,"6/19/99",1,210351,6,6,2,1.79769313486232e+308,1.79769313486232e+308,1.79769313486232e+308,1.79769313486232e+308,1.79769313486232e+308,1.79769313486232e+308,1.79769313486232e+308,1.79769313486232e+308
66,"6/19/99",1,210351,8,8,1,17,1500,0,6,0,1.79769313486232e+308,1.79769313486232e+308,1.79769313486232e+308
33,"6/19/99",1,210411,2,1,1,15,1700,0,4.82999992370606,0,1.79769313486232e+308,1.79769313486232e+308,1.79769313486232e+308
56,"6/19/99",1,210441,2,2,1,17,0,0,4.82999992370606,0,1.79769313486232e+308,1.79769313486232e+308,1.79769313486232e+308
57,"6/19/99",1,210441,3,3,1,16,0,0,1.60000002384186,0,1.79769313486232e+308,1.79769313486232e+308,1.79769313486232e+308
58,"6/19/99",1,210441,5,5,2,1.79769313486232e+308,1.79769313486232e+308,1.79769313486232e+308,1.79769313486232e+308,1.79769313486232e+308,1.79769313486232e+308,1.79769313486232e+308,1.79769313486232e+308
59,"6/19/99",1,210441,6,6,2,1.79769313486232e+308,1.79769313486232e+308,1.79769313486232e+308,1.79769313486232e+308,1.79769313486232e+308,1.79769313486232e+308,1.79769313486232e+308,1.79769313486232e+308
69,"6/19/99",1,210459,3,3,1,17,3000,0,9.5,96,2,1990,1.79769313486232e+308
34,"6/19/99",1,210511,4,4,1,13,0,0,0.800000011920929,4,1.79769313486232e+308,1.79769313486232e+308,1.79769313486232e+308
35,"6/19/99",1,210511,6,6,1,16,0,0,0,0,1,1993,1.79769313486232e+308
60,"6/19/99",1,210541,2,2,1,18,0,0,5,0,1.79769313486232e+308,1.79769313486232e+308,1.79769313486232e+308
61,"6/19/99",1,210541,3,3,2,1.79769313486232e+308,1.79769313486232e+308,1.79769313486232e+308,1.79769313486232e+308,1.79769313486232e+308,1.79769313486232e+308,1.79769313486232e+308,1.79769313486232e+308
36,"6/19/99",1,210611,2,2,1,14,500,0,0.805000007152557,12,1.79769313486232e+308,1.79769313486232e+308,1.79769313486232e+308
37,"6/19/99",1,210731,2,2,1,17,5000,0,4.82999992370606,0,1.79769313486232e+308,1.79769313486232e+308,1.79769313486232e+308
39,"6/19/99",1,210731,4,4,2,1.79769313486232e+308,1.79769313486232e+308,1.79769313486232e+308,1.79769313486232e+308,1.79769313486232e+308,1.79769313486232e+308,1.79769313486232e+308,1.79769313486232e+308
40,"6/19/99",1,210731,5,5,2,1.79769313486232e+308,1.79769313486232e+308,1.79769313486232e+308,1.79769313486232e+308,1.79769313486232e+308,1.79769313486232e+308,1.79769313486232e+308,1.79769313486232e+308
41,"6/19/99",1,210811,1.79769313486232e+308,1.79769313486232e+308,1.79769313486232e+308,1.79769313486232e+308,1.79769313486232e+308,1.79769313486232e+308,1.79769313486232e+308,1.79769313486232e+308,1.79769313486232e+308,1.79769313486232e+308,1.79769313486232e+308
42,"6/19/99",1,210931,2,2,1,16,1000,0,25,0,1.79769313486232e+308,1.79769313486232e+308,1.79769313486232e+308
43,"6/19/99",1,210931,3,3,2,1.79769313486232e+308,1.79769313486232e+308,1.79769313486232e+308,1.79769313486232e+308,1.79769313486232e+308,1.79769313486232e+308,1.79769313486232e+308,1.79769313486232e+308
44,"6/19/99",1,211031,2,2,1,17,0,0,4.82999992370606,0,1.79769313486232e+308,1.79769313486232e+308,1.79769313486232e+308
45,"6/19/99",1,211031,5,5,2,1.79769313486232e+308,1.79769313486232e+308,1.79769313486232e+308,1.79769313486232e+308,1.79769313486232e+308,1.79769313486232e+308,1.79769313486232e+308,1.79769313486232e+308
46,"6/19/99",1,211031,6,6,2,1.79769313486232e+308,1.79769313486232e+308,1.79769313486232e+308,1.79769313486232e+308,1.79769313486232e+308,1.79769313486232e+308,1.79769313486232e+308,1.79769313486232e+308
47,"6/19/99",1,211031,7,7,2,1.79769313486232e+308,1.79769313486232e+308,1.79769313486232e+308,1.79769313486232e+308,1.79769313486232e+308,1.79769313486232e+308,1.79769313486232e+308,1.79769313486232e+308
48,"6/19/99",1,211131,2,2,1,17,0,0,0,0,1.79769313486232e+308,1.79769313486232e+308,1.79769313486232e+308
49,"6/19/99",1,211131,6,6,1,17,0,0,4.80000019073486,0,1.79769313486232e+308,1.79769313486232e+308,1.79769313486232e+308
50,"6/19/99",1,211231,2,2,1,17,0,0,4.82999992370606,0,1.79769313486232e+308,1.79769313486232e+308,1.79769313486232e+308
51,"6/19/99",1,211231,4,4,2,1.79769313486232e+308,1.79769313486232e+308,1.79769313486232e+308,1.79769313486232e+308,1.79769313486232e+308,1.79769313486232e+308,1.79769313486232e+308,1.79769313486232e+308
43,"8/01/99",1,220111,4,4,1,17,5000,0,1.60000002384186,0,1.79769313486232e+308,1.79769313486232e+308,1.79769313486232e+308
57,"8/04/99",1,220141,3,3,2,1.79769313486232e+308,1.79769313486232e+308,1.79769313486232e+308,1.79769313486232e+308,1.79769313486232e+308,1.79769313486232e+308,1.79769313486232e+308,1.79769313486232e+308
65,"8/04/99",1,220151,2,2,1,15,0,0,1.60000002384186,0,1.79769313486232e+308,1.79769313486232e+308,1.79769313486232e+308
44,"8/04/99",1,220211,2,2,1,18,1400,0,0.800000011920929,0,1.79769313486232e+308,1.79769313486232e+308,1.79769313486232e+308
58,"8/04/99",1,220241,2,2,1,16,0,0,6.44000005722046,0,1.79769313486232e+308,1.79769313486232e+308,1.79769313486232e+308
59,"8/04/99",1,220241,4,4,2,1.79769313486232e+308,1.79769313486232e+308,1.79769313486232e+308,1.79769313486232e+308,1.79769313486232e+308,1.79769313486232e+308,1.79769313486232e+308,1.79769313486232e+308
60,"8/04/99",1,220241,6,6,1,17,5000,0,4.80000019073486,4,1.79769313486232e+308,1.79769313486232e+308,1.79769313486232e+308
66,"8/04/99",1,220251,4,4,1,15,0,0,3.22000002861023,0,1.79769313486232e+308,1.79769313486232e+308,1.79769313486232e+308
45,"8/04/99",1,220311,2,2,1,17,600,0,4.80000019073486,0,1.79769313486232e+308,1.79769313486232e+308,1.79769313486232e+308
61,"8/04/99",1,220341,2,2,1,16,250,0,1.60000002384186,0,1.79769313486232e+308,1.79769313486232e+308,1.79769313486232e+308
67,"8/04/99",1,220351,2,2,1,15,0,0,0.200000002980232,0,1.79769313486232e+308,1.79769313486232e+308,1.79769313486232e+308
68,"8/04/99",1,220351,7,7,1,16,3000,0,9,0,1.79769313486232e+308,1.79769313486232e+308,1.79769313486232e+308
46,"8/04/99",1,220411,1.79769313486232e+308,1.79769313486232e+308,1.79769313486232e+308,1.79769313486232e+308,1.79769313486232e+308,1.79769313486232e+308,1.79769313486232e+308,1.79769313486232e+308,1.79769313486232e+308,1.79769313486232e+308,1.79769313486232e+308
47,"8/04/99",1,220412,2,2,1,16,0,0,0.800000011920929,8,1.79769313486232e+308,1.79769313486232e+308,1.79769313486232e+308
62,"8/04/99",1,220441,2,2,1,16,0,0,8,0,1.79769313486232e+308,1.79769313486232e+308,1.79769313486232e+308
63,"8/04/99",1,220441,3,3,2,1.79769313486232e+308,1.79769313486232e+308,1.79769313486232e+308,1.79769313486232e+308,1.79769313486232e+308,1.79769313486232e+308,1.79769313486232e+308,1.79769313486232e+308
69,"8/04/99",1,220459,2,2,1,16,0,0,6.44000005722046,0,1.79769313486232e+308,1.79769313486232e+308,1.79769313486232e+308
70,"8/04/99",1,220459,6,6,1,17,7000,0,5,0,1.79769313486232e+308,1.79769313486232e+308,1.79769313486232e+308
48,"8/04/99",1,220511,3,3,1,16,7000,0,6.5,0,1.79769313486232e+308,1.79769313486232e+308,1.79769313486232e+308
64,"8/04/99",1,220541,2,2,1,16,300,0,0.400000005960464,0,1.79769313486232e+308,1.79769313486232e+308,1.79769313486232e+308
49,"8/04/99",1,220611,2,2,1,16,0,0,28.8999996185303,0,1.79769313486232e+308,1.79769313486232e+308,1.79769313486232e+308
50,"8/04/99",1,220711,5,2,2,1.79769313486232e+308,1.79769313486232e+308,1.79769313486232e+308,1.79769313486232e+308,1.79769313486232e+308,1.79769313486232e+308,1.79769313486232e+308,1.79769313486232e+308
51,"8/04/99",1,220911,2,2,1,17,500,0,3.25,0,1.79769313486232e+308,1.79769313486232e+308,1.79769313486232e+308
52,"8/04/99",1,220911,3,3,2,1.79769313486232e+308,1.79769313486232e+308,1.79769313486232e+308,1.79769313486232e+308,1.79769313486232e+308,1.79769313486232e+308,1.79769313486232e+308,1.79769313486232e+308
53,"8/04/99",1,221011,1,1,1,17,900,0,1.60000002384186,0,1,1991,1.79769313486232e+308
1.79769313486232e+308,".",1.79769313486232e+308,221011,3,1.79769313486232e+308,2,1.79769313486232e+308,1.79769313486232e+308,1.79769313486232e+308,1.79769313486232e+308,1.79769313486232e+308,1.79769313486232e+308,1.79769313486232e+308,1.79769313486232e+308
54,"8/04/99",1,221111,1.79769313486232e+308,1.79769313486232e+308,1.79769313486232e+308,1.79769313486232e+308,1.79769313486232e+308,1.79769313486232e+308,1.79769313486232e+308,1.79769313486232e+308,1.79769313486232e+308,1.79769313486232e+308,1.79769313486232e+308
55,"8/04/99",1,221112,2,2,1,16,7000,0,6.40000009536743,0,1.79769313486232e+308,1.79769313486232e+308,1.79769313486232e+308
56,"8/04/99",1,221211,1.79769313486232e+308,1.79769313486232e+308,1.79769313486232e+308,1.79769313486232e+308,1.79769313486232e+308,1.79769313486232e+308,1.79769313486232e+308,1.79769313486232e+308,1.79769313486232e+308,1.79769313486232e+308,1.79769313486232e+308
215,"6/20/99",1,230111,2,2,1,16,0,0,3.22000002861023,0,1,1996,1.79769313486232e+308
232,"6/20/99",1,230141,2,2,1,14,3000,0,0.5,0,1.79769313486232e+308,1.79769313486232e+308,1.79769313486232e+308
239,"6/20/99",1,230151,2,2,1,16,0,100,1,0,1.79769313486232e+308,1.79769313486232e+308,1.79769313486232e+308
240,"6/20/99",1,230151,6,6,2,1.79769313486232e+308,1.79769313486232e+308,1.79769313486232e+308,1.79769313486232e+308,1.79769313486232e+308,1.79769313486232e+308,1.79769313486232e+308,1.79769313486232e+308
241,"6/20/99",1,230152,2,2,1,16,4000,0,5,0,1.79769313486232e+308,1.79769313486232e+308,1.79769313486232e+308
216,"6/20/99",1,230211,2,2,1,16,0,0,1.60000002384186,1,1.79769313486232e+308,1.79769313486232e+308,1.79769313486232e+308
233,"6/20/99",1,230241,2,2,1,15,0,60,4.80000019073486,0,1.79769313486232e+308,1.79769313486232e+308,1.79769313486232e+308
234,"6/20/99",1,230241,4,4,2,1.79769313486232e+308,1.79769313486232e+308,1.79769313486232e+308,1.79769313486232e+308,1.79769313486232e+308,1.79769313486232e+308,1.79769313486232e+308,1.79769313486232e+308
242,"6/20/99",1,230251,2,1,1,18,0,0,4.80000019073486,0,1.79769313486232e+308,1.79769313486232e+308,1.79769313486232e+308
243,"6/20/99",1,230251,3,3,2,1.79769313486232e+308,1.79769313486232e+308,1.79769313486232e+308,1.79769313486232e+308,1.79769313486232e+308,1.79769313486232e+308,1.79769313486232e+308,1.79769313486232e+308
217,"6/20/99",1,230311,2,2,1,16,0,0,3.22000002861023,0,1.79769313486232e+308,1.79769313486232e+308,1.79769313486232e+308
245,"6/20/99",1,230351,1.79769313486232e+308,1.79769313486232e+308,1.79769313486232e+308,1.79769313486232e+308,1.79769313486232e+308,1.79769313486232e+308,1.79769313486232e+308,1.79769313486232e+308,1.79769313486232e+308,1.79769313486232e+308,1.79769313486232e+308
246,"6/20/99",1,230352,2,2,1,15,6000,0,3,0,1.79769313486232e+308,1.79769313486232e+308,1.79769313486232e+308
218,"6/20/99",1,230411,2,2,1,17,3000,0,3,0,1.79769313486232e+308,1.79769313486232e+308,1.79769313486232e+308
235,"6/20/99",1,230441,2,2,1,17,0,0,0.400000005960464,0,1.79769313486232e+308,1.79769313486232e+308,1.79769313486232e+308
236,"6/20/99",1,230441,4,4,2,1.79769313486232e+308,1.79769313486232e+308,1.79769313486232e+308,1.79769313486232e+308,1.79769313486232e+308,1.79769313486232e+308,1.79769313486232e+308,1.79769313486232e+308
237,"6/20/99",1,230441,5,5,2,1.79769313486232e+308,1.79769313486232e+308,1.79769313486232e+308,1.79769313486232e+308,1.79769313486232e+308,1.79769313486232e+308,1.79769313486232e+308,1.79769313486232e+308
247,"6/20/99",1,230459,2,2,1,16,0,0,0,0,1.79769313486232e+308,1.79769313486232e+308,1.79769313486232e+308
219,"6/20/99",1,230511,2,2,1,16,0,0,4.82999992370606,0,1.79769313486232e+308,1.79769313486232e+308,1.79769313486232e+308
220,"6/20/99",1,230511,3,3,2,1.79769313486232e+308,1.79769313486232e+308,1.79769313486232e+308,1.79769313486232e+308,1.79769313486232e+308,1.79769313486232e+308,1.79769313486232e+308,1.79769313486232e+308
221,"6/20/99",1,230511,4,4,2,1.79769313486232e+308,1.79769313486232e+308,1.79769313486232e+308,1.79769313486232e+308,1.79769313486232e+308,1.79769313486232e+308,1.79769313486232e+308,1.79769313486232e+308
238,"6/20/99",1,230541,2,1,1,17,500,0,1.5,2.5,1.79769313486232e+308,1.79769313486232e+308,1.79769313486232e+308
222,"6/20/99",1,230611,2,2,1,16,0,0,4.80000019073486,0,1.79769313486232e+308,1.79769313486232e+308,1.79769313486232e+308
223,"6/20/99",1,230612,2,2,1,19,8000,0,1.60000002384186,0,1.79769313486232e+308,1.79769313486232e+308,1.79769313486232e+308
224,"6/20/99",1,230711,2,2,1,17,0,0,3.25,0,1.79769313486232e+308,1.79769313486232e+308,1.79769313486232e+308
225,"6/20/99",1,230811,2,2,1,16,0,0,0,0,1.79769313486232e+308,1.79769313486232e+308,1.79769313486232e+308
226,"6/20/99",1,230811,3,3,1,17,0,0,0.0900000035762787,7,1.79769313486232e+308,1.79769313486232e+308,1.79769313486232e+308
227,"6/20/99",1,230811,10,10,1,15,6000,0,6.44000005722046,0,1.79769313486232e+308,1.79769313486232e+308,1.79769313486232e+308
228,"6/20/99",1,231011,2,2,1,14,375,0,1.5,2,1.79769313486232e+308,1.79769313486232e+308,1.79769313486232e+308
229,"6/20/99",1,231111,2,2,1,15,1500,0,1.60000002384186,2,1.79769313486232e+308,1.79769313486232e+308,1.79769313486232e+308
230,"6/20/99",1,231211,6,6,1,15,0,0,0,6,1.79769313486232e+308,1.79769313486232e+308,1.79769313486232e+308
231,"6/20/99",1,231212,1.79769313486232e+308,1.79769313486232e+308,1.79769313486232e+308,1.79769313486232e+308,1.79769313486232e+308,1.79769313486232e+308,1.79769313486232e+308,1.79769313486232e+308,1.79769313486232e+308,1.79769313486232e+308,1.79769313486232e+308
153,"9/06/99",1,240119,2,2,1,15,0,0,0,0,1.79769313486232e+308,1.79769313486232e+308,1.79769313486232e+308
154,"9/08/99",1,240119,3,3,1,14,8000,0,6.44000005722046,3,1.79769313486232e+308,1.79769313486232e+308,1.79769313486232e+308
169,"9/08/99",1,240149,2,2,1,15,1000,0,17,0,1.79769313486232e+308,1.79769313486232e+308,1.79769313486232e+308
1.79769313486232e+308,".",1.79769313486232e+308,240159,2,2,1,15,32000,0,19.2999992370605,0,1.79769313486232e+308,1.79769313486232e+308,1.79769313486232e+308
155,"9/08/99",1,240219,2,2,1,15,0,0,60,0,1.79769313486232e+308,1.79769313486232e+308,1.79769313486232e+308
156,"9/08/99",1,240219,4,4,2,1.79769313486232e+308,1.79769313486232e+308,1.79769313486232e+308,1.79769313486232e+308,1.79769313486232e+308,1.79769313486232e+308,1.79769313486232e+308,1.79769313486232e+308
170,"9/08/99",1,240249,2,2,1,15,1000,0,11.1999998092651,0,1.79769313486232e+308,1.79769313486232e+308,1.79769313486232e+308
176,"9/08/99",1,240259,3,3,1,15,0,0,8.05000019073486,0,1.79769313486232e+308,1.79769313486232e+308,1.79769313486232e+308
177,"9/08/99",1,240259,4,3,2,1.79769313486232e+308,1.79769313486232e+308,1.79769313486232e+308,1.79769313486232e+308,1.79769313486232e+308,1.79769313486232e+308,1.79769313486232e+308,1.79769313486232e+308
178,"9/08/99",1,240259,5,3,2,1.79769313486232e+308,1.79769313486232e+308,1.79769313486232e+308,1.79769313486232e+308,1.79769313486232e+308,1.79769313486232e+308,1.79769313486232e+308,1.79769313486232e+308
157,"9/08/99",1,240319,2,2,1,15,1300,0,9.5,0,1.79769313486232e+308,1.79769313486232e+308,1.79769313486232e+308
171,"9/08/99",1,240349,2,2,1,15,20000,0,16,0,1.79769313486232e+308,1.79769313486232e+308,1.79769313486232e+308
179,"9/08/99",1,240359,2,2,1,15,0,0,6.40000009536743,0,1.79769313486232e+308,1.79769313486232e+308,1.79769313486232e+308
180,"9/08/99",1,240359,4,4,2,1.79769313486232e+308,1.79769313486232e+308,1.79769313486232e+308,1.79769313486232e+308,1.79769313486232e+308,1.79769313486232e+308,1.79769313486232e+308,1.79769313486232e+308
181,"9/08/99",1,240359,7,7,1,16,0,0,4.80000019073486,0,1.79769313486232e+308,1.79769313486232e+308,1.79769313486232e+308
158,"9/08/99",1,240419,2,2,1,15,0,0,0.400000005960464,0,1.79769313486232e+308,1.79769313486232e+308,1.79769313486232e+308
172,"9/08/99",1,240449,2,2,1,15,2000,0,0.400000005960464,0,1.79769313486232e+308,1.79769313486232e+308,1.79769313486232e+308
182,"9/08/99",1,240459,2,2,1,15,0,0,19.2999992370605,0,1.79769313486232e+308,1.79769313486232e+308,1.79769313486232e+308
159,"9/08/99",1,240519,2,2,1,15,0,0,3.22000002861023,0,1.79769313486232e+308,1.79769313486232e+308,1.79769313486232e+308
173,"9/08/99",1,240549,2,2,1,15,0,0,16.1000003814697,0,1.79769313486232e+308,1.79769313486232e+308,1.79769313486232e+308
174,"9/08/99",1,240549,3,3,1,13,5000,0,1.60000002384186,24,2,1997,3
183,"9/08/99",1,240559,1.79769313486232e+308,1.79769313486232e+308,1.79769313486232e+308,1.79769313486232e+308,1.79769313486232e+308,1.79769313486232e+308,1.79769313486232e+308,1.79769313486232e+308,1.79769313486232e+308,1.79769313486232e+308,1.79769313486232e+308
160,"9/08/99",1,240619,2,2,1,15,2850,0,1.60000002384186,0,1.79769313486232e+308,1.79769313486232e+308,1.79769313486232e+308
161,"9/08/99",1,240719,2,2,1,15,3000,0,6.40000009536743,0,1.79769313486232e+308,1.79769313486232e+308,1.79769313486232e+308
162,"9/08/99",1,240819,2,2,1,15,0,0,11.2700004577637,0,1.79769313486232e+308,1.79769313486232e+308,1.79769313486232e+308
163,"9/08/99",1,240819,3,3,1,16,0,0,6.40000009536743,0,1.79769313486232e+308,1.79769313486232e+308,1.79769313486232e+308
164,"9/08/99",1,240819,5,5,2,1.79769313486232e+308,1.79769313486232e+308,1.79769313486232e+308,1.79769313486232e+308,1.79769313486232e+308,1.79769313486232e+308,1.79769313486232e+308,1.79769313486232e+308
165,"9/08/99",1,240819,7,7,2,1.79769313486232e+308,1.79769313486232e+308,1.79769313486232e+308,1.79769313486232e+308,1.79769313486232e+308,1.79769313486232e+308,1.79769313486232e+308,1.79769313486232e+308
166,"9/08/99",1,240819,11,11,2,1.79769313486232e+308,1.79769313486232e+308,1.79769313486232e+308,1.79769313486232e+308,1.79769313486232e+308,1.79769313486232e+308,1.79769313486232e+308,1.79769313486232e+308
167,"9/08/99",1,240919,1.79769313486232e+308,1.79769313486232e+308,1.79769313486232e+308,1.79769313486232e+308,1.79769313486232e+308,1.79769313486232e+308,1.79769313486232e+308,1.79769313486232e+308,1.79769313486232e+308,1.79769313486232e+308,1.79769313486232e+308
168,"9/08/99",1,241019,2,2,1,15,7000,0,40,0,1.79769313486232e+308,1.79769313486232e+308,1.79769313486232e+308
280,"6/23/99",1,310111,2,2,1,20,0,0,2,0,1.79769313486232e+308,1.79769313486232e+308,1.79769313486232e+308
281,"6/27/99",1,310111,4,2,2,1.79769313486232e+308,1.79769313486232e+308,1.79769313486232e+308,1.79769313486232e+308,1.79769313486232e+308,1.79769313486232e+308,1.79769313486232e+308,1.79769313486232e+308
1.79769313486232e+308,"9/01/99",1,310111,5,5,2,1.79769313486232e+308,1.79769313486232e+308,1.79769313486232e+308,1.79769313486232e+308,1.79769313486232e+308,1.79769313486232e+308,1.79769313486232e+308,1.79769313486232e+308
303,"6/27/99",1,310141,2,2,1,18,0,0,6,10,1.79769313486232e+308,1.79769313486232e+308,1.79769313486232e+308
1.79769313486232e+308,"9/01/99",1,310141,3,2,2,1.79769313486232e+308,1.79769313486232e+308,1.79769313486232e+308,1.79769313486232e+308,1.79769313486232e+308,1.79769313486232e+308,1.79769313486232e+308,1.79769313486232e+308
1.79769313486232e+308,"9/01/99",1,310141,4,2,2,1.79769313486232e+308,1.79769313486232e+308,1.79769313486232e+308,1.79769313486232e+308,1.79769313486232e+308,1.79769313486232e+308,1.79769313486232e+308,1.79769313486232e+308
309,"6/27/99",1,310151,1.79769313486232e+308,1.79769313486232e+308,1.79769313486232e+308,1.79769313486232e+308,1.79769313486232e+308,1.79769313486232e+308,1.79769313486232e+308,1.79769313486232e+308,1.79769313486232e+308,1.79769313486232e+308,1.79769313486232e+308
282,"6/27/99",1,310211,2,2,1,12,0,0,1,0,1,1997,2
304,"6/27/99",1,310241,2,2,1,18,0,0,0.100000001490116,0,1.79769313486232e+308,1.79769313486232e+308,1.79769313486232e+308
305,"6/27/99",1,310241,5,5,2,1.79769313486232e+308,1.79769313486232e+308,1.79769313486232e+308,1.79769313486232e+308,1.79769313486232e+308,1.79769313486232e+308,1.79769313486232e+308,1.79769313486232e+308
310,"6/27/99",1,310251,2,2,1,16,0,0,8,0,1.79769313486232e+308,1.79769313486232e+308,1.79769313486232e+308
283,"6/27/99",1,310311,3,3,1,16,0,0,3,0,1.79769313486232e+308,1.79769313486232e+308,1.79769313486232e+308
311,"6/27/99",1,310351,7,7,1,22,0,0,12,0,1.79769313486232e+308,1.79769313486232e+308,1.79769313486232e+308
306,"6/27/99",1,310441,2,2,1,17,0,0,1,0,1,1998,12
312,"6/27/99",1,310459,2,2,1,15,0,0,1,0,1.79769313486232e+308,1.79769313486232e+308,1.79769313486232e+308
284,"6/27/99",1,310511,2,2,1,16,0,0,5,0,1,1996,10
285,"6/27/99",1,310511,3,2,2,1.79769313486232e+308,1.79769313486232e+308,1.79769313486232e+308,1.79769313486232e+308,1.79769313486232e+308,1.79769313486232e+308,1.79769313486232e+308,1.79769313486232e+308
286,"6/27/99",1,310511,4,2,2,1.79769313486232e+308,1.79769313486232e+308,1.79769313486232e+308,1.79769313486232e+308,1.79769313486232e+308,1.79769313486232e+308,1.79769313486232e+308,1.79769313486232e+308
287,"6/27/99",1,310511,6,5,1,15,0,0,2,0,1.79769313486232e+308,1.79769313486232e+308,1.79769313486232e+308
288,"6/27/99",1,310511,10,5,2,1.79769313486232e+308,1.79769313486232e+308,1.79769313486232e+308,1.79769313486232e+308,1.79769313486232e+308,1.79769313486232e+308,1.79769313486232e+308,1.79769313486232e+308
90,"9/12/99",1,310541,2,1,1,15,0,0,1,3,1.79769313486232e+308,1.79769313486232e+308,1.79769313486232e+308
290,"6/27/99",1,310611,2,2,1,13,0,0,1,0,1,1986,9
291,"6/27/99",1,310611,5,2,1,20,0,0,16,5,1.79769313486232e+308,1.79769313486232e+308,1.79769313486232e+308
307,"6/27/99",1,310641,2,2,1,14,0,0,1.5,0,1.79769313486232e+308,1.79769313486232e+308,1.79769313486232e+308
308,"6/27/99",1,310641,5,2,1,17,0,0,4,2,1.79769313486232e+308,1.79769313486232e+308,1.79769313486232e+308
292,"6/27/99",1,310711,1.79769313486232e+308,1.79769313486232e+308,1.79769313486232e+308,1.79769313486232e+308,1.79769313486232e+308,1.79769313486232e+308,1.79769313486232e+308,1.79769313486232e+308,1.79769313486232e+308,1.79769313486232e+308,1.79769313486232e+308
293,"6/27/99",1,310811,1,1,1,18,0,0,12,0,1,1989,4
294,"6/27/99",1,310811,4,1,2,1.79769313486232e+308,1.79769313486232e+308,1.79769313486232e+308,1.79769313486232e+308,1.79769313486232e+308,1.79769313486232e+308,1.79769313486232e+308,1.79769313486232e+308
295,"6/27/99",1,310811,6,1,2,1.79769313486232e+308,1.79769313486232e+308,1.79769313486232e+308,1.79769313486232e+308,1.79769313486232e+308,1.79769313486232e+308,1.79769313486232e+308,1.79769313486232e+308
296,"6/27/99",1,310911,2,2,1,13,0,0,6,0,1.79769313486232e+308,1.79769313486232e+308,1.79769313486232e+308
297,"6/27/99",1,311011,2,2,1,18,0,0,15,0,1.79769313486232e+308,1.79769313486232e+308,1.79769313486232e+308
298,"6/27/99",1,311111,4,4,2,1.79769313486232e+308,1.79769313486232e+308,1.79769313486232e+308,1.79769313486232e+308,1.79769313486232e+308,1.79769313486232e+308,1.79769313486232e+308,1.79769313486232e+308
299,"6/27/99",1,311111,5,4,2,1.79769313486232e+308,1.79769313486232e+308,1.79769313486232e+308,1.79769313486232e+308,1.79769313486232e+308,1.79769313486232e+308,1.79769313486232e+308,1.79769313486232e+308
300,"6/27/99",1,311111,7,7,1,16,0,0,15,0,1.79769313486232e+308,1.79769313486232e+308,1.79769313486232e+308
301,"6/27/99",1,311211,7,1,1,19,0,0,22,0,1.79769313486232e+308,1.79769313486232e+308,1.79769313486232e+308
302,"6/27/99",1,311411,1,1,1,14,0,0,5,120,1,1989,1.79769313486232e+308
1.79769313486232e+308,"9/01/99",1,311411,4,1,2,1.79769313486232e+308,1.79769313486232e+308,1.79769313486232e+308,1.79769313486232e+308,1.79769313486232e+308,1.79769313486232e+308,1.79769313486232e+308,1.79769313486232e+308
1,"7/07/99",1,320111,2,2,1,15,0,0,5,0,1,1983,1.79769313486232e+308
2,"7/14/99",1,320111,5,5,2,1.79769313486232e+308,1.79769313486232e+308,1.79769313486232e+308,1.79769313486232e+308,1.79769313486232e+308,1.79769313486232e+308,1.79769313486232e+308,1.79769313486232e+308
3,"7/14/99",1,320111,6,5,2,1.79769313486232e+308,1.79769313486232e+308,1.79769313486232e+308,1.79769313486232e+308,1.79769313486232e+308,1.79769313486232e+308,1.79769313486232e+308,1.79769313486232e+308
27,"7/14/99",1,320141,1.79769313486232e+308,1.79769313486232e+308,1.79769313486232e+308,1.79769313486232e+308,1.79769313486232e+308,1.79769313486232e+308,1.79769313486232e+308,1.79769313486232e+308,1.79769313486232e+308,1.79769313486232e+308,1.79769313486232e+308
28,"7/14/99",1,320142,2,2,1,17,0,0,20,2,1.79769313486232e+308,1.79769313486232e+308,1.79769313486232e+308
41,"7/14/99",1,320151,2,1,1,16,0,0,20,0,1.79769313486232e+308,1.79769313486232e+308,1.79769313486232e+308
42,"7/14/99",1,320152,2,2,1,14,0,0,0.5,0,1.79769313486232e+308,1.79769313486232e+308,1.79769313486232e+308
43,"7/14/99",1,320153,2,2,1,23,0,0,25,0,1.79769313486232e+308,1.79769313486232e+308,1.79769313486232e+308
44,"7/14/99",1,320154,2,2,1,19,0,0,20,0,1.79769313486232e+308,1.79769313486232e+308,1.79769313486232e+308
45,"7/14/99",1,320154,3,2,1,17,0,0,0,0,2,1998,2
4,"7/14/99",1,320211,2,2,1,15,0,0,3,56,1.79769313486232e+308,1.79769313486232e+308,1.79769313486232e+308
5,"7/14/99",1,320211,3,2,2,1.79769313486232e+308,1.79769313486232e+308,1.79769313486232e+308,1.79769313486232e+308,1.79769313486232e+308,1.79769313486232e+308,1.79769313486232e+308,1.79769313486232e+308
29,"7/14/99",1,320241,2,2,1,15,0,0,3,0,1.79769313486232e+308,1.79769313486232e+308,1.79769313486232e+308
30,"7/14/99",1,320241,4,2,1,20,0,0,8,0,2,1996,6
1.79769313486232e+308,".",1.79769313486232e+308,320241,6,2,2,1.79769313486232e+308,1.79769313486232e+308,1.79769313486232e+308,1.79769313486232e+308,1.79769313486232e+308,1.79769313486232e+308,1.79769313486232e+308,1.79769313486232e+308
31,"7/14/99",1,320241,7,2,2,1.79769313486232e+308,1.79769313486232e+308,1.79769313486232e+308,1.79769313486232e+308,1.79769313486232e+308,1.79769313486232e+308,1.79769313486232e+308,1.79769313486232e+308
46,"7/14/99",1,320251,2,2,1,15,0,0,5,0,1.79769313486232e+308,1.79769313486232e+308,1.79769313486232e+308
47,"7/14/99",1,320251,6,2,1,18,0,0,40,0,1.79769313486232e+308,1.79769313486232e+308,1.79769313486232e+308
6,"7/14/99",1,320311,2,5,1,16,0,0,0,0,1.79769313486232e+308,1.79769313486232e+308,1.79769313486232e+308
7,"7/14/99",1,320311,5,5,2,1.79769313486232e+308,1.79769313486232e+308,1.79769313486232e+308,1.79769313486232e+308,1.79769313486232e+308,1.79769313486232e+308,1.79769313486232e+308,1.79769313486232e+308
8,"7/14/99",1,320311,6,5,2,1.79769313486232e+308,1.79769313486232e+308,1.79769313486232e+308,1.79769313486232e+308,1.79769313486232e+308,1.79769313486232e+308,1.79769313486232e+308,1.79769313486232e+308
9,"7/14/99",1,320311,7,5,2,1.79769313486232e+308,1.79769313486232e+308,1.79769313486232e+308,1.79769313486232e+308,1.79769313486232e+308,1.79769313486232e+308,1.79769313486232e+308,1.79769313486232e+308
10,"7/14/99",1,320311,9,5,1,20,14000,6000,3,0,1.79769313486232e+308,1.79769313486232e+308,1.79769313486232e+308
32,"7/14/99",1,320341,2,2,1,16,0,0,1,0,1.79769313486232e+308,1.79769313486232e+308,1.79769313486232e+308
33,"7/14/99",1,320341,5,2,1,15,0,0,2,5,1.79769313486232e+308,1.79769313486232e+308,1.79769313486232e+308
34,"7/14/99",1,320341,6,2,2,1.79769313486232e+308,1.79769313486232e+308,1.79769313486232e+308,1.79769313486232e+308,1.79769313486232e+308,1.79769313486232e+308,1.79769313486232e+308,1.79769313486232e+308
11,"7/14/99",1,320411,2,2,1,18,0,0,5,0,1.79769313486232e+308,1.79769313486232e+308,1.79769313486232e+308
12,"7/14/99",1,320411,7,2,2,1.79769313486232e+308,1.79769313486232e+308,1.79769313486232e+308,1.79769313486232e+308,1.79769313486232e+308,1.79769313486232e+308,1.79769313486232e+308,1.79769313486232e+308
35,"7/14/99",1,320441,2,2,1,14,0,0,3,0,1.79769313486232e+308,1.79769313486232e+308,1.79769313486232e+308
1.79769313486232e+308,".",1.79769313486232e+308,320441,6,2,2,1.79769313486232e+308,1.79769313486232e+308,1.79769313486232e+308,1.79769313486232e+308,1.79769313486232e+308,1.79769313486232e+308,1.79769313486232e+308,1.79769313486232e+308
36,"7/14/99",1,320442,2,2,1,20,8000,2000,5,0,1.79769313486232e+308,1.79769313486232e+308,1.79769313486232e+308
37,"7/14/99",1,320443,2,2,1,18,0,0,4,0,1.79769313486232e+308,1.79769313486232e+308,1.79769313486232e+308
48,"7/14/99",1,320459,2,2,1,18,0,0,12,0,1.79769313486232e+308,1.79769313486232e+308,1.79769313486232e+308
13,"7/14/99",1,320511,2,2,1,19,0,0,150,0,1.79769313486232e+308,1.79769313486232e+308,1.79769313486232e+308
14,"7/14/99",1,320511,3,2,2,1.79769313486232e+308,1.79769313486232e+308,1.79769313486232e+308,1.79769313486232e+308,1.79769313486232e+308,1.79769313486232e+308,1.79769313486232e+308,1.79769313486232e+308
38,"7/14/99",1,320541,2,2,1,16,0,0,35,0,1.79769313486232e+308,1.79769313486232e+308,1.79769313486232e+308
15,"7/14/99",1,320611,2,2,1,16,0,0,70,0,1.79769313486232e+308,1.79769313486232e+308,1.79769313486232e+308
16,"7/14/99",1,320611,5,2,2,1.79769313486232e+308,1.79769313486232e+308,1.79769313486232e+308,1.79769313486232e+308,1.79769313486232e+308,1.79769313486232e+308,1.79769313486232e+308,1.79769313486232e+308
1.79769313486232e+308,".",1.79769313486232e+308,320641,6,7,2,1.79769313486232e+308,1.79769313486232e+308,1.79769313486232e+308,1.79769313486232e+308,1.79769313486232e+308,1.79769313486232e+308,1.79769313486232e+308,1.79769313486232e+308
39,"7/14/99",1,320641,7,7,1,20,0,0,10,0,1.79769313486232e+308,1.79769313486232e+308,1.79769313486232e+308
40,"7/14/99",1,320641,11,7,1,18,0,0,15,0,1.79769313486232e+308,1.79769313486232e+308,1.79769313486232e+308
17,"7/14/99",1,320711,5,5,1,18,0,0,0.300000011920929,0,1.79769313486232e+308,1.79769313486232e+308,1.79769313486232e+308
18,"7/14/99",1,321011,2,2,1,13,0,0,3,0,1.79769313486232e+308,1.79769313486232e+308,1.79769313486232e+308
1.79769313486232e+308,".",1.79769313486232e+308,321011,3,2,2,1.79769313486232e+308,1.79769313486232e+308,1.79769313486232e+308,1.79769313486232e+308,1.79769313486232e+308,1.79769313486232e+308,1.79769313486232e+308,1.79769313486232e+308
19,"7/14/99",1,321111,2,2,1,13,0,0,6,0,1.79769313486232e+308,1.79769313486232e+308,1.79769313486232e+308
20,"7/14/99",1,321111,3,3,1,15,0,0,3,30,1.79769313486232e+308,1.79769313486232e+308,1.79769313486232e+308
21,"7/14/99",1,321211,6,6,1,16,0,0,4,68,1.79769313486232e+308,1.79769313486232e+308,1.79769313486232e+308
22,"7/14/99",1,321211,7,6,2,1.79769313486232e+308,1.79769313486232e+308,1.79769313486232e+308,1.79769313486232e+308,1.79769313486232e+308,1.79769313486232e+308,1.79769313486232e+308,1.79769313486232e+308
23,"7/14/99",1,321212,2,2,1,23,0,0,25,0,1.79769313486232e+308,1.79769313486232e+308,1.79769313486232e+308
24,"7/14/99",1,321311,8,1,1,19,0,0,2,4,1.79769313486232e+308,1.79769313486232e+308,1.79769313486232e+308
25,"7/14/99",1,321411,1.79769313486232e+308,1.79769313486232e+308,1.79769313486232e+308,1.79769313486232e+308,1.79769313486232e+308,1.79769313486232e+308,1.79769313486232e+308,1.79769313486232e+308,1.79769313486232e+308,1.79769313486232e+308,1.79769313486232e+308
26,"7/14/99",1,321412,2,2,1,24,0,0,11,0,1.79769313486232e+308,1.79769313486232e+308,1.79769313486232e+308
1,"8/14/99",1,330111,4,4,1,20,0,0,15,0,1.79769313486232e+308,1.79769313486232e+308,1.79769313486232e+308
2,"8/22/99",1,330111,5,5,2,1.79769313486232e+308,1.79769313486232e+308,1.79769313486232e+308,1.79769313486232e+308,1.79769313486232e+308,1.79769313486232e+308,1.79769313486232e+308,1.79769313486232e+308
18,"8/22/99",1,330141,2,2,1,14,0,0,0.200000002980232,0,1.79769313486232e+308,1.79769313486232e+308,1.79769313486232e+308
26,"8/22/99",1,330151,6,6,2,1.79769313486232e+308,1.79769313486232e+308,1.79769313486232e+308,1.79769313486232e+308,1.79769313486232e+308,1.79769313486232e+308,1.79769313486232e+308,1.79769313486232e+308
27,"8/22/99",1,330151,7,6,2,1.79769313486232e+308,1.79769313486232e+308,1.79769313486232e+308,1.79769313486232e+308,1.79769313486232e+308,1.79769313486232e+308,1.79769313486232e+308,1.79769313486232e+308
28,"8/22/99",1,330151,8,6,1,26,0,0,8,0,1.79769313486232e+308,1.79769313486232e+308,1.79769313486232e+308
3,"8/22/99",1,330211,2,2,1,16,0,0,7,0,1.79769313486232e+308,1.79769313486232e+308,1.79769313486232e+308
1.79769313486232e+308,".",1.79769313486232e+308,330211,5,2,2,1.79769313486232e+308,1.79769313486232e+308,1.79769313486232e+308,1.79769313486232e+308,1.79769313486232e+308,1.79769313486232e+308,1.79769313486232e+308,1.79769313486232e+308
19,"8/22/99",1,330241,5,1,1,18,0,0,10,0,1.79769313486232e+308,1.79769313486232e+308,1.79769313486232e+308
29,"8/22/99",1,330251,2,2,1,16,0,0,15,0,1.79769313486232e+308,1.79769313486232e+308,1.79769313486232e+308
30,"8/22/99",1,330251,7,2,2,1.79769313486232e+308,1.79769313486232e+308,1.79769313486232e+308,1.79769313486232e+308,1.79769313486232e+308,1.79769313486232e+308,1.79769313486232e+308,1.79769313486232e+308
31,"8/22/99",1,330251,8,2,2,1.79769313486232e+308,1.79769313486232e+308,1.79769313486232e+308,1.79769313486232e+308,1.79769313486232e+308,1.79769313486232e+308,1.79769313486232e+308,1.79769313486232e+308
20,"8/22/99",1,330341,1.79769313486232e+308,1.79769313486232e+308,1.79769313486232e+308,1.79769313486232e+308,1.79769313486232e+308,1.79769313486232e+308,1.79769313486232e+308,1.79769313486232e+308,1.79769313486232e+308,1.79769313486232e+308,1.79769313486232e+308
4,"8/22/99",1,330411,4,2,1,17,0,0,15,0,1.79769313486232e+308,1.79769313486232e+308,1.79769313486232e+308
32,"8/22/99",1,330459,2,2,1,18,0,0,15,0,1.79769313486232e+308,1.79769313486232e+308,1.79769313486232e+308
33,"8/22/99",1,330459,3,2,2,1.79769313486232e+308,1.79769313486232e+308,1.79769313486232e+308,1.79769313486232e+308,1.79769313486232e+308,1.79769313486232e+308,1.79769313486232e+308,1.79769313486232e+308
5,"8/22/99",1,330511,2,2,1,17,0,0,3,0,1.79769313486232e+308,1.79769313486232e+308,1.79769313486232e+308
21,"8/22/99",1,330541,2,2,1,16,0,0,120,0,1.79769313486232e+308,1.79769313486232e+308,1.79769313486232e+308
6,"8/22/99",1,330611,2,2,1,16,0,0,5,0,1.79769313486232e+308,1.79769313486232e+308,1.79769313486232e+308
1.79769313486232e+308,".",1.79769313486232e+308,330641,7,8,2,1.79769313486232e+308,1.79769313486232e+308,1.79769313486232e+308,1.79769313486232e+308,1.79769313486232e+308,1.79769313486232e+308,1.79769313486232e+308,1.79769313486232e+308
22,"8/22/99",1,330641,8,8,1,17,0,0,60,0,1.79769313486232e+308,1.79769313486232e+308,1.79769313486232e+308
23,"8/22/99",1,330641,9,8,1,15,0,0,12,0,1.79769313486232e+308,1.79769313486232e+308,1.79769313486232e+308
24,"8/22/99",1,330641,19,8,1,20,0,0,8,0,1.79769313486232e+308,1.79769313486232e+308,1.79769313486232e+308
25,"8/22/99",1,330641,20,8,1,19,0,0,15,0,1.79769313486232e+308,1.79769313486232e+308,1.79769313486232e+308
7,"8/22/99",1,330731,2,2,1,15,0,0,5,0,1.79769313486232e+308,1.79769313486232e+308,1.79769313486232e+308
1.79769313486232e+308,".",1.79769313486232e+308,330731,5,2,1,15,0,0,0,0,1.79769313486232e+308,1.79769313486232e+308,1.79769313486232e+308
8,"8/22/99",1,330811,2,2,1,20,0,0,120,0,1.79769313486232e+308,1.79769313486232e+308,1.79769313486232e+308
1.79769313486232e+308,".",1.79769313486232e+308,330811,3,2,2,1.79769313486232e+308,1.79769313486232e+308,1.79769313486232e+308,1.79769313486232e+308,1.79769313486232e+308,1.79769313486232e+308,1.79769313486232e+308,1.79769313486232e+308
1.79769313486232e+308,".",1.79769313486232e+308,330811,4,2,2,1.79769313486232e+308,1.79769313486232e+308,1.79769313486232e+308,1.79769313486232e+308,1.79769313486232e+308,1.79769313486232e+308,1.79769313486232e+308,1.79769313486232e+308
9,"8/22/99",1,330911,2,2,1,15,0,0,5,0,1.79769313486232e+308,1.79769313486232e+308,1.79769313486232e+308
10,"8/22/99",1,331111,1,1,1,27,0,0,0,0,1.79769313486232e+308,1.79769313486232e+308,1.79769313486232e+308
11,"8/22/99",1,331211,2,2,1,15,0,0,10,0,1,1999,9
12,"8/22/99",1,331211,4,2,1,17,0,0,0,0,2,1998,5
13,"8/22/99",1,331211,6,2,2,1.79769313486232e+308,1.79769313486232e+308,1.79769313486232e+308,1.79769313486232e+308,1.79769313486232e+308,1.79769313486232e+308,1.79769313486232e+308,1.79769313486232e+308
14,"8/22/99",1,331311,2,2,1,16,0,0,1,0,1.79769313486232e+308,1.79769313486232e+308,1.79769313486232e+308
15,"8/22/99",1,331411,2,2,1,16,0,0,2,0,1.79769313486232e+308,1.79769313486232e+308,1.79769313486232e+308
16,"8/22/99",1,331411,5,2,2,1.79769313486232e+308,1.79769313486232e+308,1.79769313486232e+308,1.79769313486232e+308,1.79769313486232e+308,1.79769313486232e+308,1.79769313486232e+308,1.79769313486232e+308
17,"8/22/99",1,331412,2,2,1,19,0,0,50,0,1.79769313486232e+308,1.79769313486232e+308,1.79769313486232e+308
102,"6/26/99",1,410111,2,2,1,17,0,0,40,1,1.79769313486232e+308,1.79769313486232e+308,1.79769313486232e+308
119,"6/28/99",1,410141,2,2,1,15,0,0,70,0,1.79769313486232e+308,1.79769313486232e+308,1.79769313486232e+308
120,"6/28/99",1,410141,4,2,1,19,3000,0,40,0,1.79769313486232e+308,1.79769313486232e+308,1.79769313486232e+308
121,"6/28/99",1,410141,7,2,2,1.79769313486232e+308,1.79769313486232e+308,1.79769313486232e+308,1.79769313486232e+308,1.79769313486232e+308,1.79769313486232e+308,1.79769313486232e+308,1.79769313486232e+308
130,"6/28/99",1,410151,2,2,1,15,30000,0,6,0,1.79769313486232e+308,1.79769313486232e+308,1.79769313486232e+308
103,"6/26/99",1,410211,2,2,1,18,2000,0,30,0,1.79769313486232e+308,1.79769313486232e+308,1.79769313486232e+308
122,"6/28/99",1,410241,1,4,1,16,0,0,1,0,1,1980,1.79769313486232e+308
123,"6/28/99",1,410241,4,4,1,14,3000,0,40,0,1.79769313486232e+308,1.79769313486232e+308,1.79769313486232e+308
131,"6/28/99",1,410251,2,2,1,16,2000,0,70,0,1.79769313486232e+308,1.79769313486232e+308,1.79769313486232e+308
104,"6/26/99",1,410311,2,2,1,15,0,0,0.5,1,1.79769313486232e+308,1.79769313486232e+308,1.79769313486232e+308
124,"6/28/99",1,410341,3,3,1,18,5000,0,8,0,1.79769313486232e+308,1.79769313486232e+308,1.79769313486232e+308
125,"6/28/99",1,410342,2,2,1,14,10000,0,0.5,0,1.79769313486232e+308,1.79769313486232e+308,1.79769313486232e+308
126,"6/28/99",1,410343,2,2,1,15,1000,0,5,0,1.79769313486232e+308,1.79769313486232e+308,1.79769313486232e+308
127,"6/28/99",1,410344,2,2,1,13,10000,0,5,0,1.79769313486232e+308,1.79769313486232e+308,1.79769313486232e+308
132,"6/28/99",1,410351,9,9,1,20,0,0,40,0,1.79769313486232e+308,1.79769313486232e+308,1.79769313486232e+308
105,"6/26/99",1,410411,2,2,1,14,1000,0,2,1,1.79769313486232e+308,1.79769313486232e+308,1.79769313486232e+308
106,"6/26/99",1,410411,5,2,2,1.79769313486232e+308,1.79769313486232e+308,1.79769313486232e+308,1.79769313486232e+308,1.79769313486232e+308,1.79769313486232e+308,1.79769313486232e+308,1.79769313486232e+308
128,"6/28/99",1,410441,1.79769313486232e+308,1.79769313486232e+308,1.79769313486232e+308,1.79769313486232e+308,1.79769313486232e+308,1.79769313486232e+308,1.79769313486232e+308,1.79769313486232e+308,1.79769313486232e+308,1.79769313486232e+308,1.79769313486232e+308
133,"6/28/99",1,410459,2,2,1,14,0,0,20,0,1.79769313486232e+308,1.79769313486232e+308,1.79769313486232e+308
107,"6/26/99",1,410511,3,3,1,16,2000,0,1,0,1.79769313486232e+308,1.79769313486232e+308,1.79769313486232e+308
108,"6/26/99",1,410511,5,3,1,16,3000,0,12,0,1.79769313486232e+308,1.79769313486232e+308,1.79769313486232e+308
109,"6/26/99",1,410511,8,3,2,1.79769313486232e+308,1.79769313486232e+308,1.79769313486232e+308,1.79769313486232e+308,1.79769313486232e+308,1.79769313486232e+308,1.79769313486232e+308,1.79769313486232e+308
129,"6/28/99",1,410541,2,2,1,15,1000,0,0.25,0,1.79769313486232e+308,1.79769313486232e+308,1.79769313486232e+308
110,"6/26/99",1,410611,2,2,1,10,0,0,1.5,18,1.79769313486232e+308,1.79769313486232e+308,1.79769313486232e+308
111,"6/26/99",1,410612,2,2,1,15,10000,0,7,0,1.79769313486232e+308,1.79769313486232e+308,1.79769313486232e+308
112,"6/26/99",1,410711,5,5,1,25,500,0,30,24,2,1997,1.79769313486232e+308
113,"6/26/99",1,410712,2,2,1,14,4000,0,4,0,1.79769313486232e+308,1.79769313486232e+308,1.79769313486232e+308
114,"6/26/99",1,410811,2,2,1,20,0,0,4,0,1.79769313486232e+308,1.79769313486232e+308,1.79769313486232e+308
115,"6/26/99",1,410911,4,4,1,16,5000,0,3,0,1.79769313486232e+308,1.79769313486232e+308,1.79769313486232e+308
116,"6/26/99",1,411011,2,2,1,16,1000,0,10,60,1.79769313486232e+308,1.79769313486232e+308,1.79769313486232e+308
117,"6/26/99",1,411111,2,2,1,16,4000,0,2,0,1.79769313486232e+308,1.79769313486232e+308,1.79769313486232e+308
118,"6/28/99",1,411211,2,1,1,15,1000,0,0.5,0,1.79769313486232e+308,1.79769313486232e+308,1.79769313486232e+308
1,"8/09/95",1,420111,2,1,1,13,200,0,2,0,1.79769313486232e+308,1.79769313486232e+308,1.79769313486232e+308
2,"8/09/95",1,420111,3,1.79769313486232e+308,2,1.79769313486232e+308,1.79769313486232e+308,1.79769313486232e+308,1.79769313486232e+308,1.79769313486232e+308,1.79769313486232e+308,1.79769313486232e+308,1.79769313486232e+308
22,"8/09/95",1,420141,3,3,1,15,0,0,3.5,0,1.79769313486232e+308,1.79769313486232e+308,1.79769313486232e+308
27,"8/09/95",1,420151,2,2,1,15,3000,0,3.5,0,1.79769313486232e+308,1.79769313486232e+308,1.79769313486232e+308
28,"8/09/95",1,420151,5,2,2,1.79769313486232e+308,1.79769313486232e+308,1.79769313486232e+308,1.79769313486232e+308,1.79769313486232e+308,1.79769313486232e+308,1.79769313486232e+308,1.79769313486232e+308
3,"8/09/95",1,420211,2,1,1,16,2000,0,3.5,0,1.79769313486232e+308,1.79769313486232e+308,1.79769313486232e+308
23,"8/09/95",1,420241,2,2,1,15,0,0,2,0,1.79769313486232e+308,1.79769313486232e+308,1.79769313486232e+308
29,"8/09/95",1,420251,2,2,1,18,1000,0,4,42,1.79769313486232e+308,1.79769313486232e+308,1.79769313486232e+308
30,"8/09/95",1,420251,3,2,2,1.79769313486232e+308,1.79769313486232e+308,1.79769313486232e+308,1.79769313486232e+308,1.79769313486232e+308,1.79769313486232e+308,1.79769313486232e+308,1.79769313486232e+308
4,"8/09/95",1,420311,2,1,1,13,1500,0,3,0,1.79769313486232e+308,1.79769313486232e+308,1.79769313486232e+308
5,"8/09/95",1,420311,4,1,2,1.79769313486232e+308,1.79769313486232e+308,1.79769313486232e+308,1.79769313486232e+308,1.79769313486232e+308,1.79769313486232e+308,1.79769313486232e+308,1.79769313486232e+308
6,"8/09/95",1,420311,5,1,2,1.79769313486232e+308,1.79769313486232e+308,1.79769313486232e+308,1.79769313486232e+308,1.79769313486232e+308,1.79769313486232e+308,1.79769313486232e+308,1.79769313486232e+308
24,"8/09/95",1,420341,2,1,1,20,0,0,5,0,1.79769313486232e+308,1.79769313486232e+308,1.79769313486232e+308
31,"8/09/95",1,420351,3,1,1,20,0,0,3,0,1.79769313486232e+308,1.79769313486232e+308,1.79769313486232e+308
7,"8/09/95",1,420411,2,2,1,15,500,0,4,0,1.79769313486232e+308,1.79769313486232e+308,1.79769313486232e+308
9,"8/09/95",1,420411,4,2,2,1.79769313486232e+308,1.79769313486232e+308,1.79769313486232e+308,1.79769313486232e+308,1.79769313486232e+308,1.79769313486232e+308,1.79769313486232e+308,1.79769313486232e+308
25,"8/09/95",1,420441,2,2,1,16,2500,500,8,0,1.79769313486232e+308,1.79769313486232e+308,1.79769313486232e+308
32,"8/09/95",1,420459,2,2,1,15,0,0,9,60,1.79769313486232e+308,1.79769313486232e+308,1.79769313486232e+308
10,"8/09/95",1,420521,6,1,2,1.79769313486232e+308,1.79769313486232e+308,1.79769313486232e+308,1.79769313486232e+308,1.79769313486232e+308,1.79769313486232e+308,1.79769313486232e+308,1.79769313486232e+308
11,"8/09/95",1,420522,2,2,1,12,0,0,0.25,0,1.79769313486232e+308,1.79769313486232e+308,1.79769313486232e+308
26,"8/09/95",1,420541,2,2,1,12,0,0,2,0,1.79769313486232e+308,1.79769313486232e+308,1.79769313486232e+308
12,"8/09/95",1,420611,2,1,1,14,500,0,3,0,1.79769313486232e+308,1.79769313486232e+308,1.79769313486232e+308
13,"8/09/95",1,420611,3,1,2,1.79769313486232e+308,1.79769313486232e+308,1.79769313486232e+308,1.79769313486232e+308,1.79769313486232e+308,1.79769313486232e+308,1.79769313486232e+308,1.79769313486232e+308
14,"8/09/95",1,420711,2,2,1,15,2000,0,3,0,1,1993,5
15,"8/09/95",1,420821,2,1,1,14,0,0,6,0,1.79769313486232e+308,1.79769313486232e+308,1.79769313486232e+308
16,"8/09/95",1,420921,2,2,1,16,4000,0,2,37,1.79769313486232e+308,1.79769313486232e+308,1.79769313486232e+308
17,"8/09/95",1,421021,2,2,1,17,3000,0,5,0,1.79769313486232e+308,1.79769313486232e+308,1.79769313486232e+308
18,"8/09/95",1,421121,2,1,1,18,2000,0,3,0,1.79769313486232e+308,1.79769313486232e+308,1.79769313486232e+308
19,"8/09/95",1,421211,1.79769313486232e+308,1.79769313486232e+308,1.79769313486232e+308,1.79769313486232e+308,1.79769313486232e+308,1.79769313486232e+308,1.79769313486232e+308,1.79769313486232e+308,1.79769313486232e+308,1.79769313486232e+308,1.79769313486232e+308
20,"8/09/95",1,421212,2,2,1,15,2000,0,40,0,1.79769313486232e+308,1.79769313486232e+308,1.79769313486232e+308
21,"8/09/95",1,421213,2,2,1,15,3000,0,0.150000005960464,0,1.79769313486232e+308,1.79769313486232e+308,1.79769313486232e+308
1,"6/24/99",1,430111,2,1,1,16,0,0,5,1,1.79769313486232e+308,1.79769313486232e+308,1.79769313486232e+308
23,"6/24/99",1,430141,2,2,1,19,5000,0,100,24,1.79769313486232e+308,1.79769313486232e+308,1.79769313486232e+308
31,"6/24/99",1,430151,3,2,1,15,5000,0,12,0,1.79769313486232e+308,1.79769313486232e+308,1.79769313486232e+308
2,"6/24/99",1,430211,2,2,1,15,10000,0,3,6,1.79769313486232e+308,1.79769313486232e+308,1.79769313486232e+308
24,"6/24/99",1,430241,2,2,1,14,5000,0,25,0,1.79769313486232e+308,1.79769313486232e+308,1.79769313486232e+308
32,"6/24/99",1,430251,1.79769313486232e+308,1.79769313486232e+308,1.79769313486232e+308,1.79769313486232e+308,1.79769313486232e+308,1.79769313486232e+308,1.79769313486232e+308,1.79769313486232e+308,1.79769313486232e+308,1.79769313486232e+308,1.79769313486232e+308
33,"6/24/99",1,430252,2,2,1,16,8000,0,5,24,1.79769313486232e+308,1.79769313486232e+308,1.79769313486232e+308
3,"6/24/99",1,430311,2,2,1,16,2000,0,6,0,1.79769313486232e+308,1.79769313486232e+308,1.79769313486232e+308
4,"6/24/99",1,430311,5,5,2,1.79769313486232e+308,1.79769313486232e+308,1.79769313486232e+308,1.79769313486232e+308,1.79769313486232e+308,1.79769313486232e+308,1.79769313486232e+308,1.79769313486232e+308
25,"6/24/99",1,430341,2,2,1,10,0,0,100,0,1.79769313486232e+308,1.79769313486232e+308,1.79769313486232e+308
26,"6/24/99",1,430341,4,2,2,1.79769313486232e+308,1.79769313486232e+308,1.79769313486232e+308,1.79769313486232e+308,1.79769313486232e+308,1.79769313486232e+308,1.79769313486232e+308,1.79769313486232e+308
27,"6/24/99",1,430341,5,2,2,1.79769313486232e+308,1.79769313486232e+308,1.79769313486232e+308,1.79769313486232e+308,1.79769313486232e+308,1.79769313486232e+308,1.79769313486232e+308,1.79769313486232e+308
5,"6/24/99",1,430411,2,2,1,14,2000,0,20,0,1.79769313486232e+308,1.79769313486232e+308,1.79769313486232e+308
6,"6/24/99",1,430411,5,2,2,1.79769313486232e+308,1.79769313486232e+308,1.79769313486232e+308,1.79769313486232e+308,1.79769313486232e+308,1.79769313486232e+308,1.79769313486232e+308,1.79769313486232e+308
28,"6/24/99",1,430441,2,2,1,12,0,0,1.5,0,1.79769313486232e+308,1.79769313486232e+308,1.79769313486232e+308
29,"6/24/99",1,430442,2,2,1,14,0,0,0.0799999982118607,0,1.79769313486232e+308,1.79769313486232e+308,1.79769313486232e+308
34,"6/24/99",1,430459,2,2,1,17,7000,0,0.300000011920929,0,1.79769313486232e+308,1.79769313486232e+308,1.79769313486232e+308
7,"6/24/99",1,430511,2,2,1,15,2000,0,3,0,1.79769313486232e+308,1.79769313486232e+308,1.79769313486232e+308
30,"6/24/99",1,430541,2,2,1,15,8000,0,6,0,1.79769313486232e+308,1.79769313486232e+308,1.79769313486232e+308
8,"6/24/99",1,430611,2,2,1,14,2000,0,3,0,1.79769313486232e+308,1.79769313486232e+308,1.79769313486232e+308
9,"6/24/99",1,430711,2,2,1,15,6000,0,25,0,1.79769313486232e+308,1.79769313486232e+308,1.79769313486232e+308
10,"6/24/99",1,430811,3,3,1,16,0,0,3,0,1.79769313486232e+308,1.79769313486232e+308,1.79769313486232e+308
11,"6/24/99",1,430811,7,3,2,1.79769313486232e+308,1.79769313486232e+308,1.79769313486232e+308,1.79769313486232e+308,1.79769313486232e+308,1.79769313486232e+308,1.79769313486232e+308,1.79769313486232e+308
12,"6/24/99",1,430812,2,3,1,17,3000,0,8,0,1.79769313486232e+308,1.79769313486232e+308,1.79769313486232e+308
13,"6/24/99",1,430812,3,3,1,16,0,0,6,240,1.79769313486232e+308,1.79769313486232e+308,1.79769313486232e+308
14,"6/24/99",1,430813,2,2,1,15,10000,0,25,0,1.79769313486232e+308,1.79769313486232e+308,1.79769313486232e+308
15,"6/24/99",1,430911,2,1,1,16,5000,0,12,0,1.79769313486232e+308,1.79769313486232e+308,1.79769313486232e+308
16,"6/24/99",1,430911,6,1,2,1.79769313486232e+308,1.79769313486232e+308,1.79769313486232e+308,1.79769313486232e+308,1.79769313486232e+308,1.79769313486232e+308,1.79769313486232e+308,1.79769313486232e+308
17,"6/24/99",1,431011,2,2,1,18,5000,0,0,12,1.79769313486232e+308,1.79769313486232e+308,1.79769313486232e+308
18,"6/24/99",1,431011,3,2,1,15,10000,0,24,144,1.79769313486232e+308,1.79769313486232e+308,1.79769313486232e+308
19,"6/24/99",1,431011,4,2,2,1.79769313486232e+308,1.79769313486232e+308,1.79769313486232e+308,1.79769313486232e+308,1.79769313486232e+308,1.79769313486232e+308,1.79769313486232e+308,1.79769313486232e+308
20,"6/24/99",1,431111,2,2,1,15,0,0,80,0,1.79769313486232e+308,1.79769313486232e+308,1.79769313486232e+308
21,"6/24/99",1,431211,1,1,1,16,0,0,1,180,2,1984,1.79769313486232e+308
22,"6/24/99",1,431211,2,1,1,16,1000,0,300,22,1.79769313486232e+308,1.79769313486232e+308,1.79769313486232e+308
51,"9/09/99",1,440119,2,2,1,15,0,0,4,0,1.79769313486232e+308,1.79769313486232e+308,1.79769313486232e+308
66,"9/09/99",1,440149,2,2,1,14,0,0,5,0,1.79769313486232e+308,1.79769313486232e+308,1.79769313486232e+308
71,"9/09/99",1,440159,2,2,1,15,0,0,5,0,1.79769313486232e+308,1.79769313486232e+308,1.79769313486232e+308
52,"9/09/99",1,440219,2,1,1,8,0,0,4,25,1.79769313486232e+308,1.79769313486232e+308,1.79769313486232e+308
53,"9/09/99",1,440219,3,1,2,1.79769313486232e+308,1.79769313486232e+308,1.79769313486232e+308,1.79769313486232e+308,1.79769313486232e+308,1.79769313486232e+308,1.79769313486232e+308,1.79769313486232e+308
67,"9/09/99",1,440249,2,2,1,15,2000,0,6,0,1.79769313486232e+308,1.79769313486232e+308,1.79769313486232e+308
72,"9/09/99",1,440259,2,2,1,15,15000,0,2,0,1.79769313486232e+308,1.79769313486232e+308,1.79769313486232e+308
54,"9/09/99",1,440319,2,1,1,13,0,0,1,0,1.79769313486232e+308,1.79769313486232e+308,1.79769313486232e+308
68,"9/09/99",1,440349,2,2,1,14,0,0,4,0,1.79769313486232e+308,1.79769313486232e+308,1.79769313486232e+308
73,"9/09/99",1,440359,2,1,1,11,0,0,8,8,1.79769313486232e+308,1.79769313486232e+308,1.79769313486232e+308
74,"9/09/99",1,440359,3,1,1,14,0,0,2,0,1.79769313486232e+308,1.79769313486232e+308,1.79769313486232e+308
55,"9/09/99",1,440419,2,2,1,15,1000,0,2,0,1.79769313486232e+308,1.79769313486232e+308,1.79769313486232e+308
56,"9/09/99",1,440419,7,2,1,12,5000,0,0,0,2,1996,5
69,"9/09/99",1,440449,2,1,1,17,3000,0,9,0,1.79769313486232e+308,1.79769313486232e+308,1.79769313486232e+308
75,"9/09/99",1,440459,2,1,1,14,3000,0,3,0,1.79769313486232e+308,1.79769313486232e+308,1.79769313486232e+308
57,"9/09/99",1,440519,2,2,1,14,0,0,2,0,1.79769313486232e+308,1.79769313486232e+308,1.79769313486232e+308
58,"9/09/99",1,440519,3,2,2,1.79769313486232e+308,1.79769313486232e+308,1.79769313486232e+308,1.79769313486232e+308,1.79769313486232e+308,1.79769313486232e+308,1.79769313486232e+308,1.79769313486232e+308
70,"9/09/99",1,440549,3,3,2,1.79769313486232e+308,1.79769313486232e+308,1.79769313486232e+308,1.79769313486232e+308,1.79769313486232e+308,1.79769313486232e+308,1.79769313486232e+308,1.79769313486232e+308
76,"9/09/99",1,440559,2,2,1,15,2000,0,2.5,0,1.79769313486232e+308,1.79769313486232e+308,1.79769313486232e+308
59,"9/09/99",1,440619,2,2,1,13,0,0,8,0,1.79769313486232e+308,1.79769313486232e+308,1.79769313486232e+308
60,"9/09/99",1,440719,2,2,1,14,10000,0,20,0,1.79769313486232e+308,1.79769313486232e+308,1.79769313486232e+308
61,"9/09/99",1,440819,2,2,1,15,15000,0,1,0,1.79769313486232e+308,1.79769313486232e+308,1.79769313486232e+308
62,"9/09/99",1,440819,4,2,2,1.79769313486232e+308,1.79769313486232e+308,1.79769313486232e+308,1.79769313486232e+308,1.79769313486232e+308,1.79769313486232e+308,1.79769313486232e+308,1.79769313486232e+308
63,"9/09/99",1,440919,2,2,1,14,0,0,0.5,0,1.79769313486232e+308,1.79769313486232e+308,1.79769313486232e+308
64,"9/09/99",1,441019,2,1,1,13,0,0,4,7,1.79769313486232e+308,1.79769313486232e+308,1.79769313486232e+308
65,"9/09/99",1,441019,5,1,1,14,0,0,5,0,1.79769313486232e+308,1.79769313486232e+308,1.79769313486232e+308
82,"7/14/99",1,510111,2,2,1,15,0,0,0.25,14,1.79769313486232e+308,1.79769313486232e+308,1.79769313486232e+308
99,"7/20/99",1,510141,2,2,1,22,5000,0,80,4,1.79769313486232e+308,1.79769313486232e+308,1.79769313486232e+308
105,"7/20/99",1,510151,2,9,1,17,0,0,15,0,1.79769313486232e+308,1.79769313486232e+308,1.79769313486232e+308
106,"7/20/99",1,510151,9,9,1,18,20000,0,5,0,1.79769313486232e+308,1.79769313486232e+308,1.79769313486232e+308
107,"7/20/99",1,510152,2,2,1,17,0,0,8,0,1.79769313486232e+308,1.79769313486232e+308,1.79769313486232e+308
108,"7/20/99",1,510152,4,2,2,1.79769313486232e+308,1.79769313486232e+308,1.79769313486232e+308,1.79769313486232e+308,1.79769313486232e+308,1.79769313486232e+308,1.79769313486232e+308,1.79769313486232e+308
109,"7/20/99",1,510152,5,2,1,18,15000,0,8,72,2,1993,4
83,"7/20/99",1,510211,2,2,1,14,0,0,9,6,1,1997,12
84,"7/20/99",1,510211,8,2,1,14,0,0,15,3,1.79769313486232e+308,1.79769313486232e+308,1.79769313486232e+308
100,"7/20/99",1,510241,2,2,1,14,300,0,2.5,0,1.79769313486232e+308,1.79769313486232e+308,1.79769313486232e+308
110,"7/20/99",1,510251,2,2,1,25,0,0,10,4,1.79769313486232e+308,1.79769313486232e+308,1.79769313486232e+308
111,"7/20/99",1,510251,3,2,2,1.79769313486232e+308,1.79769313486232e+308,1.79769313486232e+308,1.79769313486232e+308,1.79769313486232e+308,1.79769313486232e+308,1.79769313486232e+308,1.79769313486232e+308
85,"7/20/99",1,510311,2,2,1,14,0,0,7,0,1.79769313486232e+308,1.79769313486232e+308,1.79769313486232e+308
86,"7/20/99",1,510311,3,2,1,16,5000,0,12,24,1.79769313486232e+308,1.79769313486232e+308,1.79769313486232e+308
101,"7/20/99",1,510341,2,2,1,16,0,0,1,0,1.79769313486232e+308,1.79769313486232e+308,1.79769313486232e+308
112,"7/20/99",1,510351,2,2,1,15,0,0,12,0,1.79769313486232e+308,1.79769313486232e+308,1.79769313486232e+308
1.79769313486232e+308,".",1.79769313486232e+308,510351,3,2,2,1.79769313486232e+308,1.79769313486232e+308,1.79769313486232e+308,1.79769313486232e+308,1.79769313486232e+308,1.79769313486232e+308,1.79769313486232e+308,1.79769313486232e+308
87,"7/20/99",1,510411,2,2,1,14,4000,0,8,0,1.79769313486232e+308,1.79769313486232e+308,1.79769313486232e+308
102,"7/20/99",1,510441,2,2,1,15,0,0,0.150000005960464,0,1.79769313486232e+308,1.79769313486232e+308,1.79769313486232e+308
103,"7/20/99",1,510442,4,4,1,16,10000,0,6,0,1.79769313486232e+308,1.79769313486232e+308,1.79769313486232e+308
113,"7/20/99",1,510459,6,6,1,16,0,0,8,0,1.79769313486232e+308,1.79769313486232e+308,1.79769313486232e+308
88,"7/20/99",1,510511,2,2,1,16,0,500,0.100000001490116,24,1.79769313486232e+308,1.79769313486232e+308,1.79769313486232e+308
89,"7/20/99",1,510511,8,2,1,17,6000,0,14,3,1.79769313486232e+308,1.79769313486232e+308,1.79769313486232e+308
104,"7/20/99",1,510541,5,5,1,24,6000,0,6,48,2,1995,4
90,"7/20/99",1,510611,3,3,1,16,0,0,1,3,1.79769313486232e+308,1.79769313486232e+308,1.79769313486232e+308
91,"7/20/99",1,510711,8,8,1,17,4000,0,0.5,0,1.79769313486232e+308,1.79769313486232e+308,1.79769313486232e+308
92,"7/20/99",1,510712,2,2,1,15,0,0,6,0,1.79769313486232e+308,1.79769313486232e+308,1.79769313486232e+308
93,"7/20/99",1,510811,2,2,1,15,0,0,5,0,1.79769313486232e+308,1.79769313486232e+308,1.79769313486232e+308
94,"7/20/99",1,510911,2,2,1,18,3000,0,30,0,1.79769313486232e+308,1.79769313486232e+308,1.79769313486232e+308
95,"7/20/99",1,511011,2,2,1,15,0,0,2.5,0,1.79769313486232e+308,1.79769313486232e+308,1.79769313486232e+308
96,"7/20/99",1,511111,2,2,1,20,5000,0,150,0,1.79769313486232e+308,1.79769313486232e+308,1.79769313486232e+308
1.79769313486232e+308,".",1.79769313486232e+308,511111,3,2,2,1.79769313486232e+308,1.79769313486232e+308,1.79769313486232e+308,1.79769313486232e+308,1.79769313486232e+308,1.79769313486232e+308,1.79769313486232e+308,1.79769313486232e+308
1.79769313486232e+308,".",1.79769313486232e+308,511111,4,2,2,1.79769313486232e+308,1.79769313486232e+308,1.79769313486232e+308,1.79769313486232e+308,1.79769313486232e+308,1.79769313486232e+308,1.79769313486232e+308,1.79769313486232e+308
97,"7/20/99",1,511211,2,2,1,16,0,0,6,0,1.79769313486232e+308,1.79769313486232e+308,1.79769313486232e+308
98,"7/20/99",1,511211,3,2,2,1.79769313486232e+308,1.79769313486232e+308,1.79769313486232e+308,1.79769313486232e+308,1.79769313486232e+308,1.79769313486232e+308,1.79769313486232e+308,1.79769313486232e+308
176,"6/20/99",1,520111,2,2,1,14,0,0,20,0,1.79769313486232e+308,1.79769313486232e+308,1.79769313486232e+308
202,"6/20/99",1,520141,2,2,1,15,2000,0,4,2,1.79769313486232e+308,1.79769313486232e+308,1.79769313486232e+308
1.79769313486232e+308,"8/25/99",1,520141,3,3,2,1.79769313486232e+308,1.79769313486232e+308,1.79769313486232e+308,1.79769313486232e+308,1.79769313486232e+308,1.79769313486232e+308,1.79769313486232e+308,1.79769313486232e+308
208,"6/20/99",1,520151,5,5,1,15,0,0,0.5,0,1.79769313486232e+308,1.79769313486232e+308,1.79769313486232e+308
209,"6/20/99",1,520151,6,5,1,20,0,0,1,46,1.79769313486232e+308,1.79769313486232e+308,1.79769313486232e+308
181,"6/20/99",1,520211,2,2,1,18,5000,0,20,8,1.79769313486232e+308,1.79769313486232e+308,1.79769313486232e+308
177,"6/20/99",1,520211,7,2,2,1.79769313486232e+308,1.79769313486232e+308,1.79769313486232e+308,1.79769313486232e+308,1.79769313486232e+308,1.79769313486232e+308,1.79769313486232e+308,1.79769313486232e+308
178,"6/20/99",1,520211,8,2,2,1.79769313486232e+308,1.79769313486232e+308,1.79769313486232e+308,1.79769313486232e+308,1.79769313486232e+308,1.79769313486232e+308,1.79769313486232e+308,1.79769313486232e+308
179,"6/20/99",1,520211,9,2,2,1.79769313486232e+308,1.79769313486232e+308,1.79769313486232e+308,1.79769313486232e+308,1.79769313486232e+308,1.79769313486232e+308,1.79769313486232e+308,1.79769313486232e+308
180,"6/20/99",1,520211,10,2,2,1.79769313486232e+308,1.79769313486232e+308,1.79769313486232e+308,1.79769313486232e+308,1.79769313486232e+308,1.79769313486232e+308,1.79769313486232e+308,1.79769313486232e+308
203,"6/20/99",1,520241,2,2,1,19,3500,0,1,0,1.79769313486232e+308,1.79769313486232e+308,1.79769313486232e+308
210,"6/20/99",1,520251,2,2,1,17,0,0,1.5,1,1.79769313486232e+308,1.79769313486232e+308,1.79769313486232e+308
182,"6/20/99",1,520311,3,3,1,16,0,0,2,0,1.79769313486232e+308,1.79769313486232e+308,1.79769313486232e+308
204,"6/20/99",1,520341,6,10,2,1.79769313486232e+308,1.79769313486232e+308,1.79769313486232e+308,1.79769313486232e+308,1.79769313486232e+308,1.79769313486232e+308,1.79769313486232e+308,1.79769313486232e+308
205,"6/20/99",1,520341,7,10,1,18,0,0,0.150000005960464,0,1.79769313486232e+308,1.79769313486232e+308,1.79769313486232e+308
211,"6/20/99",1,520351,5,5,1,18,0,0,0.5,0,1.79769313486232e+308,1.79769313486232e+308,1.79769313486232e+308
212,"6/20/99",1,520351,6,5,1,19,0,0,90,0,1.79769313486232e+308,1.79769313486232e+308,1.79769313486232e+308
213,"6/20/99",1,520351,18,5,1,20,0,0,90,0,1.79769313486232e+308,1.79769313486232e+308,1.79769313486232e+308
183,"6/20/99",1,520411,2,2,1,15,0,0,90,2,1.79769313486232e+308,1.79769313486232e+308,1.79769313486232e+308
184,"6/20/99",1,520411,3,2,2,1.79769313486232e+308,1.79769313486232e+308,1.79769313486232e+308,1.79769313486232e+308,1.79769313486232e+308,1.79769313486232e+308,1.79769313486232e+308,1.79769313486232e+308
185,"6/20/99",1,520411,4,2,2,1.79769313486232e+308,1.79769313486232e+308,1.79769313486232e+308,1.79769313486232e+308,1.79769313486232e+308,1.79769313486232e+308,1.79769313486232e+308,1.79769313486232e+308
186,"6/20/99",1,520411,5,2,2,1.79769313486232e+308,1.79769313486232e+308,1.79769313486232e+308,1.79769313486232e+308,1.79769313486232e+308,1.79769313486232e+308,1.79769313486232e+308,1.79769313486232e+308
206,"6/20/99",1,520441,6,4,2,1.79769313486232e+308,1.79769313486232e+308,1.79769313486232e+308,1.79769313486232e+308,1.79769313486232e+308,1.79769313486232e+308,1.79769313486232e+308,1.79769313486232e+308
214,"6/20/99",1,520459,2,2,1,17,0,0,0.75,50,1.79769313486232e+308,1.79769313486232e+308,1.79769313486232e+308
207,"6/20/99",1,520541,6,6,2,1.79769313486232e+308,1.79769313486232e+308,1.79769313486232e+308,1.79769313486232e+308,1.79769313486232e+308,1.79769313486232e+308,1.79769313486232e+308,1.79769313486232e+308
187,"6/20/99",1,520611,3,3,2,1.79769313486232e+308,1.79769313486232e+308,1.79769313486232e+308,1.79769313486232e+308,1.79769313486232e+308,1.79769313486232e+308,1.79769313486232e+308,1.79769313486232e+308
188,"6/20/99",1,520611,6,3,2,1.79769313486232e+308,1.79769313486232e+308,1.79769313486232e+308,1.79769313486232e+308,1.79769313486232e+308,1.79769313486232e+308,1.79769313486232e+308,1.79769313486232e+308
189,"6/20/99",1,520711,4,4,1,25,0,0,450,0,1.79769313486232e+308,1.79769313486232e+308,1.79769313486232e+308
190,"6/20/99",1,520711,6,4,1,20,0,0,0.0500000007450581,0,1.79769313486232e+308,1.79769313486232e+308,1.79769313486232e+308
192,"6/20/99",1,520711,10,4,2,1.79769313486232e+308,1.79769313486232e+308,1.79769313486232e+308,1.79769313486232e+308,1.79769313486232e+308,1.79769313486232e+308,1.79769313486232e+308,1.79769313486232e+308
193,"6/20/99",1,520711,14,4,1,18,7000,0,5,14,2,1998,2
194,"6/20/99",1,520811,1.79769313486232e+308,1.79769313486232e+308,1.79769313486232e+308,1.79769313486232e+308,1.79769313486232e+308,1.79769313486232e+308,1.79769313486232e+308,1.79769313486232e+308,1.79769313486232e+308,1.79769313486232e+308,1.79769313486232e+308
195,"6/20/99",1,520911,2,2,1,18,0,0,1.5,0,1.79769313486232e+308,1.79769313486232e+308,1.79769313486232e+308
196,"6/20/99",1,520911,4,2,1,15,0,0,300,0,1.79769313486232e+308,1.79769313486232e+308,1.79769313486232e+308
197,"6/20/99",1,520911,5,2,2,1.79769313486232e+308,1.79769313486232e+308,1.79769313486232e+308,1.79769313486232e+308,1.79769313486232e+308,1.79769313486232e+308,1.79769313486232e+308,1.79769313486232e+308
198,"6/20/99",1,521011,2,2,1,15,0,0,7,0,1.79769313486232e+308,1.79769313486232e+308,1.79769313486232e+308
199,"6/20/99",1,521011,5,5,1,20,0,0,30,0,1.79769313486232e+308,1.79769313486232e+308,1.79769313486232e+308
200,"6/20/99",1,521111,2,3,1,15,0,0,80,0,1.79769313486232e+308,1.79769313486232e+308,1.79769313486232e+308
1.79769313486232e+308,"8/25/99",1,521111,6,3,2,1.79769313486232e+308,1.79769313486232e+308,1.79769313486232e+308,1.79769313486232e+308,1.79769313486232e+308,1.79769313486232e+308,1.79769313486232e+308,1.79769313486232e+308
201,"6/20/99",1,521211,3,3,1,16,0,0,6,84,1.79769313486232e+308,1.79769313486232e+308,1.79769313486232e+308
200,"6/15/99",1,530111,1.79769313486232e+308,1.79769313486232e+308,1.79769313486232e+308,1.79769313486232e+308,1.79769313486232e+308,1.79769313486232e+308,1.79769313486232e+308,1.79769313486232e+308,1.79769313486232e+308,1.79769313486232e+308,1.79769313486232e+308
223,"6/20/99",1,530141,2,2,1,20,1500,0,0.5,24,1.79769313486232e+308,1.79769313486232e+308,1.79769313486232e+308
224,"6/20/99",1,530141,7,2,1,18,14000,0,7,0,1.79769313486232e+308,1.79769313486232e+308,1.79769313486232e+308
231,"6/20/99",1,530151,11,11,1,19,0,0,20,0,1.79769313486232e+308,1.79769313486232e+308,1.79769313486232e+308
232,"6/20/99",1,530152,2,2,1,15,500,0,7,0,1.79769313486232e+308,1.79769313486232e+308,1.79769313486232e+308
1.79769313486232e+308,"8/21/99",1,530152,3,2,2,1.79769313486232e+308,1.79769313486232e+308,1.79769313486232e+308,1.79769313486232e+308,1.79769313486232e+308,1.79769313486232e+308,1.79769313486232e+308,1.79769313486232e+308
233,"6/20/99",1,530153,2,2,1,12,7000,0,1,0,1.79769313486232e+308,1.79769313486232e+308,1.79769313486232e+308
201,"6/20/99",1,530211,2,2,1,13,0,0,6,0,1.79769313486232e+308,1.79769313486232e+308,1.79769313486232e+308
202,"6/20/99",1,530211,6,6,1,16,0,0,0,0,1,1984,6
225,"6/20/99",1,530241,2,2,1,15,2000,0,1,0,1.79769313486232e+308,1.79769313486232e+308,1.79769313486232e+308
234,"6/20/99",1,530251,6,7,1,16,0,0,7,0,1.79769313486232e+308,1.79769313486232e+308,1.79769313486232e+308
235,"6/20/99",1,530251,7,7,1,18,0,0,2.5,0,1.79769313486232e+308,1.79769313486232e+308,1.79769313486232e+308
236,"6/20/99",1,530251,9,7,2,1.79769313486232e+308,1.79769313486232e+308,1.79769313486232e+308,1.79769313486232e+308,1.79769313486232e+308,1.79769313486232e+308,1.79769313486232e+308,1.79769313486232e+308
203,"6/20/99",1,530311,1.79769313486232e+308,1.79769313486232e+308,1.79769313486232e+308,1.79769313486232e+308,1.79769313486232e+308,1.79769313486232e+308,1.79769313486232e+308,1.79769313486232e+308,1.79769313486232e+308,1.79769313486232e+308,1.79769313486232e+308
226,"6/20/99",1,530341,3,3,1,15,600,0,2,6,1.79769313486232e+308,1.79769313486232e+308,1.79769313486232e+308
227,"6/20/99",1,530341,4,3,2,1.79769313486232e+308,1.79769313486232e+308,1.79769313486232e+308,1.79769313486232e+308,1.79769313486232e+308,1.79769313486232e+308,1.79769313486232e+308,1.79769313486232e+308
237,"6/20/99",1,530351,4,4,1,16,0,0,2,19,1.79769313486232e+308,1.79769313486232e+308,1.79769313486232e+308
238,"6/20/99",1,530351,6,4,1,19,0,0,12,0,1.79769313486232e+308,1.79769313486232e+308,1.79769313486232e+308
239,"6/20/99",1,530351,11,4,2,1.79769313486232e+308,1.79769313486232e+308,1.79769313486232e+308,1.79769313486232e+308,1.79769313486232e+308,1.79769313486232e+308,1.79769313486232e+308,1.79769313486232e+308
240,"6/20/99",1,530351,17,4,1,20,5000,0,12,19,1.79769313486232e+308,1.79769313486232e+308,1.79769313486232e+308
204,"6/20/99",1,530411,2,2,1,16,4000,0,2,2,1.79769313486232e+308,1.79769313486232e+308,1.79769313486232e+308
228,"6/20/99",1,530441,2,2,1,15,0,0,4,36,1.79769313486232e+308,1.79769313486232e+308,1.79769313486232e+308
241,"6/20/99",1,530459,2,2,1,14,0,0,10,2,1.79769313486232e+308,1.79769313486232e+308,1.79769313486232e+308
205,"6/20/99",1,530511,2,2,1,14,0,0,0.5,1,1.79769313486232e+308,1.79769313486232e+308,1.79769313486232e+308
229,"6/20/99",1,530541,2,2,1,13,0,0,3,3,1.79769313486232e+308,1.79769313486232e+308,1.79769313486232e+308
1.79769313486232e+308,"8/21/99",1,530541,6,2,2,1.79769313486232e+308,1.79769313486232e+308,1.79769313486232e+308,1.79769313486232e+308,1.79769313486232e+308,1.79769313486232e+308,1.79769313486232e+308,1.79769313486232e+308
230,"6/20/99",1,530541,9,2,1,15,1000,0,4,1,1.79769313486232e+308,1.79769313486232e+308,1.79769313486232e+308
207,"6/20/99",1,530611,2,1,1,17,0,0,3,17,1.79769313486232e+308,1.79769313486232e+308,1.79769313486232e+308
206,"6/20/99",1,530611,3,3,2,1.79769313486232e+308,1.79769313486232e+308,1.79769313486232e+308,1.79769313486232e+308,1.79769313486232e+308,1.79769313486232e+308,1.79769313486232e+308,1.79769313486232e+308
208,"6/20/99",1,530711,2,2,1,16,0,0,5,0,1.79769313486232e+308,1.79769313486232e+308,1.79769313486232e+308
1.79769313486232e+308,"8/21/99",1,530711,4,2,2,1.79769313486232e+308,1.79769313486232e+308,1.79769313486232e+308,1.79769313486232e+308,1.79769313486232e+308,1.79769313486232e+308,1.79769313486232e+308,1.79769313486232e+308
209,"6/20/99",1,530711,5,2,1,15,8000,0,0,1,1.79769313486232e+308,1.79769313486232e+308,1.79769313486232e+308
210,"6/20/99",1,530811,2,2,1,15,0,0,1,0,1.79769313486232e+308,1.79769313486232e+308,1.79769313486232e+308
211,"6/20/99",1,530911,2,2,1,17,0,0,4,5,1.79769313486232e+308,1.79769313486232e+308,1.79769313486232e+308
212,"6/20/99",1,530911,4,2,2,1.79769313486232e+308,1.79769313486232e+308,1.79769313486232e+308,1.79769313486232e+308,1.79769313486232e+308,1.79769313486232e+308,1.79769313486232e+308,1.79769313486232e+308
213,"6/20/99",1,531011,13,13,1,16,5000,0,6,0,1.79769313486232e+308,1.79769313486232e+308,1.79769313486232e+308
214,"6/20/99",1,531011,19,13,1,14,7000,0,10,0,1.79769313486232e+308,1.79769313486232e+308,1.79769313486232e+308
215,"6/20/99",1,531012,2,2,1,17,5000,0,1,2,1.79769313486232e+308,1.79769313486232e+308,1.79769313486232e+308
216,"6/20/99",1,531013,2,2,1,14,0,0,4,0,1.79769313486232e+308,1.79769313486232e+308,1.79769313486232e+308
217,"6/20/99",1,531013,3,2,2,1.79769313486232e+308,1.79769313486232e+308,1.79769313486232e+308,1.79769313486232e+308,1.79769313486232e+308,1.79769313486232e+308,1.79769313486232e+308,1.79769313486232e+308
218,"6/20/99",1,531014,2,2,1,14,0,0,2,0,1.79769313486232e+308,1.79769313486232e+308,1.79769313486232e+308
219,"6/20/99",1,531014,5,2,1,16,10000,0,2,0,1.79769313486232e+308,1.79769313486232e+308,1.79769313486232e+308
220,"6/20/99",1,531111,2,2,1,18,600,0,2,15,1.79769313486232e+308,1.79769313486232e+308,1.79769313486232e+308
221,"6/20/99",1,531211,2,2,1,17,0,0,7,0,1.79769313486232e+308,1.79769313486232e+308,1.79769313486232e+308
222,"6/20/99",1,531211,4,2,1,16,0,0,5,20,1,1997,8
139,"8/11/99",1,610111,1,1,1,15,0,0,0.25,0,2,1992,5
1.79769313486232e+308,".",1.79769313486232e+308,610111,2,1.79769313486232e+308,2,1.79769313486232e+308,1.79769313486232e+308,1.79769313486232e+308,1.79769313486232e+308,1.79769313486232e+308,1.79769313486232e+308,1.79769313486232e+308,1.79769313486232e+308
162,"8/12/99",1,610141,1.79769313486232e+308,1.79769313486232e+308,1.79769313486232e+308,1.79769313486232e+308,1.79769313486232e+308,1.79769313486232e+308,1.79769313486232e+308,1.79769313486232e+308,1.79769313486232e+308,1.79769313486232e+308,1.79769313486232e+308
163,"8/12/99",1,610142,2,2,1,16,2000,0,3,0,1.79769313486232e+308,1.79769313486232e+308,1.79769313486232e+308
170,"8/12/99",1,610151,3,3,1,15,0,0,1,0,2,1993,8
164,"8/12/99",1,610241,1.79769313486232e+308,1.79769313486232e+308,1.79769313486232e+308,1.79769313486232e+308,1.79769313486232e+308,1.79769313486232e+308,1.79769313486232e+308,1.79769313486232e+308,1.79769313486232e+308,1.79769313486232e+308,1.79769313486232e+308
165,"8/12/99",1,610242,2,2,1,18,2000,0,7,3,1.79769313486232e+308,1.79769313486232e+308,1.79769313486232e+308
166,"8/12/99",1,610243,2,2,1,16,10000,0,10,0,1.79769313486232e+308,1.79769313486232e+308,1.79769313486232e+308
171,"8/12/99",1,610251,1,1,1,15,0,0,2,0,1,1987,1
140,"8/12/99",1,610311,2,2,1,18,0,0,1.5,0,1.79769313486232e+308,1.79769313486232e+308,1.79769313486232e+308
1.79769313486232e+308,".",1.79769313486232e+308,610311,3,1.79769313486232e+308,2,1.79769313486232e+308,1.79769313486232e+308,1.79769313486232e+308,1.79769313486232e+308,1.79769313486232e+308,1.79769313486232e+308,1.79769313486232e+308,1.79769313486232e+308
1.79769313486232e+308,".",1.79769313486232e+308,610311,4,1.79769313486232e+308,2,1.79769313486232e+308,1.79769313486232e+308,1.79769313486232e+308,1.79769313486232e+308,1.79769313486232e+308,1.79769313486232e+308,1.79769313486232e+308,1.79769313486232e+308
167,"8/12/99",1,610341,2,2,1,15,0,0,1,0,1.79769313486232e+308,1.79769313486232e+308,1.79769313486232e+308
168,"8/12/99",1,610341,5,2,2,1.79769313486232e+308,1.79769313486232e+308,1.79769313486232e+308,1.79769313486232e+308,1.79769313486232e+308,1.79769313486232e+308,1.79769313486232e+308,1.79769313486232e+308
172,"8/12/99",1,610351,5,5,1,20,0,0,2,0,1.79769313486232e+308,1.79769313486232e+308,1.79769313486232e+308
141,"8/12/99",1,610411,3,3,1,16,0,0,3,0,2,1998,1.79769313486232e+308
142,"8/12/99",1,610411,6,6,1,15,0,0,20,0,2,1987,2
1.79769313486232e+308,".",1.79769313486232e+308,610441,3,1.79769313486232e+308,2,1.79769313486232e+308,1.79769313486232e+308,1.79769313486232e+308,1.79769313486232e+308,1.79769313486232e+308,1.79769313486232e+308,1.79769313486232e+308,1.79769313486232e+308
169,"8/12/99",1,610441,7,7,1,15,0,0,1.5,0,1.79769313486232e+308,1.79769313486232e+308,1.79769313486232e+308
1.79769313486232e+308,".",1.79769313486232e+308,610459,6,1.79769313486232e+308,2,1.79769313486232e+308,1.79769313486232e+308,1.79769313486232e+308,1.79769313486232e+308,1.79769313486232e+308,1.79769313486232e+308,1.79769313486232e+308,1.79769313486232e+308
173,"8/12/99",1,610459,7,7,1,15,3000,0,5,0,1.79769313486232e+308,1.79769313486232e+308,1.79769313486232e+308
144,"8/12/99",1,610511,10,10,1,15,0,0,3,0,1.79769313486232e+308,1.79769313486232e+308,1.79769313486232e+308
145,"8/12/99",1,610611,2,2,1,15,500,0,0.100000001490116,0,1.79769313486232e+308,1.79769313486232e+308,1.79769313486232e+308
146,"8/12/99",1,610711,1.79769313486232e+308,1.79769313486232e+308,1.79769313486232e+308,1.79769313486232e+308,1.79769313486232e+308,1.79769313486232e+308,1.79769313486232e+308,1.79769313486232e+308,1.79769313486232e+308,1.79769313486232e+308,1.79769313486232e+308
147,"8/12/99",1,610811,2,2,1,15,0,0,0.25,5,1.79769313486232e+308,1.79769313486232e+308,1.79769313486232e+308
1.79769313486232e+308,".",1.79769313486232e+308,610811,5,1.79769313486232e+308,2,1.79769313486232e+308,1.79769313486232e+308,1.79769313486232e+308,1.79769313486232e+308,1.79769313486232e+308,1.79769313486232e+308,1.79769313486232e+308,1.79769313486232e+308
1.79769313486232e+308,".",1.79769313486232e+308,610811,6,1.79769313486232e+308,2,1.79769313486232e+308,1.79769313486232e+308,1.79769313486232e+308,1.79769313486232e+308,1.79769313486232e+308,1.79769313486232e+308,1.79769313486232e+308,1.79769313486232e+308
1.79769313486232e+308,".",1.79769313486232e+308,610811,7,1.79769313486232e+308,2,1.79769313486232e+308,1.79769313486232e+308,1.79769313486232e+308,1.79769313486232e+308,1.79769313486232e+308,1.79769313486232e+308,1.79769313486232e+308,1.79769313486232e+308
148,"8/12/99",1,610911,7,7,1,17,0,0,1,0,1.79769313486232e+308,1.79769313486232e+308,1.79769313486232e+308
149,"8/12/99",1,610911,8,8,1,18,0,0,2,0,1.79769313486232e+308,1.79769313486232e+308,1.79769313486232e+308
150,"8/12/99",1,611011,2,2,1,15,0,0,4,0,1.79769313486232e+308,1.79769313486232e+308,1.79769313486232e+308
151,"8/12/99",1,611011,5,2,2,1.79769313486232e+308,1.79769313486232e+308,1.79769313486232e+308,1.79769313486232e+308,1.79769313486232e+308,1.79769313486232e+308,1.79769313486232e+308,1.79769313486232e+308
152,"8/12/99",1,611011,7,2,2,1.79769313486232e+308,1.79769313486232e+308,1.79769313486232e+308,1.79769313486232e+308,1.79769313486232e+308,1.79769313486232e+308,1.79769313486232e+308,1.79769313486232e+308
154,"8/12/99",1,611012,2,2,1,18,4000,0,1,0,1.79769313486232e+308,1.79769313486232e+308,1.79769313486232e+308
155,"8/12/99",1,611111,2,2,1,17,0,0,1,0,1.79769313486232e+308,1.79769313486232e+308,1.79769313486232e+308
156,"8/12/99",1,611111,8,8,1,18,0,0,4,0,1.79769313486232e+308,1.79769313486232e+308,1.79769313486232e+308
157,"8/12/99",1,611211,2,2,1,15,0,0,1,0,1.79769313486232e+308,1.79769313486232e+308,1.79769313486232e+308
158,"8/12/99",1,611211,7,2,2,1.79769313486232e+308,1.79769313486232e+308,1.79769313486232e+308,1.79769313486232e+308,1.79769313486232e+308,1.79769313486232e+308,1.79769313486232e+308,1.79769313486232e+308
159,"8/12/99",1,611211,8,2,2,1.79769313486232e+308,1.79769313486232e+308,1.79769313486232e+308,1.79769313486232e+308,1.79769313486232e+308,1.79769313486232e+308,1.79769313486232e+308,1.79769313486232e+308
160,"8/12/99",1,611212,2,2,1,20,0,0,6,0,1.79769313486232e+308,1.79769313486232e+308,1.79769313486232e+308
161,"8/12/99",1,611213,2,2,1,18,2000,0,5,0,1.79769313486232e+308,1.79769313486232e+308,1.79769313486232e+308
290,"6/23/99",1,620111,2,2,1,15,0,0,60,2,1.79769313486232e+308,1.79769313486232e+308,1.79769313486232e+308
301,"6/23/99",1,620141,2,2,1,18,1600,0,3,8,1.79769313486232e+308,1.79769313486232e+308,1.79769313486232e+308
306,"6/23/99",1,620151,7,7,1,19,0,0,50,0,1.79769313486232e+308,1.79769313486232e+308,1.79769313486232e+308
92,"9/12/99",1,620152,1.79769313486232e+308,1.79769313486232e+308,1.79769313486232e+308,1.79769313486232e+308,1.79769313486232e+308,1.79769313486232e+308,1.79769313486232e+308,1.79769313486232e+308,1.79769313486232e+308,1.79769313486232e+308,1.79769313486232e+308
291,"6/23/99",1,620211,2,2,1,12,0,0,2,0,1.79769313486232e+308,1.79769313486232e+308,1.79769313486232e+308
302,"6/23/99",1,620241,7,2,1,20,0,0,40,0,1.79769313486232e+308,1.79769313486232e+308,1.79769313486232e+308
95,"9/12/99",1,620251,9,9,2,1.79769313486232e+308,1.79769313486232e+308,1.79769313486232e+308,1.79769313486232e+308,1.79769313486232e+308,1.79769313486232e+308,1.79769313486232e+308,1.79769313486232e+308
96,"9/12/99",1,620252,2,2,1,15,0,0,10,0,1.79769313486232e+308,1.79769313486232e+308,1.79769313486232e+308
98,"9/12/99",1,620253,2,2,1,15,0,0,20,0,1.79769313486232e+308,1.79769313486232e+308,1.79769313486232e+308
99,"9/12/99",1,620254,2,2,1,12,0,0,1,4,1.79769313486232e+308,1.79769313486232e+308,1.79769313486232e+308
292,"6/23/99",1,620311,2,2,1,13,0,0,1,0,1.79769313486232e+308,1.79769313486232e+308,1.79769313486232e+308
303,"6/23/99",1,620341,2,2,1,15,0,0,5,0,1.79769313486232e+308,1.79769313486232e+308,1.79769313486232e+308
100,"9/12/99",1,620351,4,2,1,13,0,0,0.5,6,1.79769313486232e+308,1.79769313486232e+308,1.79769313486232e+308
293,"6/23/99",1,620411,2,2,1,15,0,0,1,0,1.79769313486232e+308,1.79769313486232e+308,1.79769313486232e+308
304,"6/23/99",1,620441,5,5,1,14,0,0,0.25,0,1.79769313486232e+308,1.79769313486232e+308,1.79769313486232e+308
101,"9/12/99",1,620459,2,2,1,15,0,0,0,0,1.79769313486232e+308,1.79769313486232e+308,1.79769313486232e+308
103,"9/12/99",1,620459,5,5,1,15,0,0,0,0,1.79769313486232e+308,1.79769313486232e+308,1.79769313486232e+308
104,"9/12/99",1,620459,9,9,1,12,0,0,0,0,1.79769313486232e+308,1.79769313486232e+308,1.79769313486232e+308
1.79769313486232e+308,"10/18/99",1,620459,14,2,2,1.79769313486232e+308,1.79769313486232e+308,1.79769313486232e+308,1.79769313486232e+308,1.79769313486232e+308,1.79769313486232e+308,1.79769313486232e+308,1.79769313486232e+308
1.79769313486232e+308,".",1.79769313486232e+308,620511,1.79769313486232e+308,1.79769313486232e+308,1.79769313486232e+308,1.79769313486232e+308,1.79769313486232e+308,1.79769313486232e+308,1.79769313486232e+308,1.79769313486232e+308,1.79769313486232e+308,1.79769313486232e+308,1.79769313486232e+308
295,"6/23/99",1,620512,2,2,1,13,4000,0,3,0,1.79769313486232e+308,1.79769313486232e+308,1.79769313486232e+308
305,"6/23/99",1,620541,2,2,1,15,0,0,1,4,1.79769313486232e+308,1.79769313486232e+308,1.79769313486232e+308
83,"9/12/99",1,620611,2,1,1,15,0,0,2,1,1.79769313486232e+308,1.79769313486232e+308,1.79769313486232e+308
296,"6/23/99",1,620711,2,2,1,13,0,0,1.5,3,1.79769313486232e+308,1.79769313486232e+308,1.79769313486232e+308
1.79769313486232e+308,"8/25/99",1,620711,5,2,2,1.79769313486232e+308,1.79769313486232e+308,1.79769313486232e+308,1.79769313486232e+308,1.79769313486232e+308,1.79769313486232e+308,1.79769313486232e+308,1.79769313486232e+308
297,"6/23/99",1,620811,5,5,1,14,0,0,4,1,1.79769313486232e+308,1.79769313486232e+308,1.79769313486232e+308
298,"6/23/99",1,620811,6,6,1,13,0,0,2,0,1.79769313486232e+308,1.79769313486232e+308,1.79769313486232e+308
1.79769313486232e+308,"8/25/99",1,620811,8,8,2,1.79769313486232e+308,1.79769313486232e+308,1.79769313486232e+308,1.79769313486232e+308,1.79769313486232e+308,1.79769313486232e+308,1.79769313486232e+308,1.79769313486232e+308
1.79769313486232e+308,"8/25/99",1,620811,9,9,2,1.79769313486232e+308,1.79769313486232e+308,1.79769313486232e+308,1.79769313486232e+308,1.79769313486232e+308,1.79769313486232e+308,1.79769313486232e+308,1.79769313486232e+308
1.79769313486232e+308,"8/25/99",1,620811,10,10,2,1.79769313486232e+308,1.79769313486232e+308,1.79769313486232e+308,1.79769313486232e+308,1.79769313486232e+308,1.79769313486232e+308,1.79769313486232e+308,1.79769313486232e+308
1.79769313486232e+308,"8/25/99",1,620811,11,11,2,1.79769313486232e+308,1.79769313486232e+308,1.79769313486232e+308,1.79769313486232e+308,1.79769313486232e+308,1.79769313486232e+308,1.79769313486232e+308,1.79769313486232e+308
299,"6/23/99",1,620911,2,2,1,13,0,0,1,0,1.79769313486232e+308,1.79769313486232e+308,1.79769313486232e+308
300,"6/23/99",1,620911,3,3,1,14,0,0,1,0,1.79769313486232e+308,1.79769313486232e+308,1.79769313486232e+308
84,"9/12/99",1,621011,2,2,1,14,3000,0,0.100000001490116,0,1.79769313486232e+308,1.79769313486232e+308,1.79769313486232e+308
85,"9/12/99",1,621111,2,2,1,14,0,0,1.5,0,1.79769313486232e+308,1.79769313486232e+308,1.79769313486232e+308
88,"9/12/99",1,621211,2,2,1,16,15000,0,30,0,1.79769313486232e+308,1.79769313486232e+308,1.79769313486232e+308
89,"9/12/99",1,621211,7,7,2,1.79769313486232e+308,1.79769313486232e+308,1.79769313486232e+308,1.79769313486232e+308,1.79769313486232e+308,1.79769313486232e+308,1.79769313486232e+308,1.79769313486232e+308
150,"7/21/99",1,630111,2,2,1,13,0,0,0.5,2,1.79769313486232e+308,1.79769313486232e+308,1.79769313486232e+308
1.79769313486232e+308,".",1.79769313486232e+308,630111,5,2,2,1.79769313486232e+308,1.79769313486232e+308,1.79769313486232e+308,1.79769313486232e+308,1.79769313486232e+308,1.79769313486232e+308,1.79769313486232e+308,1.79769313486232e+308
160,"7/21/99",1,630141,2,2,1,17,0,0,10,0,1.79769313486232e+308,1.79769313486232e+308,1.79769313486232e+308
170,"7/21/99",1,630151,4,4,1,13,0,0,1,4,1.79769313486232e+308,1.79769313486232e+308,1.79769313486232e+308
1.79769313486232e+308,".",1.79769313486232e+308,630151,5,4,2,1.79769313486232e+308,1.79769313486232e+308,1.79769313486232e+308,1.79769313486232e+308,1.79769313486232e+308,1.79769313486232e+308,1.79769313486232e+308,1.79769313486232e+308
151,"7/21/99",1,630211,2,2,1,12,0,0,2,20,1.79769313486232e+308,1.79769313486232e+308,1.79769313486232e+308
1.79769313486232e+308,".",1.79769313486232e+308,630211,3,2,2,1.79769313486232e+308,1.79769313486232e+308,1.79769313486232e+308,1.79769313486232e+308,1.79769313486232e+308,1.79769313486232e+308,1.79769313486232e+308,1.79769313486232e+308
161,"7/21/99",1,630241,2,2,1,18,0,0,12,0,1.79769313486232e+308,1.79769313486232e+308,1.79769313486232e+308
162,"7/21/99",1,630242,2,2,1,17,20000,0,1.5,4,1.79769313486232e+308,1.79769313486232e+308,1.79769313486232e+308
171,"7/21/99",1,630251,2,2,1,15,0,0,0,0,1.79769313486232e+308,1.79769313486232e+308,1.79769313486232e+308
1.79769313486232e+308,".",1.79769313486232e+308,630251,5,2,2,1.79769313486232e+308,1.79769313486232e+308,1.79769313486232e+308,1.79769313486232e+308,1.79769313486232e+308,1.79769313486232e+308,1.79769313486232e+308,1.79769313486232e+308
1.79769313486232e+308,".",1.79769313486232e+308,630251,6,2,2,1.79769313486232e+308,1.79769313486232e+308,1.79769313486232e+308,1.79769313486232e+308,1.79769313486232e+308,1.79769313486232e+308,1.79769313486232e+308,1.79769313486232e+308
172,"7/21/99",1,630252,2,2,1,16,0,0,1.5,2,1.79769313486232e+308,1.79769313486232e+308,1.79769313486232e+308
29,"8/04/99",1,630311,2,2,1,16,0,0,7,0,1.79769313486232e+308,1.79769313486232e+308,1.79769313486232e+308
163,"7/21/99",1,630341,2,2,1,12,0,0,8,0,1.79769313486232e+308,1.79769313486232e+308,1.79769313486232e+308
164,"7/21/99",1,630341,7,2,2,1.79769313486232e+308,1.79769313486232e+308,1.79769313486232e+308,1.79769313486232e+308,1.79769313486232e+308,1.79769313486232e+308,1.79769313486232e+308,1.79769313486232e+308
165,"7/21/99",1,630341,8,2,2,1.79769313486232e+308,1.79769313486232e+308,1.79769313486232e+308,1.79769313486232e+308,1.79769313486232e+308,1.79769313486232e+308,1.79769313486232e+308,1.79769313486232e+308
166,"7/21/99",1,630341,9,2,2,1.79769313486232e+308,1.79769313486232e+308,1.79769313486232e+308,1.79769313486232e+308,1.79769313486232e+308,1.79769313486232e+308,1.79769313486232e+308,1.79769313486232e+308
167,"7/21/99",1,630342,2,2,1,10,0,0,2,48,1.79769313486232e+308,1.79769313486232e+308,1.79769313486232e+308
173,"7/21/99",1,630351,5,1,1,18,0,0,1,12,1.79769313486232e+308,1.79769313486232e+308,1.79769313486232e+308
174,"7/21/99",1,630352,1.79769313486232e+308,1.79769313486232e+308,1.79769313486232e+308,1.79769313486232e+308,1.79769313486232e+308,1.79769313486232e+308,1.79769313486232e+308,1.79769313486232e+308,1.79769313486232e+308,1.79769313486232e+308,1.79769313486232e+308
30,"8/04/99",1,630411,2,2,1,12,0,0,10,18,1.79769313486232e+308,1.79769313486232e+308,1.79769313486232e+308
1.79769313486232e+308,".",1.79769313486232e+308,630411,4,1.79769313486232e+308,2,1.79769313486232e+308,1.79769313486232e+308,1.79769313486232e+308,1.79769313486232e+308,1.79769313486232e+308,1.79769313486232e+308,1.79769313486232e+308,1.79769313486232e+308
168,"7/21/99",1,630441,2,2,1,14,0,0,6,0,1.79769313486232e+308,1.79769313486232e+308,1.79769313486232e+308
1.79769313486232e+308,".",1.79769313486232e+308,630441,3,2,2,1.79769313486232e+308,1.79769313486232e+308,1.79769313486232e+308,1.79769313486232e+308,1.79769313486232e+308,1.79769313486232e+308,1.79769313486232e+308,1.79769313486232e+308
176,"7/21/99",1,630459,4,4,1,16,0,0,5,7,1.79769313486232e+308,1.79769313486232e+308,1.79769313486232e+308
177,"7/21/99",1,630459,5,5,1,17,0,0,10,0,2,1998,1.79769313486232e+308
1.79769313486232e+308,".",1.79769313486232e+308,630459,7,2,2,1.79769313486232e+308,1.79769313486232e+308,1.79769313486232e+308,1.79769313486232e+308,1.79769313486232e+308,1.79769313486232e+308,1.79769313486232e+308,1.79769313486232e+308
152,"7/21/99",1,630511,2,2,1,15,0,0,4,0,1.79769313486232e+308,1.79769313486232e+308,1.79769313486232e+308
153,"7/21/99",1,630512,2,2,1,16,10000,0,3,0,1.79769313486232e+308,1.79769313486232e+308,1.79769313486232e+308
154,"7/21/99",1,630513,2,2,1,16,0,0,7,0,1.79769313486232e+308,1.79769313486232e+308,1.79769313486232e+308
169,"7/21/99",1,630541,2,2,1,12,0,0,6,4,1.79769313486232e+308,1.79769313486232e+308,1.79769313486232e+308
1.79769313486232e+308,".",1.79769313486232e+308,630541,4,2,2,1.79769313486232e+308,1.79769313486232e+308,1.79769313486232e+308,1.79769313486232e+308,1.79769313486232e+308,1.79769313486232e+308,1.79769313486232e+308,1.79769313486232e+308
155,"7/21/99",1,630611,1.79769313486232e+308,1.79769313486232e+308,1.79769313486232e+308,1.79769313486232e+308,1.79769313486232e+308,1.79769313486232e+308,1.79769313486232e+308,1.79769313486232e+308,1.79769313486232e+308,1.79769313486232e+308,1.79769313486232e+308
156,"7/21/99",1,630711,4,4,1,13,0,0,0,4,1.79769313486232e+308,1.79769313486232e+308,1.79769313486232e+308
31,"8/04/99",1,630811,2,2,1,15,0,0,7,2,1.79769313486232e+308,1.79769313486232e+308,1.79769313486232e+308
32,"8/04/99",1,630811,6,2,2,1.79769313486232e+308,1.79769313486232e+308,1.79769313486232e+308,1.79769313486232e+308,1.79769313486232e+308,1.79769313486232e+308,1.79769313486232e+308,1.79769313486232e+308
33,"8/04/99",1,630811,7,2,2,1.79769313486232e+308,1.79769313486232e+308,1.79769313486232e+308,1.79769313486232e+308,1.79769313486232e+308,1.79769313486232e+308,1.79769313486232e+308,1.79769313486232e+308
34,"8/04/99",1,630811,9,9,1,13,5000,0,5,36,1.79769313486232e+308,1.79769313486232e+308,1.79769313486232e+308
35,"8/04/99",1,630911,2,2,1,14,0,0,2,0,1.79769313486232e+308,1.79769313486232e+308,1.79769313486232e+308
1.79769313486232e+308,".",1.79769313486232e+308,630911,4,1.79769313486232e+308,2,1.79769313486232e+308,1.79769313486232e+308,1.79769313486232e+308,1.79769313486232e+308,1.79769313486232e+308,1.79769313486232e+308,1.79769313486232e+308,1.79769313486232e+308
157,"7/21/99",1,631011,2,2,1,13,0,0,1,12,1.79769313486232e+308,1.79769313486232e+308,1.79769313486232e+308
1.79769313486232e+308,".",1.79769313486232e+308,631011,5,2,2,1.79769313486232e+308,1.79769313486232e+308,1.79769313486232e+308,1.79769313486232e+308,1.79769313486232e+308,1.79769313486232e+308,1.79769313486232e+308,1.79769313486232e+308
1.79769313486232e+308,".",1.79769313486232e+308,631011,6,2,2,1.79769313486232e+308,1.79769313486232e+308,1.79769313486232e+308,1.79769313486232e+308,1.79769313486232e+308,1.79769313486232e+308,1.79769313486232e+308,1.79769313486232e+308
158,"7/21/99",1,631111,2,2,1,13,0,0,30,0,1.79769313486232e+308,1.79769313486232e+308,1.79769313486232e+308
159,"7/21/99",1,631211,2,2,1,15,0,0,1,0,1.79769313486232e+308,1.79769313486232e+308,1.79769313486232e+308
1.79769313486232e+308,".",1.79769313486232e+308,631211,4,2,2,1.79769313486232e+308,1.79769313486232e+308,1.79769313486232e+308,1.79769313486232e+308,1.79769313486232e+308,1.79769313486232e+308,1.79769313486232e+308,1.79769313486232e+308
63,"6/06/99",1,710111,2,1,1,14,0,0,0.25,0,1.79769313486232e+308,1.79769313486232e+308,1.79769313486232e+308
83,"6/07/99",1,710141,1.79769313486232e+308,1.79769313486232e+308,1.79769313486232e+308,1.79769313486232e+308,1.79769313486232e+308,1.79769313486232e+308,1.79769313486232e+308,1.79769313486232e+308,1.79769313486232e+308,1.79769313486232e+308,1.79769313486232e+308
87,"6/07/99",1,710151,2,1,1,20,50000,5000,4,0,1.79769313486232e+308,1.79769313486232e+308,1.79769313486232e+308
64,"6/07/99",1,710211,6,2,1,18,0,0,10,0,1.79769313486232e+308,1.79769313486232e+308,1.79769313486232e+308
84,"6/07/99",1,710241,2,2,1,16,0,0,4,0,1.79769313486232e+308,1.79769313486232e+308,1.79769313486232e+308
88,"6/07/99",1,710251,2,2,1,16,0,0,5,0,1.79769313486232e+308,1.79769313486232e+308,1.79769313486232e+308
1.79769313486232e+308,"8/21/99",1,710251,5,2,2,1.79769313486232e+308,1.79769313486232e+308,1.79769313486232e+308,1.79769313486232e+308,1.79769313486232e+308,1.79769313486232e+308,1.79769313486232e+308,1.79769313486232e+308
65,"6/07/99",1,710311,4,2,1,18,0,0,7,0,1.79769313486232e+308,1.79769313486232e+308,1.79769313486232e+308
66,"6/07/99",1,710311,12,2,1,15,0,0,1,0,1.79769313486232e+308,1.79769313486232e+308,1.79769313486232e+308
89,"6/07/99",1,710351,2,2,1,16,0,0,7,0,1.79769313486232e+308,1.79769313486232e+308,1.79769313486232e+308
67,"6/07/99",1,710411,2,2,1,18,0,0,6,0,1.79769313486232e+308,1.79769313486232e+308,1.79769313486232e+308
90,"6/07/99",1,710459,5,5,1,17,5000,0,9,0,1.79769313486232e+308,1.79769313486232e+308,1.79769313486232e+308
1.79769313486232e+308,"8/21/99",1,710459,7,5,2,1.79769313486232e+308,1.79769313486232e+308,1.79769313486232e+308,1.79769313486232e+308,1.79769313486232e+308,1.79769313486232e+308,1.79769313486232e+308,1.79769313486232e+308
85,"6/07/99",1,710541,1.79769313486232e+308,1.79769313486232e+308,1.79769313486232e+308,1.79769313486232e+308,1.79769313486232e+308,1.79769313486232e+308,1.79769313486232e+308,1.79769313486232e+308,1.79769313486232e+308,1.79769313486232e+308,1.79769313486232e+308
86,"6/07/99",1,710542,2,2,1,15,0,0,1,0,1.79769313486232e+308,1.79769313486232e+308,1.79769313486232e+308
68,"6/07/99",1,710611,2,2,1,16,0,0,100,0,1.79769313486232e+308,1.79769313486232e+308,1.79769313486232e+308
69,"6/07/99",1,710711,2,2,1,15,0,0,60,0,1.79769313486232e+308,1.79769313486232e+308,1.79769313486232e+308
70,"6/07/99",1,710711,3,2,2,1.79769313486232e+308,1.79769313486232e+308,1.79769313486232e+308,1.79769313486232e+308,1.79769313486232e+308,1.79769313486232e+308,1.79769313486232e+308,1.79769313486232e+308
71,"6/07/99",1,710811,2,2,1,14,1000,0,4,0,1.79769313486232e+308,1.79769313486232e+308,1.79769313486232e+308
72,"6/07/99",1,710911,7,7,1,17,0,0,50,0,1.79769313486232e+308,1.79769313486232e+308,1.79769313486232e+308
73,"6/07/99",1,710911,10,1,1,16,0,6000,55,0,1.79769313486232e+308,1.79769313486232e+308,1.79769313486232e+308
74,"6/07/99",1,710912,2,2,1,12,0,0,4,0,1.79769313486232e+308,1.79769313486232e+308,1.79769313486232e+308
75,"6/07/99",1,711011,1,1,1,17,0,0,8,0,1,1980,1
76,"6/07/99",1,711111,2,2,1,8,0,0,0.5,0,1.79769313486232e+308,1.79769313486232e+308,1.79769313486232e+308
77,"6/07/99",1,711111,6,2,2,1.79769313486232e+308,1.79769313486232e+308,1.79769313486232e+308,1.79769313486232e+308,1.79769313486232e+308,1.79769313486232e+308,1.79769313486232e+308,1.79769313486232e+308
78,"6/07/99",1,711211,4,2,2,1.79769313486232e+308,1.79769313486232e+308,1.79769313486232e+308,1.79769313486232e+308,1.79769313486232e+308,1.79769313486232e+308,1.79769313486232e+308,1.79769313486232e+308
79,"6/07/99",1,711211,5,2,2,1.79769313486232e+308,1.79769313486232e+308,1.79769313486232e+308,1.79769313486232e+308,1.79769313486232e+308,1.79769313486232e+308,1.79769313486232e+308,1.79769313486232e+308
80,"6/07/99",1,711311,2,2,1,20,250,0,15,0,1.79769313486232e+308,1.79769313486232e+308,1.79769313486232e+308
81,"6/07/99",1,711411,7,7,1,18,4000,0,2,0,1.79769313486232e+308,1.79769313486232e+308,1.79769313486232e+308
82,"6/07/99",1,711412,1,1,1,14,0,0,25,0,1.79769313486232e+308,1.79769313486232e+308,1.79769313486232e+308
148,"6/09/99",1,720111,2,2,1,15,19000,0,2,0,1.79769313486232e+308,1.79769313486232e+308,1.79769313486232e+308
170,"6/17/99",1,720141,2,2,1,15,0,0,4,0,1.79769313486232e+308,1.79769313486232e+308,1.79769313486232e+308
1.79769313486232e+308,"9/01/99",1,720141,7,7,2,1.79769313486232e+308,1.79769313486232e+308,1.79769313486232e+308,1.79769313486232e+308,1.79769313486232e+308,1.79769313486232e+308,1.79769313486232e+308,1.79769313486232e+308
174,"6/17/99",1,720151,6,6,1,16,0,0,22,0,1.79769313486232e+308,1.79769313486232e+308,1.79769313486232e+308
149,"6/17/99",1,720212,2,2,1,17,8000,0,10,0,1.79769313486232e+308,1.79769313486232e+308,1.79769313486232e+308
171,"6/17/99",1,720241,2,2,1,13,0,0,24,0,1,1999,2
1.79769313486232e+308,"9/01/99",1,720241,5,2,2,1.79769313486232e+308,1.79769313486232e+308,1.79769313486232e+308,1.79769313486232e+308,1.79769313486232e+308,1.79769313486232e+308,1.79769313486232e+308,1.79769313486232e+308
175,"6/17/99",1,720251,2,2,1,16,0,0,400,0,1.79769313486232e+308,1.79769313486232e+308,1.79769313486232e+308
176,"6/17/99",1,720251,4,2,2,1.79769313486232e+308,1.79769313486232e+308,1.79769313486232e+308,1.79769313486232e+308,1.79769313486232e+308,1.79769313486232e+308,1.79769313486232e+308,1.79769313486232e+308
150,"6/17/99",1,720311,1.79769313486232e+308,1.79769313486232e+308,1.79769313486232e+308,1.79769313486232e+308,1.79769313486232e+308,1.79769313486232e+308,1.79769313486232e+308,1.79769313486232e+308,1.79769313486232e+308,1.79769313486232e+308,1.79769313486232e+308
151,"6/17/99",1,720312,2,2,1,16,10000,2000,9,0,1.79769313486232e+308,1.79769313486232e+308,1.79769313486232e+308
152,"6/17/99",1,720313,2,2,1,17,0,0,0.5,0,1.79769313486232e+308,1.79769313486232e+308,1.79769313486232e+308
177,"6/17/99",1,720351,6,6,1,16,0,0,4,0,1.79769313486232e+308,1.79769313486232e+308,1.79769313486232e+308
178,"6/17/99",1,720351,7,7,1,16,0,0,10,0,1.79769313486232e+308,1.79769313486232e+308,1.79769313486232e+308
153,"6/17/99",1,720411,6,2,2,1.79769313486232e+308,1.79769313486232e+308,1.79769313486232e+308,1.79769313486232e+308,1.79769313486232e+308,1.79769313486232e+308,1.79769313486232e+308,1.79769313486232e+308
154,"6/17/99",1,720412,2,2,1,20,9000,3000,7,0,1.79769313486232e+308,1.79769313486232e+308,1.79769313486232e+308
172,"6/17/99",1,720441,2,2,1,16,0,0,15,0,1.79769313486232e+308,1.79769313486232e+308,1.79769313486232e+308
1.79769313486232e+308,"9/01/99",1,720441,4,2,2,1.79769313486232e+308,1.79769313486232e+308,1.79769313486232e+308,1.79769313486232e+308,1.79769313486232e+308,1.79769313486232e+308,1.79769313486232e+308,1.79769313486232e+308
1.79769313486232e+308,"9/01/99",1,720441,5,2,2,1.79769313486232e+308,1.79769313486232e+308,1.79769313486232e+308,1.79769313486232e+308,1.79769313486232e+308,1.79769313486232e+308,1.79769313486232e+308,1.79769313486232e+308
179,"6/17/99",1,720459,2,2,1,20,0,0,5,0,1.79769313486232e+308,1.79769313486232e+308,1.79769313486232e+308
180,"6/17/99",1,720459,6,2,2,1.79769313486232e+308,1.79769313486232e+308,1.79769313486232e+308,1.79769313486232e+308,1.79769313486232e+308,1.79769313486232e+308,1.79769313486232e+308,1.79769313486232e+308
181,"6/17/99",1,720459,7,2,2,1.79769313486232e+308,1.79769313486232e+308,1.79769313486232e+308,1.79769313486232e+308,1.79769313486232e+308,1.79769313486232e+308,1.79769313486232e+308,1.79769313486232e+308
182,"6/17/99",1,720459,8,1,1,17,15000,0,3,0,1.79769313486232e+308,1.79769313486232e+308,1.79769313486232e+308
155,"6/17/99",1,720511,2,2,1,15,0,0,2,0,1,1992,10
156,"6/17/99",1,720611,2,2,1,17,5000,2000,1,0,1.79769313486232e+308,1.79769313486232e+308,1.79769313486232e+308
173,"6/17/99",1,720641,2,2,1,14,0,0,30,0,1.79769313486232e+308,1.79769313486232e+308,1.79769313486232e+308
157,"6/17/99",1,720711,2,2,1,13,0,0,1,0,1.79769313486232e+308,1.79769313486232e+308,1.79769313486232e+308
158,"6/17/99",1,720711,5,2,2,1.79769313486232e+308,1.79769313486232e+308,1.79769313486232e+308,1.79769313486232e+308,1.79769313486232e+308,1.79769313486232e+308,1.79769313486232e+308,1.79769313486232e+308
159,"6/17/99",1,720811,1,1,1,15,0,0,15,0,1,1984,7
160,"6/17/99",1,720812,2,2,1,15,6000,0,12,0,1.79769313486232e+308,1.79769313486232e+308,1.79769313486232e+308
161,"6/17/99",1,720911,2,2,1,16,0,0,10,0,1.79769313486232e+308,1.79769313486232e+308,1.79769313486232e+308
162,"6/17/99",1,720911,4,2,2,1.79769313486232e+308,1.79769313486232e+308,1.79769313486232e+308,1.79769313486232e+308,1.79769313486232e+308,1.79769313486232e+308,1.79769313486232e+308,1.79769313486232e+308
163,"6/17/99",1,721011,2,2,1,15,0,0,0.5,0,1.79769313486232e+308,1.79769313486232e+308,1.79769313486232e+308
164,"6/17/99",1,721011,5,2,2,1.79769313486232e+308,1.79769313486232e+308,1.79769313486232e+308,1.79769313486232e+308,1.79769313486232e+308,1.79769313486232e+308,1.79769313486232e+308,1.79769313486232e+308
165,"6/17/99",1,721111,2,2,1,13,500,0,2,0,1.79769313486232e+308,1.79769313486232e+308,1.79769313486232e+308
1.79769313486232e+308,"9/01/99",1,721111,4,4,2,1.79769313486232e+308,1.79769313486232e+308,1.79769313486232e+308,1.79769313486232e+308,1.79769313486232e+308,1.79769313486232e+308,1.79769313486232e+308,1.79769313486232e+308
166,"6/17/99",1,721211,2,2,1,15,0,0,1,12,1.79769313486232e+308,1.79769313486232e+308,1.79769313486232e+308
167,"6/17/99",1,721211,4,2,2,1.79769313486232e+308,1.79769313486232e+308,1.79769313486232e+308,1.79769313486232e+308,1.79769313486232e+308,1.79769313486232e+308,1.79769313486232e+308,1.79769313486232e+308
168,"6/17/99",1,721311,2,2,1,10,0,0,0.5,0,1.79769313486232e+308,1.79769313486232e+308,1.79769313486232e+308
169,"6/17/99",1,721411,2,2,1,11,0,0,4,0,1.79769313486232e+308,1.79769313486232e+308,1.79769313486232e+308
71,"8/04/99",1,730111,2,2,1,17,0,0,7,0,1.79769313486232e+308,1.79769313486232e+308,1.79769313486232e+308
72,"8/08/99",1,730111,5,2,2,1.79769313486232e+308,1.79769313486232e+308,1.79769313486232e+308,1.79769313486232e+308,1.79769313486232e+308,1.79769313486232e+308,1.79769313486232e+308,1.79769313486232e+308
96,"8/08/99",1,730141,2,2,1,16,8000,0,1.5,0,1.79769313486232e+308,1.79769313486232e+308,1.79769313486232e+308
106,"8/08/99",1,730151,5,5,1,17,0,0,9,0,1.79769313486232e+308,1.79769313486232e+308,1.79769313486232e+308
107,"8/08/99",1,730151,7,7,1,15,0,0,12,0,1.79769313486232e+308,1.79769313486232e+308,1.79769313486232e+308
73,"8/08/99",1,730211,5,5,1,16,5000,0,6,0,1.79769313486232e+308,1.79769313486232e+308,1.79769313486232e+308
97,"8/08/99",1,730241,2,2,1,15,0,0,1,0,1.79769313486232e+308,1.79769313486232e+308,1.79769313486232e+308
98,"8/08/99",1,730241,3,2,2,1.79769313486232e+308,1.79769313486232e+308,1.79769313486232e+308,1.79769313486232e+308,1.79769313486232e+308,1.79769313486232e+308,1.79769313486232e+308,1.79769313486232e+308
99,"8/08/99",1,730241,5,2,2,1.79769313486232e+308,1.79769313486232e+308,1.79769313486232e+308,1.79769313486232e+308,1.79769313486232e+308,1.79769313486232e+308,1.79769313486232e+308,1.79769313486232e+308
108,"8/08/99",1,730251,2,2,1,16,0,0,1,0,1.79769313486232e+308,1.79769313486232e+308,1.79769313486232e+308
1.79769313486232e+308,".",1.79769313486232e+308,730251,3,1.79769313486232e+308,2,1.79769313486232e+308,1.79769313486232e+308,1.79769313486232e+308,1.79769313486232e+308,1.79769313486232e+308,1.79769313486232e+308,1.79769313486232e+308,1.79769313486232e+308
1.79769313486232e+308,".",1.79769313486232e+308,730251,4,1.79769313486232e+308,2,1.79769313486232e+308,1.79769313486232e+308,1.79769313486232e+308,1.79769313486232e+308,1.79769313486232e+308,1.79769313486232e+308,1.79769313486232e+308,1.79769313486232e+308
1.79769313486232e+308,".",1.79769313486232e+308,730251,5,1.79769313486232e+308,2,1.79769313486232e+308,1.79769313486232e+308,1.79769313486232e+308,1.79769313486232e+308,1.79769313486232e+308,1.79769313486232e+308,1.79769313486232e+308,1.79769313486232e+308
74,"8/08/99",1,730311,2,2,1,17,0,0,6,0,1.79769313486232e+308,1.79769313486232e+308,1.79769313486232e+308
75,"8/08/99",1,730311,4,4,1,13,800,0,3,18,1.79769313486232e+308,1.79769313486232e+308,1.79769313486232e+308
76,"8/08/99",1,730311,5,2,2,1.79769313486232e+308,1.79769313486232e+308,1.79769313486232e+308,1.79769313486232e+308,1.79769313486232e+308,1.79769313486232e+308,1.79769313486232e+308,1.79769313486232e+308
100,"8/08/99",1,730341,2,2,1,15,3000,0,7,0,1.79769313486232e+308,1.79769313486232e+308,1.79769313486232e+308
109,"8/08/99",1,730351,3,3,1,18,0,0,0.25,0,1.79769313486232e+308,1.79769313486232e+308,1.79769313486232e+308
77,"8/08/99",1,730411,2,2,1,14,2500,0,2,0,1.79769313486232e+308,1.79769313486232e+308,1.79769313486232e+308
101,"8/08/99",1,730441,2,2,1,17,5000,0,2,0,1.79769313486232e+308,1.79769313486232e+308,1.79769313486232e+308
110,"8/08/99",1,730459,2,2,1,18,0,0,1.5,0,1.79769313486232e+308,1.79769313486232e+308,1.79769313486232e+308
78,"8/08/99",1,730511,2,2,1,15,2000,0,2,0,1.79769313486232e+308,1.79769313486232e+308,1.79769313486232e+308
102,"8/08/99",1,730541,2,2,1,16,4000,0,25,0,1.79769313486232e+308,1.79769313486232e+308,1.79769313486232e+308
79,"8/08/99",1,730611,2,2,1,16,0,0,1.5,0,1.79769313486232e+308,1.79769313486232e+308,1.79769313486232e+308
80,"8/08/99",1,730611,7,7,1,16,15000,0,1,0,1.79769313486232e+308,1.79769313486232e+308,1.79769313486232e+308
81,"8/08/99",1,730612,2,2,1,16,5000,0,2,0,1.79769313486232e+308,1.79769313486232e+308,1.79769313486232e+308
103,"8/08/99",1,730641,5,6,2,1.79769313486232e+308,1.79769313486232e+308,1.79769313486232e+308,1.79769313486232e+308,1.79769313486232e+308,1.79769313486232e+308,1.79769313486232e+308,1.79769313486232e+308
104,"8/08/99",1,730642,2,2,1,19,10000,0,5,6,1.79769313486232e+308,1.79769313486232e+308,1.79769313486232e+308
105,"8/08/99",1,730643,2,2,1,17,50000,0,7,0,1.79769313486232e+308,1.79769313486232e+308,1.79769313486232e+308
82,"8/08/99",1,730711,1.79769313486232e+308,1.79769313486232e+308,1.79769313486232e+308,1.79769313486232e+308,1.79769313486232e+308,1.79769313486232e+308,1.79769313486232e+308,1.79769313486232e+308,1.79769313486232e+308,1.79769313486232e+308,1.79769313486232e+308
83,"8/08/99",1,730712,2,2,1,15,0,0,9,8,1.79769313486232e+308,1.79769313486232e+308,1.79769313486232e+308
84,"8/08/99",1,730811,2,2,1,13,1200,0,0.5,2,1.79769313486232e+308,1.79769313486232e+308,1.79769313486232e+308
85,"8/08/99",1,730911,2,2,1,10,4000,0,12,0,1.79769313486232e+308,1.79769313486232e+308,1.79769313486232e+308
86,"8/08/99",1,731011,3,2,1,19,5000,150,12,0,1.79769313486232e+308,1.79769313486232e+308,1.79769313486232e+308
87,"8/08/99",1,731111,2,2,1,16,0,0,0.5,0,1.79769313486232e+308,1.79769313486232e+308,1.79769313486232e+308
88,"8/08/99",1,731211,6,6,1,17,0,0,7,0,1.79769313486232e+308,1.79769313486232e+308,1.79769313486232e+308
89,"8/08/99",1,731311,4,4,1,17,7000,0,3,0,1.79769313486232e+308,1.79769313486232e+308,1.79769313486232e+308
90,"8/08/99",1,731411,8,1,2,1.79769313486232e+308,1.79769313486232e+308,1.79769313486232e+308,1.79769313486232e+308,1.79769313486232e+308,1.79769313486232e+308,1.79769313486232e+308,1.79769313486232e+308
91,"8/08/99",1,731411,9,1,2,1.79769313486232e+308,1.79769313486232e+308,1.79769313486232e+308,1.79769313486232e+308,1.79769313486232e+308,1.79769313486232e+308,1.79769313486232e+308,1.79769313486232e+308
92,"8/08/99",1,731412,2,2,1,18,0,0,12,0,1.79769313486232e+308,1.79769313486232e+308,1.79769313486232e+308
93,"8/08/99",1,731413,1,1,1,16,15000,0,50,221,1.79769313486232e+308,1.79769313486232e+308,1.79769313486232e+308
94,"8/08/99",1,731414,2,2,1,16,6000,0,7,0,1.79769313486232e+308,1.79769313486232e+308,1.79769313486232e+308
95,"8/08/99",1,731415,2,2,1,16,5000,0,2,0,1.79769313486232e+308,1.79769313486232e+308,1.79769313486232e+308
84,"8/25/99",1,740119,2,2,1,16,0,0,0.5,0,1.79769313486232e+308,1.79769313486232e+308,1.79769313486232e+308
99,"9/01/99",1,740149,2,2,1,17,0,0,0.5,0,1.79769313486232e+308,1.79769313486232e+308,1.79769313486232e+308
105,"9/01/99",1,740159,2,2,1,16,0,0,12,0,1.79769313486232e+308,1.79769313486232e+308,1.79769313486232e+308
85,"9/01/99",1,740219,1,1,1,14,0,0,9,0,1,1989,7
100,"9/01/99",1,740249,2,2,1,18,16000,0,6,0,1.79769313486232e+308,1.79769313486232e+308,1.79769313486232e+308
106,"9/01/99",1,740259,2,2,1,18,0,0,3,0,1.79769313486232e+308,1.79769313486232e+308,1.79769313486232e+308
86,"9/01/99",1,740319,2,2,1,14,0,0,5,0,1.79769313486232e+308,1.79769313486232e+308,1.79769313486232e+308
101,"9/01/99",1,740349,2,2,1,14,0,0,4,0,1.79769313486232e+308,1.79769313486232e+308,1.79769313486232e+308
102,"9/01/99",1,740349,3,3,1,16,0,0,50,0,1.79769313486232e+308,1.79769313486232e+308,1.79769313486232e+308
107,"9/01/99",1,740359,5,2,2,1.79769313486232e+308,1.79769313486232e+308,1.79769313486232e+308,1.79769313486232e+308,1.79769313486232e+308,1.79769313486232e+308,1.79769313486232e+308,1.79769313486232e+308
87,"9/01/99",1,740419,2,2,1,16,3000,0,0.5,0,1.79769313486232e+308,1.79769313486232e+308,1.79769313486232e+308
103,"9/01/99",1,740449,2,2,1,15,0,0,8,0,1.79769313486232e+308,1.79769313486232e+308,1.79769313486232e+308
108,"9/01/99",1,740459,2,2,1,14,0,0,7,0,1.79769313486232e+308,1.79769313486232e+308,1.79769313486232e+308
88,"9/01/99",1,740519,2,2,1,14,0,0,0.119999997317791,0,1.79769313486232e+308,1.79769313486232e+308,1.79769313486232e+308
89,"9/01/99",1,740519,4,2,2,1.79769313486232e+308,1.79769313486232e+308,1.79769313486232e+308,1.79769313486232e+308,1.79769313486232e+308,1.79769313486232e+308,1.79769313486232e+308,1.79769313486232e+308
90,"9/01/99",1,740519,5,2,2,1.79769313486232e+308,1.79769313486232e+308,1.79769313486232e+308,1.79769313486232e+308,1.79769313486232e+308,1.79769313486232e+308,1.79769313486232e+308,1.79769313486232e+308
91,"9/01/99",1,740519,6,2,2,1.79769313486232e+308,1.79769313486232e+308,1.79769313486232e+308,1.79769313486232e+308,1.79769313486232e+308,1.79769313486232e+308,1.79769313486232e+308,1.79769313486232e+308
104,"9/01/99",1,740549,2,2,1,15,0,0,0.25,0,1.79769313486232e+308,1.79769313486232e+308,1.79769313486232e+308
109,"9/01/99",1,740559,7,2,2,1.79769313486232e+308,1.79769313486232e+308,1.79769313486232e+308,1.79769313486232e+308,1.79769313486232e+308,1.79769313486232e+308,1.79769313486232e+308,1.79769313486232e+308
92,"9/01/99",1,740619,2,2,1,14,2500,0,0.119999997317791,0,1.79769313486232e+308,1.79769313486232e+308,1.79769313486232e+308
93,"9/01/99",1,740719,2,2,1,15,0,0,0.25,0,1.79769313486232e+308,1.79769313486232e+308,1.79769313486232e+308
94,"9/01/99",1,740719,3,2,2,1.79769313486232e+308,1.79769313486232e+308,1.79769313486232e+308,1.79769313486232e+308,1.79769313486232e+308,1.79769313486232e+308,1.79769313486232e+308,1.79769313486232e+308
95,"9/01/99",1,740819,2,2,1,13,4000,1000,3,0,1.79769313486232e+308,1.79769313486232e+308,1.79769313486232e+308
96,"9/01/99",1,740919,2,2,1,19,6000,0,6,0,1.79769313486232e+308,1.79769313486232e+308,1.79769313486232e+308
97,"9/01/99",1,741019,2,2,1,12,0,0,0.25,0,1.79769313486232e+308,1.79769313486232e+308,1.79769313486232e+308
98,"9/01/99",1,741019,5,2,2,1.79769313486232e+308,1.79769313486232e+308,1.79769313486232e+308,1.79769313486232e+308,1.79769313486232e+308,1.79769313486232e+308,1.79769313486232e+308,1.79769313486232e+308
307,"6/28/99",1,810111,2,2,1,13,0,0,2,0,1.79769313486232e+308,1.79769313486232e+308,1.79769313486232e+308
323,"6/28/99",1,810141,2,2,1,20,600,0,0.5,0,1.79769313486232e+308,1.79769313486232e+308,1.79769313486232e+308
330,"6/28/99",1,810151,2,2,1,16,2500,0,0.5,24,1.79769313486232e+308,1.79769313486232e+308,1.79769313486232e+308
308,"6/28/99",1,810211,2,2,1,15,0,0,3,0,1.79769313486232e+308,1.79769313486232e+308,1.79769313486232e+308
309,"6/28/99",1,810211,7,2,1,17,0,0,5,10,1.79769313486232e+308,1.79769313486232e+308,1.79769313486232e+308
310,"6/28/99",1,810211,8,2,2,1.79769313486232e+308,1.79769313486232e+308,1.79769313486232e+308,1.79769313486232e+308,1.79769313486232e+308,1.79769313486232e+308,1.79769313486232e+308,1.79769313486232e+308
324,"6/28/99",1,810241,2,2,1,19,0,0,3,0,1.79769313486232e+308,1.79769313486232e+308,1.79769313486232e+308
325,"6/28/99",1,810241,3,3,2,1.79769313486232e+308,1.79769313486232e+308,1.79769313486232e+308,1.79769313486232e+308,1.79769313486232e+308,1.79769313486232e+308,1.79769313486232e+308,1.79769313486232e+308
331,"6/28/99",1,810251,8,8,1,18,0,0,0.5,0,1.79769313486232e+308,1.79769313486232e+308,1.79769313486232e+308
311,"6/28/99",1,810311,2,2,1,16,5000,0,14,24,1.79769313486232e+308,1.79769313486232e+308,1.79769313486232e+308
312,"6/28/99",1,810311,4,4,2,1.79769313486232e+308,1.79769313486232e+308,1.79769313486232e+308,1.79769313486232e+308,1.79769313486232e+308,1.79769313486232e+308,1.79769313486232e+308,1.79769313486232e+308
326,"6/28/99",1,810341,2,2,1,15,0,0,0.5,0,1.79769313486232e+308,1.79769313486232e+308,1.79769313486232e+308
332,"6/28/99",1,810351,2,2,1,17,1000,0,0.5,0,1.79769313486232e+308,1.79769313486232e+308,1.79769313486232e+308
333,"6/28/99",1,810351,3,3,2,1.79769313486232e+308,1.79769313486232e+308,1.79769313486232e+308,1.79769313486232e+308,1.79769313486232e+308,1.79769313486232e+308,1.79769313486232e+308,1.79769313486232e+308
313,"6/28/99",1,810411,2,2,1,16,400,0,4,0,1.79769313486232e+308,1.79769313486232e+308,1.79769313486232e+308
314,"6/28/99",1,810411,3,3,2,1.79769313486232e+308,1.79769313486232e+308,1.79769313486232e+308,1.79769313486232e+308,1.79769313486232e+308,1.79769313486232e+308,1.79769313486232e+308,1.79769313486232e+308
327,"6/28/99",1,810441,2,1,1,18,200,0,4,0,1.79769313486232e+308,1.79769313486232e+308,1.79769313486232e+308
328,"6/28/99",1,810441,5,1,2,1.79769313486232e+308,1.79769313486232e+308,1.79769313486232e+308,1.79769313486232e+308,1.79769313486232e+308,1.79769313486232e+308,1.79769313486232e+308,1.79769313486232e+308
334,"6/28/99",1,810459,4,4,1,16,10000,0,1,0,1.79769313486232e+308,1.79769313486232e+308,1.79769313486232e+308
335,"6/28/99",1,810459,5,5,2,1.79769313486232e+308,1.79769313486232e+308,1.79769313486232e+308,1.79769313486232e+308,1.79769313486232e+308,1.79769313486232e+308,1.79769313486232e+308,1.79769313486232e+308
329,"6/28/99",1,810541,2,2,1,18,2000,0,0.5,0,1.79769313486232e+308,1.79769313486232e+308,1.79769313486232e+308
315,"6/28/99",1,810711,2,2,1,16,1500,0,0.5,0,1.79769313486232e+308,1.79769313486232e+308,1.79769313486232e+308
316,"6/28/99",1,810811,2,2,1,15,0,0,2,0,1.79769313486232e+308,1.79769313486232e+308,1.79769313486232e+308
317,"6/28/99",1,811011,4,4,1,17,0,0,0.5,0,1.79769313486232e+308,1.79769313486232e+308,1.79769313486232e+308
318,"6/28/99",1,811111,2,2,1,18,0,0,0.5,0,1.79769313486232e+308,1.79769313486232e+308,1.79769313486232e+308
319,"6/28/99",1,811111,3,2,2,1.79769313486232e+308,1.79769313486232e+308,1.79769313486232e+308,1.79769313486232e+308,1.79769313486232e+308,1.79769313486232e+308,1.79769313486232e+308,1.79769313486232e+308
320,"6/28/99",1,811211,9,1,1,15,3500,0,2,0,1.79769313486232e+308,1.79769313486232e+308,1.79769313486232e+308
321,"6/28/99",1,811212,2,1,1,15,0,0,1,4,1.79769313486232e+308,1.79769313486232e+308,1.79769313486232e+308
322,"6/28/99",1,811213,2,1,1,15,3000,0,0.5,0,1.79769313486232e+308,1.79769313486232e+308,1.79769313486232e+308
452,"7/12/99",1,820111,2,2,1,21,13000,0,2,0,1.79769313486232e+308,1.79769313486232e+308,1.79769313486232e+308
471,"7/12/99",1,820141,2,2,1,15,0,0,5,0,1.79769313486232e+308,1.79769313486232e+308,1.79769313486232e+308
472,"7/12/99",1,820141,3,3,2,1.79769313486232e+308,1.79769313486232e+308,1.79769313486232e+308,1.79769313486232e+308,1.79769313486232e+308,1.79769313486232e+308,1.79769313486232e+308,1.79769313486232e+308
481,"7/12/99",1,820151,2,2,1,14,0,0,3,0,1.79769313486232e+308,1.79769313486232e+308,1.79769313486232e+308
482,"7/12/99",1,820151,5,5,1,16,0,0,1.5,0,1.79769313486232e+308,1.79769313486232e+308,1.79769313486232e+308
453,"7/12/99",1,820211,1.79769313486232e+308,1.79769313486232e+308,1.79769313486232e+308,1.79769313486232e+308,1.79769313486232e+308,1.79769313486232e+308,1.79769313486232e+308,1.79769313486232e+308,1.79769313486232e+308,1.79769313486232e+308,1.79769313486232e+308
473,"7/12/99",1,820241,2,1,1,16,12000,0,5,0,1.79769313486232e+308,1.79769313486232e+308,1.79769313486232e+308
474,"7/12/99",1,820241,3,1,2,1.79769313486232e+308,1.79769313486232e+308,1.79769313486232e+308,1.79769313486232e+308,1.79769313486232e+308,1.79769313486232e+308,1.79769313486232e+308,1.79769313486232e+308
483,"7/12/99",1,820251,2,2,1,17,10000,0,80,0,1.79769313486232e+308,1.79769313486232e+308,1.79769313486232e+308
484,"7/12/99",1,820251,3,2,2,1.79769313486232e+308,1.79769313486232e+308,1.79769313486232e+308,1.79769313486232e+308,1.79769313486232e+308,1.79769313486232e+308,1.79769313486232e+308,1.79769313486232e+308
485,"7/12/99",1,820251,4,2,2,1.79769313486232e+308,1.79769313486232e+308,1.79769313486232e+308,1.79769313486232e+308,1.79769313486232e+308,1.79769313486232e+308,1.79769313486232e+308,1.79769313486232e+308
454,"7/12/99",1,820311,2,2,1,18,1200,0,5,0,1.79769313486232e+308,1.79769313486232e+308,1.79769313486232e+308
475,"7/12/99",1,820341,2,2,1,16,0,0,0.25,0,1.79769313486232e+308,1.79769313486232e+308,1.79769313486232e+308
476,"7/12/99",1,820341,3,2,2,1.79769313486232e+308,1.79769313486232e+308,1.79769313486232e+308,1.79769313486232e+308,1.79769313486232e+308,1.79769313486232e+308,1.79769313486232e+308,1.79769313486232e+308
486,"7/12/99",1,820351,2,2,1,15,800,0,4,0,1.79769313486232e+308,1.79769313486232e+308,1.79769313486232e+308
487,"7/12/99",1,820351,3,3,1,15,6000,0,2,0,2,1998,6
455,"7/12/99",1,820411,2,2,1,13,8000,0,6,0,1.79769313486232e+308,1.79769313486232e+308,1.79769313486232e+308
456,"7/12/99",1,820412,2,2,1,17,6000,0,3,0,1.79769313486232e+308,1.79769313486232e+308,1.79769313486232e+308
457,"7/12/99",1,820413,2,2,1,15,15000,0,5,0,1.79769313486232e+308,1.79769313486232e+308,1.79769313486232e+308
477,"7/12/99",1,820441,2,2,1,16,0,0,0.5,0,1.79769313486232e+308,1.79769313486232e+308,1.79769313486232e+308
488,"7/12/99",1,820459,2,2,1,14,0,0,8,0,1.79769313486232e+308,1.79769313486232e+308,1.79769313486232e+308
489,"7/12/99",1,820459,3,3,2,1.79769313486232e+308,1.79769313486232e+308,1.79769313486232e+308,1.79769313486232e+308,1.79769313486232e+308,1.79769313486232e+308,1.79769313486232e+308,1.79769313486232e+308
490,"7/12/99",1,820459,5,5,2,1.79769313486232e+308,1.79769313486232e+308,1.79769313486232e+308,1.79769313486232e+308,1.79769313486232e+308,1.79769313486232e+308,1.79769313486232e+308,1.79769313486232e+308
458,"7/12/99",1,820511,2,2,1,16,0,0,8,0,1.79769313486232e+308,1.79769313486232e+308,1.79769313486232e+308
478,"7/12/99",1,820541,2,2,1,16,0,0,10,0,1.79769313486232e+308,1.79769313486232e+308,1.79769313486232e+308
479,"7/12/99",1,820541,4,4,2,1.79769313486232e+308,1.79769313486232e+308,1.79769313486232e+308,1.79769313486232e+308,1.79769313486232e+308,1.79769313486232e+308,1.79769313486232e+308,1.79769313486232e+308
480,"7/12/99",1,820542,2,2,1,16,0,0,20,0,1.79769313486232e+308,1.79769313486232e+308,1.79769313486232e+308
459,"7/12/99",1,820611,5,5,1,16,4000,0,15,0,1.79769313486232e+308,1.79769313486232e+308,1.79769313486232e+308
460,"7/12/99",1,820612,2,2,1,16,5000,0,22,0,1.79769313486232e+308,1.79769313486232e+308,1.79769313486232e+308
461,"7/12/99",1,820613,1.79769313486232e+308,1.79769313486232e+308,1.79769313486232e+308,1.79769313486232e+308,1.79769313486232e+308,1.79769313486232e+308,1.79769313486232e+308,1.79769313486232e+308,1.79769313486232e+308,1.79769313486232e+308,1.79769313486232e+308
462,"7/12/99",1,820711,2,2,1,15,800,0,3,0,1.79769313486232e+308,1.79769313486232e+308,1.79769313486232e+308
463,"7/12/99",1,820712,2,2,1,16,0,0,3,0,1.79769313486232e+308,1.79769313486232e+308,1.79769313486232e+308
464,"7/12/99",1,820811,1.79769313486232e+308,1.79769313486232e+308,1.79769313486232e+308,1.79769313486232e+308,1.79769313486232e+308,1.79769313486232e+308,1.79769313486232e+308,1.79769313486232e+308,1.79769313486232e+308,1.79769313486232e+308,1.79769313486232e+308
465,"7/12/99",1,820911,2,2,1,16,0,0,1.5,0,1.79769313486232e+308,1.79769313486232e+308,1.79769313486232e+308
466,"7/12/99",1,821011,2,2,1,17,13000,0,25,0,1.79769313486232e+308,1.79769313486232e+308,1.79769313486232e+308
467,"7/12/99",1,821012,2,2,1,12,1600,0,1,0,1.79769313486232e+308,1.79769313486232e+308,1.79769313486232e+308
468,"7/12/99",1,821111,2,2,1,16,0,0,2,0,1.79769313486232e+308,1.79769313486232e+308,1.79769313486232e+308
469,"7/12/99",1,821111,7,2,1,16,6000,0,2,0,1.79769313486232e+308,1.79769313486232e+308,1.79769313486232e+308
470,"7/12/99",1,821211,2,2,1,17,0,0,1,0,1.79769313486232e+308,1.79769313486232e+308,1.79769313486232e+308
67,"7/15/99",1,830111,2,2,1,16,0,0,1,0,1.79769313486232e+308,1.79769313486232e+308,1.79769313486232e+308
68,"7/15/99",1,830111,3,3,1,18,0,0,2,0,1.79769313486232e+308,1.79769313486232e+308,1.79769313486232e+308
69,"7/15/99",1,830111,4,4,2,1.79769313486232e+308,1.79769313486232e+308,1.79769313486232e+308,1.79769313486232e+308,1.79769313486232e+308,1.79769313486232e+308,1.79769313486232e+308,1.79769313486232e+308
87,"7/15/99",1,830141,4,4,1,16,5000,0,5,0,1.79769313486232e+308,1.79769313486232e+308,1.79769313486232e+308
92,"7/15/99",1,830151,2,2,1,17,0,0,4,0,1.79769313486232e+308,1.79769313486232e+308,1.79769313486232e+308
93,"7/15/99",1,830151,3,3,2,1.79769313486232e+308,1.79769313486232e+308,1.79769313486232e+308,1.79769313486232e+308,1.79769313486232e+308,1.79769313486232e+308,1.79769313486232e+308,1.79769313486232e+308
94,"7/15/99",1,830151,5,5,2,1.79769313486232e+308,1.79769313486232e+308,1.79769313486232e+308,1.79769313486232e+308,1.79769313486232e+308,1.79769313486232e+308,1.79769313486232e+308,1.79769313486232e+308
70,"7/15/99",1,830211,2,2,1,14,0,0,1,0,1.79769313486232e+308,1.79769313486232e+308,1.79769313486232e+308
95,"7/15/99",1,830251,2,2,1,13,400,0,0.100000001490116,14,1,1996,10
71,"7/15/99",1,830311,1.79769313486232e+308,1.79769313486232e+308,1.79769313486232e+308,1.79769313486232e+308,1.79769313486232e+308,1.79769313486232e+308,1.79769313486232e+308,1.79769313486232e+308,1.79769313486232e+308,1.79769313486232e+308,1.79769313486232e+308
88,"7/15/99",1,830341,2,2,1,16,600,0,4,0,1.79769313486232e+308,1.79769313486232e+308,1.79769313486232e+308
89,"7/15/99",1,830341,3,3,2,1.79769313486232e+308,1.79769313486232e+308,1.79769313486232e+308,1.79769313486232e+308,1.79769313486232e+308,1.79769313486232e+308,1.79769313486232e+308,1.79769313486232e+308
96,"7/15/99",1,830351,2,2,1,16,0,0,0.5,0,1.79769313486232e+308,1.79769313486232e+308,1.79769313486232e+308
72,"7/15/99",1,830411,2,2,1,6,0,0,7,75,1.79769313486232e+308,1.79769313486232e+308,1.79769313486232e+308
90,"7/15/99",1,830441,2,2,1,14,0,0,1.5,0,1.79769313486232e+308,1.79769313486232e+308,1.79769313486232e+308
97,"7/15/99",1,830459,2,2,1,14,0,0,0.5,0,1.79769313486232e+308,1.79769313486232e+308,1.79769313486232e+308
98,"7/15/99",1,830459,3,3,1,18,0,0,5,0,1,1998,12
99,"7/15/99",1,830459,9,9,1,16,0,0,3,0,1.79769313486232e+308,1.79769313486232e+308,1.79769313486232e+308
91,"7/15/99",1,830541,2,2,1,14,0,0,5,0,1.79769313486232e+308,1.79769313486232e+308,1.79769313486232e+308
73,"7/15/99",1,830611,2,2,1,15,0,0,0.25,0,1.79769313486232e+308,1.79769313486232e+308,1.79769313486232e+308
74,"7/15/99",1,830611,3,3,2,1.79769313486232e+308,1.79769313486232e+308,1.79769313486232e+308,1.79769313486232e+308,1.79769313486232e+308,1.79769313486232e+308,1.79769313486232e+308,1.79769313486232e+308
75,"7/15/99",1,830711,2,2,1,15,0,0,3,0,1.79769313486232e+308,1.79769313486232e+308,1.79769313486232e+308
76,"7/15/99",1,830711,3,3,1,16,0,0,4,0,2,1991,5
77,"7/15/99",1,830711,4,4,2,1.79769313486232e+308,1.79769313486232e+308,1.79769313486232e+308,1.79769313486232e+308,1.79769313486232e+308,1.79769313486232e+308,1.79769313486232e+308,1.79769313486232e+308
78,"7/15/99",1,830811,2,2,1,16,0,0,10,0,1.79769313486232e+308,1.79769313486232e+308,1.79769313486232e+308
79,"7/15/99",1,830811,3,3,2,1.79769313486232e+308,1.79769313486232e+308,1.79769313486232e+308,1.79769313486232e+308,1.79769313486232e+308,1.79769313486232e+308,1.79769313486232e+308,1.79769313486232e+308
80,"7/15/99",1,830911,8,1,1,22,0,0,11,0,1.79769313486232e+308,1.79769313486232e+308,1.79769313486232e+308
1.79769313486232e+308,".",1.79769313486232e+308,830911,10,1,2,1.79769313486232e+308,1.79769313486232e+308,1.79769313486232e+308,1.79769313486232e+308,1.79769313486232e+308,1.79769313486232e+308,1.79769313486232e+308,1.79769313486232e+308
82,"7/15/99",1,831011,6,6,2,1.79769313486232e+308,1.79769313486232e+308,1.79769313486232e+308,1.79769313486232e+308,1.79769313486232e+308,1.79769313486232e+308,1.79769313486232e+308,1.79769313486232e+308
83,"7/15/99",1,831012,2,2,1,20,0,0,8,0,1.79769313486232e+308,1.79769313486232e+308,1.79769313486232e+308
84,"7/15/99",1,831111,2,2,1,14,0,0,0.25,0,1.79769313486232e+308,1.79769313486232e+308,1.79769313486232e+308
85,"7/15/99",1,831211,2,2,1,15,0,0,2,0,1.79769313486232e+308,1.79769313486232e+308,1.79769313486232e+308
86,"7/15/99",1,831211,3,3,2,1.79769313486232e+308,1.79769313486232e+308,1.79769313486232e+308,1.79769313486232e+308,1.79769313486232e+308,1.79769313486232e+308,1.79769313486232e+308,1.79769313486232e+308
491,"7/12/99",1,910121,2,2,1,15,0,0,4,0,1.79769313486232e+308,1.79769313486232e+308,1.79769313486232e+308
492,"7/12/99",1,910121,7,7,2,1.79769313486232e+308,1.79769313486232e+308,1.79769313486232e+308,1.79769313486232e+308,1.79769313486232e+308,1.79769313486232e+308,1.79769313486232e+308,1.79769313486232e+308
493,"7/12/99",1,910121,14,14,1,16,0,10000,13,0,1.79769313486232e+308,1.79769313486232e+308,1.79769313486232e+308
510,"7/12/99",1,910141,2,2,1,16,0,0,3,0,1.79769313486232e+308,1.79769313486232e+308,1.79769313486232e+308
511,"7/12/99",1,910141,3,3,2,1.79769313486232e+308,1.79769313486232e+308,1.79769313486232e+308,1.79769313486232e+308,1.79769313486232e+308,1.79769313486232e+308,1.79769313486232e+308,1.79769313486232e+308
1.79769313486232e+308,"8/25/99",1,910141,4,4,2,1.79769313486232e+308,1.79769313486232e+308,1.79769313486232e+308,1.79769313486232e+308,1.79769313486232e+308,1.79769313486232e+308,1.79769313486232e+308,1.79769313486232e+308
516,"7/12/99",1,910151,3,3,1,18,0,0,9,0,1.79769313486232e+308,1.79769313486232e+308,1.79769313486232e+308
494,"7/12/99",1,910221,1.79769313486232e+308,1.79769313486232e+308,1.79769313486232e+308,1.79769313486232e+308,1.79769313486232e+308,1.79769313486232e+308,1.79769313486232e+308,1.79769313486232e+308,1.79769313486232e+308,1.79769313486232e+308,1.79769313486232e+308
495,"7/12/99",1,910222,2,2,1,16,0,5000,11,0,1.79769313486232e+308,1.79769313486232e+308,1.79769313486232e+308
512,"7/12/99",1,910241,2,2,1,17,0,0,14,0,1.79769313486232e+308,1.79769313486232e+308,1.79769313486232e+308
517,"7/12/99",1,910251,2,2,1,18,0,0,3,0,1.79769313486232e+308,1.79769313486232e+308,1.79769313486232e+308
1.79769313486232e+308,"8/25/99",1,910251,3,3,2,1.79769313486232e+308,1.79769313486232e+308,1.79769313486232e+308,1.79769313486232e+308,1.79769313486232e+308,1.79769313486232e+308,1.79769313486232e+308,1.79769313486232e+308
496,"7/12/99",1,910321,2,2,1,15,260,0,14,0,1.79769313486232e+308,1.79769313486232e+308,1.79769313486232e+308
1.79769313486232e+308,"8/25/99",1,910321,5,2,2,1.79769313486232e+308,1.79769313486232e+308,1.79769313486232e+308,1.79769313486232e+308,1.79769313486232e+308,1.79769313486232e+308,1.79769313486232e+308,1.79769313486232e+308
1.79769313486232e+308,"8/25/99",1,910321,6,2,2,1.79769313486232e+308,1.79769313486232e+308,1.79769313486232e+308,1.79769313486232e+308,1.79769313486232e+308,1.79769313486232e+308,1.79769313486232e+308,1.79769313486232e+308
497,"7/12/99",1,910322,2,2,1,16,2000,0,7,0,1.79769313486232e+308,1.79769313486232e+308,1.79769313486232e+308
513,"7/12/99",1,910341,2,2,1,16,2000,0,15,0,1.79769313486232e+308,1.79769313486232e+308,1.79769313486232e+308
518,"7/12/99",1,910351,4,4,1,17,3000,0,13,0,1.79769313486232e+308,1.79769313486232e+308,1.79769313486232e+308
519,"7/12/99",1,910352,2,2,1,16,8000,0,22,0,1.79769313486232e+308,1.79769313486232e+308,1.79769313486232e+308
498,"7/12/99",1,910421,2,2,1,16,0,0,8,0,1.79769313486232e+308,1.79769313486232e+308,1.79769313486232e+308
1.79769313486232e+308,"8/25/99",1,910421,3,3,2,1.79769313486232e+308,1.79769313486232e+308,1.79769313486232e+308,1.79769313486232e+308,1.79769313486232e+308,1.79769313486232e+308,1.79769313486232e+308,1.79769313486232e+308
514,"7/12/99",1,910441,2,2,1,16,0,0,15,0,1.79769313486232e+308,1.79769313486232e+308,1.79769313486232e+308
520,"7/12/99",1,910459,2,2,1,16,0,0,16,0,1.79769313486232e+308,1.79769313486232e+308,1.79769313486232e+308
521,"7/12/99",1,910459,3,3,2,1.79769313486232e+308,1.79769313486232e+308,1.79769313486232e+308,1.79769313486232e+308,1.79769313486232e+308,1.79769313486232e+308,1.79769313486232e+308,1.79769313486232e+308
1.79769313486232e+308,"8/25/99",1,910459,6,6,2,1.79769313486232e+308,1.79769313486232e+308,1.79769313486232e+308,1.79769313486232e+308,1.79769313486232e+308,1.79769313486232e+308,1.79769313486232e+308,1.79769313486232e+308
499,"7/12/99",1,910521,2,2,1,15,0,0,3,0,1.79769313486232e+308,1.79769313486232e+308,1.79769313486232e+308
1.79769313486232e+308,"8/25/99",1,910521,4,4,2,1.79769313486232e+308,1.79769313486232e+308,1.79769313486232e+308,1.79769313486232e+308,1.79769313486232e+308,1.79769313486232e+308,1.79769313486232e+308,1.79769313486232e+308
515,"7/12/99",1,910541,3,3,1,17,3500,0,13,0,1.79769313486232e+308,1.79769313486232e+308,1.79769313486232e+308
500,"7/12/99",1,910622,2,2,1,16,3000,0,16,0,1.79769313486232e+308,1.79769313486232e+308,1.79769313486232e+308
501,"7/12/99",1,910721,1,1,1,16,0,0,7,0,1,1982,5
502,"7/12/99",1,910722,2,2,1,16,6050,0,12,0,1.79769313486232e+308,1.79769313486232e+308,1.79769313486232e+308
503,"7/12/99",1,910821,1,1,1,16,0,0,0,0,1,1987,1.79769313486232e+308
504,"7/12/99",1,910822,2,2,1,16,8000,0,13,0,1.79769313486232e+308,1.79769313486232e+308,1.79769313486232e+308
505,"7/12/99",1,910921,2,2,1,16,0,0,56,0,1.79769313486232e+308,1.79769313486232e+308,1.79769313486232e+308
506,"7/12/99",1,911021,2,2,1,17,0,0,25,0,1.79769313486232e+308,1.79769313486232e+308,1.79769313486232e+308
507,"7/12/99",1,911121,4,4,1,17,1500,0,8,0,1.79769313486232e+308,1.79769313486232e+308,1.79769313486232e+308
508,"7/12/99",1,911221,3,3,1,15,1400,0,2,0,1.79769313486232e+308,1.79769313486232e+308,1.79769313486232e+308
1.79769313486232e+308,"8/25/99",1,911221,4,4,2,1.79769313486232e+308,1.79769313486232e+308,1.79769313486232e+308,1.79769313486232e+308,1.79769313486232e+308,1.79769313486232e+308,1.79769313486232e+308,1.79769313486232e+308
509,"7/12/99",1,911221,7,7,1,15,38000,0,30,0,1.79769313486232e+308,1.79769313486232e+308,1.79769313486232e+308
131,"6/10/99",1,920121,2,2,1,16,0,0,50,0,1.79769313486232e+308,1.79769313486232e+308,1.79769313486232e+308
149,"6/13/99",1,920141,2,2,1,19,0,0,55,0,1.79769313486232e+308,1.79769313486232e+308,1.79769313486232e+308
132,"6/13/99",1,920221,2,2,1,15,0,1100,16,0,1.79769313486232e+308,1.79769313486232e+308,1.79769313486232e+308
150,"6/13/99",1,920241,2,2,1,15,0,0,13,0,1.79769313486232e+308,1.79769313486232e+308,1.79769313486232e+308
151,"6/13/99",1,920241,7,7,1,16,0,10000,0,0,1.79769313486232e+308,1.79769313486232e+308,1.79769313486232e+308
152,"6/13/99",1,920241,9,9,1,15,0,6000,28,0,1.79769313486232e+308,1.79769313486232e+308,1.79769313486232e+308
158,"6/13/99",1,920251,1,2,1,15,0,0,32,0,1,1984,6
159,"6/13/99",1,920252,2,2,1,16,0,10000,13,0,1.79769313486232e+308,1.79769313486232e+308,1.79769313486232e+308
133,"6/13/99",1,920321,2,2,1,14,0,2500,13,0,1.79769313486232e+308,1.79769313486232e+308,1.79769313486232e+308
153,"6/13/99",1,920341,2,2,1,16,0,0,50,0,1.79769313486232e+308,1.79769313486232e+308,1.79769313486232e+308
154,"6/13/99",1,920341,3,2,1,19,0,0,0,0,1.79769313486232e+308,1.79769313486232e+308,1.79769313486232e+308
160,"6/13/99",1,920351,2,2,1,16,0,0,1,0,1,1996,12
1.79769313486232e+308,".",1.79769313486232e+308,920351,15,2,1,1.79769313486232e+308,1.79769313486232e+308,1.79769313486232e+308,1.79769313486232e+308,1.79769313486232e+308,1.79769313486232e+308,1.79769313486232e+308,1.79769313486232e+308
161,"6/13/99",1,920352,2,2,1,19,0,85000,25,0,1.79769313486232e+308,1.79769313486232e+308,1.79769313486232e+308
1.79769313486232e+308,".",1.79769313486232e+308,920352,5,2,1,1.79769313486232e+308,1.79769313486232e+308,1.79769313486232e+308,1.79769313486232e+308,1.79769313486232e+308,1.79769313486232e+308,1.79769313486232e+308,1.79769313486232e+308
1.79769313486232e+308,".",1.79769313486232e+308,920353,3,2,1,1.79769313486232e+308,1.79769313486232e+308,1.79769313486232e+308,1.79769313486232e+308,1.79769313486232e+308,1,1.79769313486232e+308,1.79769313486232e+308
162,"6/13/99",1,920353,1.79769313486232e+308,1.79769313486232e+308,1.79769313486232e+308,1.79769313486232e+308,1.79769313486232e+308,1.79769313486232e+308,1.79769313486232e+308,1.79769313486232e+308,1.79769313486232e+308,1.79769313486232e+308,1.79769313486232e+308
134,"6/13/99",1,920421,2,2,1,15,0,0,8,0,1.79769313486232e+308,1.79769313486232e+308,1.79769313486232e+308
135,"6/13/99",1,920421,3,3,1,15,0,0,1,0,1.79769313486232e+308,1.79769313486232e+308,1.79769313486232e+308
155,"6/13/99",1,920441,2,2,1,16,0,0,6,0,1.79769313486232e+308,1.79769313486232e+308,1.79769313486232e+308
163,"6/13/99",1,920459,2,2,1,15,0,1500,32,0,1.79769313486232e+308,1.79769313486232e+308,1.79769313486232e+308
136,"6/13/99",1,920521,2,2,1,15,0,0,12,0,1.79769313486232e+308,1.79769313486232e+308,1.79769313486232e+308
156,"6/13/99",1,920541,2,2,1,18,0,0,19,0,1,1995,2
157,"6/13/99",1,920541,3,2,2,1.79769313486232e+308,1.79769313486232e+308,1.79769313486232e+308,1.79769313486232e+308,1.79769313486232e+308,1.79769313486232e+308,1.79769313486232e+308,1.79769313486232e+308
137,"6/13/99",1,920621,2,2,1,15,0,0,35,0,1.79769313486232e+308,1.79769313486232e+308,1.79769313486232e+308
138,"6/13/99",1,920721,2,2,1,15,0,0,2,0,1.79769313486232e+308,1.79769313486232e+308,1.79769313486232e+308
139,"6/13/99",1,920721,4,4,2,1.79769313486232e+308,1.79769313486232e+308,1.79769313486232e+308,1.79769313486232e+308,1.79769313486232e+308,1.79769313486232e+308,1.79769313486232e+308,1.79769313486232e+308
140,"6/13/99",1,920821,2,2,1,14,0,0,38,0,1,1993,8
141,"6/13/99",1,920821,7,7,1,15,0,10000,35,0,1.79769313486232e+308,1.79769313486232e+308,1.79769313486232e+308
142,"6/13/99",1,920921,4,4,1,15,0,0,85,0,1.79769313486232e+308,1.79769313486232e+308,1.79769313486232e+308
143,"6/13/99",1,920921,6,6,1,16,0,0,0.5,0,1.79769313486232e+308,1.79769313486232e+308,1.79769313486232e+308
144,"6/13/99",1,921021,2,2,1,16,0,3000,1,0,1.79769313486232e+308,1.79769313486232e+308,1.79769313486232e+308
145,"6/13/99",1,921021,9,2,1,15,6000,0,7,0,1,1995,11
146,"6/13/99",1,921121,2,2,1,15,0,650,39,0,1.79769313486232e+308,1.79769313486232e+308,1.79769313486232e+308
147,"6/13/99",1,921121,3,3,2,1.79769313486232e+308,1.79769313486232e+308,1.79769313486232e+308,1.79769313486232e+308,1.79769313486232e+308,1.79769313486232e+308,1.79769313486232e+308,1.79769313486232e+308
1.79769313486232e+308,"8/21/99",1,921121,4,2,2,1.79769313486232e+308,1.79769313486232e+308,1.79769313486232e+308,1.79769313486232e+308,1.79769313486232e+308,1.79769313486232e+308,1.79769313486232e+308,1.79769313486232e+308
148,"6/13/99",1,921221,2,2,1,16,0,6000,5,0,1.79769313486232e+308,1.79769313486232e+308,1.79769313486232e+308
66,"5/31/99",1,930121,2,1,1,16,0,5000,7,0,1.79769313486232e+308,1.79769313486232e+308,1.79769313486232e+308
83,"5/31/99",1,930141,2,2,1,15,0,0,10,0,1.79769313486232e+308,1.79769313486232e+308,1.79769313486232e+308
84,"5/31/99",1,930141,4,2,2,1.79769313486232e+308,1.79769313486232e+308,1.79769313486232e+308,1.79769313486232e+308,1.79769313486232e+308,1.79769313486232e+308,1.79769313486232e+308,1.79769313486232e+308
92,"5/31/99",1,930151,6,1,2,1.79769313486232e+308,1.79769313486232e+308,1.79769313486232e+308,1.79769313486232e+308,1.79769313486232e+308,1.79769313486232e+308,1.79769313486232e+308,1.79769313486232e+308
93,"5/31/99",1,930151,8,1,1,18,0,0,8,0,1.79769313486232e+308,1.79769313486232e+308,1.79769313486232e+308
67,"5/31/99",1,930221,2,1,1,18,3500,0,4,0,1.79769313486232e+308,1.79769313486232e+308,1.79769313486232e+308
85,"5/31/99",1,930241,2,2,1,18,0,3000,10,0,1.79769313486232e+308,1.79769313486232e+308,1.79769313486232e+308
94,"5/31/99",1,930251,2,2,1,16,0,0,8,0,1.79769313486232e+308,1.79769313486232e+308,1.79769313486232e+308
95,"5/31/99",1,930251,7,2,2,1.79769313486232e+308,1.79769313486232e+308,1.79769313486232e+308,1.79769313486232e+308,1.79769313486232e+308,1.79769313486232e+308,1.79769313486232e+308,1.79769313486232e+308
68,"5/31/99",1,930321,2,2,1,18,0,6000,5,0,1.79769313486232e+308,1.79769313486232e+308,1.79769313486232e+308
86,"5/31/99",1,930341,6,6,1,17,0,0,120,9,1.79769313486232e+308,1.79769313486232e+308,1.79769313486232e+308
87,"5/31/99",1,930342,2,2,1,20,0,3000,7,0,1.79769313486232e+308,1.79769313486232e+308,1.79769313486232e+308
96,"5/31/99",1,930351,2,2,1,20,0,5000,36,0,1.79769313486232e+308,1.79769313486232e+308,1.79769313486232e+308
97,"5/31/99",1,930352,2,2,1,18,0,3000,2,0,1.79769313486232e+308,1.79769313486232e+308,1.79769313486232e+308
69,"5/31/99",1,930421,2,1,1,16,0,2000,10,0,1.79769313486232e+308,1.79769313486232e+308,1.79769313486232e+308
88,"5/31/99",1,930441,2,2,1,15,0,0,1,0,1.79769313486232e+308,1.79769313486232e+308,1.79769313486232e+308
98,"5/31/99",1,930459,2,2,1,15,0,0,5,0,1.79769313486232e+308,1.79769313486232e+308,1.79769313486232e+308
70,"5/31/99",1,930521,2,2,1,14,0,0,10,0,1,1992,6
90,"5/31/99",1,930541,1.79769313486232e+308,1.79769313486232e+308,1.79769313486232e+308,1.79769313486232e+308,1.79769313486232e+308,1.79769313486232e+308,1.79769313486232e+308,1.79769313486232e+308,1.79769313486232e+308,1.79769313486232e+308,1.79769313486232e+308
71,"5/31/99",1,930621,2,2,1,17,0,500,20,0,1.79769313486232e+308,1.79769313486232e+308,1.79769313486232e+308
72,"5/31/99",1,930721,2,2,1,14,0,0,0.5,0,1.79769313486232e+308,1.79769313486232e+308,1.79769313486232e+308
73,"5/31/99",1,930721,5,2,2,1.79769313486232e+308,1.79769313486232e+308,1.79769313486232e+308,1.79769313486232e+308,1.79769313486232e+308,1.79769313486232e+308,1.79769313486232e+308,1.79769313486232e+308
74,"5/31/99",1,930721,6,2,1,16,0,7000,5,8,1.79769313486232e+308,1.79769313486232e+308,1.79769313486232e+308
75,"5/31/99",1,930821,2,2,1,16,0,2000,8,0,1.79769313486232e+308,1.79769313486232e+308,1.79769313486232e+308
76,"5/31/99",1,930921,2,2,1,13,0,0,12,0,1.79769313486232e+308,1.79769313486232e+308,1.79769313486232e+308
77,"5/31/99",1,931021,2,2,1,15,0,6000,6,0,1.79769313486232e+308,1.79769313486232e+308,1.79769313486232e+308
78,"5/31/99",1,931022,2,2,1,16,0,3000,8,0,1.79769313486232e+308,1.79769313486232e+308,1.79769313486232e+308
79,"5/31/99",1,931121,2,2,1,16,0,0,6,0,1.79769313486232e+308,1.79769313486232e+308,1.79769313486232e+308
80,"5/31/99",1,931121,3,2,2,1.79769313486232e+308,1.79769313486232e+308,1.79769313486232e+308,1.79769313486232e+308,1.79769313486232e+308,1.79769313486232e+308,1.79769313486232e+308,1.79769313486232e+308
81,"5/31/99",1,931221,6,6,1,16,0,2100,80,0,1.79769313486232e+308,1.79769313486232e+308,1.79769313486232e+308
82,"5/31/99",1,931222,2,2,1,17,0,10000,15,0,1.79769313486232e+308,1.79769313486232e+308,1.79769313486232e+308
47,"5/27/99",1,1010121,2,2,1,16,2000,0,15,0,1.79769313486232e+308,1.79769313486232e+308,1.79769313486232e+308
65,"5/28/99",1,1010141,2,2,1,13,3000,0,5,0,1.79769313486232e+308,1.79769313486232e+308,1.79769313486232e+308
69,"5/28/99",1,1010151,5,5,1,12,2000,0,10,0,1.79769313486232e+308,1.79769313486232e+308,1.79769313486232e+308
70,"5/28/99",1,1010152,1,1,1,16,0,0,5,0,2,1988,5
91,"9/12/99",1,1010153,2,2,1,17,8000,0,10,0,1.79769313486232e+308,1.79769313486232e+308,1.79769313486232e+308
48,"5/28/99",1,1010221,2,2,1,17,0,0,4,0,1.79769313486232e+308,1.79769313486232e+308,1.79769313486232e+308
86,"9/12/99",1,1010241,2,2,1,15,2000,0,0.25,2,1.79769313486232e+308,1.79769313486232e+308,1.79769313486232e+308
71,"5/28/99",1,1010251,2,2,1,15,0,0,1,0,1.79769313486232e+308,1.79769313486232e+308,1.79769313486232e+308
49,"5/28/99",1,1010321,2,2,1,13,0,0,38,0,1.79769313486232e+308,1.79769313486232e+308,1.79769313486232e+308
50,"5/28/99",1,1010321,5,2,2,1.79769313486232e+308,1.79769313486232e+308,1.79769313486232e+308,1.79769313486232e+308,1.79769313486232e+308,1.79769313486232e+308,1.79769313486232e+308,1.79769313486232e+308
66,"5/28/99",1,1010341,1.79769313486232e+308,1.79769313486232e+308,1.79769313486232e+308,1.79769313486232e+308,1.79769313486232e+308,1.79769313486232e+308,1.79769313486232e+308,1.79769313486232e+308,1.79769313486232e+308,1.79769313486232e+308,1.79769313486232e+308
72,"5/28/99",1,1010351,4,2,2,1.79769313486232e+308,1.79769313486232e+308,1.79769313486232e+308,1.79769313486232e+308,1.79769313486232e+308,1.79769313486232e+308,1.79769313486232e+308,1.79769313486232e+308
51,"5/28/99",1,1010421,8,8,1,17,0,0,8,8,1.79769313486232e+308,1.79769313486232e+308,1.79769313486232e+308
52,"5/28/99",1,1010422,2,2,1,17,0,0,4,6,1.79769313486232e+308,1.79769313486232e+308,1.79769313486232e+308
67,"5/28/99",1,1010441,6,6,1,16,5000,0,5,0,1.79769313486232e+308,1.79769313486232e+308,1.79769313486232e+308
73,"5/28/99",1,1010459,1.79769313486232e+308,1.79769313486232e+308,1.79769313486232e+308,1.79769313486232e+308,1.79769313486232e+308,1.79769313486232e+308,1.79769313486232e+308,1.79769313486232e+308,1.79769313486232e+308,1.79769313486232e+308,1.79769313486232e+308
68,"5/28/99",1,1010542,2,2,1,13,3500,0,6,0,1.79769313486232e+308,1.79769313486232e+308,1.79769313486232e+308
53,"5/28/99",1,1010621,2,2,1,15,0,0,5,0,1.79769313486232e+308,1.79769313486232e+308,1.79769313486232e+308
54,"5/28/99",1,1010621,3,2,2,1.79769313486232e+308,1.79769313486232e+308,1.79769313486232e+308,1.79769313486232e+308,1.79769313486232e+308,1.79769313486232e+308,1.79769313486232e+308,1.79769313486232e+308
56,"5/28/99",1,1010821,5,2,2,1.79769313486232e+308,1.79769313486232e+308,1.79769313486232e+308,1.79769313486232e+308,1.79769313486232e+308,1.79769313486232e+308,1.79769313486232e+308,1.79769313486232e+308
57,"5/28/99",1,1010921,2,2,1,14,2000,0,15,0,1.79769313486232e+308,1.79769313486232e+308,1.79769313486232e+308
58,"5/28/99",1,1010921,4,2,2,1.79769313486232e+308,1.79769313486232e+308,1.79769313486232e+308,1.79769313486232e+308,1.79769313486232e+308,1.79769313486232e+308,1.79769313486232e+308,1.79769313486232e+308
59,"5/28/99",1,1010921,5,2,2,1.79769313486232e+308,1.79769313486232e+308,1.79769313486232e+308,1.79769313486232e+308,1.79769313486232e+308,1.79769313486232e+308,1.79769313486232e+308,1.79769313486232e+308
60,"5/28/99",1,1011021,2,2,1,15,10000,0,2,2.5,1.79769313486232e+308,1.79769313486232e+308,1.79769313486232e+308
62,"5/28/99",1,1011121,7,2,2,1.79769313486232e+308,1.79769313486232e+308,1.79769313486232e+308,1.79769313486232e+308,1.79769313486232e+308,1.79769313486232e+308,1.79769313486232e+308,1.79769313486232e+308
63,"5/28/99",1,1011121,8,8,1,16,5000,0,2,0,1.79769313486232e+308,1.79769313486232e+308,1.79769313486232e+308
64,"5/28/99",1,1011221,2,2,1,16,5000,0,1,0,1.79769313486232e+308,1.79769313486232e+308,1.79769313486232e+308
77,"9/12/99",1,1020121,14,14,1,20,5000,0,5,0,1.79769313486232e+308,1.79769313486232e+308,1.79769313486232e+308
78,"9/12/99",1,1020121,16,16,1,18,3000,0,2,0,1.79769313486232e+308,1.79769313486232e+308,1.79769313486232e+308
106,"6/03/99",1,1020122,2,2,1,13,5000,0,3,0,1.79769313486232e+308,1.79769313486232e+308,1.79769313486232e+308
107,"6/09/99",1,1020123,2,2,1,15,5000,0,5,0,1.79769313486232e+308,1.79769313486232e+308,1.79769313486232e+308
131,"6/09/99",1,1020141,3,3,1,17,2500,0,25,0,1.79769313486232e+308,1.79769313486232e+308,1.79769313486232e+308
137,"6/09/99",1,1020151,2,2,1,14,5000,0,0.25,0,1.79769313486232e+308,1.79769313486232e+308,1.79769313486232e+308
138,"6/09/99",1,1020151,3,2,2,1.79769313486232e+308,1.79769313486232e+308,1.79769313486232e+308,1.79769313486232e+308,1.79769313486232e+308,1.79769313486232e+308,1.79769313486232e+308,1.79769313486232e+308
108,"6/09/99",1,1020221,2,2,1,14,2500,0,8,3,1.79769313486232e+308,1.79769313486232e+308,1.79769313486232e+308
109,"6/09/99",1,1020221,5,2,2,1.79769313486232e+308,1.79769313486232e+308,1.79769313486232e+308,1.79769313486232e+308,1.79769313486232e+308,1.79769313486232e+308,1.79769313486232e+308,1.79769313486232e+308
132,"6/09/99",1,1020241,2,2,1,14,5000,0,15,0,1.79769313486232e+308,1.79769313486232e+308,1.79769313486232e+308
139,"6/09/99",1,1020251,2,2,1,14,0,0,8,0,1.79769313486232e+308,1.79769313486232e+308,1.79769313486232e+308
110,"6/09/99",1,1020321,2,2,1,12,3500,0,10,2,1.79769313486232e+308,1.79769313486232e+308,1.79769313486232e+308
111,"6/09/99",1,1020321,5,2,2,1.79769313486232e+308,1.79769313486232e+308,1.79769313486232e+308,1.79769313486232e+308,1.79769313486232e+308,1.79769313486232e+308,1.79769313486232e+308,1.79769313486232e+308
112,"6/09/99",1,1020321,6,2,2,1.79769313486232e+308,1.79769313486232e+308,1.79769313486232e+308,1.79769313486232e+308,1.79769313486232e+308,1.79769313486232e+308,1.79769313486232e+308,1.79769313486232e+308
133,"6/09/99",1,1020341,2,2,1,14,0,0,5,0,1.79769313486232e+308,1.79769313486232e+308,1.79769313486232e+308
140,"6/09/99",1,1020351,3,2,2,1.79769313486232e+308,1.79769313486232e+308,1.79769313486232e+308,1.79769313486232e+308,1.79769313486232e+308,1.79769313486232e+308,1.79769313486232e+308,1.79769313486232e+308
141,"6/09/99",1,1020351,6,6,1,16,5000,0,5,0,1.79769313486232e+308,1.79769313486232e+308,1.79769313486232e+308
142,"6/09/99",1,1020351,10,2,2,1.79769313486232e+308,1.79769313486232e+308,1.79769313486232e+308,1.79769313486232e+308,1.79769313486232e+308,1.79769313486232e+308,1.79769313486232e+308,1.79769313486232e+308
113,"6/09/99",1,1020421,3,3,1,15,5000,0,15,0,2,1991,10
114,"6/09/99",1,1020421,7,7,1,16,5000,0,5,0,1.79769313486232e+308,1.79769313486232e+308,1.79769313486232e+308
115,"6/09/99",1,1020421,9,3,2,1.79769313486232e+308,1.79769313486232e+308,1.79769313486232e+308,1.79769313486232e+308,1.79769313486232e+308,1.79769313486232e+308,1.79769313486232e+308,1.79769313486232e+308
116,"6/09/99",1,1020422,2,2,1,18,8000,0,8,0,1.79769313486232e+308,1.79769313486232e+308,1.79769313486232e+308
134,"6/09/99",1,1020441,2,2,1,13,3000,0,0.5,3,1.79769313486232e+308,1.79769313486232e+308,1.79769313486232e+308
143,"6/09/99",1,1020459,2,2,1,14,0,0,0.5,0,1.79769313486232e+308,1.79769313486232e+308,1.79769313486232e+308
144,"6/09/99",1,1020459,3,3,1,15,0,0,8,0,1.79769313486232e+308,1.79769313486232e+308,1.79769313486232e+308
145,"6/09/99",1,1020459,5,5,1,15,5000,0,5,2,1.79769313486232e+308,1.79769313486232e+308,1.79769313486232e+308
146,"6/09/99",1,1020459,6,2,2,1.79769313486232e+308,1.79769313486232e+308,1.79769313486232e+308,1.79769313486232e+308,1.79769313486232e+308,1.79769313486232e+308,1.79769313486232e+308,1.79769313486232e+308
147,"6/09/99",1,1020459,7,2,2,1.79769313486232e+308,1.79769313486232e+308,1.79769313486232e+308,1.79769313486232e+308,1.79769313486232e+308,1.79769313486232e+308,1.79769313486232e+308,1.79769313486232e+308
117,"6/09/99",1,1020521,2,2,1,10,5000,0,15,0,1.79769313486232e+308,1.79769313486232e+308,1.79769313486232e+308
135,"6/09/99",1,1020541,2,2,1,14,0,0,2,0,1.79769313486232e+308,1.79769313486232e+308,1.79769313486232e+308
136,"6/09/99",1,1020541,3,2,2,1.79769313486232e+308,1.79769313486232e+308,1.79769313486232e+308,1.79769313486232e+308,1.79769313486232e+308,1.79769313486232e+308,1.79769313486232e+308,1.79769313486232e+308
118,"6/09/99",1,1020621,2,2,1,10,0,500,1,0,1.79769313486232e+308,1.79769313486232e+308,1.79769313486232e+308
119,"6/09/99",1,1020621,4,2,2,1.79769313486232e+308,1.79769313486232e+308,1.79769313486232e+308,1.79769313486232e+308,1.79769313486232e+308,1.79769313486232e+308,1.79769313486232e+308,1.79769313486232e+308
120,"6/09/99",1,1020622,2,2,1,16,5000,0,10,3,1.79769313486232e+308,1.79769313486232e+308,1.79769313486232e+308
121,"6/09/99",1,1020721,2,2,1,15,5000,0,8,5,1.79769313486232e+308,1.79769313486232e+308,1.79769313486232e+308
122,"6/09/99",1,1020721,3,2,2,1.79769313486232e+308,1.79769313486232e+308,1.79769313486232e+308,1.79769313486232e+308,1.79769313486232e+308,1.79769313486232e+308,1.79769313486232e+308,1.79769313486232e+308
123,"6/09/99",1,1020821,2,2,1,15,0,0,5,0,1.79769313486232e+308,1.79769313486232e+308,1.79769313486232e+308
124,"6/09/99",1,1020921,2,2,1,12,0,500,1,0,1.79769313486232e+308,1.79769313486232e+308,1.79769313486232e+308
125,"6/09/99",1,1020921,6,6,1,19,5000,0,8,0,1.79769313486232e+308,1.79769313486232e+308,1.79769313486232e+308
126,"6/09/99",1,1021021,2,2,1,12,2000,0,8,0,1.79769313486232e+308,1.79769313486232e+308,1.79769313486232e+308
127,"6/09/99",1,1021021,6,2,2,1.79769313486232e+308,1.79769313486232e+308,1.79769313486232e+308,1.79769313486232e+308,1.79769313486232e+308,1.79769313486232e+308,1.79769313486232e+308,1.79769313486232e+308
128,"6/09/99",1,1021121,2,2,1,13,5000,0,1.5,3,1.79769313486232e+308,1.79769313486232e+308,1.79769313486232e+308
129,"6/09/99",1,1021121,3,2,2,1.79769313486232e+308,1.79769313486232e+308,1.79769313486232e+308,1.79769313486232e+308,1.79769313486232e+308,1.79769313486232e+308,1.79769313486232e+308,1.79769313486232e+308
130,"6/09/99",1,1021221,2,2,1,12,5000,0,10,0,1.79769313486232e+308,1.79769313486232e+308,1.79769313486232e+308
102,"8/12/99",1,1030121,2,2,1,18,5000,0,5,2,1.79769313486232e+308,1.79769313486232e+308,1.79769313486232e+308
119,"8/12/99",1,1030141,2,2,1,15,1000,0,0.25,0,1.79769313486232e+308,1.79769313486232e+308,1.79769313486232e+308
120,"8/12/99",1,1030141,4,2,2,1.79769313486232e+308,1.79769313486232e+308,1.79769313486232e+308,1.79769313486232e+308,1.79769313486232e+308,1.79769313486232e+308,1.79769313486232e+308,1.79769313486232e+308
121,"8/12/99",1,1030141,6,6,1,16,5000,0,0.75,0,1.79769313486232e+308,1.79769313486232e+308,1.79769313486232e+308
131,"8/12/99",1,1030151,1,1,1,14,0,0,1,0,1,1975,6
132,"8/12/99",1,1030151,2,1,1,18,0,0,5,6,1.79769313486232e+308,1.79769313486232e+308,1.79769313486232e+308
103,"8/12/99",1,1030221,2,2,1,17,0,0,3,0,1.79769313486232e+308,1.79769313486232e+308,1.79769313486232e+308
104,"8/12/99",1,1030222,2,2,1,16,5000,0,3,0,1.79769313486232e+308,1.79769313486232e+308,1.79769313486232e+308
122,"8/12/99",1,1030241,2,2,1,14,0,0,1,0,1,1997,6
123,"8/12/99",1,1030241,5,5,1,16,5000,0,0,0,1.79769313486232e+308,1.79769313486232e+308,1.79769313486232e+308
133,"8/12/99",1,1030251,1.79769313486232e+308,1.79769313486232e+308,1.79769313486232e+308,1.79769313486232e+308,1.79769313486232e+308,1.79769313486232e+308,1.79769313486232e+308,1.79769313486232e+308,1.79769313486232e+308,1.79769313486232e+308,1.79769313486232e+308
105,"8/12/99",1,1030321,2,2,1,14,2500,0,3,0,1.79769313486232e+308,1.79769313486232e+308,1.79769313486232e+308
106,"8/12/99",1,1030321,4,2,2,1.79769313486232e+308,1.79769313486232e+308,1.79769313486232e+308,1.79769313486232e+308,1.79769313486232e+308,1.79769313486232e+308,1.79769313486232e+308,1.79769313486232e+308
125,"8/12/99",1,1030341,7,2,2,1.79769313486232e+308,1.79769313486232e+308,1.79769313486232e+308,1.79769313486232e+308,1.79769313486232e+308,1.79769313486232e+308,1.79769313486232e+308,1.79769313486232e+308
126,"8/12/99",1,1030341,11,1,1,17,2000,0,30,0,1.79769313486232e+308,1.79769313486232e+308,1.79769313486232e+308
127,"8/12/99",1,1030342,2,2,1,15,10000,0,45,0,1.79769313486232e+308,1.79769313486232e+308,1.79769313486232e+308
134,"8/12/99",1,1030351,2,2,1,15,0,0,2,0,1.79769313486232e+308,1.79769313486232e+308,1.79769313486232e+308
135,"8/12/99",1,1030351,6,6,1,14,5000,0,4,0,1.79769313486232e+308,1.79769313486232e+308,1.79769313486232e+308
136,"8/12/99",1,1030352,2,2,1,15,5000,0,3,0,1.79769313486232e+308,1.79769313486232e+308,1.79769313486232e+308
107,"8/12/99",1,1030421,2,2,1,14,10000,0,16,0,1.79769313486232e+308,1.79769313486232e+308,1.79769313486232e+308
128,"8/12/99",1,1030441,2,2,1,13,1500,0,0.5,0,1.79769313486232e+308,1.79769313486232e+308,1.79769313486232e+308
129,"8/12/99",1,1030441,3,3,1,16,0,0,0.25,0,1.79769313486232e+308,1.79769313486232e+308,1.79769313486232e+308
137,"8/12/99",1,1030459,2,2,1,15,5000,0,1,0,1.79769313486232e+308,1.79769313486232e+308,1.79769313486232e+308
138,"8/12/99",1,1030459,5,2,2,1.79769313486232e+308,1.79769313486232e+308,1.79769313486232e+308,1.79769313486232e+308,1.79769313486232e+308,1.79769313486232e+308,1.79769313486232e+308,1.79769313486232e+308
108,"8/12/99",1,1030521,2,2,1,16,0,40,5,0,1.79769313486232e+308,1.79769313486232e+308,1.79769313486232e+308
109,"8/12/99",1,1030521,6,2,2,1.79769313486232e+308,1.79769313486232e+308,1.79769313486232e+308,1.79769313486232e+308,1.79769313486232e+308,1.79769313486232e+308,1.79769313486232e+308,1.79769313486232e+308
110,"8/12/99",1,1030521,7,2,1,14,2500,0,4,0,1.79769313486232e+308,1.79769313486232e+308,1.79769313486232e+308
130,"8/12/99",1,1030541,2,2,1,16,5000,0,0.5,0,1.79769313486232e+308,1.79769313486232e+308,1.79769313486232e+308
111,"8/12/99",1,1030621,2,2,1,12,0,0,3,0,1.79769313486232e+308,1.79769313486232e+308,1.79769313486232e+308
112,"8/12/99",1,1030621,3,2,2,1.79769313486232e+308,1.79769313486232e+308,1.79769313486232e+308,1.79769313486232e+308,1.79769313486232e+308,1.79769313486232e+308,1.79769313486232e+308,1.79769313486232e+308
113,"8/12/99",1,1030721,2,2,1,15,0,0,10,56,1.79769313486232e+308,1.79769313486232e+308,1.79769313486232e+308
114,"8/12/99",1,1030821,2,2,1,16,0,0,15,0,1.79769313486232e+308,1.79769313486232e+308,1.79769313486232e+308
115,"8/12/99",1,1030921,2,2,1,15,2000,0,15,0,1.79769313486232e+308,1.79769313486232e+308,1.79769313486232e+308
116,"8/12/99",1,1031021,5,2,1,18,0,0,30,0,1.79769313486232e+308,1.79769313486232e+308,1.79769313486232e+308
117,"8/12/99",1,1031121,2,2,1,10,0,0,2,0,1.79769313486232e+308,1.79769313486232e+308,1.79769313486232e+308
118,"8/12/99",1,1031221,2,2,1,13,0,0,2,0,1.79769313486232e+308,1.79769313486232e+308,1.79769313486232e+308
1.79769313486232e+308,".",1.79769313486232e+308,1031221,4,1.79769313486232e+308,2,1.79769313486232e+308,1.79769313486232e+308,1.79769313486232e+308,1.79769313486232e+308,1.79769313486232e+308,1.79769313486232e+308,1.79769313486232e+308,1.79769313486232e+308
1,"5/20/99",1,1110121,2,2,1,15,0,0,4,0,1.79769313486232e+308,1.79769313486232e+308,1.79769313486232e+308
17,"6/01/99",1,1110141,2,2,1,13,0,1500,150,4,1.79769313486232e+308,1.79769313486232e+308,1.79769313486232e+308
23,"6/01/99",1,1110151,2,3,1,14,0,0,4,2,1.79769313486232e+308,1.79769313486232e+308,1.79769313486232e+308
24,"6/01/99",1,1110151,3,3,1,16,2000,0,2,0,1.79769313486232e+308,1.79769313486232e+308,1.79769313486232e+308
25,"6/01/99",1,1110152,2,2,1,15,0,2000,12,0,1.79769313486232e+308,1.79769313486232e+308,1.79769313486232e+308
2,"6/01/99",1,1110221,2,2,1,16,0,0,4,1,1.79769313486232e+308,1.79769313486232e+308,1.79769313486232e+308
18,"6/01/99",1,1110241,1.79769313486232e+308,1.79769313486232e+308,1.79769313486232e+308,1.79769313486232e+308,1.79769313486232e+308,1.79769313486232e+308,1.79769313486232e+308,1.79769313486232e+308,1.79769313486232e+308,1.79769313486232e+308,1.79769313486232e+308
26,"6/01/99",1,1110251,4,4,1,13,0,0,2,2,1.79769313486232e+308,1.79769313486232e+308,1.79769313486232e+308
3,"6/01/99",1,1110321,2,2,1,14,0,0,7,0,1.79769313486232e+308,1.79769313486232e+308,1.79769313486232e+308
19,"6/01/99",1,1110341,2,2,1,14,0,0,4,0,1.79769313486232e+308,1.79769313486232e+308,1.79769313486232e+308
27,"6/01/99",1,1110351,2,2,1,15,0,10000,9,0,1.79769313486232e+308,1.79769313486232e+308,1.79769313486232e+308
4,"6/01/99",1,1110421,5,5,1,16,0,2000,6,0,1.79769313486232e+308,1.79769313486232e+308,1.79769313486232e+308
20,"6/01/99",1,1110441,3,2,2,1.79769313486232e+308,1.79769313486232e+308,1.79769313486232e+308,1.79769313486232e+308,1.79769313486232e+308,1.79769313486232e+308,1.79769313486232e+308,1.79769313486232e+308
28,"6/01/99",1,1110459,2,2,1,14,0,0,9,0,1.79769313486232e+308,1.79769313486232e+308,1.79769313486232e+308
5,"6/01/99",1,1110521,2,2,1,16,0,1600,4,0,1.79769313486232e+308,1.79769313486232e+308,1.79769313486232e+308
21,"6/01/99",1,1110541,2,2,1,14,0,0,3,0,1,1995,1.79769313486232e+308
22,"6/01/99",1,1110541,5,5,1,16,0,3000,1.5,0,1.79769313486232e+308,1.79769313486232e+308,1.79769313486232e+308
7,"6/01/99",1,1110621,5,5,2,1.79769313486232e+308,1.79769313486232e+308,1.79769313486232e+308,1.79769313486232e+308,1.79769313486232e+308,1.79769313486232e+308,1.79769313486232e+308,1.79769313486232e+308
6,"6/01/99",1,1110621,7,7,1,14,1000,0,5,0,1.79769313486232e+308,1.79769313486232e+308,1.79769313486232e+308
8,"6/01/99",1,1110721,2,2,1,19,0,8000,12,0,1.79769313486232e+308,1.79769313486232e+308,1.79769313486232e+308
9,"6/01/99",1,1110821,2,1,1,15,0,0,6,0,1.79769313486232e+308,1.79769313486232e+308,1.79769313486232e+308
10,"6/01/99",1,1110821,5,5,1,16,5000,0,5,1,1.79769313486232e+308,1.79769313486232e+308,1.79769313486232e+308
11,"6/01/99",1,1110921,2,2,1,16,0,0,0.75,0,1.79769313486232e+308,1.79769313486232e+308,1.79769313486232e+308
1.79769313486232e+308,"8/30/99",1,1110921,3,3,2,1.79769313486232e+308,1.79769313486232e+308,1.79769313486232e+308,1.79769313486232e+308,1.79769313486232e+308,1.79769313486232e+308,1.79769313486232e+308,1.79769313486232e+308
12,"6/01/99",1,1111021,5,5,1,16,0,0,6,0,1.79769313486232e+308,1.79769313486232e+308,1.79769313486232e+308
13,"6/01/99",1,1111022,2,2,1,15,0,0,8,0,1.79769313486232e+308,1.79769313486232e+308,1.79769313486232e+308
14,"6/01/99",1,1111121,2,2,1,16,0,4000,4,1,1.79769313486232e+308,1.79769313486232e+308,1.79769313486232e+308
15,"6/01/99",1,1111221,6,6,2,1.79769313486232e+308,1.79769313486232e+308,1.79769313486232e+308,1.79769313486232e+308,1.79769313486232e+308,1.79769313486232e+308,1.79769313486232e+308,1.79769313486232e+308
16,"6/01/99",1,1111222,2,2,1,18,4000,0,3,0,1.79769313486232e+308,1.79769313486232e+308,1.79769313486232e+308
71,"7/25/99",1,1120121,2,2,1,15,0,0,4,0,1.79769313486232e+308,1.79769313486232e+308,1.79769313486232e+308
94,"7/25/99",1,1120141,8,8,1,17,0,0,7,0,1.79769313486232e+308,1.79769313486232e+308,1.79769313486232e+308
95,"7/25/99",1,1120142,2,2,1,14,0,0,8,0,1.79769313486232e+308,1.79769313486232e+308,1.79769313486232e+308
102,"7/25/99",1,1120151,2,2,1,13,0,0,8,0,1.79769313486232e+308,1.79769313486232e+308,1.79769313486232e+308
72,"7/25/99",1,1120221,2,2,1,14,0,0,2,0,1.79769313486232e+308,1.79769313486232e+308,1.79769313486232e+308
73,"7/25/99",1,1120221,8,8,1,16,0,0,0.5,0,1.79769313486232e+308,1.79769313486232e+308,1.79769313486232e+308
96,"7/25/99",1,1120241,2,2,1,16,0,0,4,0,1.79769313486232e+308,1.79769313486232e+308,1.79769313486232e+308
97,"7/25/99",1,1120241,6,2,2,1.79769313486232e+308,1.79769313486232e+308,1.79769313486232e+308,1.79769313486232e+308,1.79769313486232e+308,1.79769313486232e+308,1.79769313486232e+308,1.79769313486232e+308
103,"7/25/99",1,1120251,4,4,2,1.79769313486232e+308,1.79769313486232e+308,1.79769313486232e+308,1.79769313486232e+308,1.79769313486232e+308,1.79769313486232e+308,1.79769313486232e+308,1.79769313486232e+308
1.79769313486232e+308,".",1.79769313486232e+308,1120251,6,6,1,16,0,2000,1,0,1.79769313486232e+308,1.79769313486232e+308,1.79769313486232e+308
74,"7/25/99",1,1120321,2,2,1,12,0,0,50,24,1.79769313486232e+308,1.79769313486232e+308,1.79769313486232e+308
75,"7/25/99",1,1120321,5,2,2,1.79769313486232e+308,1.79769313486232e+308,1.79769313486232e+308,1.79769313486232e+308,1.79769313486232e+308,1.79769313486232e+308,1.79769313486232e+308,1.79769313486232e+308
98,"7/25/99",1,1120341,2,4,1,14,0,0,1,0,1,1995,1
99,"7/25/99",1,1120341,4,4,1,19,0,0,1,40,1.79769313486232e+308,1.79769313486232e+308,1.79769313486232e+308
105,"7/25/99",1,1120351,2,1,1,15,0,0,6,0,1.79769313486232e+308,1.79769313486232e+308,1.79769313486232e+308
106,"7/25/99",1,1120351,5,5,2,1.79769313486232e+308,1.79769313486232e+308,1.79769313486232e+308,1.79769313486232e+308,1.79769313486232e+308,1.79769313486232e+308,1.79769313486232e+308,1.79769313486232e+308
76,"7/25/99",1,1120421,2,2,1,14,2000,0,10,3,1.79769313486232e+308,1.79769313486232e+308,1.79769313486232e+308
77,"7/25/99",1,1120421,4,2,2,1.79769313486232e+308,1.79769313486232e+308,1.79769313486232e+308,1.79769313486232e+308,1.79769313486232e+308,1.79769313486232e+308,1.79769313486232e+308,1.79769313486232e+308
100,"7/25/99",1,1120441,3,3,1,13,0,0,150,0,1.79769313486232e+308,1.79769313486232e+308,1.79769313486232e+308
107,"7/25/99",1,1120459,2,2,1,16,0,0,150,0,1.79769313486232e+308,1.79769313486232e+308,1.79769313486232e+308
79,"7/25/99",1,1120521,6,2,1,14,0,0,50,0,1,1997,5
80,"7/25/99",1,1120521,8,2,2,1.79769313486232e+308,1.79769313486232e+308,1.79769313486232e+308,1.79769313486232e+308,1.79769313486232e+308,1.79769313486232e+308,1.79769313486232e+308,1.79769313486232e+308
81,"7/25/99",1,1120521,9,2,2,1.79769313486232e+308,1.79769313486232e+308,1.79769313486232e+308,1.79769313486232e+308,1.79769313486232e+308,1.79769313486232e+308,1.79769313486232e+308,1.79769313486232e+308
82,"7/25/99",1,1120522,2,2,1,14,0,0,50,0,1.79769313486232e+308,1.79769313486232e+308,1.79769313486232e+308
101,"7/25/99",1,1120541,3,3,1,14,0,1500,3,0,1.79769313486232e+308,1.79769313486232e+308,1.79769313486232e+308
83,"7/25/99",1,1120621,2,2,1,16,1000,0,2,0,1.79769313486232e+308,1.79769313486232e+308,1.79769313486232e+308
84,"7/25/99",1,1120621,6,2,2,1.79769313486232e+308,1.79769313486232e+308,1.79769313486232e+308,1.79769313486232e+308,1.79769313486232e+308,1.79769313486232e+308,1.79769313486232e+308,1.79769313486232e+308
85,"7/25/99",1,1120621,7,2,1,16,6000,0,5,0,1.79769313486232e+308,1.79769313486232e+308,1.79769313486232e+308
86,"7/25/99",1,1120622,2,1,1,16,0,0,2,0,1.79769313486232e+308,1.79769313486232e+308,1.79769313486232e+308
87,"7/25/99",1,1120721,2,2,1,15,0,0,1,0,1,1994,2
88,"7/25/99",1,1120821,2,2,1,15,5000,0,6,0,1.79769313486232e+308,1.79769313486232e+308,1.79769313486232e+308
89,"7/25/99",1,1120921,2,2,1,18,0,0,3,0,1.79769313486232e+308,1.79769313486232e+308,1.79769313486232e+308
90,"7/25/99",1,1121021,2,2,1,16,0,0,1,0,1.79769313486232e+308,1.79769313486232e+308,1.79769313486232e+308
91,"7/25/99",1,1121121,1.79769313486232e+308,1.79769313486232e+308,1.79769313486232e+308,1.79769313486232e+308,1.79769313486232e+308,1.79769313486232e+308,1.79769313486232e+308,1.79769313486232e+308,1.79769313486232e+308,1.79769313486232e+308,1.79769313486232e+308
92,"7/25/99",1,1121122,2,2,1,14,0,0,3,0,1.79769313486232e+308,1.79769313486232e+308,1.79769313486232e+308
93,"7/25/99",1,1121221,2,2,1,14,0,0,4,0,1.79769313486232e+308,1.79769313486232e+308,1.79769313486232e+308
1,"7/08/99",1,1130121,2,2,1,15,0,0,3,0,1.79769313486232e+308,1.79769313486232e+308,1.79769313486232e+308
2,"7/08/99",1,1130121,5,2,2,1.79769313486232e+308,1.79769313486232e+308,1.79769313486232e+308,1.79769313486232e+308,1.79769313486232e+308,1.79769313486232e+308,1.79769313486232e+308,1.79769313486232e+308
3,"7/08/99",1,1130121,6,2,2,1.79769313486232e+308,1.79769313486232e+308,1.79769313486232e+308,1.79769313486232e+308,1.79769313486232e+308,1.79769313486232e+308,1.79769313486232e+308,1.79769313486232e+308
4,"7/08/99",1,1130121,7,2,1,19,0,0,7,0,1.79769313486232e+308,1.79769313486232e+308,1.79769313486232e+308
20,"7/08/99",1,1130141,2,2,1,15,0,0,8,0,1.79769313486232e+308,1.79769313486232e+308,1.79769313486232e+308
24,"7/08/99",1,1130151,2,2,1,16,0,6000,20,0,1.79769313486232e+308,1.79769313486232e+308,1.79769313486232e+308
25,"7/08/99",1,1130151,9,2,2,1.79769313486232e+308,1.79769313486232e+308,1.79769313486232e+308,1.79769313486232e+308,1.79769313486232e+308,1.79769313486232e+308,1.79769313486232e+308,1.79769313486232e+308
26,"7/08/99",1,1130152,2,2,1,16,0,6000,18,0,1.79769313486232e+308,1.79769313486232e+308,1.79769313486232e+308
27,"7/08/99",1,1130153,2,2,1,15,2000,0,1,0,1.79769313486232e+308,1.79769313486232e+308,1.79769313486232e+308
5,"7/08/99",1,1130221,2,2,1,13,0,0,12.5,6,1.79769313486232e+308,1.79769313486232e+308,1.79769313486232e+308
6,"7/08/99",1,1130221,3,2,2,1.79769313486232e+308,1.79769313486232e+308,1.79769313486232e+308,1.79769313486232e+308,1.79769313486232e+308,1.79769313486232e+308,1.79769313486232e+308,1.79769313486232e+308
28,"7/08/99",1,1130251,6,6,1,16,0,0,20,0,1.79769313486232e+308,1.79769313486232e+308,1.79769313486232e+308
29,"7/08/99",1,1130252,2,2,1,18,0,0,10,0,1.79769313486232e+308,1.79769313486232e+308,1.79769313486232e+308
7,"7/08/99",1,1130321,2,2,1,17,0,0,0.119999997317791,0,1.79769313486232e+308,1.79769313486232e+308,1.79769313486232e+308
21,"7/08/99",1,1130341,2,2,1,15,0,1000,7,0,1.79769313486232e+308,1.79769313486232e+308,1.79769313486232e+308
30,"7/08/99",1,1130351,2,2,1,18,0,4000,12,0,1.79769313486232e+308,1.79769313486232e+308,1.79769313486232e+308
8,"7/08/99",1,1130421,2,2,1,13,0,0,0.119999997317791,0,1.79769313486232e+308,1.79769313486232e+308,1.79769313486232e+308
9,"7/08/99",1,1130422,2,2,1,14,0,0,1.5,0,1.79769313486232e+308,1.79769313486232e+308,1.79769313486232e+308
22,"7/08/99",1,1130441,1,1,1,15,0,0,2,0,2,1987,2
31,"7/08/99",1,1130459,2,2,1,15,0,0,3,0,1.79769313486232e+308,1.79769313486232e+308,1.79769313486232e+308
32,"7/08/99",1,1130459,3,2,2,1.79769313486232e+308,1.79769313486232e+308,1.79769313486232e+308,1.79769313486232e+308,1.79769313486232e+308,1.79769313486232e+308,1.79769313486232e+308,1.79769313486232e+308
33,"7/08/99",1,1130459,6,6,1,14,0,0,5,0,1.79769313486232e+308,1.79769313486232e+308,1.79769313486232e+308
10,"7/08/99",1,1130521,2,2,1,16,0,0,0,0,1.79769313486232e+308,1.79769313486232e+308,1.79769313486232e+308
23,"7/08/99",1,1130541,2,2,1,12,0,0,0,0,1.79769313486232e+308,1.79769313486232e+308,1.79769313486232e+308
11,"7/08/99",1,1130621,2,2,1,14,0,0,12,0,1.79769313486232e+308,1.79769313486232e+308,1.79769313486232e+308
12,"7/08/99",1,1130621,5,5,2,1.79769313486232e+308,1.79769313486232e+308,1.79769313486232e+308,1.79769313486232e+308,1.79769313486232e+308,1.79769313486232e+308,1.79769313486232e+308,1.79769313486232e+308
13,"7/08/99",1,1130721,2,2,1,14,0,0,10,0,1.79769313486232e+308,1.79769313486232e+308,1.79769313486232e+308
14,"7/08/99",1,1130721,4,2,2,1.79769313486232e+308,1.79769313486232e+308,1.79769313486232e+308,1.79769313486232e+308,1.79769313486232e+308,1.79769313486232e+308,1.79769313486232e+308,1.79769313486232e+308
15,"7/08/99",1,1130821,2,2,1,15,0,0,0.119999997317791,0,1.79769313486232e+308,1.79769313486232e+308,1.79769313486232e+308
16,"7/08/99",1,1130921,2,2,1,18,5000,0,4.5,0,1.79769313486232e+308,1.79769313486232e+308,1.79769313486232e+308
17,"7/08/99",1,1131021,2,1,1,14,0,0,12,0,1.79769313486232e+308,1.79769313486232e+308,1.79769313486232e+308
18,"7/08/99",1,1131121,6,6,1,15,0,2000,0.119999997317791,0,1.79769313486232e+308,1.79769313486232e+308,1.79769313486232e+308
19,"7/08/99",1,1131221,2,2,1,14,0,0,0.119999997317791,0,1.79769313486232e+308,1.79769313486232e+308,1.79769313486232e+308
1,"5/20/99",1,1210121,2,2,1,15,3000,0,4,0,1.79769313486232e+308,1.79769313486232e+308,1.79769313486232e+308
16,"5/27/99",1,1210141,8,1,2,1.79769313486232e+308,1.79769313486232e+308,1.79769313486232e+308,1.79769313486232e+308,1.79769313486232e+308,1.79769313486232e+308,1.79769313486232e+308,1.79769313486232e+308
17,"5/27/99",1,1210142,2,1,1,15,4000,0,0.25,2.5,1.79769313486232e+308,1.79769313486232e+308,1.79769313486232e+308
97,"9/12/99",1,1210151,1,1,1,14,0,0,0.25,0,1,1990,2
1.79769313486232e+308,"10/18/99",1,1210151,6,1,2,1.79769313486232e+308,1.79769313486232e+308,1.79769313486232e+308,1.79769313486232e+308,1.79769313486232e+308,1.79769313486232e+308,1.79769313486232e+308,1.79769313486232e+308
1.79769313486232e+308,"10/18/99",1,1210151,8,1,1,17,0,0,5,12,1.79769313486232e+308,1.79769313486232e+308,1.79769313486232e+308
18,"5/27/99",1,1210241,7,1,1,14,0,0,2,0,1.79769313486232e+308,1.79769313486232e+308,1.79769313486232e+308
19,"5/27/99",1,1210242,3,1,1,20,3000,0,8,0,1,1990,6
20,"5/27/99",1,1210243,2,1,1,19,2000,0,3,0,1.79769313486232e+308,1.79769313486232e+308,1.79769313486232e+308
25,"5/27/99",1,1210251,1.79769313486232e+308,1.79769313486232e+308,1.79769313486232e+308,1.79769313486232e+308,1.79769313486232e+308,1.79769313486232e+308,1.79769313486232e+308,1.79769313486232e+308,1.79769313486232e+308,1.79769313486232e+308,1.79769313486232e+308
26,"5/27/99",1,1210252,2,1,1,15,0,0,39,0,1.79769313486232e+308,1.79769313486232e+308,1.79769313486232e+308
27,"5/27/99",1,1210253,2,1,1,16,0,0,10,0,1.79769313486232e+308,1.79769313486232e+308,1.79769313486232e+308
2,"5/27/99",1,1210321,2,2,1,18,0,0,1.5,0,1.79769313486232e+308,1.79769313486232e+308,1.79769313486232e+308
21,"5/27/99",1,1210341,2,1,1,17,0,0,5,0,1.79769313486232e+308,1.79769313486232e+308,1.79769313486232e+308
22,"5/27/99",1,1210342,4,4,1,15,0,0,1,71,1.79769313486232e+308,1.79769313486232e+308,1.79769313486232e+308
28,"5/27/99",1,1210351,7,4,2,1.79769313486232e+308,1.79769313486232e+308,1.79769313486232e+308,1.79769313486232e+308,1.79769313486232e+308,1.79769313486232e+308,1.79769313486232e+308,1.79769313486232e+308
3,"5/27/99",1,1210421,2,2,1,16,1000,0,0,0,1.79769313486232e+308,1.79769313486232e+308,1.79769313486232e+308
23,"5/27/99",1,1210441,2,2,1,16,1200,0,0.5,0,1.79769313486232e+308,1.79769313486232e+308,1.79769313486232e+308
105,"9/12/99",1,1210459,2,1,1,18,0,0,5,0,1.79769313486232e+308,1.79769313486232e+308,1.79769313486232e+308
1.79769313486232e+308,"10/18/99",1,1210459,3,1,2,1.79769313486232e+308,1.79769313486232e+308,1.79769313486232e+308,1.79769313486232e+308,1.79769313486232e+308,1.79769313486232e+308,1.79769313486232e+308,1.79769313486232e+308
4,"5/27/99",1,1210521,2,2,1,18,0,0,4,0,1.79769313486232e+308,1.79769313486232e+308,1.79769313486232e+308
5,"5/27/99",1,1210521,7,2,2,1.79769313486232e+308,1.79769313486232e+308,1.79769313486232e+308,1.79769313486232e+308,1.79769313486232e+308,1.79769313486232e+308,1.79769313486232e+308,1.79769313486232e+308
6,"5/27/99",1,1210521,8,2,2,1.79769313486232e+308,1.79769313486232e+308,1.79769313486232e+308,1.79769313486232e+308,1.79769313486232e+308,1.79769313486232e+308,1.79769313486232e+308,1.79769313486232e+308
7,"5/27/99",1,1210522,3,2,1,17,0,0,6,0,1.79769313486232e+308,1.79769313486232e+308,1.79769313486232e+308
24,"5/27/99",1,1210541,2,2,1,17,0,0,15,0,1.79769313486232e+308,1.79769313486232e+308,1.79769313486232e+308
8,"5/27/99",1,1210621,5,1,1,18,0,0,4,0,1.79769313486232e+308,1.79769313486232e+308,1.79769313486232e+308
9,"5/27/99",1,1210721,2,1,1,18,2300,0,4,0,1.79769313486232e+308,1.79769313486232e+308,1.79769313486232e+308
10,"5/27/99",1,1210821,7,1,2,1.79769313486232e+308,1.79769313486232e+308,1.79769313486232e+308,1.79769313486232e+308,1.79769313486232e+308,1.79769313486232e+308,1.79769313486232e+308,1.79769313486232e+308
11,"5/27/99",1,1210821,8,1,2,1.79769313486232e+308,1.79769313486232e+308,1.79769313486232e+308,1.79769313486232e+308,1.79769313486232e+308,1.79769313486232e+308,1.79769313486232e+308,1.79769313486232e+308
12,"5/27/99",1,1210921,2,1,1,18,0,0,5,0,1.79769313486232e+308,1.79769313486232e+308,1.79769313486232e+308
13,"5/27/99",1,1211021,2,2,1,18,2500,0,4,12,1.79769313486232e+308,1.79769313486232e+308,1.79769313486232e+308
14,"5/27/99",1,1211121,6,1,1,16,0,0,6,0,1.79769313486232e+308,1.79769313486232e+308,1.79769313486232e+308
15,"5/27/99",1,1211122,2,2,1,15,0,0,5,0,1.79769313486232e+308,1.79769313486232e+308,1.79769313486232e+308
265,"6/23/99",1,1220141,3,3,1,17,4000,0,4,0,1.79769313486232e+308,1.79769313486232e+308,1.79769313486232e+308
273,"6/23/99",1,1220151,4,4,1,15,0,0,5,0,1.79769313486232e+308,1.79769313486232e+308,1.79769313486232e+308
274,"6/23/99",1,1220152,2,2,1,15,2500,0,15,0,1.79769313486232e+308,1.79769313486232e+308,1.79769313486232e+308
253,"6/23/99",1,1220221,2,2,1,16,3000,0,2,0,1.79769313486232e+308,1.79769313486232e+308,1.79769313486232e+308
266,"6/23/99",1,1220241,1.79769313486232e+308,1.79769313486232e+308,1.79769313486232e+308,1.79769313486232e+308,1.79769313486232e+308,1.79769313486232e+308,1.79769313486232e+308,1.79769313486232e+308,1.79769313486232e+308,1.79769313486232e+308,1.79769313486232e+308
275,"6/23/99",1,1220251,1.79769313486232e+308,1.79769313486232e+308,1.79769313486232e+308,1.79769313486232e+308,1.79769313486232e+308,1.79769313486232e+308,1.79769313486232e+308,1.79769313486232e+308,1.79769313486232e+308,1.79769313486232e+308,1.79769313486232e+308
276,"6/23/99",1,1220252,2,2,1,14,0,0,10,0,1.79769313486232e+308,1.79769313486232e+308,1.79769313486232e+308
254,"6/23/99",1,1220321,2,1,1,16,0,0,1,0,1.79769313486232e+308,1.79769313486232e+308,1.79769313486232e+308
267,"6/23/99",1,1220341,3,1,1,17,5000,0,0.25,0,2,1981,6
268,"6/23/99",1,1220341,6,1,1,18,5000,0,4,0,2,1989,10
269,"6/23/99",1,1220341,11,1,1,18,7000,0,2,0,1.79769313486232e+308,1.79769313486232e+308,1.79769313486232e+308
270,"6/23/99",1,1220342,2,1,1,17,6000,0,0.75,0,1.79769313486232e+308,1.79769313486232e+308,1.79769313486232e+308
277,"6/23/99",1,1220351,2,2,1,15,0,0,1.5,0,1,1993,4
278,"6/23/99",1,1220351,5,2,2,1.79769313486232e+308,1.79769313486232e+308,1.79769313486232e+308,1.79769313486232e+308,1.79769313486232e+308,1.79769313486232e+308,1.79769313486232e+308,1.79769313486232e+308
255,"6/23/99",1,1220421,1.79769313486232e+308,1.79769313486232e+308,1.79769313486232e+308,1.79769313486232e+308,1.79769313486232e+308,1.79769313486232e+308,1.79769313486232e+308,1.79769313486232e+308,1.79769313486232e+308,1.79769313486232e+308,1.79769313486232e+308
271,"6/23/99",1,1220441,2,1,1,19,3500,0,7,0,1.79769313486232e+308,1.79769313486232e+308,1.79769313486232e+308
279,"6/23/99",1,1220459,2,2,1,18,0,0,8,0,1.79769313486232e+308,1.79769313486232e+308,1.79769313486232e+308
1.79769313486232e+308,"9/01/99",1,1220459,3,3,2,1.79769313486232e+308,1.79769313486232e+308,1.79769313486232e+308,1.79769313486232e+308,1.79769313486232e+308,1.79769313486232e+308,1.79769313486232e+308,1.79769313486232e+308
256,"6/23/99",1,1220521,1.79769313486232e+308,1.79769313486232e+308,1.79769313486232e+308,1.79769313486232e+308,1.79769313486232e+308,1.79769313486232e+308,1.79769313486232e+308,1.79769313486232e+308,1.79769313486232e+308,1.79769313486232e+308,1.79769313486232e+308
272,"6/23/99",1,1220541,2,2,1,16,0,0,0.5,0,1.79769313486232e+308,1.79769313486232e+308,1.79769313486232e+308
257,"6/23/99",1,1220621,2,3,1,15,0,0,6,0,1,1994,2
1.79769313486232e+308,"9/01/99",1,1220621,7,3,2,1.79769313486232e+308,1.79769313486232e+308,1.79769313486232e+308,1.79769313486232e+308,1.79769313486232e+308,1.79769313486232e+308,1.79769313486232e+308,1.79769313486232e+308
258,"6/23/99",1,1220721,1.79769313486232e+308,1.79769313486232e+308,1.79769313486232e+308,1.79769313486232e+308,1.79769313486232e+308,1.79769313486232e+308,1.79769313486232e+308,1.79769313486232e+308,1.79769313486232e+308,1.79769313486232e+308,1.79769313486232e+308
259,"6/23/99",1,1220722,2,2,1,17,5000,0,2.5,10,1.79769313486232e+308,1.79769313486232e+308,1.79769313486232e+308
260,"6/23/99",1,1220821,2,1,1,17,0,0,2,0,1.79769313486232e+308,1.79769313486232e+308,1.79769313486232e+308
261,"6/23/99",1,1220921,1,1,1,16,0,0,2,0,1.79769313486232e+308,1.79769313486232e+308,1.79769313486232e+308
262,"6/23/99",1,1220921,3,1,1,17,5000,0,1,0,1.79769313486232e+308,1.79769313486232e+308,1.79769313486232e+308
263,"6/23/99",1,1221021,1,1,1,15,2000,0,0.25,0,1,1987,4
1.79769313486232e+308,"11/20/99",1,1221021,3,1,2,1.79769313486232e+308,1.79769313486232e+308,1.79769313486232e+308,1.79769313486232e+308,1.79769313486232e+308,1.79769313486232e+308,1.79769313486232e+308,1.79769313486232e+308
264,"6/23/99",1,1221221,1.79769313486232e+308,1.79769313486232e+308,1.79769313486232e+308,1.79769313486232e+308,1.79769313486232e+308,1.79769313486232e+308,1.79769313486232e+308,1.79769313486232e+308,1.79769313486232e+308,1.79769313486232e+308,1.79769313486232e+308
379,"7/06/99",1,1230121,2,2,1,18,0,0,2.5,0,1,1994,10
380,"7/06/99",1,1230121,5,2,2,1.79769313486232e+308,1.79769313486232e+308,1.79769313486232e+308,1.79769313486232e+308,1.79769313486232e+308,1.79769313486232e+308,1.79769313486232e+308,1.79769313486232e+308
381,"7/06/99",1,1230122,2,1,1,16,5000,0,2,0,1.79769313486232e+308,1.79769313486232e+308,1.79769313486232e+308
394,"7/06/99",1,1230141,2,2,1,12,0,0,3,0,2,1984,5
395,"7/06/99",1,1230141,3,2,1,15,0,0,2,0,1,1991,1
396,"7/06/99",1,1230141,4,2,2,1.79769313486232e+308,1.79769313486232e+308,1.79769313486232e+308,1.79769313486232e+308,1.79769313486232e+308,1.79769313486232e+308,1.79769313486232e+308,1.79769313486232e+308
402,"7/06/99",1,1230151,7,2,2,1.79769313486232e+308,1.79769313486232e+308,1.79769313486232e+308,1.79769313486232e+308,1.79769313486232e+308,1.79769313486232e+308,1.79769313486232e+308,1.79769313486232e+308
401,"7/06/99",1,1230151,9,2,1,18,5000,0,4,0,1.79769313486232e+308,1.79769313486232e+308,1.79769313486232e+308
382,"7/06/99",1,1230221,2,2,1,17,0,0,0.5,0,1.79769313486232e+308,1.79769313486232e+308,1.79769313486232e+308
397,"7/06/99",1,1230241,4,10,1,17,5000,0,7,0,1.79769313486232e+308,1.79769313486232e+308,1.79769313486232e+308
398,"7/06/99",1,1230241,15,10,1,18,0,0,0.5,0,1.79769313486232e+308,1.79769313486232e+308,1.79769313486232e+308
403,"7/06/99",1,1230251,2,1,1,19,0,0,2,0,1.79769313486232e+308,1.79769313486232e+308,1.79769313486232e+308
404,"7/06/99",1,1230251,5,1,2,1.79769313486232e+308,1.79769313486232e+308,1.79769313486232e+308,1.79769313486232e+308,1.79769313486232e+308,1.79769313486232e+308,1.79769313486232e+308,1.79769313486232e+308
383,"7/06/99",1,1230321,5,1,1,18,7000,0,2,0,1.79769313486232e+308,1.79769313486232e+308,1.79769313486232e+308
384,"7/06/99",1,1230322,1,1,1,16,2000,0,12,0,2,1989,6
399,"7/06/99",1,1230341,4,3,1,18,5000,0,25,0,1.79769313486232e+308,1.79769313486232e+308,1.79769313486232e+308
405,"7/06/99",1,1230351,2,2,1,19,3000,0,7,0,1,1999,2
406,"7/06/99",1,1230352,2,1,1,19,8000,0,70,0,1.79769313486232e+308,1.79769313486232e+308,1.79769313486232e+308
385,"7/06/99",1,1230421,1.79769313486232e+308,1.79769313486232e+308,1.79769313486232e+308,1.79769313486232e+308,1.79769313486232e+308,1.79769313486232e+308,1.79769313486232e+308,1.79769313486232e+308,1.79769313486232e+308,1.79769313486232e+308,1.79769313486232e+308
400,"7/06/99",1,1230441,2,1,1,17,0,0,12,0,1.79769313486232e+308,1.79769313486232e+308,1.79769313486232e+308
407,"7/06/99",1,1230459,3,1.79769313486232e+308,1,20,3000,0,7,0,2,1993,10
408,"7/06/99",1,1230459,6,1.79769313486232e+308,1,17,5000,0,4,0,1.79769313486232e+308,1.79769313486232e+308,1.79769313486232e+308
386,"7/06/99",1,1230521,2,1,1,17,0,0,10,0,1.79769313486232e+308,1.79769313486232e+308,1.79769313486232e+308
387,"7/06/99",1,1230521,3,1,2,1.79769313486232e+308,1.79769313486232e+308,1.79769313486232e+308,1.79769313486232e+308,1.79769313486232e+308,1.79769313486232e+308,1.79769313486232e+308,1.79769313486232e+308
388,"7/06/99",1,1230521,4,1,2,1.79769313486232e+308,1.79769313486232e+308,1.79769313486232e+308,1.79769313486232e+308,1.79769313486232e+308,1.79769313486232e+308,1.79769313486232e+308,1.79769313486232e+308
389,"7/06/99",1,1230621,5,1,1,17,0,0,6,2,1.79769313486232e+308,1.79769313486232e+308,1.79769313486232e+308
390,"7/06/99",1,1230721,2,1,1,19,5000,0,0,0,1.79769313486232e+308,1.79769313486232e+308,1.79769313486232e+308
391,"7/06/99",1,1231021,2,1,1,17,0,0,1.5,0,1.79769313486232e+308,1.79769313486232e+308,1.79769313486232e+308
392,"7/06/99",1,1231121,5,1,2,1.79769313486232e+308,1.79769313486232e+308,1.79769313486232e+308,1.79769313486232e+308,1.79769313486232e+308,1.79769313486232e+308,1.79769313486232e+308,1.79769313486232e+308
393,"7/06/99",1,1231222,2,1,1,15,1500,0,0.5,10,1.79769313486232e+308,1.79769313486232e+308,1.79769313486232e+308
387,"7/04/99",1,1310141,2,2,1,18,2500,0,1.5,0,1.79769313486232e+308,1.79769313486232e+308,1.79769313486232e+308
392,"7/04/99",1,1310151,3,2,2,1.79769313486232e+308,1.79769313486232e+308,1.79769313486232e+308,1.79769313486232e+308,1.79769313486232e+308,1.79769313486232e+308,1.79769313486232e+308,1.79769313486232e+308
393,"7/04/99",1,1310151,12,2,1,16,0,0,4,0,1,1986,1
374,"7/04/99",1,1310221,2,1,1,13,0,0,0.5,0,1.79769313486232e+308,1.79769313486232e+308,1.79769313486232e+308
388,"7/04/99",1,1310241,2,2,1,14,0,0,2,0,1.79769313486232e+308,1.79769313486232e+308,1.79769313486232e+308
389,"7/04/99",1,1310241,3,3,2,1.79769313486232e+308,1.79769313486232e+308,1.79769313486232e+308,1.79769313486232e+308,1.79769313486232e+308,1.79769313486232e+308,1.79769313486232e+308,1.79769313486232e+308
394,"7/04/99",1,1310251,2,2,1,15,0,0,5,0,1.79769313486232e+308,1.79769313486232e+308,1.79769313486232e+308
395,"7/04/99",1,1310251,7,1,2,1.79769313486232e+308,1.79769313486232e+308,1.79769313486232e+308,1.79769313486232e+308,1.79769313486232e+308,1.79769313486232e+308,1.79769313486232e+308,1.79769313486232e+308
396,"7/04/99",1,1310251,9,1,2,1.79769313486232e+308,1.79769313486232e+308,1.79769313486232e+308,1.79769313486232e+308,1.79769313486232e+308,1.79769313486232e+308,1.79769313486232e+308,1.79769313486232e+308
397,"7/04/99",1,1310251,13,13,1,14,0,0,4,0,1.79769313486232e+308,1.79769313486232e+308,1.79769313486232e+308
375,"7/04/99",1,1310321,2,2,1,15,2500,0,1.5,1,1.79769313486232e+308,1.79769313486232e+308,1.79769313486232e+308
390,"7/04/99",1,1310341,2,2,1,16,1500,0,5,0,1.79769313486232e+308,1.79769313486232e+308,1.79769313486232e+308
398,"7/04/99",1,1310351,1.79769313486232e+308,1.79769313486232e+308,1.79769313486232e+308,1.79769313486232e+308,1.79769313486232e+308,1.79769313486232e+308,1.79769313486232e+308,1.79769313486232e+308,1.79769313486232e+308,1.79769313486232e+308,1.79769313486232e+308
399,"7/04/99",1,1310352,2,2,1,20,6000,0,0.0500000007450581,0,1.79769313486232e+308,1.79769313486232e+308,1.79769313486232e+308
400,"7/04/99",1,1310353,2,2,1,16,0,0,2,0,1.79769313486232e+308,1.79769313486232e+308,1.79769313486232e+308
376,"7/04/99",1,1310421,2,2,1,14,0,0,3,0,1.79769313486232e+308,1.79769313486232e+308,1.79769313486232e+308
377,"7/04/99",1,1310421,3,2,1,18,0,0,2,0,1.79769313486232e+308,1.79769313486232e+308,1.79769313486232e+308
401,"7/04/99",1,1310459,2,2,1,14,0,0,9,0,1.79769313486232e+308,1.79769313486232e+308,1.79769313486232e+308
1.79769313486232e+308,"8/25/99",1,1310459,4,4,2,1.79769313486232e+308,1.79769313486232e+308,1.79769313486232e+308,1.79769313486232e+308,1.79769313486232e+308,1.79769313486232e+308,1.79769313486232e+308,1.79769313486232e+308
1.79769313486232e+308,"8/25/99",1,1310459,5,5,2,1.79769313486232e+308,1.79769313486232e+308,1.79769313486232e+308,1.79769313486232e+308,1.79769313486232e+308,1.79769313486232e+308,1.79769313486232e+308,1.79769313486232e+308
378,"7/04/99",1,1310521,2,1,1,15,0,0,5,0,1.79769313486232e+308,1.79769313486232e+308,1.79769313486232e+308
391,"7/04/99",1,1310541,2,2,1,12,0,0,2,2,1.79769313486232e+308,1.79769313486232e+308,1.79769313486232e+308
379,"7/04/99",1,1310821,2,2,1,13,0,0,8,0,1.79769313486232e+308,1.79769313486232e+308,1.79769313486232e+308
380,"7/04/99",1,1310821,4,2,2,1.79769313486232e+308,1.79769313486232e+308,1.79769313486232e+308,1.79769313486232e+308,1.79769313486232e+308,1.79769313486232e+308,1.79769313486232e+308,1.79769313486232e+308
381,"7/04/99",1,1310921,3,2,1,15,0,0,9,0,1.79769313486232e+308,1.79769313486232e+308,1.79769313486232e+308
382,"7/04/99",1,1311021,4,4,1,16,7000,0,5,6,1.79769313486232e+308,1.79769313486232e+308,1.79769313486232e+308
383,"7/04/99",1,1311121,2,2,1,9,0,0,3,24,1.79769313486232e+308,1.79769313486232e+308,1.79769313486232e+308
384,"7/04/99",1,1311121,5,5,1,16,0,0,3,0,1.79769313486232e+308,1.79769313486232e+308,1.79769313486232e+308
385,"7/04/99",1,1311121,6,6,1,17,0,0,12,0,1.79769313486232e+308,1.79769313486232e+308,1.79769313486232e+308
386,"7/04/99",1,1311221,2,2,1,18,0,0,20,0,1.79769313486232e+308,1.79769313486232e+308,1.79769313486232e+308
148,"7/20/99",1,1320121,1.79769313486232e+308,1.79769313486232e+308,1.79769313486232e+308,1.79769313486232e+308,1.79769313486232e+308,1.79769313486232e+308,1.79769313486232e+308,1.79769313486232e+308,1.79769313486232e+308,1.79769313486232e+308,1.79769313486232e+308
164,"7/22/99",1,1320141,4,4,2,1.79769313486232e+308,1.79769313486232e+308,1.79769313486232e+308,1.79769313486232e+308,1.79769313486232e+308,1.79769313486232e+308,1.79769313486232e+308,1.79769313486232e+308
165,"7/22/99",1,1320142,2,2,1,17,0,0,3,0,1.79769313486232e+308,1.79769313486232e+308,1.79769313486232e+308
171,"7/22/99",1,1320151,1.79769313486232e+308,1.79769313486232e+308,1.79769313486232e+308,1.79769313486232e+308,1.79769313486232e+308,1.79769313486232e+308,1.79769313486232e+308,1.79769313486232e+308,1.79769313486232e+308,1.79769313486232e+308,1.79769313486232e+308
149,"7/22/99",1,1320221,2,2,1,14,0,0,7,0,1.79769313486232e+308,1.79769313486232e+308,1.79769313486232e+308
150,"7/22/99",1,1320221,4,4,2,1.79769313486232e+308,1.79769313486232e+308,1.79769313486232e+308,1.79769313486232e+308,1.79769313486232e+308,1.79769313486232e+308,1.79769313486232e+308,1.79769313486232e+308
166,"7/22/99",1,1320241,2,2,1,13,0,0,8,0,1.79769313486232e+308,1.79769313486232e+308,1.79769313486232e+308
151,"7/22/99",1,1320321,2,2,1,15,0,0,27,0,1.79769313486232e+308,1.79769313486232e+308,1.79769313486232e+308
152,"7/22/99",1,1320321,3,3,2,1.79769313486232e+308,1.79769313486232e+308,1.79769313486232e+308,1.79769313486232e+308,1.79769313486232e+308,1.79769313486232e+308,1.79769313486232e+308,1.79769313486232e+308
167,"7/22/99",1,1320341,2,2,1,13,0,0,8,0,1.79769313486232e+308,1.79769313486232e+308,1.79769313486232e+308
172,"7/22/99",1,1320351,4,4,2,1.79769313486232e+308,1.79769313486232e+308,1.79769313486232e+308,1.79769313486232e+308,1.79769313486232e+308,1.79769313486232e+308,1.79769313486232e+308,1.79769313486232e+308
153,"7/22/99",1,1320421,2,2,1,22,0,0,15,0,1.79769313486232e+308,1.79769313486232e+308,1.79769313486232e+308
168,"7/22/99",1,1320441,2,2,1,18,0,0,5,0,1.79769313486232e+308,1.79769313486232e+308,1.79769313486232e+308
173,"7/22/99",1,1320459,7,7,1,19,0,0,23,0,1.79769313486232e+308,1.79769313486232e+308,1.79769313486232e+308
154,"7/22/99",1,1320521,2,2,1,16,0,0,4,0,1.79769313486232e+308,1.79769313486232e+308,1.79769313486232e+308
155,"7/22/99",1,1320521,3,3,2,1.79769313486232e+308,1.79769313486232e+308,1.79769313486232e+308,1.79769313486232e+308,1.79769313486232e+308,1.79769313486232e+308,1.79769313486232e+308,1.79769313486232e+308
169,"7/22/99",1,1320541,2,2,1,14,0,0,200,0,1.79769313486232e+308,1.79769313486232e+308,1.79769313486232e+308
170,"7/22/99",1,1320541,8,8,1,14,0,0,2,0,1.79769313486232e+308,1.79769313486232e+308,1.79769313486232e+308
156,"7/22/99",1,1320621,6,6,2,1.79769313486232e+308,1.79769313486232e+308,1.79769313486232e+308,1.79769313486232e+308,1.79769313486232e+308,1.79769313486232e+308,1.79769313486232e+308,1.79769313486232e+308
157,"7/22/99",1,1320621,7,7,2,1.79769313486232e+308,1.79769313486232e+308,1.79769313486232e+308,1.79769313486232e+308,1.79769313486232e+308,1.79769313486232e+308,1.79769313486232e+308,1.79769313486232e+308
158,"7/22/99",1,1320721,2,2,1,15,0,0,45,0,1.79769313486232e+308,1.79769313486232e+308,1.79769313486232e+308
159,"7/22/99",1,1320921,2,2,1,20,0,0,5,0,1.79769313486232e+308,1.79769313486232e+308,1.79769313486232e+308
160,"7/22/99",1,1321021,2,2,1,15,0,0,18,0,1.79769313486232e+308,1.79769313486232e+308,1.79769313486232e+308
161,"7/22/99",1,1321021,4,4,2,1.79769313486232e+308,1.79769313486232e+308,1.79769313486232e+308,1.79769313486232e+308,1.79769313486232e+308,1.79769313486232e+308,1.79769313486232e+308,1.79769313486232e+308
162,"7/22/99",1,1321121,2,2,1,20,0,0,30,0,1.79769313486232e+308,1.79769313486232e+308,1.79769313486232e+308
163,"7/22/99",1,1321121,4,4,2,1.79769313486232e+308,1.79769313486232e+308,1.79769313486232e+308,1.79769313486232e+308,1.79769313486232e+308,1.79769313486232e+308,1.79769313486232e+308,1.79769313486232e+308
26,"8/01/99",1,1330121,2,2,1,16,0,0,0.00999999977648258,0,1.79769313486232e+308,1.79769313486232e+308,1.79769313486232e+308
38,"8/01/99",1,1330141,1.79769313486232e+308,1.79769313486232e+308,1.79769313486232e+308,1.79769313486232e+308,1.79769313486232e+308,1.79769313486232e+308,1.79769313486232e+308,1.79769313486232e+308,1.79769313486232e+308,1.79769313486232e+308,1.79769313486232e+308
43,"8/01/99",1,1330151,4,4,1,15,0,0,4,0,1.79769313486232e+308,1.79769313486232e+308,1.79769313486232e+308
23,"8/01/99",1,1330221,2,2,1,14,0,0,0,0,1.79769313486232e+308,1.79769313486232e+308,1.79769313486232e+308
24,"8/01/99",1,1330221,6,6,1,14,0,0,30,0,1.79769313486232e+308,1.79769313486232e+308,1.79769313486232e+308
25,"8/01/99",1,1330221,9,9,1,16,0,0,15,0,1.79769313486232e+308,1.79769313486232e+308,1.79769313486232e+308
1.79769313486232e+308,".",1.79769313486232e+308,1330251,5,1.79769313486232e+308,2,1.79769313486232e+308,1.79769313486232e+308,1.79769313486232e+308,1.79769313486232e+308,1.79769313486232e+308,1.79769313486232e+308,1.79769313486232e+308,1.79769313486232e+308
44,"8/01/99",1,1330251,1.79769313486232e+308,1.79769313486232e+308,1.79769313486232e+308,1.79769313486232e+308,1.79769313486232e+308,1.79769313486232e+308,1.79769313486232e+308,1.79769313486232e+308,1.79769313486232e+308,1.79769313486232e+308,1.79769313486232e+308
45,"8/01/99",1,1330252,2,1,1,16,5000,0,4,0,1.79769313486232e+308,1.79769313486232e+308,1.79769313486232e+308
27,"8/01/99",1,1330321,2,2,1,17,0,0,10,0,1.79769313486232e+308,1.79769313486232e+308,1.79769313486232e+308
39,"8/01/99",1,1330341,2,2,1,15,0,0,8,0,1.79769313486232e+308,1.79769313486232e+308,1.79769313486232e+308
46,"8/01/99",1,1330351,2,2,1,14,0,0,15,0,1.79769313486232e+308,1.79769313486232e+308,1.79769313486232e+308
28,"8/01/99",1,1330421,1.79769313486232e+308,1.79769313486232e+308,1.79769313486232e+308,1.79769313486232e+308,1.79769313486232e+308,1.79769313486232e+308,1.79769313486232e+308,1.79769313486232e+308,1.79769313486232e+308,1.79769313486232e+308,1.79769313486232e+308
29,"8/01/99",1,1330422,2,2,1,16,0,0,8,0,1.79769313486232e+308,1.79769313486232e+308,1.79769313486232e+308
40,"8/01/99",1,1330441,2,2,1,14,0,0,8,0,1.79769313486232e+308,1.79769313486232e+308,1.79769313486232e+308
47,"8/01/99",1,1330459,1.79769313486232e+308,1.79769313486232e+308,1.79769313486232e+308,1.79769313486232e+308,1.79769313486232e+308,1.79769313486232e+308,1.79769313486232e+308,1.79769313486232e+308,1.79769313486232e+308,1.79769313486232e+308,1.79769313486232e+308
41,"8/01/99",1,1330541,2,2,1,15,0,0,3,0,1.79769313486232e+308,1.79769313486232e+308,1.79769313486232e+308
42,"8/01/99",1,1330541,8,8,1,17,12000,0,5,0,1.79769313486232e+308,1.79769313486232e+308,1.79769313486232e+308
30,"8/01/99",1,1330621,8,8,1,17,0,0,10,0,1.79769313486232e+308,1.79769313486232e+308,1.79769313486232e+308
31,"8/01/99",1,1330622,2,2,1,19,0,0,1,0,1.79769313486232e+308,1.79769313486232e+308,1.79769313486232e+308
32,"8/01/99",1,1330721,3,3,1,16,0,0,7,0,1.79769313486232e+308,1.79769313486232e+308,1.79769313486232e+308
33,"8/01/99",1,1330721,4,4,2,1.79769313486232e+308,1.79769313486232e+308,1.79769313486232e+308,1.79769313486232e+308,1.79769313486232e+308,1.79769313486232e+308,1.79769313486232e+308,1.79769313486232e+308
34,"8/01/99",1,1330921,2,2,1,15,0,0,30,0,1.79769313486232e+308,1.79769313486232e+308,1.79769313486232e+308
1.79769313486232e+308,".",1.79769313486232e+308,1331021,5,1.79769313486232e+308,2,1.79769313486232e+308,1.79769313486232e+308,1.79769313486232e+308,1.79769313486232e+308,1.79769313486232e+308,1.79769313486232e+308,1.79769313486232e+308,1.79769313486232e+308
1.79769313486232e+308,".",1.79769313486232e+308,1331021,6,1.79769313486232e+308,2,1.79769313486232e+308,1.79769313486232e+308,1.79769313486232e+308,1.79769313486232e+308,1.79769313486232e+308,1.79769313486232e+308,1.79769313486232e+308,1.79769313486232e+308
35,"8/01/99",1,1331021,1.79769313486232e+308,1.79769313486232e+308,1.79769313486232e+308,1.79769313486232e+308,1.79769313486232e+308,1.79769313486232e+308,1.79769313486232e+308,1.79769313486232e+308,1.79769313486232e+308,1.79769313486232e+308,1.79769313486232e+308
36,"8/01/99",1,1331121,2,2,1,17,0,0,5,0,1.79769313486232e+308,1.79769313486232e+308,1.79769313486232e+308
37,"8/01/99",1,1331221,2,2,1,16,0,0,12,0,1.79769313486232e+308,1.79769313486232e+308,1.79769313486232e+308
313,"6/27/99",1,1410121,1.79769313486232e+308,1.79769313486232e+308,1.79769313486232e+308,1.79769313486232e+308,1.79769313486232e+308,1.79769313486232e+308,1.79769313486232e+308,1.79769313486232e+308,1.79769313486232e+308,1.79769313486232e+308,1.79769313486232e+308
314,"6/27/99",1,1410122,2,1,1,19,0,0,2,6,1.79769313486232e+308,1.79769313486232e+308,1.79769313486232e+308
329,"6/27/99",1,1410141,2,2,1,18,2000,0,6,0,1.79769313486232e+308,1.79769313486232e+308,1.79769313486232e+308
334,"6/27/99",1,1410151,7,1,1,20,0,0,3,18,1.79769313486232e+308,1.79769313486232e+308,1.79769313486232e+308
335,"6/27/99",1,1410152,2,2,1,20,10000,0,15,20,1.79769313486232e+308,1.79769313486232e+308,1.79769313486232e+308
336,"6/27/99",1,1410251,6,6,1,17,0,0,6,2,1.79769313486232e+308,1.79769313486232e+308,1.79769313486232e+308
315,"6/27/99",1,1410321,2,2,1,18,0,0,4,36,1.79769313486232e+308,1.79769313486232e+308,1.79769313486232e+308
330,"6/27/99",1,1410341,2,1,1,19,0,0,18,0,1.79769313486232e+308,1.79769313486232e+308,1.79769313486232e+308
1.79769313486232e+308,"",1.79769313486232e+308,1410341,5,1,2,1.79769313486232e+308,1.79769313486232e+308,1.79769313486232e+308,1.79769313486232e+308,1.79769313486232e+308,1.79769313486232e+308,1.79769313486232e+308,1.79769313486232e+308
337,"6/27/99",1,1410351,1.79769313486232e+308,1.79769313486232e+308,1.79769313486232e+308,1.79769313486232e+308,1.79769313486232e+308,1.79769313486232e+308,1.79769313486232e+308,1.79769313486232e+308,1.79769313486232e+308,1.79769313486232e+308,1.79769313486232e+308
316,"6/27/99",1,1410421,2,1,1,15,0,0,2,0,1.79769313486232e+308,1.79769313486232e+308,1.79769313486232e+308
317,"6/27/99",1,1410421,3,1,2,1.79769313486232e+308,1.79769313486232e+308,1.79769313486232e+308,1.79769313486232e+308,1.79769313486232e+308,1.79769313486232e+308,1.79769313486232e+308,1.79769313486232e+308
331,"6/27/99",1,1410441,2,1,1,17,0,0,1,0,1.79769313486232e+308,1.79769313486232e+308,1.79769313486232e+308
338,"6/27/99",1,1410459,8,1,2,1.79769313486232e+308,1.79769313486232e+308,1.79769313486232e+308,1.79769313486232e+308,1.79769313486232e+308,1.79769313486232e+308,1.79769313486232e+308,1.79769313486232e+308
339,"6/27/99",1,1410459,9,4,1,15,0,0,4,12,1.79769313486232e+308,1.79769313486232e+308,1.79769313486232e+308
332,"6/27/99",1,1410541,2,2,1,17,0,0,1,0,1.79769313486232e+308,1.79769313486232e+308,1.79769313486232e+308
1.79769313486232e+308,"",1.79769313486232e+308,1410541,3,2,2,1.79769313486232e+308,1.79769313486232e+308,1.79769313486232e+308,1.79769313486232e+308,1.79769313486232e+308,1.79769313486232e+308,1.79769313486232e+308,1.79769313486232e+308
318,"6/27/99",1,1410721,2,2,1,20,0,0,8,24,1.79769313486232e+308,1.79769313486232e+308,1.79769313486232e+308
333,"6/27/99",1,1410741,2,1,1,17,0,0,7,12,1.79769313486232e+308,1.79769313486232e+308,1.79769313486232e+308
319,"6/27/99",1,1410821,2,2,1,17,0,0,5,6,1.79769313486232e+308,1.79769313486232e+308,1.79769313486232e+308
1.79769313486232e+308,"",1.79769313486232e+308,1410821,3,3,2,1.79769313486232e+308,1.79769313486232e+308,1.79769313486232e+308,1.79769313486232e+308,1.79769313486232e+308,1.79769313486232e+308,1.79769313486232e+308,1.79769313486232e+308
320,"6/27/99",1,1410921,1,1,1,22,0,0,10,100,1.79769313486232e+308,1.79769313486232e+308,1.79769313486232e+308
321,"6/27/99",1,1411021,2,2,1,18,0,0,3,6,1.79769313486232e+308,1.79769313486232e+308,1.79769313486232e+308
322,"6/27/99",1,1411221,2,1,1,22,0,0,6,36,1.79769313486232e+308,1.79769313486232e+308,1.79769313486232e+308
323,"6/27/99",1,1411421,6,6,2,1.79769313486232e+308,1.79769313486232e+308,1.79769313486232e+308,1.79769313486232e+308,1.79769313486232e+308,1.79769313486232e+308,1.79769313486232e+308,1.79769313486232e+308
324,"6/27/99",1,1411421,7,6,2,1.79769313486232e+308,1.79769313486232e+308,1.79769313486232e+308,1.79769313486232e+308,1.79769313486232e+308,1.79769313486232e+308,1.79769313486232e+308,1.79769313486232e+308
325,"6/27/99",1,1411621,1.79769313486232e+308,1.79769313486232e+308,1.79769313486232e+308,1.79769313486232e+308,1.79769313486232e+308,1.79769313486232e+308,1.79769313486232e+308,1.79769313486232e+308,1.79769313486232e+308,1.79769313486232e+308,1.79769313486232e+308
326,"6/27/99",1,1411721,2,2,1,17,0,0,15,11,1.79769313486232e+308,1.79769313486232e+308,1.79769313486232e+308
327,"6/27/99",1,1411721,6,2,2,1.79769313486232e+308,1.79769313486232e+308,1.79769313486232e+308,1.79769313486232e+308,1.79769313486232e+308,1.79769313486232e+308,1.79769313486232e+308,1.79769313486232e+308
328,"6/27/99",1,1411821,1.79769313486232e+308,1.79769313486232e+308,1.79769313486232e+308,1.79769313486232e+308,1.79769313486232e+308,1.79769313486232e+308,1.79769313486232e+308,1.79769313486232e+308,1.79769313486232e+308,1.79769313486232e+308,1.79769313486232e+308
1,"7/16/99",1,1420121,2,5,1,1.79769313486232e+308,1.79769313486232e+308,1.79769313486232e+308,1.79769313486232e+308,1.79769313486232e+308,1,1.79769313486232e+308,1.79769313486232e+308
26,"7/16/99",1,1420151,1.79769313486232e+308,1.79769313486232e+308,1.79769313486232e+308,1.79769313486232e+308,1.79769313486232e+308,1.79769313486232e+308,1.79769313486232e+308,1.79769313486232e+308,1.79769313486232e+308,1.79769313486232e+308,1.79769313486232e+308
2,"7/16/99",1,1420221,4,4,1,15,0,0,50,80,1.79769313486232e+308,1.79769313486232e+308,1.79769313486232e+308
27,"7/16/99",1,1420251,5,5,2,1.79769313486232e+308,1.79769313486232e+308,1.79769313486232e+308,1.79769313486232e+308,1.79769313486232e+308,1.79769313486232e+308,1.79769313486232e+308,1.79769313486232e+308
28,"7/16/99",1,1420251,8,6,1,20,10000,0,3,36,1.79769313486232e+308,1.79769313486232e+308,1.79769313486232e+308
29,"7/16/99",1,1420251,10,6,1,19,0,0,15,12,1.79769313486232e+308,1.79769313486232e+308,1.79769313486232e+308
19,"7/16/99",1,1420341,2,2,1,19,0,0,2,25,1.79769313486232e+308,1.79769313486232e+308,1.79769313486232e+308
30,"7/16/99",1,1420351,1.79769313486232e+308,1.79769313486232e+308,1.79769313486232e+308,1.79769313486232e+308,1.79769313486232e+308,1.79769313486232e+308,1.79769313486232e+308,1.79769313486232e+308,1.79769313486232e+308,1.79769313486232e+308,1.79769313486232e+308
31,"7/16/99",1,1420352,2,2,1,17,8000,0,8,1,1.79769313486232e+308,1.79769313486232e+308,1.79769313486232e+308
20,"7/16/99",1,1420441,4,4,1,13,0,0,2,100,1.79769313486232e+308,1.79769313486232e+308,1.79769313486232e+308
32,"7/16/99",1,1420459,4,4,2,1.79769313486232e+308,1.79769313486232e+308,1.79769313486232e+308,1.79769313486232e+308,1.79769313486232e+308,1.79769313486232e+308,1.79769313486232e+308,1.79769313486232e+308
3,"7/16/99",1,1420521,2,2,1,19,0,0,0.5,50,1.79769313486232e+308,1.79769313486232e+308,1.79769313486232e+308
21,"7/16/99",1,1420541,1.79769313486232e+308,1.79769313486232e+308,1.79769313486232e+308,1.79769313486232e+308,1.79769313486232e+308,1.79769313486232e+308,1.79769313486232e+308,1.79769313486232e+308,1.79769313486232e+308,1.79769313486232e+308,1.79769313486232e+308
22,"7/16/99",1,1420542,2,2,1,19,2000,0,10,0,1.79769313486232e+308,1.79769313486232e+308,1.79769313486232e+308
4,"7/16/99",1,1420621,2,2,1,22,0,0,10,12,1.79769313486232e+308,1.79769313486232e+308,1.79769313486232e+308
23,"7/16/99",1,1420641,2,2,1,15,0,0,2,13,1.79769313486232e+308,1.79769313486232e+308,1.79769313486232e+308
24,"7/16/99",1,1420641,5,4,1,20,0,0,1,3,1.79769313486232e+308,1.79769313486232e+308,1.79769313486232e+308
5,"7/16/99",1,1420721,2,2,1,16,0,0,1,12,1.79769313486232e+308,1.79769313486232e+308,1.79769313486232e+308
6,"7/16/99",1,1420721,3,2,2,1.79769313486232e+308,1.79769313486232e+308,1.79769313486232e+308,1.79769313486232e+308,1.79769313486232e+308,1.79769313486232e+308,1.79769313486232e+308,1.79769313486232e+308
25,"7/16/99",1,1420741,5,5,1,20,20000,0,25,0,1.79769313486232e+308,1.79769313486232e+308,1.79769313486232e+308
7,"7/16/99",1,1420821,2,2,1,19,0,0,10,0,1.79769313486232e+308,1.79769313486232e+308,1.79769313486232e+308
8,"7/16/99",1,1421021,2,2,1,13,0,0,4,5,1.79769313486232e+308,1.79769313486232e+308,1.79769313486232e+308
9,"7/16/99",1,1421121,2,2,1,16,0,0,20,60,1.79769313486232e+308,1.79769313486232e+308,1.79769313486232e+308
10,"7/16/99",1,1421221,2,2,1,16,0,0,5,10,1.79769313486232e+308,1.79769313486232e+308,1.79769313486232e+308
11,"7/16/99",1,1421321,7,7,1,15,4000,0,10,3,1.79769313486232e+308,1.79769313486232e+308,1.79769313486232e+308
12,"7/16/99",1,1421322,2,2,1,18,3000,0,5,14,1.79769313486232e+308,1.79769313486232e+308,1.79769313486232e+308
13,"7/16/99",1,1421421,2,2,1,20,0,0,20,40,1.79769313486232e+308,1.79769313486232e+308,1.79769313486232e+308
14,"7/16/99",1,1421521,2,2,1,19,0,0,18,30,1.79769313486232e+308,1.79769313486232e+308,1.79769313486232e+308
1.79769313486232e+308,".",1.79769313486232e+308,1421521,3,2,2,1.79769313486232e+308,1.79769313486232e+308,1.79769313486232e+308,1.79769313486232e+308,1.79769313486232e+308,1.79769313486232e+308,1.79769313486232e+308,1.79769313486232e+308
15,"7/16/99",1,1421621,4,7,1,24,0,0,6,0,1.79769313486232e+308,1.79769313486232e+308,1.79769313486232e+308
16,"7/16/99",1,1421621,7,7,1,16,8000,0,10,24,1.79769313486232e+308,1.79769313486232e+308,1.79769313486232e+308
17,"7/16/99",1,1421721,1.79769313486232e+308,1.79769313486232e+308,1.79769313486232e+308,1.79769313486232e+308,1.79769313486232e+308,1.79769313486232e+308,1.79769313486232e+308,1.79769313486232e+308,1.79769313486232e+308,1.79769313486232e+308,1.79769313486232e+308
18,"7/16/99",1,1421821,1.79769313486232e+308,1.79769313486232e+308,1.79769313486232e+308,1.79769313486232e+308,1.79769313486232e+308,1.79769313486232e+308,1.79769313486232e+308,1.79769313486232e+308,1.79769313486232e+308,1.79769313486232e+308,1.79769313486232e+308
336,"6/28/99",1,1430121,2,2,1,16,0,0,2,2,1.79769313486232e+308,1.79769313486232e+308,1.79769313486232e+308
1.79769313486232e+308,"8/25/99",1,1430121,6,6,2,1.79769313486232e+308,1.79769313486232e+308,1.79769313486232e+308,1.79769313486232e+308,1.79769313486232e+308,1.79769313486232e+308,1.79769313486232e+308,1.79769313486232e+308
361,"6/28/99",1,1430141,2,2,1,20,0,0,10,6,1.79769313486232e+308,1.79769313486232e+308,1.79769313486232e+308
362,"6/28/99",1,1430141,3,2,2,1.79769313486232e+308,1.79769313486232e+308,1.79769313486232e+308,1.79769313486232e+308,1.79769313486232e+308,1.79769313486232e+308,1.79769313486232e+308,1.79769313486232e+308
369,"6/28/99",1,1430151,2,2,1,18,0,0,15,0,1.79769313486232e+308,1.79769313486232e+308,1.79769313486232e+308
337,"6/28/99",1,1430221,2,2,1,16,0,0,10,12,1.79769313486232e+308,1.79769313486232e+308,1.79769313486232e+308
338,"6/28/99",1,1430221,3,2,2,1.79769313486232e+308,1.79769313486232e+308,1.79769313486232e+308,1.79769313486232e+308,1.79769313486232e+308,1.79769313486232e+308,1.79769313486232e+308,1.79769313486232e+308
363,"6/28/99",1,1430241,4,1,1,21,0,0,4,12,2,1998,10
370,"6/28/99",1,1430251,6,6,2,1.79769313486232e+308,1.79769313486232e+308,1.79769313486232e+308,1.79769313486232e+308,1.79769313486232e+308,1.79769313486232e+308,1.79769313486232e+308,1.79769313486232e+308
371,"6/28/99",1,1430251,9,9,1,15,0,0,6,0,1.79769313486232e+308,1.79769313486232e+308,1.79769313486232e+308
339,"6/28/99",1,1430321,1.79769313486232e+308,1.79769313486232e+308,1.79769313486232e+308,1.79769313486232e+308,1.79769313486232e+308,1.79769313486232e+308,1.79769313486232e+308,1.79769313486232e+308,1.79769313486232e+308,1.79769313486232e+308,1.79769313486232e+308
364,"6/28/99",1,1430341,1.79769313486232e+308,1.79769313486232e+308,1.79769313486232e+308,1.79769313486232e+308,1.79769313486232e+308,1.79769313486232e+308,1.79769313486232e+308,1.79769313486232e+308,1.79769313486232e+308,1.79769313486232e+308,1.79769313486232e+308
372,"6/28/99",1,1430351,11,11,2,1.79769313486232e+308,1.79769313486232e+308,1.79769313486232e+308,1.79769313486232e+308,1.79769313486232e+308,1.79769313486232e+308,1.79769313486232e+308,1.79769313486232e+308
373,"6/28/99",1,1430459,1.79769313486232e+308,1.79769313486232e+308,1.79769313486232e+308,1.79769313486232e+308,1.79769313486232e+308,1.79769313486232e+308,1.79769313486232e+308,1.79769313486232e+308,1.79769313486232e+308,1.79769313486232e+308,1.79769313486232e+308
340,"6/28/99",1,1430521,2,2,1,20,7000,0,12,2,1.79769313486232e+308,1.79769313486232e+308,1.79769313486232e+308
365,"6/28/99",1,1430541,2,2,1,19,0,0,8,15,1.79769313486232e+308,1.79769313486232e+308,1.79769313486232e+308
366,"6/28/99",1,1430541,3,2,2,1.79769313486232e+308,1.79769313486232e+308,1.79769313486232e+308,1.79769313486232e+308,1.79769313486232e+308,1.79769313486232e+308,1.79769313486232e+308,1.79769313486232e+308
367,"6/28/99",1,1430541,4,2,2,1.79769313486232e+308,1.79769313486232e+308,1.79769313486232e+308,1.79769313486232e+308,1.79769313486232e+308,1.79769313486232e+308,1.79769313486232e+308,1.79769313486232e+308
341,"6/28/99",1,1430621,2,2,1,18,0,0,1,0,1.79769313486232e+308,1.79769313486232e+308,1.79769313486232e+308
1.79769313486232e+308,"8/25/99",1,1430621,3,3,2,1.79769313486232e+308,1.79769313486232e+308,1.79769313486232e+308,1.79769313486232e+308,1.79769313486232e+308,1.79769313486232e+308,1.79769313486232e+308,1.79769313486232e+308
1.79769313486232e+308,"8/25/99",1,1430621,4,4,2,1.79769313486232e+308,1.79769313486232e+308,1.79769313486232e+308,1.79769313486232e+308,1.79769313486232e+308,1.79769313486232e+308,1.79769313486232e+308,1.79769313486232e+308
368,"6/28/99",1,1430641,2,2,1,15,0,0,3,12,1.79769313486232e+308,1.79769313486232e+308,1.79769313486232e+308
1.79769313486232e+308,"8/25/99",1,1430641,3,3,2,1.79769313486232e+308,1.79769313486232e+308,1.79769313486232e+308,1.79769313486232e+308,1.79769313486232e+308,1.79769313486232e+308,1.79769313486232e+308,1.79769313486232e+308
342,"6/28/99",1,1430731,2,2,1,17,0,0,10,0,1.79769313486232e+308,1.79769313486232e+308,1.79769313486232e+308
343,"6/28/99",1,1430731,4,2,2,1.79769313486232e+308,1.79769313486232e+308,1.79769313486232e+308,1.79769313486232e+308,1.79769313486232e+308,1.79769313486232e+308,1.79769313486232e+308,1.79769313486232e+308
344,"6/28/99",1,1430731,5,2,2,1.79769313486232e+308,1.79769313486232e+308,1.79769313486232e+308,1.79769313486232e+308,1.79769313486232e+308,1.79769313486232e+308,1.79769313486232e+308,1.79769313486232e+308
345,"6/28/99",1,1430821,2,2,1,13,0,0,8,60,1,1998,1
346,"6/28/99",1,1430821,5,2,2,1.79769313486232e+308,1.79769313486232e+308,1.79769313486232e+308,1.79769313486232e+308,1.79769313486232e+308,1.79769313486232e+308,1.79769313486232e+308,1.79769313486232e+308
347,"6/28/99",1,1430921,2,2,1,22,3000,0,0.25,0,1.79769313486232e+308,1.79769313486232e+308,1.79769313486232e+308
348,"6/28/99",1,1431031,2,2,1,18,0,0,16,0,1.79769313486232e+308,1.79769313486232e+308,1.79769313486232e+308
349,"6/28/99",1,1431121,2,2,1,17,0,0,2,0,1.79769313486232e+308,1.79769313486232e+308,1.79769313486232e+308
350,"6/28/99",1,1431121,6,2,2,1.79769313486232e+308,1.79769313486232e+308,1.79769313486232e+308,1.79769313486232e+308,1.79769313486232e+308,1.79769313486232e+308,1.79769313486232e+308,1.79769313486232e+308
351,"6/28/99",1,1431121,7,2,2,1.79769313486232e+308,1.79769313486232e+308,1.79769313486232e+308,1.79769313486232e+308,1.79769313486232e+308,1.79769313486232e+308,1.79769313486232e+308,1.79769313486232e+308
352,"6/28/99",1,1431331,2,2,1,18,0,0,25,0,1.79769313486232e+308,1.79769313486232e+308,1.79769313486232e+308
353,"6/28/99",1,1431331,3,2,2,1.79769313486232e+308,1.79769313486232e+308,1.79769313486232e+308,1.79769313486232e+308,1.79769313486232e+308,1.79769313486232e+308,1.79769313486232e+308,1.79769313486232e+308
354,"6/28/99",1,1431421,5,3,1,20,8000,0,10,0,1.79769313486232e+308,1.79769313486232e+308,1.79769313486232e+308
355,"6/28/99",1,1431521,6,6,1,20,0,0,25,4,1.79769313486232e+308,1.79769313486232e+308,1.79769313486232e+308
356,"6/28/99",1,1431522,2,2,1,20,0,0,25,0,1.79769313486232e+308,1.79769313486232e+308,1.79769313486232e+308
357,"6/28/99",1,1431621,2,1,1,19,0,0,2,13,1.79769313486232e+308,1.79769313486232e+308,1.79769313486232e+308
358,"6/28/99",1,1431721,2,2,1,17,0,0,0,0,1.79769313486232e+308,1.79769313486232e+308,1.79769313486232e+308
359,"6/28/99",1,1431721,6,2,2,1.79769313486232e+308,1.79769313486232e+308,1.79769313486232e+308,1.79769313486232e+308,1.79769313486232e+308,1.79769313486232e+308,1.79769313486232e+308,1.79769313486232e+308
360,"6/28/99",1,1431721,7,7,1,18,0,0,6,0,1.79769313486232e+308,1.79769313486232e+308,1.79769313486232e+308
29,"6/01/99",1,1510121,2,2,1,16,2000,0,2,0,1.79769313486232e+308,1.79769313486232e+308,1.79769313486232e+308
47,"6/01/99",1,1510141,1,2,1,10,0,0,1,0,1,1978,1.79769313486232e+308
48,"6/01/99",1,1510141,4,2,1,12,10000,0,6,0,1.79769313486232e+308,1.79769313486232e+308,1.79769313486232e+308
55,"6/01/99",1,1510151,5,5,1,14,3000,0,2,0,1.79769313486232e+308,1.79769313486232e+308,1.79769313486232e+308
56,"6/01/99",1,1510151,9,5,1,16,0,0,4,0,1.79769313486232e+308,1.79769313486232e+308,1.79769313486232e+308
30,"6/01/99",1,1510221,2,2,1,12,0,0,4,0,1.79769313486232e+308,1.79769313486232e+308,1.79769313486232e+308
31,"6/01/99",1,1510221,5,2,1,14,3000,150,3,0,1.79769313486232e+308,1.79769313486232e+308,1.79769313486232e+308
49,"6/01/99",1,1510241,2,1,1,16,3000,0,1.5,0,1.79769313486232e+308,1.79769313486232e+308,1.79769313486232e+308
57,"6/01/99",1,1510251,5,1,1,16,2500,0,6,0,1.79769313486232e+308,1.79769313486232e+308,1.79769313486232e+308
58,"6/01/99",1,1510252,1,1,1,7,0,0,10,168,1.79769313486232e+308,1.79769313486232e+308,1.79769313486232e+308
32,"6/01/99",1,1510321,2,2,1,13,2500,0,12,0,1.79769313486232e+308,1.79769313486232e+308,1.79769313486232e+308
50,"6/01/99",1,1510341,2,1,1,9,0,0,5,0,1.79769313486232e+308,1.79769313486232e+308,1.79769313486232e+308
59,"6/01/99",1,1510351,2,1,1,12,0,0,5,0,1.79769313486232e+308,1.79769313486232e+308,1.79769313486232e+308
79,"9/12/99",1,1510421,5,4,1,11,0,0,5,0,1.79769313486232e+308,1.79769313486232e+308,1.79769313486232e+308
80,"9/12/99",1,1510421,7,4,1,15,4000,0,15,0,1.79769313486232e+308,1.79769313486232e+308,1.79769313486232e+308
81,"9/12/99",1,1510421,8,4,2,1.79769313486232e+308,1.79769313486232e+308,1.79769313486232e+308,1.79769313486232e+308,1.79769313486232e+308,1.79769313486232e+308,1.79769313486232e+308,1.79769313486232e+308
51,"6/01/99",1,1510441,2,2,1,13,0,0,8,0,1.79769313486232e+308,1.79769313486232e+308,1.79769313486232e+308
1.79769313486232e+308,"8/18/99",1,1510441,5,2,2,1.79769313486232e+308,1.79769313486232e+308,1.79769313486232e+308,1.79769313486232e+308,1.79769313486232e+308,1.79769313486232e+308,1.79769313486232e+308,1.79769313486232e+308
52,"6/01/99",1,1510441,6,2,1,14,4000,0,12,0,1.79769313486232e+308,1.79769313486232e+308,1.79769313486232e+308
53,"6/01/99",1,1510441,8,2,1,13,10000,0,12,0,1.79769313486232e+308,1.79769313486232e+308,1.79769313486232e+308
60,"6/01/99",1,1510459,3,4,1,15,0,0,0.5,0,1.79769313486232e+308,1.79769313486232e+308,1.79769313486232e+308
61,"6/01/99",1,1510459,5,4,1,18,7000,0,10,0,1.79769313486232e+308,1.79769313486232e+308,1.79769313486232e+308
62,"6/01/99",1,1510459,9,4,1,23,3000,0,8,0,1.79769313486232e+308,1.79769313486232e+308,1.79769313486232e+308
63,"6/01/99",1,1510459,12,4,1,15,3000,0,20,0,1.79769313486232e+308,1.79769313486232e+308,1.79769313486232e+308
33,"6/01/99",1,1510521,6,1,1,12,0,0,5,0,1.79769313486232e+308,1.79769313486232e+308,1.79769313486232e+308
54,"6/01/99",1,1510541,2,1,1,10,0,0,4,0,1.79769313486232e+308,1.79769313486232e+308,1.79769313486232e+308
34,"6/01/99",1,1510621,3,1,1,8,0,0,12,0,1.79769313486232e+308,1.79769313486232e+308,1.79769313486232e+308
35,"6/01/99",1,1510621,4,1,1,12,0,0,12,0,2,1998,1.79769313486232e+308
37,"6/01/99",1,1510621,10,1,1,12,1000,0,12,0,1.79769313486232e+308,1.79769313486232e+308,1.79769313486232e+308
38,"6/01/99",1,1510721,1.79769313486232e+308,1.79769313486232e+308,1.79769313486232e+308,1.79769313486232e+308,1.79769313486232e+308,1.79769313486232e+308,1.79769313486232e+308,1.79769313486232e+308,1.79769313486232e+308,1.79769313486232e+308,1.79769313486232e+308
39,"6/01/99",1,1510722,2,1,1,13,3000,0,1.5,0,1.79769313486232e+308,1.79769313486232e+308,1.79769313486232e+308
40,"6/01/99",1,1510821,3,3,1,12,0,0,5,0,1.79769313486232e+308,1.79769313486232e+308,1.79769313486232e+308
41,"6/01/99",1,1510921,3,3,1,14,0,0,1,0,1.79769313486232e+308,1.79769313486232e+308,1.79769313486232e+308
42,"6/01/99",1,1511021,3,1,1,14,0,0,0.100000001490116,0,1.79769313486232e+308,1.79769313486232e+308,1.79769313486232e+308
43,"6/01/99",1,1511021,5,1,2,1.79769313486232e+308,1.79769313486232e+308,1.79769313486232e+308,1.79769313486232e+308,1.79769313486232e+308,1.79769313486232e+308,1.79769313486232e+308,1.79769313486232e+308
44,"6/01/99",1,1511022,2,2,1,18,4000,0,5,0,1.79769313486232e+308,1.79769313486232e+308,1.79769313486232e+308
45,"6/01/99",1,1511121,3,1,1,14,0,0,4,0,1.79769313486232e+308,1.79769313486232e+308,1.79769313486232e+308
1.79769313486232e+308,"8/18/99",1,1511121,5,1,2,1.79769313486232e+308,1.79769313486232e+308,1.79769313486232e+308,1.79769313486232e+308,1.79769313486232e+308,1.79769313486232e+308,1.79769313486232e+308,1.79769313486232e+308
46,"6/01/99",1,1511221,2,1,1,12,0,15,6,0,1.79769313486232e+308,1.79769313486232e+308,1.79769313486232e+308
29,"5/30/99",1,1520121,6,2,2,1.79769313486232e+308,1.79769313486232e+308,1.79769313486232e+308,1.79769313486232e+308,1.79769313486232e+308,1.79769313486232e+308,1.79769313486232e+308,1.79769313486232e+308
30,"5/30/99",1,1520122,2,2,1,19,0,0,4,0,1.79769313486232e+308,1.79769313486232e+308,1.79769313486232e+308
46,"5/30/99",1,1520141,4,3,2,1.79769313486232e+308,1.79769313486232e+308,1.79769313486232e+308,1.79769313486232e+308,1.79769313486232e+308,1.79769313486232e+308,1.79769313486232e+308,1.79769313486232e+308
47,"5/30/99",1,1520141,5,3,1,15,0,0,30,0,1.79769313486232e+308,1.79769313486232e+308,1.79769313486232e+308
56,"5/30/99",1,1520151,3,3,1,14,1300,250,10,40,1.79769313486232e+308,1.79769313486232e+308,1.79769313486232e+308
31,"5/30/99",1,1520221,4,1,1,17,1500,0,12,0,1.79769313486232e+308,1.79769313486232e+308,1.79769313486232e+308
48,"5/30/99",1,1520241,2,2,1,15,0,500,2,0,1.79769313486232e+308,1.79769313486232e+308,1.79769313486232e+308
1.79769313486232e+308,".",1.79769313486232e+308,1520241,5,2,2,1.79769313486232e+308,1.79769313486232e+308,1.79769313486232e+308,1.79769313486232e+308,1.79769313486232e+308,1.79769313486232e+308,1.79769313486232e+308,1.79769313486232e+308
59,"5/30/99",1,1520251,10,1,1,15,0,0,1,0,1.79769313486232e+308,1.79769313486232e+308,1.79769313486232e+308
60,"5/30/99",1,1520252,2,2,1,15,0,0,0.25,0,1.79769313486232e+308,1.79769313486232e+308,1.79769313486232e+308
32,"5/30/99",1,1520321,2,2,1,17,0,0,5,0,1.79769313486232e+308,1.79769313486232e+308,1.79769313486232e+308
33,"5/30/99",1,1520321,6,2,2,1.79769313486232e+308,1.79769313486232e+308,1.79769313486232e+308,1.79769313486232e+308,1.79769313486232e+308,1.79769313486232e+308,1.79769313486232e+308,1.79769313486232e+308
50,"5/30/99",1,1520341,6,1,2,1.79769313486232e+308,1.79769313486232e+308,1.79769313486232e+308,1.79769313486232e+308,1.79769313486232e+308,1.79769313486232e+308,1.79769313486232e+308,1.79769313486232e+308
51,"5/30/99",1,1520341,7,1,2,1.79769313486232e+308,1.79769313486232e+308,1.79769313486232e+308,1.79769313486232e+308,1.79769313486232e+308,1.79769313486232e+308,1.79769313486232e+308,1.79769313486232e+308
52,"5/30/99",1,1520342,2,1,1,23,2000,0,12,0,1.79769313486232e+308,1.79769313486232e+308,1.79769313486232e+308
61,"5/30/99",1,1520351,7,7,1,14,100000,0,3,36,1.79769313486232e+308,1.79769313486232e+308,1.79769313486232e+308
62,"5/30/99",1,1520351,15,7,1,22,90000,0,3,0,1.79769313486232e+308,1.79769313486232e+308,1.79769313486232e+308
63,"5/30/99",1,1520352,2,2,1,16,30000,2000,4,0,1.79769313486232e+308,1.79769313486232e+308,1.79769313486232e+308
64,"5/30/99",1,1520353,2,2,1,13,6000,0,11,2,1.79769313486232e+308,1.79769313486232e+308,1.79769313486232e+308
1.79769313486232e+308,"8/25/99",1,1520353,3,3,2,1.79769313486232e+308,1.79769313486232e+308,1.79769313486232e+308,1.79769313486232e+308,1.79769313486232e+308,1.79769313486232e+308,1.79769313486232e+308,1.79769313486232e+308
34,"5/30/99",1,1520421,3,1,1,14,0,0,5,0,1.79769313486232e+308,1.79769313486232e+308,1.79769313486232e+308
53,"5/30/99",1,1520441,1.79769313486232e+308,1.79769313486232e+308,1.79769313486232e+308,1.79769313486232e+308,1.79769313486232e+308,1.79769313486232e+308,1.79769313486232e+308,1.79769313486232e+308,1.79769313486232e+308,1.79769313486232e+308,1.79769313486232e+308
65,"5/30/99",1,1520459,2,1,1,13,10000,0,4,0,1.79769313486232e+308,1.79769313486232e+308,1.79769313486232e+308
1.79769313486232e+308,"8/25/99",1,1520459,3,3,2,1.79769313486232e+308,1.79769313486232e+308,1.79769313486232e+308,1.79769313486232e+308,1.79769313486232e+308,1.79769313486232e+308,1.79769313486232e+308,1.79769313486232e+308
35,"5/30/99",1,1520521,2,1,1,17,0,0,10,0,1.79769313486232e+308,1.79769313486232e+308,1.79769313486232e+308
54,"5/30/99",1,1520541,3,4,1,15,0,0,1,0,2,1996,9
55,"5/30/99",1,1520541,5,4,1,15,14000,0,1,0,1.79769313486232e+308,1.79769313486232e+308,1.79769313486232e+308
82,"9/12/99",1,1520621,8,1,1,14,4000,0,10,0,1.79769313486232e+308,1.79769313486232e+308,1.79769313486232e+308
36,"5/30/99",1,1520622,2,1,1,18,8000,0,9,0,1.79769313486232e+308,1.79769313486232e+308,1.79769313486232e+308
37,"5/30/99",1,1520721,2,1,1,15,2000,200,0.100000001490116,0,1.79769313486232e+308,1.79769313486232e+308,1.79769313486232e+308
1.79769313486232e+308,"8/25/99",1,1520721,5,1,2,1.79769313486232e+308,1.79769313486232e+308,1.79769313486232e+308,1.79769313486232e+308,1.79769313486232e+308,1.79769313486232e+308,1.79769313486232e+308,1.79769313486232e+308
38,"5/30/99",1,1520821,3,1.79769313486232e+308,1,14,5800,0,1,0,1.79769313486232e+308,1.79769313486232e+308,1.79769313486232e+308
39,"5/30/99",1,1520921,2,1,1,14,0,0,2,0,1.79769313486232e+308,1.79769313486232e+308,1.79769313486232e+308
40,"5/30/99",1,1520921,5,1,2,1.79769313486232e+308,1.79769313486232e+308,1.79769313486232e+308,1.79769313486232e+308,1.79769313486232e+308,1.79769313486232e+308,1.79769313486232e+308,1.79769313486232e+308
43,"5/30/99",1,1521021,4,4,1,12,200,0,35,12,1.79769313486232e+308,1.79769313486232e+308,1.79769313486232e+308
87,"9/12/99",1,1521121,1.79769313486232e+308,1.79769313486232e+308,1.79769313486232e+308,1.79769313486232e+308,1.79769313486232e+308,1.79769313486232e+308,1.79769313486232e+308,1.79769313486232e+308,1.79769313486232e+308,1.79769313486232e+308,1.79769313486232e+308
44,"5/30/99",1,1521122,2,1,1,16,40000,0,1,0,1.79769313486232e+308,1.79769313486232e+308,1.79769313486232e+308
45,"5/30/99",1,1521221,2,2,1,16,0,0,0.25,10,1.79769313486232e+308,1.79769313486232e+308,1.79769313486232e+308
79,"8/08/99",1,1530121,1.79769313486232e+308,1.79769313486232e+308,1.79769313486232e+308,1.79769313486232e+308,1.79769313486232e+308,1.79769313486232e+308,1.79769313486232e+308,1.79769313486232e+308,1.79769313486232e+308,1.79769313486232e+308,1.79769313486232e+308
92,"8/08/99",1,1530141,2,1,1,16,0,0,3,2,1.79769313486232e+308,1.79769313486232e+308,1.79769313486232e+308
97,"8/08/99",1,1530151,3,1,1,12,0,0,4,0,1.79769313486232e+308,1.79769313486232e+308,1.79769313486232e+308
80,"8/08/99",1,1530221,6,1,1,18,5000,0,4,0,1.79769313486232e+308,1.79769313486232e+308,1.79769313486232e+308
81,"8/08/99",1,1530222,2,2,1,17,60000,0,10,60,1.79769313486232e+308,1.79769313486232e+308,1.79769313486232e+308
82,"8/08/99",1,1530222,3,2,2,1.79769313486232e+308,1.79769313486232e+308,1.79769313486232e+308,1.79769313486232e+308,1.79769313486232e+308,1.79769313486232e+308,1.79769313486232e+308,1.79769313486232e+308
93,"8/08/99",1,1530241,2,1,1,12,8000,0,3,3,1.79769313486232e+308,1.79769313486232e+308,1.79769313486232e+308
98,"8/08/99",1,1530251,2,1,1,14,20000,0,30,0,1.79769313486232e+308,1.79769313486232e+308,1.79769313486232e+308
83,"8/08/99",1,1530321,2,1,1,13,0,0,2,0,1.79769313486232e+308,1.79769313486232e+308,1.79769313486232e+308
94,"8/08/99",1,1530341,4,1,1,14,3500,0,10,0,1.79769313486232e+308,1.79769313486232e+308,1.79769313486232e+308
99,"8/08/99",1,1530351,2,1,1,15,3500,0,10,1,1.79769313486232e+308,1.79769313486232e+308,1.79769313486232e+308
1.79769313486232e+308,".",1.79769313486232e+308,1530351,3,1.79769313486232e+308,2,1.79769313486232e+308,1.79769313486232e+308,1.79769313486232e+308,1.79769313486232e+308,1.79769313486232e+308,1.79769313486232e+308,1.79769313486232e+308,1.79769313486232e+308
95,"8/08/99",1,1530441,3,1,1,12,0,0,0.200000002980232,1,1.79769313486232e+308,1.79769313486232e+308,1.79769313486232e+308
100,"8/08/99",1,1530459,2,1,1,12,0,0,1,0,1.79769313486232e+308,1.79769313486232e+308,1.79769313486232e+308
101,"8/08/99",1,1530459,3,1,1,14,1500,0,4,0,2,1998,10
84,"8/08/99",1,1530521,2,1,1,10,0,0,2.5,12,1.79769313486232e+308,1.79769313486232e+308,1.79769313486232e+308
96,"8/08/99",1,1530541,4,1,1,10,0,0,140,6,1.79769313486232e+308,1.79769313486232e+308,1.79769313486232e+308
85,"8/08/99",1,1530621,2,1,1,12,0,0,4,0,1.79769313486232e+308,1.79769313486232e+308,1.79769313486232e+308
86,"8/08/99",1,1530821,3,1,1,14,1000,0,0.5,0,1.79769313486232e+308,1.79769313486232e+308,1.79769313486232e+308
87,"8/08/99",1,1530921,2,1,1,16,0,0,5,1,1.79769313486232e+308,1.79769313486232e+308,1.79769313486232e+308
88,"8/08/99",1,1531021,2,1,1,11,4000,0,0.200000002980232,0,1.79769313486232e+308,1.79769313486232e+308,1.79769313486232e+308
89,"8/08/99",1,1531121,7,1,1,14,5000,0,2,2,1.79769313486232e+308,1.79769313486232e+308,1.79769313486232e+308
90,"8/08/99",1,1531122,2,2,1,12,10000,0,20,6,1.79769313486232e+308,1.79769313486232e+308,1.79769313486232e+308
91,"8/08/99",1,1531221,6,1,1,14,40000,0,12,0,1.79769313486232e+308,1.79769313486232e+308,1.79769313486232e+308
164,"6/13/99",1,1610121,2,2,1,16,3500,0,0,0,1.79769313486232e+308,1.79769313486232e+308,1.79769313486232e+308
185,"6/15/99",1,1610141,2,2,1,20,0,0,0,0,1.79769313486232e+308,1.79769313486232e+308,1.79769313486232e+308
186,"6/15/99",1,1610141,4,2,2,1.79769313486232e+308,1.79769313486232e+308,1.79769313486232e+308,1.79769313486232e+308,1.79769313486232e+308,1.79769313486232e+308,1.79769313486232e+308,1.79769313486232e+308
194,"6/15/99",1,1610151,1.79769313486232e+308,1.79769313486232e+308,1.79769313486232e+308,1.79769313486232e+308,1.79769313486232e+308,1.79769313486232e+308,1.79769313486232e+308,1.79769313486232e+308,1.79769313486232e+308,1.79769313486232e+308,1.79769313486232e+308
165,"6/15/99",1,1610221,2,2,1,16,6500,0,0.5,0,1.79769313486232e+308,1.79769313486232e+308,1.79769313486232e+308
187,"6/15/99",1,1610241,2,2,1,18,0,0,0.25,0,1.79769313486232e+308,1.79769313486232e+308,1.79769313486232e+308
1.79769313486232e+308,"8/21/99",1,1610241,3,2,2,1.79769313486232e+308,1.79769313486232e+308,1.79769313486232e+308,1.79769313486232e+308,1.79769313486232e+308,1.79769313486232e+308,1.79769313486232e+308,1.79769313486232e+308
195,"6/15/99",1,1610251,2,2,1,16,0,0,15,3,1.79769313486232e+308,1.79769313486232e+308,1.79769313486232e+308
196,"6/15/99",1,1610251,3,2,2,1.79769313486232e+308,1.79769313486232e+308,1.79769313486232e+308,1.79769313486232e+308,1.79769313486232e+308,1.79769313486232e+308,1.79769313486232e+308,1.79769313486232e+308
197,"6/15/99",1,1610252,2,2,1,16,10000,100,15,0,1.79769313486232e+308,1.79769313486232e+308,1.79769313486232e+308
188,"6/15/99",1,1610341,2,2,1,16,0,0,3,0,1.79769313486232e+308,1.79769313486232e+308,1.79769313486232e+308
189,"6/15/99",1,1610342,2,2,1,12,4500,0,3,12,1.79769313486232e+308,1.79769313486232e+308,1.79769313486232e+308
198,"6/15/99",1,1610351,2,2,1,12,1500,0,0.25,0,1.79769313486232e+308,1.79769313486232e+308,1.79769313486232e+308
166,"6/15/99",1,1610421,2,2,1,15,0,0,30,0,1.79769313486232e+308,1.79769313486232e+308,1.79769313486232e+308
190,"6/15/99",1,1610441,2,2,1,16,1000,0,2,0,1.79769313486232e+308,1.79769313486232e+308,1.79769313486232e+308
199,"6/15/99",1,1610459,2,2,1,16,3000,0,0.00999999977648258,0,1.79769313486232e+308,1.79769313486232e+308,1.79769313486232e+308
1.79769313486232e+308,"8/21/99",1,1610459,3,2,2,1.79769313486232e+308,1.79769313486232e+308,1.79769313486232e+308,1.79769313486232e+308,1.79769313486232e+308,1.79769313486232e+308,1.79769313486232e+308,1.79769313486232e+308
167,"6/15/99",1,1610521,3,3,1,14,5000,0,1,12,1.79769313486232e+308,1.79769313486232e+308,1.79769313486232e+308
191,"6/15/99",1,1610541,2,2,1,14,0,0,0.100000001490116,0,1.79769313486232e+308,1.79769313486232e+308,1.79769313486232e+308
192,"6/15/99",1,1610541,7,2,2,1.79769313486232e+308,1.79769313486232e+308,1.79769313486232e+308,1.79769313486232e+308,1.79769313486232e+308,1.79769313486232e+308,1.79769313486232e+308,1.79769313486232e+308
193,"6/15/99",1,1610542,2,2,1,18,10000,0,0.25,0,1.79769313486232e+308,1.79769313486232e+308,1.79769313486232e+308
168,"6/15/99",1,1610621,2,2,1,16,0,0,20,0,1.79769313486232e+308,1.79769313486232e+308,1.79769313486232e+308
169,"6/15/99",1,1610721,6,2,2,1.79769313486232e+308,1.79769313486232e+308,1.79769313486232e+308,1.79769313486232e+308,1.79769313486232e+308,1.79769313486232e+308,1.79769313486232e+308,1.79769313486232e+308
170,"6/15/99",1,1610722,1.79769313486232e+308,1.79769313486232e+308,1.79769313486232e+308,1.79769313486232e+308,1.79769313486232e+308,1.79769313486232e+308,1.79769313486232e+308,1.79769313486232e+308,1.79769313486232e+308,1.79769313486232e+308,1.79769313486232e+308
171,"6/15/99",1,1610821,2,1.79769313486232e+308,1,16,0,0,8,0,1.79769313486232e+308,1.79769313486232e+308,1.79769313486232e+308
1.79769313486232e+308,"8/21/99",1,1610821,3,2,2,1.79769313486232e+308,1.79769313486232e+308,1.79769313486232e+308,1.79769313486232e+308,1.79769313486232e+308,1.79769313486232e+308,1.79769313486232e+308,1.79769313486232e+308
172,"6/15/99",1,1610822,2,2,1,16,1500,0,1,0,1.79769313486232e+308,1.79769313486232e+308,1.79769313486232e+308
173,"6/15/99",1,1610921,2,2,1,13,0,0,0.5,0,1,1993,6
174,"6/15/99",1,1610922,2,2,1,15,5000,0,3,0,1.79769313486232e+308,1.79769313486232e+308,1.79769313486232e+308
175,"6/15/99",1,1610923,2,2,1,18,2000,0,0.25,0,1.79769313486232e+308,1.79769313486232e+308,1.79769313486232e+308
176,"6/15/99",1,1610924,2,2,1,15,7000,0,8,2,1.79769313486232e+308,1.79769313486232e+308,1.79769313486232e+308
177,"6/15/99",1,1611021,7,7,1,20,11000,0,5,0,1.79769313486232e+308,1.79769313486232e+308,1.79769313486232e+308
178,"6/15/99",1,1611021,8,8,1,16,2500,0,40,0,2,1996,1.79769313486232e+308
179,"6/15/99",1,1611022,2,2,1,20,5000,0,2,0,1.79769313486232e+308,1.79769313486232e+308,1.79769313486232e+308
180,"6/15/99",1,1611121,2,2,1,14,5000,0,0.00999999977648258,0,1.79769313486232e+308,1.79769313486232e+308,1.79769313486232e+308
181,"6/15/99",1,1611121,3,3,1,15,0,0,2,0,1.79769313486232e+308,1.79769313486232e+308,1.79769313486232e+308
182,"6/15/99",1,1611121,5,5,1,19,10000,0,4,0,1.79769313486232e+308,1.79769313486232e+308,1.79769313486232e+308
1.79769313486232e+308,".",1.79769313486232e+308,1611121,12,2,1,1.79769313486232e+308,1.79769313486232e+308,1.79769313486232e+308,1.79769313486232e+308,1.79769313486232e+308,1.79769313486232e+308,1.79769313486232e+308,1.79769313486232e+308
183,"6/15/99",1,1611221,2,2,1,15,3000,0,2,0,1.79769313486232e+308,1.79769313486232e+308,1.79769313486232e+308
184,"6/15/99",1,1611222,1.79769313486232e+308,1.79769313486232e+308,1.79769313486232e+308,1.79769313486232e+308,1.79769313486232e+308,1.79769313486232e+308,1.79769313486232e+308,1.79769313486232e+308,1.79769313486232e+308,1.79769313486232e+308,1.79769313486232e+308
45,"8/01/99",1,1620121,2,2,1,15,0,0,0.00999999977648258,0,1.79769313486232e+308,1.79769313486232e+308,1.79769313486232e+308
46,"8/03/99",1,1620121,6,2,2,1.79769313486232e+308,1.79769313486232e+308,1.79769313486232e+308,1.79769313486232e+308,1.79769313486232e+308,1.79769313486232e+308,1.79769313486232e+308,1.79769313486232e+308
63,"8/03/99",1,1620141,2,2,1,18,0,0,1,0,1.79769313486232e+308,1.79769313486232e+308,1.79769313486232e+308
68,"8/03/99",1,1620151,2,2,1,15,800,0,0.00999999977648258,3,1.79769313486232e+308,1.79769313486232e+308,1.79769313486232e+308
69,"8/03/99",1,1620151,3,2,1,14,0,0,3,0,1.79769313486232e+308,1.79769313486232e+308,1.79769313486232e+308
47,"8/03/99",1,1620221,2,2,1,15,2500,0,0.00999999977648258,0,1.79769313486232e+308,1.79769313486232e+308,1.79769313486232e+308
1.79769313486232e+308,".",1.79769313486232e+308,1620221,3,1.79769313486232e+308,2,1.79769313486232e+308,1.79769313486232e+308,1.79769313486232e+308,1.79769313486232e+308,1.79769313486232e+308,1.79769313486232e+308,1.79769313486232e+308,1.79769313486232e+308
64,"8/03/99",1,1620241,1.79769313486232e+308,1.79769313486232e+308,1.79769313486232e+308,1.79769313486232e+308,1.79769313486232e+308,1.79769313486232e+308,1.79769313486232e+308,1.79769313486232e+308,1.79769313486232e+308,1.79769313486232e+308,1.79769313486232e+308
70,"8/03/99",1,1620251,2,2,1,12,1000,0,0.00999999977648258,12,1.79769313486232e+308,1.79769313486232e+308,1.79769313486232e+308
71,"8/03/99",1,1620251,6,6,1,12,40000,0,1,12,1.79769313486232e+308,1.79769313486232e+308,1.79769313486232e+308
48,"8/03/99",1,1620321,2,2,1,18,0,0,6,0,1.79769313486232e+308,1.79769313486232e+308,1.79769313486232e+308
65,"8/03/99",1,1620341,1.79769313486232e+308,1.79769313486232e+308,1.79769313486232e+308,1.79769313486232e+308,1.79769313486232e+308,1.79769313486232e+308,1.79769313486232e+308,1.79769313486232e+308,1.79769313486232e+308,1.79769313486232e+308,1.79769313486232e+308
72,"8/03/99",1,1620351,2,2,1,18,0,0,5,0,1.79769313486232e+308,1.79769313486232e+308,1.79769313486232e+308
66,"8/03/99",1,1620441,1.79769313486232e+308,1.79769313486232e+308,1.79769313486232e+308,1.79769313486232e+308,1.79769313486232e+308,1.79769313486232e+308,1.79769313486232e+308,1.79769313486232e+308,1.79769313486232e+308,1.79769313486232e+308,1.79769313486232e+308
73,"8/03/99",1,1620459,1.79769313486232e+308,1.79769313486232e+308,1.79769313486232e+308,1.79769313486232e+308,1.79769313486232e+308,1.79769313486232e+308,1.79769313486232e+308,1.79769313486232e+308,1.79769313486232e+308,1.79769313486232e+308,1.79769313486232e+308
49,"8/03/99",1,1620521,5,5,1,17,25000,3000,12,0,1.79769313486232e+308,1.79769313486232e+308,1.79769313486232e+308
50,"8/03/99",1,1620522,2,2,1,15,10000,0,7,0,1.79769313486232e+308,1.79769313486232e+308,1.79769313486232e+308
67,"8/03/99",1,1620541,2,2,1,15,0,0,3,0,1.79769313486232e+308,1.79769313486232e+308,1.79769313486232e+308
51,"8/03/99",1,1620721,2,2,1,16,700,0,2,8,1.79769313486232e+308,1.79769313486232e+308,1.79769313486232e+308
52,"8/03/99",1,1620721,3,3,2,1.79769313486232e+308,1.79769313486232e+308,1.79769313486232e+308,1.79769313486232e+308,1.79769313486232e+308,1.79769313486232e+308,1.79769313486232e+308,1.79769313486232e+308
53,"8/03/99",1,1620821,3,3,1,15,1000,0,5,0,2,1988,5
54,"8/03/99",1,1620821,5,5,2,1.79769313486232e+308,1.79769313486232e+308,1.79769313486232e+308,1.79769313486232e+308,1.79769313486232e+308,1.79769313486232e+308,1.79769313486232e+308,1.79769313486232e+308
55,"8/03/99",1,1620921,6,2,2,1.79769313486232e+308,1.79769313486232e+308,1.79769313486232e+308,1.79769313486232e+308,1.79769313486232e+308,1.79769313486232e+308,1.79769313486232e+308,1.79769313486232e+308
56,"8/03/99",1,1620922,2,2,1,16,3000,0,3,0,1.79769313486232e+308,1.79769313486232e+308,1.79769313486232e+308
57,"8/03/99",1,1621021,2,2,1,16,5000,0,0.0500000007450581,0,1.79769313486232e+308,1.79769313486232e+308,1.79769313486232e+308
58,"8/03/99",1,1621121,2,2,1,18,0,0,3,0,1.79769313486232e+308,1.79769313486232e+308,1.79769313486232e+308
1.79769313486232e+308,".",1.79769313486232e+308,1621121,8,1.79769313486232e+308,2,1.79769313486232e+308,1.79769313486232e+308,1.79769313486232e+308,1.79769313486232e+308,1.79769313486232e+308,1.79769313486232e+308,1.79769313486232e+308,1.79769313486232e+308
59,"8/03/99",1,1621122,2,2,1,18,0,0,3,0,1.79769313486232e+308,1.79769313486232e+308,1.79769313486232e+308
60,"8/03/99",1,1621221,1.79769313486232e+308,1.79769313486232e+308,1.79769313486232e+308,1.79769313486232e+308,1.79769313486232e+308,1.79769313486232e+308,1.79769313486232e+308,1.79769313486232e+308,1.79769313486232e+308,1.79769313486232e+308,1.79769313486232e+308
61,"8/03/99",1,1621222,2,2,1,16,2000,0,0.0500000007450581,0,1.79769313486232e+308,1.79769313486232e+308,1.79769313486232e+308
62,"8/03/99",1,1621223,2,2,1,14,8000,0,3,0,1.79769313486232e+308,1.79769313486232e+308,1.79769313486232e+308
74,"5/28/99",1,1630121,2,2,1,15,0,0,2,0,1.79769313486232e+308,1.79769313486232e+308,1.79769313486232e+308
75,"6/03/99",1,1630121,4,2,2,1.79769313486232e+308,1.79769313486232e+308,1.79769313486232e+308,1.79769313486232e+308,1.79769313486232e+308,1.79769313486232e+308,1.79769313486232e+308,1.79769313486232e+308
76,"6/03/99",1,1630121,5,2,2,1.79769313486232e+308,1.79769313486232e+308,1.79769313486232e+308,1.79769313486232e+308,1.79769313486232e+308,1.79769313486232e+308,1.79769313486232e+308,1.79769313486232e+308
96,"6/03/99",1,1630141,3,3,1,18,5000,50,4,4,1.79769313486232e+308,1.79769313486232e+308,1.79769313486232e+308
97,"6/03/99",1,1630142,1.79769313486232e+308,1.79769313486232e+308,1.79769313486232e+308,1.79769313486232e+308,1.79769313486232e+308,1.79769313486232e+308,1.79769313486232e+308,1.79769313486232e+308,1.79769313486232e+308,1.79769313486232e+308,1.79769313486232e+308
102,"6/03/99",1,1630151,2,2,1,12,0,0,0.25,12,1.79769313486232e+308,1.79769313486232e+308,1.79769313486232e+308
77,"6/03/99",1,1630221,2,2,1,12,2000,0,2,0,1.79769313486232e+308,1.79769313486232e+308,1.79769313486232e+308
98,"6/03/99",1,1630241,1.79769313486232e+308,1.79769313486232e+308,1.79769313486232e+308,1.79769313486232e+308,1.79769313486232e+308,1.79769313486232e+308,1.79769313486232e+308,1.79769313486232e+308,1.79769313486232e+308,1.79769313486232e+308,1.79769313486232e+308
103,"6/03/99",1,1630251,2,2,1,16,1500,0,40,6,1.79769313486232e+308,1.79769313486232e+308,1.79769313486232e+308
1.79769313486232e+308,"",1.79769313486232e+308,1630251,3,2,2,1.79769313486232e+308,1.79769313486232e+308,1.79769313486232e+308,1.79769313486232e+308,1.79769313486232e+308,1.79769313486232e+308,1.79769313486232e+308,1.79769313486232e+308
78,"6/03/99",1,1630321,2,2,1,20,0,20,2,0,1.79769313486232e+308,1.79769313486232e+308,1.79769313486232e+308
1.79769313486232e+308,"",1.79769313486232e+308,1630321,5,2,2,1.79769313486232e+308,1.79769313486232e+308,1.79769313486232e+308,1.79769313486232e+308,1.79769313486232e+308,1.79769313486232e+308,1.79769313486232e+308,1.79769313486232e+308
79,"6/03/99",1,1630321,6,2,2,1.79769313486232e+308,1.79769313486232e+308,1.79769313486232e+308,1.79769313486232e+308,1.79769313486232e+308,1.79769313486232e+308,1.79769313486232e+308,1.79769313486232e+308
99,"6/03/99",1,1630341,1.79769313486232e+308,1.79769313486232e+308,1.79769313486232e+308,1.79769313486232e+308,1.79769313486232e+308,1.79769313486232e+308,1.79769313486232e+308,1.79769313486232e+308,1.79769313486232e+308,1.79769313486232e+308,1.79769313486232e+308
104,"6/03/99",1,1630351,2,2,1,18,10000,0,2,4,1.79769313486232e+308,1.79769313486232e+308,1.79769313486232e+308
80,"6/03/99",1,1630421,2,2,1,14,300,0,2,12,1.79769313486232e+308,1.79769313486232e+308,1.79769313486232e+308
100,"6/03/99",1,1630441,2,2,1,16,500,0,1,3,1.79769313486232e+308,1.79769313486232e+308,1.79769313486232e+308
1.79769313486232e+308,"",1.79769313486232e+308,1630441,4,4,2,1.79769313486232e+308,1.79769313486232e+308,1.79769313486232e+308,1.79769313486232e+308,1.79769313486232e+308,1.79769313486232e+308,1.79769313486232e+308,1.79769313486232e+308
1.79769313486232e+308,"",1.79769313486232e+308,1630459,5,2,2,1.79769313486232e+308,1.79769313486232e+308,1.79769313486232e+308,1.79769313486232e+308,1.79769313486232e+308,1.79769313486232e+308,1.79769313486232e+308,1.79769313486232e+308
81,"6/03/99",1,1630521,2,2,1,15,0,0,2,0,1.79769313486232e+308,1.79769313486232e+308,1.79769313486232e+308
82,"6/03/99",1,1630521,5,2,2,1.79769313486232e+308,1.79769313486232e+308,1.79769313486232e+308,1.79769313486232e+308,1.79769313486232e+308,1.79769313486232e+308,1.79769313486232e+308,1.79769313486232e+308
83,"6/03/99",1,1630521,6,2,2,1.79769313486232e+308,1.79769313486232e+308,1.79769313486232e+308,1.79769313486232e+308,1.79769313486232e+308,1.79769313486232e+308,1.79769313486232e+308,1.79769313486232e+308
101,"6/03/99",1,1630541,2,2,1,18,6000,0,4,0,1.79769313486232e+308,1.79769313486232e+308,1.79769313486232e+308
84,"6/03/99",1,1630621,2,2,1,14,0,0,2,30,1.79769313486232e+308,1.79769313486232e+308,1.79769313486232e+308
85,"6/03/99",1,1630721,2,2,1,13,1300,0,3,0,1.79769313486232e+308,1.79769313486232e+308,1.79769313486232e+308
87,"6/03/99",1,1630821,2,2,1,16,375,0,3,0,1.79769313486232e+308,1.79769313486232e+308,1.79769313486232e+308
86,"6/03/99",1,1630821,5,2,2,1.79769313486232e+308,1.79769313486232e+308,1.79769313486232e+308,1.79769313486232e+308,1.79769313486232e+308,1.79769313486232e+308,1.79769313486232e+308,1.79769313486232e+308
89,"6/03/99",1,1630921,4,2,1,15,1500,0,30,0,2,1990,1.79769313486232e+308
90,"6/03/99",1,1630922,2,2,1,15,4500,0,3,0,1.79769313486232e+308,1.79769313486232e+308,1.79769313486232e+308
91,"6/03/99",1,1631021,2,2,1,12,0,0,3,3,1.79769313486232e+308,1.79769313486232e+308,1.79769313486232e+308
92,"6/03/99",1,1631022,2,2,1,15,9000,0,12,24,1.79769313486232e+308,1.79769313486232e+308,1.79769313486232e+308
93,"6/03/99",1,1631121,2,2,1,12,0,0,3,3,1.79769313486232e+308,1.79769313486232e+308,1.79769313486232e+308
94,"6/03/99",1,1631121,4,2,2,1.79769313486232e+308,1.79769313486232e+308,1.79769313486232e+308,1.79769313486232e+308,1.79769313486232e+308,1.79769313486232e+308,1.79769313486232e+308,1.79769313486232e+308
95,"6/03/99",1,1631221,2,2,1,14,1000,0,2,3,1.79769313486232e+308,1.79769313486232e+308,1.79769313486232e+308
1,"8/01/99",1,1710131,4,1,1,18,0,0,7,0,1.79769313486232e+308,1.79769313486232e+308,1.79769313486232e+308
2,"8/01/99",1,1710132,2,1,1,17,9000,0,10,0,1.79769313486232e+308,1.79769313486232e+308,1.79769313486232e+308
29,"8/01/99",1,1710241,2,1,1,15,0,0,0.5,0,1.79769313486232e+308,1.79769313486232e+308,1.79769313486232e+308
1.79769313486232e+308,".",1.79769313486232e+308,1710241,5,1.79769313486232e+308,2,1.79769313486232e+308,1.79769313486232e+308,1.79769313486232e+308,1.79769313486232e+308,1.79769313486232e+308,1.79769313486232e+308,1.79769313486232e+308,1.79769313486232e+308
30,"8/01/99",1,1710241,8,1,1,18,2000,0,4,0,1.79769313486232e+308,1.79769313486232e+308,1.79769313486232e+308
39,"8/01/99",1,1710251,2,1,1,22,10000,0,6,0,1.79769313486232e+308,1.79769313486232e+308,1.79769313486232e+308
40,"8/01/99",1,1710251,3,1,2,1.79769313486232e+308,1.79769313486232e+308,1.79769313486232e+308,1.79769313486232e+308,1.79769313486232e+308,1.79769313486232e+308,1.79769313486232e+308,1.79769313486232e+308
31,"8/01/99",1,1710341,2,1.79769313486232e+308,1,15,0,0,6,0,1,1980,3
32,"8/01/99",1,1710341,3,1.79769313486232e+308,1,15,0,0,10,24,1.79769313486232e+308,1.79769313486232e+308,1.79769313486232e+308
1.79769313486232e+308,".",1.79769313486232e+308,1710341,5,1.79769313486232e+308,1,1.79769313486232e+308,1.79769313486232e+308,1.79769313486232e+308,1.79769313486232e+308,1.79769313486232e+308,1.79769313486232e+308,1.79769313486232e+308,1.79769313486232e+308
33,"8/01/99",1,1710341,9,1.79769313486232e+308,1,18,0,0,1,0,1.79769313486232e+308,1.79769313486232e+308,1.79769313486232e+308
41,"8/01/99",1,1710351,2,2,1,16,0,0,0.200000002980232,0,1.79769313486232e+308,1.79769313486232e+308,1.79769313486232e+308
42,"8/01/99",1,1710351,3,2,2,1.79769313486232e+308,1.79769313486232e+308,1.79769313486232e+308,1.79769313486232e+308,1.79769313486232e+308,1.79769313486232e+308,1.79769313486232e+308,1.79769313486232e+308
3,"8/01/99",1,1710431,3,2,1,18,0,0,10,0,2,1997,12
4,"8/01/99",1,1710431,5,2,1,18,0,0,2,0,1.79769313486232e+308,1.79769313486232e+308,1.79769313486232e+308
34,"8/01/99",1,1710441,3,1,1,18,7000,0,2.5,0,1.79769313486232e+308,1.79769313486232e+308,1.79769313486232e+308
35,"8/01/99",1,1710441,10,1,2,1.79769313486232e+308,1.79769313486232e+308,1.79769313486232e+308,1.79769313486232e+308,1.79769313486232e+308,1.79769313486232e+308,1.79769313486232e+308,1.79769313486232e+308
43,"8/01/99",1,1710459,4,3,1,13,2000,0,2,0,1.79769313486232e+308,1.79769313486232e+308,1.79769313486232e+308
44,"8/01/99",1,1710459,6,3,1,15,3000,0,1,0,1.79769313486232e+308,1.79769313486232e+308,1.79769313486232e+308
5,"8/01/99",1,1710531,2,1,1,18,0,0,0.5,0,1.79769313486232e+308,1.79769313486232e+308,1.79769313486232e+308
6,"8/01/99",1,1710531,3,1,2,1.79769313486232e+308,1.79769313486232e+308,1.79769313486232e+308,1.79769313486232e+308,1.79769313486232e+308,1.79769313486232e+308,1.79769313486232e+308,1.79769313486232e+308
7,"8/01/99",1,1710531,4,1,2,1.79769313486232e+308,1.79769313486232e+308,1.79769313486232e+308,1.79769313486232e+308,1.79769313486232e+308,1.79769313486232e+308,1.79769313486232e+308,1.79769313486232e+308
36,"8/01/99",1,1710541,11,1,1,21,0,0,27,0,1.79769313486232e+308,1.79769313486232e+308,1.79769313486232e+308
37,"8/01/99",1,1710542,2,1,1,19,5000,0,3,0,1.79769313486232e+308,1.79769313486232e+308,1.79769313486232e+308
38,"8/01/99",1,1710543,1.79769313486232e+308,1.79769313486232e+308,1.79769313486232e+308,1.79769313486232e+308,1.79769313486232e+308,1.79769313486232e+308,1.79769313486232e+308,1.79769313486232e+308,1.79769313486232e+308,1.79769313486232e+308,1.79769313486232e+308
9,"8/01/99",1,1710731,2,1,1,15,0,0,23,0,1.79769313486232e+308,1.79769313486232e+308,1.79769313486232e+308
10,"8/01/99",1,1710731,3,1,2,1.79769313486232e+308,1.79769313486232e+308,1.79769313486232e+308,1.79769313486232e+308,1.79769313486232e+308,1.79769313486232e+308,1.79769313486232e+308,1.79769313486232e+308
11,"8/01/99",1,1710731,5,1,2,1.79769313486232e+308,1.79769313486232e+308,1.79769313486232e+308,1.79769313486232e+308,1.79769313486232e+308,1.79769313486232e+308,1.79769313486232e+308,1.79769313486232e+308
1.79769313486232e+308,".",1.79769313486232e+308,1710731,6,1.79769313486232e+308,2,1.79769313486232e+308,1.79769313486232e+308,1.79769313486232e+308,1.79769313486232e+308,1.79769313486232e+308,1.79769313486232e+308,1.79769313486232e+308,1.79769313486232e+308
12,"8/01/99",1,1710831,1.79769313486232e+308,1.79769313486232e+308,1.79769313486232e+308,1.79769313486232e+308,1.79769313486232e+308,1.79769313486232e+308,1.79769313486232e+308,1.79769313486232e+308,1.79769313486232e+308,1.79769313486232e+308,1.79769313486232e+308
13,"8/01/99",1,1710931,1.79769313486232e+308,1.79769313486232e+308,1.79769313486232e+308,1.79769313486232e+308,1.79769313486232e+308,1.79769313486232e+308,1.79769313486232e+308,1.79769313486232e+308,1.79769313486232e+308,1.79769313486232e+308,1.79769313486232e+308
14,"8/01/99",1,1710932,2,1,1,17,0,0,20,40,1.79769313486232e+308,1.79769313486232e+308,1.79769313486232e+308
15,"8/01/99",1,1711031,2,1,1,15,0,0,20,0,1.79769313486232e+308,1.79769313486232e+308,1.79769313486232e+308
16,"8/01/99",1,1711031,6,1,1,16,0,0,15,0,1,1996,3
17,"8/01/99",1,1711131,2,1,1,15,3000,0,25,0,1.79769313486232e+308,1.79769313486232e+308,1.79769313486232e+308
18,"8/01/99",1,1711231,2,1,1,15,0,0,12,18,1.79769313486232e+308,1.79769313486232e+308,1.79769313486232e+308
19,"8/01/99",1,1711231,6,1,2,1.79769313486232e+308,1.79769313486232e+308,1.79769313486232e+308,1.79769313486232e+308,1.79769313486232e+308,1.79769313486232e+308,1.79769313486232e+308,1.79769313486232e+308
20,"8/01/99",1,1711231,7,1,2,1.79769313486232e+308,1.79769313486232e+308,1.79769313486232e+308,1.79769313486232e+308,1.79769313486232e+308,1.79769313486232e+308,1.79769313486232e+308,1.79769313486232e+308
21,"8/01/99",1,1711339,2,1,1,18,0,0,6,0,1.79769313486232e+308,1.79769313486232e+308,1.79769313486232e+308
22,"8/01/99",1,1711439,2,1,1,15,0,0,10,12,1.79769313486232e+308,1.79769313486232e+308,1.79769313486232e+308
23,"8/01/99",1,1711439,5,1,2,1.79769313486232e+308,1.79769313486232e+308,1.79769313486232e+308,1.79769313486232e+308,1.79769313486232e+308,1.79769313486232e+308,1.79769313486232e+308,1.79769313486232e+308
24,"8/01/99",1,1711539,2,1,1,10,0,0,0.100000001490116,18,1.79769313486232e+308,1.79769313486232e+308,1.79769313486232e+308
25,"8/01/99",1,1711539,3,1,2,1.79769313486232e+308,1.79769313486232e+308,1.79769313486232e+308,1.79769313486232e+308,1.79769313486232e+308,1.79769313486232e+308,1.79769313486232e+308,1.79769313486232e+308
26,"8/01/99",1,1711639,2,2,1,16,0,0,0.5,6,1.79769313486232e+308,1.79769313486232e+308,1.79769313486232e+308
27,"8/01/99",1,1711739,2,1,1,20,8000,0,13,6,1.79769313486232e+308,1.79769313486232e+308,1.79769313486232e+308
28,"8/01/99",1,1711839,2,1,1,17,0,0,0.200000002980232,0,1.79769313486232e+308,1.79769313486232e+308,1.79769313486232e+308
131,"6/14/99",1,1720131,2,2,1,15,0,0,3,0,1,1982,12
158,"6/14/99",1,1720141,2,1,1,17,0,0,7,4,1.79769313486232e+308,1.79769313486232e+308,1.79769313486232e+308
159,"6/14/99",1,1720141,5,1,2,1.79769313486232e+308,1.79769313486232e+308,1.79769313486232e+308,1.79769313486232e+308,1.79769313486232e+308,1.79769313486232e+308,1.79769313486232e+308,1.79769313486232e+308
160,"6/14/99",1,1720141,6,1,2,1.79769313486232e+308,1.79769313486232e+308,1.79769313486232e+308,1.79769313486232e+308,1.79769313486232e+308,1.79769313486232e+308,1.79769313486232e+308,1.79769313486232e+308
168,"6/14/99",1,1720151,2,1,1,18,2500,0,3,0,1.79769313486232e+308,1.79769313486232e+308,1.79769313486232e+308
133,"6/14/99",1,1720231,5,1,2,1.79769313486232e+308,1.79769313486232e+308,1.79769313486232e+308,1.79769313486232e+308,1.79769313486232e+308,1.79769313486232e+308,1.79769313486232e+308,1.79769313486232e+308
161,"6/14/99",1,1720241,2,2,1,16,10000,0,1,0,1,1994,1.79769313486232e+308
169,"6/14/99",1,1720251,2,1,1,20,0,0,48,96,1.79769313486232e+308,1.79769313486232e+308,1.79769313486232e+308
134,"6/14/99",1,1720331,2,1,1,16,0,0,3,12,1.79769313486232e+308,1.79769313486232e+308,1.79769313486232e+308
135,"6/14/99",1,1720331,4,1,2,1.79769313486232e+308,1.79769313486232e+308,1.79769313486232e+308,1.79769313486232e+308,1.79769313486232e+308,1.79769313486232e+308,1.79769313486232e+308,1.79769313486232e+308
162,"6/14/99",1,1720341,2,1,1,16,0,0,3,0,1.79769313486232e+308,1.79769313486232e+308,1.79769313486232e+308
163,"6/14/99",1,1720341,3,1,2,1.79769313486232e+308,1.79769313486232e+308,1.79769313486232e+308,1.79769313486232e+308,1.79769313486232e+308,1.79769313486232e+308,1.79769313486232e+308,1.79769313486232e+308
164,"6/14/99",1,1720341,4,1,2,1.79769313486232e+308,1.79769313486232e+308,1.79769313486232e+308,1.79769313486232e+308,1.79769313486232e+308,1.79769313486232e+308,1.79769313486232e+308,1.79769313486232e+308
170,"6/14/99",1,1720351,4,1,2,1.79769313486232e+308,1.79769313486232e+308,1.79769313486232e+308,1.79769313486232e+308,1.79769313486232e+308,1.79769313486232e+308,1.79769313486232e+308,1.79769313486232e+308
171,"6/14/99",1,1720351,5,1,2,1.79769313486232e+308,1.79769313486232e+308,1.79769313486232e+308,1.79769313486232e+308,1.79769313486232e+308,1.79769313486232e+308,1.79769313486232e+308,1.79769313486232e+308
172,"6/14/99",1,1720351,6,1,2,1.79769313486232e+308,1.79769313486232e+308,1.79769313486232e+308,1.79769313486232e+308,1.79769313486232e+308,1.79769313486232e+308,1.79769313486232e+308,1.79769313486232e+308
173,"6/14/99",1,1720351,9,1,1,18,0,0,0,0,2,1989,3
174,"6/14/99",1,1720351,14,1,1,20,0,0,10,0,1.79769313486232e+308,1.79769313486232e+308,1.79769313486232e+308
136,"6/14/99",1,1720431,2,1,1,14,0,0,5,0,1.79769313486232e+308,1.79769313486232e+308,1.79769313486232e+308
137,"6/14/99",1,1720431,3,1,2,1.79769313486232e+308,1.79769313486232e+308,1.79769313486232e+308,1.79769313486232e+308,1.79769313486232e+308,1.79769313486232e+308,1.79769313486232e+308,1.79769313486232e+308
165,"6/14/99",1,1720441,7,4,1,22,50000,0,90,0,1.79769313486232e+308,1.79769313486232e+308,1.79769313486232e+308
166,"6/14/99",1,1720441,8,8,1,18,0,0,10,1,1.79769313486232e+308,1.79769313486232e+308,1.79769313486232e+308
175,"6/14/99",1,1720459,2,1,1,18,20000,0,32,0,1.79769313486232e+308,1.79769313486232e+308,1.79769313486232e+308
1.79769313486232e+308,"8/25/99",1,1720459,4,4,2,1.79769313486232e+308,1.79769313486232e+308,1.79769313486232e+308,1.79769313486232e+308,1.79769313486232e+308,1.79769313486232e+308,1.79769313486232e+308,1.79769313486232e+308
138,"6/14/99",1,1720531,2,2,1,15,0,0,5,0,1,1993,7
139,"6/14/99",1,1720531,4,2,1,16,0,0,6,0,1,1986,7
167,"6/14/99",1,1720541,2,2,1,16,0,0,15,0,1,1990,1.79769313486232e+308
140,"6/14/99",1,1720631,2,1,1,16,0,0,0,0,1.79769313486232e+308,1.79769313486232e+308,1.79769313486232e+308
141,"6/14/99",1,1720731,1.79769313486232e+308,1.79769313486232e+308,1.79769313486232e+308,1.79769313486232e+308,1.79769313486232e+308,1.79769313486232e+308,1.79769313486232e+308,1.79769313486232e+308,1.79769313486232e+308,1.79769313486232e+308,1.79769313486232e+308
142,"6/14/99",1,1720831,2,1,1,15,10000,0,2,0,1.79769313486232e+308,1.79769313486232e+308,1.79769313486232e+308
143,"6/14/99",1,1720931,2,2,1,14,0,0,8,0,1,1996,3
144,"6/14/99",1,1721031,2,1,1,14,0,0,4,0,1.79769313486232e+308,1.79769313486232e+308,1.79769313486232e+308
145,"6/14/99",1,1721131,2,4,1,16,0,0,6,0,1.79769313486232e+308,1.79769313486232e+308,1.79769313486232e+308
146,"6/14/99",1,1721131,5,4,2,1.79769313486232e+308,1.79769313486232e+308,1.79769313486232e+308,1.79769313486232e+308,1.79769313486232e+308,1.79769313486232e+308,1.79769313486232e+308,1.79769313486232e+308
147,"6/14/99",1,1721339,2,1,1,18,0,0,3,0,1.79769313486232e+308,1.79769313486232e+308,1.79769313486232e+308
148,"6/14/99",1,1721439,2,1,1,25,0,0,8,0,1.79769313486232e+308,1.79769313486232e+308,1.79769313486232e+308
1.79769313486232e+308,"8/25/99",1,1721439,4,1,2,1.79769313486232e+308,1.79769313486232e+308,1.79769313486232e+308,1.79769313486232e+308,1.79769313486232e+308,1.79769313486232e+308,1.79769313486232e+308,1.79769313486232e+308
150,"6/14/99",1,1721539,2,1,1,14,0,0,10,0,1.79769313486232e+308,1.79769313486232e+308,1.79769313486232e+308
151,"6/14/99",1,1721539,3,1,2,1.79769313486232e+308,1.79769313486232e+308,1.79769313486232e+308,1.79769313486232e+308,1.79769313486232e+308,1.79769313486232e+308,1.79769313486232e+308,1.79769313486232e+308
152,"6/14/99",1,1721639,2,1,1,15,0,0,0.5,0,1.79769313486232e+308,1.79769313486232e+308,1.79769313486232e+308
153,"6/14/99",1,1721739,2,1,1,17,0,0,7,0,1.79769313486232e+308,1.79769313486232e+308,1.79769313486232e+308
154,"6/14/99",1,1721739,5,1,2,1.79769313486232e+308,1.79769313486232e+308,1.79769313486232e+308,1.79769313486232e+308,1.79769313486232e+308,1.79769313486232e+308,1.79769313486232e+308,1.79769313486232e+308
155,"6/14/99",1,1721839,2,1,1,14,0,0,7,0,1.79769313486232e+308,1.79769313486232e+308,1.79769313486232e+308
1.79769313486232e+308,"8/30/99",1,1721839,4,4,2,1.79769313486232e+308,1.79769313486232e+308,1.79769313486232e+308,1.79769313486232e+308,1.79769313486232e+308,1.79769313486232e+308,1.79769313486232e+308,1.79769313486232e+308
156,"6/14/99",1,1721939,2,1,1,20,0,0,3,0,1.79769313486232e+308,1.79769313486232e+308,1.79769313486232e+308
157,"6/14/99",1,1721939,12,1,1,17,10000,1000,2,0,1.79769313486232e+308,1.79769313486232e+308,1.79769313486232e+308
272,"6/25/99",1,1730131,2,1,1,17,0,0,1,0,1.79769313486232e+308,1.79769313486232e+308,1.79769313486232e+308
273,"6/30/99",1,1730131,3,1,2,1.79769313486232e+308,1.79769313486232e+308,1.79769313486232e+308,1.79769313486232e+308,1.79769313486232e+308,1.79769313486232e+308,1.79769313486232e+308,1.79769313486232e+308
297,"6/30/99",1,1730141,2,1,1,11,0,500,2,0,1.79769313486232e+308,1.79769313486232e+308,1.79769313486232e+308
304,"6/30/99",1,1730151,5,3,1,15,0,0,3,24,1.79769313486232e+308,1.79769313486232e+308,1.79769313486232e+308
274,"6/30/99",1,1730231,2,1,1,16,1000,0,6,0,1.79769313486232e+308,1.79769313486232e+308,1.79769313486232e+308
275,"6/30/99",1,1730231,4,1,2,1.79769313486232e+308,1.79769313486232e+308,1.79769313486232e+308,1.79769313486232e+308,1.79769313486232e+308,1.79769313486232e+308,1.79769313486232e+308,1.79769313486232e+308
276,"6/30/99",1,1730232,2,1,1,16,0,0,10,0,1.79769313486232e+308,1.79769313486232e+308,1.79769313486232e+308
277,"6/30/99",1,1730233,2,1,1,17,2000,0,1,0,1.79769313486232e+308,1.79769313486232e+308,1.79769313486232e+308
298,"6/30/99",1,1730241,2,1,1,18,0,0,1,0,1.79769313486232e+308,1.79769313486232e+308,1.79769313486232e+308
278,"6/30/99",1,1730331,2,1,1,25,0,0,0,0,1.79769313486232e+308,1.79769313486232e+308,1.79769313486232e+308
279,"6/30/99",1,1730331,3,1,2,1.79769313486232e+308,1.79769313486232e+308,1.79769313486232e+308,1.79769313486232e+308,1.79769313486232e+308,1.79769313486232e+308,1.79769313486232e+308,1.79769313486232e+308
299,"6/30/99",1,1730341,2,1,1,16,2000,0,50,0,1.79769313486232e+308,1.79769313486232e+308,1.79769313486232e+308
280,"6/30/99",1,1730431,1.79769313486232e+308,1.79769313486232e+308,1.79769313486232e+308,1.79769313486232e+308,1.79769313486232e+308,1.79769313486232e+308,1.79769313486232e+308,1.79769313486232e+308,1.79769313486232e+308,1.79769313486232e+308,1.79769313486232e+308
305,"6/30/99",1,1730459,1.79769313486232e+308,1.79769313486232e+308,1.79769313486232e+308,1.79769313486232e+308,1.79769313486232e+308,1.79769313486232e+308,1.79769313486232e+308,1.79769313486232e+308,1.79769313486232e+308,1.79769313486232e+308,1.79769313486232e+308
281,"6/30/99",1,1730531,6,2,1,15,0,0,0,0,1.79769313486232e+308,1.79769313486232e+308,1.79769313486232e+308
300,"6/30/99",1,1730541,2,1,1,28,0,0,2,0,1.79769313486232e+308,1.79769313486232e+308,1.79769313486232e+308
1.79769313486232e+308,"12/7/99",1,1730542,2,4,1,1.79769313486232e+308,1.79769313486232e+308,1.79769313486232e+308,1.79769313486232e+308,1.79769313486232e+308,1.79769313486232e+308,1.79769313486232e+308,1.79769313486232e+308
301,"6/30/99",1,1730542,4,4,1,20,0,0,10,0,1.79769313486232e+308,1.79769313486232e+308,1.79769313486232e+308
302,"6/30/99",1,1730543,2,2,1,15,15000,0,90,9,1.79769313486232e+308,1.79769313486232e+308,1.79769313486232e+308
303,"6/30/99",1,1730544,2,1,1,17,0,0,3,8,1.79769313486232e+308,1.79769313486232e+308,1.79769313486232e+308
282,"6/30/99",1,1730631,4,4,1,14,0,0,2,6,1.79769313486232e+308,1.79769313486232e+308,1.79769313486232e+308
283,"6/30/99",1,1730731,8,5,1,14,4000,0,4,0,1.79769313486232e+308,1.79769313486232e+308,1.79769313486232e+308
284,"6/30/99",1,1730731,11,5,1,16,4000,2000,3,0,1.79769313486232e+308,1.79769313486232e+308,1.79769313486232e+308
285,"6/30/99",1,1730931,2,1,1,14,0,0,5,0,1.79769313486232e+308,1.79769313486232e+308,1.79769313486232e+308
286,"6/30/99",1,1731031,2,1,1,13,2000,0,3,0,1.79769313486232e+308,1.79769313486232e+308,1.79769313486232e+308
287,"6/30/99",1,1731031,8,1,2,1.79769313486232e+308,1.79769313486232e+308,1.79769313486232e+308,1.79769313486232e+308,1.79769313486232e+308,1.79769313486232e+308,1.79769313486232e+308,1.79769313486232e+308
289,"6/30/99",1,1731131,2,3,2,1.79769313486232e+308,1.79769313486232e+308,1.79769313486232e+308,1.79769313486232e+308,1.79769313486232e+308,1.79769313486232e+308,1.79769313486232e+308,1.79769313486232e+308
288,"6/30/99",1,1731131,3,3,1,16,1000,0,7,0,1.79769313486232e+308,1.79769313486232e+308,1.79769313486232e+308
290,"6/30/99",1,1731231,2,1,1,13,600,0,1,0,1.79769313486232e+308,1.79769313486232e+308,1.79769313486232e+308
291,"6/30/99",1,1731339,2,1,1,14,0,500,0,0,1.79769313486232e+308,1.79769313486232e+308,1.79769313486232e+308
292,"6/30/99",1,1731439,2,1,1,16,0,0,4,36,1.79769313486232e+308,1.79769313486232e+308,1.79769313486232e+308
293,"6/30/99",1,1731539,2,1,1,17,0,0,4,3,1.79769313486232e+308,1.79769313486232e+308,1.79769313486232e+308
294,"6/30/99",1,1731639,2,7,1,16,0,0,10,9,1.79769313486232e+308,1.79769313486232e+308,1.79769313486232e+308
295,"6/30/99",1,1731639,7,7,1,15,0,0,5,0,2,1997,10
296,"6/30/99",1,1731739,1.79769313486232e+308,1.79769313486232e+308,1.79769313486232e+308,1.79769313486232e+308,1.79769313486232e+308,1.79769313486232e+308,1.79769313486232e+308,1.79769313486232e+308,1.79769313486232e+308,1.79769313486232e+308,1.79769313486232e+308
109,"9/26/95",1,1740139,2,1,1,15,0,0,60,0,1.79769313486232e+308,1.79769313486232e+308,1.79769313486232e+308
110,"9/26/95",1,1740139,4,1,1,13,0,0,35,0,1,1998,7
111,"9/26/95",1,1740139,7,1,1,15,3000,0,0.5,0,1.79769313486232e+308,1.79769313486232e+308,1.79769313486232e+308
134,"9/26/95",1,1740149,2,1,1,13,0,0,12,9,1.79769313486232e+308,1.79769313486232e+308,1.79769313486232e+308
135,"9/26/95",1,1740149,6,1,1,16,0,0,200,4,1.79769313486232e+308,1.79769313486232e+308,1.79769313486232e+308
140,"9/26/95",1,1740159,3,2,1,17,20000,0,12,22,1.79769313486232e+308,1.79769313486232e+308,1.79769313486232e+308
112,"9/26/95",1,1740239,2,1,1,16,0,0,12,0,1.79769313486232e+308,1.79769313486232e+308,1.79769313486232e+308
136,"9/26/95",1,1740249,1,1,1,16,0,0,45,60,1,1972,10
141,"9/26/95",1,1740259,2,1,1,19,0,0,40,0,1.79769313486232e+308,1.79769313486232e+308,1.79769313486232e+308
113,"9/26/95",1,1740339,1.79769313486232e+308,1.79769313486232e+308,1.79769313486232e+308,1.79769313486232e+308,1.79769313486232e+308,1.79769313486232e+308,1.79769313486232e+308,1.79769313486232e+308,1.79769313486232e+308,1.79769313486232e+308,1.79769313486232e+308
137,"9/26/95",1,1740349,1,1,2,1.79769313486232e+308,1.79769313486232e+308,1.79769313486232e+308,1.79769313486232e+308,1.79769313486232e+308,1.79769313486232e+308,1.79769313486232e+308,1.79769313486232e+308
142,"9/26/95",1,1740359,2,1,1,14,0,0,4,6,1.79769313486232e+308,1.79769313486232e+308,1.79769313486232e+308
114,"9/26/95",1,1740439,2,1,1,19,0,0,3,0,1.79769313486232e+308,1.79769313486232e+308,1.79769313486232e+308
115,"9/26/95",1,1740439,3,1,2,1.79769313486232e+308,1.79769313486232e+308,1.79769313486232e+308,1.79769313486232e+308,1.79769313486232e+308,1.79769313486232e+308,1.79769313486232e+308,1.79769313486232e+308
138,"9/26/95",1,1740449,2,1,1,16,30000,0,16,8,1.79769313486232e+308,1.79769313486232e+308,1.79769313486232e+308
1.79769313486232e+308,"10/12/99",1,1740449,4,1,2,1.79769313486232e+308,1.79769313486232e+308,1.79769313486232e+308,1.79769313486232e+308,1.79769313486232e+308,1.79769313486232e+308,1.79769313486232e+308,1.79769313486232e+308
143,"9/26/95",1,1740459,2,1,1,18,0,0,90,0,1.79769313486232e+308,1.79769313486232e+308,1.79769313486232e+308
144,"9/26/95",1,1740459,6,1,2,1.79769313486232e+308,1.79769313486232e+308,1.79769313486232e+308,1.79769313486232e+308,1.79769313486232e+308,1.79769313486232e+308,1.79769313486232e+308,1.79769313486232e+308
116,"9/26/95",1,1740529,2,1,1,13,0,0,23,0,1.79769313486232e+308,1.79769313486232e+308,1.79769313486232e+308
139,"9/26/95",1,1740549,2,1,1,16,0,0,0,0,1.79769313486232e+308,1.79769313486232e+308,1.79769313486232e+308
145,"9/26/95",1,1740559,2,1,1,18,0,0,20,12,1.79769313486232e+308,1.79769313486232e+308,1.79769313486232e+308
146,"9/26/95",1,1740559,3,1,1,20,0,0,10,0,1.79769313486232e+308,1.79769313486232e+308,1.79769313486232e+308
147,"9/26/95",1,1740559,4,1,2,1.79769313486232e+308,1.79769313486232e+308,1.79769313486232e+308,1.79769313486232e+308,1.79769313486232e+308,1.79769313486232e+308,1.79769313486232e+308,1.79769313486232e+308
148,"9/26/95",1,1740559,12,1,1,20,0,0,18,0,1.79769313486232e+308,1.79769313486232e+308,1.79769313486232e+308
149,"9/26/95",1,1740559,14,1,1,18,10000,0,6,6,1.79769313486232e+308,1.79769313486232e+308,1.79769313486232e+308
117,"9/26/95",1,1740629,2,1,1,16,0,0,100,0,1.79769313486232e+308,1.79769313486232e+308,1.79769313486232e+308
118,"9/26/95",1,1740629,3,1,1,18,0,0,0.5,0,2,1997,3
120,"9/26/95",1,1740629,8,1,2,1.79769313486232e+308,1.79769313486232e+308,1.79769313486232e+308,1.79769313486232e+308,1.79769313486232e+308,1.79769313486232e+308,1.79769313486232e+308,1.79769313486232e+308
119,"9/26/95",1,1740629,11,1,1,18,15000,0,12,0,1.79769313486232e+308,1.79769313486232e+308,1.79769313486232e+308
121,"9/26/95",1,1740739,6,1,2,1.79769313486232e+308,1.79769313486232e+308,1.79769313486232e+308,1.79769313486232e+308,1.79769313486232e+308,1.79769313486232e+308,1.79769313486232e+308,1.79769313486232e+308
122,"9/26/95",1,1740839,2,1,1,18,0,0,20,36,1.79769313486232e+308,1.79769313486232e+308,1.79769313486232e+308
123,"9/26/95",1,1740939,2,1,1,18,0,0,10,0,1.79769313486232e+308,1.79769313486232e+308,1.79769313486232e+308
124,"9/26/95",1,1741039,1,1,1,15,10000,2000,3,96,1.79769313486232e+308,1.79769313486232e+308,1.79769313486232e+308
125,"9/26/95",1,1741139,2,1,1,12,0,0,0.5,2,1.79769313486232e+308,1.79769313486232e+308,1.79769313486232e+308
126,"9/26/95",1,1741239,1.79769313486232e+308,1.79769313486232e+308,1.79769313486232e+308,1.79769313486232e+308,1.79769313486232e+308,1.79769313486232e+308,1.79769313486232e+308,1.79769313486232e+308,1.79769313486232e+308,1.79769313486232e+308,1.79769313486232e+308
127,"9/26/95",1,1741339,2,1,1,17,2000,0,1,0,1.79769313486232e+308,1.79769313486232e+308,1.79769313486232e+308
1.79769313486232e+308,"10/12/99",1,1741339,5,1,2,1.79769313486232e+308,1.79769313486232e+308,1.79769313486232e+308,1.79769313486232e+308,1.79769313486232e+308,1.79769313486232e+308,1.79769313486232e+308,1.79769313486232e+308
1.79769313486232e+308,"10/12/99",1,1741339,6,1,2,1.79769313486232e+308,1.79769313486232e+308,1.79769313486232e+308,1.79769313486232e+308,1.79769313486232e+308,1.79769313486232e+308,1.79769313486232e+308,1.79769313486232e+308
128,"9/26/95",1,1741439,2,1,1,17,0,0,16,0,1.79769313486232e+308,1.79769313486232e+308,1.79769313486232e+308
1.79769313486232e+308,"10/12/99",1,1741539,4,8,2,1.79769313486232e+308,1.79769313486232e+308,1.79769313486232e+308,1.79769313486232e+308,1.79769313486232e+308,1.79769313486232e+308,1.79769313486232e+308,1.79769313486232e+308
129,"9/26/95",1,1741539,8,8,1,16,0,0,0,18,1.79769313486232e+308,1.79769313486232e+308,1.79769313486232e+308
130,"9/26/95",1,1741639,2,1,1,17,0,0,0.5,12,1.79769313486232e+308,1.79769313486232e+308,1.79769313486232e+308
131,"9/26/95",1,1741739,2,1,1,16,0,0,6,12,1.79769313486232e+308,1.79769313486232e+308,1.79769313486232e+308
132,"9/26/95",1,1741739,3,1,2,1.79769313486232e+308,1.79769313486232e+308,1.79769313486232e+308,1.79769313486232e+308,1.79769313486232e+308,1.79769313486232e+308,1.79769313486232e+308,1.79769313486232e+308
133,"9/26/95",1,1741839,1.79769313486232e+308,1.79769313486232e+308,1.79769313486232e+308,1.79769313486232e+308,1.79769313486232e+308,1.79769313486232e+308,1.79769313486232e+308,1.79769313486232e+308,1.79769313486232e+308,1.79769313486232e+308,1.79769313486232e+308
1,"5/20/99",1,1810131,2,2,1,16,1000,0,9,1.5,1.79769313486232e+308,1.79769313486232e+308,1.79769313486232e+308
32,"5/27/99",1,1810141,2,1,2,1.79769313486232e+308,1.79769313486232e+308,1.79769313486232e+308,1.79769313486232e+308,1.79769313486232e+308,1.79769313486232e+308,1.79769313486232e+308,1.79769313486232e+308
33,"5/27/99",1,1810141,3,3,1,14,0,0,2,30,1.79769313486232e+308,1.79769313486232e+308,1.79769313486232e+308
34,"5/27/99",1,1810141,6,6,2,1.79769313486232e+308,1.79769313486232e+308,1.79769313486232e+308,1.79769313486232e+308,1.79769313486232e+308,1.79769313486232e+308,1.79769313486232e+308,1.79769313486232e+308
39,"5/27/99",1,1810151,2,2,1,14,2000,500,2,1,1.79769313486232e+308,1.79769313486232e+308,1.79769313486232e+308
2,"5/27/99",1,1810231,2,2,1,14,4000,0,180,1,1.79769313486232e+308,1.79769313486232e+308,1.79769313486232e+308
35,"5/27/99",1,1810241,5,5,1,16,6000,0,6,2,1.79769313486232e+308,1.79769313486232e+308,1.79769313486232e+308
40,"5/27/99",1,1810251,2,2,1,16,4000,0,0.5,0,1.79769313486232e+308,1.79769313486232e+308,1.79769313486232e+308
41,"5/27/99",1,1810252,2,2,1,14,25000,0,3,1,1.79769313486232e+308,1.79769313486232e+308,1.79769313486232e+308
3,"5/27/99",1,1810331,2,2,1,13,2000,0,13,0,1.79769313486232e+308,1.79769313486232e+308,1.79769313486232e+308
4,"5/27/99",1,1810331,5,2,2,1.79769313486232e+308,1.79769313486232e+308,1.79769313486232e+308,1.79769313486232e+308,1.79769313486232e+308,1.79769313486232e+308,1.79769313486232e+308,1.79769313486232e+308
5,"5/27/99",1,1810331,8,8,1,12,2000,0,2,1,1.79769313486232e+308,1.79769313486232e+308,1.79769313486232e+308
36,"5/27/99",1,1810341,2,2,1,15,500,0,5,0,1.79769313486232e+308,1.79769313486232e+308,1.79769313486232e+308
42,"5/27/99",1,1810351,1,1,1,15,500,0,10,0,1.79769313486232e+308,1.79769313486232e+308,1.79769313486232e+308
43,"5/27/99",1,1810351,4,1,2,1.79769313486232e+308,1.79769313486232e+308,1.79769313486232e+308,1.79769313486232e+308,1.79769313486232e+308,1.79769313486232e+308,1.79769313486232e+308,1.79769313486232e+308
44,"5/27/99",1,1810351,5,1,2,1.79769313486232e+308,1.79769313486232e+308,1.79769313486232e+308,1.79769313486232e+308,1.79769313486232e+308,1.79769313486232e+308,1.79769313486232e+308,1.79769313486232e+308
45,"5/27/99",1,1810351,6,1,2,1.79769313486232e+308,1.79769313486232e+308,1.79769313486232e+308,1.79769313486232e+308,1.79769313486232e+308,1.79769313486232e+308,1.79769313486232e+308,1.79769313486232e+308
6,"5/27/99",1,1810431,11,2,1,20,5000,0,3.5,3,1.79769313486232e+308,1.79769313486232e+308,1.79769313486232e+308
7,"5/27/99",1,1810431,12,2,1,18,4000,0,2,1,1.79769313486232e+308,1.79769313486232e+308,1.79769313486232e+308
8,"5/27/99",1,1810431,13,2,1,17,16000,0,9,1,1.79769313486232e+308,1.79769313486232e+308,1.79769313486232e+308
37,"5/27/99",1,1810441,2,2,1,15,5000,0,7,1,1.79769313486232e+308,1.79769313486232e+308,1.79769313486232e+308
46,"5/27/99",1,1810459,2,2,1,16,1000,0,1,0,1.79769313486232e+308,1.79769313486232e+308,1.79769313486232e+308
9,"5/27/99",1,1810531,2,2,1,12,0,0,7,1,1.79769313486232e+308,1.79769313486232e+308,1.79769313486232e+308
10,"5/27/99",1,1810532,2,2,1,14,6000,0,1,1,1.79769313486232e+308,1.79769313486232e+308,1.79769313486232e+308
11,"5/27/99",1,1810533,3,3,1,16,6000,0,9,2,1.79769313486232e+308,1.79769313486232e+308,1.79769313486232e+308
38,"5/27/99",1,1810541,2,2,1,14,4000,0,0.699999988079071,0,1.79769313486232e+308,1.79769313486232e+308,1.79769313486232e+308
12,"5/27/99",1,1810631,4,4,1,15,35000,0,2,1,1.79769313486232e+308,1.79769313486232e+308,1.79769313486232e+308
13,"5/27/99",1,1810731,4,3,1,16,14000,0,1.5,1,1.79769313486232e+308,1.79769313486232e+308,1.79769313486232e+308
14,"5/27/99",1,1810731,9,9,1,17,10000,0,12,44,1.79769313486232e+308,1.79769313486232e+308,1.79769313486232e+308
15,"5/27/99",1,1810831,2,2,1,14,800,0,9,1.5,1.79769313486232e+308,1.79769313486232e+308,1.79769313486232e+308
16,"5/27/99",1,1810931,2,3,1,14,0,0,6,0,1.79769313486232e+308,1.79769313486232e+308,1.79769313486232e+308
17,"5/27/99",1,1810931,3,3,1,17,500,0,100,6,1.79769313486232e+308,1.79769313486232e+308,1.79769313486232e+308
18,"5/27/99",1,1811031,2,2,1,16,800,0,6,0,1.79769313486232e+308,1.79769313486232e+308,1.79769313486232e+308
19,"5/27/99",1,1811131,2,2,1,15,600,0,7,6,1.79769313486232e+308,1.79769313486232e+308,1.79769313486232e+308
20,"5/27/99",1,1811231,1.79769313486232e+308,1.79769313486232e+308,1.79769313486232e+308,1.79769313486232e+308,1.79769313486232e+308,1.79769313486232e+308,1.79769313486232e+308,1.79769313486232e+308,1.79769313486232e+308,1.79769313486232e+308,1.79769313486232e+308
21,"5/27/99",1,1811339,2,2,1,14,300,0,30,0,1.79769313486232e+308,1.79769313486232e+308,1.79769313486232e+308
26,"5/27/99",1,1811439,4,4,1,15,4000,0,3,10,1.79769313486232e+308,1.79769313486232e+308,1.79769313486232e+308
25,"5/27/99",1,1811539,2,2,1,18,0,0,5,0,1.79769313486232e+308,1.79769313486232e+308,1.79769313486232e+308
23,"5/27/99",1,1811639,2,2,1,16,4000,0,4,2,1.79769313486232e+308,1.79769313486232e+308,1.79769313486232e+308
24,"5/27/99",1,1811639,5,5,1,13,500,0,2,6,1,1981,6
22,"5/27/99",1,1811739,2,2,1,15,500,0,3,4,1.79769313486232e+308,1.79769313486232e+308,1.79769313486232e+308
27,"5/27/99",1,1811839,3,3,1,15,12000,0,3,2,1.79769313486232e+308,1.79769313486232e+308,1.79769313486232e+308
28,"5/27/99",1,1811939,2,2,1,13,7000,0,2,1,1.79769313486232e+308,1.79769313486232e+308,1.79769313486232e+308
29,"5/27/99",1,1812039,3,3,1,17,3500,0,2,0,1.79769313486232e+308,1.79769313486232e+308,1.79769313486232e+308
30,"5/27/99",1,1812039,6,1,1,19,15000,0,3,1,1.79769313486232e+308,1.79769313486232e+308,1.79769313486232e+308
31,"5/27/99",1,1812039,8,8,1,18,10000,0,2,1,1.79769313486232e+308,1.79769313486232e+308,1.79769313486232e+308
340,"6/27/99",1,1820131,7,4,1,16,13000,800,2,0,1.79769313486232e+308,1.79769313486232e+308,1.79769313486232e+308
341,"7/06/99",1,1820131,8,6,1,13,10000,600,3,1,1.79769313486232e+308,1.79769313486232e+308,1.79769313486232e+308
366,"7/06/99",1,1820141,1.79769313486232e+308,1.79769313486232e+308,1.79769313486232e+308,1.79769313486232e+308,1.79769313486232e+308,1.79769313486232e+308,1.79769313486232e+308,1.79769313486232e+308,1.79769313486232e+308,1.79769313486232e+308,1.79769313486232e+308
372,"7/06/99",1,1820151,2,2,1,15,4400,0,3,0,1.79769313486232e+308,1.79769313486232e+308,1.79769313486232e+308
373,"7/06/99",1,1820151,4,4,2,1.79769313486232e+308,1.79769313486232e+308,1.79769313486232e+308,1.79769313486232e+308,1.79769313486232e+308,1.79769313486232e+308,1.79769313486232e+308,1.79769313486232e+308
342,"7/06/99",1,1820231,1.79769313486232e+308,1.79769313486232e+308,1.79769313486232e+308,1.79769313486232e+308,1.79769313486232e+308,1.79769313486232e+308,1.79769313486232e+308,1.79769313486232e+308,1.79769313486232e+308,1.79769313486232e+308,1.79769313486232e+308
367,"7/06/99",1,1820241,1,1,1,13,0,0,5,300,1.79769313486232e+308,1.79769313486232e+308,1.79769313486232e+308
374,"7/06/99",1,1820251,2,2,1,15,10000,0,2,1,1.79769313486232e+308,1.79769313486232e+308,1.79769313486232e+308
375,"7/06/99",1,1820251,3,3,2,1.79769313486232e+308,1.79769313486232e+308,1.79769313486232e+308,1.79769313486232e+308,1.79769313486232e+308,1.79769313486232e+308,1.79769313486232e+308,1.79769313486232e+308
376,"7/06/99",1,1820252,2,2,1,18,5000,0,6,2,1.79769313486232e+308,1.79769313486232e+308,1.79769313486232e+308
343,"7/06/99",1,1820331,2,2,1,13,1200,0,3,2,1.79769313486232e+308,1.79769313486232e+308,1.79769313486232e+308
368,"7/06/99",1,1820341,2,2,1,14,3000,0,8,1,1.79769313486232e+308,1.79769313486232e+308,1.79769313486232e+308
377,"7/06/99",1,1820351,2,2,1,15,0,80,1.5,4,1.79769313486232e+308,1.79769313486232e+308,1.79769313486232e+308
344,"7/06/99",1,1820431,2,2,1,15,5000,0,13,1,1.79769313486232e+308,1.79769313486232e+308,1.79769313486232e+308
369,"7/06/99",1,1820441,1.79769313486232e+308,1.79769313486232e+308,1.79769313486232e+308,1.79769313486232e+308,1.79769313486232e+308,1.79769313486232e+308,1.79769313486232e+308,1.79769313486232e+308,1.79769313486232e+308,1.79769313486232e+308,1.79769313486232e+308
378,"7/06/99",1,1820459,2,2,1,16,0,0,2.5,2,1.79769313486232e+308,1.79769313486232e+308,1.79769313486232e+308
345,"7/06/99",1,1820531,2,2,1,16,0,100,8,3,1.79769313486232e+308,1.79769313486232e+308,1.79769313486232e+308
346,"7/06/99",1,1820531,6,2,1,17,6000,0,3,0,1.79769313486232e+308,1.79769313486232e+308,1.79769313486232e+308
370,"7/06/99",1,1820541,1,1,1,15,500,0,0,0,1,1991,9
371,"7/06/99",1,1820541,3,1,2,1.79769313486232e+308,1.79769313486232e+308,1.79769313486232e+308,1.79769313486232e+308,1.79769313486232e+308,1.79769313486232e+308,1.79769313486232e+308,1.79769313486232e+308
347,"7/06/99",1,1820631,3,3,2,1.79769313486232e+308,1.79769313486232e+308,1.79769313486232e+308,1.79769313486232e+308,1.79769313486232e+308,1.79769313486232e+308,1.79769313486232e+308,1.79769313486232e+308
348,"7/06/99",1,1820631,5,5,2,1.79769313486232e+308,1.79769313486232e+308,1.79769313486232e+308,1.79769313486232e+308,1.79769313486232e+308,1.79769313486232e+308,1.79769313486232e+308,1.79769313486232e+308
349,"7/06/99",1,1820731,3,3,1,16,0,200,3,0,1.79769313486232e+308,1.79769313486232e+308,1.79769313486232e+308
350,"7/06/99",1,1820731,6,6,2,1.79769313486232e+308,1.79769313486232e+308,1.79769313486232e+308,1.79769313486232e+308,1.79769313486232e+308,1.79769313486232e+308,1.79769313486232e+308,1.79769313486232e+308
351,"7/06/99",1,1820732,2,2,1,15,5000,0,5,1,1.79769313486232e+308,1.79769313486232e+308,1.79769313486232e+308
352,"7/06/99",1,1820831,2,1,1,13,0,100,0.0299999993294477,0,1.79769313486232e+308,1.79769313486232e+308,1.79769313486232e+308
353,"7/06/99",1,1820831,3,3,1,15,300,0,0.5,0,1.79769313486232e+308,1.79769313486232e+308,1.79769313486232e+308
354,"7/06/99",1,1820931,3,1,1,17,0,0,0.0299999993294477,0,1.79769313486232e+308,1.79769313486232e+308,1.79769313486232e+308
355,"7/06/99",1,1821031,6,6,1,16,5000,0,2,0,1.79769313486232e+308,1.79769313486232e+308,1.79769313486232e+308
356,"7/06/99",1,1821131,3,3,1,15,5000,0,70,3,1.79769313486232e+308,1.79769313486232e+308,1.79769313486232e+308
357,"7/06/99",1,1821231,2,2,1,14,0,0,3,1,1.79769313486232e+308,1.79769313486232e+308,1.79769313486232e+308
358,"7/06/99",1,1821231,5,5,2,1.79769313486232e+308,1.79769313486232e+308,1.79769313486232e+308,1.79769313486232e+308,1.79769313486232e+308,1.79769313486232e+308,1.79769313486232e+308,1.79769313486232e+308
359,"7/06/99",1,1821231,7,7,1,13,4500,0,3,0,1.79769313486232e+308,1.79769313486232e+308,1.79769313486232e+308
360,"7/06/99",1,1821339,2,2,1,15,15000,0,4,36,1.79769313486232e+308,1.79769313486232e+308,1.79769313486232e+308
361,"7/06/99",1,1821439,2,2,1,14,0,100,4,3,1.79769313486232e+308,1.79769313486232e+308,1.79769313486232e+308
362,"7/06/99",1,1821539,2,2,1,12,0,0,1.20000004768372,0,1.79769313486232e+308,1.79769313486232e+308,1.79769313486232e+308
363,"7/06/99",1,1821639,2,2,1,13,1650,0,1.5,0,1.79769313486232e+308,1.79769313486232e+308,1.79769313486232e+308
364,"7/06/99",1,1821739,2,2,1,12,1300,0,12,0,1.79769313486232e+308,1.79769313486232e+308,1.79769313486232e+308
365,"7/06/99",1,1821839,2,2,1,13,5000,0,0.5,0,1.79769313486232e+308,1.79769313486232e+308,1.79769313486232e+308
17,"9/11/99",1,1830131,2,2,1,14,3000,0,10,0,1.79769313486232e+308,1.79769313486232e+308,1.79769313486232e+308
47,"9/16/99",1,1830141,6,6,1,14,3500,0,32,0,1.79769313486232e+308,1.79769313486232e+308,1.79769313486232e+308
57,"9/16/99",1,1830151,2,2,1,15,4000,0,5,0,1,1989,8
58,"9/16/99",1,1830151,7,2,1,16,17000,0,18,0,1.79769313486232e+308,1.79769313486232e+308,1.79769313486232e+308
18,"9/16/99",1,1830231,2,2,1,15,10000,0,0.600000023841858,0,1.79769313486232e+308,1.79769313486232e+308,1.79769313486232e+308
48,"9/16/99",1,1830241,2,2,1,14,0,0,3,0,1.79769313486232e+308,1.79769313486232e+308,1.79769313486232e+308
49,"9/16/99",1,1830241,5,2,1,13,5000,0,4,0,1.79769313486232e+308,1.79769313486232e+308,1.79769313486232e+308
50,"9/16/99",1,1830242,2,2,1,14,3000,0,9,0,1.79769313486232e+308,1.79769313486232e+308,1.79769313486232e+308
59,"9/16/99",1,1830251,3,6,1,16,1300,0,4,3,1.79769313486232e+308,1.79769313486232e+308,1.79769313486232e+308
60,"9/16/99",1,1830251,5,6,1,15,0,0,6,0,1.79769313486232e+308,1.79769313486232e+308,1.79769313486232e+308
19,"9/16/99",1,1830331,2,2,1,15,1500,0,7,0,1.79769313486232e+308,1.79769313486232e+308,1.79769313486232e+308
51,"9/16/99",1,1830341,2,2,1,17,500,0,2,1,1.79769313486232e+308,1.79769313486232e+308,1.79769313486232e+308
52,"9/16/99",1,1830341,3,3,2,1.79769313486232e+308,1.79769313486232e+308,1.79769313486232e+308,1.79769313486232e+308,1.79769313486232e+308,1.79769313486232e+308,1.79769313486232e+308,1.79769313486232e+308
61,"9/16/99",1,1830351,3,3,1,20,10000,0,8,6,1.79769313486232e+308,1.79769313486232e+308,1.79769313486232e+308
20,"9/16/99",1,1830431,2,2,1,16,500,0,5,0,1.79769313486232e+308,1.79769313486232e+308,1.79769313486232e+308
53,"9/16/99",1,1830441,1,1,1,17,0,0,6,0,1,1988,4
62,"9/16/99",1,1830459,4,4,1,17,50000,0,8,0,1.79769313486232e+308,1.79769313486232e+308,1.79769313486232e+308
63,"9/16/99",1,1830459,6,6,2,1.79769313486232e+308,1.79769313486232e+308,1.79769313486232e+308,1.79769313486232e+308,1.79769313486232e+308,1.79769313486232e+308,1.79769313486232e+308,1.79769313486232e+308
21,"9/16/99",1,1830531,2,2,1,14,1100,0,0.699999988079071,0,1.79769313486232e+308,1.79769313486232e+308,1.79769313486232e+308
54,"9/16/99",1,1830541,6,6,1,17,5000,0,4,0,1.79769313486232e+308,1.79769313486232e+308,1.79769313486232e+308
55,"9/16/99",1,1830542,1.79769313486232e+308,1.79769313486232e+308,1.79769313486232e+308,1.79769313486232e+308,1.79769313486232e+308,1.79769313486232e+308,1.79769313486232e+308,1.79769313486232e+308,1.79769313486232e+308,1.79769313486232e+308,1.79769313486232e+308
56,"9/16/99",1,1830543,2,2,1,19,7000,0,3,0,1.79769313486232e+308,1.79769313486232e+308,1.79769313486232e+308
22,"9/16/99",1,1830631,2,2,1,13,0,0,1,0,1.79769313486232e+308,1.79769313486232e+308,1.79769313486232e+308
23,"9/16/99",1,1830631,6,2,2,1.79769313486232e+308,1.79769313486232e+308,1.79769313486232e+308,1.79769313486232e+308,1.79769313486232e+308,1.79769313486232e+308,1.79769313486232e+308,1.79769313486232e+308
24,"9/16/99",1,1830731,2,2,1,15,0,0,1,0,1.79769313486232e+308,1.79769313486232e+308,1.79769313486232e+308
25,"9/16/99",1,1830731,6,6,1,13,14000,0,9,0,1.79769313486232e+308,1.79769313486232e+308,1.79769313486232e+308
26,"9/16/99",1,1830831,2,2,1,13,12000,0,5,6,1.79769313486232e+308,1.79769313486232e+308,1.79769313486232e+308
27,"9/16/99",1,1830831,7,7,1,14,30000,0,18,0,1.79769313486232e+308,1.79769313486232e+308,1.79769313486232e+308
28,"9/16/99",1,1830931,2,2,1,9,2200,0,1,48,1.79769313486232e+308,1.79769313486232e+308,1.79769313486232e+308
29,"9/16/99",1,1831031,2,2,1,15,3000,0,9,0,1.79769313486232e+308,1.79769313486232e+308,1.79769313486232e+308
30,"9/16/99",1,1831131,2,2,1,15,500,0,4,0,1.79769313486232e+308,1.79769313486232e+308,1.79769313486232e+308
31,"9/16/99",1,1831231,2,2,1,15,1500,0,4,6,1.79769313486232e+308,1.79769313486232e+308,1.79769313486232e+308
32,"9/16/99",1,1831339,2,2,1,14,1700,0,2,0,1.79769313486232e+308,1.79769313486232e+308,1.79769313486232e+308
33,"9/16/99",1,1831339,3,2,2,1.79769313486232e+308,1.79769313486232e+308,1.79769313486232e+308,1.79769313486232e+308,1.79769313486232e+308,1.79769313486232e+308,1.79769313486232e+308,1.79769313486232e+308
34,"9/16/99",1,1831439,2,2,1,14,700,0,10,1,1.79769313486232e+308,1.79769313486232e+308,1.79769313486232e+308
35,"9/16/99",1,1831439,3,3,2,1.79769313486232e+308,1.79769313486232e+308,1.79769313486232e+308,1.79769313486232e+308,1.79769313486232e+308,1.79769313486232e+308,1.79769313486232e+308,1.79769313486232e+308
36,"9/16/99",1,1831539,2,2,1,15,2500,0,4,1,1.79769313486232e+308,1.79769313486232e+308,1.79769313486232e+308
37,"9/16/99",1,1831639,2,2,1,15,300,0,1,0,1.79769313486232e+308,1.79769313486232e+308,1.79769313486232e+308
38,"9/16/99",1,1831639,4,4,1,11,3500,0,1,0,1.79769313486232e+308,1.79769313486232e+308,1.79769313486232e+308
39,"9/16/99",1,1831739,2,2,1,14,600,0,3,0,1.79769313486232e+308,1.79769313486232e+308,1.79769313486232e+308
40,"9/16/99",1,1831839,3,3,1,22,2000,0,4,59,1.79769313486232e+308,1.79769313486232e+308,1.79769313486232e+308
41,"9/16/99",1,1831839,7,3,1,16,7000,0,10,0,1.79769313486232e+308,1.79769313486232e+308,1.79769313486232e+308
42,"9/16/99",1,1831939,2,2,1,17,2500,0,0.150000005960464,0,1.79769313486232e+308,1.79769313486232e+308,1.79769313486232e+308
43,"9/16/99",1,1832039,2,2,1,18,3000,0,6,0,1.79769313486232e+308,1.79769313486232e+308,1.79769313486232e+308
44,"9/16/99",1,1832139,1,1,1,15,600,0,7,16,1.79769313486232e+308,1.79769313486232e+308,1.79769313486232e+308
45,"9/16/99",1,1832139,2,2,2,1.79769313486232e+308,1.79769313486232e+308,1.79769313486232e+308,1.79769313486232e+308,1.79769313486232e+308,1.79769313486232e+308,1.79769313486232e+308,1.79769313486232e+308
46,"9/16/99",1,1832239,2,2,1,14,3000,0,18,1,1.79769313486232e+308,1.79769313486232e+308,1.79769313486232e+308
1,"9/15/99",1,1840139,2,2,1,15,0,0,4,0,1.79769313486232e+308,1.79769313486232e+308,1.79769313486232e+308
29,"9/17/99",1,1840149,2,2,1,15,0,0,0.300000011920929,0,1.79769313486232e+308,1.79769313486232e+308,1.79769313486232e+308
35,"9/17/99",1,1840159,2,2,1,12,0,0,0.100000001490116,0,1.79769313486232e+308,1.79769313486232e+308,1.79769313486232e+308
2,"9/17/99",1,1840239,6,3,1,12,5500,0,3,15,1.79769313486232e+308,1.79769313486232e+308,1.79769313486232e+308
30,"9/17/99",1,1840249,1.79769313486232e+308,1.79769313486232e+308,1.79769313486232e+308,1.79769313486232e+308,1.79769313486232e+308,1.79769313486232e+308,1.79769313486232e+308,1.79769313486232e+308,1.79769313486232e+308,1.79769313486232e+308,1.79769313486232e+308
36,"9/17/99",1,1840259,2,2,1,15,0,0,1.5,0,1.79769313486232e+308,1.79769313486232e+308,1.79769313486232e+308
3,"9/17/99",1,1840339,2,2,1,14,0,0,6,0,1.79769313486232e+308,1.79769313486232e+308,1.79769313486232e+308
31,"9/17/99",1,1840349,2,2,1,15,0,0,3,0,1.79769313486232e+308,1.79769313486232e+308,1.79769313486232e+308
37,"9/17/99",1,1840359,2,2,1,13,3000,0,10,0,1.79769313486232e+308,1.79769313486232e+308,1.79769313486232e+308
4,"9/17/99",1,1840439,2,2,1,15,0,0,9,3,1.79769313486232e+308,1.79769313486232e+308,1.79769313486232e+308
5,"9/17/99",1,1840439,4,4,2,1.79769313486232e+308,1.79769313486232e+308,1.79769313486232e+308,1.79769313486232e+308,1.79769313486232e+308,1.79769313486232e+308,1.79769313486232e+308,1.79769313486232e+308
32,"9/17/99",1,1840449,1,1,1,20,0,0,3,0,1.79769313486232e+308,1.79769313486232e+308,1.79769313486232e+308
38,"9/17/99",1,1840459,2,2,1,12,1000,0,0.200000002980232,0,1.79769313486232e+308,1.79769313486232e+308,1.79769313486232e+308
6,"9/17/99",1,1840539,2,2,1,14,3000,0,6,2,1.79769313486232e+308,1.79769313486232e+308,1.79769313486232e+308
33,"9/17/99",1,1840549,2,2,1,15,0,0,0.5,12,1.79769313486232e+308,1.79769313486232e+308,1.79769313486232e+308
34,"9/17/99",1,1840549,5,5,1,11,0,0,1.5,0,1.79769313486232e+308,1.79769313486232e+308,1.79769313486232e+308
39,"9/17/99",1,1840559,2,2,1,15,3500,0,2,0,1.79769313486232e+308,1.79769313486232e+308,1.79769313486232e+308
7,"9/17/99",1,1840639,2,2,1,16,1000,0,9,0,1.79769313486232e+308,1.79769313486232e+308,1.79769313486232e+308
8,"9/17/99",1,1840739,4,4,2,1.79769313486232e+308,1.79769313486232e+308,1.79769313486232e+308,1.79769313486232e+308,1.79769313486232e+308,1.79769313486232e+308,1.79769313486232e+308,1.79769313486232e+308
9,"9/17/99",1,1840839,2,2,1,15,1500,0,4,0,1.79769313486232e+308,1.79769313486232e+308,1.79769313486232e+308
10,"9/17/99",1,1840939,2,2,1,16,1800,0,3,0,1.79769313486232e+308,1.79769313486232e+308,1.79769313486232e+308
11,"9/17/99",1,1841039,2,2,1,15,0,0,2.5,6,1.79769313486232e+308,1.79769313486232e+308,1.79769313486232e+308
12,"9/17/99",1,1841039,3,3,2,1.79769313486232e+308,1.79769313486232e+308,1.79769313486232e+308,1.79769313486232e+308,1.79769313486232e+308,1.79769313486232e+308,1.79769313486232e+308,1.79769313486232e+308
13,"9/17/99",1,1841139,2,2,1,17,0,0,0.5,0,1.79769313486232e+308,1.79769313486232e+308,1.79769313486232e+308
14,"9/17/99",1,1841139,4,4,2,1.79769313486232e+308,1.79769313486232e+308,1.79769313486232e+308,1.79769313486232e+308,1.79769313486232e+308,1.79769313486232e+308,1.79769313486232e+308,1.79769313486232e+308
15,"9/17/99",1,1841239,2,2,1,15,3000,0,10,0,1.79769313486232e+308,1.79769313486232e+308,1.79769313486232e+308
16,"9/17/99",1,1841339,2,2,1,14,0,0,5,0,1.79769313486232e+308,1.79769313486232e+308,1.79769313486232e+308
17,"9/17/99",1,1841439,1.79769313486232e+308,1.79769313486232e+308,1.79769313486232e+308,1.79769313486232e+308,1.79769313486232e+308,1.79769313486232e+308,1.79769313486232e+308,1.79769313486232e+308,1.79769313486232e+308,1.79769313486232e+308,1.79769313486232e+308
18,"9/17/99",1,1841539,2,2,1,14,10000,0,0.699999988079071,2,1.79769313486232e+308,1.79769313486232e+308,1.79769313486232e+308
19,"9/17/99",1,1841639,2,2,1,16,4000,0,1,2,1.79769313486232e+308,1.79769313486232e+308,1.79769313486232e+308
20,"9/17/99",1,1841739,2,1,1,15,0,0,3,0,1.79769313486232e+308,1.79769313486232e+308,1.79769313486232e+308
21,"9/17/99",1,1841839,2,2,1,14,200,0,5,2,1.79769313486232e+308,1.79769313486232e+308,1.79769313486232e+308
22,"9/17/99",1,1841839,5,5,2,1.79769313486232e+308,1.79769313486232e+308,1.79769313486232e+308,1.79769313486232e+308,1.79769313486232e+308,1.79769313486232e+308,1.79769313486232e+308,1.79769313486232e+308
23,"9/17/99",1,1841939,2,2,1,13,9000,0,0.100000001490116,0,1.79769313486232e+308,1.79769313486232e+308,1.79769313486232e+308
24,"9/17/99",1,1841939,3,3,2,1.79769313486232e+308,1.79769313486232e+308,1.79769313486232e+308,1.79769313486232e+308,1.79769313486232e+308,1.79769313486232e+308,1.79769313486232e+308,1.79769313486232e+308
25,"9/17/99",1,1842039,2,2,1,15,4000,0,7,0,1.79769313486232e+308,1.79769313486232e+308,1.79769313486232e+308
26,"9/17/99",1,1842139,2,2,1,15,300,0,8,3,1.79769313486232e+308,1.79769313486232e+308,1.79769313486232e+308
27,"9/17/99",1,1842139,5,2,2,1.79769313486232e+308,1.79769313486232e+308,1.79769313486232e+308,1.79769313486232e+308,1.79769313486232e+308,1.79769313486232e+308,1.79769313486232e+308,1.79769313486232e+308
28,"9/17/99",1,1842139,10,10,1,15,4000,0,0.150000005960464,0,1.79769313486232e+308,1.79769313486232e+308,1.79769313486232e+308
51,"9/20/99",1,1910141,2,2,1,18,0,0,1,0,1.79769313486232e+308,1.79769313486232e+308,1.79769313486232e+308
53,"9/20/99",1,1910151,2,1,1,16,0,0,0.5,0,1.79769313486232e+308,1.79769313486232e+308,1.79769313486232e+308
1.79769313486232e+308,"10/12/99",1,1910151,4,1,2,1.79769313486232e+308,1.79769313486232e+308,1.79769313486232e+308,1.79769313486232e+308,1.79769313486232e+308,1.79769313486232e+308,1.79769313486232e+308,1.79769313486232e+308
24,"9/12/99",1,1910231,2,2,1,15,0,0,5,0,1.79769313486232e+308,1.79769313486232e+308,1.79769313486232e+308
25,"9/20/99",1,1910232,2,2,1,17,0,0,18,0,1.79769313486232e+308,1.79769313486232e+308,1.79769313486232e+308
52,"9/20/99",1,1910241,4,2,2,1.79769313486232e+308,1.79769313486232e+308,1.79769313486232e+308,1.79769313486232e+308,1.79769313486232e+308,1.79769313486232e+308,1.79769313486232e+308,1.79769313486232e+308
58,"9/20/99",1,1910251,2,3,1,14,0,0,4,0,1.79769313486232e+308,1.79769313486232e+308,1.79769313486232e+308
26,"9/20/99",1,1910331,5,5,2,1.79769313486232e+308,1.79769313486232e+308,1.79769313486232e+308,1.79769313486232e+308,1.79769313486232e+308,1.79769313486232e+308,1.79769313486232e+308,1.79769313486232e+308
27,"9/20/99",1,1910431,2,2,1,15,0,0,0,0,1.79769313486232e+308,1.79769313486232e+308,1.79769313486232e+308
28,"9/20/99",1,1910431,6,2,2,1.79769313486232e+308,1.79769313486232e+308,1.79769313486232e+308,1.79769313486232e+308,1.79769313486232e+308,1.79769313486232e+308,1.79769313486232e+308,1.79769313486232e+308
29,"9/20/99",1,1910431,7,2,1,18,0,0,70,0,1.79769313486232e+308,1.79769313486232e+308,1.79769313486232e+308
55,"9/20/99",1,1910441,6,2,1,15,0,0,0.5,0,1.79769313486232e+308,1.79769313486232e+308,1.79769313486232e+308
56,"9/20/99",1,1910441,7,2,1,17,0,0,12,0,1.79769313486232e+308,1.79769313486232e+308,1.79769313486232e+308
59,"9/20/99",1,1910459,2,2,1,17,0,0,0.5,0,1.79769313486232e+308,1.79769313486232e+308,1.79769313486232e+308
30,"9/20/99",1,1910531,2,1,1,15,0,0,0.5,0,1.79769313486232e+308,1.79769313486232e+308,1.79769313486232e+308
57,"9/20/99",1,1910541,4,4,1,18,0,0,1.5,0,1.79769313486232e+308,1.79769313486232e+308,1.79769313486232e+308
31,"9/20/99",1,1910631,2,2,1,17,0,0,4,0,1.79769313486232e+308,1.79769313486232e+308,1.79769313486232e+308
54,"9/20/99",1,1910641,4,1,1,19,0,0,1.5,0,1.79769313486232e+308,1.79769313486232e+308,1.79769313486232e+308
1.79769313486232e+308,"10/12/99",1,1910641,6,1,2,1.79769313486232e+308,1.79769313486232e+308,1.79769313486232e+308,1.79769313486232e+308,1.79769313486232e+308,1.79769313486232e+308,1.79769313486232e+308,1.79769313486232e+308
32,"9/20/99",1,1910731,2,2,1,20,0,0,0,0,1.79769313486232e+308,1.79769313486232e+308,1.79769313486232e+308
1.79769313486232e+308,"10/12/99",1,1910731,4,2,2,1.79769313486232e+308,1.79769313486232e+308,1.79769313486232e+308,1.79769313486232e+308,1.79769313486232e+308,1.79769313486232e+308,1.79769313486232e+308,1.79769313486232e+308
1.79769313486232e+308,"10/12/99",1,1910731,5,2,2,1.79769313486232e+308,1.79769313486232e+308,1.79769313486232e+308,1.79769313486232e+308,1.79769313486232e+308,1.79769313486232e+308,1.79769313486232e+308,1.79769313486232e+308
33,"9/20/99",1,1910831,3,1,1,18,0,0,0,0,2,1996,5
34,"9/20/99",1,1910831,5,1,2,1.79769313486232e+308,1.79769313486232e+308,1.79769313486232e+308,1.79769313486232e+308,1.79769313486232e+308,1.79769313486232e+308,1.79769313486232e+308,1.79769313486232e+308
35,"9/20/99",1,1910831,6,1,1,15,0,0,3,0,1.79769313486232e+308,1.79769313486232e+308,1.79769313486232e+308
36,"9/20/99",1,1910931,6,1,1,17,0,0,4,0,1.79769313486232e+308,1.79769313486232e+308,1.79769313486232e+308
37,"9/20/99",1,1911031,6,6,1,16,3000,0,3,0,1.79769313486232e+308,1.79769313486232e+308,1.79769313486232e+308
38,"9/20/99",1,1911231,5,1,1,19,0,0,5,0,1.79769313486232e+308,1.79769313486232e+308,1.79769313486232e+308
39,"9/20/99",1,1911231,7,1,1,17,0,0,4,0,1.79769313486232e+308,1.79769313486232e+308,1.79769313486232e+308
40,"9/20/99",1,1911331,2,1,1,17,0,0,5,0,1.79769313486232e+308,1.79769313486232e+308,1.79769313486232e+308
1.79769313486232e+308,"10/12/99",1,1911331,3,1,2,1.79769313486232e+308,1.79769313486232e+308,1.79769313486232e+308,1.79769313486232e+308,1.79769313486232e+308,1.79769313486232e+308,1.79769313486232e+308,1.79769313486232e+308
1.79769313486232e+308,"11/18/99",1,1911331,5,1,2,1.79769313486232e+308,1.79769313486232e+308,1.79769313486232e+308,1.79769313486232e+308,1.79769313486232e+308,1.79769313486232e+308,1.79769313486232e+308,1.79769313486232e+308
41,"9/20/99",1,1911431,4,2,1,17,0,0,0.5,0,1.79769313486232e+308,1.79769313486232e+308,1.79769313486232e+308
42,"9/20/99",1,1911539,4,2,2,1.79769313486232e+308,1.79769313486232e+308,1.79769313486232e+308,1.79769313486232e+308,1.79769313486232e+308,1.79769313486232e+308,1.79769313486232e+308,1.79769313486232e+308
43,"9/20/99",1,1911539,5,2,1,18,0,0,1,0,1.79769313486232e+308,1.79769313486232e+308,1.79769313486232e+308
44,"9/20/99",1,1911639,2,2,1,14,0,0,0.5,0,1.79769313486232e+308,1.79769313486232e+308,1.79769313486232e+308
45,"9/20/99",1,1911739,2,2,1,17,0,0,0.5,0,1.79769313486232e+308,1.79769313486232e+308,1.79769313486232e+308
46,"9/20/99",1,1911839,2,2,1,15,0,0,5,0,1.79769313486232e+308,1.79769313486232e+308,1.79769313486232e+308
47,"9/20/99",1,1911839,4,2,1,17,0,0,7,0,1.79769313486232e+308,1.79769313486232e+308,1.79769313486232e+308
48,"9/20/99",1,1911939,2,2,1,15,0,0,4,0,1.79769313486232e+308,1.79769313486232e+308,1.79769313486232e+308
49,"9/20/99",1,1911939,4,2,2,1.79769313486232e+308,1.79769313486232e+308,1.79769313486232e+308,1.79769313486232e+308,1.79769313486232e+308,1.79769313486232e+308,1.79769313486232e+308,1.79769313486232e+308
50,"9/20/99",1,1912039,2,2,1,15,0,0,7,0,1.79769313486232e+308,1.79769313486232e+308,1.79769313486232e+308
402,"7/04/99",1,1920131,4,4,1,17,0,0,50,0,1.79769313486232e+308,1.79769313486232e+308,1.79769313486232e+308
403,"7/04/99",1,1920131,10,4,1,20,0,0,7,0,1.79769313486232e+308,1.79769313486232e+308,1.79769313486232e+308
439,"7/04/99",1,1920141,4,2,1,17,20000,0,35,0,1.79769313486232e+308,1.79769313486232e+308,1.79769313486232e+308
445,"7/04/99",1,1920151,2,2,1,20,0,0,8,0,1.79769313486232e+308,1.79769313486232e+308,1.79769313486232e+308
446,"7/04/99",1,1920151,5,2,2,1.79769313486232e+308,1.79769313486232e+308,1.79769313486232e+308,1.79769313486232e+308,1.79769313486232e+308,1.79769313486232e+308,1.79769313486232e+308,1.79769313486232e+308
404,"7/04/99",1,1920231,5,2,1,17,12000,0,10,2,1.79769313486232e+308,1.79769313486232e+308,1.79769313486232e+308
440,"7/04/99",1,1920241,6,6,1,20,0,0,1,0,1.79769313486232e+308,1.79769313486232e+308,1.79769313486232e+308
447,"7/04/99",1,1920251,4,3,1,18,0,0,4,0,1.79769313486232e+308,1.79769313486232e+308,1.79769313486232e+308
405,"7/04/99",1,1920331,8,2,1,17,0,0,2,0,1.79769313486232e+308,1.79769313486232e+308,1.79769313486232e+308
448,"7/04/99",1,1920351,2,2,1,19,0,0,2,0,1.79769313486232e+308,1.79769313486232e+308,1.79769313486232e+308
449,"7/04/99",1,1920351,3,2,2,1.79769313486232e+308,1.79769313486232e+308,1.79769313486232e+308,1.79769313486232e+308,1.79769313486232e+308,1.79769313486232e+308,1.79769313486232e+308,1.79769313486232e+308
406,"7/04/99",1,1920431,12,1,1,17,0,0,0.5,0,1.79769313486232e+308,1.79769313486232e+308,1.79769313486232e+308
407,"7/04/99",1,1920431,13,1,1,16,0,0,8,0,1.79769313486232e+308,1.79769313486232e+308,1.79769313486232e+308
408,"7/04/99",1,1920431,14,1,1,18,0,0,4.40000009536743,0,1.79769313486232e+308,1.79769313486232e+308,1.79769313486232e+308
441,"7/04/99",1,1920441,2,1,1,18,0,0,3,6,1.79769313486232e+308,1.79769313486232e+308,1.79769313486232e+308
450,"7/04/99",1,1920459,5,1,1,16,0,0,25,6,1.79769313486232e+308,1.79769313486232e+308,1.79769313486232e+308
451,"7/04/99",1,1920459,6,1,1,17,0,0,0.5,5,1.79769313486232e+308,1.79769313486232e+308,1.79769313486232e+308
409,"7/04/99",1,1920531,2,2,1,18,0,0,0,0,1.79769313486232e+308,1.79769313486232e+308,1.79769313486232e+308
442,"7/04/99",1,1920541,2,2,1,18,0,0,4,0,1.79769313486232e+308,1.79769313486232e+308,1.79769313486232e+308
410,"7/04/99",1,1920631,2,1,1,16,2000,0,10,0,1.79769313486232e+308,1.79769313486232e+308,1.79769313486232e+308
443,"7/04/99",1,1920641,3,1,2,1.79769313486232e+308,1.79769313486232e+308,1.79769313486232e+308,1.79769313486232e+308,1.79769313486232e+308,1.79769313486232e+308,1.79769313486232e+308,1.79769313486232e+308
444,"7/04/99",1,1920641,5,1,1,18,0,0,1,0,1.79769313486232e+308,1.79769313486232e+308,1.79769313486232e+308
411,"7/04/99",1,1920731,2,2,1,17,0,0,1,1,1.79769313486232e+308,1.79769313486232e+308,1.79769313486232e+308
412,"7/04/99",1,1920831,2,2,1,17,0,0,0.5,0,1.79769313486232e+308,1.79769313486232e+308,1.79769313486232e+308
413,"7/04/99",1,1920831,4,2,2,1.79769313486232e+308,1.79769313486232e+308,1.79769313486232e+308,1.79769313486232e+308,1.79769313486232e+308,1.79769313486232e+308,1.79769313486232e+308,1.79769313486232e+308
414,"7/04/99",1,1920931,8,8,1,17,0,0,0.5,0,1.79769313486232e+308,1.79769313486232e+308,1.79769313486232e+308
415,"7/04/99",1,1921031,2,3,1,12,0,0,24,0,1.79769313486232e+308,1.79769313486232e+308,1.79769313486232e+308
416,"7/04/99",1,1921031,8,3,1,16,2000,0,5,3,1.79769313486232e+308,1.79769313486232e+308,1.79769313486232e+308
417,"7/04/99",1,1921231,3,3,1,16,0,0,4,0,1.79769313486232e+308,1.79769313486232e+308,1.79769313486232e+308
418,"7/04/99",1,1921231,9,3,2,1.79769313486232e+308,1.79769313486232e+308,1.79769313486232e+308,1.79769313486232e+308,1.79769313486232e+308,1.79769313486232e+308,1.79769313486232e+308,1.79769313486232e+308
419,"7/04/99",1,1921231,10,3,1,19,0,0,3,0,1.79769313486232e+308,1.79769313486232e+308,1.79769313486232e+308
420,"7/04/99",1,1921331,2,1,1,16,0,0,20,0,1.79769313486232e+308,1.79769313486232e+308,1.79769313486232e+308
421,"7/04/99",1,1921331,8,1,1,18,0,0,8,0,1.79769313486232e+308,1.79769313486232e+308,1.79769313486232e+308
422,"7/04/99",1,1921431,2,1,1,10,0,0,20,24,1.79769313486232e+308,1.79769313486232e+308,1.79769313486232e+308
423,"7/04/99",1,1921431,3,1,1,15,4000,0,4,12,1,1997,3
424,"7/04/99",1,1921431,6,1,2,1.79769313486232e+308,1.79769313486232e+308,1.79769313486232e+308,1.79769313486232e+308,1.79769313486232e+308,1.79769313486232e+308,1.79769313486232e+308,1.79769313486232e+308
425,"7/04/99",1,1921539,1,1,1,18,0,0,0,0,1,1983,2
426,"7/04/99",1,1921639,2,2,1,10,0,0,2,0,1.79769313486232e+308,1.79769313486232e+308,1.79769313486232e+308
427,"7/04/99",1,1921739,2,2,1,15,0,0,5,0,1.79769313486232e+308,1.79769313486232e+308,1.79769313486232e+308
1.79769313486232e+308,"8/25/99",1,1921739,4,4,2,1.79769313486232e+308,1.79769313486232e+308,1.79769313486232e+308,1.79769313486232e+308,1.79769313486232e+308,1.79769313486232e+308,1.79769313486232e+308,1.79769313486232e+308
428,"7/04/99",1,1921839,2,2,1,19,0,0,2,0,1.79769313486232e+308,1.79769313486232e+308,1.79769313486232e+308
429,"7/04/99",1,1921939,2,1,1,17,0,0,5,0,1.79769313486232e+308,1.79769313486232e+308,1.79769313486232e+308
430,"7/04/99",1,1921939,4,1,2,1.79769313486232e+308,1.79769313486232e+308,1.79769313486232e+308,1.79769313486232e+308,1.79769313486232e+308,1.79769313486232e+308,1.79769313486232e+308,1.79769313486232e+308
431,"7/04/99",1,1921939,5,1,2,1.79769313486232e+308,1.79769313486232e+308,1.79769313486232e+308,1.79769313486232e+308,1.79769313486232e+308,1.79769313486232e+308,1.79769313486232e+308,1.79769313486232e+308
432,"7/04/99",1,1922039,2,2,1,17,0,0,2,0,1.79769313486232e+308,1.79769313486232e+308,1.79769313486232e+308
433,"7/04/99",1,1922139,2,2,1,17,0,0,3,0,1.79769313486232e+308,1.79769313486232e+308,1.79769313486232e+308
434,"7/04/99",1,1922139,4,2,2,1.79769313486232e+308,1.79769313486232e+308,1.79769313486232e+308,1.79769313486232e+308,1.79769313486232e+308,1.79769313486232e+308,1.79769313486232e+308,1.79769313486232e+308
435,"7/04/99",1,1922239,2,2,1,17,0,0,2,0,1.79769313486232e+308,1.79769313486232e+308,1.79769313486232e+308
436,"7/04/99",1,1922339,2,2,1,16,0,0,5,0,1.79769313486232e+308,1.79769313486232e+308,1.79769313486232e+308
437,"7/04/99",1,1922439,2,1,1,19,0,0,3,0,1.79769313486232e+308,1.79769313486232e+308,1.79769313486232e+308
438,"7/04/99",1,1922439,5,1,2,1.79769313486232e+308,1.79769313486232e+308,1.79769313486232e+308,1.79769313486232e+308,1.79769313486232e+308,1.79769313486232e+308,1.79769313486232e+308,1.79769313486232e+308
34,"7/11/99",1,1930131,2,2,1,16,0,0,9,0,1.79769313486232e+308,1.79769313486232e+308,1.79769313486232e+308
53,"7/11/99",1,1930141,2,1,1,14,0,0,0.200000002980232,0,1.79769313486232e+308,1.79769313486232e+308,1.79769313486232e+308
60,"7/11/99",1,1930151,2,1,1,17,0,0,2,6,1.79769313486232e+308,1.79769313486232e+308,1.79769313486232e+308
35,"7/11/99",1,1930231,2,1,1,16,0,0,5,0,1.79769313486232e+308,1.79769313486232e+308,1.79769313486232e+308
36,"7/11/99",1,1930231,3,1,1,17,0,0,0.5,0,2,1998,5
54,"7/11/99",1,1930241,2,2,1,18,0,0,0.5,0,1.79769313486232e+308,1.79769313486232e+308,1.79769313486232e+308
61,"7/11/99",1,1930251,2,2,1,21,0,0,12,0,1,1986,2
62,"7/11/99",1,1930251,4,2,2,1.79769313486232e+308,1.79769313486232e+308,1.79769313486232e+308,1.79769313486232e+308,1.79769313486232e+308,1.79769313486232e+308,1.79769313486232e+308,1.79769313486232e+308
63,"7/11/99",1,1930251,6,2,2,1.79769313486232e+308,1.79769313486232e+308,1.79769313486232e+308,1.79769313486232e+308,1.79769313486232e+308,1.79769313486232e+308,1.79769313486232e+308,1.79769313486232e+308
37,"7/11/99",1,1930331,1.79769313486232e+308,1.79769313486232e+308,1.79769313486232e+308,1.79769313486232e+308,1.79769313486232e+308,1.79769313486232e+308,1.79769313486232e+308,1.79769313486232e+308,1.79769313486232e+308,1.79769313486232e+308,1.79769313486232e+308
55,"7/11/99",1,1930341,2,2,1,17,0,0,1,0,1.79769313486232e+308,1.79769313486232e+308,1.79769313486232e+308
64,"7/11/99",1,1930351,3,3,1,17,2000,0,0.5,0,1.79769313486232e+308,1.79769313486232e+308,1.79769313486232e+308
56,"7/11/99",1,1930441,2,2,1,17,5000,0,12,0,1.79769313486232e+308,1.79769313486232e+308,1.79769313486232e+308
65,"7/11/99",1,1930459,4,1,2,1.79769313486232e+308,1.79769313486232e+308,1.79769313486232e+308,1.79769313486232e+308,1.79769313486232e+308,1.79769313486232e+308,1.79769313486232e+308,1.79769313486232e+308
66,"7/11/99",1,1930459,5,1,1,16,0,0,8,2,1.79769313486232e+308,1.79769313486232e+308,1.79769313486232e+308
38,"7/11/99",1,1930531,2,2,1,16,0,0,5,0,1.79769313486232e+308,1.79769313486232e+308,1.79769313486232e+308
57,"7/11/99",1,1930541,2,1,1,16,0,0,1,0,1.79769313486232e+308,1.79769313486232e+308,1.79769313486232e+308
58,"7/11/99",1,1930541,3,1,2,1.79769313486232e+308,1.79769313486232e+308,1.79769313486232e+308,1.79769313486232e+308,1.79769313486232e+308,1.79769313486232e+308,1.79769313486232e+308,1.79769313486232e+308
39,"7/11/99",1,1930631,9,9,1,16,0,0,0.200000002980232,6,1.79769313486232e+308,1.79769313486232e+308,1.79769313486232e+308
40,"7/11/99",1,1930631,10,9,1,14,0,0,5,0,1.79769313486232e+308,1.79769313486232e+308,1.79769313486232e+308
59,"7/11/99",1,1930641,2,2,1,16,0,0,1,12,1.79769313486232e+308,1.79769313486232e+308,1.79769313486232e+308
41,"7/11/99",1,1930731,2,2,1,16,1000,0,0.5,0,1.79769313486232e+308,1.79769313486232e+308,1.79769313486232e+308
42,"7/11/99",1,1930831,2,1,1,17,0,0,0.300000011920929,0,1.79769313486232e+308,1.79769313486232e+308,1.79769313486232e+308
43,"7/11/99",1,1930931,2,1,1,17,0,0,7,0,1.79769313486232e+308,1.79769313486232e+308,1.79769313486232e+308
44,"7/11/99",1,1931031,2,2,1,17,0,0,0.5,0,1.79769313486232e+308,1.79769313486232e+308,1.79769313486232e+308
45,"7/11/99",1,1931131,2,1,1,17,0,0,6,0,1.79769313486232e+308,1.79769313486232e+308,1.79769313486232e+308
46,"7/11/99",1,1931131,6,1,2,1.79769313486232e+308,1.79769313486232e+308,1.79769313486232e+308,1.79769313486232e+308,1.79769313486232e+308,1.79769313486232e+308,1.79769313486232e+308,1.79769313486232e+308
47,"7/11/99",1,1931131,9,1,1,16,0,0,7,0,1.79769313486232e+308,1.79769313486232e+308,1.79769313486232e+308
48,"7/11/99",1,1931231,6,2,1,17,6000,0,8,0,1.79769313486232e+308,1.79769313486232e+308,1.79769313486232e+308
49,"7/11/99",1,1931232,2,2,1,17,0,0,3,0,1.79769313486232e+308,1.79769313486232e+308,1.79769313486232e+308
50,"7/11/99",1,1931331,2,3,1,16,0,0,80,0,1.79769313486232e+308,1.79769313486232e+308,1.79769313486232e+308
51,"7/11/99",1,1931331,3,3,2,1.79769313486232e+308,1.79769313486232e+308,1.79769313486232e+308,1.79769313486232e+308,1.79769313486232e+308,1.79769313486232e+308,1.79769313486232e+308,1.79769313486232e+308
52,"7/11/99",1,1931431,9,3,1,16,0,0,11,0,1.79769313486232e+308,1.79769313486232e+308,1.79769313486232e+308
1,"9/09/99",1,1940139,2,2,1,14,0,0,0.200000002980232,0,1.79769313486232e+308,1.79769313486232e+308,1.79769313486232e+308
109,"9/26/99",1,1940149,6,2,2,1.79769313486232e+308,1.79769313486232e+308,1.79769313486232e+308,1.79769313486232e+308,1.79769313486232e+308,1.79769313486232e+308,1.79769313486232e+308,1.79769313486232e+308
110,"9/26/99",1,1940149,8,2,1,18,0,0,5,0,1.79769313486232e+308,1.79769313486232e+308,1.79769313486232e+308
111,"9/26/99",1,1940149,9,2,1,16,0,0,5,0,1.79769313486232e+308,1.79769313486232e+308,1.79769313486232e+308
112,"9/26/99",1,1940149,10,2,1,15,0,0,5,0,1.79769313486232e+308,1.79769313486232e+308,1.79769313486232e+308
117,"9/26/99",1,1940159,2,2,1,13,0,0,5,0,1.79769313486232e+308,1.79769313486232e+308,1.79769313486232e+308
1.79769313486232e+308,"10/12/99",1,1940159,3,2,2,1.79769313486232e+308,1.79769313486232e+308,1.79769313486232e+308,1.79769313486232e+308,1.79769313486232e+308,1.79769313486232e+308,1.79769313486232e+308,1.79769313486232e+308
2,"9/11/99",1,1940239,1,1,1,14,0,0,2,0,1,1988,1
113,"9/26/99",1,1940249,2,2,1,10,0,0,3,0,1.79769313486232e+308,1.79769313486232e+308,1.79769313486232e+308
118,"9/26/99",1,1940259,2,2,1,12,0,0,3,0,1.79769313486232e+308,1.79769313486232e+308,1.79769313486232e+308
3,"9/11/99",1,1940339,2,2,1,15,0,0,20,0,1.79769313486232e+308,1.79769313486232e+308,1.79769313486232e+308
114,"9/26/99",1,1940349,2,2,1,13,0,0,1,0,1.79769313486232e+308,1.79769313486232e+308,1.79769313486232e+308
1.79769313486232e+308,"10/12/99",1,1940349,3,2,2,1.79769313486232e+308,1.79769313486232e+308,1.79769313486232e+308,1.79769313486232e+308,1.79769313486232e+308,1.79769313486232e+308,1.79769313486232e+308,1.79769313486232e+308
119,"9/26/99",1,1940359,8,1,1,15,0,0,2,12,2,1998,8
4,"9/11/99",1,1940439,2,2,1,12,0,0,4,0,1.79769313486232e+308,1.79769313486232e+308,1.79769313486232e+308
1.79769313486232e+308,"10/12/99",1,1940439,3,2,2,1.79769313486232e+308,1.79769313486232e+308,1.79769313486232e+308,1.79769313486232e+308,1.79769313486232e+308,1.79769313486232e+308,1.79769313486232e+308,1.79769313486232e+308
115,"9/26/99",1,1940449,3,2,1,17,0,0,5,12,1.79769313486232e+308,1.79769313486232e+308,1.79769313486232e+308
120,"9/26/99",1,1940459,1,1,1,12,0,0,0.5,0,1,1995,4
5,"9/11/99",1,1940539,2,2,1,10,0,0,4,36,1.79769313486232e+308,1.79769313486232e+308,1.79769313486232e+308
6,"9/11/99",1,1940539,3,2,2,1.79769313486232e+308,1.79769313486232e+308,1.79769313486232e+308,1.79769313486232e+308,1.79769313486232e+308,1.79769313486232e+308,1.79769313486232e+308,1.79769313486232e+308
116,"9/26/99",1,1940549,2,1,1,15,0,0,0.25,0,1.79769313486232e+308,1.79769313486232e+308,1.79769313486232e+308
121,"9/26/99",1,1940559,2,1,1,15,0,0,1.5,84,1.79769313486232e+308,1.79769313486232e+308,1.79769313486232e+308
7,"9/11/99",1,1940639,2,2,1,12,0,0,0.5,0,1.79769313486232e+308,1.79769313486232e+308,1.79769313486232e+308
1.79769313486232e+308,".",1.79769313486232e+308,1940739,1.79769313486232e+308,1.79769313486232e+308,1.79769313486232e+308,1.79769313486232e+308,1.79769313486232e+308,1.79769313486232e+308,1.79769313486232e+308,1.79769313486232e+308,1.79769313486232e+308,1.79769313486232e+308,1.79769313486232e+308
9,"9/11/99",1,1940839,1,1,1,12,0,0,0.25,0,1,1983,1
10,"9/11/99",1,1940939,2,2,1,15,0,0,3,0,1.79769313486232e+308,1.79769313486232e+308,1.79769313486232e+308
11,"9/11/99",1,1940939,8,2,1,16,0,0,1,192,1.79769313486232e+308,1.79769313486232e+308,1.79769313486232e+308
12,"9/11/99",1,1941039,2,2,1,14,0,0,4,0,1.79769313486232e+308,1.79769313486232e+308,1.79769313486232e+308
13,"9/11/99",1,1941139,2,2,1,16,0,0,6,0,1.79769313486232e+308,1.79769313486232e+308,1.79769313486232e+308
14,"9/11/99",1,1941139,12,2,2,1.79769313486232e+308,1.79769313486232e+308,1.79769313486232e+308,1.79769313486232e+308,1.79769313486232e+308,1.79769313486232e+308,1.79769313486232e+308,1.79769313486232e+308
15,"9/11/99",1,1941239,2,2,1,12,0,0,1,0,1.79769313486232e+308,1.79769313486232e+308,1.79769313486232e+308
1.79769313486232e+308,"12/12/99",1,1941239,3,2,2,1.79769313486232e+308,1.79769313486232e+308,1.79769313486232e+308,1.79769313486232e+308,1.79769313486232e+308,1.79769313486232e+308,1.79769313486232e+308,1.79769313486232e+308
16,"9/11/99",1,1941339,2,2,1,13,0,0,0.200000002980232,0,1.79769313486232e+308,1.79769313486232e+308,1.79769313486232e+308
105,"9/26/99",1,1941439,2,2,1,15,0,0,3,0,1.79769313486232e+308,1.79769313486232e+308,1.79769313486232e+308
106,"9/26/99",1,1941439,9,2,1,20,0,0,2,0,1.79769313486232e+308,1.79769313486232e+308,1.79769313486232e+308
107,"9/26/99",1,1941539,2,2,1,16,0,0,2,0,1.79769313486232e+308,1.79769313486232e+308,1.79769313486232e+308
97,"10/10/99",1,2010131,1.79769313486232e+308,1.79769313486232e+308,1.79769313486232e+308,1.79769313486232e+308,1.79769313486232e+308,1.79769313486232e+308,1.79769313486232e+308,1.79769313486232e+308,1.79769313486232e+308,1.79769313486232e+308,1.79769313486232e+308
127,"10/10/99",1,2010141,2,2,1,13,250,0,1.5,18,1.79769313486232e+308,1.79769313486232e+308,1.79769313486232e+308
135,"10/10/99",1,2010151,2,2,1,12,150,0,7,0,1.79769313486232e+308,1.79769313486232e+308,1.79769313486232e+308
136,"10/10/99",1,2010151,9,2,1,15,10000,0,9,0,1.79769313486232e+308,1.79769313486232e+308,1.79769313486232e+308
98,"10/10/99",1,2010231,2,2,1,16,0,0,0.0500000007450581,0,1.79769313486232e+308,1.79769313486232e+308,1.79769313486232e+308
128,"10/10/99",1,2010241,2,2,1,15,3000,0,1.5,0,1.79769313486232e+308,1.79769313486232e+308,1.79769313486232e+308
137,"10/10/99",1,2010251,1.79769313486232e+308,1.79769313486232e+308,1.79769313486232e+308,1.79769313486232e+308,1.79769313486232e+308,1.79769313486232e+308,1.79769313486232e+308,1.79769313486232e+308,1.79769313486232e+308,1.79769313486232e+308,1.79769313486232e+308
138,"10/10/99",1,2010252,2,2,1,16,1000,0,3,0,1.79769313486232e+308,1.79769313486232e+308,1.79769313486232e+308
99,"10/10/99",1,2010331,2,2,1,16,0,0,2,0,1.79769313486232e+308,1.79769313486232e+308,1.79769313486232e+308
129,"10/10/99",1,2010341,2,2,1,25,1400,0,6,0,1.79769313486232e+308,1.79769313486232e+308,1.79769313486232e+308
139,"10/10/99",1,2010351,3,8,2,1.79769313486232e+308,1.79769313486232e+308,1.79769313486232e+308,1.79769313486232e+308,1.79769313486232e+308,1.79769313486232e+308,1.79769313486232e+308,1.79769313486232e+308
140,"10/10/99",1,2010351,9,8,1,16,0,0,3,0,1.79769313486232e+308,1.79769313486232e+308,1.79769313486232e+308
100,"10/10/99",1,2010431,2,2,1,16,1400,0,3,3,1.79769313486232e+308,1.79769313486232e+308,1.79769313486232e+308
1.79769313486232e+308,".",1.79769313486232e+308,2010431,3,2,2,1.79769313486232e+308,1.79769313486232e+308,1.79769313486232e+308,1.79769313486232e+308,1.79769313486232e+308,1.79769313486232e+308,1.79769313486232e+308,1.79769313486232e+308
130,"10/10/99",1,2010441,2,2,1,16,0,0,12,4,1.79769313486232e+308,1.79769313486232e+308,1.79769313486232e+308
141,"10/10/99",1,2010459,2,2,1,20,0,0,500,0,1.79769313486232e+308,1.79769313486232e+308,1.79769313486232e+308
142,"10/10/99",1,2010459,3,3,2,1.79769313486232e+308,1.79769313486232e+308,1.79769313486232e+308,1.79769313486232e+308,1.79769313486232e+308,1.79769313486232e+308,1.79769313486232e+308,1.79769313486232e+308
101,"10/10/99",1,2010531,2,2,1,16,0,60,6,0,1.79769313486232e+308,1.79769313486232e+308,1.79769313486232e+308
102,"10/10/99",1,2010531,4,4,1,17,5000,0,2,0,1.79769313486232e+308,1.79769313486232e+308,1.79769313486232e+308
131,"10/10/99",1,2010541,5,5,1,17,5000,0,4,3,1.79769313486232e+308,1.79769313486232e+308,1.79769313486232e+308
132,"10/10/99",1,2010541,7,7,2,1.79769313486232e+308,1.79769313486232e+308,1.79769313486232e+308,1.79769313486232e+308,1.79769313486232e+308,1.79769313486232e+308,1.79769313486232e+308,1.79769313486232e+308
133,"10/10/99",1,2010542,2,2,1,19,7000,0,1.5,6,1.79769313486232e+308,1.79769313486232e+308,1.79769313486232e+308
134,"10/10/99",1,2010543,2,2,1,14,6000,0,1,0,1.79769313486232e+308,1.79769313486232e+308,1.79769313486232e+308
103,"10/10/99",1,2010631,2,2,1,16,2000,0,10,0,1,1993,6
104,"10/10/99",1,2010731,2,2,1,17,0,0,5,0,1.79769313486232e+308,1.79769313486232e+308,1.79769313486232e+308
105,"10/10/99",1,2010831,2,2,1,12,0,60,2,0,1.79769313486232e+308,1.79769313486232e+308,1.79769313486232e+308
106,"10/10/99",1,2010931,4,4,1,18,3500,0,12,0,1.79769313486232e+308,1.79769313486232e+308,1.79769313486232e+308
107,"10/10/99",1,2011031,2,2,1,15,0,0,7,0,1.79769313486232e+308,1.79769313486232e+308,1.79769313486232e+308
108,"10/10/99",1,2011031,6,6,2,1.79769313486232e+308,1.79769313486232e+308,1.79769313486232e+308,1.79769313486232e+308,1.79769313486232e+308,1.79769313486232e+308,1.79769313486232e+308,1.79769313486232e+308
109,"10/10/99",1,2011131,2,2,1,16,0,0,3,0,1.79769313486232e+308,1.79769313486232e+308,1.79769313486232e+308
1.79769313486232e+308,".",1.79769313486232e+308,2011131,5,2,2,1.79769313486232e+308,1.79769313486232e+308,1.79769313486232e+308,1.79769313486232e+308,1.79769313486232e+308,1.79769313486232e+308,1.79769313486232e+308,1.79769313486232e+308
1.79769313486232e+308,".",1.79769313486232e+308,2011131,7,2,2,1.79769313486232e+308,1.79769313486232e+308,1.79769313486232e+308,1.79769313486232e+308,1.79769313486232e+308,1.79769313486232e+308,1.79769313486232e+308,1.79769313486232e+308
110,"10/10/99",1,2011132,2,2,1,13,8000,0,8,0,1.79769313486232e+308,1.79769313486232e+308,1.79769313486232e+308
111,"10/10/99",1,2011231,2,2,1,16,0,0,0,0,1.79769313486232e+308,1.79769313486232e+308,1.79769313486232e+308
112,"10/10/99",1,2011339,2,2,1,16,2000,0,12,0,1.79769313486232e+308,1.79769313486232e+308,1.79769313486232e+308
113,"10/10/99",1,2011439,4,1,2,1.79769313486232e+308,1.79769313486232e+308,1.79769313486232e+308,1.79769313486232e+308,1.79769313486232e+308,1.79769313486232e+308,1.79769313486232e+308,1.79769313486232e+308
114,"10/10/99",1,2011539,2,2,1,16,0,0,1.5,0,1.79769313486232e+308,1.79769313486232e+308,1.79769313486232e+308
115,"10/10/99",1,2011639,2,2,1,16,0,0,1,0,1.79769313486232e+308,1.79769313486232e+308,1.79769313486232e+308
116,"10/10/99",1,2011739,2,2,1,16,0,0,4,0,1.79769313486232e+308,1.79769313486232e+308,1.79769313486232e+308
117,"10/10/99",1,2011739,4,4,2,1.79769313486232e+308,1.79769313486232e+308,1.79769313486232e+308,1.79769313486232e+308,1.79769313486232e+308,1.79769313486232e+308,1.79769313486232e+308,1.79769313486232e+308
118,"10/10/99",1,2011839,2,2,1,12,0,0,1,0,1.79769313486232e+308,1.79769313486232e+308,1.79769313486232e+308
119,"10/10/99",1,2011839,3,2,2,1.79769313486232e+308,1.79769313486232e+308,1.79769313486232e+308,1.79769313486232e+308,1.79769313486232e+308,1.79769313486232e+308,1.79769313486232e+308,1.79769313486232e+308
120,"10/10/99",1,2011839,4,2,2,1.79769313486232e+308,1.79769313486232e+308,1.79769313486232e+308,1.79769313486232e+308,1.79769313486232e+308,1.79769313486232e+308,1.79769313486232e+308,1.79769313486232e+308
121,"10/10/99",1,2011839,5,2,2,1.79769313486232e+308,1.79769313486232e+308,1.79769313486232e+308,1.79769313486232e+308,1.79769313486232e+308,1.79769313486232e+308,1.79769313486232e+308,1.79769313486232e+308
122,"10/10/99",1,2011939,2,2,1,12,250,0,8,1,1.79769313486232e+308,1.79769313486232e+308,1.79769313486232e+308
123,"10/10/99",1,2011939,4,4,1,14,18000,0,1.5,1,1.79769313486232e+308,1.79769313486232e+308,1.79769313486232e+308
124,"10/10/99",1,2011939,5,5,2,1.79769313486232e+308,1.79769313486232e+308,1.79769313486232e+308,1.79769313486232e+308,1.79769313486232e+308,1.79769313486232e+308,1.79769313486232e+308,1.79769313486232e+308
125,"10/10/99",1,2012039,2,2,1,14,0,0,3,0,1.79769313486232e+308,1.79769313486232e+308,1.79769313486232e+308
126,"10/10/99",1,2012039,4,4,2,1.79769313486232e+308,1.79769313486232e+308,1.79769313486232e+308,1.79769313486232e+308,1.79769313486232e+308,1.79769313486232e+308,1.79769313486232e+308,1.79769313486232e+308
40,"9/30/99",1,2020131,2,2,1,15,0,0,1,0,1.79769313486232e+308,1.79769313486232e+308,1.79769313486232e+308
41,"9/30/99",1,2020131,5,2,2,1.79769313486232e+308,1.79769313486232e+308,1.79769313486232e+308,1.79769313486232e+308,1.79769313486232e+308,1.79769313486232e+308,1.79769313486232e+308,1.79769313486232e+308
42,"9/30/99",1,2020132,2,2,1,15,15000,0,3,0,1.79769313486232e+308,1.79769313486232e+308,1.79769313486232e+308
43,"9/30/99",1,2020133,1.79769313486232e+308,1.79769313486232e+308,1.79769313486232e+308,1.79769313486232e+308,1.79769313486232e+308,1.79769313486232e+308,1.79769313486232e+308,1.79769313486232e+308,1.79769313486232e+308,1.79769313486232e+308,1.79769313486232e+308
82,"9/30/99",1,2020141,2,2,1,16,2500,0,0.100000001490116,0,1.79769313486232e+308,1.79769313486232e+308,1.79769313486232e+308
88,"9/30/99",1,2020151,2,4,1,16,0,0,6,0,1.79769313486232e+308,1.79769313486232e+308,1.79769313486232e+308
89,"9/30/99",1,2020151,4,4,2,1.79769313486232e+308,1.79769313486232e+308,1.79769313486232e+308,1.79769313486232e+308,1.79769313486232e+308,1.79769313486232e+308,1.79769313486232e+308,1.79769313486232e+308
90,"9/30/99",1,2020151,5,4,2,1.79769313486232e+308,1.79769313486232e+308,1.79769313486232e+308,1.79769313486232e+308,1.79769313486232e+308,1.79769313486232e+308,1.79769313486232e+308,1.79769313486232e+308
44,"9/30/99",1,2020231,2,2,1,14,0,60,15,0,1.79769313486232e+308,1.79769313486232e+308,1.79769313486232e+308
45,"9/30/99",1,2020231,5,2,2,1.79769313486232e+308,1.79769313486232e+308,1.79769313486232e+308,1.79769313486232e+308,1.79769313486232e+308,1.79769313486232e+308,1.79769313486232e+308,1.79769313486232e+308
46,"9/30/99",1,2020231,7,2,2,1.79769313486232e+308,1.79769313486232e+308,1.79769313486232e+308,1.79769313486232e+308,1.79769313486232e+308,1.79769313486232e+308,1.79769313486232e+308,1.79769313486232e+308
47,"9/30/99",1,2020232,1,1,1,18,0,0,9,0,1.79769313486232e+308,1.79769313486232e+308,1.79769313486232e+308
83,"9/30/99",1,2020241,2,2,1,16,2500,0,8,0,1.79769313486232e+308,1.79769313486232e+308,1.79769313486232e+308
91,"9/30/99",1,2020251,2,2,1,16,0,44000,1,0,1,1999,7
92,"9/30/99",1,2020251,3,2,2,1.79769313486232e+308,1.79769313486232e+308,1.79769313486232e+308,1.79769313486232e+308,1.79769313486232e+308,1.79769313486232e+308,1.79769313486232e+308,1.79769313486232e+308
93,"9/30/99",1,2020251,4,2,2,1.79769313486232e+308,1.79769313486232e+308,1.79769313486232e+308,1.79769313486232e+308,1.79769313486232e+308,1.79769313486232e+308,1.79769313486232e+308,1.79769313486232e+308
94,"9/30/99",1,2020252,1,1,1,13,400,0,8,0,1,1999,7
48,"9/30/99",1,2020331,2,2,1,15,0,0,0.25,0,1.79769313486232e+308,1.79769313486232e+308,1.79769313486232e+308
49,"9/30/99",1,2020331,7,7,2,1.79769313486232e+308,1.79769313486232e+308,1.79769313486232e+308,1.79769313486232e+308,1.79769313486232e+308,1.79769313486232e+308,1.79769313486232e+308,1.79769313486232e+308
50,"9/30/99",1,2020332,2,2,1,18,6000,0,6,4,1.79769313486232e+308,1.79769313486232e+308,1.79769313486232e+308
51,"9/30/99",1,2020333,2,2,1,16,20000,0,0.100000001490116,0,1.79769313486232e+308,1.79769313486232e+308,1.79769313486232e+308
84,"9/30/99",1,2020341,2,2,1,15,1700,0,8,0,1.79769313486232e+308,1.79769313486232e+308,1.79769313486232e+308
95,"9/30/99",1,2020351,2,2,1,15,0,0,8,0,1.79769313486232e+308,1.79769313486232e+308,1.79769313486232e+308
52,"9/30/99",1,2020431,6,6,2,1.79769313486232e+308,1.79769313486232e+308,1.79769313486232e+308,1.79769313486232e+308,1.79769313486232e+308,1.79769313486232e+308,1.79769313486232e+308,1.79769313486232e+308
53,"9/30/99",1,2020432,2,2,1,16,12000,0,8,0,1.79769313486232e+308,1.79769313486232e+308,1.79769313486232e+308
85,"9/30/99",1,2020441,2,2,1,15,800,0,6,3,1.79769313486232e+308,1.79769313486232e+308,1.79769313486232e+308
86,"9/30/99",1,2020441,5,5,2,1.79769313486232e+308,1.79769313486232e+308,1.79769313486232e+308,1.79769313486232e+308,1.79769313486232e+308,1.79769313486232e+308,1.79769313486232e+308,1.79769313486232e+308
96,"9/30/99",1,2020459,2,2,1,16,0,0,5,0,1.79769313486232e+308,1.79769313486232e+308,1.79769313486232e+308
54,"9/30/99",1,2020531,1.79769313486232e+308,1.79769313486232e+308,1.79769313486232e+308,1.79769313486232e+308,1.79769313486232e+308,1.79769313486232e+308,1.79769313486232e+308,1.79769313486232e+308,1.79769313486232e+308,1.79769313486232e+308,1.79769313486232e+308
87,"9/30/99",1,2020541,1.79769313486232e+308,1.79769313486232e+308,1.79769313486232e+308,1.79769313486232e+308,1.79769313486232e+308,1.79769313486232e+308,1.79769313486232e+308,1.79769313486232e+308,1.79769313486232e+308,1.79769313486232e+308,1.79769313486232e+308
55,"9/30/99",1,2020631,2,2,1,14,300,0,1,0,1.79769313486232e+308,1.79769313486232e+308,1.79769313486232e+308
56,"9/30/99",1,2020631,6,2,2,1.79769313486232e+308,1.79769313486232e+308,1.79769313486232e+308,1.79769313486232e+308,1.79769313486232e+308,1.79769313486232e+308,1.79769313486232e+308,1.79769313486232e+308
57,"9/30/99",1,2020731,2,2,1,15,600,0,6,0,1.79769313486232e+308,1.79769313486232e+308,1.79769313486232e+308
58,"9/30/99",1,2020731,3,2,2,1.79769313486232e+308,1.79769313486232e+308,1.79769313486232e+308,1.79769313486232e+308,1.79769313486232e+308,1.79769313486232e+308,1.79769313486232e+308,1.79769313486232e+308
59,"9/30/99",1,2020831,2,2,1,18,0,0,10,0,1.79769313486232e+308,1.79769313486232e+308,1.79769313486232e+308
60,"9/30/99",1,2020832,2,2,1,16,0,0,6,0,1.79769313486232e+308,1.79769313486232e+308,1.79769313486232e+308
61,"9/30/99",1,2020931,1.79769313486232e+308,1.79769313486232e+308,1.79769313486232e+308,1.79769313486232e+308,1.79769313486232e+308,1.79769313486232e+308,1.79769313486232e+308,1.79769313486232e+308,1.79769313486232e+308,1.79769313486232e+308,1.79769313486232e+308
62,"9/30/99",1,2020932,2,2,1,16,800,0,2,0,1.79769313486232e+308,1.79769313486232e+308,1.79769313486232e+308
63,"9/30/99",1,2021031,2,2,1,16,1700,0,8,0,1.79769313486232e+308,1.79769313486232e+308,1.79769313486232e+308
65,"9/30/99",1,2021031,6,6,2,1.79769313486232e+308,1.79769313486232e+308,1.79769313486232e+308,1.79769313486232e+308,1.79769313486232e+308,1.79769313486232e+308,1.79769313486232e+308,1.79769313486232e+308
64,"9/30/99",1,2021031,7,7,1,15,2000,0,6,0,1.79769313486232e+308,1.79769313486232e+308,1.79769313486232e+308
66,"9/30/99",1,2021032,2,2,1,16,7000,0,0.25,0,1.79769313486232e+308,1.79769313486232e+308,1.79769313486232e+308
67,"9/30/99",1,2021131,2,2,1,16,3000,0,8,0,1.79769313486232e+308,1.79769313486232e+308,1.79769313486232e+308
68,"9/30/99",1,2021231,2,2,1,15,0,0,0.5,0,1.79769313486232e+308,1.79769313486232e+308,1.79769313486232e+308
1.79769313486232e+308,".",1.79769313486232e+308,2021231,5,2,1,17,0,0,0,0,1.79769313486232e+308,1.79769313486232e+308,1.79769313486232e+308
1.79769313486232e+308,".",1.79769313486232e+308,2021231,6,2,2,1.79769313486232e+308,1.79769313486232e+308,1.79769313486232e+308,1.79769313486232e+308,1.79769313486232e+308,1.79769313486232e+308,1.79769313486232e+308,1.79769313486232e+308
69,"9/30/99",1,2021232,2,2,1,16,600,0,5,0,1.79769313486232e+308,1.79769313486232e+308,1.79769313486232e+308
70,"9/30/99",1,2021339,1.79769313486232e+308,1.79769313486232e+308,1.79769313486232e+308,1.79769313486232e+308,1.79769313486232e+308,1.79769313486232e+308,1.79769313486232e+308,1.79769313486232e+308,1.79769313486232e+308,1.79769313486232e+308,1.79769313486232e+308
71,"9/30/99",1,2021439,2,2,1,15,0,0,0.5,0,1.79769313486232e+308,1.79769313486232e+308,1.79769313486232e+308
72,"9/30/99",1,2021439,4,2,1,16,4000,0,5,0,1.79769313486232e+308,1.79769313486232e+308,1.79769313486232e+308
73,"9/30/99",1,2021539,2,2,1,16,0,0,8,0,1.79769313486232e+308,1.79769313486232e+308,1.79769313486232e+308
74,"9/30/99",1,2021639,1,1,1,15,1500,0,0.0500000007450581,0,2,1995,11
1.79769313486232e+308,".",1.79769313486232e+308,2021639,2,2,2,1.79769313486232e+308,1.79769313486232e+308,1.79769313486232e+308,1.79769313486232e+308,1.79769313486232e+308,1.79769313486232e+308,1.79769313486232e+308,1.79769313486232e+308
75,"9/30/99",1,2021739,2,2,1,16,800,0,0.75,0,1.79769313486232e+308,1.79769313486232e+308,1.79769313486232e+308
76,"9/30/99",1,2021839,1.79769313486232e+308,1.79769313486232e+308,1.79769313486232e+308,1.79769313486232e+308,1.79769313486232e+308,1.79769313486232e+308,1.79769313486232e+308,1.79769313486232e+308,1.79769313486232e+308,1.79769313486232e+308,1.79769313486232e+308
77,"9/30/99",1,2021939,3,3,1,16,7000,0,20,0,1.79769313486232e+308,1.79769313486232e+308,1.79769313486232e+308
78,"9/30/99",1,2022039,1,1,1,18,0,0,5,0,1.79769313486232e+308,1.79769313486232e+308,1.79769313486232e+308
79,"9/30/99",1,2022039,2,1,2,1.79769313486232e+308,1.79769313486232e+308,1.79769313486232e+308,1.79769313486232e+308,1.79769313486232e+308,1.79769313486232e+308,1.79769313486232e+308,1.79769313486232e+308
80,"9/30/99",1,2022139,1,1,1,14,0,0,1,0,1,1991,3
81,"9/30/99",1,2022239,4,2,1,17,10000,0,4,0,1.79769313486232e+308,1.79769313486232e+308,1.79769313486232e+308
114,"7/20/99",1,2030131,4,4,2,1.79769313486232e+308,1.79769313486232e+308,1.79769313486232e+308,1.79769313486232e+308,1.79769313486232e+308,1.79769313486232e+308,1.79769313486232e+308,1.79769313486232e+308
115,"7/20/99",1,2030131,6,6,2,1.79769313486232e+308,1.79769313486232e+308,1.79769313486232e+308,1.79769313486232e+308,1.79769313486232e+308,1.79769313486232e+308,1.79769313486232e+308,1.79769313486232e+308
116,"7/20/99",1,2030131,7,7,2,1.79769313486232e+308,1.79769313486232e+308,1.79769313486232e+308,1.79769313486232e+308,1.79769313486232e+308,1.79769313486232e+308,1.79769313486232e+308,1.79769313486232e+308
137,"7/20/99",1,2030141,2,2,1,13,1620,0,10,0,1.79769313486232e+308,1.79769313486232e+308,1.79769313486232e+308
143,"7/20/99",1,2030151,1.79769313486232e+308,1.79769313486232e+308,1.79769313486232e+308,1.79769313486232e+308,1.79769313486232e+308,1.79769313486232e+308,1.79769313486232e+308,1.79769313486232e+308,1.79769313486232e+308,1.79769313486232e+308,1.79769313486232e+308
144,"7/20/99",1,2030152,2,2,1,15,10000,0,3,0,1.79769313486232e+308,1.79769313486232e+308,1.79769313486232e+308
117,"7/20/99",1,2030231,2,2,1,17,700,0,20,1,1.79769313486232e+308,1.79769313486232e+308,1.79769313486232e+308
118,"7/20/99",1,2030231,4,2,2,1.79769313486232e+308,1.79769313486232e+308,1.79769313486232e+308,1.79769313486232e+308,1.79769313486232e+308,1.79769313486232e+308,1.79769313486232e+308,1.79769313486232e+308
138,"7/20/99",1,2030241,2,2,1,7,0,80,1.25,0,1.79769313486232e+308,1.79769313486232e+308,1.79769313486232e+308
1.79769313486232e+308,".",1.79769313486232e+308,2030241,8,2,2,1.79769313486232e+308,1.79769313486232e+308,1.79769313486232e+308,1.79769313486232e+308,1.79769313486232e+308,1.79769313486232e+308,1.79769313486232e+308,1.79769313486232e+308
139,"7/20/99",1,2030241,9,2,1,14,4000,0,7,10,1.79769313486232e+308,1.79769313486232e+308,1.79769313486232e+308
145,"7/20/99",1,2030251,2,2,1,15,8000,0,5,1,1.79769313486232e+308,1.79769313486232e+308,1.79769313486232e+308
119,"7/20/99",1,2030331,2,2,1,12,0,120,3,15,1.79769313486232e+308,1.79769313486232e+308,1.79769313486232e+308
120,"7/20/99",1,2030331,4,2,2,1.79769313486232e+308,1.79769313486232e+308,1.79769313486232e+308,1.79769313486232e+308,1.79769313486232e+308,1.79769313486232e+308,1.79769313486232e+308,1.79769313486232e+308
121,"7/20/99",1,2030331,7,2,1,11,4000,0,20,3,1.79769313486232e+308,1.79769313486232e+308,1.79769313486232e+308
140,"7/20/99",1,2030341,2,2,1,16,5000,0,2,0,1.79769313486232e+308,1.79769313486232e+308,1.79769313486232e+308
141,"7/20/99",1,2030342,2,2,1,17,8000,0,2,0,1.79769313486232e+308,1.79769313486232e+308,1.79769313486232e+308
146,"7/20/99",1,2030351,2,2,1,16,5000,0,1.5,0,1.79769313486232e+308,1.79769313486232e+308,1.79769313486232e+308
122,"7/20/99",1,2030431,1.79769313486232e+308,1.79769313486232e+308,1.79769313486232e+308,1.79769313486232e+308,1.79769313486232e+308,1.79769313486232e+308,1.79769313486232e+308,1.79769313486232e+308,1.79769313486232e+308,1.79769313486232e+308,1.79769313486232e+308
123,"7/20/99",1,2030432,2,2,1,12,2500,0,5,0,1.79769313486232e+308,1.79769313486232e+308,1.79769313486232e+308
142,"7/20/99",1,2030441,2,2,1,15,0,0,1,0,1.79769313486232e+308,1.79769313486232e+308,1.79769313486232e+308
147,"7/20/99",1,2030459,2,2,1,16,0,0,10,6,1.79769313486232e+308,1.79769313486232e+308,1.79769313486232e+308
1.79769313486232e+308,".",1.79769313486232e+308,2030459,3,2,2,1.79769313486232e+308,1.79769313486232e+308,1.79769313486232e+308,1.79769313486232e+308,1.79769313486232e+308,1.79769313486232e+308,1.79769313486232e+308,1.79769313486232e+308
1.79769313486232e+308,".",1.79769313486232e+308,2030459,5,2,2,1.79769313486232e+308,1.79769313486232e+308,1.79769313486232e+308,1.79769313486232e+308,1.79769313486232e+308,1.79769313486232e+308,1.79769313486232e+308,1.79769313486232e+308
124,"7/20/99",1,2030531,2,2,1,18,2000,0,5,0,1.79769313486232e+308,1.79769313486232e+308,1.79769313486232e+308
125,"7/20/99",1,2030731,2,2,1,13,0,0,0,0,1.79769313486232e+308,1.79769313486232e+308,1.79769313486232e+308
126,"7/20/99",1,2030731,5,5,1,15,5500,0,0.0500000007450581,0,1.79769313486232e+308,1.79769313486232e+308,1.79769313486232e+308
127,"7/20/99",1,2030831,2,1,1,18,1000,0,12,0,1.79769313486232e+308,1.79769313486232e+308,1.79769313486232e+308
128,"7/20/99",1,2030931,2,2,1,13,300,0,8,0,1.79769313486232e+308,1.79769313486232e+308,1.79769313486232e+308
129,"7/20/99",1,2031031,2,2,1,20,750,0,10,0,1.79769313486232e+308,1.79769313486232e+308,1.79769313486232e+308
130,"7/20/99",1,2031131,2,2,1,12,0,0,10,96,1.79769313486232e+308,1.79769313486232e+308,1.79769313486232e+308
131,"7/20/99",1,2031131,5,5,1,17,9000,0,10,1,1.79769313486232e+308,1.79769313486232e+308,1.79769313486232e+308
132,"7/20/99",1,2031231,2,2,1,20,0,0,40,0,1.79769313486232e+308,1.79769313486232e+308,1.79769313486232e+308
1.79769313486232e+308,".",1.79769313486232e+308,2031231,3,2,2,1.79769313486232e+308,1.79769313486232e+308,1.79769313486232e+308,1.79769313486232e+308,1.79769313486232e+308,1.79769313486232e+308,1.79769313486232e+308,1.79769313486232e+308
133,"7/20/99",1,2031339,2,2,1,16,8000,0,12,0,1.79769313486232e+308,1.79769313486232e+308,1.79769313486232e+308
134,"7/20/99",1,2031439,2,2,1,15,500,0,5,0,1.79769313486232e+308,1.79769313486232e+308,1.79769313486232e+308
1.79769313486232e+308,".",1.79769313486232e+308,2031439,3,2,2,1.79769313486232e+308,1.79769313486232e+308,1.79769313486232e+308,1.79769313486232e+308,1.79769313486232e+308,1.79769313486232e+308,1.79769313486232e+308,1.79769313486232e+308
135,"7/20/99",1,2031539,2,2,1,14,6000,0,13,0,1.79769313486232e+308,1.79769313486232e+308,1.79769313486232e+308
136,"7/20/99",1,2031639,1,1,1,16,0,200,2,0,1,1992,11
1.79769313486232e+308,".",1.79769313486232e+308,2031639,3,1,2,1.79769313486232e+308,1.79769313486232e+308,1.79769313486232e+308,1.79769313486232e+308,1.79769313486232e+308,1.79769313486232e+308,1.79769313486232e+308,1.79769313486232e+308
1.79769313486232e+308,".",1.79769313486232e+308,2031639,4,1,2,1.79769313486232e+308,1.79769313486232e+308,1.79769313486232e+308,1.79769313486232e+308,1.79769313486232e+308,1.79769313486232e+308,1.79769313486232e+308,1.79769313486232e+308
248,"6/23/99",1,2110131,2,1,1,18,500,0,1.5,6,1.79769313486232e+308,1.79769313486232e+308,1.79769313486232e+308
249,"6/23/99",1,2110131,4,1,2,1.79769313486232e+308,1.79769313486232e+308,1.79769313486232e+308,1.79769313486232e+308,1.79769313486232e+308,1.79769313486232e+308,1.79769313486232e+308,1.79769313486232e+308
273,"6/23/99",1,2110141,2,1,1,15,0,0,0.200000002980232,4,1.79769313486232e+308,1.79769313486232e+308,1.79769313486232e+308
274,"6/23/99",1,2110141,6,1,2,1.79769313486232e+308,1.79769313486232e+308,1.79769313486232e+308,1.79769313486232e+308,1.79769313486232e+308,1.79769313486232e+308,1.79769313486232e+308,1.79769313486232e+308
275,"6/23/99",1,2110141,7,1,1,15,18000,0,9,1,1.79769313486232e+308,1.79769313486232e+308,1.79769313486232e+308
276,"6/23/99",1,2110142,2,1,1,15,8000,0,30,0,1.79769313486232e+308,1.79769313486232e+308,1.79769313486232e+308
282,"6/23/99",1,2110151,4,3,1,15,4000,0,2.20000004768372,3,1.79769313486232e+308,1.79769313486232e+308,1.79769313486232e+308
250,"6/23/99",1,2110231,7,3,2,1.79769313486232e+308,1.79769313486232e+308,1.79769313486232e+308,1.79769313486232e+308,1.79769313486232e+308,1.79769313486232e+308,1.79769313486232e+308,1.79769313486232e+308
251,"6/23/99",1,2110231,8,3,1,14,0,0,0.5,0,1.79769313486232e+308,1.79769313486232e+308,1.79769313486232e+308
252,"6/23/99",1,2110231,10,10,1,15,5000,0,1,0,1.79769313486232e+308,1.79769313486232e+308,1.79769313486232e+308
253,"6/23/99",1,2110231,12,10,1,15,0,0,45,1,1.79769313486232e+308,1.79769313486232e+308,1.79769313486232e+308
277,"6/23/99",1,2110241,1.79769313486232e+308,1.79769313486232e+308,1.79769313486232e+308,1.79769313486232e+308,1.79769313486232e+308,1.79769313486232e+308,1.79769313486232e+308,1.79769313486232e+308,1.79769313486232e+308,1.79769313486232e+308,1.79769313486232e+308
278,"6/23/99",1,2110242,2,1,1,15,10000,0,8,3,1.79769313486232e+308,1.79769313486232e+308,1.79769313486232e+308
283,"6/23/99",1,2110251,5,3,1,15,2400,250,4.5,12,1.79769313486232e+308,1.79769313486232e+308,1.79769313486232e+308
284,"6/23/99",1,2110251,6,3,1,16,3500,250,5.25,12,1.79769313486232e+308,1.79769313486232e+308,1.79769313486232e+308
285,"6/23/99",1,2110251,7,3,2,1.79769313486232e+308,1.79769313486232e+308,1.79769313486232e+308,1.79769313486232e+308,1.79769313486232e+308,1.79769313486232e+308,1.79769313486232e+308,1.79769313486232e+308
254,"6/23/99",1,2110331,2,1,1,16,2000,800,0.0599999986588955,6,1.79769313486232e+308,1.79769313486232e+308,1.79769313486232e+308
279,"6/23/99",1,2110341,5,1,2,1.79769313486232e+308,1.79769313486232e+308,1.79769313486232e+308,1.79769313486232e+308,1.79769313486232e+308,1.79769313486232e+308,1.79769313486232e+308,1.79769313486232e+308
286,"6/23/99",1,2110351,7,7,1,15,3500,0,5,1,1.79769313486232e+308,1.79769313486232e+308,1.79769313486232e+308
255,"6/23/99",1,2110431,2,1,1,19,1500,0,10.5,0,1.79769313486232e+308,1.79769313486232e+308,1.79769313486232e+308
280,"6/23/99",1,2110441,2,2,1,14,3500,0,0.400000005960464,12,1.79769313486232e+308,1.79769313486232e+308,1.79769313486232e+308
287,"6/23/99",1,2110459,2,1,1,15,0,0,0.25,0,1.79769313486232e+308,1.79769313486232e+308,1.79769313486232e+308
288,"6/23/99",1,2110459,4,1,1,15,14600,0,4,0,1.79769313486232e+308,1.79769313486232e+308,1.79769313486232e+308
289,"6/23/99",1,2110459,5,1,2,1.79769313486232e+308,1.79769313486232e+308,1.79769313486232e+308,1.79769313486232e+308,1.79769313486232e+308,1.79769313486232e+308,1.79769313486232e+308,1.79769313486232e+308
256,"6/23/99",1,2110531,2,1,1,14,400,0,0.75,0,1.79769313486232e+308,1.79769313486232e+308,1.79769313486232e+308
281,"6/23/99",1,2110541,2,1,1,17,12000,0,50,0,1.79769313486232e+308,1.79769313486232e+308,1.79769313486232e+308
257,"6/23/99",1,2110631,2,1,1,15,600,0,3.5,0,1.79769313486232e+308,1.79769313486232e+308,1.79769313486232e+308
258,"6/23/99",1,2110731,2,1,1,16,5000,0,7.5,2,1.79769313486232e+308,1.79769313486232e+308,1.79769313486232e+308
259,"6/23/99",1,2110831,2,2,1,14,2000,0,3,0,1.79769313486232e+308,1.79769313486232e+308,1.79769313486232e+308
260,"6/23/99",1,2110832,2,2,1,15,7000,0,6,5,1.79769313486232e+308,1.79769313486232e+308,1.79769313486232e+308
261,"6/23/99",1,2110931,2,2,1,15,1500,0,7,0,1.79769313486232e+308,1.79769313486232e+308,1.79769313486232e+308
262,"6/23/99",1,2111031,1,1,1,14,0,600,4.5,0,1,1990,3
263,"6/23/99",1,2111131,2,1,1,15,5000,0,0.25,6,1.79769313486232e+308,1.79769313486232e+308,1.79769313486232e+308
264,"6/23/99",1,2111231,2,2,1,15,0,0,0.100000001490116,0,1.79769313486232e+308,1.79769313486232e+308,1.79769313486232e+308
265,"6/23/99",1,2111232,2,1,1,15,5000,0,4.5,0,1.79769313486232e+308,1.79769313486232e+308,1.79769313486232e+308
266,"6/23/99",1,2111233,2,2,1,15,5000,0,20,0,1.79769313486232e+308,1.79769313486232e+308,1.79769313486232e+308
267,"6/23/99",1,2111339,2,1,1,14,0,0,1,3,1.79769313486232e+308,1.79769313486232e+308,1.79769313486232e+308
268,"6/23/99",1,2111439,2,2,1,15,3000,0,0.75,0,1.79769313486232e+308,1.79769313486232e+308,1.79769313486232e+308
1.79769313486232e+308,"8/25/99",1,2111439,3,2,2,1.79769313486232e+308,1.79769313486232e+308,1.79769313486232e+308,1.79769313486232e+308,1.79769313486232e+308,1.79769313486232e+308,1.79769313486232e+308,1.79769313486232e+308
269,"6/23/99",1,2111539,2,1,1,15,2500,0,3,2,1.79769313486232e+308,1.79769313486232e+308,1.79769313486232e+308
1.79769313486232e+308,"8/25/99",1,2111539,3,1,2,1.79769313486232e+308,1.79769313486232e+308,1.79769313486232e+308,1.79769313486232e+308,1.79769313486232e+308,1.79769313486232e+308,1.79769313486232e+308,1.79769313486232e+308
270,"6/23/99",1,2111639,2,2,1,13,6000,0,2,3,1.79769313486232e+308,1.79769313486232e+308,1.79769313486232e+308
271,"6/23/99",1,2111739,2,2,1,15,0,500,2,0,1.79769313486232e+308,1.79769313486232e+308,1.79769313486232e+308
272,"6/23/99",1,2111839,2,2,1,15,1000,0,1,15,1.79769313486232e+308,1.79769313486232e+308,1.79769313486232e+308
26,"8/05/95",1,2120131,2,2,1,15,1500,0,20,0,1.79769313486232e+308,1.79769313486232e+308,1.79769313486232e+308
10,"6/19/99",1,2120141,4,1,2,1.79769313486232e+308,1.79769313486232e+308,1.79769313486232e+308,1.79769313486232e+308,1.79769313486232e+308,1.79769313486232e+308,1.79769313486232e+308,1.79769313486232e+308
11,"6/19/99",1,2120141,5,1,1,15,2000,0,6,0,2,1.79769313486232e+308,1.79769313486232e+308
12,"6/19/99",1,2120142,2,2,1,14,6000,0,5,2,1.79769313486232e+308,1.79769313486232e+308,1.79769313486232e+308
18,"6/19/99",1,2120151,10,9,1,16,0,0,0.5,0,1.79769313486232e+308,1.79769313486232e+308,1.79769313486232e+308
27,"8/05/95",1,2120231,2,1,1,14,0,123,3,0,1.79769313486232e+308,1.79769313486232e+308,1.79769313486232e+308
28,"8/05/95",1,2120231,7,1,1,16,2000,250,2,0,1.79769313486232e+308,1.79769313486232e+308,1.79769313486232e+308
13,"6/19/99",1,2120241,2,1,1,15,0,0,50,0,1.79769313486232e+308,1.79769313486232e+308,1.79769313486232e+308
1.79769313486232e+308,".",1.79769313486232e+308,2120241,4,1,2,1.79769313486232e+308,1.79769313486232e+308,1.79769313486232e+308,1.79769313486232e+308,1.79769313486232e+308,1.79769313486232e+308,1.79769313486232e+308,1.79769313486232e+308
19,"6/19/99",1,2120251,6,1,1,15,30000,10000,60,2,1.79769313486232e+308,1.79769313486232e+308,1.79769313486232e+308
20,"6/19/99",1,2120251,8,1,1,15,1500,0,5,0,1.79769313486232e+308,1.79769313486232e+308,1.79769313486232e+308
29,"8/05/95",1,2120331,2,2,1,16,500,0,0.5,0,1.79769313486232e+308,1.79769313486232e+308,1.79769313486232e+308
14,"6/19/99",1,2120341,2,1,1,16,2500,0,10,0,1.79769313486232e+308,1.79769313486232e+308,1.79769313486232e+308
15,"6/19/99",1,2120342,2,1,1,15,6500,0,40,6,1.79769313486232e+308,1.79769313486232e+308,1.79769313486232e+308
21,"6/19/99",1,2120351,3,1,2,1.79769313486232e+308,1.79769313486232e+308,1.79769313486232e+308,1.79769313486232e+308,1.79769313486232e+308,1.79769313486232e+308,1.79769313486232e+308,1.79769313486232e+308
22,"6/19/99",1,2120351,5,1,1,16,3000,0,3,0,2,1996,4
23,"6/19/99",1,2120352,2,1,1,15,6500,0,4,0,1.79769313486232e+308,1.79769313486232e+308,1.79769313486232e+308
30,"8/05/95",1,2120431,2,2,1,16,2000,0,0,0,1.79769313486232e+308,1.79769313486232e+308,1.79769313486232e+308
31,"8/05/95",1,2120431,3,2,1,15,0,0,0.5,0,1,1983,10
32,"8/05/95",1,2120431,4,2,1,15,5000,0,3,12,2,1998,4
16,"6/19/99",1,2120441,4,5,2,1.79769313486232e+308,1.79769313486232e+308,1.79769313486232e+308,1.79769313486232e+308,1.79769313486232e+308,1.79769313486232e+308,1.79769313486232e+308,1.79769313486232e+308
24,"6/19/99",1,2120459,4,1,1,16,1000,0,1,0,1.79769313486232e+308,1.79769313486232e+308,1.79769313486232e+308
25,"6/19/99",1,2120459,5,1,2,1.79769313486232e+308,1.79769313486232e+308,1.79769313486232e+308,1.79769313486232e+308,1.79769313486232e+308,1.79769313486232e+308,1.79769313486232e+308,1.79769313486232e+308
33,"8/05/95",1,2120531,2,1,1,16,0,0,25,0,1.79769313486232e+308,1.79769313486232e+308,1.79769313486232e+308
17,"6/19/99",1,2120541,1,1,1,15,0,2000,8,6,1,1989,9
34,"8/05/95",1,2120631,2,1,1,15,6000,0,12,12,1.79769313486232e+308,1.79769313486232e+308,1.79769313486232e+308
35,"8/05/95",1,2120731,2,1,1,15,5000,400,4.5,0,1.79769313486232e+308,1.79769313486232e+308,1.79769313486232e+308
36,"8/05/95",1,2120831,2,2,1,15,0,0,12,0,1.79769313486232e+308,1.79769313486232e+308,1.79769313486232e+308
37,"8/05/95",1,2120931,1.79769313486232e+308,1.79769313486232e+308,1.79769313486232e+308,1.79769313486232e+308,1.79769313486232e+308,1.79769313486232e+308,1.79769313486232e+308,1.79769313486232e+308,1.79769313486232e+308,1.79769313486232e+308,1.79769313486232e+308
38,"8/05/95",1,2120932,2,2,1,15,5000,0,0.5,0,1.79769313486232e+308,1.79769313486232e+308,1.79769313486232e+308
39,"8/05/95",1,2120933,2,2,1,18,6500,0,4,3,1.79769313486232e+308,1.79769313486232e+308,1.79769313486232e+308
40,"8/05/95",1,2121031,2,1,1,15,0,0,6,6,1.79769313486232e+308,1.79769313486232e+308,1.79769313486232e+308
41,"8/05/95",1,2121131,2,1,1,15,800,0,3,6,1.79769313486232e+308,1.79769313486232e+308,1.79769313486232e+308
42,"8/05/95",1,2121231,2,1,1,15,0,0,3,0,1.79769313486232e+308,1.79769313486232e+308,1.79769313486232e+308
43,"8/05/95",1,2121232,2,1,1,17,9000,0,5,0,1.79769313486232e+308,1.79769313486232e+308,1.79769313486232e+308
44,"8/05/95",1,2121339,2,2,1,15,2000,0,4,8,1.79769313486232e+308,1.79769313486232e+308,1.79769313486232e+308
1,"7/29/95",1,2121439,3,2,2,1.79769313486232e+308,1.79769313486232e+308,1.79769313486232e+308,1.79769313486232e+308,1.79769313486232e+308,1.79769313486232e+308,1.79769313486232e+308,1.79769313486232e+308
2,"6/19/99",1,2121439,4,2,2,1.79769313486232e+308,1.79769313486232e+308,1.79769313486232e+308,1.79769313486232e+308,1.79769313486232e+308,1.79769313486232e+308,1.79769313486232e+308,1.79769313486232e+308
3,"6/19/99",1,2121539,1,1,1,16,0,0,0.100000001490116,0,1,1996,12
4,"6/19/99",1,2121539,2,1,2,1.79769313486232e+308,1.79769313486232e+308,1.79769313486232e+308,1.79769313486232e+308,1.79769313486232e+308,1.79769313486232e+308,1.79769313486232e+308,1.79769313486232e+308
5,"6/19/99",1,2121539,3,1,2,1.79769313486232e+308,1.79769313486232e+308,1.79769313486232e+308,1.79769313486232e+308,1.79769313486232e+308,1.79769313486232e+308,1.79769313486232e+308,1.79769313486232e+308
6,"6/19/99",1,2121639,2,1,1,15,0,0,3,0,1.79769313486232e+308,1.79769313486232e+308,1.79769313486232e+308
7,"6/19/99",1,2121639,4,1,1,15,2000,0,2,0,2,1999,4
8,"6/19/99",1,2121739,2,2,1,15,0,0,50,0,1.79769313486232e+308,1.79769313486232e+308,1.79769313486232e+308
9,"6/19/99",1,2121839,2,2,1,15,0,0,50,0,1.79769313486232e+308,1.79769313486232e+308,1.79769313486232e+308
114,"8/30/99",1,2130131,3,2,1,17,1000,0,8,12,1.79769313486232e+308,1.79769313486232e+308,1.79769313486232e+308
143,"8/30/99",1,2130141,2,1,1,16,5000,0,30,0,1.79769313486232e+308,1.79769313486232e+308,1.79769313486232e+308
150,"8/30/99",1,2130151,2,1,1,22,0,0,45,12,1.79769313486232e+308,1.79769313486232e+308,1.79769313486232e+308
115,"8/30/99",1,2130231,3,1,2,1.79769313486232e+308,1.79769313486232e+308,1.79769313486232e+308,1.79769313486232e+308,1.79769313486232e+308,1.79769313486232e+308,1.79769313486232e+308,1.79769313486232e+308
144,"8/30/99",1,2130241,1.79769313486232e+308,1.79769313486232e+308,1.79769313486232e+308,1.79769313486232e+308,1.79769313486232e+308,1.79769313486232e+308,1.79769313486232e+308,1.79769313486232e+308,1.79769313486232e+308,1.79769313486232e+308,1.79769313486232e+308
145,"8/30/99",1,2130242,2,2,1,13,100,0,0.25,0,1.79769313486232e+308,1.79769313486232e+308,1.79769313486232e+308
116,"8/30/99",1,2130331,2,2,1,15,0,0,0.400000005960464,0,1.79769313486232e+308,1.79769313486232e+308,1.79769313486232e+308
146,"8/30/99",1,2130341,2,1,1,20,0,0,15,0,1.79769313486232e+308,1.79769313486232e+308,1.79769313486232e+308
147,"8/30/99",1,2130341,4,1,2,1.79769313486232e+308,1.79769313486232e+308,1.79769313486232e+308,1.79769313486232e+308,1.79769313486232e+308,1.79769313486232e+308,1.79769313486232e+308,1.79769313486232e+308
151,"8/30/99",1,2130351,1.79769313486232e+308,1.79769313486232e+308,1.79769313486232e+308,1.79769313486232e+308,1.79769313486232e+308,1.79769313486232e+308,1.79769313486232e+308,1.79769313486232e+308,1.79769313486232e+308,1.79769313486232e+308,1.79769313486232e+308
117,"8/30/99",1,2130431,2,2,1,12,0,12,15,12,1.79769313486232e+308,1.79769313486232e+308,1.79769313486232e+308
118,"8/30/99",1,2130432,2,2,1,15,1300,0,0.25,0,1.79769313486232e+308,1.79769313486232e+308,1.79769313486232e+308
148,"8/30/99",1,2130441,2,1,1,14,0,0,0.25,0,1.79769313486232e+308,1.79769313486232e+308,1.79769313486232e+308
152,"8/30/99",1,2130459,2,1,1,17,0,0,1.5,0,1.79769313486232e+308,1.79769313486232e+308,1.79769313486232e+308
153,"8/30/99",1,2130459,4,1,2,1.79769313486232e+308,1.79769313486232e+308,1.79769313486232e+308,1.79769313486232e+308,1.79769313486232e+308,1.79769313486232e+308,1.79769313486232e+308,1.79769313486232e+308
119,"8/30/99",1,2130531,2,1,1,15,0,0,4.5,12,1.79769313486232e+308,1.79769313486232e+308,1.79769313486232e+308
120,"8/30/99",1,2130531,3,1,1,15,0,0,5,0,1.79769313486232e+308,1.79769313486232e+308,1.79769313486232e+308
149,"8/30/99",1,2130541,2,2,1,16,2000,0,1,0,1.79769313486232e+308,1.79769313486232e+308,1.79769313486232e+308
121,"8/30/99",1,2130631,1.79769313486232e+308,1.79769313486232e+308,1.79769313486232e+308,1.79769313486232e+308,1.79769313486232e+308,1.79769313486232e+308,1.79769313486232e+308,1.79769313486232e+308,1.79769313486232e+308,1.79769313486232e+308,1.79769313486232e+308
122,"8/30/99",1,2130731,2,1,1,16,3000,500,10,0,1.79769313486232e+308,1.79769313486232e+308,1.79769313486232e+308
123,"8/30/99",1,2130831,2,1,1,15,800,0,0.200000002980232,0,1.79769313486232e+308,1.79769313486232e+308,1.79769313486232e+308
124,"8/30/99",1,2130832,2,1,1,16,20000,0,30,0,1.79769313486232e+308,1.79769313486232e+308,1.79769313486232e+308
125,"8/30/99",1,2130931,1.79769313486232e+308,1.79769313486232e+308,1.79769313486232e+308,1.79769313486232e+308,1.79769313486232e+308,1.79769313486232e+308,1.79769313486232e+308,1.79769313486232e+308,1.79769313486232e+308,1.79769313486232e+308,1.79769313486232e+308
126,"8/30/99",1,2130932,2,1,1,15,1500,0,6,0,1.79769313486232e+308,1.79769313486232e+308,1.79769313486232e+308
127,"8/30/99",1,2130933,2,2,1,14,0,0,1,0,1.79769313486232e+308,1.79769313486232e+308,1.79769313486232e+308
128,"8/30/99",1,2130934,2,2,1,12,5000,0,2,15,1.79769313486232e+308,1.79769313486232e+308,1.79769313486232e+308
129,"8/30/99",1,2131031,2,2,1,18,1800,1500,0.5,0,1.79769313486232e+308,1.79769313486232e+308,1.79769313486232e+308
130,"8/30/99",1,2131131,1.79769313486232e+308,1.79769313486232e+308,1.79769313486232e+308,1.79769313486232e+308,1.79769313486232e+308,1.79769313486232e+308,1.79769313486232e+308,1.79769313486232e+308,1.79769313486232e+308,1.79769313486232e+308,1.79769313486232e+308
131,"8/30/99",1,2131132,2,1,1,16,11500,0,4.5,0,1.79769313486232e+308,1.79769313486232e+308,1.79769313486232e+308
132,"8/30/99",1,2131231,5,1,1,16,0,0,6,0,1.79769313486232e+308,1.79769313486232e+308,1.79769313486232e+308
133,"8/30/99",1,2131339,2,2,1,16,0,0,4.5,5,1.79769313486232e+308,1.79769313486232e+308,1.79769313486232e+308
134,"8/30/99",1,2131439,2,1,1,15,0,0,0,1,1.79769313486232e+308,1.79769313486232e+308,1.79769313486232e+308
135,"8/30/99",1,2131539,2,2,1,14,4000,0,1,12,1.79769313486232e+308,1.79769313486232e+308,1.79769313486232e+308
136,"8/30/99",1,2131639,2,1,1,15,0,125,0.5,0,1.79769313486232e+308,1.79769313486232e+308,1.79769313486232e+308
137,"8/30/99",1,2131739,2,2,1,16,2000,0,1,0,1.79769313486232e+308,1.79769313486232e+308,1.79769313486232e+308
138,"8/30/99",1,2131839,2,2,1,14,500,0,4,0,1.79769313486232e+308,1.79769313486232e+308,1.79769313486232e+308
139,"8/30/99",1,2131939,2,2,1,15,1500,0,0.200000002980232,5,1.79769313486232e+308,1.79769313486232e+308,1.79769313486232e+308
140,"8/30/99",1,2132039,2,2,1,14,0,0,0.0500000007450581,0,1.79769313486232e+308,1.79769313486232e+308,1.79769313486232e+308
141,"8/30/99",1,2132139,2,2,1,15,0,0,2,0,1.79769313486232e+308,1.79769313486232e+308,1.79769313486232e+308
142,"8/30/99",1,2132139,4,2,1,14,800,0,2,3,1.79769313486232e+308,1.79769313486232e+308,1.79769313486232e+308
74,"8/10/99",1,2210131,2,2,1,14,3000,0,6,0,1.79769313486232e+308,1.79769313486232e+308,1.79769313486232e+308
1.79769313486232e+308,".",1.79769313486232e+308,2210131,4,1.79769313486232e+308,2,1.79769313486232e+308,1.79769313486232e+308,1.79769313486232e+308,1.79769313486232e+308,1.79769313486232e+308,1.79769313486232e+308,1.79769313486232e+308,1.79769313486232e+308
102,"8/10/99",1,2210141,2,2,1,14,6000,0,9,0,1.79769313486232e+308,1.79769313486232e+308,1.79769313486232e+308
103,"8/10/99",1,2210141,10,10,1,18,12000,0,11,0,1.79769313486232e+308,1.79769313486232e+308,1.79769313486232e+308
112,"8/10/99",1,2210151,7,2,1,16,6000,0,12,0,1.79769313486232e+308,1.79769313486232e+308,1.79769313486232e+308
75,"8/10/99",1,2210231,2,1,1,15,500,0,5,0,1.79769313486232e+308,1.79769313486232e+308,1.79769313486232e+308
1.79769313486232e+308,".",1.79769313486232e+308,2210231,4,1.79769313486232e+308,2,1.79769313486232e+308,1.79769313486232e+308,1.79769313486232e+308,1.79769313486232e+308,1.79769313486232e+308,1.79769313486232e+308,1.79769313486232e+308,1.79769313486232e+308
104,"8/10/99",1,2210241,2,2,1,12,2000,0,12,0,2,1990,2
113,"8/10/99",1,2210251,1.79769313486232e+308,1.79769313486232e+308,1.79769313486232e+308,1.79769313486232e+308,1.79769313486232e+308,1.79769313486232e+308,1.79769313486232e+308,1.79769313486232e+308,1.79769313486232e+308,1.79769313486232e+308,1.79769313486232e+308
114,"8/10/99",1,2210252,2,2,1,14,6000,0,12,0,1.79769313486232e+308,1.79769313486232e+308,1.79769313486232e+308
115,"8/10/99",1,2210253,2,2,1,16,5000,0,11,0,1.79769313486232e+308,1.79769313486232e+308,1.79769313486232e+308
76,"8/10/99",1,2210331,2,2,1,14,300,0,7,0,1.79769313486232e+308,1.79769313486232e+308,1.79769313486232e+308
1.79769313486232e+308,".",1.79769313486232e+308,2210331,4,1.79769313486232e+308,2,1.79769313486232e+308,1.79769313486232e+308,1.79769313486232e+308,1.79769313486232e+308,1.79769313486232e+308,1.79769313486232e+308,1.79769313486232e+308,1.79769313486232e+308
105,"8/10/99",1,2210341,2,2,1,15,0,0,16,0,1.79769313486232e+308,1.79769313486232e+308,1.79769313486232e+308
1.79769313486232e+308,".",1.79769313486232e+308,2210341,3,1.79769313486232e+308,2,1.79769313486232e+308,1.79769313486232e+308,1.79769313486232e+308,1.79769313486232e+308,1.79769313486232e+308,1.79769313486232e+308,1.79769313486232e+308,1.79769313486232e+308
116,"8/10/99",1,2210351,4,4,1,15,0,0,5,0,1.79769313486232e+308,1.79769313486232e+308,1.79769313486232e+308
77,"8/10/99",1,2210431,2,1,1,15,0,0,8,0,1.79769313486232e+308,1.79769313486232e+308,1.79769313486232e+308
106,"8/10/99",1,2210441,2,1,1,15,6000,0,9,0,1.79769313486232e+308,1.79769313486232e+308,1.79769313486232e+308
1.79769313486232e+308,".",1.79769313486232e+308,2210441,4,1.79769313486232e+308,2,1.79769313486232e+308,1.79769313486232e+308,1.79769313486232e+308,1.79769313486232e+308,1.79769313486232e+308,1.79769313486232e+308,1.79769313486232e+308,1.79769313486232e+308
117,"8/10/99",1,2210459,2,2,1,15,7000,0,13,36,1.79769313486232e+308,1.79769313486232e+308,1.79769313486232e+308
78,"8/10/99",1,2210531,2,1,1,14,0,0,1,0,1,1994,7
1.79769313486232e+308,".",1.79769313486232e+308,2210531,4,1.79769313486232e+308,2,1.79769313486232e+308,1.79769313486232e+308,1.79769313486232e+308,1.79769313486232e+308,1.79769313486232e+308,1.79769313486232e+308,1.79769313486232e+308,1.79769313486232e+308
107,"8/10/99",1,2210541,1.79769313486232e+308,1.79769313486232e+308,1.79769313486232e+308,1.79769313486232e+308,1.79769313486232e+308,1.79769313486232e+308,1.79769313486232e+308,1.79769313486232e+308,1.79769313486232e+308,1.79769313486232e+308,1.79769313486232e+308
108,"8/10/99",1,2210542,2,2,1,16,5000,0,17,0,1.79769313486232e+308,1.79769313486232e+308,1.79769313486232e+308
109,"8/10/99",1,2210543,2,2,1,16,6000,0,14,0,1.79769313486232e+308,1.79769313486232e+308,1.79769313486232e+308
79,"8/10/99",1,2210631,2,2,1,14,400,0,6,0,1.79769313486232e+308,1.79769313486232e+308,1.79769313486232e+308
110,"8/10/99",1,2210641,2,1,1,15,2000,0,0.5,0,1.79769313486232e+308,1.79769313486232e+308,1.79769313486232e+308
111,"8/10/99",1,2210641,5,5,2,1.79769313486232e+308,1.79769313486232e+308,1.79769313486232e+308,1.79769313486232e+308,1.79769313486232e+308,1.79769313486232e+308,1.79769313486232e+308,1.79769313486232e+308
80,"8/10/99",1,2210731,2,1,1,13,0,0,15,0,1.79769313486232e+308,1.79769313486232e+308,1.79769313486232e+308
81,"8/10/99",1,2210731,4,4,2,1.79769313486232e+308,1.79769313486232e+308,1.79769313486232e+308,1.79769313486232e+308,1.79769313486232e+308,1.79769313486232e+308,1.79769313486232e+308,1.79769313486232e+308
82,"8/10/99",1,2210831,2,2,1,13,0,0,10,24,1.79769313486232e+308,1.79769313486232e+308,1.79769313486232e+308
83,"8/10/99",1,2210931,2,1,1,21,1000,0,1,0,1.79769313486232e+308,1.79769313486232e+308,1.79769313486232e+308
84,"8/10/99",1,2211031,2,1,1,15,3000,0,6,0,1.79769313486232e+308,1.79769313486232e+308,1.79769313486232e+308
85,"8/10/99",1,2211131,2,2,1,15,700,0,8,48,1.79769313486232e+308,1.79769313486232e+308,1.79769313486232e+308
86,"8/10/99",1,2211131,9,9,1,16,5000,0,11,0,1.79769313486232e+308,1.79769313486232e+308,1.79769313486232e+308
87,"8/10/99",1,2211231,5,1,1,16,4000,0,8,0,1.79769313486232e+308,1.79769313486232e+308,1.79769313486232e+308
88,"8/10/99",1,2211331,2,2,1,16,5000,0,0.5,0,1.79769313486232e+308,1.79769313486232e+308,1.79769313486232e+308
1.79769313486232e+308,".",1.79769313486232e+308,2211331,4,1.79769313486232e+308,2,1.79769313486232e+308,1.79769313486232e+308,1.79769313486232e+308,1.79769313486232e+308,1.79769313486232e+308,1.79769313486232e+308,1.79769313486232e+308,1.79769313486232e+308
89,"8/10/99",1,2211431,2,2,1,15,5000,0,9,0,1.79769313486232e+308,1.79769313486232e+308,1.79769313486232e+308
1.79769313486232e+308,".",1.79769313486232e+308,2211431,4,1.79769313486232e+308,2,1.79769313486232e+308,1.79769313486232e+308,1.79769313486232e+308,1.79769313486232e+308,1.79769313486232e+308,1.79769313486232e+308,1.79769313486232e+308,1.79769313486232e+308
90,"8/10/99",1,2211539,2,1,1,14,5000,0,13,0,1.79769313486232e+308,1.79769313486232e+308,1.79769313486232e+308
91,"8/10/99",1,2211639,2,2,1,15,0,0,12,48,1.79769313486232e+308,1.79769313486232e+308,1.79769313486232e+308
92,"8/10/99",1,2211739,2,2,1,15,0,0,6,0,1.79769313486232e+308,1.79769313486232e+308,1.79769313486232e+308
1.79769313486232e+308,".",1.79769313486232e+308,2211739,4,1.79769313486232e+308,2,1.79769313486232e+308,1.79769313486232e+308,1.79769313486232e+308,1.79769313486232e+308,1.79769313486232e+308,1.79769313486232e+308,1.79769313486232e+308,1.79769313486232e+308
93,"8/10/99",1,2211839,2,2,1,15,3000,0,12,0,1.79769313486232e+308,1.79769313486232e+308,1.79769313486232e+308
94,"8/10/99",1,2211939,2,1,1,14,6000,0,9,0,1.79769313486232e+308,1.79769313486232e+308,1.79769313486232e+308
95,"8/10/99",1,2212039,2,1,1,15,4000,0,9,0,1.79769313486232e+308,1.79769313486232e+308,1.79769313486232e+308
96,"8/10/99",1,2212139,2,1,1,14,3000,0,13,0,1.79769313486232e+308,1.79769313486232e+308,1.79769313486232e+308
97,"8/10/99",1,2212239,2,2,1,15,0,0,6,0,1.79769313486232e+308,1.79769313486232e+308,1.79769313486232e+308
98,"8/10/99",1,2212339,2,1,1,14,0,0,13,0,1.79769313486232e+308,1.79769313486232e+308,1.79769313486232e+308
99,"8/10/99",1,2212439,2,1,1,16,700,0,11,0,1.79769313486232e+308,1.79769313486232e+308,1.79769313486232e+308
100,"8/10/99",1,2212539,2,1,1,17,6000,0,13,0,1.79769313486232e+308,1.79769313486232e+308,1.79769313486232e+308
101,"8/10/99",1,2212639,2,2,1,16,0,0,11,0,1.79769313486232e+308,1.79769313486232e+308,1.79769313486232e+308
1,"9/04/99",1,2220131,2,2,1,14,2500,0,8,0,1.79769313486232e+308,1.79769313486232e+308,1.79769313486232e+308
32,"9/04/99",1,2220141,2,2,1,15,0,0,1.5,0,1.79769313486232e+308,1.79769313486232e+308,1.79769313486232e+308
39,"9/04/99",1,2220151,9,15,1,16,0,0,2,0,1.79769313486232e+308,1.79769313486232e+308,1.79769313486232e+308
40,"9/04/99",1,2220151,16,15,2,1.79769313486232e+308,1.79769313486232e+308,1.79769313486232e+308,1.79769313486232e+308,1.79769313486232e+308,1.79769313486232e+308,1.79769313486232e+308,1.79769313486232e+308
41,"9/04/99",1,2220152,2,1,1,15,1100,0,8,0,1.79769313486232e+308,1.79769313486232e+308,1.79769313486232e+308
42,"9/04/99",1,2220153,2,2,1,14,5000,0,20,0,1.79769313486232e+308,1.79769313486232e+308,1.79769313486232e+308
43,"9/04/99",1,2220154,2,2,1,16,0,0,1,0,1.79769313486232e+308,1.79769313486232e+308,1.79769313486232e+308
2,"9/04/99",1,2220231,1.79769313486232e+308,1.79769313486232e+308,1.79769313486232e+308,1.79769313486232e+308,1.79769313486232e+308,1.79769313486232e+308,1.79769313486232e+308,1.79769313486232e+308,1.79769313486232e+308,1.79769313486232e+308,1.79769313486232e+308
3,"9/04/99",1,2220232,2,2,1,18,5000,0,4,0,1.79769313486232e+308,1.79769313486232e+308,1.79769313486232e+308
4,"9/04/99",1,2220233,2,2,1,15,6000,0,7,0,1.79769313486232e+308,1.79769313486232e+308,1.79769313486232e+308
33,"9/04/99",1,2220241,2,2,1,16,3000,0,8,32,1.79769313486232e+308,1.79769313486232e+308,1.79769313486232e+308
44,"9/04/99",1,2220251,2,2,1,16,0,0,0.0500000007450581,0,1.79769313486232e+308,1.79769313486232e+308,1.79769313486232e+308
45,"9/04/99",1,2220251,4,2,2,1.79769313486232e+308,1.79769313486232e+308,1.79769313486232e+308,1.79769313486232e+308,1.79769313486232e+308,1.79769313486232e+308,1.79769313486232e+308,1.79769313486232e+308
46,"9/04/99",1,2220251,5,2,2,1.79769313486232e+308,1.79769313486232e+308,1.79769313486232e+308,1.79769313486232e+308,1.79769313486232e+308,1.79769313486232e+308,1.79769313486232e+308,1.79769313486232e+308
34,"9/04/99",1,2220341,1,1,1,7,0,0,9,0,1,1988,1
48,"9/04/99",1,2220351,3,6,2,1.79769313486232e+308,1.79769313486232e+308,1.79769313486232e+308,1.79769313486232e+308,1.79769313486232e+308,1.79769313486232e+308,1.79769313486232e+308,1.79769313486232e+308
47,"9/04/99",1,2220351,6,6,1,15,20000,0,3,0,1.79769313486232e+308,1.79769313486232e+308,1.79769313486232e+308
5,"9/04/99",1,2220431,3,3,1,14,0,0,2,0,1.79769313486232e+308,1.79769313486232e+308,1.79769313486232e+308
6,"9/04/99",1,2220431,6,6,2,1.79769313486232e+308,1.79769313486232e+308,1.79769313486232e+308,1.79769313486232e+308,1.79769313486232e+308,1.79769313486232e+308,1.79769313486232e+308,1.79769313486232e+308
1.79769313486232e+308,"10/18/99",1,2220431,7,7,2,1.79769313486232e+308,1.79769313486232e+308,1.79769313486232e+308,1.79769313486232e+308,1.79769313486232e+308,1.79769313486232e+308,1.79769313486232e+308,1.79769313486232e+308
35,"9/04/99",1,2220441,1.79769313486232e+308,1.79769313486232e+308,1.79769313486232e+308,1.79769313486232e+308,1.79769313486232e+308,1.79769313486232e+308,1.79769313486232e+308,1.79769313486232e+308,1.79769313486232e+308,1.79769313486232e+308,1.79769313486232e+308
36,"9/04/99",1,2220442,2,2,1,18,2000,0,80,0,1.79769313486232e+308,1.79769313486232e+308,1.79769313486232e+308
49,"9/04/99",1,2220459,2,1,1,16,0,0,7,0,1.79769313486232e+308,1.79769313486232e+308,1.79769313486232e+308
50,"9/04/99",1,2220459,3,3,1,16,0,0,0,0,2,1994,8
7,"9/04/99",1,2220531,1.79769313486232e+308,1.79769313486232e+308,1.79769313486232e+308,1.79769313486232e+308,1.79769313486232e+308,1.79769313486232e+308,1.79769313486232e+308,1.79769313486232e+308,1.79769313486232e+308,1.79769313486232e+308,1.79769313486232e+308
8,"9/04/99",1,2220532,2,2,1,17,0,0,5,0,1.79769313486232e+308,1.79769313486232e+308,1.79769313486232e+308
9,"9/04/99",1,2220533,2,2,1,15,2000,0,22,0,1.79769313486232e+308,1.79769313486232e+308,1.79769313486232e+308
10,"9/04/99",1,2220631,1.79769313486232e+308,1.79769313486232e+308,1.79769313486232e+308,1.79769313486232e+308,1.79769313486232e+308,1.79769313486232e+308,1.79769313486232e+308,1.79769313486232e+308,1.79769313486232e+308,1.79769313486232e+308,1.79769313486232e+308
37,"9/04/99",1,2220641,2,2,1,14,1000,0,16,0,1.79769313486232e+308,1.79769313486232e+308,1.79769313486232e+308
38,"9/04/99",1,2220641,3,2,2,1.79769313486232e+308,1.79769313486232e+308,1.79769313486232e+308,1.79769313486232e+308,1.79769313486232e+308,1.79769313486232e+308,1.79769313486232e+308,1.79769313486232e+308
12,"9/04/99",1,2220731,7,1,2,1.79769313486232e+308,1.79769313486232e+308,1.79769313486232e+308,1.79769313486232e+308,1.79769313486232e+308,1.79769313486232e+308,1.79769313486232e+308,1.79769313486232e+308
13,"9/04/99",1,2220831,5,5,1,19,0,0,2,0,1.79769313486232e+308,1.79769313486232e+308,1.79769313486232e+308
14,"9/04/99",1,2220931,2,2,1,13,5000,0,12,0,1.79769313486232e+308,1.79769313486232e+308,1.79769313486232e+308
15,"9/04/99",1,2221031,1,1,1,15,8000,0,7,0,1.79769313486232e+308,1.79769313486232e+308,1.79769313486232e+308
16,"9/04/99",1,2221131,3,3,1,19,2000,0,8,60,1.79769313486232e+308,1.79769313486232e+308,1.79769313486232e+308
17,"9/04/99",1,2221231,2,2,1,16,0,0,9,0,1.79769313486232e+308,1.79769313486232e+308,1.79769313486232e+308
18,"9/04/99",1,2221331,2,2,1,15,0,0,6,0,1.79769313486232e+308,1.79769313486232e+308,1.79769313486232e+308
19,"9/04/99",1,2221431,2,2,1,15,2000,0,7,0,1.79769313486232e+308,1.79769313486232e+308,1.79769313486232e+308
20,"9/04/99",1,2221539,1,1,1,15,4000,0,4,0,1,1994,11
21,"9/04/99",1,2221639,4,2,1,15,10000,0,6,0,1.79769313486232e+308,1.79769313486232e+308,1.79769313486232e+308
22,"9/04/99",1,2221739,2,2,1,15,8000,0,7,0,1.79769313486232e+308,1.79769313486232e+308,1.79769313486232e+308
23,"9/04/99",1,2221839,4,4,1,15,10000,0,0,0,1.79769313486232e+308,1.79769313486232e+308,1.79769313486232e+308
24,"9/04/99",1,2221839,5,4,2,1.79769313486232e+308,1.79769313486232e+308,1.79769313486232e+308,1.79769313486232e+308,1.79769313486232e+308,1.79769313486232e+308,1.79769313486232e+308,1.79769313486232e+308
25,"9/04/99",1,2221839,6,4,2,1.79769313486232e+308,1.79769313486232e+308,1.79769313486232e+308,1.79769313486232e+308,1.79769313486232e+308,1.79769313486232e+308,1.79769313486232e+308,1.79769313486232e+308
26,"9/04/99",1,2221939,1,1,1,17,0,0,1,0,2,1992,7
27,"9/04/99",1,2222039,2,1,1,15,0,0,13,0,1.79769313486232e+308,1.79769313486232e+308,1.79769313486232e+308
1.79769313486232e+308,"10/18/99",1,2222039,3,1,2,1.79769313486232e+308,1.79769313486232e+308,1.79769313486232e+308,1.79769313486232e+308,1.79769313486232e+308,1.79769313486232e+308,1.79769313486232e+308,1.79769313486232e+308
28,"9/04/99",1,2222139,1,1.79769313486232e+308,1,15,6000,0,7,0,1,1994,8
1.79769313486232e+308,"10/18/99",1,2222139,2,1,2,1.79769313486232e+308,1.79769313486232e+308,1.79769313486232e+308,1.79769313486232e+308,1.79769313486232e+308,1.79769313486232e+308,1.79769313486232e+308,1.79769313486232e+308
29,"9/04/99",1,2222239,2,2,1,14,3000,0,7,0,1.79769313486232e+308,1.79769313486232e+308,1.79769313486232e+308
30,"9/04/99",1,2222339,2,2,1,15,0,0,4,0,1.79769313486232e+308,1.79769313486232e+308,1.79769313486232e+308
31,"9/04/99",1,2222439,2,2,1,16,7000,0,4,0,1.79769313486232e+308,1.79769313486232e+308,1.79769313486232e+308
203,"6/17/99",1,2230131,2,1,1,14,250,0,2,0,1.79769313486232e+308,1.79769313486232e+308,1.79769313486232e+308
204,"6/23/99",1,2230132,2,1,1,12,0,0,1.5,0,1.79769313486232e+308,1.79769313486232e+308,1.79769313486232e+308
238,"6/23/99",1,2230141,2,1,1,14,2000,0,5,0,1.79769313486232e+308,1.79769313486232e+308,1.79769313486232e+308
248,"6/23/99",1,2230151,2,1,1,14,0,0,1,0,1.79769313486232e+308,1.79769313486232e+308,1.79769313486232e+308
249,"6/23/99",1,2230151,3,1,2,1.79769313486232e+308,1.79769313486232e+308,1.79769313486232e+308,1.79769313486232e+308,1.79769313486232e+308,1.79769313486232e+308,1.79769313486232e+308,1.79769313486232e+308
205,"6/23/99",1,2230231,2,1,1,14,0,0,4,2,1.79769313486232e+308,1.79769313486232e+308,1.79769313486232e+308
206,"6/23/99",1,2230231,6,1,1,14,6000,0,0,0,1.79769313486232e+308,1.79769313486232e+308,1.79769313486232e+308
207,"6/23/99",1,2230232,2,1,1,16,2500,0,3,3,1.79769313486232e+308,1.79769313486232e+308,1.79769313486232e+308
239,"6/23/99",1,2230241,2,1,1,15,1000,0,1,0,1.79769313486232e+308,1.79769313486232e+308,1.79769313486232e+308
240,"6/23/99",1,2230241,3,1,2,1.79769313486232e+308,1.79769313486232e+308,1.79769313486232e+308,1.79769313486232e+308,1.79769313486232e+308,1.79769313486232e+308,1.79769313486232e+308,1.79769313486232e+308
250,"6/23/99",1,2230251,2,1,1,17,0,0,0.5,0,1.79769313486232e+308,1.79769313486232e+308,1.79769313486232e+308
1.79769313486232e+308,"",1.79769313486232e+308,2230251,4,1,2,1.79769313486232e+308,1.79769313486232e+308,1.79769313486232e+308,1.79769313486232e+308,1.79769313486232e+308,1.79769313486232e+308,1.79769313486232e+308,1.79769313486232e+308
1.79769313486232e+308,"",1.79769313486232e+308,2230251,5,1,2,1.79769313486232e+308,1.79769313486232e+308,1.79769313486232e+308,1.79769313486232e+308,1.79769313486232e+308,1.79769313486232e+308,1.79769313486232e+308,1.79769313486232e+308
208,"6/23/99",1,2230331,2,1,1,15,0,0,0,9,1.79769313486232e+308,1.79769313486232e+308,1.79769313486232e+308
1.79769313486232e+308,"",1.79769313486232e+308,2230331,4,1,2,1.79769313486232e+308,1.79769313486232e+308,1.79769313486232e+308,1.79769313486232e+308,1.79769313486232e+308,1.79769313486232e+308,1.79769313486232e+308,1.79769313486232e+308
242,"6/23/99",1,2230341,5,1,2,1.79769313486232e+308,1.79769313486232e+308,1.79769313486232e+308,1.79769313486232e+308,1.79769313486232e+308,1.79769313486232e+308,1.79769313486232e+308,1.79769313486232e+308
241,"6/23/99",1,2230341,8,1,1,15,5000,0,2,0,1.79769313486232e+308,1.79769313486232e+308,1.79769313486232e+308
251,"6/23/99",1,2230351,2,1,1,14,0,0,1,0,1.79769313486232e+308,1.79769313486232e+308,1.79769313486232e+308
209,"6/23/99",1,2230431,2,1,1,15,0,0,8,1,1.79769313486232e+308,1.79769313486232e+308,1.79769313486232e+308
210,"6/23/99",1,2230432,2,1,1,16,3500,0,5,0,1.79769313486232e+308,1.79769313486232e+308,1.79769313486232e+308
243,"6/23/99",1,2230441,2,2,1,14,5000,0,1,0,1.79769313486232e+308,1.79769313486232e+308,1.79769313486232e+308
244,"6/23/99",1,2230441,4,2,1,16,4000,0,1,0,2,1998,12
252,"6/23/99",1,2230459,2,1,1,13,0,0,6,0,1.79769313486232e+308,1.79769313486232e+308,1.79769313486232e+308
211,"6/23/99",1,2230531,2,1,1,12,0,0,1,0,1.79769313486232e+308,1.79769313486232e+308,1.79769313486232e+308
212,"6/23/99",1,2230531,5,1,1,15,5000,0,3,0,2,1992,11
213,"6/23/99",1,2230531,6,1,1,16,15000,0,4,0,1.79769313486232e+308,1.79769313486232e+308,1.79769313486232e+308
245,"6/23/99",1,2230541,4,4,1,15,0,0,3,0,1.79769313486232e+308,1.79769313486232e+308,1.79769313486232e+308
246,"6/23/99",1,2230541,9,1,2,1.79769313486232e+308,1.79769313486232e+308,1.79769313486232e+308,1.79769313486232e+308,1.79769313486232e+308,1.79769313486232e+308,1.79769313486232e+308,1.79769313486232e+308
214,"6/23/99",1,2230631,2,1,1,13,0,0,57,0,1.79769313486232e+308,1.79769313486232e+308,1.79769313486232e+308
247,"6/23/99",1,2230641,2,2,1,15,0,0,11,0,1.79769313486232e+308,1.79769313486232e+308,1.79769313486232e+308
215,"6/23/99",1,2230731,2,1,1,14,2000,0,2,0,1.79769313486232e+308,1.79769313486232e+308,1.79769313486232e+308
216,"6/23/99",1,2230831,2,1,1,14,0,0,5,0,1.79769313486232e+308,1.79769313486232e+308,1.79769313486232e+308
217,"6/23/99",1,2230831,4,1,2,1.79769313486232e+308,1.79769313486232e+308,1.79769313486232e+308,1.79769313486232e+308,1.79769313486232e+308,1.79769313486232e+308,1.79769313486232e+308,1.79769313486232e+308
218,"6/23/99",1,2230931,2,2,1,14,0,0,3,48,1.79769313486232e+308,1.79769313486232e+308,1.79769313486232e+308
219,"6/23/99",1,2231031,2,2,1,12,0,2000,11,0,1.79769313486232e+308,1.79769313486232e+308,1.79769313486232e+308
220,"6/23/99",1,2231131,7,2,2,1.79769313486232e+308,1.79769313486232e+308,1.79769313486232e+308,1.79769313486232e+308,1.79769313486232e+308,1.79769313486232e+308,1.79769313486232e+308,1.79769313486232e+308
221,"6/23/99",1,2231132,2,1,1,15,0,0,3,0,1.79769313486232e+308,1.79769313486232e+308,1.79769313486232e+308
222,"6/23/99",1,2231231,2,2,1,14,4000,0,7,0,1.79769313486232e+308,1.79769313486232e+308,1.79769313486232e+308
223,"6/23/99",1,2231331,2,1,1,14,0,0,3,0,1.79769313486232e+308,1.79769313486232e+308,1.79769313486232e+308
224,"6/23/99",1,2231431,1.79769313486232e+308,1.79769313486232e+308,1.79769313486232e+308,1.79769313486232e+308,1.79769313486232e+308,1.79769313486232e+308,1.79769313486232e+308,1.79769313486232e+308,1.79769313486232e+308,1.79769313486232e+308,1.79769313486232e+308
225,"6/23/99",1,2231432,2,2,1,15,1500,0,0.100000001490116,32,1.79769313486232e+308,1.79769313486232e+308,1.79769313486232e+308
226,"6/23/99",1,2231433,2,2,1,13,20000,0,6,8,1.79769313486232e+308,1.79769313486232e+308,1.79769313486232e+308
227,"6/23/99",1,2231539,2,2,1,16,0,0,27,0,1.79769313486232e+308,1.79769313486232e+308,1.79769313486232e+308
228,"6/23/99",1,2231539,3,2,2,1.79769313486232e+308,1.79769313486232e+308,1.79769313486232e+308,1.79769313486232e+308,1.79769313486232e+308,1.79769313486232e+308,1.79769313486232e+308,1.79769313486232e+308
229,"6/23/99",1,2231639,2,1,1,14,6000,0,8,0,1.79769313486232e+308,1.79769313486232e+308,1.79769313486232e+308
230,"6/23/99",1,2231739,2,2,1,15,7000,0,9,48,1.79769313486232e+308,1.79769313486232e+308,1.79769313486232e+308
231,"6/23/99",1,2231839,2,1,1,14,5000,0,16,0,1.79769313486232e+308,1.79769313486232e+308,1.79769313486232e+308
232,"6/23/99",1,2231939,2,1,1,15,3000,0,35,0,1.79769313486232e+308,1.79769313486232e+308,1.79769313486232e+308
233,"6/23/99",1,2231939,3,1,2,1.79769313486232e+308,1.79769313486232e+308,1.79769313486232e+308,1.79769313486232e+308,1.79769313486232e+308,1.79769313486232e+308,1.79769313486232e+308,1.79769313486232e+308
234,"6/23/99",1,2232039,2,1,1,14,700,0,1,0,1.79769313486232e+308,1.79769313486232e+308,1.79769313486232e+308
1.79769313486232e+308,"",1.79769313486232e+308,2232039,3,1,2,1.79769313486232e+308,1.79769313486232e+308,1.79769313486232e+308,1.79769313486232e+308,1.79769313486232e+308,1.79769313486232e+308,1.79769313486232e+308,1.79769313486232e+308
235,"6/23/99",1,2232139,2,1,1,14,9000,0,6,0,1.79769313486232e+308,1.79769313486232e+308,1.79769313486232e+308
236,"6/23/99",1,2232239,1.79769313486232e+308,1.79769313486232e+308,1.79769313486232e+308,1.79769313486232e+308,1.79769313486232e+308,1.79769313486232e+308,1.79769313486232e+308,1.79769313486232e+308,1.79769313486232e+308,1.79769313486232e+308,1.79769313486232e+308
237,"6/23/99",1,2232339,1.79769313486232e+308,1.79769313486232e+308,1.79769313486232e+308,1.79769313486232e+308,1.79769313486232e+308,1.79769313486232e+308,1.79769313486232e+308,1.79769313486232e+308,1.79769313486232e+308,1.79769313486232e+308,1.79769313486232e+308
1.79769313486232e+308,"8/30/99",1,2310131,3,8,2,1.79769313486232e+308,1.79769313486232e+308,1.79769313486232e+308,1.79769313486232e+308,1.79769313486232e+308,1.79769313486232e+308,1.79769313486232e+308,1.79769313486232e+308
35,"6/14/99",1,2310131,8,8,1,19,7000,0,1,0,1.79769313486232e+308,1.79769313486232e+308,1.79769313486232e+308
36,"6/14/99",1,2310131,9,9,1,18,10000,0,5,0,1.79769313486232e+308,1.79769313486232e+308,1.79769313486232e+308
81,"6/21/99",1,2310141,2,2,1,15,15000,0,2,0,1.79769313486232e+308,1.79769313486232e+308,1.79769313486232e+308
89,"6/21/99",1,2310151,2,11,1,16,0,0,35,0,1.79769313486232e+308,1.79769313486232e+308,1.79769313486232e+308
90,"6/21/99",1,2310151,11,11,1,20,0,0,4,0,1.79769313486232e+308,1.79769313486232e+308,1.79769313486232e+308
37,"6/14/99",1,2310231,2,2,1,23,0,0,3,0,1,1997,8
38,"6/15/99",1,2310231,3,2,1,15,0,0,300,0,1.79769313486232e+308,1.79769313486232e+308,1.79769313486232e+308
82,"6/21/99",1,2310241,2,2,1,15,0,0,35,0,1.79769313486232e+308,1.79769313486232e+308,1.79769313486232e+308
83,"6/21/99",1,2310241,3,3,1,15,0,0,80,10,1.79769313486232e+308,1.79769313486232e+308,1.79769313486232e+308
84,"6/21/99",1,2310241,5,2,2,1.79769313486232e+308,1.79769313486232e+308,1.79769313486232e+308,1.79769313486232e+308,1.79769313486232e+308,1.79769313486232e+308,1.79769313486232e+308,1.79769313486232e+308
85,"6/21/99",1,2310241,6,2,2,1.79769313486232e+308,1.79769313486232e+308,1.79769313486232e+308,1.79769313486232e+308,1.79769313486232e+308,1.79769313486232e+308,1.79769313486232e+308,1.79769313486232e+308
39,"6/15/99",1,2310331,2,2,1,17,8000,0,3,0,1.79769313486232e+308,1.79769313486232e+308,1.79769313486232e+308
86,"6/21/99",1,2310341,4,1,1,16,0,0,5,0,1.79769313486232e+308,1.79769313486232e+308,1.79769313486232e+308
91,"6/21/99",1,2310351,1.79769313486232e+308,1.79769313486232e+308,1.79769313486232e+308,1.79769313486232e+308,1.79769313486232e+308,1.79769313486232e+308,1.79769313486232e+308,1.79769313486232e+308,1.79769313486232e+308,1.79769313486232e+308,1.79769313486232e+308
92,"6/21/99",1,2310352,2,2,1,15,0,0,8,36,1.79769313486232e+308,1.79769313486232e+308,1.79769313486232e+308
93,"6/21/99",1,2310353,2,2,1,14,0,0,8,84,1.79769313486232e+308,1.79769313486232e+308,1.79769313486232e+308
94,"6/21/99",1,2310353,3,2,2,1.79769313486232e+308,1.79769313486232e+308,1.79769313486232e+308,1.79769313486232e+308,1.79769313486232e+308,1.79769313486232e+308,1.79769313486232e+308,1.79769313486232e+308
95,"6/21/99",1,2310353,4,2,2,1.79769313486232e+308,1.79769313486232e+308,1.79769313486232e+308,1.79769313486232e+308,1.79769313486232e+308,1.79769313486232e+308,1.79769313486232e+308,1.79769313486232e+308
40,"6/15/99",1,2310431,2,1,1,11,5000,0,300,0,1.79769313486232e+308,1.79769313486232e+308,1.79769313486232e+308
87,"6/21/99",1,2310441,2,2,1,14,0,0,0.5,0,1.79769313486232e+308,1.79769313486232e+308,1.79769313486232e+308
88,"6/21/99",1,2310441,3,2,1,15,17500,0,2,0,2,1998,1
1.79769313486232e+308,"8/30/99",1,2310441,4,2,2,1.79769313486232e+308,1.79769313486232e+308,1.79769313486232e+308,1.79769313486232e+308,1.79769313486232e+308,1.79769313486232e+308,1.79769313486232e+308,1.79769313486232e+308
96,"6/21/99",1,2310459,2,2,1,18,0,0,0.0500000007450581,0,1.79769313486232e+308,1.79769313486232e+308,1.79769313486232e+308
97,"6/21/99",1,2310459,5,2,2,1.79769313486232e+308,1.79769313486232e+308,1.79769313486232e+308,1.79769313486232e+308,1.79769313486232e+308,1.79769313486232e+308,1.79769313486232e+308,1.79769313486232e+308
98,"6/21/99",1,2310459,6,2,1,21,0,0,0,0,1.79769313486232e+308,1.79769313486232e+308,1.79769313486232e+308
1.79769313486232e+308,".",1.79769313486232e+308,2310459,9,2,1,1.79769313486232e+308,1.79769313486232e+308,1.79769313486232e+308,1.79769313486232e+308,1.79769313486232e+308,1.79769313486232e+308,1.79769313486232e+308,1.79769313486232e+308
41,"6/15/99",1,2310531,2,2,1,14,0,0,5,0,1.79769313486232e+308,1.79769313486232e+308,1.79769313486232e+308
42,"6/15/99",1,2310531,4,2,2,1.79769313486232e+308,1.79769313486232e+308,1.79769313486232e+308,1.79769313486232e+308,1.79769313486232e+308,1.79769313486232e+308,1.79769313486232e+308,1.79769313486232e+308
43,"6/15/99",1,2310631,2,2,1,18,0,0,6,0,1.79769313486232e+308,1.79769313486232e+308,1.79769313486232e+308
44,"6/15/99",1,2310731,2,4,1,14,0,0,3,0,1.79769313486232e+308,1.79769313486232e+308,1.79769313486232e+308
45,"6/15/99",1,2310731,4,4,1,23,0,0,150,17,1.79769313486232e+308,1.79769313486232e+308,1.79769313486232e+308
46,"6/15/99",1,2310731,6,4,2,1.79769313486232e+308,1.79769313486232e+308,1.79769313486232e+308,1.79769313486232e+308,1.79769313486232e+308,1.79769313486232e+308,1.79769313486232e+308,1.79769313486232e+308
47,"6/15/99",1,2310731,7,4,2,1.79769313486232e+308,1.79769313486232e+308,1.79769313486232e+308,1.79769313486232e+308,1.79769313486232e+308,1.79769313486232e+308,1.79769313486232e+308,1.79769313486232e+308
48,"6/15/99",1,2310831,2,2,1,12,0,0,5,0,1.79769313486232e+308,1.79769313486232e+308,1.79769313486232e+308
49,"6/15/99",1,2310831,5,5,1,16,0,0,400,3,1.79769313486232e+308,1.79769313486232e+308,1.79769313486232e+308
50,"6/15/99",1,2310831,7,2,1,19,0,0,0.300000011920929,30,1.79769313486232e+308,1.79769313486232e+308,1.79769313486232e+308
51,"6/15/99",1,2310832,2,2,1,15,19900,0,1,0,1.79769313486232e+308,1.79769313486232e+308,1.79769313486232e+308
52,"6/15/99",1,2310931,2,2,1,17,0,0,0.5,0,1.79769313486232e+308,1.79769313486232e+308,1.79769313486232e+308
53,"6/15/99",1,2311031,2,2,1,15,0,0,1.5,0,1.79769313486232e+308,1.79769313486232e+308,1.79769313486232e+308
54,"6/19/99",1,2311031,8,2,2,1.79769313486232e+308,1.79769313486232e+308,1.79769313486232e+308,1.79769313486232e+308,1.79769313486232e+308,1.79769313486232e+308,1.79769313486232e+308,1.79769313486232e+308
55,"6/19/99",1,2311032,2,2,1,14,0,0,100,0,1.79769313486232e+308,1.79769313486232e+308,1.79769313486232e+308
56,"6/19/99",1,2311131,2,1,1,17,0,0,2,0,1.79769313486232e+308,1.79769313486232e+308,1.79769313486232e+308
57,"6/19/99",1,2311131,5,1,2,1.79769313486232e+308,1.79769313486232e+308,1.79769313486232e+308,1.79769313486232e+308,1.79769313486232e+308,1.79769313486232e+308,1.79769313486232e+308,1.79769313486232e+308
58,"6/19/99",1,2311231,2,2,1,14,0,0,6,0,1,1996,5
59,"6/19/99",1,2311339,2,2,1,18,0,0,1,0,1.79769313486232e+308,1.79769313486232e+308,1.79769313486232e+308
60,"6/19/99",1,2311339,3,2,2,1.79769313486232e+308,1.79769313486232e+308,1.79769313486232e+308,1.79769313486232e+308,1.79769313486232e+308,1.79769313486232e+308,1.79769313486232e+308,1.79769313486232e+308
61,"6/19/99",1,2311439,2,2,1,13,0,0,2,0,1.79769313486232e+308,1.79769313486232e+308,1.79769313486232e+308
62,"6/19/99",1,2311439,3,2,2,1.79769313486232e+308,1.79769313486232e+308,1.79769313486232e+308,1.79769313486232e+308,1.79769313486232e+308,1.79769313486232e+308,1.79769313486232e+308,1.79769313486232e+308
63,"6/19/99",1,2311439,4,2,2,1.79769313486232e+308,1.79769313486232e+308,1.79769313486232e+308,1.79769313486232e+308,1.79769313486232e+308,1.79769313486232e+308,1.79769313486232e+308,1.79769313486232e+308
64,"6/19/99",1,2311539,2,2,1,17,0,0,100,0,1.79769313486232e+308,1.79769313486232e+308,1.79769313486232e+308
65,"6/19/99",1,2311639,2,2,1,15,0,0,3,0,1.79769313486232e+308,1.79769313486232e+308,1.79769313486232e+308
1.79769313486232e+308,"8/30/99",1,2311639,3,2,2,1.79769313486232e+308,1.79769313486232e+308,1.79769313486232e+308,1.79769313486232e+308,1.79769313486232e+308,1.79769313486232e+308,1.79769313486232e+308,1.79769313486232e+308
66,"6/19/99",1,2311739,2,2,1,13,0,0,25,0,1.79769313486232e+308,1.79769313486232e+308,1.79769313486232e+308
67,"6/19/99",1,2311839,2,2,1,14,0,0,8,0,1.79769313486232e+308,1.79769313486232e+308,1.79769313486232e+308
68,"6/19/99",1,2311839,5,2,2,1.79769313486232e+308,1.79769313486232e+308,1.79769313486232e+308,1.79769313486232e+308,1.79769313486232e+308,1.79769313486232e+308,1.79769313486232e+308,1.79769313486232e+308
69,"6/19/99",1,2311939,2,2,1,13,0,0,5,0,1.79769313486232e+308,1.79769313486232e+308,1.79769313486232e+308
70,"6/19/99",1,2311939,5,2,1,19,0,30000,4,0,1.79769313486232e+308,1.79769313486232e+308,1.79769313486232e+308
71,"6/19/99",1,2311939,6,2,1,18,0,25000,3,0,1.79769313486232e+308,1.79769313486232e+308,1.79769313486232e+308
72,"6/19/99",1,2311939,7,2,2,1.79769313486232e+308,1.79769313486232e+308,1.79769313486232e+308,1.79769313486232e+308,1.79769313486232e+308,1.79769313486232e+308,1.79769313486232e+308,1.79769313486232e+308
73,"6/19/99",1,2311939,8,2,2,1.79769313486232e+308,1.79769313486232e+308,1.79769313486232e+308,1.79769313486232e+308,1.79769313486232e+308,1.79769313486232e+308,1.79769313486232e+308,1.79769313486232e+308
74,"6/19/99",1,2311939,9,2,2,1.79769313486232e+308,1.79769313486232e+308,1.79769313486232e+308,1.79769313486232e+308,1.79769313486232e+308,1.79769313486232e+308,1.79769313486232e+308,1.79769313486232e+308
75,"6/19/99",1,2312039,2,1,1,13,0,0,8,0,1.79769313486232e+308,1.79769313486232e+308,1.79769313486232e+308
76,"6/19/99",1,2312039,7,1,2,1.79769313486232e+308,1.79769313486232e+308,1.79769313486232e+308,1.79769313486232e+308,1.79769313486232e+308,1.79769313486232e+308,1.79769313486232e+308,1.79769313486232e+308
77,"6/19/99",1,2312139,2,2,1,16,0,0,0,0,1.79769313486232e+308,1.79769313486232e+308,1.79769313486232e+308
78,"6/21/99",1,2312139,3,2,1,17,0,0,5,12,1.79769313486232e+308,1.79769313486232e+308,1.79769313486232e+308
79,"6/21/99",1,2312139,6,2,1,17,0,0,12,0,1.79769313486232e+308,1.79769313486232e+308,1.79769313486232e+308
80,"6/21/99",1,2312139,9,2,2,1.79769313486232e+308,1.79769313486232e+308,1.79769313486232e+308,1.79769313486232e+308,1.79769313486232e+308,1.79769313486232e+308,1.79769313486232e+308,1.79769313486232e+308
100,"7/18/99",1,2320131,5,2,2,1.79769313486232e+308,1.79769313486232e+308,1.79769313486232e+308,1.79769313486232e+308,1.79769313486232e+308,1.79769313486232e+308,1.79769313486232e+308,1.79769313486232e+308
101,"7/18/99",1,2320131,6,6,1,15,0,0,1,0,1.79769313486232e+308,1.79769313486232e+308,1.79769313486232e+308
135,"7/19/99",1,2320141,2,2,1,16,0,0,3,0,1.79769313486232e+308,1.79769313486232e+308,1.79769313486232e+308
143,"7/19/99",1,2320151,2,2,1,18,4000,0,18,0,1.79769313486232e+308,1.79769313486232e+308,1.79769313486232e+308
144,"7/19/99",1,2320152,2,1,1,17,0,0,30,0,1.79769313486232e+308,1.79769313486232e+308,1.79769313486232e+308
102,"7/18/99",1,2320231,2,2,1,12,0,0,3,120,1.79769313486232e+308,1.79769313486232e+308,1.79769313486232e+308
103,"7/18/99",1,2320231,4,2,2,1.79769313486232e+308,1.79769313486232e+308,1.79769313486232e+308,1.79769313486232e+308,1.79769313486232e+308,1.79769313486232e+308,1.79769313486232e+308,1.79769313486232e+308
104,"7/18/99",1,2320232,1,1,1,16,0,0,3,48,1.79769313486232e+308,1.79769313486232e+308,1.79769313486232e+308
1.79769313486232e+308,".",1.79769313486232e+308,2320232,2,1,2,1.79769313486232e+308,1.79769313486232e+308,1.79769313486232e+308,1.79769313486232e+308,1.79769313486232e+308,1.79769313486232e+308,1.79769313486232e+308,1.79769313486232e+308
136,"7/19/99",1,2320241,2,2,1,14,0,0,8,0,1.79769313486232e+308,1.79769313486232e+308,1.79769313486232e+308
1.79769313486232e+308,".",1.79769313486232e+308,2320241,5,2,2,1.79769313486232e+308,1.79769313486232e+308,1.79769313486232e+308,1.79769313486232e+308,1.79769313486232e+308,1.79769313486232e+308,1.79769313486232e+308,1.79769313486232e+308
137,"7/19/99",1,2320242,2,2,1,18,0,0,7,0,1.79769313486232e+308,1.79769313486232e+308,1.79769313486232e+308
145,"7/19/99",1,2320251,7,1,1,34,0,75000,10,0,1.79769313486232e+308,1.79769313486232e+308,1.79769313486232e+308
146,"7/19/99",1,2320252,2,2,1,14,0,0,4,0,1.79769313486232e+308,1.79769313486232e+308,1.79769313486232e+308
147,"7/19/99",1,2320253,2,2,1,16,0,0,15,0,1.79769313486232e+308,1.79769313486232e+308,1.79769313486232e+308
105,"7/18/99",1,2320331,2,2,1,16,1500,0,12,0,1.79769313486232e+308,1.79769313486232e+308,1.79769313486232e+308
138,"7/19/99",1,2320341,2,3,1,14,0,0,15,0,1.79769313486232e+308,1.79769313486232e+308,1.79769313486232e+308
139,"7/19/99",1,2320341,3,3,1,15,0,0,2,0,1.79769313486232e+308,1.79769313486232e+308,1.79769313486232e+308
148,"7/19/99",1,2320351,2,2,1,19,0,0,12,0,1.79769313486232e+308,1.79769313486232e+308,1.79769313486232e+308
106,"7/18/99",1,2320431,2,2,1,15,0,0,6,0,1.79769313486232e+308,1.79769313486232e+308,1.79769313486232e+308
107,"7/18/99",1,2320432,2,2,1,15,0,0,12,0,1.79769313486232e+308,1.79769313486232e+308,1.79769313486232e+308
108,"7/18/99",1,2320433,2,2,1,18,0,0,3,0,1.79769313486232e+308,1.79769313486232e+308,1.79769313486232e+308
109,"7/18/99",1,2320434,2,2,1,18,0,0,9,19,1.79769313486232e+308,1.79769313486232e+308,1.79769313486232e+308
140,"7/19/99",1,2320441,2,2,1,18,0,0,6,0,1.79769313486232e+308,1.79769313486232e+308,1.79769313486232e+308
141,"7/19/99",1,2320442,2,2,1,15,6000,0,12,0,1.79769313486232e+308,1.79769313486232e+308,1.79769313486232e+308
149,"7/19/99",1,2320459,1.79769313486232e+308,1.79769313486232e+308,1.79769313486232e+308,1.79769313486232e+308,1.79769313486232e+308,1.79769313486232e+308,1.79769313486232e+308,1.79769313486232e+308,1.79769313486232e+308,1.79769313486232e+308,1.79769313486232e+308
110,"7/18/99",1,2320531,2,2,1,18,0,0,1,0,1.79769313486232e+308,1.79769313486232e+308,1.79769313486232e+308
142,"7/19/99",1,2320541,2,2,1,13,0,0,15,0,1.79769313486232e+308,1.79769313486232e+308,1.79769313486232e+308
111,"7/18/99",1,2320631,2,1,2,1.79769313486232e+308,1.79769313486232e+308,1.79769313486232e+308,1.79769313486232e+308,1.79769313486232e+308,1.79769313486232e+308,1.79769313486232e+308,1.79769313486232e+308
112,"7/18/99",1,2320731,2,2,1,16,0,0,15,0,1.79769313486232e+308,1.79769313486232e+308,1.79769313486232e+308
113,"7/18/99",1,2320731,4,2,2,1.79769313486232e+308,1.79769313486232e+308,1.79769313486232e+308,1.79769313486232e+308,1.79769313486232e+308,1.79769313486232e+308,1.79769313486232e+308,1.79769313486232e+308
114,"7/18/99",1,2320731,5,2,2,1.79769313486232e+308,1.79769313486232e+308,1.79769313486232e+308,1.79769313486232e+308,1.79769313486232e+308,1.79769313486232e+308,1.79769313486232e+308,1.79769313486232e+308
115,"7/18/99",1,2320831,5,2,1,16,0,0,2,0,1.79769313486232e+308,1.79769313486232e+308,1.79769313486232e+308
117,"7/18/99",1,2320831,7,2,2,1.79769313486232e+308,1.79769313486232e+308,1.79769313486232e+308,1.79769313486232e+308,1.79769313486232e+308,1.79769313486232e+308,1.79769313486232e+308,1.79769313486232e+308
116,"7/18/99",1,2320831,11,2,1,19,28000,0,6,0,1.79769313486232e+308,1.79769313486232e+308,1.79769313486232e+308
118,"7/18/99",1,2320931,1.79769313486232e+308,1.79769313486232e+308,1.79769313486232e+308,1.79769313486232e+308,1.79769313486232e+308,1.79769313486232e+308,1.79769313486232e+308,1.79769313486232e+308,1.79769313486232e+308,1.79769313486232e+308,1.79769313486232e+308
119,"7/18/99",1,2320932,2,2,1,15,7000,0,2,0,1.79769313486232e+308,1.79769313486232e+308,1.79769313486232e+308
120,"7/18/99",1,2321031,2,2,1,15,0,0,40,0,1.79769313486232e+308,1.79769313486232e+308,1.79769313486232e+308
121,"7/18/99",1,2321131,1.79769313486232e+308,1.79769313486232e+308,1.79769313486232e+308,1.79769313486232e+308,1.79769313486232e+308,1.79769313486232e+308,1.79769313486232e+308,1.79769313486232e+308,1.79769313486232e+308,1.79769313486232e+308,1.79769313486232e+308
122,"7/18/99",1,2321132,2,2,1,14,0,0,4,0,1.79769313486232e+308,1.79769313486232e+308,1.79769313486232e+308
123,"7/18/99",1,2321231,6,2,1,17,0,0,80,0,1.79769313486232e+308,1.79769313486232e+308,1.79769313486232e+308
124,"7/18/99",1,2321232,2,2,1,19,0,0,8,0,1.79769313486232e+308,1.79769313486232e+308,1.79769313486232e+308
125,"7/18/99",1,2321339,2,2,1,18,0,0,0.5,0,1.79769313486232e+308,1.79769313486232e+308,1.79769313486232e+308
126,"7/18/99",1,2321439,2,2,1,14,0,0,0.5,0,1.79769313486232e+308,1.79769313486232e+308,1.79769313486232e+308
1.79769313486232e+308,".",1.79769313486232e+308,2321439,5,2,2,1.79769313486232e+308,1.79769313486232e+308,1.79769313486232e+308,1.79769313486232e+308,1.79769313486232e+308,1.79769313486232e+308,1.79769313486232e+308,1.79769313486232e+308
1.79769313486232e+308,".",1.79769313486232e+308,2321439,6,2,2,1.79769313486232e+308,1.79769313486232e+308,1.79769313486232e+308,1.79769313486232e+308,1.79769313486232e+308,1.79769313486232e+308,1.79769313486232e+308,1.79769313486232e+308
127,"7/19/99",1,2321539,2,2,1,18,0,0,20,48,2,1995,5
128,"7/19/99",1,2321539,3,2,2,1.79769313486232e+308,1.79769313486232e+308,1.79769313486232e+308,1.79769313486232e+308,1.79769313486232e+308,1.79769313486232e+308,1.79769313486232e+308,1.79769313486232e+308
129,"7/19/99",1,2321639,2,2,1,16,0,0,60,0,1.79769313486232e+308,1.79769313486232e+308,1.79769313486232e+308
1.79769313486232e+308,".",1.79769313486232e+308,2321639,3,2,2,1.79769313486232e+308,1.79769313486232e+308,1.79769313486232e+308,1.79769313486232e+308,1.79769313486232e+308,1.79769313486232e+308,1.79769313486232e+308,1.79769313486232e+308
130,"7/19/99",1,2321739,2,2,1,18,0,0,10,0,1.79769313486232e+308,1.79769313486232e+308,1.79769313486232e+308
131,"7/19/99",1,2321839,2,2,1,18,0,0,10,72,1.79769313486232e+308,1.79769313486232e+308,1.79769313486232e+308
132,"7/19/99",1,2321839,5,2,2,1.79769313486232e+308,1.79769313486232e+308,1.79769313486232e+308,1.79769313486232e+308,1.79769313486232e+308,1.79769313486232e+308,1.79769313486232e+308,1.79769313486232e+308
133,"7/19/99",1,2321939,4,4,2,1.79769313486232e+308,1.79769313486232e+308,1.79769313486232e+308,1.79769313486232e+308,1.79769313486232e+308,1.79769313486232e+308,1.79769313486232e+308,1.79769313486232e+308
134,"7/19/99",1,2321939,5,4,2,1.79769313486232e+308,1.79769313486232e+308,1.79769313486232e+308,1.79769313486232e+308,1.79769313486232e+308,1.79769313486232e+308,1.79769313486232e+308,1.79769313486232e+308
59,"9/09/95",1,2330131,2,2,1,13,0,0,60,0,1.79769313486232e+308,1.79769313486232e+308,1.79769313486232e+308
98,"6/27/99",1,2330141,2,2,1,14,0,0,15,0,1.79769313486232e+308,1.79769313486232e+308,1.79769313486232e+308
99,"6/27/99",1,2330141,3,2,1,17,0,0,5,0,1.79769313486232e+308,1.79769313486232e+308,1.79769313486232e+308
100,"6/27/99",1,2330141,5,2,2,1.79769313486232e+308,1.79769313486232e+308,1.79769313486232e+308,1.79769313486232e+308,1.79769313486232e+308,1.79769313486232e+308,1.79769313486232e+308,1.79769313486232e+308
105,"6/27/99",1,2330151,2,2,1,16,10000,0,3,0,1.79769313486232e+308,1.79769313486232e+308,1.79769313486232e+308
60,"9/09/95",1,2330231,2,2,1,15,0,0,6,0,1.79769313486232e+308,1.79769313486232e+308,1.79769313486232e+308
101,"6/27/99",1,2330241,3,1,2,1.79769313486232e+308,1.79769313486232e+308,1.79769313486232e+308,1.79769313486232e+308,1.79769313486232e+308,1.79769313486232e+308,1.79769313486232e+308,1.79769313486232e+308
106,"6/27/99",1,2330251,4,4,1,20,0,0,8,0,1.79769313486232e+308,1.79769313486232e+308,1.79769313486232e+308
61,"9/09/95",1,2330331,2,2,1,14,0,0,6,0,1.79769313486232e+308,1.79769313486232e+308,1.79769313486232e+308
102,"6/27/99",1,2330341,6,6,2,1.79769313486232e+308,1.79769313486232e+308,1.79769313486232e+308,1.79769313486232e+308,1.79769313486232e+308,1.79769313486232e+308,1.79769313486232e+308,1.79769313486232e+308
107,"6/27/99",1,2330351,2,2,1,14,0,0,0.5,0,1.79769313486232e+308,1.79769313486232e+308,1.79769313486232e+308
62,"9/09/95",1,2330431,2,2,1,13,0,0,30,0,1.79769313486232e+308,1.79769313486232e+308,1.79769313486232e+308
63,"9/09/95",1,2330431,3,2,2,1.79769313486232e+308,1.79769313486232e+308,1.79769313486232e+308,1.79769313486232e+308,1.79769313486232e+308,1.79769313486232e+308,1.79769313486232e+308,1.79769313486232e+308
103,"6/27/99",1,2330441,2,2,1,15,4500,0,2,0,1.79769313486232e+308,1.79769313486232e+308,1.79769313486232e+308
108,"6/27/99",1,2330459,2,2,1,17,0,0,40,0,1.79769313486232e+308,1.79769313486232e+308,1.79769313486232e+308
64,"9/09/95",1,2330531,2,2,1,13,15000,0,1,0,1,1998,8
65,"9/09/95",1,2330531,6,2,1,13,46000,0,10,0,2,1998,5
66,"9/09/95",1,2330531,9,2,1,18,15000,0,14,0,1.79769313486232e+308,1.79769313486232e+308,1.79769313486232e+308
104,"6/27/99",1,2330541,2,2,1,18,3000,0,2,0,1.79769313486232e+308,1.79769313486232e+308,1.79769313486232e+308
67,"9/09/95",1,2330631,2,1,1,14,0,0,0.5,1,1.79769313486232e+308,1.79769313486232e+308,1.79769313486232e+308
68,"9/09/95",1,2330731,2,2,1,13,0,0,10,0,1.79769313486232e+308,1.79769313486232e+308,1.79769313486232e+308
69,"9/09/95",1,2330731,5,2,2,1.79769313486232e+308,1.79769313486232e+308,1.79769313486232e+308,1.79769313486232e+308,1.79769313486232e+308,1.79769313486232e+308,1.79769313486232e+308,1.79769313486232e+308
70,"9/09/95",1,2330831,2,2,1,20,0,0,1,0,1.79769313486232e+308,1.79769313486232e+308,1.79769313486232e+308
1.79769313486232e+308,"10/12/99",1,2330831,4,2,2,1.79769313486232e+308,1.79769313486232e+308,1.79769313486232e+308,1.79769313486232e+308,1.79769313486232e+308,1.79769313486232e+308,1.79769313486232e+308,1.79769313486232e+308
71,"9/09/95",1,2330931,2,1,1,15,0,0,1,12,1.79769313486232e+308,1.79769313486232e+308,1.79769313486232e+308
1.79769313486232e+308,"10/12/88",1,2330931,4,1,2,1.79769313486232e+308,1.79769313486232e+308,1.79769313486232e+308,1.79769313486232e+308,1.79769313486232e+308,1.79769313486232e+308,1.79769313486232e+308,1.79769313486232e+308
72,"9/09/95",1,2331031,2,2,1,14,0,0,60,0,1.79769313486232e+308,1.79769313486232e+308,1.79769313486232e+308
73,"9/09/95",1,2331031,3,2,1,15,0,0,200,0,1.79769313486232e+308,1.79769313486232e+308,1.79769313486232e+308
74,"9/09/95",1,2331031,10,2,2,1.79769313486232e+308,1.79769313486232e+308,1.79769313486232e+308,1.79769313486232e+308,1.79769313486232e+308,1.79769313486232e+308,1.79769313486232e+308,1.79769313486232e+308
75,"9/09/95",1,2331131,2,2,1,13,0,0,10,0,1.79769313486232e+308,1.79769313486232e+308,1.79769313486232e+308
76,"9/09/95",1,2331131,6,2,2,1.79769313486232e+308,1.79769313486232e+308,1.79769313486232e+308,1.79769313486232e+308,1.79769313486232e+308,1.79769313486232e+308,1.79769313486232e+308,1.79769313486232e+308
77,"9/09/95",1,2331231,1,1,1,15,0,0,5,0,1,1994,2
78,"9/09/95",1,2331231,5,1,1,17,0,0,5,0,1.79769313486232e+308,1.79769313486232e+308,1.79769313486232e+308
79,"9/09/95",1,2331339,2,2,1,14,0,0,6,0,1.79769313486232e+308,1.79769313486232e+308,1.79769313486232e+308
82,"9/09/95",1,2331339,5,2,2,1.79769313486232e+308,1.79769313486232e+308,1.79769313486232e+308,1.79769313486232e+308,1.79769313486232e+308,1.79769313486232e+308,1.79769313486232e+308,1.79769313486232e+308
80,"9/09/95",1,2331339,7,2,1,20,6000,0,2,0,1.79769313486232e+308,1.79769313486232e+308,1.79769313486232e+308
81,"9/09/95",1,2331339,8,2,1,17,0,0,4,0,1.79769313486232e+308,1.79769313486232e+308,1.79769313486232e+308
83,"9/09/95",1,2331439,2,2,1,16,0,0,35,0,1.79769313486232e+308,1.79769313486232e+308,1.79769313486232e+308
84,"9/09/95",1,2331539,2,2,1,15,10000,0,8,0,1.79769313486232e+308,1.79769313486232e+308,1.79769313486232e+308
85,"9/09/95",1,2331539,5,2,2,1.79769313486232e+308,1.79769313486232e+308,1.79769313486232e+308,1.79769313486232e+308,1.79769313486232e+308,1.79769313486232e+308,1.79769313486232e+308,1.79769313486232e+308
86,"9/09/95",1,2331639,3,2,2,1.79769313486232e+308,1.79769313486232e+308,1.79769313486232e+308,1.79769313486232e+308,1.79769313486232e+308,1.79769313486232e+308,1.79769313486232e+308,1.79769313486232e+308
87,"6/27/99",1,2331739,2,2,1,15,0,0,5,0,1.79769313486232e+308,1.79769313486232e+308,1.79769313486232e+308
88,"6/27/99",1,2331739,4,2,2,1.79769313486232e+308,1.79769313486232e+308,1.79769313486232e+308,1.79769313486232e+308,1.79769313486232e+308,1.79769313486232e+308,1.79769313486232e+308,1.79769313486232e+308
89,"6/27/99",1,2331839,2,2,1,18,0,0,0.5,0,1.79769313486232e+308,1.79769313486232e+308,1.79769313486232e+308
90,"6/27/99",1,2331939,2,2,1,18,0,0,10,0,1.79769313486232e+308,1.79769313486232e+308,1.79769313486232e+308
91,"6/27/99",1,2332039,2,2,1,15,0,0,1.5,0,1.79769313486232e+308,1.79769313486232e+308,1.79769313486232e+308
92,"6/27/99",1,2332039,6,2,1,15,0,0,10,0,1.79769313486232e+308,1.79769313486232e+308,1.79769313486232e+308
93,"6/27/99",1,2332139,2,2,1,15,0,0,2,0,1.79769313486232e+308,1.79769313486232e+308,1.79769313486232e+308
94,"6/27/99",1,2332239,2,2,1,18,0,0,80,0,1.79769313486232e+308,1.79769313486232e+308,1.79769313486232e+308
95,"6/27/99",1,2332339,2,2,1,19,2500,0,80,0,1.79769313486232e+308,1.79769313486232e+308,1.79769313486232e+308
96,"6/27/99",1,2332339,4,2,2,1.79769313486232e+308,1.79769313486232e+308,1.79769313486232e+308,1.79769313486232e+308,1.79769313486232e+308,1.79769313486232e+308,1.79769313486232e+308,1.79769313486232e+308
97,"6/27/99",1,2332339,5,2,2,1.79769313486232e+308,1.79769313486232e+308,1.79769313486232e+308,1.79769313486232e+308,1.79769313486232e+308,1.79769313486232e+308,1.79769313486232e+308,1.79769313486232e+308
1,"5/20/99",1,2410131,4,4,1,16,0,0,4,0,1.79769313486232e+308,1.79769313486232e+308,1.79769313486232e+308
27,"6/05/99",1,2410141,4,4,1,18,7000,0,80,0,1.79769313486232e+308,1.79769313486232e+308,1.79769313486232e+308
31,"6/05/99",1,2410151,2,2,1,13,0,0,0,0,1.79769313486232e+308,1.79769313486232e+308,1.79769313486232e+308
2,"6/05/99",1,2410231,1,1,1,14,0,0,0.25,0,1,1988,1.79769313486232e+308
1.79769313486232e+308,"8/21/99",1,2410231,5,1,2,1.79769313486232e+308,1.79769313486232e+308,1.79769313486232e+308,1.79769313486232e+308,1.79769313486232e+308,1.79769313486232e+308,1.79769313486232e+308,1.79769313486232e+308
28,"6/05/99",1,2410241,3,3,1,15,5000,0,60,0,1.79769313486232e+308,1.79769313486232e+308,1.79769313486232e+308
3,"6/05/99",1,2410331,4,4,1,16,8000,0,0.25,0,1.79769313486232e+308,1.79769313486232e+308,1.79769313486232e+308
29,"6/05/99",1,2410341,1.79769313486232e+308,1.79769313486232e+308,1.79769313486232e+308,1.79769313486232e+308,1.79769313486232e+308,1.79769313486232e+308,1.79769313486232e+308,1.79769313486232e+308,1.79769313486232e+308,1.79769313486232e+308,1.79769313486232e+308
32,"6/05/99",1,2410351,2,2,1,15,0,0,8,0,1.79769313486232e+308,1.79769313486232e+308,1.79769313486232e+308
4,"6/05/99",1,2410431,2,2,1,16,0,0,15,0,1.79769313486232e+308,1.79769313486232e+308,1.79769313486232e+308
5,"6/05/99",1,2410431,3,3,1,17,0,0,0.800000011920929,0,2,1998,2
33,"6/05/99",1,2410459,2,2,1,16,0,0,2,0,1.79769313486232e+308,1.79769313486232e+308,1.79769313486232e+308
1.79769313486232e+308,"8/21/99",1,2410459,3,2,2,1.79769313486232e+308,1.79769313486232e+308,1.79769313486232e+308,1.79769313486232e+308,1.79769313486232e+308,1.79769313486232e+308,1.79769313486232e+308,1.79769313486232e+308
1.79769313486232e+308,"8/21/99",1,2410459,4,2,2,1.79769313486232e+308,1.79769313486232e+308,1.79769313486232e+308,1.79769313486232e+308,1.79769313486232e+308,1.79769313486232e+308,1.79769313486232e+308,1.79769313486232e+308
1.79769313486232e+308,"8/21/99",1,2410459,5,2,2,1.79769313486232e+308,1.79769313486232e+308,1.79769313486232e+308,1.79769313486232e+308,1.79769313486232e+308,1.79769313486232e+308,1.79769313486232e+308,1.79769313486232e+308
6,"6/05/99",1,2410531,2,2,1,15,0,0,1,0,1.79769313486232e+308,1.79769313486232e+308,1.79769313486232e+308
7,"6/05/99",1,2410531,5,2,2,1.79769313486232e+308,1.79769313486232e+308,1.79769313486232e+308,1.79769313486232e+308,1.79769313486232e+308,1.79769313486232e+308,1.79769313486232e+308,1.79769313486232e+308
8,"6/05/99",1,2410531,6,6,1,16,5000,0,0.5,0,1.79769313486232e+308,1.79769313486232e+308,1.79769313486232e+308
30,"6/05/99",1,2410541,2,2,1,18,0,0,4,0,1.79769313486232e+308,1.79769313486232e+308,1.79769313486232e+308
9,"6/05/99",1,2410631,2,2,1,20,500,0,0.5,9,1.79769313486232e+308,1.79769313486232e+308,1.79769313486232e+308
10,"6/05/99",1,2410731,2,2,1,20,0,0,100,0,1.79769313486232e+308,1.79769313486232e+308,1.79769313486232e+308
11,"6/05/99",1,2410931,3,3,1,18,0,0,0.25,0,1.79769313486232e+308,1.79769313486232e+308,1.79769313486232e+308
12,"6/05/99",1,2410931,4,3,2,1.79769313486232e+308,1.79769313486232e+308,1.79769313486232e+308,1.79769313486232e+308,1.79769313486232e+308,1.79769313486232e+308,1.79769313486232e+308,1.79769313486232e+308
13,"6/05/99",1,2410931,5,3,2,1.79769313486232e+308,1.79769313486232e+308,1.79769313486232e+308,1.79769313486232e+308,1.79769313486232e+308,1.79769313486232e+308,1.79769313486232e+308,1.79769313486232e+308
14,"6/05/99",1,2411031,5,5,1,18,600,0,5,0,1.79769313486232e+308,1.79769313486232e+308,1.79769313486232e+308
15,"6/05/99",1,2411231,2,2,1,17,0,0,8,0,1.79769313486232e+308,1.79769313486232e+308,1.79769313486232e+308
16,"6/05/99",1,2411339,2,2,1,21,3000,0,0,0,1.79769313486232e+308,1.79769313486232e+308,1.79769313486232e+308
17,"6/05/99",1,2411439,2,2,1,15,0,0,3,0,1.79769313486232e+308,1.79769313486232e+308,1.79769313486232e+308
18,"6/05/99",1,2411539,2,2,1,14,0,0,0,0,1.79769313486232e+308,1.79769313486232e+308,1.79769313486232e+308
19,"6/05/99",1,2411639,5,5,1,17,5000,1500,5,0,1.79769313486232e+308,1.79769313486232e+308,1.79769313486232e+308
20,"6/05/99",1,2411739,2,2,1,18,0,0,0,0,1.79769313486232e+308,1.79769313486232e+308,1.79769313486232e+308
21,"6/05/99",1,2411739,3,3,2,1.79769313486232e+308,1.79769313486232e+308,1.79769313486232e+308,1.79769313486232e+308,1.79769313486232e+308,1.79769313486232e+308,1.79769313486232e+308,1.79769313486232e+308
22,"6/05/99",1,2411839,4,4,2,1.79769313486232e+308,1.79769313486232e+308,1.79769313486232e+308,1.79769313486232e+308,1.79769313486232e+308,1.79769313486232e+308,1.79769313486232e+308,1.79769313486232e+308
23,"6/05/99",1,2411839,7,4,2,1.79769313486232e+308,1.79769313486232e+308,1.79769313486232e+308,1.79769313486232e+308,1.79769313486232e+308,1.79769313486232e+308,1.79769313486232e+308,1.79769313486232e+308
24,"6/05/99",1,2411939,2,2,1,19,0,0,3,0,1.79769313486232e+308,1.79769313486232e+308,1.79769313486232e+308
25,"6/05/99",1,2412039,2,2,1,15,0,0,5,0,1.79769313486232e+308,1.79769313486232e+308,1.79769313486232e+308
26,"6/05/99",1,2412139,2,2,1,16,3000,0,8,0,1.79769313486232e+308,1.79769313486232e+308,1.79769313486232e+308
36,"8/07/99",1,2420131,9,1,2,1.79769313486232e+308,1.79769313486232e+308,1.79769313486232e+308,1.79769313486232e+308,1.79769313486232e+308,1.79769313486232e+308,1.79769313486232e+308,1.79769313486232e+308
37,"8/07/99",1,2420131,11,11,1,18,5000,0,3,10,1.79769313486232e+308,1.79769313486232e+308,1.79769313486232e+308
38,"8/07/99",1,2420131,12,12,1,19,7000,0,4,0,1.79769313486232e+308,1.79769313486232e+308,1.79769313486232e+308
67,"8/07/99",1,2420141,2,2,1,14,5000,0,1,0,1.79769313486232e+308,1.79769313486232e+308,1.79769313486232e+308
68,"8/07/99",1,2420141,4,2,2,1.79769313486232e+308,1.79769313486232e+308,1.79769313486232e+308,1.79769313486232e+308,1.79769313486232e+308,1.79769313486232e+308,1.79769313486232e+308,1.79769313486232e+308
72,"8/07/99",1,2420151,2,2,1,17,7000,0,2,0,1.79769313486232e+308,1.79769313486232e+308,1.79769313486232e+308
39,"8/07/99",1,2420231,2,1,1,22,0,0,1,0,1.79769313486232e+308,1.79769313486232e+308,1.79769313486232e+308
40,"8/07/99",1,2420231,4,1,2,1.79769313486232e+308,1.79769313486232e+308,1.79769313486232e+308,1.79769313486232e+308,1.79769313486232e+308,1.79769313486232e+308,1.79769313486232e+308,1.79769313486232e+308
69,"8/07/99",1,2420241,2,2,1,15,0,0,70,0,1.79769313486232e+308,1.79769313486232e+308,1.79769313486232e+308
73,"8/07/99",1,2420251,5,5,1,16,7000,0,1,0,1.79769313486232e+308,1.79769313486232e+308,1.79769313486232e+308
74,"8/07/99",1,2420251,6,6,1,19,0,0,1,0,1.79769313486232e+308,1.79769313486232e+308,1.79769313486232e+308
1.79769313486232e+308,".",1.79769313486232e+308,2420331,4,1.79769313486232e+308,1,1.79769313486232e+308,1.79769313486232e+308,1.79769313486232e+308,1.79769313486232e+308,1.79769313486232e+308,1.79769313486232e+308,1.79769313486232e+308,1.79769313486232e+308
41,"8/07/99",1,2420331,1.79769313486232e+308,1.79769313486232e+308,1.79769313486232e+308,1.79769313486232e+308,1.79769313486232e+308,1.79769313486232e+308,1.79769313486232e+308,1.79769313486232e+308,1.79769313486232e+308,1.79769313486232e+308,1.79769313486232e+308
75,"8/07/99",1,2420351,2,2,1,16,3000,0,3,0,1.79769313486232e+308,1.79769313486232e+308,1.79769313486232e+308
76,"8/07/99",1,2420351,3,3,2,1.79769313486232e+308,1.79769313486232e+308,1.79769313486232e+308,1.79769313486232e+308,1.79769313486232e+308,1.79769313486232e+308,1.79769313486232e+308,1.79769313486232e+308
42,"8/07/99",1,2420431,8,1,2,1.79769313486232e+308,1.79769313486232e+308,1.79769313486232e+308,1.79769313486232e+308,1.79769313486232e+308,1.79769313486232e+308,1.79769313486232e+308,1.79769313486232e+308
70,"8/07/99",1,2420441,1.79769313486232e+308,1.79769313486232e+308,1.79769313486232e+308,1.79769313486232e+308,1.79769313486232e+308,1.79769313486232e+308,1.79769313486232e+308,1.79769313486232e+308,1.79769313486232e+308,1.79769313486232e+308,1.79769313486232e+308
77,"8/07/99",1,2420459,6,6,1,16,0,0,2,0,1.79769313486232e+308,1.79769313486232e+308,1.79769313486232e+308
78,"8/07/99",1,2420459,7,7,1,20,0,0,1,0,1.79769313486232e+308,1.79769313486232e+308,1.79769313486232e+308
43,"8/07/99",1,2420531,7,1,2,1.79769313486232e+308,1.79769313486232e+308,1.79769313486232e+308,1.79769313486232e+308,1.79769313486232e+308,1.79769313486232e+308,1.79769313486232e+308,1.79769313486232e+308
44,"8/07/99",1,2420531,8,1,2,1.79769313486232e+308,1.79769313486232e+308,1.79769313486232e+308,1.79769313486232e+308,1.79769313486232e+308,1.79769313486232e+308,1.79769313486232e+308,1.79769313486232e+308
71,"8/07/99",1,2420541,3,3,1,17,4000,0,0.5,4,1.79769313486232e+308,1.79769313486232e+308,1.79769313486232e+308
45,"8/07/99",1,2420631,2,2,1,14,0,0,1,0,1.79769313486232e+308,1.79769313486232e+308,1.79769313486232e+308
1.79769313486232e+308,".",1.79769313486232e+308,2420631,4,1.79769313486232e+308,2,1.79769313486232e+308,1.79769313486232e+308,1.79769313486232e+308,1.79769313486232e+308,1.79769313486232e+308,1.79769313486232e+308,1.79769313486232e+308,1.79769313486232e+308
46,"8/07/99",1,2420731,3,3,1,24,5000,0,9,0,2,1996,4
47,"8/07/99",1,2420831,2,2,1,13,0,0,1,0,1.79769313486232e+308,1.79769313486232e+308,1.79769313486232e+308
48,"8/07/99",1,2420931,2,2,1,15,0,0,35,0,1.79769313486232e+308,1.79769313486232e+308,1.79769313486232e+308
49,"8/07/99",1,2421031,8,3,2,1.79769313486232e+308,1.79769313486232e+308,1.79769313486232e+308,1.79769313486232e+308,1.79769313486232e+308,1.79769313486232e+308,1.79769313486232e+308,1.79769313486232e+308
50,"8/07/99",1,2421031,11,11,1,19,8000,0,21,0,1.79769313486232e+308,1.79769313486232e+308,1.79769313486232e+308
51,"8/07/99",1,2421131,2,2,1,14,0,0,6,0,1.79769313486232e+308,1.79769313486232e+308,1.79769313486232e+308
52,"8/07/99",1,2421131,4,2,2,1.79769313486232e+308,1.79769313486232e+308,1.79769313486232e+308,1.79769313486232e+308,1.79769313486232e+308,1.79769313486232e+308,1.79769313486232e+308,1.79769313486232e+308
53,"8/07/99",1,2421132,2,2,1,21,8000,0,5,0,1.79769313486232e+308,1.79769313486232e+308,1.79769313486232e+308
54,"8/07/99",1,2421231,2,2,1,21,4000,0,0,2,1.79769313486232e+308,1.79769313486232e+308,1.79769313486232e+308
55,"8/07/99",1,2421231,3,2,2,1.79769313486232e+308,1.79769313486232e+308,1.79769313486232e+308,1.79769313486232e+308,1.79769313486232e+308,1.79769313486232e+308,1.79769313486232e+308,1.79769313486232e+308
56,"8/07/99",1,2421232,2,2,1,17,6000,0,12,0,1.79769313486232e+308,1.79769313486232e+308,1.79769313486232e+308
57,"8/07/99",1,2421339,1.79769313486232e+308,1.79769313486232e+308,1.79769313486232e+308,1.79769313486232e+308,1.79769313486232e+308,1.79769313486232e+308,1.79769313486232e+308,1.79769313486232e+308,1.79769313486232e+308,1.79769313486232e+308,1.79769313486232e+308
58,"8/07/99",1,2421439,2,2,1,16,0,0,15,0,1.79769313486232e+308,1.79769313486232e+308,1.79769313486232e+308
59,"8/07/99",1,2421539,4,4,2,1.79769313486232e+308,1.79769313486232e+308,1.79769313486232e+308,1.79769313486232e+308,1.79769313486232e+308,1.79769313486232e+308,1.79769313486232e+308,1.79769313486232e+308
60,"8/07/99",1,2421539,5,5,2,1.79769313486232e+308,1.79769313486232e+308,1.79769313486232e+308,1.79769313486232e+308,1.79769313486232e+308,1.79769313486232e+308,1.79769313486232e+308,1.79769313486232e+308
61,"8/07/99",1,2421639,2,2,1,22,7000,0,10,0,1.79769313486232e+308,1.79769313486232e+308,1.79769313486232e+308
62,"8/07/99",1,2421639,4,4,1,21,4000,0,36,0,2,1988,2
63,"8/07/99",1,2421739,5,1,2,1.79769313486232e+308,1.79769313486232e+308,1.79769313486232e+308,1.79769313486232e+308,1.79769313486232e+308,1.79769313486232e+308,1.79769313486232e+308,1.79769313486232e+308
64,"8/07/99",1,2421839,6,1,2,1.79769313486232e+308,1.79769313486232e+308,1.79769313486232e+308,1.79769313486232e+308,1.79769313486232e+308,1.79769313486232e+308,1.79769313486232e+308,1.79769313486232e+308
65,"8/07/99",1,2421839,8,1,2,1.79769313486232e+308,1.79769313486232e+308,1.79769313486232e+308,1.79769313486232e+308,1.79769313486232e+308,1.79769313486232e+308,1.79769313486232e+308,1.79769313486232e+308
66,"8/07/99",1,2421839,9,9,1,18,7000,2000,2,0,1.79769313486232e+308,1.79769313486232e+308,1.79769313486232e+308
139,"8/19/99",1,2430131,2,2,1,16,0,0,0,0,1.79769313486232e+308,1.79769313486232e+308,1.79769313486232e+308
140,"8/19/99",1,2430131,4,2,2,1.79769313486232e+308,1.79769313486232e+308,1.79769313486232e+308,1.79769313486232e+308,1.79769313486232e+308,1.79769313486232e+308,1.79769313486232e+308,1.79769313486232e+308
171,"8/19/99",1,2430141,8,8,1,15,13500,0,7,0,1.79769313486232e+308,1.79769313486232e+308,1.79769313486232e+308
172,"8/19/99",1,2430142,2,2,1,18,0,0,8,0,1.79769313486232e+308,1.79769313486232e+308,1.79769313486232e+308
173,"8/19/99",1,2430143,2,2,1,17,0,0,80,0,1.79769313486232e+308,1.79769313486232e+308,1.79769313486232e+308
178,"8/19/99",1,2430151,2,2,1,15,2000,0,8,0,1.79769313486232e+308,1.79769313486232e+308,1.79769313486232e+308
141,"8/19/99",1,2430231,2,2,1,16,0,0,15,0,1.79769313486232e+308,1.79769313486232e+308,1.79769313486232e+308
142,"8/19/99",1,2430231,3,1,2,1.79769313486232e+308,1.79769313486232e+308,1.79769313486232e+308,1.79769313486232e+308,1.79769313486232e+308,1.79769313486232e+308,1.79769313486232e+308,1.79769313486232e+308
174,"8/19/99",1,2430241,4,4,1,16,0,0,1.5,0,1.79769313486232e+308,1.79769313486232e+308,1.79769313486232e+308
175,"8/19/99",1,2430242,1,1,1,17,0,0,10,0,1.79769313486232e+308,1.79769313486232e+308,1.79769313486232e+308
179,"8/19/99",1,2430251,2,2,1,13,0,0,6,0,1.79769313486232e+308,1.79769313486232e+308,1.79769313486232e+308
180,"8/19/99",1,2430251,4,2,2,1.79769313486232e+308,1.79769313486232e+308,1.79769313486232e+308,1.79769313486232e+308,1.79769313486232e+308,1.79769313486232e+308,1.79769313486232e+308,1.79769313486232e+308
181,"8/19/99",1,2430251,5,2,2,1.79769313486232e+308,1.79769313486232e+308,1.79769313486232e+308,1.79769313486232e+308,1.79769313486232e+308,1.79769313486232e+308,1.79769313486232e+308,1.79769313486232e+308
182,"8/19/99",1,2430251,6,2,2,1.79769313486232e+308,1.79769313486232e+308,1.79769313486232e+308,1.79769313486232e+308,1.79769313486232e+308,1.79769313486232e+308,1.79769313486232e+308,1.79769313486232e+308
183,"8/19/99",1,2430251,7,2,2,1.79769313486232e+308,1.79769313486232e+308,1.79769313486232e+308,1.79769313486232e+308,1.79769313486232e+308,1.79769313486232e+308,1.79769313486232e+308,1.79769313486232e+308
184,"8/19/99",1,2430251,9,2,2,1.79769313486232e+308,1.79769313486232e+308,1.79769313486232e+308,1.79769313486232e+308,1.79769313486232e+308,1.79769313486232e+308,1.79769313486232e+308,1.79769313486232e+308
185,"8/19/99",1,2430251,12,2,2,1.79769313486232e+308,1.79769313486232e+308,1.79769313486232e+308,1.79769313486232e+308,1.79769313486232e+308,1.79769313486232e+308,1.79769313486232e+308,1.79769313486232e+308
186,"8/19/99",1,2430251,14,14,1,15,8000,0,3,0,1.79769313486232e+308,1.79769313486232e+308,1.79769313486232e+308
143,"8/19/99",1,2430331,4,4,1,14,0,0,5,0,1.79769313486232e+308,1.79769313486232e+308,1.79769313486232e+308
187,"8/19/99",1,2430351,2,2,1,13,0,0,7,0,1.79769313486232e+308,1.79769313486232e+308,1.79769313486232e+308
1.79769313486232e+308,".",1.79769313486232e+308,2430351,4,1.79769313486232e+308,2,1.79769313486232e+308,1.79769313486232e+308,1.79769313486232e+308,1.79769313486232e+308,1.79769313486232e+308,1.79769313486232e+308,1.79769313486232e+308,1.79769313486232e+308
1.79769313486232e+308,".",1.79769313486232e+308,2430351,5,1.79769313486232e+308,2,1.79769313486232e+308,1.79769313486232e+308,1.79769313486232e+308,1.79769313486232e+308,1.79769313486232e+308,1.79769313486232e+308,1.79769313486232e+308,1.79769313486232e+308
1.79769313486232e+308,".",1.79769313486232e+308,2430351,6,1.79769313486232e+308,2,1.79769313486232e+308,1.79769313486232e+308,1.79769313486232e+308,1.79769313486232e+308,1.79769313486232e+308,1.79769313486232e+308,1.79769313486232e+308,1.79769313486232e+308
188,"8/19/99",1,2430351,8,8,1,14,12000,0,120,0,1.79769313486232e+308,1.79769313486232e+308,1.79769313486232e+308
144,"8/19/99",1,2430431,7,7,1,17,0,0,3,0,1.79769313486232e+308,1.79769313486232e+308,1.79769313486232e+308
176,"8/19/99",1,2430441,2,2,1,15,0,0,20,1,1.79769313486232e+308,1.79769313486232e+308,1.79769313486232e+308
1.79769313486232e+308,".",1.79769313486232e+308,2430459,4,1.79769313486232e+308,2,1.79769313486232e+308,1.79769313486232e+308,1.79769313486232e+308,1.79769313486232e+308,1.79769313486232e+308,1.79769313486232e+308,1.79769313486232e+308,1.79769313486232e+308
189,"8/19/99",1,2430459,5,5,1,23,7000,0,20,0,1.79769313486232e+308,1.79769313486232e+308,1.79769313486232e+308
145,"8/19/99",1,2430531,2,2,1,12,0,0,5,0,1.79769313486232e+308,1.79769313486232e+308,1.79769313486232e+308
177,"8/19/99",1,2430541,2,2,1,16,0,0,2,0,1.79769313486232e+308,1.79769313486232e+308,1.79769313486232e+308
146,"8/19/99",1,2430631,2,2,1,17,0,0,15,0,1.79769313486232e+308,1.79769313486232e+308,1.79769313486232e+308
147,"8/19/99",1,2430631,3,3,2,1.79769313486232e+308,1.79769313486232e+308,1.79769313486232e+308,1.79769313486232e+308,1.79769313486232e+308,1.79769313486232e+308,1.79769313486232e+308,1.79769313486232e+308
148,"8/19/99",1,2430631,4,4,2,1.79769313486232e+308,1.79769313486232e+308,1.79769313486232e+308,1.79769313486232e+308,1.79769313486232e+308,1.79769313486232e+308,1.79769313486232e+308,1.79769313486232e+308
149,"8/19/99",1,2430731,2,2,1,14,0,0,0,3,1.79769313486232e+308,1.79769313486232e+308,1.79769313486232e+308
150,"8/19/99",1,2430831,2,2,1,14,0,0,3,0,1.79769313486232e+308,1.79769313486232e+308,1.79769313486232e+308
151,"8/19/99",1,2430931,2,2,1,13,0,0,5,0,1.79769313486232e+308,1.79769313486232e+308,1.79769313486232e+308
1.79769313486232e+308,".",1.79769313486232e+308,2430931,5,1.79769313486232e+308,2,1.79769313486232e+308,1.79769313486232e+308,1.79769313486232e+308,1.79769313486232e+308,1.79769313486232e+308,1.79769313486232e+308,1.79769313486232e+308,1.79769313486232e+308
152,"8/19/99",1,2430931,6,6,1,15,0,0,5,0,1.79769313486232e+308,1.79769313486232e+308,1.79769313486232e+308
153,"8/19/99",1,2430932,2,2,1,25,0,0,0.25,0,1.79769313486232e+308,1.79769313486232e+308,1.79769313486232e+308
154,"8/19/99",1,2431031,2,2,1,13,0,0,6,0,1.79769313486232e+308,1.79769313486232e+308,1.79769313486232e+308
157,"8/19/99",1,2431031,5,5,2,1.79769313486232e+308,1.79769313486232e+308,1.79769313486232e+308,1.79769313486232e+308,1.79769313486232e+308,1.79769313486232e+308,1.79769313486232e+308,1.79769313486232e+308
155,"8/19/99",1,2431031,6,6,1,14,0,0,6,0,1.79769313486232e+308,1.79769313486232e+308,1.79769313486232e+308
156,"8/19/99",1,2431031,7,7,1,25,17000,0,10,0,1.79769313486232e+308,1.79769313486232e+308,1.79769313486232e+308
158,"8/19/99",1,2431131,4,4,2,1.79769313486232e+308,1.79769313486232e+308,1.79769313486232e+308,1.79769313486232e+308,1.79769313486232e+308,1.79769313486232e+308,1.79769313486232e+308,1.79769313486232e+308
159,"8/19/99",1,2431131,5,5,2,1.79769313486232e+308,1.79769313486232e+308,1.79769313486232e+308,1.79769313486232e+308,1.79769313486232e+308,1.79769313486232e+308,1.79769313486232e+308,1.79769313486232e+308
160,"8/19/99",1,2431131,6,6,2,1.79769313486232e+308,1.79769313486232e+308,1.79769313486232e+308,1.79769313486232e+308,1.79769313486232e+308,1.79769313486232e+308,1.79769313486232e+308,1.79769313486232e+308
161,"8/19/99",1,2431231,2,2,1,15,0,0,35,0,1.79769313486232e+308,1.79769313486232e+308,1.79769313486232e+308
162,"8/19/99",1,2431339,2,2,1,13,0,0,6,0,1.79769313486232e+308,1.79769313486232e+308,1.79769313486232e+308
163,"8/19/99",1,2431439,2,2,1,15,0,0,0,0,1.79769313486232e+308,1.79769313486232e+308,1.79769313486232e+308
164,"8/19/99",1,2431439,5,5,1,13,0,0,15,0,1.79769313486232e+308,1.79769313486232e+308,1.79769313486232e+308
165,"8/19/99",1,2431539,3,3,1,16,0,0,2,0,1.79769313486232e+308,1.79769313486232e+308,1.79769313486232e+308
166,"8/19/99",1,2431539,4,3,2,1.79769313486232e+308,1.79769313486232e+308,1.79769313486232e+308,1.79769313486232e+308,1.79769313486232e+308,1.79769313486232e+308,1.79769313486232e+308,1.79769313486232e+308
167,"8/19/99",1,2431539,5,3,2,1.79769313486232e+308,1.79769313486232e+308,1.79769313486232e+308,1.79769313486232e+308,1.79769313486232e+308,1.79769313486232e+308,1.79769313486232e+308,1.79769313486232e+308
168,"8/19/99",1,2431639,2,2,1,16,0,0,15,0,1.79769313486232e+308,1.79769313486232e+308,1.79769313486232e+308
169,"8/19/99",1,2431639,3,3,1,17,0,0,0,0,1.79769313486232e+308,1.79769313486232e+308,1.79769313486232e+308
170,"8/19/99",1,2431739,2,2,1,18,1500,0,10,0,1.79769313486232e+308,1.79769313486232e+308,1.79769313486232e+308
1,"7/07/99",1,2510141,1.79769313486232e+308,1.79769313486232e+308,1.79769313486232e+308,1.79769313486232e+308,1.79769313486232e+308,1.79769313486232e+308,1.79769313486232e+308,1.79769313486232e+308,1.79769313486232e+308,1.79769313486232e+308,1.79769313486232e+308
36,"8/01/99",1,2510151,2,4,1,11,0,0,11,0,1.79769313486232e+308,1.79769313486232e+308,1.79769313486232e+308
37,"8/01/99",1,2510151,4,4,1,13,0,0,5,0,1.79769313486232e+308,1.79769313486232e+308,1.79769313486232e+308
38,"8/01/99",1,2510151,11,4,1,13,0,0,13,0,1.79769313486232e+308,1.79769313486232e+308,1.79769313486232e+308
2,"8/01/99",1,2510241,2,2,1,16,0,0,0,0,1.79769313486232e+308,1.79769313486232e+308,1.79769313486232e+308
39,"8/01/99",1,2510251,2,2,1,11,0,0,15,46,1,1995,8
3,"8/01/99",1,2510341,2,2,1,17,0,0,2,159,2,1986,3
40,"8/01/99",1,2510351,2,2,1,15,500,0,1,0,1.79769313486232e+308,1.79769313486232e+308,1.79769313486232e+308
1.79769313486232e+308,".",1.79769313486232e+308,2510441,7,1.79769313486232e+308,2,1.79769313486232e+308,1.79769313486232e+308,1.79769313486232e+308,1.79769313486232e+308,1.79769313486232e+308,1.79769313486232e+308,1.79769313486232e+308,1.79769313486232e+308
4,"8/01/99",1,2510441,1.79769313486232e+308,1.79769313486232e+308,1.79769313486232e+308,1.79769313486232e+308,1.79769313486232e+308,1.79769313486232e+308,1.79769313486232e+308,1.79769313486232e+308,1.79769313486232e+308,1.79769313486232e+308,1.79769313486232e+308
5,"8/01/99",1,2510442,2,2,1,13,3000,0,1,0,1.79769313486232e+308,1.79769313486232e+308,1.79769313486232e+308
41,"8/01/99",1,2510459,2,2,1,12,0,0,8,0,1.79769313486232e+308,1.79769313486232e+308,1.79769313486232e+308
42,"8/01/99",1,2510459,3,2,2,1.79769313486232e+308,1.79769313486232e+308,1.79769313486232e+308,1.79769313486232e+308,1.79769313486232e+308,1.79769313486232e+308,1.79769313486232e+308,1.79769313486232e+308
6,"8/01/99",1,2510541,2,2,1,18,20000,0,0.0500000007450581,0,1.79769313486232e+308,1.79769313486232e+308,1.79769313486232e+308
7,"8/01/99",1,2510641,3,3,1,17,0,0,15,0,1.79769313486232e+308,1.79769313486232e+308,1.79769313486232e+308
8,"8/01/99",1,2510642,1,1,1,17,0,0,0.150000005960464,60,1.79769313486232e+308,1.79769313486232e+308,1.79769313486232e+308
9,"8/01/99",1,2510642,3,1,2,1.79769313486232e+308,1.79769313486232e+308,1.79769313486232e+308,1.79769313486232e+308,1.79769313486232e+308,1.79769313486232e+308,1.79769313486232e+308,1.79769313486232e+308
10,"8/01/99",1,2510642,4,1,2,1.79769313486232e+308,1.79769313486232e+308,1.79769313486232e+308,1.79769313486232e+308,1.79769313486232e+308,1.79769313486232e+308,1.79769313486232e+308,1.79769313486232e+308
11,"8/01/99",1,2510642,8,1,1,15,20000,0,8,0,1.79769313486232e+308,1.79769313486232e+308,1.79769313486232e+308
12,"8/01/99",1,2510741,2,2,1,13,4000,0,1.5,0,1.79769313486232e+308,1.79769313486232e+308,1.79769313486232e+308
17,"8/01/99",1,2510841,6,7,1,12,0,0,3,18,2,1994,11
13,"8/01/99",1,2510841,7,7,1,14,0,0,10,18,1.79769313486232e+308,1.79769313486232e+308,1.79769313486232e+308
14,"8/01/99",1,2510841,8,7,1,15,0,0,2,0,1.79769313486232e+308,1.79769313486232e+308,1.79769313486232e+308
15,"8/01/99",1,2510841,10,7,2,1.79769313486232e+308,1.79769313486232e+308,1.79769313486232e+308,1.79769313486232e+308,1.79769313486232e+308,1.79769313486232e+308,1.79769313486232e+308,1.79769313486232e+308
16,"8/01/99",1,2510841,21,7,1,16,0,0,5,6,1.79769313486232e+308,1.79769313486232e+308,1.79769313486232e+308
18,"8/01/99",1,2510941,4,10,1,18,0,0,5,0,1.79769313486232e+308,1.79769313486232e+308,1.79769313486232e+308
19,"8/01/99",1,2510941,7,10,2,1.79769313486232e+308,1.79769313486232e+308,1.79769313486232e+308,1.79769313486232e+308,1.79769313486232e+308,1.79769313486232e+308,1.79769313486232e+308,1.79769313486232e+308
20,"8/01/99",1,2510941,8,10,2,1.79769313486232e+308,1.79769313486232e+308,1.79769313486232e+308,1.79769313486232e+308,1.79769313486232e+308,1.79769313486232e+308,1.79769313486232e+308,1.79769313486232e+308
21,"8/01/99",1,2510941,10,10,1,16,0,0,15,12,1.79769313486232e+308,1.79769313486232e+308,1.79769313486232e+308
22,"8/01/99",1,2511041,2,2,1,16,0,0,5,0,1.79769313486232e+308,1.79769313486232e+308,1.79769313486232e+308
23,"8/01/99",1,2511041,3,2,2,1.79769313486232e+308,1.79769313486232e+308,1.79769313486232e+308,1.79769313486232e+308,1.79769313486232e+308,1.79769313486232e+308,1.79769313486232e+308,1.79769313486232e+308
24,"8/01/99",1,2511141,2,2,1,15,0,0,10,0,1.79769313486232e+308,1.79769313486232e+308,1.79769313486232e+308
25,"8/01/99",1,2511141,6,2,2,1.79769313486232e+308,1.79769313486232e+308,1.79769313486232e+308,1.79769313486232e+308,1.79769313486232e+308,1.79769313486232e+308,1.79769313486232e+308,1.79769313486232e+308
26,"8/01/99",1,2511141,7,2,2,1.79769313486232e+308,1.79769313486232e+308,1.79769313486232e+308,1.79769313486232e+308,1.79769313486232e+308,1.79769313486232e+308,1.79769313486232e+308,1.79769313486232e+308
27,"8/01/99",1,2511241,2,2,1,15,0,0,15,0,1.79769313486232e+308,1.79769313486232e+308,1.79769313486232e+308
28,"8/01/99",1,2511241,5,2,2,1.79769313486232e+308,1.79769313486232e+308,1.79769313486232e+308,1.79769313486232e+308,1.79769313486232e+308,1.79769313486232e+308,1.79769313486232e+308,1.79769313486232e+308
29,"8/01/99",1,2511341,2,2,1,12,0,0,1.62000000476837,0,1.79769313486232e+308,1.79769313486232e+308,1.79769313486232e+308
30,"8/01/99",1,2511342,2,2,1,14,0,0,81,0,1.79769313486232e+308,1.79769313486232e+308,1.79769313486232e+308
31,"8/01/99",1,2511441,2,2,1,12,0,0,1,0,1.79769313486232e+308,1.79769313486232e+308,1.79769313486232e+308
32,"8/01/99",1,2511541,2,2,1,12,0,0,5,0,1.79769313486232e+308,1.79769313486232e+308,1.79769313486232e+308
33,"8/01/99",1,2511641,2,2,1,15,3500,0,35,0,1.79769313486232e+308,1.79769313486232e+308,1.79769313486232e+308
34,"8/01/99",1,2511641,4,2,1,17,0,0,12,0,1,1976,5
35,"8/01/99",1,2511741,2,2,1,18,0,0,0.100000001490116,0,1.79769313486232e+308,1.79769313486232e+308,1.79769313486232e+308
1.79769313486232e+308,".",1.79769313486232e+308,2511741,7,1.79769313486232e+308,2,1.79769313486232e+308,1.79769313486232e+308,1.79769313486232e+308,1.79769313486232e+308,1.79769313486232e+308,1.79769313486232e+308,1.79769313486232e+308,1.79769313486232e+308
91,"6/07/99",1,2520141,6,7,2,1.79769313486232e+308,1.79769313486232e+308,1.79769313486232e+308,1.79769313486232e+308,1.79769313486232e+308,1.79769313486232e+308,1.79769313486232e+308,1.79769313486232e+308
92,"6/10/99",1,2520141,7,7,1,23,0,0,3,0,1.79769313486232e+308,1.79769313486232e+308,1.79769313486232e+308
122,"6/10/99",1,2520151,3,3,1,15,0,0,10,0,1.79769313486232e+308,1.79769313486232e+308,1.79769313486232e+308
123,"6/10/99",1,2520151,9,3,2,1.79769313486232e+308,1.79769313486232e+308,1.79769313486232e+308,1.79769313486232e+308,1.79769313486232e+308,1.79769313486232e+308,1.79769313486232e+308,1.79769313486232e+308
124,"6/10/99",1,2520151,15,3,1,17,4000,0,6,12,1.79769313486232e+308,1.79769313486232e+308,1.79769313486232e+308
93,"6/10/99",1,2520241,6,9,2,1.79769313486232e+308,1.79769313486232e+308,1.79769313486232e+308,1.79769313486232e+308,1.79769313486232e+308,1.79769313486232e+308,1.79769313486232e+308,1.79769313486232e+308
94,"6/10/99",1,2520241,9,9,1,12,6000,0,4,0,1.79769313486232e+308,1.79769313486232e+308,1.79769313486232e+308
125,"6/10/99",1,2520251,2,2,1,12,0,0,10,0,1.79769313486232e+308,1.79769313486232e+308,1.79769313486232e+308
126,"6/10/99",1,2520251,6,2,2,1.79769313486232e+308,1.79769313486232e+308,1.79769313486232e+308,1.79769313486232e+308,1.79769313486232e+308,1.79769313486232e+308,1.79769313486232e+308,1.79769313486232e+308
95,"6/10/99",1,2520341,6,8,2,1.79769313486232e+308,1.79769313486232e+308,1.79769313486232e+308,1.79769313486232e+308,1.79769313486232e+308,1.79769313486232e+308,1.79769313486232e+308,1.79769313486232e+308
96,"6/10/99",1,2520341,7,8,2,1.79769313486232e+308,1.79769313486232e+308,1.79769313486232e+308,1.79769313486232e+308,1.79769313486232e+308,1.79769313486232e+308,1.79769313486232e+308,1.79769313486232e+308
97,"6/10/99",1,2520341,8,8,1,14,8000,0,8,0,1.79769313486232e+308,1.79769313486232e+308,1.79769313486232e+308
98,"6/10/99",1,2520341,11,8,1,16,15000,0,3,0,1.79769313486232e+308,1.79769313486232e+308,1.79769313486232e+308
127,"6/10/99",1,2520351,6,6,2,1.79769313486232e+308,1.79769313486232e+308,1.79769313486232e+308,1.79769313486232e+308,1.79769313486232e+308,1.79769313486232e+308,1.79769313486232e+308,1.79769313486232e+308
128,"6/10/99",1,2520351,9,2,1,18,0,0,2,0,1.79769313486232e+308,1.79769313486232e+308,1.79769313486232e+308
99,"6/10/99",1,2520441,2,2,1,18,2000,0,0.100000001490116,0,1.79769313486232e+308,1.79769313486232e+308,1.79769313486232e+308
129,"6/10/99",1,2520459,5,5,1,15,8000,0,7,0,1.79769313486232e+308,1.79769313486232e+308,1.79769313486232e+308
130,"6/10/99",1,2520459,8,5,1,17,0,0,12,0,1.79769313486232e+308,1.79769313486232e+308,1.79769313486232e+308
100,"6/10/99",1,2520541,17,2,1,18,0,0,1.62000000476837,24,1.79769313486232e+308,1.79769313486232e+308,1.79769313486232e+308
101,"6/10/99",1,2520542,2,2,1,18,2000,0,7,0,1.79769313486232e+308,1.79769313486232e+308,1.79769313486232e+308
102,"6/10/99",1,2520542,3,2,2,1.79769313486232e+308,1.79769313486232e+308,1.79769313486232e+308,1.79769313486232e+308,1.79769313486232e+308,1.79769313486232e+308,1.79769313486232e+308,1.79769313486232e+308
103,"6/10/99",1,2520641,9,2,2,1.79769313486232e+308,1.79769313486232e+308,1.79769313486232e+308,1.79769313486232e+308,1.79769313486232e+308,1.79769313486232e+308,1.79769313486232e+308,1.79769313486232e+308
104,"6/10/99",1,2520641,13,2,1,17,20000,0,20,0,1.79769313486232e+308,1.79769313486232e+308,1.79769313486232e+308
105,"6/10/99",1,2520741,5,5,2,1.79769313486232e+308,1.79769313486232e+308,1.79769313486232e+308,1.79769313486232e+308,1.79769313486232e+308,1.79769313486232e+308,1.79769313486232e+308,1.79769313486232e+308
106,"6/10/99",1,2520741,6,5,2,1.79769313486232e+308,1.79769313486232e+308,1.79769313486232e+308,1.79769313486232e+308,1.79769313486232e+308,1.79769313486232e+308,1.79769313486232e+308,1.79769313486232e+308
107,"6/10/99",1,2520741,8,5,1,14,15000,0,8,0,1.79769313486232e+308,1.79769313486232e+308,1.79769313486232e+308
108,"6/10/99",1,2520841,2,2,1,12,2000,0,0.25,0,1.79769313486232e+308,1.79769313486232e+308,1.79769313486232e+308
109,"6/10/99",1,2520941,2,2,1,18,0,0,0.5,0,1.79769313486232e+308,1.79769313486232e+308,1.79769313486232e+308
110,"6/10/99",1,2520941,3,2,2,1.79769313486232e+308,1.79769313486232e+308,1.79769313486232e+308,1.79769313486232e+308,1.79769313486232e+308,1.79769313486232e+308,1.79769313486232e+308,1.79769313486232e+308
111,"6/10/99",1,2521041,1.79769313486232e+308,1.79769313486232e+308,1.79769313486232e+308,1.79769313486232e+308,1.79769313486232e+308,1.79769313486232e+308,1.79769313486232e+308,1.79769313486232e+308,1.79769313486232e+308,1.79769313486232e+308,1.79769313486232e+308
112,"6/10/99",1,2521141,2,2,1,13,0,0,0.5,0,1.79769313486232e+308,1.79769313486232e+308,1.79769313486232e+308
113,"6/10/99",1,2521241,4,4,1,20,2400,0,4,24,1.79769313486232e+308,1.79769313486232e+308,1.79769313486232e+308
114,"6/10/99",1,2521341,2,2,1,15,0,0,25,0,1.79769313486232e+308,1.79769313486232e+308,1.79769313486232e+308
115,"6/10/99",1,2521441,2,2,1,14,0,0,9,0,1.79769313486232e+308,1.79769313486232e+308,1.79769313486232e+308
116,"6/10/99",1,2521541,2,2,1,16,0,0,25,0,1.79769313486232e+308,1.79769313486232e+308,1.79769313486232e+308
117,"6/10/99",1,2521542,1,1,1,17,0,0,0,80,1.79769313486232e+308,1.79769313486232e+308,1.79769313486232e+308
118,"6/10/99",1,2521542,3,1,2,1.79769313486232e+308,1.79769313486232e+308,1.79769313486232e+308,1.79769313486232e+308,1.79769313486232e+308,1.79769313486232e+308,1.79769313486232e+308,1.79769313486232e+308
119,"6/10/99",1,2521641,2,2,1,17,0,0,0.5,0,1.79769313486232e+308,1.79769313486232e+308,1.79769313486232e+308
120,"6/10/99",1,2521641,4,2,2,1.79769313486232e+308,1.79769313486232e+308,1.79769313486232e+308,1.79769313486232e+308,1.79769313486232e+308,1.79769313486232e+308,1.79769313486232e+308,1.79769313486232e+308
121,"6/10/99",1,2521741,3,3,1,11,0,0,0.100000001490116,50,1.79769313486232e+308,1.79769313486232e+308,1.79769313486232e+308
1,"5/20/99",1,2530141,2,2,1,15,0,0,0.5,0,1.79769313486232e+308,1.79769313486232e+308,1.79769313486232e+308
32,"5/23/99",1,2530151,1,1,1,19,0,0,0.5,210,1.79769313486232e+308,1.79769313486232e+308,1.79769313486232e+308
33,"5/23/99",1,2530151,4,1,2,1.79769313486232e+308,1.79769313486232e+308,1.79769313486232e+308,1.79769313486232e+308,1.79769313486232e+308,1.79769313486232e+308,1.79769313486232e+308,1.79769313486232e+308
2,"5/23/99",1,2530241,2,2,1,14,0,0,4,80,1.79769313486232e+308,1.79769313486232e+308,1.79769313486232e+308
3,"5/23/99",1,2530241,6,2,2,1.79769313486232e+308,1.79769313486232e+308,1.79769313486232e+308,1.79769313486232e+308,1.79769313486232e+308,1.79769313486232e+308,1.79769313486232e+308,1.79769313486232e+308
34,"5/23/99",1,2530251,2,2,1,14,0,0,3,0,1.79769313486232e+308,1.79769313486232e+308,1.79769313486232e+308
35,"5/23/99",1,2530251,3,2,2,1.79769313486232e+308,1.79769313486232e+308,1.79769313486232e+308,1.79769313486232e+308,1.79769313486232e+308,1.79769313486232e+308,1.79769313486232e+308,1.79769313486232e+308
5,"5/23/99",1,2530341,4,2,1,16,0,0,8,12,1.79769313486232e+308,1.79769313486232e+308,1.79769313486232e+308
93,"9/12/99",1,2530351,9,2,1,17,0,0,2,15,1.79769313486232e+308,1.79769313486232e+308,1.79769313486232e+308
94,"9/12/99",1,2530351,10,2,1,17,0,0,29,0,1.79769313486232e+308,1.79769313486232e+308,1.79769313486232e+308
6,"5/23/99",1,2530441,5,9,2,1.79769313486232e+308,1.79769313486232e+308,1.79769313486232e+308,1.79769313486232e+308,1.79769313486232e+308,1.79769313486232e+308,1.79769313486232e+308,1.79769313486232e+308
7,"5/23/99",1,2530441,6,9,2,1.79769313486232e+308,1.79769313486232e+308,1.79769313486232e+308,1.79769313486232e+308,1.79769313486232e+308,1.79769313486232e+308,1.79769313486232e+308,1.79769313486232e+308
8,"5/23/99",1,2530441,8,9,1,18,75000,0,6.48000001907349,5,1.79769313486232e+308,1.79769313486232e+308,1.79769313486232e+308
9,"5/23/99",1,2530441,9,9,1,16,6000,0,4.8600001335144,73,2,1993,2
36,"5/23/99",1,2530459,1.79769313486232e+308,1.79769313486232e+308,1.79769313486232e+308,1.79769313486232e+308,1.79769313486232e+308,1.79769313486232e+308,1.79769313486232e+308,1.79769313486232e+308,1.79769313486232e+308,1.79769313486232e+308,1.79769313486232e+308
10,"5/23/99",1,2530541,2,2,1,12,0,0,13,0,1.79769313486232e+308,1.79769313486232e+308,1.79769313486232e+308
11,"5/23/99",1,2530541,4,2,2,1.79769313486232e+308,1.79769313486232e+308,1.79769313486232e+308,1.79769313486232e+308,1.79769313486232e+308,1.79769313486232e+308,1.79769313486232e+308,1.79769313486232e+308
12,"5/23/99",1,2530541,5,2,1,15,0,0,5,0,1.79769313486232e+308,1.79769313486232e+308,1.79769313486232e+308
13,"5/23/99",1,2530641,3,3,1,16,0,0,8,0,1,1989,3
14,"5/23/99",1,2530741,2,2,1,16,0,0,7,0,1.79769313486232e+308,1.79769313486232e+308,1.79769313486232e+308
15,"5/23/99",1,2530741,5,2,2,1.79769313486232e+308,1.79769313486232e+308,1.79769313486232e+308,1.79769313486232e+308,1.79769313486232e+308,1.79769313486232e+308,1.79769313486232e+308,1.79769313486232e+308
16,"5/23/99",1,2530841,3,3,1,14,0,0,13,64,1.79769313486232e+308,1.79769313486232e+308,1.79769313486232e+308
17,"5/23/99",1,2530941,5,5,1,20,800,0,20,42,1.79769313486232e+308,1.79769313486232e+308,1.79769313486232e+308
18,"5/23/99",1,2531041,4,4,2,1.79769313486232e+308,1.79769313486232e+308,1.79769313486232e+308,1.79769313486232e+308,1.79769313486232e+308,1.79769313486232e+308,1.79769313486232e+308,1.79769313486232e+308
19,"5/23/99",1,2531041,7,4,1,17,15000,0,2,0,1.79769313486232e+308,1.79769313486232e+308,1.79769313486232e+308
20,"5/23/99",1,2531141,7,8,2,1.79769313486232e+308,1.79769313486232e+308,1.79769313486232e+308,1.79769313486232e+308,1.79769313486232e+308,1.79769313486232e+308,1.79769313486232e+308,1.79769313486232e+308
21,"5/23/99",1,2531141,8,8,1,15,0,0,1.62000000476837,24,1.79769313486232e+308,1.79769313486232e+308,1.79769313486232e+308
1.79769313486232e+308,".",1.79769313486232e+308,2531141,1.79769313486232e+308,1.79769313486232e+308,1.79769313486232e+308,1.79769313486232e+308,1.79769313486232e+308,1.79769313486232e+308,1.79769313486232e+308,1.79769313486232e+308,1.79769313486232e+308,1.79769313486232e+308,1.79769313486232e+308
22,"5/23/99",1,2531241,2,2,1,16,0,0,10,0,1.79769313486232e+308,1.79769313486232e+308,1.79769313486232e+308
23,"5/23/99",1,2531341,3,2,2,1.79769313486232e+308,1.79769313486232e+308,1.79769313486232e+308,1.79769313486232e+308,1.79769313486232e+308,1.79769313486232e+308,1.79769313486232e+308,1.79769313486232e+308
24,"5/23/99",1,2531441,2,2,1,11,280,0,3,0,1.79769313486232e+308,1.79769313486232e+308,1.79769313486232e+308
25,"5/23/99",1,2531441,6,2,2,1.79769313486232e+308,1.79769313486232e+308,1.79769313486232e+308,1.79769313486232e+308,1.79769313486232e+308,1.79769313486232e+308,1.79769313486232e+308,1.79769313486232e+308
26,"5/23/99",1,2531441,7,2,2,1.79769313486232e+308,1.79769313486232e+308,1.79769313486232e+308,1.79769313486232e+308,1.79769313486232e+308,1.79769313486232e+308,1.79769313486232e+308,1.79769313486232e+308
27,"5/23/99",1,2531541,1,1,1,18,0,0,9,0,1.79769313486232e+308,1.79769313486232e+308,1.79769313486232e+308
1.79769313486232e+308,"8/18/99",1,2531541,4,1,2,1.79769313486232e+308,1.79769313486232e+308,1.79769313486232e+308,1.79769313486232e+308,1.79769313486232e+308,1.79769313486232e+308,1.79769313486232e+308,1.79769313486232e+308
28,"5/23/99",1,2531641,2,2,1,15,0,0,25,0,1.79769313486232e+308,1.79769313486232e+308,1.79769313486232e+308
29,"5/23/99",1,2531641,5,2,2,1.79769313486232e+308,1.79769313486232e+308,1.79769313486232e+308,1.79769313486232e+308,1.79769313486232e+308,1.79769313486232e+308,1.79769313486232e+308,1.79769313486232e+308
30,"5/23/99",1,2531641,8,2,1,14,0,0,4.5,0,1.79769313486232e+308,1.79769313486232e+308,1.79769313486232e+308
31,"5/23/99",1,2531741,3,3,1,11,0,0,1,0,1.79769313486232e+308,1.79769313486232e+308,1.79769313486232e+308
1,"7/07/99",1,2540149,2,2,1,17,0,0,200,0,1.79769313486232e+308,1.79769313486232e+308,1.79769313486232e+308
18,"9/12/99",1,2540159,3,3,2,1.79769313486232e+308,1.79769313486232e+308,1.79769313486232e+308,1.79769313486232e+308,1.79769313486232e+308,1.79769313486232e+308,1.79769313486232e+308,1.79769313486232e+308
2,"9/12/99",1,2540249,2,2,1,12,0,600,3,0,1.79769313486232e+308,1.79769313486232e+308,1.79769313486232e+308
3,"9/12/99",1,2540249,3,2,2,1.79769313486232e+308,1.79769313486232e+308,1.79769313486232e+308,1.79769313486232e+308,1.79769313486232e+308,1.79769313486232e+308,1.79769313486232e+308,1.79769313486232e+308
19,"9/12/99",1,2540259,4,4,1,17,0,0,1,0,1.79769313486232e+308,1.79769313486232e+308,1.79769313486232e+308
4,"9/12/99",1,2540349,4,2,2,1.79769313486232e+308,1.79769313486232e+308,1.79769313486232e+308,1.79769313486232e+308,1.79769313486232e+308,1.79769313486232e+308,1.79769313486232e+308,1.79769313486232e+308
20,"9/12/99",1,2540359,6,2,2,1.79769313486232e+308,1.79769313486232e+308,1.79769313486232e+308,1.79769313486232e+308,1.79769313486232e+308,1.79769313486232e+308,1.79769313486232e+308,1.79769313486232e+308
21,"9/12/99",1,2540359,9,2,1,18,10000,0,8,0,1.79769313486232e+308,1.79769313486232e+308,1.79769313486232e+308
5,"9/12/99",1,2540449,2,2,1,14,0,0,5.5,0,1.79769313486232e+308,1.79769313486232e+308,1.79769313486232e+308
6,"9/12/99",1,2540449,3,2,2,1.79769313486232e+308,1.79769313486232e+308,1.79769313486232e+308,1.79769313486232e+308,1.79769313486232e+308,1.79769313486232e+308,1.79769313486232e+308,1.79769313486232e+308
22,"9/12/99",1,2540459,2,2,1,11,0,0,5.5,200,1.79769313486232e+308,1.79769313486232e+308,1.79769313486232e+308
7,"9/12/99",1,2540549,2,2,1,15,2500,0,2,0,1.79769313486232e+308,1.79769313486232e+308,1.79769313486232e+308
23,"9/12/99",1,2540559,2,2,1,18,0,0,2,0,1.79769313486232e+308,1.79769313486232e+308,1.79769313486232e+308
8,"9/12/99",1,2540649,4,2,2,1.79769313486232e+308,1.79769313486232e+308,1.79769313486232e+308,1.79769313486232e+308,1.79769313486232e+308,1.79769313486232e+308,1.79769313486232e+308,1.79769313486232e+308
9,"9/12/99",1,2540749,2,2,1,18,5000,0,3,24,1.79769313486232e+308,1.79769313486232e+308,1.79769313486232e+308
10,"9/12/99",1,2540849,2,2,1,14,6000,0,7,20,1.79769313486232e+308,1.79769313486232e+308,1.79769313486232e+308
11,"9/12/99",1,2540949,2,2,1,15,0,0,5,0,1.79769313486232e+308,1.79769313486232e+308,1.79769313486232e+308
12,"9/12/99",1,2541049,2,1,1,12,0,0,1.5,0,1.79769313486232e+308,1.79769313486232e+308,1.79769313486232e+308
13,"9/12/99",1,2541149,1,1,1,18,0,0,4,2,1,1998,6
14,"9/12/99",1,2541249,2,2,1,14,1000,0,3,0,1.79769313486232e+308,1.79769313486232e+308,1.79769313486232e+308
15,"9/12/99",1,2541349,2,2,1,16,11000,0,9.5,0,1.79769313486232e+308,1.79769313486232e+308,1.79769313486232e+308
16,"9/12/99",1,2541449,2,2,1,13,0,0,6,84,1.79769313486232e+308,1.79769313486232e+308,1.79769313486232e+308
17,"9/12/99",1,2541549,2,2,1,13,15000,0,2.5,0,1.79769313486232e+308,1.79769313486232e+308,1.79769313486232e+308
49,"7/14/99",1,2610141,2,2,1,17,0,0,15,15,1.79769313486232e+308,1.79769313486232e+308,1.79769313486232e+308
74,"7/14/99",1,2610151,6,6,2,1.79769313486232e+308,1.79769313486232e+308,1.79769313486232e+308,1.79769313486232e+308,1.79769313486232e+308,1.79769313486232e+308,1.79769313486232e+308,1.79769313486232e+308
75,"7/14/99",1,2610152,2,2,1,20,5000,0,7,0,1.79769313486232e+308,1.79769313486232e+308,1.79769313486232e+308
50,"7/14/99",1,2610241,2,2,1,18,1400,0,12,0,1.79769313486232e+308,1.79769313486232e+308,1.79769313486232e+308
76,"7/14/99",1,2610251,2,2,1,19,4000,0,0.5,25,1.79769313486232e+308,1.79769313486232e+308,1.79769313486232e+308
77,"7/14/99",1,2610252,2,2,1,19,3500,0,0.5,0,1.79769313486232e+308,1.79769313486232e+308,1.79769313486232e+308
78,"7/14/99",1,2610252,4,4,1,18,4000,0,12,0,2,1980,2
79,"7/14/99",1,2610253,2,2,1,18,7000,0,0.5,0,1.79769313486232e+308,1.79769313486232e+308,1.79769313486232e+308
51,"7/14/99",1,2610341,6,6,1,16,5000,0,95,0,1.79769313486232e+308,1.79769313486232e+308,1.79769313486232e+308
80,"7/14/99",1,2610351,4,4,1,16,8000,0,4,0,1.79769313486232e+308,1.79769313486232e+308,1.79769313486232e+308
52,"7/14/99",1,2610441,10,10,1,14,0,0,0.300000011920929,40,1.79769313486232e+308,1.79769313486232e+308,1.79769313486232e+308
53,"7/14/99",1,2610441,11,11,1,15,0,0,5,0,1.79769313486232e+308,1.79769313486232e+308,1.79769313486232e+308
81,"7/14/99",1,2610459,4,4,1,20,20000,0,5,0,1.79769313486232e+308,1.79769313486232e+308,1.79769313486232e+308
54,"7/14/99",1,2610541,2,2,1,15,700,0,28,0,1.79769313486232e+308,1.79769313486232e+308,1.79769313486232e+308
55,"7/14/99",1,2610541,5,2,2,1.79769313486232e+308,1.79769313486232e+308,1.79769313486232e+308,1.79769313486232e+308,1.79769313486232e+308,1.79769313486232e+308,1.79769313486232e+308,1.79769313486232e+308
56,"7/14/99",1,2610541,6,2,2,1.79769313486232e+308,1.79769313486232e+308,1.79769313486232e+308,1.79769313486232e+308,1.79769313486232e+308,1.79769313486232e+308,1.79769313486232e+308,1.79769313486232e+308
57,"7/14/99",1,2610641,2,2,1,19,0,0,0.5,0,1.79769313486232e+308,1.79769313486232e+308,1.79769313486232e+308
58,"7/14/99",1,2610741,2,2,1,17,0,0,1.20000004768372,120,1.79769313486232e+308,1.79769313486232e+308,1.79769313486232e+308
59,"7/14/99",1,2610741,3,3,1,14,10000,0,0.5,0,1.79769313486232e+308,1.79769313486232e+308,1.79769313486232e+308
60,"7/14/99",1,2610841,2,2,1,18,0,0,6,21,1.79769313486232e+308,1.79769313486232e+308,1.79769313486232e+308
61,"7/14/99",1,2610841,3,3,2,1.79769313486232e+308,1.79769313486232e+308,1.79769313486232e+308,1.79769313486232e+308,1.79769313486232e+308,1.79769313486232e+308,1.79769313486232e+308,1.79769313486232e+308
62,"7/14/99",1,2610941,2,2,1,20,6000,0,120,12,1.79769313486232e+308,1.79769313486232e+308,1.79769313486232e+308
63,"7/14/99",1,2611041,1.79769313486232e+308,1.79769313486232e+308,1.79769313486232e+308,1.79769313486232e+308,1.79769313486232e+308,1.79769313486232e+308,1.79769313486232e+308,1.79769313486232e+308,1.79769313486232e+308,1.79769313486232e+308,1.79769313486232e+308
64,"7/14/99",1,2611141,2,2,1,19,9000,0,2,26,1.79769313486232e+308,1.79769313486232e+308,1.79769313486232e+308
65,"7/14/99",1,2611241,2,2,1,17,2400,0,0.200000002980232,0,1.79769313486232e+308,1.79769313486232e+308,1.79769313486232e+308
66,"7/14/99",1,2611242,2,2,1,17,5000,0,8,2,1.79769313486232e+308,1.79769313486232e+308,1.79769313486232e+308
67,"7/14/99",1,2611341,2,2,1,19,0,0,5,25,1.79769313486232e+308,1.79769313486232e+308,1.79769313486232e+308
68,"7/14/99",1,2611441,2,2,1,19,0,0,0.5,0,1.79769313486232e+308,1.79769313486232e+308,1.79769313486232e+308
69,"7/14/99",1,2611541,2,2,1,17,0,0,5,21,1.79769313486232e+308,1.79769313486232e+308,1.79769313486232e+308
70,"7/14/99",1,2611541,4,4,2,1.79769313486232e+308,1.79769313486232e+308,1.79769313486232e+308,1.79769313486232e+308,1.79769313486232e+308,1.79769313486232e+308,1.79769313486232e+308,1.79769313486232e+308
71,"7/14/99",1,2611641,2,2,1,15,0,0,15,0,1.79769313486232e+308,1.79769313486232e+308,1.79769313486232e+308
72,"7/14/99",1,2611741,2,2,1,16,1000,0,22,0,1.79769313486232e+308,1.79769313486232e+308,1.79769313486232e+308
73,"7/14/99",1,2611741,4,2,2,1.79769313486232e+308,1.79769313486232e+308,1.79769313486232e+308,1.79769313486232e+308,1.79769313486232e+308,1.79769313486232e+308,1.79769313486232e+308,1.79769313486232e+308
1,"5/20/99",1,2620141,2,2,1,15,0,0,6,0,1.79769313486232e+308,1.79769313486232e+308,1.79769313486232e+308
2,"5/11/99",1,2620141,6,2,2,1.79769313486232e+308,1.79769313486232e+308,1.79769313486232e+308,1.79769313486232e+308,1.79769313486232e+308,1.79769313486232e+308,1.79769313486232e+308,1.79769313486232e+308
1.79769313486232e+308,"8/30/99",1,2620141,8,2,2,1.79769313486232e+308,1.79769313486232e+308,1.79769313486232e+308,1.79769313486232e+308,1.79769313486232e+308,1.79769313486232e+308,1.79769313486232e+308,1.79769313486232e+308
3,"5/11/99",1,2620141,9,2,1,19,8000,0,6,0,1.79769313486232e+308,1.79769313486232e+308,1.79769313486232e+308
4,"5/11/99",1,2620141,10,2,1,17,5000,0,45,0,1.79769313486232e+308,1.79769313486232e+308,1.79769313486232e+308
5,"5/11/99",1,2620241,6,6,1,17,3000,0,0.300000011920929,0,1.79769313486232e+308,1.79769313486232e+308,1.79769313486232e+308
30,"5/13/99",1,2620251,2,2,1,15,2500,0,0.100000001490116,0,1.79769313486232e+308,1.79769313486232e+308,1.79769313486232e+308
31,"5/13/99",1,2620251,6,2,2,1.79769313486232e+308,1.79769313486232e+308,1.79769313486232e+308,1.79769313486232e+308,1.79769313486232e+308,1.79769313486232e+308,1.79769313486232e+308,1.79769313486232e+308
32,"5/13/99",1,2620251,7,2,2,1.79769313486232e+308,1.79769313486232e+308,1.79769313486232e+308,1.79769313486232e+308,1.79769313486232e+308,1.79769313486232e+308,1.79769313486232e+308,1.79769313486232e+308
6,"5/13/99",1,2620341,2,2,1,13,0,0,40,0,1,1984,3
33,"5/13/99",1,2620351,5,5,1,18,0,0,1,0,1.79769313486232e+308,1.79769313486232e+308,1.79769313486232e+308
8,"5/13/99",1,2620441,2,2,1,16,0,0,0.300000011920929,0,1.79769313486232e+308,1.79769313486232e+308,1.79769313486232e+308
34,"5/13/99",1,2620459,2,2,1,16,2000,0,0.699999988079071,0,1.79769313486232e+308,1.79769313486232e+308,1.79769313486232e+308
9,"5/13/99",1,2620541,1.79769313486232e+308,1.79769313486232e+308,1.79769313486232e+308,1.79769313486232e+308,1.79769313486232e+308,1.79769313486232e+308,1.79769313486232e+308,1.79769313486232e+308,1.79769313486232e+308,1.79769313486232e+308,1.79769313486232e+308
10,"5/13/99",1,2620641,2,2,1,14,0,0,0.5,0,1.79769313486232e+308,1.79769313486232e+308,1.79769313486232e+308
11,"5/13/99",1,2620641,6,2,2,1.79769313486232e+308,1.79769313486232e+308,1.79769313486232e+308,1.79769313486232e+308,1.79769313486232e+308,1.79769313486232e+308,1.79769313486232e+308,1.79769313486232e+308
12,"5/13/99",1,2620641,8,8,1,14,3000,0,3,0,1.79769313486232e+308,1.79769313486232e+308,1.79769313486232e+308
13,"5/13/99",1,2620741,2,2,1,15,4500,0,3,0,1.79769313486232e+308,1.79769313486232e+308,1.79769313486232e+308
14,"5/13/99",1,2620841,1.79769313486232e+308,1.79769313486232e+308,1.79769313486232e+308,1.79769313486232e+308,1.79769313486232e+308,1.79769313486232e+308,1.79769313486232e+308,1.79769313486232e+308,1.79769313486232e+308,1.79769313486232e+308,1.79769313486232e+308
15,"5/13/99",1,2620941,1.79769313486232e+308,1.79769313486232e+308,1.79769313486232e+308,1.79769313486232e+308,1.79769313486232e+308,1.79769313486232e+308,1.79769313486232e+308,1.79769313486232e+308,1.79769313486232e+308,1.79769313486232e+308,1.79769313486232e+308
16,"5/13/99",1,2621041,2,2,1,13,1500,0,0.100000001490116,0,1.79769313486232e+308,1.79769313486232e+308,1.79769313486232e+308
17,"5/13/99",1,2621141,2,2,1,15,4000,0,0,0,1.79769313486232e+308,1.79769313486232e+308,1.79769313486232e+308
18,"5/13/99",1,2621141,3,2,1,15,0,0,4,0,1,1972,8
19,"5/13/99",1,2621241,5,5,2,1.79769313486232e+308,1.79769313486232e+308,1.79769313486232e+308,1.79769313486232e+308,1.79769313486232e+308,1.79769313486232e+308,1.79769313486232e+308,1.79769313486232e+308
20,"5/13/99",1,2621341,2,2,1,18,3000,0,5,0,1.79769313486232e+308,1.79769313486232e+308,1.79769313486232e+308
21,"5/13/99",1,2621341,4,2,2,1.79769313486232e+308,1.79769313486232e+308,1.79769313486232e+308,1.79769313486232e+308,1.79769313486232e+308,1.79769313486232e+308,1.79769313486232e+308,1.79769313486232e+308
22,"5/13/99",1,2621441,2,2,1,15,0,0,0.600000023841858,0,1.79769313486232e+308,1.79769313486232e+308,1.79769313486232e+308
23,"5/13/99",1,2621541,2,2,1,16,1600,0,11,24,1.79769313486232e+308,1.79769313486232e+308,1.79769313486232e+308
24,"5/13/99",1,2621541,6,2,2,1.79769313486232e+308,1.79769313486232e+308,1.79769313486232e+308,1.79769313486232e+308,1.79769313486232e+308,1.79769313486232e+308,1.79769313486232e+308,1.79769313486232e+308
25,"5/13/99",1,2621641,4,4,1,18,1200,0,4,36,1.79769313486232e+308,1.79769313486232e+308,1.79769313486232e+308
26,"5/13/99",1,2621641,6,4,2,1.79769313486232e+308,1.79769313486232e+308,1.79769313486232e+308,1.79769313486232e+308,1.79769313486232e+308,1.79769313486232e+308,1.79769313486232e+308,1.79769313486232e+308
28,"5/13/99",1,2621741,3,3,1,14,0,0,10,25,1.79769313486232e+308,1.79769313486232e+308,1.79769313486232e+308
29,"5/13/99",1,2621741,7,7,1,14,6500,0,0.25,8,1.79769313486232e+308,1.79769313486232e+308,1.79769313486232e+308
183,"6/17/99",1,2630141,2,2,1,15,0,0,1.20000004768372,0,1.79769313486232e+308,1.79769313486232e+308,1.79769313486232e+308
184,"6/17/99",1,2630141,4,4,2,1.79769313486232e+308,1.79769313486232e+308,1.79769313486232e+308,1.79769313486232e+308,1.79769313486232e+308,1.79769313486232e+308,1.79769313486232e+308,1.79769313486232e+308
197,"6/17/99",1,2630151,1.79769313486232e+308,1.79769313486232e+308,1.79769313486232e+308,1.79769313486232e+308,1.79769313486232e+308,1.79769313486232e+308,1.79769313486232e+308,1.79769313486232e+308,1.79769313486232e+308,1.79769313486232e+308,1.79769313486232e+308
198,"6/17/99",1,2630152,2,2,1,15,20000,0,40,0,1.79769313486232e+308,1.79769313486232e+308,1.79769313486232e+308
185,"6/17/99",1,2630241,2,2,1,16,0,0,10,0,1.79769313486232e+308,1.79769313486232e+308,1.79769313486232e+308
199,"6/17/99",1,2630251,2,2,1,16,0,0,10,0,1.79769313486232e+308,1.79769313486232e+308,1.79769313486232e+308
200,"6/17/99",1,2630251,6,1.79769313486232e+308,2,1.79769313486232e+308,1.79769313486232e+308,1.79769313486232e+308,1.79769313486232e+308,1.79769313486232e+308,1.79769313486232e+308,1.79769313486232e+308,1.79769313486232e+308
201,"6/17/99",1,2630251,7,1.79769313486232e+308,1,17,9000,0,6,10,1.79769313486232e+308,1.79769313486232e+308,1.79769313486232e+308
186,"6/17/99",1,2630341,2,2,1,16,1800,0,28,62,1.79769313486232e+308,1.79769313486232e+308,1.79769313486232e+308
187,"6/17/99",1,2630441,2,2,1,16,2000,0,0.200000002980232,0,1.79769313486232e+308,1.79769313486232e+308,1.79769313486232e+308
202,"6/17/99",1,2630459,2,2,1,16,0,0,6,21,1.79769313486232e+308,1.79769313486232e+308,1.79769313486232e+308
188,"6/17/99",1,2630641,1.79769313486232e+308,1.79769313486232e+308,1.79769313486232e+308,1.79769313486232e+308,1.79769313486232e+308,1.79769313486232e+308,1.79769313486232e+308,1.79769313486232e+308,1.79769313486232e+308,1.79769313486232e+308,1.79769313486232e+308
189,"6/17/99",1,2630841,1,1,1,18,3000,0,40,0,1,1991,2
190,"6/17/99",1,2631141,2,2,1,18,5000,0,0.200000002980232,0,1.79769313486232e+308,1.79769313486232e+308,1.79769313486232e+308
191,"6/17/99",1,2631241,2,2,1,17,2000,0,60,20,1.79769313486232e+308,1.79769313486232e+308,1.79769313486232e+308
192,"6/17/99",1,2631241,3,2,2,1.79769313486232e+308,1.79769313486232e+308,1.79769313486232e+308,1.79769313486232e+308,1.79769313486232e+308,1.79769313486232e+308,1.79769313486232e+308,1.79769313486232e+308
193,"6/17/99",1,2631341,2,2,1,16,1000,0,0.200000002980232,10,1.79769313486232e+308,1.79769313486232e+308,1.79769313486232e+308
194,"6/17/99",1,2631341,3,2,2,1.79769313486232e+308,1.79769313486232e+308,1.79769313486232e+308,1.79769313486232e+308,1.79769313486232e+308,1.79769313486232e+308,1.79769313486232e+308,1.79769313486232e+308
195,"6/17/99",1,2631541,2,2,1,18,3500,0,0.200000002980232,20,1.79769313486232e+308,1.79769313486232e+308,1.79769313486232e+308
196,"6/17/99",1,2631741,1,1,1,23,0,0,7,0,1.79769313486232e+308,1.79769313486232e+308,1.79769313486232e+308
1,"5/20/99",1,2710141,2,2,1,16,0,0,15,0,1.79769313486232e+308,1.79769313486232e+308,1.79769313486232e+308
2,"5/29/99",1,2710141,4,2,2,1.79769313486232e+308,1.79769313486232e+308,1.79769313486232e+308,1.79769313486232e+308,1.79769313486232e+308,1.79769313486232e+308,1.79769313486232e+308,1.79769313486232e+308
25,"5/29/99",1,2710151,11,11,1,20,0,0,25,0,1.79769313486232e+308,1.79769313486232e+308,1.79769313486232e+308
3,"5/29/99",1,2710241,2,2,1,15,0,0,7,0,1.79769313486232e+308,1.79769313486232e+308,1.79769313486232e+308
26,"5/29/99",1,2710251,2,2,1,13,0,0,16,0,1.79769313486232e+308,1.79769313486232e+308,1.79769313486232e+308
4,"5/29/99",1,2710341,4,4,1,14,3000,0,0.200000002980232,0,1.79769313486232e+308,1.79769313486232e+308,1.79769313486232e+308
27,"5/29/99",1,2710351,1.79769313486232e+308,1.79769313486232e+308,1.79769313486232e+308,1.79769313486232e+308,1.79769313486232e+308,1.79769313486232e+308,1.79769313486232e+308,1.79769313486232e+308,1.79769313486232e+308,1.79769313486232e+308,1.79769313486232e+308
5,"5/29/99",1,2710441,2,2,1,14,0,0,100,0,1.79769313486232e+308,1.79769313486232e+308,1.79769313486232e+308
28,"5/29/99",1,2710459,2,2,1,15,0,0,16,0,1.79769313486232e+308,1.79769313486232e+308,1.79769313486232e+308
6,"5/29/99",1,2710541,2,2,1,19,0,0,5,0,1.79769313486232e+308,1.79769313486232e+308,1.79769313486232e+308
1.79769313486232e+308,"8/18/99",1,2710541,3,2,1,18,0,0,0,0,1.79769313486232e+308,1.79769313486232e+308,1.79769313486232e+308
7,"5/29/99",1,2710641,2,2,1,14,0,0,3,0,1.79769313486232e+308,1.79769313486232e+308,1.79769313486232e+308
8,"5/29/99",1,2710642,2,2,1,16,0,0,350,42,1.79769313486232e+308,1.79769313486232e+308,1.79769313486232e+308
9,"5/29/99",1,2710741,2,1,1,14,0,0,4,0,1.79769313486232e+308,1.79769313486232e+308,1.79769313486232e+308
10,"5/29/99",1,2710741,6,1,2,1.79769313486232e+308,1.79769313486232e+308,1.79769313486232e+308,1.79769313486232e+308,1.79769313486232e+308,1.79769313486232e+308,1.79769313486232e+308,1.79769313486232e+308
11,"5/29/99",1,2710841,2,2,1,15,0,0,4,0,1.79769313486232e+308,1.79769313486232e+308,1.79769313486232e+308
12,"5/29/99",1,2710941,2,2,1,14,0,0,45,0,1.79769313486232e+308,1.79769313486232e+308,1.79769313486232e+308
1.79769313486232e+308,"8/18/99",1,2710941,3,2,2,1.79769313486232e+308,1.79769313486232e+308,1.79769313486232e+308,1.79769313486232e+308,1.79769313486232e+308,1.79769313486232e+308,1.79769313486232e+308,1.79769313486232e+308
13,"5/29/99",1,2711041,2,2,1,12,0,0,4,0,1.79769313486232e+308,1.79769313486232e+308,1.79769313486232e+308
14,"5/29/99",1,2711041,5,2,2,1.79769313486232e+308,1.79769313486232e+308,1.79769313486232e+308,1.79769313486232e+308,1.79769313486232e+308,1.79769313486232e+308,1.79769313486232e+308,1.79769313486232e+308
15,"5/29/99",1,2711141,3,2,2,1.79769313486232e+308,1.79769313486232e+308,1.79769313486232e+308,1.79769313486232e+308,1.79769313486232e+308,1.79769313486232e+308,1.79769313486232e+308,1.79769313486232e+308
16,"5/29/99",1,2711141,5,2,2,1.79769313486232e+308,1.79769313486232e+308,1.79769313486232e+308,1.79769313486232e+308,1.79769313486232e+308,1.79769313486232e+308,1.79769313486232e+308,1.79769313486232e+308
17,"5/29/99",1,2711241,2,2,1,21,4000,0,1.5,0,1.79769313486232e+308,1.79769313486232e+308,1.79769313486232e+308
18,"5/29/99",1,2711341,2,2,1,16,0,0,4,0,1.79769313486232e+308,1.79769313486232e+308,1.79769313486232e+308
19,"5/29/99",1,2711341,4,2,2,1.79769313486232e+308,1.79769313486232e+308,1.79769313486232e+308,1.79769313486232e+308,1.79769313486232e+308,1.79769313486232e+308,1.79769313486232e+308,1.79769313486232e+308
20,"5/29/99",1,2711341,5,2,2,1.79769313486232e+308,1.79769313486232e+308,1.79769313486232e+308,1.79769313486232e+308,1.79769313486232e+308,1.79769313486232e+308,1.79769313486232e+308,1.79769313486232e+308
21,"5/29/99",1,2711541,2,2,1,20,0,0,13,0,1.79769313486232e+308,1.79769313486232e+308,1.79769313486232e+308
22,"5/29/99",1,2711541,4,2,2,1.79769313486232e+308,1.79769313486232e+308,1.79769313486232e+308,1.79769313486232e+308,1.79769313486232e+308,1.79769313486232e+308,1.79769313486232e+308,1.79769313486232e+308
23,"5/29/99",1,2711641,4,4,2,1.79769313486232e+308,1.79769313486232e+308,1.79769313486232e+308,1.79769313486232e+308,1.79769313486232e+308,1.79769313486232e+308,1.79769313486232e+308,1.79769313486232e+308
24,"5/29/99",1,2711741,7,7,1,16,0,0,5,0,1.79769313486232e+308,1.79769313486232e+308,1.79769313486232e+308
70,"6/19/99",1,2720141,2,2,1,18,0,0,12,0,1.79769313486232e+308,1.79769313486232e+308,1.79769313486232e+308
71,"6/27/99",1,2720141,3,2,2,1.79769313486232e+308,1.79769313486232e+308,1.79769313486232e+308,1.79769313486232e+308,1.79769313486232e+308,1.79769313486232e+308,1.79769313486232e+308,1.79769313486232e+308
72,"6/27/99",1,2720141,4,2,2,1.79769313486232e+308,1.79769313486232e+308,1.79769313486232e+308,1.79769313486232e+308,1.79769313486232e+308,1.79769313486232e+308,1.79769313486232e+308,1.79769313486232e+308
102,"6/27/99",1,2720151,2,2,1,14,0,0,25,0,1.79769313486232e+308,1.79769313486232e+308,1.79769313486232e+308
103,"6/27/99",1,2720151,3,2,2,1.79769313486232e+308,1.79769313486232e+308,1.79769313486232e+308,1.79769313486232e+308,1.79769313486232e+308,1.79769313486232e+308,1.79769313486232e+308,1.79769313486232e+308
73,"6/27/99",1,2720241,2,1,1,18,20000,0,30,0,1.79769313486232e+308,1.79769313486232e+308,1.79769313486232e+308
74,"6/27/99",1,2720241,3,3,2,1.79769313486232e+308,1.79769313486232e+308,1.79769313486232e+308,1.79769313486232e+308,1.79769313486232e+308,1.79769313486232e+308,1.79769313486232e+308,1.79769313486232e+308
104,"6/27/99",1,2720251,2,2,1,11,0,0,9,0,1.79769313486232e+308,1.79769313486232e+308,1.79769313486232e+308
75,"6/27/99",1,2720341,16,16,1,18,60000,5000,9,0,1.79769313486232e+308,1.79769313486232e+308,1.79769313486232e+308
76,"6/27/99",1,2720342,2,2,1,17,0,0,30,0,1.79769313486232e+308,1.79769313486232e+308,1.79769313486232e+308
77,"6/27/99",1,2720343,2,2,1,18,100000,0,80,0,1.79769313486232e+308,1.79769313486232e+308,1.79769313486232e+308
78,"6/27/99",1,2720344,2,2,1,18,0,0,0,0,1.79769313486232e+308,1.79769313486232e+308,1.79769313486232e+308
105,"6/27/99",1,2720351,4,4,2,1.79769313486232e+308,1.79769313486232e+308,1.79769313486232e+308,1.79769313486232e+308,1.79769313486232e+308,1.79769313486232e+308,1.79769313486232e+308,1.79769313486232e+308
79,"6/27/99",1,2720441,2,2,1,17,10000,0,1,0,1,1994,1
1.79769313486232e+308,"8/30/99",1,2720441,4,2,2,1.79769313486232e+308,1.79769313486232e+308,1.79769313486232e+308,1.79769313486232e+308,1.79769313486232e+308,1.79769313486232e+308,1.79769313486232e+308,1.79769313486232e+308
106,"6/27/99",1,2720459,4,4,1,22,70000,0,65,0,1.79769313486232e+308,1.79769313486232e+308,1.79769313486232e+308
80,"6/27/99",1,2720541,2,2,1,15,0,0,3,0,1.79769313486232e+308,1.79769313486232e+308,1.79769313486232e+308
81,"6/27/99",1,2720541,4,2,2,1.79769313486232e+308,1.79769313486232e+308,1.79769313486232e+308,1.79769313486232e+308,1.79769313486232e+308,1.79769313486232e+308,1.79769313486232e+308,1.79769313486232e+308
82,"6/27/99",1,2720641,3,2,2,1.79769313486232e+308,1.79769313486232e+308,1.79769313486232e+308,1.79769313486232e+308,1.79769313486232e+308,1.79769313486232e+308,1.79769313486232e+308,1.79769313486232e+308
83,"6/27/99",1,2720741,2,2,1,8,0,0,5,96,2,1992,1.79769313486232e+308
1.79769313486232e+308,"8/30/99",1,2720741,4,2,2,1.79769313486232e+308,1.79769313486232e+308,1.79769313486232e+308,1.79769313486232e+308,1.79769313486232e+308,1.79769313486232e+308,1.79769313486232e+308,1.79769313486232e+308
84,"6/27/99",1,2720841,3,3,1,17,0,0,4,0,1.79769313486232e+308,1.79769313486232e+308,1.79769313486232e+308
85,"6/27/99",1,2720941,2,2,1,15,0,0,8,0,1.79769313486232e+308,1.79769313486232e+308,1.79769313486232e+308
86,"6/27/99",1,2720942,2,2,1,18,0,0,0,0,1.79769313486232e+308,1.79769313486232e+308,1.79769313486232e+308
87,"6/27/99",1,2721041,2,2,1,17,1500,0,0.5,0,1.79769313486232e+308,1.79769313486232e+308,1.79769313486232e+308
88,"6/27/99",1,2721141,2,2,1,8,0,0,3,0,1.79769313486232e+308,1.79769313486232e+308,1.79769313486232e+308
89,"6/27/99",1,2721141,8,8,1,16,2000,0,16,0,1.79769313486232e+308,1.79769313486232e+308,1.79769313486232e+308
90,"6/27/99",1,2721141,9,9,1,16,4000,0,14,0,1.79769313486232e+308,1.79769313486232e+308,1.79769313486232e+308
91,"6/27/99",1,2721241,2,2,1,15,0,0,5,0,1.79769313486232e+308,1.79769313486232e+308,1.79769313486232e+308
92,"6/27/99",1,2721241,3,3,2,1.79769313486232e+308,1.79769313486232e+308,1.79769313486232e+308,1.79769313486232e+308,1.79769313486232e+308,1.79769313486232e+308,1.79769313486232e+308,1.79769313486232e+308
93,"6/27/99",1,2721341,2,2,1,15,1200,0,6,0,1.79769313486232e+308,1.79769313486232e+308,1.79769313486232e+308
94,"6/27/99",1,2721441,2,2,1,13,0,0,7,0,1.79769313486232e+308,1.79769313486232e+308,1.79769313486232e+308
96,"6/27/99",1,2721441,5,2,2,1.79769313486232e+308,1.79769313486232e+308,1.79769313486232e+308,1.79769313486232e+308,1.79769313486232e+308,1.79769313486232e+308,1.79769313486232e+308,1.79769313486232e+308
95,"6/27/99",1,2721441,6,6,1,14,3500,0,15,0,1.79769313486232e+308,1.79769313486232e+308,1.79769313486232e+308
97,"6/27/99",1,2721541,2,2,1,16,0,0,12,0,1.79769313486232e+308,1.79769313486232e+308,1.79769313486232e+308
98,"6/27/99",1,2721641,1.79769313486232e+308,1.79769313486232e+308,1.79769313486232e+308,1.79769313486232e+308,1.79769313486232e+308,1.79769313486232e+308,1.79769313486232e+308,1.79769313486232e+308,1.79769313486232e+308,1.79769313486232e+308,1.79769313486232e+308
99,"6/27/99",1,2721741,2,2,1,16,0,0,55,0,1.79769313486232e+308,1.79769313486232e+308,1.79769313486232e+308
101,"6/27/99",1,2721741,6,2,2,1.79769313486232e+308,1.79769313486232e+308,1.79769313486232e+308,1.79769313486232e+308,1.79769313486232e+308,1.79769313486232e+308,1.79769313486232e+308,1.79769313486232e+308
100,"6/27/99",1,2721741,8,8,1,15,12000,0,55,0,1.79769313486232e+308,1.79769313486232e+308,1.79769313486232e+308
1,"7/27/99",1,2730141,2,2,1,20,3000,0,250,0,1.79769313486232e+308,1.79769313486232e+308,1.79769313486232e+308
16,"7/27/99",1,2730151,2,2,1,18,0,0,15,0,1.79769313486232e+308,1.79769313486232e+308,1.79769313486232e+308
2,"7/27/99",1,2730241,2,2,1,16,5000,0,85,0,1.79769313486232e+308,1.79769313486232e+308,1.79769313486232e+308
3,"7/27/99",1,2730241,3,2,2,1.79769313486232e+308,1.79769313486232e+308,1.79769313486232e+308,1.79769313486232e+308,1.79769313486232e+308,1.79769313486232e+308,1.79769313486232e+308,1.79769313486232e+308
17,"7/27/99",1,2730251,2,2,1,16,0,0,6,0,1.79769313486232e+308,1.79769313486232e+308,1.79769313486232e+308
18,"7/27/99",1,2730251,4,2,2,1.79769313486232e+308,1.79769313486232e+308,1.79769313486232e+308,1.79769313486232e+308,1.79769313486232e+308,1.79769313486232e+308,1.79769313486232e+308,1.79769313486232e+308
4,"7/27/99",1,2730341,2,2,1,16,0,0,2,0,1.79769313486232e+308,1.79769313486232e+308,1.79769313486232e+308
19,"7/27/99",1,2730351,5,1,2,1.79769313486232e+308,1.79769313486232e+308,1.79769313486232e+308,1.79769313486232e+308,1.79769313486232e+308,1.79769313486232e+308,1.79769313486232e+308,1.79769313486232e+308
20,"7/27/99",1,2730351,8,8,1,19,0,0,17,36,1.79769313486232e+308,1.79769313486232e+308,1.79769313486232e+308
5,"7/27/99",1,2730441,2,2,1,20,0,0,0.200000002980232,0,1.79769313486232e+308,1.79769313486232e+308,1.79769313486232e+308
21,"7/27/99",1,2730459,9,9,1,16,18000,0,40,0,1.79769313486232e+308,1.79769313486232e+308,1.79769313486232e+308
22,"7/27/99",1,2730459,11,11,1,18,20000,0,40,0,1.79769313486232e+308,1.79769313486232e+308,1.79769313486232e+308
6,"7/27/99",1,2730641,2,2,1,20,400,0,0,0,1.79769313486232e+308,1.79769313486232e+308,1.79769313486232e+308
7,"7/27/99",1,2730841,1.79769313486232e+308,1.79769313486232e+308,1.79769313486232e+308,1.79769313486232e+308,1.79769313486232e+308,1.79769313486232e+308,1.79769313486232e+308,1.79769313486232e+308,1.79769313486232e+308,1.79769313486232e+308,1.79769313486232e+308
8,"7/27/99",1,2730941,1,1,1,15,0,0,0.5,0,1.79769313486232e+308,1.79769313486232e+308,1.79769313486232e+308
9,"7/27/99",1,2731041,2,2,1,18,0,0,6,0,1.79769313486232e+308,1.79769313486232e+308,1.79769313486232e+308
1.79769313486232e+308,".",1.79769313486232e+308,2731141,4,1.79769313486232e+308,2,1.79769313486232e+308,1.79769313486232e+308,1.79769313486232e+308,1.79769313486232e+308,1.79769313486232e+308,1.79769313486232e+308,1.79769313486232e+308,1.79769313486232e+308
10,"7/27/99",1,2731141,1.79769313486232e+308,1.79769313486232e+308,1.79769313486232e+308,1.79769313486232e+308,1.79769313486232e+308,1.79769313486232e+308,1.79769313486232e+308,1.79769313486232e+308,1.79769313486232e+308,1.79769313486232e+308,1.79769313486232e+308
11,"7/27/99",1,2731241,2,2,1,14,0,0,2,0,1.79769313486232e+308,1.79769313486232e+308,1.79769313486232e+308
12,"7/27/99",1,2731341,2,2,1,15,0,0,3,0,1.79769313486232e+308,1.79769313486232e+308,1.79769313486232e+308
13,"7/27/99",1,2731541,2,2,1,16,0,0,6,0,1,1989,1.79769313486232e+308
14,"7/27/99",1,2731641,2,2,1,17,0,0,7,0,1.79769313486232e+308,1.79769313486232e+308,1.79769313486232e+308
15,"7/27/99",1,2731741,2,2,1,18,0,0,8,0,1.79769313486232e+308,1.79769313486232e+308,1.79769313486232e+308
37,"6/22/99",1,2810141,2,2,1,14,1000,0,8,0,1.79769313486232e+308,1.79769313486232e+308,1.79769313486232e+308
38,"6/22/99",1,2810141,3,3,2,1.79769313486232e+308,1.79769313486232e+308,1.79769313486232e+308,1.79769313486232e+308,1.79769313486232e+308,1.79769313486232e+308,1.79769313486232e+308,1.79769313486232e+308
60,"6/22/99",1,2810151,3,2,1,16,7500,0,20,0,1.79769313486232e+308,1.79769313486232e+308,1.79769313486232e+308
39,"6/22/99",1,2810241,6,6,1,18,0,0,15,0,1.79769313486232e+308,1.79769313486232e+308,1.79769313486232e+308
61,"6/22/99",1,2810251,6,6,1,12,0,0,0.25,0,1.79769313486232e+308,1.79769313486232e+308,1.79769313486232e+308
62,"6/22/99",1,2810252,2,2,1,12,0,0,1,0,1.79769313486232e+308,1.79769313486232e+308,1.79769313486232e+308
40,"6/22/99",1,2810341,2,2,1,14,1000,0,6,0,1.79769313486232e+308,1.79769313486232e+308,1.79769313486232e+308
41,"6/22/99",1,2810341,3,3,2,1.79769313486232e+308,1.79769313486232e+308,1.79769313486232e+308,1.79769313486232e+308,1.79769313486232e+308,1.79769313486232e+308,1.79769313486232e+308,1.79769313486232e+308
63,"6/22/99",1,2810351,2,1,1,17,0,0,5,0,1.79769313486232e+308,1.79769313486232e+308,1.79769313486232e+308
64,"6/22/99",1,2810459,2,2,1,20,0,0,50,0,1.79769313486232e+308,1.79769313486232e+308,1.79769313486232e+308
65,"6/22/99",1,2810459,4,4,1,17,3000,0,35,0,1.79769313486232e+308,1.79769313486232e+308,1.79769313486232e+308
66,"6/22/99",1,2810459,6,6,1,16,2000,0,1.5,0,1.79769313486232e+308,1.79769313486232e+308,1.79769313486232e+308
42,"6/22/99",1,2810541,2,2,1,13,0,0,8,0,1.79769313486232e+308,1.79769313486232e+308,1.79769313486232e+308
43,"6/22/99",1,2810541,8,2,1,17,3000,0,46,0,1.79769313486232e+308,1.79769313486232e+308,1.79769313486232e+308
45,"6/22/99",1,2810641,4,4,2,1.79769313486232e+308,1.79769313486232e+308,1.79769313486232e+308,1.79769313486232e+308,1.79769313486232e+308,1.79769313486232e+308,1.79769313486232e+308,1.79769313486232e+308
46,"6/22/99",1,2810641,7,7,2,1.79769313486232e+308,1.79769313486232e+308,1.79769313486232e+308,1.79769313486232e+308,1.79769313486232e+308,1.79769313486232e+308,1.79769313486232e+308,1.79769313486232e+308
47,"6/22/99",1,2810741,2,2,1,14,0,0,28,0,1.79769313486232e+308,1.79769313486232e+308,1.79769313486232e+308
48,"6/22/99",1,2810741,9,2,2,1.79769313486232e+308,1.79769313486232e+308,1.79769313486232e+308,1.79769313486232e+308,1.79769313486232e+308,1.79769313486232e+308,1.79769313486232e+308,1.79769313486232e+308
49,"6/22/99",1,2810841,2,2,1,10,0,0,6.44999980926514,0,1.79769313486232e+308,1.79769313486232e+308,1.79769313486232e+308
50,"6/22/99",1,2810941,2,2,1,18,1000,0,8,0,1.79769313486232e+308,1.79769313486232e+308,1.79769313486232e+308
51,"6/22/99",1,2811041,2,2,1,7,0,0,0.25,0,1.79769313486232e+308,1.79769313486232e+308,1.79769313486232e+308
52,"6/22/99",1,2811141,2,2,1,14,1200,0,7,2,1.79769313486232e+308,1.79769313486232e+308,1.79769313486232e+308
53,"6/22/99",1,2811341,2,2,1,14,0,0,0.25,6,1.79769313486232e+308,1.79769313486232e+308,1.79769313486232e+308
54,"6/22/99",1,2811341,4,2,1,17,14000,0,19,0,1.79769313486232e+308,1.79769313486232e+308,1.79769313486232e+308
55,"6/22/99",1,2811441,2,2,1,20,1000,0,0,0,1.79769313486232e+308,1.79769313486232e+308,1.79769313486232e+308
56,"6/22/99",1,2811441,4,2,2,1.79769313486232e+308,1.79769313486232e+308,1.79769313486232e+308,1.79769313486232e+308,1.79769313486232e+308,1.79769313486232e+308,1.79769313486232e+308,1.79769313486232e+308
57,"6/22/99",1,2811441,5,2,2,1.79769313486232e+308,1.79769313486232e+308,1.79769313486232e+308,1.79769313486232e+308,1.79769313486232e+308,1.79769313486232e+308,1.79769313486232e+308,1.79769313486232e+308
58,"6/22/99",1,2811741,2,2,1,16,0,0,0.100000001490116,0,1.79769313486232e+308,1.79769313486232e+308,1.79769313486232e+308
59,"6/22/99",1,2811741,5,1,2,1.79769313486232e+308,1.79769313486232e+308,1.79769313486232e+308,1.79769313486232e+308,1.79769313486232e+308,1.79769313486232e+308,1.79769313486232e+308,1.79769313486232e+308
306,"7/06/99",1,2820141,2,2,1,16,0,0,1.5,0,1.79769313486232e+308,1.79769313486232e+308,1.79769313486232e+308
328,"7/06/99",1,2820151,2,2,1,15,0,0,50,0,1.79769313486232e+308,1.79769313486232e+308,1.79769313486232e+308
307,"7/06/99",1,2820241,2,2,1,13,2000,0,4.5,0,1.79769313486232e+308,1.79769313486232e+308,1.79769313486232e+308
329,"7/06/99",1,2820251,2,2,1,16,0,0,7.5,0,1.79769313486232e+308,1.79769313486232e+308,1.79769313486232e+308
330,"7/06/99",1,2820251,3,2,2,1.79769313486232e+308,1.79769313486232e+308,1.79769313486232e+308,1.79769313486232e+308,1.79769313486232e+308,1.79769313486232e+308,1.79769313486232e+308,1.79769313486232e+308
331,"7/06/99",1,2820351,2,2,1,14,0,0,30,0,1.79769313486232e+308,1.79769313486232e+308,1.79769313486232e+308
308,"7/06/99",1,2820441,2,2,1,17,0,0,4,0,1.79769313486232e+308,1.79769313486232e+308,1.79769313486232e+308
309,"7/06/99",1,2820441,7,2,1,14,0,0,16,0,1.79769313486232e+308,1.79769313486232e+308,1.79769313486232e+308
332,"7/06/99",1,2820459,2,2,1,20,0,0,30,0,1.79769313486232e+308,1.79769313486232e+308,1.79769313486232e+308
333,"7/06/99",1,2820459,4,2,2,1.79769313486232e+308,1.79769313486232e+308,1.79769313486232e+308,1.79769313486232e+308,1.79769313486232e+308,1.79769313486232e+308,1.79769313486232e+308,1.79769313486232e+308
310,"7/06/99",1,2820541,2,2,1,16,0,0,1,0,1.79769313486232e+308,1.79769313486232e+308,1.79769313486232e+308
311,"7/06/99",1,2820741,2,1,1,13,0,0,1.5,0,1.79769313486232e+308,1.79769313486232e+308,1.79769313486232e+308
312,"7/06/99",1,2820741,3,1,1,16,1300,0,6.5,0,1.79769313486232e+308,1.79769313486232e+308,1.79769313486232e+308
313,"7/06/99",1,2820841,2,2,1,17,1500,0,7.5,0,1.79769313486232e+308,1.79769313486232e+308,1.79769313486232e+308
314,"7/06/99",1,2820941,2,2,1,12,0,0,5,0,1.79769313486232e+308,1.79769313486232e+308,1.79769313486232e+308
315,"7/06/99",1,2821041,1.79769313486232e+308,1.79769313486232e+308,1.79769313486232e+308,1.79769313486232e+308,1.79769313486232e+308,1.79769313486232e+308,1.79769313486232e+308,1.79769313486232e+308,1.79769313486232e+308,1.79769313486232e+308,1.79769313486232e+308
316,"7/06/99",1,2821141,2,2,1,15,0,0,3,0,1.79769313486232e+308,1.79769313486232e+308,1.79769313486232e+308
317,"7/06/99",1,2821241,2,2,1,15,0,0,3,0,1.79769313486232e+308,1.79769313486232e+308,1.79769313486232e+308
318,"7/06/99",1,2821341,2,2,1,17,0,0,50,0,1.79769313486232e+308,1.79769313486232e+308,1.79769313486232e+308
319,"7/06/99",1,2821341,9,2,1,13,0,0,12,0,1.79769313486232e+308,1.79769313486232e+308,1.79769313486232e+308
320,"7/06/99",1,2821441,2,2,1,20,0,0,0,0,1.79769313486232e+308,1.79769313486232e+308,1.79769313486232e+308
321,"7/06/99",1,2821541,2,1,1,18,2000,0,3.5,0,1.79769313486232e+308,1.79769313486232e+308,1.79769313486232e+308
322,"7/06/99",1,2821541,3,1,1,17,6000,0,0.5,0,1.79769313486232e+308,1.79769313486232e+308,1.79769313486232e+308
323,"7/06/99",1,2821542,2,2,1,14,10000,0,5,0,1.79769313486232e+308,1.79769313486232e+308,1.79769313486232e+308
324,"7/06/99",1,2821543,2,2,1,15,2000,0,8,0,1.79769313486232e+308,1.79769313486232e+308,1.79769313486232e+308
325,"7/06/99",1,2821544,3,2,2,1.79769313486232e+308,1.79769313486232e+308,1.79769313486232e+308,1.79769313486232e+308,1.79769313486232e+308,1.79769313486232e+308,1.79769313486232e+308,1.79769313486232e+308
326,"7/06/99",1,2821641,2,2,1,18,2000,0,6,0,1.79769313486232e+308,1.79769313486232e+308,1.79769313486232e+308
327,"7/06/99",1,2821741,2,2,1,14,1900,0,4.5,0,1.79769313486232e+308,1.79769313486232e+308,1.79769313486232e+308
99,"6/11/99",1,2830141,2,1,1,14,170,0,100,0,1.79769313486232e+308,1.79769313486232e+308,1.79769313486232e+308
124,"6/11/99",1,2830151,2,2,1,16,0,0,3,0,1.79769313486232e+308,1.79769313486232e+308,1.79769313486232e+308
125,"6/11/99",1,2830151,4,2,2,1.79769313486232e+308,1.79769313486232e+308,1.79769313486232e+308,1.79769313486232e+308,1.79769313486232e+308,1.79769313486232e+308,1.79769313486232e+308,1.79769313486232e+308
100,"6/11/99",1,2830241,2,2,1,15,300,0,6,0,1.79769313486232e+308,1.79769313486232e+308,1.79769313486232e+308
1.79769313486232e+308,".",1.79769313486232e+308,2830241,5,2,2,1.79769313486232e+308,1.79769313486232e+308,1.79769313486232e+308,1.79769313486232e+308,1.79769313486232e+308,1.79769313486232e+308,1.79769313486232e+308,1.79769313486232e+308
126,"6/11/99",1,2830251,1.79769313486232e+308,1.79769313486232e+308,1.79769313486232e+308,1.79769313486232e+308,1.79769313486232e+308,1.79769313486232e+308,1.79769313486232e+308,1.79769313486232e+308,1.79769313486232e+308,1.79769313486232e+308,1.79769313486232e+308
127,"6/11/99",1,2830252,2,2,1,17,2000,0,28,0,1.79769313486232e+308,1.79769313486232e+308,1.79769313486232e+308
128,"6/11/99",1,2830253,2,2,1,16,0,0,0.100000001490116,0,1.79769313486232e+308,1.79769313486232e+308,1.79769313486232e+308
101,"6/11/99",1,2830341,2,2,1,16,0,0,2,0,1.79769313486232e+308,1.79769313486232e+308,1.79769313486232e+308
102,"6/11/99",1,2830341,6,2,2,1.79769313486232e+308,1.79769313486232e+308,1.79769313486232e+308,1.79769313486232e+308,1.79769313486232e+308,1.79769313486232e+308,1.79769313486232e+308,1.79769313486232e+308
103,"6/11/99",1,2830341,7,2,2,1.79769313486232e+308,1.79769313486232e+308,1.79769313486232e+308,1.79769313486232e+308,1.79769313486232e+308,1.79769313486232e+308,1.79769313486232e+308,1.79769313486232e+308
104,"6/11/99",1,2830342,2,2,1,18,8000,0,30,0,1.79769313486232e+308,1.79769313486232e+308,1.79769313486232e+308
105,"6/11/99",1,2830343,2,2,1,18,0,0,1.5,0,1.79769313486232e+308,1.79769313486232e+308,1.79769313486232e+308
129,"6/11/99",1,2830351,1.79769313486232e+308,1.79769313486232e+308,1.79769313486232e+308,1.79769313486232e+308,1.79769313486232e+308,1.79769313486232e+308,1.79769313486232e+308,1.79769313486232e+308,1.79769313486232e+308,1.79769313486232e+308,1.79769313486232e+308
106,"6/11/99",1,2830441,2,2,1,17,0,0,10,0,1.79769313486232e+308,1.79769313486232e+308,1.79769313486232e+308
107,"6/11/99",1,2830441,4,4,2,1.79769313486232e+308,1.79769313486232e+308,1.79769313486232e+308,1.79769313486232e+308,1.79769313486232e+308,1.79769313486232e+308,1.79769313486232e+308,1.79769313486232e+308
130,"6/11/99",1,2830459,2,2,1,19,0,0,30,0,1.79769313486232e+308,1.79769313486232e+308,1.79769313486232e+308
108,"6/11/99",1,2830541,2,2,1,15,1500,0,4.5,0,1.79769313486232e+308,1.79769313486232e+308,1.79769313486232e+308
109,"6/11/99",1,2830641,2,2,1,20,0,0,29,0,1.79769313486232e+308,1.79769313486232e+308,1.79769313486232e+308
110,"6/11/99",1,2830641,4,2,2,1.79769313486232e+308,1.79769313486232e+308,1.79769313486232e+308,1.79769313486232e+308,1.79769313486232e+308,1.79769313486232e+308,1.79769313486232e+308,1.79769313486232e+308
111,"6/11/99",1,2830741,2,2,1,15,4000,0,4.5,0,1.79769313486232e+308,1.79769313486232e+308,1.79769313486232e+308
112,"6/11/99",1,2830841,2,2,1,19,3000,0,2,0,1.79769313486232e+308,1.79769313486232e+308,1.79769313486232e+308
113,"6/11/99",1,2830941,2,2,1,15,0,0,0.5,0,1.79769313486232e+308,1.79769313486232e+308,1.79769313486232e+308
114,"6/11/99",1,2831041,2,2,1,15,0,0,5,0,1.79769313486232e+308,1.79769313486232e+308,1.79769313486232e+308
115,"6/11/99",1,2831141,2,2,1,19,2000,0,3,0,1.79769313486232e+308,1.79769313486232e+308,1.79769313486232e+308
116,"6/11/99",1,2831241,2,2,1,15,1500,0,1.5,0,1.79769313486232e+308,1.79769313486232e+308,1.79769313486232e+308
117,"6/11/99",1,2831341,3,3,1,17,0,0,24,0,1.79769313486232e+308,1.79769313486232e+308,1.79769313486232e+308
118,"6/11/99",1,2831441,2,2,1,18,24000,0,1.5,0,1.79769313486232e+308,1.79769313486232e+308,1.79769313486232e+308
119,"6/11/99",1,2831442,2,2,1,20,50000,0,1,0,1.79769313486232e+308,1.79769313486232e+308,1.79769313486232e+308
120,"6/11/99",1,2831541,2,2,1,16,0,0,16,0,1.79769313486232e+308,1.79769313486232e+308,1.79769313486232e+308
121,"6/11/99",1,2831541,4,2,2,1.79769313486232e+308,1.79769313486232e+308,1.79769313486232e+308,1.79769313486232e+308,1.79769313486232e+308,1.79769313486232e+308,1.79769313486232e+308,1.79769313486232e+308
122,"6/11/99",1,2831641,2,2,1,14,0,0,9,0,1.79769313486232e+308,1.79769313486232e+308,1.79769313486232e+308
123,"6/11/99",1,2831741,2,1,1,14,0,0,15,0,1.79769313486232e+308,1.79769313486232e+308,1.79769313486232e+308
35,"6/26/99",1,2840149,2,2,1,16,0,0,4,0,1.79769313486232e+308,1.79769313486232e+308,1.79769313486232e+308
54,"6/26/99",1,2840159,5,5,1,17,0,0,18,0,2,1998,11
36,"6/26/99",1,2840249,2,2,1,18,1500,0,2,0,1.79769313486232e+308,1.79769313486232e+308,1.79769313486232e+308
55,"6/26/99",1,2840259,2,2,1,20,0,0,0.25,0,1.79769313486232e+308,1.79769313486232e+308,1.79769313486232e+308
37,"6/26/99",1,2840349,2,2,1,14,5000,0,50,0,1.79769313486232e+308,1.79769313486232e+308,1.79769313486232e+308
56,"6/26/99",1,2840359,2,2,1,14,0,0,0.25,0,1.79769313486232e+308,1.79769313486232e+308,1.79769313486232e+308
38,"6/26/99",1,2840449,2,2,1,18,3000,0,3,0,1.79769313486232e+308,1.79769313486232e+308,1.79769313486232e+308
57,"6/26/99",1,2840459,2,2,1,18,5000,0,15,0,1.79769313486232e+308,1.79769313486232e+308,1.79769313486232e+308
39,"6/26/99",1,2840549,2,2,1,16,5000,0,6,0,1.79769313486232e+308,1.79769313486232e+308,1.79769313486232e+308
58,"6/26/99",1,2840559,2,2,1,16,3000,0,3,0,1.79769313486232e+308,1.79769313486232e+308,1.79769313486232e+308
40,"6/26/99",1,2840649,2,2,1,20,0,0,11,0,1.79769313486232e+308,1.79769313486232e+308,1.79769313486232e+308
41,"6/26/99",1,2840749,2,2,1,18,0,0,4,0,1.79769313486232e+308,1.79769313486232e+308,1.79769313486232e+308
42,"6/26/99",1,2840849,2,2,1,17,5000,0,4,0,1.79769313486232e+308,1.79769313486232e+308,1.79769313486232e+308
43,"6/26/99",1,2840949,1.79769313486232e+308,1.79769313486232e+308,1.79769313486232e+308,1.79769313486232e+308,1.79769313486232e+308,1.79769313486232e+308,1.79769313486232e+308,1.79769313486232e+308,1.79769313486232e+308,1.79769313486232e+308,1.79769313486232e+308
44,"6/26/99",1,2841049,2,2,1,16,0,0,2,0,1.79769313486232e+308,1.79769313486232e+308,1.79769313486232e+308
45,"6/26/99",1,2841049,5,2,1,21,0,0,0.5,0,2,1998,6
46,"6/26/99",1,2841049,6,2,2,1.79769313486232e+308,1.79769313486232e+308,1.79769313486232e+308,1.79769313486232e+308,1.79769313486232e+308,1.79769313486232e+308,1.79769313486232e+308,1.79769313486232e+308
47,"6/26/99",1,2841149,2,2,1,16,0,0,10,0,1.79769313486232e+308,1.79769313486232e+308,1.79769313486232e+308
48,"6/26/99",1,2841149,3,2,2,1.79769313486232e+308,1.79769313486232e+308,1.79769313486232e+308,1.79769313486232e+308,1.79769313486232e+308,1.79769313486232e+308,1.79769313486232e+308,1.79769313486232e+308
49,"6/26/99",1,2841249,3,2,1,22,0,0,20,0,2,1997,3
50,"6/26/99",1,2841349,2,2,1,16,0,0,5,0,1.79769313486232e+308,1.79769313486232e+308,1.79769313486232e+308
51,"6/26/99",1,2841349,3,2,2,1.79769313486232e+308,1.79769313486232e+308,1.79769313486232e+308,1.79769313486232e+308,1.79769313486232e+308,1.79769313486232e+308,1.79769313486232e+308,1.79769313486232e+308
52,"6/26/99",1,2841449,1.79769313486232e+308,1.79769313486232e+308,1.79769313486232e+308,1.79769313486232e+308,1.79769313486232e+308,1.79769313486232e+308,1.79769313486232e+308,1.79769313486232e+308,1.79769313486232e+308,1.79769313486232e+308,1.79769313486232e+308
53,"6/26/99",1,2841549,2,2,1,19,3000,0,3,0,1.79769313486232e+308,1.79769313486232e+308,1.79769313486232e+308
242,"6/20/99",1,2910141,2,2,1,15,15000,0,1.5,0,1.79769313486232e+308,1.79769313486232e+308,1.79769313486232e+308
264,"6/25/99",1,2910151,2,2,1,16,0,0,3,0,1.79769313486232e+308,1.79769313486232e+308,1.79769313486232e+308
243,"6/25/99",1,2910241,2,2,1,14,0,0,13,0,1.79769313486232e+308,1.79769313486232e+308,1.79769313486232e+308
244,"6/25/99",1,2910241,6,6,2,1.79769313486232e+308,1.79769313486232e+308,1.79769313486232e+308,1.79769313486232e+308,1.79769313486232e+308,1.79769313486232e+308,1.79769313486232e+308,1.79769313486232e+308
265,"6/25/99",1,2910251,2,2,1,13,850,0,4,0,1.79769313486232e+308,1.79769313486232e+308,1.79769313486232e+308
245,"6/25/99",1,2910341,1.79769313486232e+308,1.79769313486232e+308,1.79769313486232e+308,1.79769313486232e+308,1.79769313486232e+308,1.79769313486232e+308,1.79769313486232e+308,1.79769313486232e+308,1.79769313486232e+308,1.79769313486232e+308,1.79769313486232e+308
266,"6/25/99",1,2910351,2,2,1,18,0,0,4,0,1.79769313486232e+308,1.79769313486232e+308,1.79769313486232e+308
267,"6/25/99",1,2910351,5,5,2,1.79769313486232e+308,1.79769313486232e+308,1.79769313486232e+308,1.79769313486232e+308,1.79769313486232e+308,1.79769313486232e+308,1.79769313486232e+308,1.79769313486232e+308
268,"6/25/99",1,2910351,9,9,1,14,0,0,0,0,1.79769313486232e+308,1.79769313486232e+308,1.79769313486232e+308
246,"6/25/99",1,2910441,1,1,1,15,300,0,0,0,1,1991,7
247,"6/25/99",1,2910441,2,1,2,1.79769313486232e+308,1.79769313486232e+308,1.79769313486232e+308,1.79769313486232e+308,1.79769313486232e+308,1.79769313486232e+308,1.79769313486232e+308,1.79769313486232e+308
1.79769313486232e+308,"8/21/99",1,2910441,3,1,2,1.79769313486232e+308,1.79769313486232e+308,1.79769313486232e+308,1.79769313486232e+308,1.79769313486232e+308,1.79769313486232e+308,1.79769313486232e+308,1.79769313486232e+308
269,"6/25/99",1,2910459,2,2,1,13,14000,0,18,0,1.79769313486232e+308,1.79769313486232e+308,1.79769313486232e+308
270,"6/25/99",1,2910459,6,6,1,16,20000,0,4,0,1.79769313486232e+308,1.79769313486232e+308,1.79769313486232e+308
271,"6/25/99",1,2910459,9,9,1,15,35000,0,9,0,1.79769313486232e+308,1.79769313486232e+308,1.79769313486232e+308
248,"6/25/99",1,2910541,4,4,1,15,21000,0,20,0,1.79769313486232e+308,1.79769313486232e+308,1.79769313486232e+308
249,"6/25/99",1,2910641,2,2,1,16,25000,0,2,240,1.79769313486232e+308,1.79769313486232e+308,1.79769313486232e+308
250,"6/25/99",1,2910741,2,2,1,15,0,0,4,0,1.79769313486232e+308,1.79769313486232e+308,1.79769313486232e+308
251,"6/25/99",1,2910841,2,2,1,15,5000,0,1.5,0,1.79769313486232e+308,1.79769313486232e+308,1.79769313486232e+308
252,"6/25/99",1,2911041,2,2,1,15,2500,0,1.5,0,1.79769313486232e+308,1.79769313486232e+308,1.79769313486232e+308
253,"6/25/99",1,2911141,2,2,1,16,3100,0,1.5,0,1.79769313486232e+308,1.79769313486232e+308,1.79769313486232e+308
254,"6/25/99",1,2911241,1.79769313486232e+308,1.79769313486232e+308,1.79769313486232e+308,1.79769313486232e+308,1.79769313486232e+308,1.79769313486232e+308,1.79769313486232e+308,1.79769313486232e+308,1.79769313486232e+308,1.79769313486232e+308,1.79769313486232e+308
255,"6/25/99",1,2911242,2,2,1,16,1850,0,4,0,1.79769313486232e+308,1.79769313486232e+308,1.79769313486232e+308
256,"6/25/99",1,2911243,2,2,1,14,0,0,4,0,1.79769313486232e+308,1.79769313486232e+308,1.79769313486232e+308
257,"6/25/99",1,2911341,2,2,1,13,0,0,0.200000002980232,0,1.79769313486232e+308,1.79769313486232e+308,1.79769313486232e+308
258,"6/25/99",1,2911441,2,2,1,13,2000,0,9,0,1.79769313486232e+308,1.79769313486232e+308,1.79769313486232e+308
259,"6/25/99",1,2911441,5,2,2,1.79769313486232e+308,1.79769313486232e+308,1.79769313486232e+308,1.79769313486232e+308,1.79769313486232e+308,1.79769313486232e+308,1.79769313486232e+308,1.79769313486232e+308
260,"6/25/99",1,2911541,6,2,2,1.79769313486232e+308,1.79769313486232e+308,1.79769313486232e+308,1.79769313486232e+308,1.79769313486232e+308,1.79769313486232e+308,1.79769313486232e+308,1.79769313486232e+308
261,"6/25/99",1,2911641,2,2,1,14,1800,0,0.300000011920929,0,1.79769313486232e+308,1.79769313486232e+308,1.79769313486232e+308
262,"6/25/99",1,2911741,2,2,1,15,900,0,18,0,1.79769313486232e+308,1.79769313486232e+308,1.79769313486232e+308
263,"6/25/99",1,2911741,4,2,2,1.79769313486232e+308,1.79769313486232e+308,1.79769313486232e+308,1.79769313486232e+308,1.79769313486232e+308,1.79769313486232e+308,1.79769313486232e+308,1.79769313486232e+308
34,"6/06/99",1,2920141,5,5,1,11,0,0,0.5,0,1.79769313486232e+308,1.79769313486232e+308,1.79769313486232e+308
35,"6/06/99",1,2920142,2,2,1,12,3300,0,1.5,0,1.79769313486232e+308,1.79769313486232e+308,1.79769313486232e+308
57,"6/06/99",1,2920151,2,2,1,16,0,0,0.5,0,1.79769313486232e+308,1.79769313486232e+308,1.79769313486232e+308
58,"6/06/99",1,2920152,2,2,1,14,5000,0,3,0,1.79769313486232e+308,1.79769313486232e+308,1.79769313486232e+308
36,"6/06/99",1,2920241,1.79769313486232e+308,1.79769313486232e+308,1.79769313486232e+308,1.79769313486232e+308,1.79769313486232e+308,1.79769313486232e+308,1.79769313486232e+308,1.79769313486232e+308,1.79769313486232e+308,1.79769313486232e+308,1.79769313486232e+308
37,"6/06/99",1,2920242,3,3,1,15,0,0,2,0,1.79769313486232e+308,1.79769313486232e+308,1.79769313486232e+308
38,"6/06/99",1,2920242,4,3,2,1.79769313486232e+308,1.79769313486232e+308,1.79769313486232e+308,1.79769313486232e+308,1.79769313486232e+308,1.79769313486232e+308,1.79769313486232e+308,1.79769313486232e+308
59,"6/06/99",1,2920251,1.79769313486232e+308,1.79769313486232e+308,1.79769313486232e+308,1.79769313486232e+308,1.79769313486232e+308,1.79769313486232e+308,1.79769313486232e+308,1.79769313486232e+308,1.79769313486232e+308,1.79769313486232e+308,1.79769313486232e+308
39,"6/06/99",1,2920341,1.79769313486232e+308,1.79769313486232e+308,1.79769313486232e+308,1.79769313486232e+308,1.79769313486232e+308,1.79769313486232e+308,1.79769313486232e+308,1.79769313486232e+308,1.79769313486232e+308,1.79769313486232e+308,1.79769313486232e+308
40,"6/06/99",1,2920342,2,2,1,14,5000,0,9,0,1.79769313486232e+308,1.79769313486232e+308,1.79769313486232e+308
41,"6/06/99",1,2920343,2,2,1,17,4000,0,1,0,1.79769313486232e+308,1.79769313486232e+308,1.79769313486232e+308
60,"6/06/99",1,2920351,2,2,1,15,0,0,2,0,1.79769313486232e+308,1.79769313486232e+308,1.79769313486232e+308
61,"6/06/99",1,2920351,8,8,1,14,0,0,12,0,1.79769313486232e+308,1.79769313486232e+308,1.79769313486232e+308
42,"6/06/99",1,2920441,2,2,1,19,500,0,2,0,1.79769313486232e+308,1.79769313486232e+308,1.79769313486232e+308
62,"6/06/99",1,2920459,2,2,1,14,0,0,1,0,1.79769313486232e+308,1.79769313486232e+308,1.79769313486232e+308
43,"6/06/99",1,2920541,2,2,1,10,4000,0,2,0,1.79769313486232e+308,1.79769313486232e+308,1.79769313486232e+308
44,"6/06/99",1,2920641,2,2,1,17,600,0,13,0,1.79769313486232e+308,1.79769313486232e+308,1.79769313486232e+308
1.79769313486232e+308,"8/21/99",1,2920641,3,2,2,1.79769313486232e+308,1.79769313486232e+308,1.79769313486232e+308,1.79769313486232e+308,1.79769313486232e+308,1.79769313486232e+308,1.79769313486232e+308,1.79769313486232e+308
45,"6/06/99",1,2920741,4,4,1,15,60000,0,2.5,0,1.79769313486232e+308,1.79769313486232e+308,1.79769313486232e+308
46,"6/06/99",1,2920841,2,2,1,12,0,0,0.5,0,1.79769313486232e+308,1.79769313486232e+308,1.79769313486232e+308
1.79769313486232e+308,"8/21/99",1,2920841,3,2,2,1.79769313486232e+308,1.79769313486232e+308,1.79769313486232e+308,1.79769313486232e+308,1.79769313486232e+308,1.79769313486232e+308,1.79769313486232e+308,1.79769313486232e+308
1.79769313486232e+308,"8/21/99",1,2920841,4,2,2,1.79769313486232e+308,1.79769313486232e+308,1.79769313486232e+308,1.79769313486232e+308,1.79769313486232e+308,1.79769313486232e+308,1.79769313486232e+308,1.79769313486232e+308
47,"6/06/99",1,2920941,4,4,2,1.79769313486232e+308,1.79769313486232e+308,1.79769313486232e+308,1.79769313486232e+308,1.79769313486232e+308,1.79769313486232e+308,1.79769313486232e+308,1.79769313486232e+308
48,"6/06/99",1,2920941,5,5,1,17,15000,0,2,3,1.79769313486232e+308,1.79769313486232e+308,1.79769313486232e+308
1.79769313486232e+308,"8/21/99",1,2920941,7,7,2,1.79769313486232e+308,1.79769313486232e+308,1.79769313486232e+308,1.79769313486232e+308,1.79769313486232e+308,1.79769313486232e+308,1.79769313486232e+308,1.79769313486232e+308
49,"6/06/99",1,2921041,2,2,1,13,3000,0,5,0,1.79769313486232e+308,1.79769313486232e+308,1.79769313486232e+308
50,"6/06/99",1,2921141,1.79769313486232e+308,1.79769313486232e+308,1.79769313486232e+308,1.79769313486232e+308,1.79769313486232e+308,1.79769313486232e+308,1.79769313486232e+308,1.79769313486232e+308,1.79769313486232e+308,1.79769313486232e+308,1.79769313486232e+308
51,"6/06/99",1,2921241,1.79769313486232e+308,1.79769313486232e+308,1.79769313486232e+308,1.79769313486232e+308,1.79769313486232e+308,1.79769313486232e+308,1.79769313486232e+308,1.79769313486232e+308,1.79769313486232e+308,1.79769313486232e+308,1.79769313486232e+308
52,"6/06/99",1,2921341,2,2,1,13,3000,0,30,0,1.79769313486232e+308,1.79769313486232e+308,1.79769313486232e+308
53,"6/06/99",1,2921441,1.79769313486232e+308,1.79769313486232e+308,1.79769313486232e+308,1.79769313486232e+308,1.79769313486232e+308,1.79769313486232e+308,1.79769313486232e+308,1.79769313486232e+308,1.79769313486232e+308,1.79769313486232e+308,1.79769313486232e+308
54,"6/06/99",1,2921442,2,2,1,17,5000,0,1.5,0,1.79769313486232e+308,1.79769313486232e+308,1.79769313486232e+308
55,"6/06/99",1,2921541,2,2,1,13,0,0,0,0,1.79769313486232e+308,1.79769313486232e+308,1.79769313486232e+308
56,"6/06/99",1,2921542,2,2,1,14,0,0,1.5,2,1.79769313486232e+308,1.79769313486232e+308,1.79769313486232e+308
48,"8/06/99",1,2930141,2,2,1,16,5000,0,180,0,1.79769313486232e+308,1.79769313486232e+308,1.79769313486232e+308
69,"8/06/99",1,2930151,2,2,1,12,12000,0,4.5,0,1.79769313486232e+308,1.79769313486232e+308,1.79769313486232e+308
70,"8/06/99",1,2930151,4,4,2,1.79769313486232e+308,1.79769313486232e+308,1.79769313486232e+308,1.79769313486232e+308,1.79769313486232e+308,1.79769313486232e+308,1.79769313486232e+308,1.79769313486232e+308
71,"8/06/99",1,2930151,5,5,2,1.79769313486232e+308,1.79769313486232e+308,1.79769313486232e+308,1.79769313486232e+308,1.79769313486232e+308,1.79769313486232e+308,1.79769313486232e+308,1.79769313486232e+308
49,"8/06/99",1,2930241,7,7,1,18,14000,0,25,0,1.79769313486232e+308,1.79769313486232e+308,1.79769313486232e+308
50,"8/06/99",1,2930242,2,2,1,19,35000,0,25,0,1.79769313486232e+308,1.79769313486232e+308,1.79769313486232e+308
72,"8/06/99",1,2930251,7,7,2,1.79769313486232e+308,1.79769313486232e+308,1.79769313486232e+308,1.79769313486232e+308,1.79769313486232e+308,1.79769313486232e+308,1.79769313486232e+308,1.79769313486232e+308
73,"8/06/99",1,2930251,8,8,1,15,38000,0,35,0,1.79769313486232e+308,1.79769313486232e+308,1.79769313486232e+308
74,"8/06/99",1,2930251,9,9,1,16,35000,0,5,0,1.79769313486232e+308,1.79769313486232e+308,1.79769313486232e+308
51,"8/06/99",1,2930341,2,2,1,15,6000,0,5,0,1.79769313486232e+308,1.79769313486232e+308,1.79769313486232e+308
75,"8/06/99",1,2930351,2,2,1,12,0,0,10,0,1.79769313486232e+308,1.79769313486232e+308,1.79769313486232e+308
76,"8/06/99",1,2930352,2,2,1,13,25000,0,50,0,1.79769313486232e+308,1.79769313486232e+308,1.79769313486232e+308
77,"8/06/99",1,2930353,2,2,1,17,0,0,120,0,1.79769313486232e+308,1.79769313486232e+308,1.79769313486232e+308
52,"8/06/99",1,2930441,7,7,1,16,15500,0,12,0,1.79769313486232e+308,1.79769313486232e+308,1.79769313486232e+308
78,"8/06/99",1,2930459,2,2,1,15,12000,0,0.5,0,1.79769313486232e+308,1.79769313486232e+308,1.79769313486232e+308
53,"8/06/99",1,2930541,2,2,1,13,8000,0,2,0,1.79769313486232e+308,1.79769313486232e+308,1.79769313486232e+308
54,"8/06/99",1,2930641,3,3,1,13,20000,0,0,0,1.79769313486232e+308,1.79769313486232e+308,1.79769313486232e+308
55,"8/06/99",1,2930641,6,6,1,14,18000,0,80,0,1.79769313486232e+308,1.79769313486232e+308,1.79769313486232e+308
56,"8/06/99",1,2930741,2,2,1,14,1500,0,2,0,1.79769313486232e+308,1.79769313486232e+308,1.79769313486232e+308
57,"8/06/99",1,2930841,2,2,1,15,5000,0,4,0,1.79769313486232e+308,1.79769313486232e+308,1.79769313486232e+308
58,"8/06/99",1,2930941,2,2,1,14,4500,0,30,120,1.79769313486232e+308,1.79769313486232e+308,1.79769313486232e+308
59,"8/06/99",1,2930941,3,3,2,1.79769313486232e+308,1.79769313486232e+308,1.79769313486232e+308,1.79769313486232e+308,1.79769313486232e+308,1.79769313486232e+308,1.79769313486232e+308,1.79769313486232e+308
60,"8/06/99",1,2930941,4,4,2,1.79769313486232e+308,1.79769313486232e+308,1.79769313486232e+308,1.79769313486232e+308,1.79769313486232e+308,1.79769313486232e+308,1.79769313486232e+308,1.79769313486232e+308
61,"8/06/99",1,2931041,1.79769313486232e+308,1.79769313486232e+308,1.79769313486232e+308,1.79769313486232e+308,1.79769313486232e+308,1.79769313486232e+308,1.79769313486232e+308,1.79769313486232e+308,1.79769313486232e+308,1.79769313486232e+308,1.79769313486232e+308
62,"8/06/99",1,2931141,1.79769313486232e+308,1.79769313486232e+308,1.79769313486232e+308,1.79769313486232e+308,1.79769313486232e+308,1.79769313486232e+308,1.79769313486232e+308,1.79769313486232e+308,1.79769313486232e+308,1.79769313486232e+308,1.79769313486232e+308
63,"8/06/99",1,2931241,2,2,1,15,2900,0,50,0,1.79769313486232e+308,1.79769313486232e+308,1.79769313486232e+308
1.79769313486232e+308,".",1.79769313486232e+308,2931241,3,1.79769313486232e+308,2,1.79769313486232e+308,1.79769313486232e+308,1.79769313486232e+308,1.79769313486232e+308,1.79769313486232e+308,1.79769313486232e+308,1.79769313486232e+308,1.79769313486232e+308
64,"8/06/99",1,2931341,2,2,1,14,22000,0,0.100000001490116,0,1.79769313486232e+308,1.79769313486232e+308,1.79769313486232e+308
65,"8/06/99",1,2931441,2,2,1,13,5000,0,150,0,1.79769313486232e+308,1.79769313486232e+308,1.79769313486232e+308
66,"8/06/99",1,2931541,4,4,1,15,12000,0,8,0,1.79769313486232e+308,1.79769313486232e+308,1.79769313486232e+308
67,"8/06/99",1,2931641,2,2,1,12,4000,0,16,0,1.79769313486232e+308,1.79769313486232e+308,1.79769313486232e+308
68,"8/06/99",1,2931641,3,3,2,1.79769313486232e+308,1.79769313486232e+308,1.79769313486232e+308,1.79769313486232e+308,1.79769313486232e+308,1.79769313486232e+308,1.79769313486232e+308,1.79769313486232e+308
1,"7/07/99",1,3010119,2,2,1,16,0,0,4,0,1.79769313486232e+308,1.79769313486232e+308,1.79769313486232e+308
2,"8/17/99",1,3010119,5,2,2,1.79769313486232e+308,1.79769313486232e+308,1.79769313486232e+308,1.79769313486232e+308,1.79769313486232e+308,1.79769313486232e+308,1.79769313486232e+308,1.79769313486232e+308
3,"8/17/99",1,3010119,6,2,2,1.79769313486232e+308,1.79769313486232e+308,1.79769313486232e+308,1.79769313486232e+308,1.79769313486232e+308,1.79769313486232e+308,1.79769313486232e+308,1.79769313486232e+308
26,"8/17/99",1,3010149,4,2,1,14,0,0,6,0,1.79769313486232e+308,1.79769313486232e+308,1.79769313486232e+308
27,"8/17/99",1,3010149,5,2,1,15,0,0,5,0,1.79769313486232e+308,1.79769313486232e+308,1.79769313486232e+308
28,"8/17/99",1,3010149,6,2,2,1.79769313486232e+308,1.79769313486232e+308,1.79769313486232e+308,1.79769313486232e+308,1.79769313486232e+308,1.79769313486232e+308,1.79769313486232e+308,1.79769313486232e+308
29,"8/17/99",1,3010149,7,2,2,1.79769313486232e+308,1.79769313486232e+308,1.79769313486232e+308,1.79769313486232e+308,1.79769313486232e+308,1.79769313486232e+308,1.79769313486232e+308,1.79769313486232e+308
36,"8/17/99",1,3010159,2,1,1,14,0,0,3,18,1.79769313486232e+308,1.79769313486232e+308,1.79769313486232e+308
37,"8/17/99",1,3010159,5,1,2,1.79769313486232e+308,1.79769313486232e+308,1.79769313486232e+308,1.79769313486232e+308,1.79769313486232e+308,1.79769313486232e+308,1.79769313486232e+308,1.79769313486232e+308
4,"8/17/99",1,3010219,2,2,1,15,1000,0,5,0,1.79769313486232e+308,1.79769313486232e+308,1.79769313486232e+308
1.79769313486232e+308,".",1.79769313486232e+308,3010219,3,2,2,1.79769313486232e+308,1.79769313486232e+308,1.79769313486232e+308,1.79769313486232e+308,1.79769313486232e+308,1.79769313486232e+308,1.79769313486232e+308,1.79769313486232e+308
5,"8/17/99",1,3010219,4,2,2,1.79769313486232e+308,1.79769313486232e+308,1.79769313486232e+308,1.79769313486232e+308,1.79769313486232e+308,1.79769313486232e+308,1.79769313486232e+308,1.79769313486232e+308
30,"8/17/99",1,3010249,2,1,1,16,0,0,1,0,1.79769313486232e+308,1.79769313486232e+308,1.79769313486232e+308
39,"8/17/99",1,3010259,4,1,1,16,0,0,3,0,1.79769313486232e+308,1.79769313486232e+308,1.79769313486232e+308
40,"8/17/99",1,3010259,8,1,2,1.79769313486232e+308,1.79769313486232e+308,1.79769313486232e+308,1.79769313486232e+308,1.79769313486232e+308,1.79769313486232e+308,1.79769313486232e+308,1.79769313486232e+308
7,"8/17/99",1,3010319,2,2,1,16,0,0,6,0,1.79769313486232e+308,1.79769313486232e+308,1.79769313486232e+308
8,"8/17/99",1,3010319,4,2,2,1.79769313486232e+308,1.79769313486232e+308,1.79769313486232e+308,1.79769313486232e+308,1.79769313486232e+308,1.79769313486232e+308,1.79769313486232e+308,1.79769313486232e+308
31,"8/17/99",1,3010349,2,2,1,16,0,0,5,0,1.79769313486232e+308,1.79769313486232e+308,1.79769313486232e+308
32,"8/17/99",1,3010349,5,2,2,1.79769313486232e+308,1.79769313486232e+308,1.79769313486232e+308,1.79769313486232e+308,1.79769313486232e+308,1.79769313486232e+308,1.79769313486232e+308,1.79769313486232e+308
41,"8/17/99",1,3010359,2,2,1,13,0,0,8,36,1.79769313486232e+308,1.79769313486232e+308,1.79769313486232e+308
1.79769313486232e+308,".",1.79769313486232e+308,3010359,3,2,2,1.79769313486232e+308,1.79769313486232e+308,1.79769313486232e+308,1.79769313486232e+308,1.79769313486232e+308,1.79769313486232e+308,1.79769313486232e+308,1.79769313486232e+308
9,"8/17/99",1,3010419,2,1,1,14,0,0,5,0,1.79769313486232e+308,1.79769313486232e+308,1.79769313486232e+308
10,"8/17/99",1,3010419,3,1,2,1.79769313486232e+308,1.79769313486232e+308,1.79769313486232e+308,1.79769313486232e+308,1.79769313486232e+308,1.79769313486232e+308,1.79769313486232e+308,1.79769313486232e+308
33,"8/17/99",1,3010449,1,1,1,12,0,0,3,0,1,1.79769313486232e+308,1.79769313486232e+308
42,"8/17/99",1,3010459,2,2,1,14,0,0,0.400000005960464,0,1.79769313486232e+308,1.79769313486232e+308,1.79769313486232e+308
11,"8/17/99",1,3010519,2,1,1,14,0,3000,8,0,1.79769313486232e+308,1.79769313486232e+308,1.79769313486232e+308
12,"8/17/99",1,3010519,5,1,1,14,0,0,3,6,1.79769313486232e+308,1.79769313486232e+308,1.79769313486232e+308
13,"8/17/99",1,3010519,6,1,2,1.79769313486232e+308,1.79769313486232e+308,1.79769313486232e+308,1.79769313486232e+308,1.79769313486232e+308,1.79769313486232e+308,1.79769313486232e+308,1.79769313486232e+308
34,"8/17/99",1,3010549,2,1,1,13,0,0,6,0,1.79769313486232e+308,1.79769313486232e+308,1.79769313486232e+308
1.79769313486232e+308,".",1.79769313486232e+308,3010549,4,1,2,1.79769313486232e+308,1.79769313486232e+308,1.79769313486232e+308,1.79769313486232e+308,1.79769313486232e+308,1.79769313486232e+308,1.79769313486232e+308,1.79769313486232e+308
1.79769313486232e+308,".",1.79769313486232e+308,3010549,5,1,2,1.79769313486232e+308,1.79769313486232e+308,1.79769313486232e+308,1.79769313486232e+308,1.79769313486232e+308,1.79769313486232e+308,1.79769313486232e+308,1.79769313486232e+308
14,"8/17/99",1,3010619,2,1,1,15,0,0,4,24,1.79769313486232e+308,1.79769313486232e+308,1.79769313486232e+308
15,"8/17/99",1,3010619,6,1,2,1.79769313486232e+308,1.79769313486232e+308,1.79769313486232e+308,1.79769313486232e+308,1.79769313486232e+308,1.79769313486232e+308,1.79769313486232e+308,1.79769313486232e+308
16,"8/17/99",1,3010619,7,1,2,1.79769313486232e+308,1.79769313486232e+308,1.79769313486232e+308,1.79769313486232e+308,1.79769313486232e+308,1.79769313486232e+308,1.79769313486232e+308,1.79769313486232e+308
35,"8/17/99",1,3010649,1,1,1,14,0,0,10,48,1.79769313486232e+308,1.79769313486232e+308,1.79769313486232e+308
17,"8/17/99",1,3010719,2,2,1,14,0,0,6,0,1.79769313486232e+308,1.79769313486232e+308,1.79769313486232e+308
18,"8/17/99",1,3010719,4,2,1,17,0,0,4,48,1.79769313486232e+308,1.79769313486232e+308,1.79769313486232e+308
19,"8/17/99",1,3010719,6,2,2,1.79769313486232e+308,1.79769313486232e+308,1.79769313486232e+308,1.79769313486232e+308,1.79769313486232e+308,1.79769313486232e+308,1.79769313486232e+308,1.79769313486232e+308
20,"8/17/99",1,3010719,7,2,2,1.79769313486232e+308,1.79769313486232e+308,1.79769313486232e+308,1.79769313486232e+308,1.79769313486232e+308,1.79769313486232e+308,1.79769313486232e+308,1.79769313486232e+308
21,"8/17/99",1,3010839,1,1,1,15,200,0,7,0,1,1991,3
22,"8/17/99",1,3010919,2,2,1,15,0,0,2,0,1.79769313486232e+308,1.79769313486232e+308,1.79769313486232e+308
1.79769313486232e+308,".",1.79769313486232e+308,3010919,3,1,2,1.79769313486232e+308,1.79769313486232e+308,1.79769313486232e+308,1.79769313486232e+308,1.79769313486232e+308,1.79769313486232e+308,1.79769313486232e+308,1.79769313486232e+308
23,"8/17/99",1,3011019,2,1,1,15,0,0,5,0,1.79769313486232e+308,1.79769313486232e+308,1.79769313486232e+308
24,"8/17/99",1,3011119,2,1,1,15,0,3000,4,0,1.79769313486232e+308,1.79769313486232e+308,1.79769313486232e+308
25,"8/17/99",1,3011119,3,2,2,1.79769313486232e+308,1.79769313486232e+308,1.79769313486232e+308,1.79769313486232e+308,1.79769313486232e+308,1.79769313486232e+308,1.79769313486232e+308,1.79769313486232e+308
43,"8/17/99",1,3020139,2,1,1,13,0,0,45,60,1.79769313486232e+308,1.79769313486232e+308,1.79769313486232e+308
44,"8/25/99",1,3020139,3,1,2,1.79769313486232e+308,1.79769313486232e+308,1.79769313486232e+308,1.79769313486232e+308,1.79769313486232e+308,1.79769313486232e+308,1.79769313486232e+308,1.79769313486232e+308
45,"8/25/99",1,3020139,4,1,2,1.79769313486232e+308,1.79769313486232e+308,1.79769313486232e+308,1.79769313486232e+308,1.79769313486232e+308,1.79769313486232e+308,1.79769313486232e+308,1.79769313486232e+308
64,"8/25/99",1,3020149,2,2,1,7,0,0,3,60,1.79769313486232e+308,1.79769313486232e+308,1.79769313486232e+308
65,"8/25/99",1,3020149,4,2,2,1.79769313486232e+308,1.79769313486232e+308,1.79769313486232e+308,1.79769313486232e+308,1.79769313486232e+308,1.79769313486232e+308,1.79769313486232e+308,1.79769313486232e+308
66,"8/25/99",1,3020149,5,2,2,1.79769313486232e+308,1.79769313486232e+308,1.79769313486232e+308,1.79769313486232e+308,1.79769313486232e+308,1.79769313486232e+308,1.79769313486232e+308,1.79769313486232e+308
77,"8/25/99",1,3020159,2,1,1,14,0,0,25,11,1.79769313486232e+308,1.79769313486232e+308,1.79769313486232e+308
1.79769313486232e+308,".",1.79769313486232e+308,3020159,3,1,2,1.79769313486232e+308,1.79769313486232e+308,1.79769313486232e+308,1.79769313486232e+308,1.79769313486232e+308,1.79769313486232e+308,1.79769313486232e+308,1.79769313486232e+308
46,"8/25/99",1,3020239,2,2,1,14,11000,0,5,36,1.79769313486232e+308,1.79769313486232e+308,1.79769313486232e+308
67,"8/25/99",1,3020249,1,1,1,13,0,0,2,48,1,1988,1.79769313486232e+308
68,"8/25/99",1,3020249,3,1,1,15,0,0,20,2,1.79769313486232e+308,1.79769313486232e+308,1.79769313486232e+308
1.79769313486232e+308,".",1.79769313486232e+308,3020249,4,1,2,1.79769313486232e+308,1.79769313486232e+308,1.79769313486232e+308,1.79769313486232e+308,1.79769313486232e+308,1.79769313486232e+308,1.79769313486232e+308,1.79769313486232e+308
78,"8/25/99",1,3020259,2,1,1,15,0,0,10,2,1.79769313486232e+308,1.79769313486232e+308,1.79769313486232e+308
1.79769313486232e+308,".",1.79769313486232e+308,3020259,3,1,2,1.79769313486232e+308,1.79769313486232e+308,1.79769313486232e+308,1.79769313486232e+308,1.79769313486232e+308,1.79769313486232e+308,1.79769313486232e+308,1.79769313486232e+308
47,"8/25/99",1,3020339,2,2,1,18,0,0,20,24,1.79769313486232e+308,1.79769313486232e+308,1.79769313486232e+308
69,"8/25/99",1,3020349,2,1,1,13,0,0,3,10,1.79769313486232e+308,1.79769313486232e+308,1.79769313486232e+308
70,"8/25/99",1,3020349,3,1,1,14,6000,0,1,5,2,1997,6
1.79769313486232e+308,".",1.79769313486232e+308,3020349,5,1,2,1.79769313486232e+308,1.79769313486232e+308,1.79769313486232e+308,1.79769313486232e+308,1.79769313486232e+308,1.79769313486232e+308,1.79769313486232e+308,1.79769313486232e+308
79,"8/25/99",1,3020359,3,2,1,20,0,9000,6,10,1.79769313486232e+308,1.79769313486232e+308,1.79769313486232e+308
1.79769313486232e+308,".",1.79769313486232e+308,3020359,6,1,2,1.79769313486232e+308,1.79769313486232e+308,1.79769313486232e+308,1.79769313486232e+308,1.79769313486232e+308,1.79769313486232e+308,1.79769313486232e+308,1.79769313486232e+308
1.79769313486232e+308,".",1.79769313486232e+308,3020359,7,1,2,1.79769313486232e+308,1.79769313486232e+308,1.79769313486232e+308,1.79769313486232e+308,1.79769313486232e+308,1.79769313486232e+308,1.79769313486232e+308,1.79769313486232e+308
1.79769313486232e+308,".",1.79769313486232e+308,3020359,8,1,2,1.79769313486232e+308,1.79769313486232e+308,1.79769313486232e+308,1.79769313486232e+308,1.79769313486232e+308,1.79769313486232e+308,1.79769313486232e+308,1.79769313486232e+308
48,"8/25/99",1,3020439,2,1,1,15,0,7000,3,10,1.79769313486232e+308,1.79769313486232e+308,1.79769313486232e+308
71,"8/25/99",1,3020449,2,1,1,14,0,0,0.25,24,1.79769313486232e+308,1.79769313486232e+308,1.79769313486232e+308
80,"8/25/99",1,3020459,2,1,1,12,0,0,5,60,1.79769313486232e+308,1.79769313486232e+308,1.79769313486232e+308
81,"8/25/99",1,3020459,4,1,1,16,0,10000,6,48,1.79769313486232e+308,1.79769313486232e+308,1.79769313486232e+308
82,"8/25/99",1,3020459,6,1,2,1.79769313486232e+308,1.79769313486232e+308,1.79769313486232e+308,1.79769313486232e+308,1.79769313486232e+308,1.79769313486232e+308,1.79769313486232e+308,1.79769313486232e+308
83,"8/25/99",1,3020459,7,1,2,1.79769313486232e+308,1.79769313486232e+308,1.79769313486232e+308,1.79769313486232e+308,1.79769313486232e+308,1.79769313486232e+308,1.79769313486232e+308,1.79769313486232e+308
49,"8/25/99",1,3020539,1,1.79769313486232e+308,1,15,0,0,5,10,1,1994,6
50,"8/25/99",1,3020539,3,1.79769313486232e+308,1,14,0,0,18,8,1.79769313486232e+308,1.79769313486232e+308,1.79769313486232e+308
51,"8/25/99",1,3020539,5,1.79769313486232e+308,1,14,0,0,3,2,1.79769313486232e+308,1.79769313486232e+308,1.79769313486232e+308
1.79769313486232e+308,".",1.79769313486232e+308,3020539,7,1,2,1.79769313486232e+308,1.79769313486232e+308,1.79769313486232e+308,1.79769313486232e+308,1.79769313486232e+308,1.79769313486232e+308,1.79769313486232e+308,1.79769313486232e+308
52,"8/25/99",1,3020539,8,1.79769313486232e+308,2,1.79769313486232e+308,1.79769313486232e+308,1.79769313486232e+308,1.79769313486232e+308,1.79769313486232e+308,1.79769313486232e+308,1.79769313486232e+308,1.79769313486232e+308
72,"8/25/99",1,3020549,2,1,1,15,0,0,6,10,1.79769313486232e+308,1.79769313486232e+308,1.79769313486232e+308
73,"8/25/99",1,3020549,4,1,2,1.79769313486232e+308,1.79769313486232e+308,1.79769313486232e+308,1.79769313486232e+308,1.79769313486232e+308,1.79769313486232e+308,1.79769313486232e+308,1.79769313486232e+308
74,"8/25/99",1,3020549,5,1,2,1.79769313486232e+308,1.79769313486232e+308,1.79769313486232e+308,1.79769313486232e+308,1.79769313486232e+308,1.79769313486232e+308,1.79769313486232e+308,1.79769313486232e+308
53,"8/25/99",1,3020639,2,1,1,14,0,0,0.125,2,1.79769313486232e+308,1.79769313486232e+308,1.79769313486232e+308
75,"8/25/99",1,3020649,2,1,1,15,0,0,2,48,1.79769313486232e+308,1.79769313486232e+308,1.79769313486232e+308
54,"8/25/99",1,3020739,1,3,1,15,0,0,2,60,1,1989,1.79769313486232e+308
55,"8/25/99",1,3020739,3,3,2,1.79769313486232e+308,1.79769313486232e+308,1.79769313486232e+308,1.79769313486232e+308,1.79769313486232e+308,1.79769313486232e+308,1.79769313486232e+308,1.79769313486232e+308
76,"8/25/99",1,3020749,1,2,1,13,0,0,7,0,1,1987,1.79769313486232e+308
56,"8/25/99",1,3020839,2,1,1,14,0,0,0,84,1.79769313486232e+308,1.79769313486232e+308,1.79769313486232e+308
57,"8/25/99",1,3020839,4,1,1,13,0,0,16,20,1.79769313486232e+308,1.79769313486232e+308,1.79769313486232e+308
58,"8/25/99",1,3020939,2,2,1,15,0,0,4,60,1.79769313486232e+308,1.79769313486232e+308,1.79769313486232e+308
59,"8/25/99",1,3021039,2,1,1,12,0,0,0.125,12,1.79769313486232e+308,1.79769313486232e+308,1.79769313486232e+308
60,"8/25/99",1,3021039,6,1,1,13,0,0,2,10,1.79769313486232e+308,1.79769313486232e+308,1.79769313486232e+308
61,"8/25/99",1,3021039,7,1,1,15,0,0,1,6,1.79769313486232e+308,1.79769313486232e+308,1.79769313486232e+308
62,"8/25/99",1,3021039,8,1,1,15,0,0,2,4,1.79769313486232e+308,1.79769313486232e+308,1.79769313486232e+308
63,"8/25/99",1,3021039,9,1,2,1.79769313486232e+308,1.79769313486232e+308,1.79769313486232e+308,1.79769313486232e+308,1.79769313486232e+308,1.79769313486232e+308,1.79769313486232e+308,1.79769313486232e+308
64,"9/16/99",1,3030139,2,1,1,15,0,0,2,24,1,1988,1.79769313486232e+308
65,"9/22/99",1,3030139,6,2,1,21,0,10000,6,0,1.79769313486232e+308,1.79769313486232e+308,1.79769313486232e+308
66,"9/22/99",1,3030139,7,2,2,1.79769313486232e+308,1.79769313486232e+308,1.79769313486232e+308,1.79769313486232e+308,1.79769313486232e+308,1.79769313486232e+308,1.79769313486232e+308,1.79769313486232e+308
73,"9/22/99",1,3030149,2,1,1,14,0,0,13,0,1.79769313486232e+308,1.79769313486232e+308,1.79769313486232e+308
74,"9/22/99",1,3030149,3,1,2,1.79769313486232e+308,1.79769313486232e+308,1.79769313486232e+308,1.79769313486232e+308,1.79769313486232e+308,1.79769313486232e+308,1.79769313486232e+308,1.79769313486232e+308
95,"9/26/99",1,3030159,3,3,1,20,0,0,2,0,1.79769313486232e+308,1.79769313486232e+308,1.79769313486232e+308
67,"9/22/99",1,3030239,2,1,1,15,0,0,3,0,1.79769313486232e+308,1.79769313486232e+308,1.79769313486232e+308
75,"9/22/99",1,3030249,2,2,1,8,0,0,1,60,1.79769313486232e+308,1.79769313486232e+308,1.79769313486232e+308
76,"9/22/99",1,3030249,3,2,2,1.79769313486232e+308,1.79769313486232e+308,1.79769313486232e+308,1.79769313486232e+308,1.79769313486232e+308,1.79769313486232e+308,1.79769313486232e+308,1.79769313486232e+308
96,"9/26/99",1,3030259,7,6,1,16,0,10000,6,24,1.79769313486232e+308,1.79769313486232e+308,1.79769313486232e+308
97,"9/26/99",1,3030259,8,6,1,18,0,30000,8,0,1.79769313486232e+308,1.79769313486232e+308,1.79769313486232e+308
98,"9/26/99",1,3030259,9,6,1,17,0,12000,5,0,1.79769313486232e+308,1.79769313486232e+308,1.79769313486232e+308
99,"9/26/99",1,3030259,10,6,2,1.79769313486232e+308,1.79769313486232e+308,1.79769313486232e+308,1.79769313486232e+308,1.79769313486232e+308,1.79769313486232e+308,1.79769313486232e+308,1.79769313486232e+308
68,"9/22/99",1,3030339,2,2,1,14,10000,0,6,0,1.79769313486232e+308,1.79769313486232e+308,1.79769313486232e+308
77,"9/22/99",1,3030349,1,1,1,15,0,0,7,60,1,1987,1.79769313486232e+308
78,"9/22/99",1,3030349,2,1,1,15,0,0,300,36,1.79769313486232e+308,1.79769313486232e+308,1.79769313486232e+308
79,"9/22/99",1,3030349,3,1,1,14,0,0,6,60,1.79769313486232e+308,1.79769313486232e+308,1.79769313486232e+308
80,"9/22/99",1,3030349,4,1,2,1.79769313486232e+308,1.79769313486232e+308,1.79769313486232e+308,1.79769313486232e+308,1.79769313486232e+308,1.79769313486232e+308,1.79769313486232e+308,1.79769313486232e+308
81,"9/22/99",1,3030349,5,1,2,1.79769313486232e+308,1.79769313486232e+308,1.79769313486232e+308,1.79769313486232e+308,1.79769313486232e+308,1.79769313486232e+308,1.79769313486232e+308,1.79769313486232e+308
100,"9/26/99",1,3030359,3,1,1,18,0,0,4,0,1.79769313486232e+308,1.79769313486232e+308,1.79769313486232e+308
101,"9/26/99",1,3030359,4,1,1,18,0,0,3,0,1.79769313486232e+308,1.79769313486232e+308,1.79769313486232e+308
102,"9/26/99",1,3030359,7,1,1,16,10000,0,8,12,2,1995,12
69,"9/22/99",1,3030439,2,2,1,15,0,0,6,5,1.79769313486232e+308,1.79769313486232e+308,1.79769313486232e+308
70,"9/22/99",1,3030439,3,2,2,1.79769313486232e+308,1.79769313486232e+308,1.79769313486232e+308,1.79769313486232e+308,1.79769313486232e+308,1.79769313486232e+308,1.79769313486232e+308,1.79769313486232e+308
71,"9/22/99",1,3030439,4,2,2,1.79769313486232e+308,1.79769313486232e+308,1.79769313486232e+308,1.79769313486232e+308,1.79769313486232e+308,1.79769313486232e+308,1.79769313486232e+308,1.79769313486232e+308
82,"9/22/99",1,3030449,1,1,1,14,0,0,5,72,1,1995,1
103,"9/26/99",1,3030459,2,1,1,15,1000,0,2,4,1.79769313486232e+308,1.79769313486232e+308,1.79769313486232e+308
104,"9/26/99",1,3030459,3,1,2,1.79769313486232e+308,1.79769313486232e+308,1.79769313486232e+308,1.79769313486232e+308,1.79769313486232e+308,1.79769313486232e+308,1.79769313486232e+308,1.79769313486232e+308
72,"9/22/99",1,3030539,2,1,1,16,0,0,5,0,1.79769313486232e+308,1.79769313486232e+308,1.79769313486232e+308
83,"9/22/99",1,3030549,2,2,1,14,3000,0,5,48,1.79769313486232e+308,1.79769313486232e+308,1.79769313486232e+308
84,"9/22/99",1,3030549,3,2,2,1.79769313486232e+308,1.79769313486232e+308,1.79769313486232e+308,1.79769313486232e+308,1.79769313486232e+308,1.79769313486232e+308,1.79769313486232e+308,1.79769313486232e+308
85,"9/22/99",1,3030549,4,2,2,1.79769313486232e+308,1.79769313486232e+308,1.79769313486232e+308,1.79769313486232e+308,1.79769313486232e+308,1.79769313486232e+308,1.79769313486232e+308,1.79769313486232e+308
86,"9/22/99",1,3030649,2,1,1,15,0,0,5,60,1.79769313486232e+308,1.79769313486232e+308,1.79769313486232e+308
87,"9/22/99",1,3030749,2,1,1,14,0,0,7,36,1.79769313486232e+308,1.79769313486232e+308,1.79769313486232e+308
88,"9/26/99",1,3030749,3,1,2,1.79769313486232e+308,1.79769313486232e+308,1.79769313486232e+308,1.79769313486232e+308,1.79769313486232e+308,1.79769313486232e+308,1.79769313486232e+308,1.79769313486232e+308
89,"9/26/99",1,3030849,2,2,1,15,9000,0,3,0,1.79769313486232e+308,1.79769313486232e+308,1.79769313486232e+308
90,"9/26/99",1,3030949,2,2,1,13,12000,0,5,36,1.79769313486232e+308,1.79769313486232e+308,1.79769313486232e+308
91,"9/26/99",1,3031049,4,2,1,15,0,8000,3,0,1.79769313486232e+308,1.79769313486232e+308,1.79769313486232e+308
92,"9/26/99",1,3031049,6,2,1,16,0,15000,4,0,1.79769313486232e+308,1.79769313486232e+308,1.79769313486232e+308
93,"9/26/99",1,3031149,2,2,1,15,10000,0,1,0,1.79769313486232e+308,1.79769313486232e+308,1.79769313486232e+308
94,"9/26/99",1,3031249,2,2,1,16,10000,0,10,30,1.79769313486232e+308,1.79769313486232e+308,1.79769313486232e+308
111,"8/08/99",1,3110139,5,5,1,16,0,8000,15,48,1.79769313486232e+308,1.79769313486232e+308,1.79769313486232e+308
112,"8/11/99",1,3110139,6,5,1,20,0,20000,3,0,1.79769313486232e+308,1.79769313486232e+308,1.79769313486232e+308
125,"8/11/99",1,3110149,3,1,2,1.79769313486232e+308,1.79769313486232e+308,1.79769313486232e+308,1.79769313486232e+308,1.79769313486232e+308,1.79769313486232e+308,1.79769313486232e+308,1.79769313486232e+308
1.79769313486232e+308,".",1.79769313486232e+308,3110149,5,1.79769313486232e+308,2,1.79769313486232e+308,1.79769313486232e+308,1.79769313486232e+308,1.79769313486232e+308,1.79769313486232e+308,1.79769313486232e+308,1.79769313486232e+308,1.79769313486232e+308
133,"8/11/99",1,3110159,2,2,1,16,20000,10000,8.5,0,1.79769313486232e+308,1.79769313486232e+308,1.79769313486232e+308
113,"8/11/99",1,3110239,2,2,1,18,5000,400,2,0,1.79769313486232e+308,1.79769313486232e+308,1.79769313486232e+308
114,"8/11/99",1,3110239,3,2,2,1.79769313486232e+308,1.79769313486232e+308,1.79769313486232e+308,1.79769313486232e+308,1.79769313486232e+308,1.79769313486232e+308,1.79769313486232e+308,1.79769313486232e+308
132,"8/11/99",1,3110249,2,2,1,18,32000,0,8,0,1.79769313486232e+308,1.79769313486232e+308,1.79769313486232e+308
1.79769313486232e+308,".",1.79769313486232e+308,3110249,5,1.79769313486232e+308,2,1.79769313486232e+308,1.79769313486232e+308,1.79769313486232e+308,1.79769313486232e+308,1.79769313486232e+308,1.79769313486232e+308,1.79769313486232e+308,1.79769313486232e+308
1.79769313486232e+308,".",1.79769313486232e+308,3110259,6,1.79769313486232e+308,2,1.79769313486232e+308,1.79769313486232e+308,1.79769313486232e+308,1.79769313486232e+308,1.79769313486232e+308,1.79769313486232e+308,1.79769313486232e+308,1.79769313486232e+308
115,"8/11/99",1,3110339,2,1,1,15,0,10000,3.20000004768372,6,1.79769313486232e+308,1.79769313486232e+308,1.79769313486232e+308
116,"8/11/99",1,3110339,3,3,2,1.79769313486232e+308,1.79769313486232e+308,1.79769313486232e+308,1.79769313486232e+308,1.79769313486232e+308,1.79769313486232e+308,1.79769313486232e+308,1.79769313486232e+308
1.79769313486232e+308,".",1.79769313486232e+308,3110339,5,1.79769313486232e+308,2,1.79769313486232e+308,1.79769313486232e+308,1.79769313486232e+308,1.79769313486232e+308,1.79769313486232e+308,1.79769313486232e+308,1.79769313486232e+308,1.79769313486232e+308
127,"8/11/99",1,3110349,2,2,1,18,0,10000,0.25,0,1.79769313486232e+308,1.79769313486232e+308,1.79769313486232e+308
135,"8/11/99",1,3110359,6,6,1,18,2000,0,10,0,1.79769313486232e+308,1.79769313486232e+308,1.79769313486232e+308
136,"8/11/99",1,3110359,7,6,1,20,20000,0,3.5,0,1.79769313486232e+308,1.79769313486232e+308,1.79769313486232e+308
137,"8/11/99",1,3110359,8,6,1,20,20000,0,11,0,1.79769313486232e+308,1.79769313486232e+308,1.79769313486232e+308
117,"8/11/99",1,3110439,2,2,1,15,0,0,1,0,1.79769313486232e+308,1.79769313486232e+308,1.79769313486232e+308
128,"8/11/99",1,3110449,2,2,1,15,1200,125,1.5,0,1.79769313486232e+308,1.79769313486232e+308,1.79769313486232e+308
138,"8/11/99",1,3110459,1,1,1,19,0,3000,16,146,1.79769313486232e+308,1.79769313486232e+308,1.79769313486232e+308
118,"8/11/99",1,3110539,2,2,1,15,6000,0,2,6,1.79769313486232e+308,1.79769313486232e+308,1.79769313486232e+308
129,"8/11/99",1,3110549,3,1,1,19,0,0,20,0,1.79769313486232e+308,1.79769313486232e+308,1.79769313486232e+308
130,"8/11/99",1,3110549,5,1,2,1.79769313486232e+308,1.79769313486232e+308,1.79769313486232e+308,1.79769313486232e+308,1.79769313486232e+308,1.79769313486232e+308,1.79769313486232e+308,1.79769313486232e+308
119,"8/11/99",1,3110639,2,2,1,16,1000,7500,4.80000019073486,2,1.79769313486232e+308,1.79769313486232e+308,1.79769313486232e+308
131,"8/11/99",1,3110649,2,2,1,20,0,0,8,12,1.79769313486232e+308,1.79769313486232e+308,1.79769313486232e+308
1.79769313486232e+308,".",1.79769313486232e+308,3110649,6,1.79769313486232e+308,2,1.79769313486232e+308,1.79769313486232e+308,1.79769313486232e+308,1.79769313486232e+308,1.79769313486232e+308,1.79769313486232e+308,1.79769313486232e+308,1.79769313486232e+308
120,"8/11/99",1,3110739,1,1,1,15,0,0,5.59999990463257,104,1.79769313486232e+308,1.79769313486232e+308,1.79769313486232e+308
1.79769313486232e+308,".",1.79769313486232e+308,3110739,4,1.79769313486232e+308,2,1.79769313486232e+308,1.79769313486232e+308,1.79769313486232e+308,1.79769313486232e+308,1.79769313486232e+308,1.79769313486232e+308,1.79769313486232e+308,1.79769313486232e+308
121,"8/11/99",1,3110839,2,2,1,19,5000,0,16,6,1.79769313486232e+308,1.79769313486232e+308,1.79769313486232e+308
1.79769313486232e+308,".",1.79769313486232e+308,3110839,3,2,2,1.79769313486232e+308,1.79769313486232e+308,1.79769313486232e+308,1.79769313486232e+308,1.79769313486232e+308,1.79769313486232e+308,1.79769313486232e+308,1.79769313486232e+308
122,"8/11/99",1,3110939,1.79769313486232e+308,1.79769313486232e+308,1.79769313486232e+308,1.79769313486232e+308,1.79769313486232e+308,1.79769313486232e+308,1.79769313486232e+308,1.79769313486232e+308,1.79769313486232e+308,1.79769313486232e+308,1.79769313486232e+308
123,"8/11/99",1,3111039,1,1,1,18,25000,6000,12,0,1.79769313486232e+308,1.79769313486232e+308,1.79769313486232e+308
124,"8/11/99",1,3111039,5,1,2,1.79769313486232e+308,1.79769313486232e+308,1.79769313486232e+308,1.79769313486232e+308,1.79769313486232e+308,1.79769313486232e+308,1.79769313486232e+308,1.79769313486232e+308
126,"8/11/99",1,3111139,2,2,1,16,15000,3000,8,1,1.79769313486232e+308,1.79769313486232e+308,1.79769313486232e+308
79,"8/27/99",1,3120139,2,1,1,18,0,0,10,0,1.79769313486232e+308,1.79769313486232e+308,1.79769313486232e+308
98,"8/27/99",1,3120149,1.79769313486232e+308,1.79769313486232e+308,1.79769313486232e+308,1.79769313486232e+308,1.79769313486232e+308,1.79769313486232e+308,1.79769313486232e+308,1.79769313486232e+308,1.79769313486232e+308,1.79769313486232e+308,1.79769313486232e+308
106,"8/27/99",1,3120159,4,2,2,1.79769313486232e+308,1.79769313486232e+308,1.79769313486232e+308,1.79769313486232e+308,1.79769313486232e+308,1.79769313486232e+308,1.79769313486232e+308,1.79769313486232e+308
107,"8/27/99",1,3120159,5,2,1,17,0,0,15,96,1.79769313486232e+308,1.79769313486232e+308,1.79769313486232e+308
80,"8/27/99",1,3120239,2,2,1,13,2000,0,17.5,0,1.79769313486232e+308,1.79769313486232e+308,1.79769313486232e+308
1.79769313486232e+308,".",1.79769313486232e+308,3120239,4,1.79769313486232e+308,2,1.79769313486232e+308,1.79769313486232e+308,1.79769313486232e+308,1.79769313486232e+308,1.79769313486232e+308,1.79769313486232e+308,1.79769313486232e+308,1.79769313486232e+308
99,"8/27/99",1,3120249,2,2,1,25,20000,15000,24,2,1.79769313486232e+308,1.79769313486232e+308,1.79769313486232e+308
108,"8/27/99",1,3120259,2,2,1,20,0,0,6.40000009536743,0,1.79769313486232e+308,1.79769313486232e+308,1.79769313486232e+308
109,"8/27/99",1,3120259,4,2,2,1.79769313486232e+308,1.79769313486232e+308,1.79769313486232e+308,1.79769313486232e+308,1.79769313486232e+308,1.79769313486232e+308,1.79769313486232e+308,1.79769313486232e+308
1.79769313486232e+308,".",1.79769313486232e+308,3120259,7,1.79769313486232e+308,2,1.79769313486232e+308,1.79769313486232e+308,1.79769313486232e+308,1.79769313486232e+308,1.79769313486232e+308,1.79769313486232e+308,1.79769313486232e+308,1.79769313486232e+308
1.79769313486232e+308,".",1.79769313486232e+308,3120259,8,1.79769313486232e+308,2,1.79769313486232e+308,1.79769313486232e+308,1.79769313486232e+308,1.79769313486232e+308,1.79769313486232e+308,1.79769313486232e+308,1.79769313486232e+308,1.79769313486232e+308
81,"8/27/99",1,3120339,1,1,1,20,0,0,1,3,1.79769313486232e+308,1.79769313486232e+308,1.79769313486232e+308
82,"8/27/99",1,3120339,4,1,2,1.79769313486232e+308,1.79769313486232e+308,1.79769313486232e+308,1.79769313486232e+308,1.79769313486232e+308,1.79769313486232e+308,1.79769313486232e+308,1.79769313486232e+308
100,"8/27/99",1,3120349,2,2,1,20,0,0,6.5,0,1.79769313486232e+308,1.79769313486232e+308,1.79769313486232e+308
110,"8/27/99",1,3120359,1.79769313486232e+308,1.79769313486232e+308,1.79769313486232e+308,1.79769313486232e+308,1.79769313486232e+308,1.79769313486232e+308,1.79769313486232e+308,1.79769313486232e+308,1.79769313486232e+308,1.79769313486232e+308,1.79769313486232e+308
83,"8/27/99",1,3120439,2,2,1,12,100,400,2,8,1.79769313486232e+308,1.79769313486232e+308,1.79769313486232e+308
84,"8/27/99",1,3120439,4,2,1,17,24000,0,20,0,1.79769313486232e+308,1.79769313486232e+308,1.79769313486232e+308
85,"8/27/99",1,3120439,5,2,2,1.79769313486232e+308,1.79769313486232e+308,1.79769313486232e+308,1.79769313486232e+308,1.79769313486232e+308,1.79769313486232e+308,1.79769313486232e+308,1.79769313486232e+308
101,"8/27/99",1,3120449,2,1,1,16,3000,500,6.5,0,1.79769313486232e+308,1.79769313486232e+308,1.79769313486232e+308
102,"8/27/99",1,3120449,4,1,2,1.79769313486232e+308,1.79769313486232e+308,1.79769313486232e+308,1.79769313486232e+308,1.79769313486232e+308,1.79769313486232e+308,1.79769313486232e+308,1.79769313486232e+308
111,"8/27/99",1,3120459,2,2,1,16,0,2000,2.40000009536743,0,1.79769313486232e+308,1.79769313486232e+308,1.79769313486232e+308
112,"8/27/99",1,3120459,3,2,2,1.79769313486232e+308,1.79769313486232e+308,1.79769313486232e+308,1.79769313486232e+308,1.79769313486232e+308,1.79769313486232e+308,1.79769313486232e+308,1.79769313486232e+308
113,"8/27/99",1,3120459,4,2,2,1.79769313486232e+308,1.79769313486232e+308,1.79769313486232e+308,1.79769313486232e+308,1.79769313486232e+308,1.79769313486232e+308,1.79769313486232e+308,1.79769313486232e+308
1.79769313486232e+308,".",1.79769313486232e+308,3120459,5,1.79769313486232e+308,2,1.79769313486232e+308,1.79769313486232e+308,1.79769313486232e+308,1.79769313486232e+308,1.79769313486232e+308,1.79769313486232e+308,1.79769313486232e+308,1.79769313486232e+308
86,"8/27/99",1,3120539,5,2,1,17,15000,0,48,0,1.79769313486232e+308,1.79769313486232e+308,1.79769313486232e+308
87,"8/27/99",1,3120539,6,2,2,1.79769313486232e+308,1.79769313486232e+308,1.79769313486232e+308,1.79769313486232e+308,1.79769313486232e+308,1.79769313486232e+308,1.79769313486232e+308,1.79769313486232e+308
88,"8/27/99",1,3120539,7,2,2,1.79769313486232e+308,1.79769313486232e+308,1.79769313486232e+308,1.79769313486232e+308,1.79769313486232e+308,1.79769313486232e+308,1.79769313486232e+308,1.79769313486232e+308
89,"8/27/99",1,3120539,8,2,2,1.79769313486232e+308,1.79769313486232e+308,1.79769313486232e+308,1.79769313486232e+308,1.79769313486232e+308,1.79769313486232e+308,1.79769313486232e+308,1.79769313486232e+308
90,"8/27/99",1,3120539,10,2,2,1.79769313486232e+308,1.79769313486232e+308,1.79769313486232e+308,1.79769313486232e+308,1.79769313486232e+308,1.79769313486232e+308,1.79769313486232e+308,1.79769313486232e+308
103,"8/27/99",1,3120549,2,2,1,18,10000,0,1.60000002384186,6,1.79769313486232e+308,1.79769313486232e+308,1.79769313486232e+308
91,"8/27/99",1,3120639,4,4,1,18,5000,0,5,0,1.79769313486232e+308,1.79769313486232e+308,1.79769313486232e+308
104,"8/27/99",1,3120649,2,2,1,20,2000,0,5,3,1.79769313486232e+308,1.79769313486232e+308,1.79769313486232e+308
1.79769313486232e+308,".",1.79769313486232e+308,3120649,4,1.79769313486232e+308,2,1.79769313486232e+308,1.79769313486232e+308,1.79769313486232e+308,1.79769313486232e+308,1.79769313486232e+308,1.79769313486232e+308,1.79769313486232e+308,1.79769313486232e+308
92,"8/27/99",1,3120739,2,2,1,17,2000,1000,1.60000002384186,0,1.79769313486232e+308,1.79769313486232e+308,1.79769313486232e+308
105,"8/27/99",1,3120749,5,2,2,1.79769313486232e+308,1.79769313486232e+308,1.79769313486232e+308,1.79769313486232e+308,1.79769313486232e+308,1.79769313486232e+308,1.79769313486232e+308,1.79769313486232e+308
93,"8/27/99",1,3120839,2,2,1,17,0,0,2,0,1.79769313486232e+308,1.79769313486232e+308,1.79769313486232e+308
94,"8/27/99",1,3120939,2,2,1,15,0,0,16,0,1.79769313486232e+308,1.79769313486232e+308,1.79769313486232e+308
95,"8/27/99",1,3120939,3,2,2,1.79769313486232e+308,1.79769313486232e+308,1.79769313486232e+308,1.79769313486232e+308,1.79769313486232e+308,1.79769313486232e+308,1.79769313486232e+308,1.79769313486232e+308
1.79769313486232e+308,".",1.79769313486232e+308,3120939,4,1.79769313486232e+308,2,1.79769313486232e+308,1.79769313486232e+308,1.79769313486232e+308,1.79769313486232e+308,1.79769313486232e+308,1.79769313486232e+308,1.79769313486232e+308,1.79769313486232e+308
96,"8/27/99",1,3121039,4,4,1,20,4000,0,5,0,1.79769313486232e+308,1.79769313486232e+308,1.79769313486232e+308
97,"8/27/99",1,3121039,6,4,1,20,9000,400,10,0,1.79769313486232e+308,1.79769313486232e+308,1.79769313486232e+308
110,"9/01/99",1,3130139,4,4,2,1.79769313486232e+308,1.79769313486232e+308,1.79769313486232e+308,1.79769313486232e+308,1.79769313486232e+308,1.79769313486232e+308,1.79769313486232e+308,1.79769313486232e+308
118,"9/06/99",1,3130149,2,2,1,17,5500,6000,11,0,1.79769313486232e+308,1.79769313486232e+308,1.79769313486232e+308
137,"9/06/99",1,3130159,2,2,1,16,0,0,4,0,1.79769313486232e+308,1.79769313486232e+308,1.79769313486232e+308
138,"9/06/99",1,3130159,3,2,2,1.79769313486232e+308,1.79769313486232e+308,1.79769313486232e+308,1.79769313486232e+308,1.79769313486232e+308,1.79769313486232e+308,1.79769313486232e+308,1.79769313486232e+308
139,"9/06/99",1,3130159,4,2,2,1.79769313486232e+308,1.79769313486232e+308,1.79769313486232e+308,1.79769313486232e+308,1.79769313486232e+308,1.79769313486232e+308,1.79769313486232e+308,1.79769313486232e+308
111,"9/06/99",1,3130239,1.79769313486232e+308,1.79769313486232e+308,1.79769313486232e+308,1.79769313486232e+308,1.79769313486232e+308,1.79769313486232e+308,1.79769313486232e+308,1.79769313486232e+308,1.79769313486232e+308,1.79769313486232e+308,1.79769313486232e+308
119,"9/06/99",1,3130249,2,2,1,14,2700,0,1,0,1.79769313486232e+308,1.79769313486232e+308,1.79769313486232e+308
1.79769313486232e+308,".",1.79769313486232e+308,3130249,6,1,2,1.79769313486232e+308,1.79769313486232e+308,1.79769313486232e+308,1.79769313486232e+308,1.79769313486232e+308,1.79769313486232e+308,1.79769313486232e+308,1.79769313486232e+308
140,"9/06/99",1,3130259,2,2,1,17,0,0,2,0,1.79769313486232e+308,1.79769313486232e+308,1.79769313486232e+308
141,"9/06/99",1,3130259,5,5,1,16,0,0,2,0,1.79769313486232e+308,1.79769313486232e+308,1.79769313486232e+308
142,"9/06/99",1,3130259,8,2,2,1.79769313486232e+308,1.79769313486232e+308,1.79769313486232e+308,1.79769313486232e+308,1.79769313486232e+308,1.79769313486232e+308,1.79769313486232e+308,1.79769313486232e+308
143,"9/06/99",1,3130259,10,10,1,18,0,0,1.5,0,1.79769313486232e+308,1.79769313486232e+308,1.79769313486232e+308
112,"9/06/99",1,3130339,4,4,1,15,0,0,6,0,1.79769313486232e+308,1.79769313486232e+308,1.79769313486232e+308
121,"9/06/99",1,3130349,7,13,2,1.79769313486232e+308,1.79769313486232e+308,1.79769313486232e+308,1.79769313486232e+308,1.79769313486232e+308,1.79769313486232e+308,1.79769313486232e+308,1.79769313486232e+308
122,"9/06/99",1,3130349,13,13,1,18,15000,2000,7,0,1.79769313486232e+308,1.79769313486232e+308,1.79769313486232e+308
144,"9/06/99",1,3130359,2,2,1,20,0,0,4,0,1.79769313486232e+308,1.79769313486232e+308,1.79769313486232e+308
145,"9/06/99",1,3130359,3,2,2,1.79769313486232e+308,1.79769313486232e+308,1.79769313486232e+308,1.79769313486232e+308,1.79769313486232e+308,1.79769313486232e+308,1.79769313486232e+308,1.79769313486232e+308
113,"9/06/99",1,3130439,2,2,1,15,0,0,7,0,1.79769313486232e+308,1.79769313486232e+308,1.79769313486232e+308
114,"9/06/99",1,3130439,4,2,2,1.79769313486232e+308,1.79769313486232e+308,1.79769313486232e+308,1.79769313486232e+308,1.79769313486232e+308,1.79769313486232e+308,1.79769313486232e+308,1.79769313486232e+308
115,"9/06/99",1,3130439,5,2,2,1.79769313486232e+308,1.79769313486232e+308,1.79769313486232e+308,1.79769313486232e+308,1.79769313486232e+308,1.79769313486232e+308,1.79769313486232e+308,1.79769313486232e+308
123,"9/06/99",1,3130449,2,2,1,15,10000,3000,8,60,1.79769313486232e+308,1.79769313486232e+308,1.79769313486232e+308
146,"9/06/99",1,3130459,8,8,1,18,25000,0,2,0,1.79769313486232e+308,1.79769313486232e+308,1.79769313486232e+308
147,"9/06/99",1,3130459,9,8,1,17,15000,0,48,0,1.79769313486232e+308,1.79769313486232e+308,1.79769313486232e+308
148,"9/06/99",1,3130459,10,8,1,17,10000,0,5,30,1.79769313486232e+308,1.79769313486232e+308,1.79769313486232e+308
149,"9/06/99",1,3130459,11,8,2,1.79769313486232e+308,1.79769313486232e+308,1.79769313486232e+308,1.79769313486232e+308,1.79769313486232e+308,1.79769313486232e+308,1.79769313486232e+308,1.79769313486232e+308
150,"9/06/99",1,3130459,12,8,2,1.79769313486232e+308,1.79769313486232e+308,1.79769313486232e+308,1.79769313486232e+308,1.79769313486232e+308,1.79769313486232e+308,1.79769313486232e+308,1.79769313486232e+308
151,"9/06/99",1,3130459,15,8,2,1.79769313486232e+308,1.79769313486232e+308,1.79769313486232e+308,1.79769313486232e+308,1.79769313486232e+308,1.79769313486232e+308,1.79769313486232e+308,1.79769313486232e+308
152,"9/06/99",1,3130459,17,8,2,1.79769313486232e+308,1.79769313486232e+308,1.79769313486232e+308,1.79769313486232e+308,1.79769313486232e+308,1.79769313486232e+308,1.79769313486232e+308,1.79769313486232e+308
116,"9/06/99",1,3130539,2,2,1,14,0,0,2,3,1.79769313486232e+308,1.79769313486232e+308,1.79769313486232e+308
1.79769313486232e+308,".",1.79769313486232e+308,3130539,3,2,2,1.79769313486232e+308,1.79769313486232e+308,1.79769313486232e+308,1.79769313486232e+308,1.79769313486232e+308,1.79769313486232e+308,1.79769313486232e+308,1.79769313486232e+308
124,"9/06/99",1,3130549,1,1,1,22,10000,0,10,11,1.79769313486232e+308,1.79769313486232e+308,1.79769313486232e+308
117,"9/06/99",1,3130629,2,2,1,14,2000,0,1,0,1.79769313486232e+308,1.79769313486232e+308,1.79769313486232e+308
125,"9/06/99",1,3130649,1.79769313486232e+308,1.79769313486232e+308,1.79769313486232e+308,1.79769313486232e+308,1.79769313486232e+308,1.79769313486232e+308,1.79769313486232e+308,1.79769313486232e+308,1.79769313486232e+308,1.79769313486232e+308,1.79769313486232e+308
126,"9/06/99",1,3130749,3,3,1,15,50000,12000,7,0,1.79769313486232e+308,1.79769313486232e+308,1.79769313486232e+308
127,"9/06/99",1,3130749,4,3,2,1.79769313486232e+308,1.79769313486232e+308,1.79769313486232e+308,1.79769313486232e+308,1.79769313486232e+308,1.79769313486232e+308,1.79769313486232e+308,1.79769313486232e+308
128,"9/06/99",1,3130749,5,3,2,1.79769313486232e+308,1.79769313486232e+308,1.79769313486232e+308,1.79769313486232e+308,1.79769313486232e+308,1.79769313486232e+308,1.79769313486232e+308,1.79769313486232e+308
129,"9/06/99",1,3130849,2,2,1,16,0,27000,9,0,1.79769313486232e+308,1.79769313486232e+308,1.79769313486232e+308
130,"9/06/99",1,3130849,3,2,2,1.79769313486232e+308,1.79769313486232e+308,1.79769313486232e+308,1.79769313486232e+308,1.79769313486232e+308,1.79769313486232e+308,1.79769313486232e+308,1.79769313486232e+308
131,"9/06/99",1,3130849,4,2,2,1.79769313486232e+308,1.79769313486232e+308,1.79769313486232e+308,1.79769313486232e+308,1.79769313486232e+308,1.79769313486232e+308,1.79769313486232e+308,1.79769313486232e+308
132,"9/06/99",1,3130949,1,2,1,16,1000,500,0.025000000372529,0,1,1.79769313486232e+308,1.79769313486232e+308
133,"9/06/99",1,3130949,4,2,1,13,0,0,45,1,1.79769313486232e+308,1.79769313486232e+308,1.79769313486232e+308
134,"9/06/99",1,3131049,2,2,1,18,0,20000,60,13,1.79769313486232e+308,1.79769313486232e+308,1.79769313486232e+308
135,"9/06/99",1,3131049,3,2,2,1.79769313486232e+308,1.79769313486232e+308,1.79769313486232e+308,1.79769313486232e+308,1.79769313486232e+308,1.79769313486232e+308,1.79769313486232e+308,1.79769313486232e+308
136,"9/06/99",1,3131149,2,2,1,18,0,0,6,0,1.79769313486232e+308,1.79769313486232e+308,1.79769313486232e+308
118,"8/12/99",1,3210139,2,2,1,17,0,0,5,0,1.79769313486232e+308,1.79769313486232e+308,1.79769313486232e+308
137,"8/12/99",1,3210149,2,2,1,14,0,0,2,104,1.79769313486232e+308,1.79769313486232e+308,1.79769313486232e+308
146,"8/12/99",1,3210159,3,3,1,19,0,0,7,12,1.79769313486232e+308,1.79769313486232e+308,1.79769313486232e+308
147,"8/12/99",1,3210159,5,5,1,16,0,0,5,2,1.79769313486232e+308,1.79769313486232e+308,1.79769313486232e+308
119,"8/12/99",1,3210239,2,2,1,16,0,0,4,0,1.79769313486232e+308,1.79769313486232e+308,1.79769313486232e+308
120,"8/12/99",1,3210239,8,2,2,1.79769313486232e+308,1.79769313486232e+308,1.79769313486232e+308,1.79769313486232e+308,1.79769313486232e+308,1.79769313486232e+308,1.79769313486232e+308,1.79769313486232e+308
138,"8/12/99",1,3210249,5,5,1,17,0,0,4,0,1.79769313486232e+308,1.79769313486232e+308,1.79769313486232e+308
148,"8/12/99",1,3210259,2,2,1,18,0,5000,3,0,1.79769313486232e+308,1.79769313486232e+308,1.79769313486232e+308
149,"8/12/99",1,3210259,5,2,2,1.79769313486232e+308,1.79769313486232e+308,1.79769313486232e+308,1.79769313486232e+308,1.79769313486232e+308,1.79769313486232e+308,1.79769313486232e+308,1.79769313486232e+308
150,"8/12/99",1,3210259,6,2,2,1.79769313486232e+308,1.79769313486232e+308,1.79769313486232e+308,1.79769313486232e+308,1.79769313486232e+308,1.79769313486232e+308,1.79769313486232e+308,1.79769313486232e+308
121,"8/12/99",1,3210339,2,2,1,14,9000,1500,0.00999999977648258,0,1.79769313486232e+308,1.79769313486232e+308,1.79769313486232e+308
139,"8/12/99",1,3210349,2,2,1,13,4000,0,8,0,1.79769313486232e+308,1.79769313486232e+308,1.79769313486232e+308
140,"8/12/99",1,3210349,3,2,2,1.79769313486232e+308,1.79769313486232e+308,1.79769313486232e+308,1.79769313486232e+308,1.79769313486232e+308,1.79769313486232e+308,1.79769313486232e+308,1.79769313486232e+308
151,"8/12/99",1,3210359,2,2,1,16,0,18000,1,0,1.79769313486232e+308,1.79769313486232e+308,1.79769313486232e+308
122,"8/12/99",1,3210439,2,2,1,15,0,500,0.5,5,1.79769313486232e+308,1.79769313486232e+308,1.79769313486232e+308
123,"8/12/99",1,3210439,4,2,2,1.79769313486232e+308,1.79769313486232e+308,1.79769313486232e+308,1.79769313486232e+308,1.79769313486232e+308,1.79769313486232e+308,1.79769313486232e+308,1.79769313486232e+308
141,"8/12/99",1,3210449,2,1,1,21,0,0,3,0,1.79769313486232e+308,1.79769313486232e+308,1.79769313486232e+308
142,"8/12/99",1,3210449,4,1,2,1.79769313486232e+308,1.79769313486232e+308,1.79769313486232e+308,1.79769313486232e+308,1.79769313486232e+308,1.79769313486232e+308,1.79769313486232e+308,1.79769313486232e+308
152,"8/12/99",1,3210459,1,1,1,11,0,3000,0.5,21,1.79769313486232e+308,1.79769313486232e+308,1.79769313486232e+308
124,"8/12/99",1,3210539,2,2,1,14,0,0,0.699999988079071,0,1.79769313486232e+308,1.79769313486232e+308,1.79769313486232e+308
125,"8/12/99",1,3210539,3,2,2,1.79769313486232e+308,1.79769313486232e+308,1.79769313486232e+308,1.79769313486232e+308,1.79769313486232e+308,1.79769313486232e+308,1.79769313486232e+308,1.79769313486232e+308
143,"8/12/99",1,3210549,1,1,1,14,0,400,1.5,64,1,1995,1
1.79769313486232e+308,".",1.79769313486232e+308,3210549,3,1.79769313486232e+308,2,1.79769313486232e+308,1.79769313486232e+308,1.79769313486232e+308,1.79769313486232e+308,1.79769313486232e+308,1.79769313486232e+308,1.79769313486232e+308,1.79769313486232e+308
127,"8/12/99",1,3210619,5,2,2,1.79769313486232e+308,1.79769313486232e+308,1.79769313486232e+308,1.79769313486232e+308,1.79769313486232e+308,1.79769313486232e+308,1.79769313486232e+308,1.79769313486232e+308
128,"8/12/99",1,3210619,7,2,2,1.79769313486232e+308,1.79769313486232e+308,1.79769313486232e+308,1.79769313486232e+308,1.79769313486232e+308,1.79769313486232e+308,1.79769313486232e+308,1.79769313486232e+308
129,"8/12/99",1,3210619,8,2,2,1.79769313486232e+308,1.79769313486232e+308,1.79769313486232e+308,1.79769313486232e+308,1.79769313486232e+308,1.79769313486232e+308,1.79769313486232e+308,1.79769313486232e+308
144,"8/12/99",1,3210649,3,3,1,13,0,0,3,0,1.79769313486232e+308,1.79769313486232e+308,1.79769313486232e+308
130,"8/12/99",1,3210739,3,3,1,17,15000,10500,3,0,1.79769313486232e+308,1.79769313486232e+308,1.79769313486232e+308
131,"8/12/99",1,3210739,4,3,2,1.79769313486232e+308,1.79769313486232e+308,1.79769313486232e+308,1.79769313486232e+308,1.79769313486232e+308,1.79769313486232e+308,1.79769313486232e+308,1.79769313486232e+308
132,"8/12/99",1,3210739,5,3,2,1.79769313486232e+308,1.79769313486232e+308,1.79769313486232e+308,1.79769313486232e+308,1.79769313486232e+308,1.79769313486232e+308,1.79769313486232e+308,1.79769313486232e+308
145,"8/12/99",1,3210749,3,3,1,13,20000,0,5,0,1.79769313486232e+308,1.79769313486232e+308,1.79769313486232e+308
133,"8/12/99",1,3210829,2,2,1,17,550,0,9,1,1.79769313486232e+308,1.79769313486232e+308,1.79769313486232e+308
134,"8/12/99",1,3210829,3,2,2,1.79769313486232e+308,1.79769313486232e+308,1.79769313486232e+308,1.79769313486232e+308,1.79769313486232e+308,1.79769313486232e+308,1.79769313486232e+308,1.79769313486232e+308
135,"8/12/99",1,3210929,2,2,1,14,6000,0,10,0,1.79769313486232e+308,1.79769313486232e+308,1.79769313486232e+308
136,"8/12/99",1,3211039,2,2,1,13,0,800,0.5,0,1.79769313486232e+308,1.79769313486232e+308,1.79769313486232e+308
34,"8/22/99",1,3220139,2,2,1,16,0,0,8,0,1.79769313486232e+308,1.79769313486232e+308,1.79769313486232e+308
52,"9/06/99",1,3220149,2,2,1,13,0,0,0.5,0,1.79769313486232e+308,1.79769313486232e+308,1.79769313486232e+308
58,"9/06/99",1,3220159,2,2,1,14,0,0,0.200000002980232,0,1.79769313486232e+308,1.79769313486232e+308,1.79769313486232e+308
59,"9/06/99",1,3220159,3,3,1,23,0,0,1,0,1.79769313486232e+308,1.79769313486232e+308,1.79769313486232e+308
60,"9/06/99",1,3220159,4,4,2,1.79769313486232e+308,1.79769313486232e+308,1.79769313486232e+308,1.79769313486232e+308,1.79769313486232e+308,1.79769313486232e+308,1.79769313486232e+308,1.79769313486232e+308
61,"9/06/99",1,3220159,5,5,2,1.79769313486232e+308,1.79769313486232e+308,1.79769313486232e+308,1.79769313486232e+308,1.79769313486232e+308,1.79769313486232e+308,1.79769313486232e+308,1.79769313486232e+308
35,"8/24/99",1,3220239,2,2,1,16,4000,1500,2,0,1.79769313486232e+308,1.79769313486232e+308,1.79769313486232e+308
53,"9/06/99",1,3220249,2,2,1,14,15000,8000,2,0,1.79769313486232e+308,1.79769313486232e+308,1.79769313486232e+308
62,"9/06/99",1,3220259,3,3,1,21,0,6000,10,0,1.79769313486232e+308,1.79769313486232e+308,1.79769313486232e+308
63,"9/06/99",1,3220259,6,3,2,1.79769313486232e+308,1.79769313486232e+308,1.79769313486232e+308,1.79769313486232e+308,1.79769313486232e+308,1.79769313486232e+308,1.79769313486232e+308,1.79769313486232e+308
64,"9/06/99",1,3220259,7,3,2,1.79769313486232e+308,1.79769313486232e+308,1.79769313486232e+308,1.79769313486232e+308,1.79769313486232e+308,1.79769313486232e+308,1.79769313486232e+308,1.79769313486232e+308
36,"8/24/99",1,3220339,1,1,1,17,0,2000,0,0,1,1995,3
37,"8/24/99",1,3220339,2,2,2,1.79769313486232e+308,1.79769313486232e+308,1.79769313486232e+308,1.79769313486232e+308,1.79769313486232e+308,1.79769313486232e+308,1.79769313486232e+308,1.79769313486232e+308
54,"9/06/99",1,3220349,1,1,1,16,0,0,7,6,1.79769313486232e+308,1.79769313486232e+308,1.79769313486232e+308
65,"9/06/99",1,3220359,2,2,1,16,0,0,0.200000002980232,0,1.79769313486232e+308,1.79769313486232e+308,1.79769313486232e+308
66,"9/06/99",1,3220359,3,2,2,1.79769313486232e+308,1.79769313486232e+308,1.79769313486232e+308,1.79769313486232e+308,1.79769313486232e+308,1.79769313486232e+308,1.79769313486232e+308,1.79769313486232e+308
38,"8/24/99",1,3220419,2,2,1,18,0,0,8,0,1.79769313486232e+308,1.79769313486232e+308,1.79769313486232e+308
55,"9/06/99",1,3220449,2,2,1,16,0,0,5,0,1.79769313486232e+308,1.79769313486232e+308,1.79769313486232e+308
56,"9/06/99",1,3220449,3,2,2,1.79769313486232e+308,1.79769313486232e+308,1.79769313486232e+308,1.79769313486232e+308,1.79769313486232e+308,1.79769313486232e+308,1.79769313486232e+308,1.79769313486232e+308
67,"9/06/99",1,3220459,2,2,1,17,0,12000,5,0,1.79769313486232e+308,1.79769313486232e+308,1.79769313486232e+308
39,"8/24/99",1,3220539,2,2,1,14,4000,0,12,0,1.79769313486232e+308,1.79769313486232e+308,1.79769313486232e+308
1.79769313486232e+308,".",1.79769313486232e+308,3220539,3,2,2,1.79769313486232e+308,1.79769313486232e+308,1.79769313486232e+308,1.79769313486232e+308,1.79769313486232e+308,1.79769313486232e+308,1.79769313486232e+308,1.79769313486232e+308
57,"9/06/99",1,3220549,1,1,1,18,0,0,1,0,1.79769313486232e+308,1.79769313486232e+308,1.79769313486232e+308
40,"8/24/99",1,3220619,2,2,1,14,0,0,5,0,1.79769313486232e+308,1.79769313486232e+308,1.79769313486232e+308
41,"8/24/99",1,3220739,2,2,1,16,0,0,3,0,1.79769313486232e+308,1.79769313486232e+308,1.79769313486232e+308
42,"8/24/99",1,3220839,4,4,1,18,8000,6000,12,0,1.79769313486232e+308,1.79769313486232e+308,1.79769313486232e+308
43,"8/24/99",1,3220839,5,5,1,16,3000,0,70,0,1.79769313486232e+308,1.79769313486232e+308,1.79769313486232e+308
44,"8/24/99",1,3220839,6,5,2,1.79769313486232e+308,1.79769313486232e+308,1.79769313486232e+308,1.79769313486232e+308,1.79769313486232e+308,1.79769313486232e+308,1.79769313486232e+308,1.79769313486232e+308
46,"8/24/99",1,3220939,2,2,1,18,2000,0,8,0,1.79769313486232e+308,1.79769313486232e+308,1.79769313486232e+308
47,"8/24/99",1,3220939,3,2,2,1.79769313486232e+308,1.79769313486232e+308,1.79769313486232e+308,1.79769313486232e+308,1.79769313486232e+308,1.79769313486232e+308,1.79769313486232e+308,1.79769313486232e+308
48,"8/24/99",1,3221019,2,2,1,19,15000,0,8,0,1.79769313486232e+308,1.79769313486232e+308,1.79769313486232e+308
49,"8/24/99",1,3221139,1,1,1,18,4000,3000,1,36,1.79769313486232e+308,1.79769313486232e+308,1.79769313486232e+308
50,"9/06/99",1,3221239,2,2,1,15,0,0,1,0,1.79769313486232e+308,1.79769313486232e+308,1.79769313486232e+308
51,"9/06/99",1,3221239,3,2,2,1.79769313486232e+308,1.79769313486232e+308,1.79769313486232e+308,1.79769313486232e+308,1.79769313486232e+308,1.79769313486232e+308,1.79769313486232e+308,1.79769313486232e+308
68,"9/06/99",1,3230139,2,2,1,16,0,0,0.5,0,1.79769313486232e+308,1.79769313486232e+308,1.79769313486232e+308
81,"9/08/99",1,3230149,2,2,1,15,0,0,7,0,1.79769313486232e+308,1.79769313486232e+308,1.79769313486232e+308
82,"9/08/99",1,3230149,10,2,1,14,0,0,2,0,1.79769313486232e+308,1.79769313486232e+308,1.79769313486232e+308
83,"9/08/99",1,3230149,11,2,1,16,0,0,6,0,1.79769313486232e+308,1.79769313486232e+308,1.79769313486232e+308
91,"9/10/99",1,3230159,1,1,1,13,0,0,0.5,24,1,1997,6
92,"9/10/99",1,3230159,3,3,1,15,40000,6000,1,20,1.79769313486232e+308,1.79769313486232e+308,1.79769313486232e+308
69,"9/08/99",1,3230219,2,2,1,17,0,3200,5,0,1.79769313486232e+308,1.79769313486232e+308,1.79769313486232e+308
84,"9/08/99",1,3230249,2,2,1,13,0,0,22,1,1.79769313486232e+308,1.79769313486232e+308,1.79769313486232e+308
93,"9/10/99",1,3230259,1,1,1,15,0,0,1,14,1,1998,3
70,"9/08/99",1,3230339,2,2,1,14,0,0,5,0,1.79769313486232e+308,1.79769313486232e+308,1.79769313486232e+308
1.79769313486232e+308,".",1.79769313486232e+308,3230339,5,2,2,1.79769313486232e+308,1.79769313486232e+308,1.79769313486232e+308,1.79769313486232e+308,1.79769313486232e+308,1.79769313486232e+308,1.79769313486232e+308,1.79769313486232e+308
85,"9/10/99",1,3230349,2,2,1,9,7000,0,1,0,1.79769313486232e+308,1.79769313486232e+308,1.79769313486232e+308
94,"9/10/99",1,3230359,2,2,1,16,0,0,13,0,1.79769313486232e+308,1.79769313486232e+308,1.79769313486232e+308
71,"9/08/99",1,3230439,2,2,1,16,0,0,8,60,1.79769313486232e+308,1.79769313486232e+308,1.79769313486232e+308
86,"9/10/99",1,3230449,2,2,1,15,0,1200,8,0,1.79769313486232e+308,1.79769313486232e+308,1.79769313486232e+308
87,"9/10/99",1,3230449,4,2,2,1.79769313486232e+308,1.79769313486232e+308,1.79769313486232e+308,1.79769313486232e+308,1.79769313486232e+308,1.79769313486232e+308,1.79769313486232e+308,1.79769313486232e+308
95,"9/10/99",1,3230459,2,2,1,14,0,12000,3,0,1.79769313486232e+308,1.79769313486232e+308,1.79769313486232e+308
72,"9/08/99",1,3230539,1,1,1,18,0,0,7,34,1,1996,3
73,"9/08/99",1,3230539,2,1,2,1.79769313486232e+308,1.79769313486232e+308,1.79769313486232e+308,1.79769313486232e+308,1.79769313486232e+308,1.79769313486232e+308,1.79769313486232e+308,1.79769313486232e+308
88,"9/10/99",1,3230549,2,2,1,17,0,18000,5,0,1.79769313486232e+308,1.79769313486232e+308,1.79769313486232e+308
74,"9/08/99",1,3230639,2,3,1,18,0,0,80,72,2,1991,6
75,"9/08/99",1,3230639,3,3,1,16,0,0,200,120,1.79769313486232e+308,1.79769313486232e+308,1.79769313486232e+308
76,"9/08/99",1,3230639,4,3,1,18,0,0,12,0,1.79769313486232e+308,1.79769313486232e+308,1.79769313486232e+308
89,"9/10/99",1,3230649,4,4,1,18,0,12000,0.5,0,1.79769313486232e+308,1.79769313486232e+308,1.79769313486232e+308
77,"9/08/99",1,3230719,2,2,1,15,4000,0,6,6,1.79769313486232e+308,1.79769313486232e+308,1.79769313486232e+308
90,"9/10/99",1,3230749,2,2,1,18,25000,0,1.5,0,1.79769313486232e+308,1.79769313486232e+308,1.79769313486232e+308
78,"9/08/99",1,3230839,2,2,1,18,0,0,0,0,1.79769313486232e+308,1.79769313486232e+308,1.79769313486232e+308
79,"9/08/99",1,3230939,7,7,1,14,0,0,7,2,1.79769313486232e+308,1.79769313486232e+308,1.79769313486232e+308
80,"9/08/99",1,3231039,2,2,1,17,4000,1500,19,0,1.79769313486232e+308,1.79769313486232e+308,1.79769313486232e+308