"casenum","date","weight_","hhcode","pid","s1_4q2","s1_4q3","s1_4q4","s1_4q5"
52,"6/04/99",1,110111,1.79769313486232e+308,1.79769313486232e+308,1.79769313486232e+308,1.79769313486232e+308,1.79769313486232e+308
53,"6/04/99",1,110112,1.79769313486232e+308,1.79769313486232e+308,1.79769313486232e+308,1.79769313486232e+308,1.79769313486232e+308
74,"6/04/99",1,110141,1.79769313486232e+308,1.79769313486232e+308,1.79769313486232e+308,1.79769313486232e+308,1.79769313486232e+308
80,"6/04/99",1,110151,1.79769313486232e+308,1.79769313486232e+308,1.79769313486232e+308,1.79769313486232e+308,1.79769313486232e+308
54,"6/04/99",1,110211,1.79769313486232e+308,1.79769313486232e+308,1.79769313486232e+308,1.79769313486232e+308,1.79769313486232e+308
75,"6/04/99",1,110241,1.79769313486232e+308,1.79769313486232e+308,1.79769313486232e+308,1.79769313486232e+308,1.79769313486232e+308
82,"6/04/99",1,110251,3,6,9,13,2
83,"6/04/99",1,110251,3,6,1,12,2
81,"6/04/99",1,110251,3,6,6,12,2
84,"6/04/99",1,110251,5,2,9,12,2
85,"6/04/99",1,110251,5,2,1,12,2
55,"6/04/99",1,110311,1.79769313486232e+308,1.79769313486232e+308,1.79769313486232e+308,1.79769313486232e+308,1.79769313486232e+308
76,"6/04/99",1,110341,1.79769313486232e+308,1.79769313486232e+308,1.79769313486232e+308,1.79769313486232e+308,1.79769313486232e+308
86,"6/04/99",1,110351,1.79769313486232e+308,1.79769313486232e+308,1.79769313486232e+308,1.79769313486232e+308,1.79769313486232e+308
87,"6/04/99",1,110352,2,4,8,5,1
56,"6/04/99",1,110411,1,6,2,4,2
57,"6/04/99",1,110411,1,6,4,4,2
59,"6/04/99",1,110411,1,6,11,4,2
58,"6/04/99",1,110411,1,6,6,4,2
77,"6/04/99",1,110441,1,6,3,5,4
88,"6/04/99",1,110459,1.79769313486232e+308,1.79769313486232e+308,1.79769313486232e+308,1.79769313486232e+308,1.79769313486232e+308
60,"6/04/99",1,110511,1.79769313486232e+308,1.79769313486232e+308,1.79769313486232e+308,1.79769313486232e+308,1.79769313486232e+308
78,"6/04/99",1,110541,1.79769313486232e+308,1.79769313486232e+308,1.79769313486232e+308,1.79769313486232e+308,1.79769313486232e+308
79,"6/04/99",1,110542,2,4,2,5,1
61,"6/04/99",1,110611,1.79769313486232e+308,1.79769313486232e+308,1.79769313486232e+308,1.79769313486232e+308,1.79769313486232e+308
64,"6/04/99",1,110612,3,6,7,24,4
63,"6/04/99",1,110612,3,6,7,14,4
62,"6/04/99",1,110612,3,6,3,13,4
65,"6/04/99",1,110711,1.79769313486232e+308,1.79769313486232e+308,1.79769313486232e+308,1.79769313486232e+308,1.79769313486232e+308
67,"6/04/99",1,110811,4,1,10,22,2
66,"6/04/99",1,110811,4,1,3,21,2
68,"6/04/99",1,110811,5,1,3,21,2
69,"6/04/99",1,110811,5,1,9,25,2
70,"6/04/99",1,110911,2,4,8,20,1
71,"6/04/99",1,111011,1.79769313486232e+308,1.79769313486232e+308,1.79769313486232e+308,1.79769313486232e+308,1.79769313486232e+308
72,"6/04/99",1,111111,1.79769313486232e+308,1.79769313486232e+308,1.79769313486232e+308,1.79769313486232e+308,1.79769313486232e+308
73,"6/04/99",1,111211,4,1,3,52,3
28,"7/17/99",1,120111,1,6,4,14,1
29,"7/17/99",1,120111,2,6,12,18,1
52,"7/17/99",1,120141,5,2,1,12,4
53,"7/17/99",1,120141,5,2,4,5,4
50,"7/17/99",1,120141,5,2,5,12,4
51,"7/17/99",1,120141,5,2,8,16,4
59,"7/17/99",1,120151,1.79769313486232e+308,1.79769313486232e+308,1.79769313486232e+308,1.79769313486232e+308,1.79769313486232e+308
60,"7/17/99",1,120152,1.79769313486232e+308,1.79769313486232e+308,1.79769313486232e+308,1.79769313486232e+308,1.79769313486232e+308
30,"7/17/99",1,120211,1,1,2,51,5
31,"7/17/99",1,120212,1,1,6,43,5
54,"7/17/99",1,120241,9,4,10,7,1
55,"7/17/99",1,120241,9,4,3,5,1
56,"7/17/99",1,120242,1.79769313486232e+308,1.79769313486232e+308,1.79769313486232e+308,1.79769313486232e+308,1.79769313486232e+308
62,"7/17/99",1,120251,3,1,7,8,2
61,"7/17/99",1,120251,3,1,5,10,2
63,"7/17/99",1,120251,3,1,9,10,2
64,"7/17/99",1,120251,3,1,1,12,2
65,"7/17/99",1,120351,2,4,5,5,1
66,"7/17/99",1,120351,2,4,8,13,1
71,"7/17/99",1,120351,3,1,5,47,3
67,"7/17/99",1,120351,4,4,5,5,1
68,"7/17/99",1,120351,4,4,8,13,1
69,"7/17/99",1,120351,5,4,5,5,1
70,"7/17/99",1,120351,5,4,8,13,1
72,"7/17/99",1,120351,7,6,5,40,3
73,"7/17/99",1,120351,7,6,2,9,3
74,"7/17/99",1,120351,8,6,5,40,3
75,"7/17/99",1,120351,8,6,2,9,3
32,"7/17/99",1,120411,4,5,1,12,4
57,"7/17/99",1,120441,1.79769313486232e+308,1.79769313486232e+308,1.79769313486232e+308,1.79769313486232e+308,1.79769313486232e+308
76,"7/17/99",1,120459,4,1,3,5,5
33,"7/17/99",1,120511,9,4,1,16,1
35,"7/17/99",1,120512,1.79769313486232e+308,1.79769313486232e+308,1.79769313486232e+308,1.79769313486232e+308,1.79769313486232e+308
58,"7/17/99",1,120541,1.79769313486232e+308,1.79769313486232e+308,1.79769313486232e+308,1.79769313486232e+308,1.79769313486232e+308
34,"7/17/99",1,120611,1.79769313486232e+308,1.79769313486232e+308,1.79769313486232e+308,1.79769313486232e+308,1.79769313486232e+308
36,"7/17/99",1,120711,1,6,2,5,4
37,"7/17/99",1,120811,3,1,3,6,5
39,"7/17/99",1,120911,1,1,1,18,4
38,"7/17/99",1,120911,1,1,6,25,4
40,"7/17/99",1,120911,2,6,6,46,4
41,"7/17/99",1,120911,3,6,6,46,4
42,"7/17/99",1,120911,6,1,5,32,4
43,"7/17/99",1,120911,9,1,12,19,4
44,"7/17/99",1,121011,1.79769313486232e+308,1.79769313486232e+308,1.79769313486232e+308,1.79769313486232e+308,1.79769313486232e+308
45,"7/17/99",1,121111,4,1,2,52,5
46,"7/17/99",1,121111,5,1,3,5,4
47,"7/17/99",1,121211,4,1,10,8,4
49,"7/17/99",1,121211,4,1,2,4,4
48,"7/17/99",1,121211,4,1,12,12,4
14,"7/23/99",1,130141,1.79769313486232e+308,1.79769313486232e+308,1.79769313486232e+308,1.79769313486232e+308,1.79769313486232e+308
21,"7/23/99",1,130151,1.79769313486232e+308,1.79769313486232e+308,1.79769313486232e+308,1.79769313486232e+308,1.79769313486232e+308
1,"7/23/99",1,130211,1.79769313486232e+308,1.79769313486232e+308,1.79769313486232e+308,1.79769313486232e+308,1.79769313486232e+308
15,"7/23/99",1,130241,1.79769313486232e+308,1.79769313486232e+308,1.79769313486232e+308,1.79769313486232e+308,1.79769313486232e+308
25,"7/23/99",1,130251,3,1,5,5,4
23,"7/23/99",1,130251,3,1,1,8,4
22,"7/23/99",1,130251,3,1,6,24,4
24,"7/23/99",1,130251,3,1,3,10,4
2,"7/23/99",1,130311,1.79769313486232e+308,1.79769313486232e+308,1.79769313486232e+308,1.79769313486232e+308,1.79769313486232e+308
26,"7/23/99",1,130351,1.79769313486232e+308,1.79769313486232e+308,1.79769313486232e+308,1.79769313486232e+308,1.79769313486232e+308
29,"7/23/99",1,130352,4,2,1,10,4
31,"7/23/99",1,130352,4,2,5,6,4
28,"7/23/99",1,130352,4,2,9,11,4
27,"7/23/99",1,130352,4,2,6,10,4
30,"7/23/99",1,130352,4,2,3,8,4
32,"7/23/99",1,130353,1.79769313486232e+308,1.79769313486232e+308,1.79769313486232e+308,1.79769313486232e+308,1.79769313486232e+308
33,"7/23/99",1,130354,1.79769313486232e+308,1.79769313486232e+308,1.79769313486232e+308,1.79769313486232e+308,1.79769313486232e+308
34,"7/23/99",1,130355,1.79769313486232e+308,1.79769313486232e+308,1.79769313486232e+308,1.79769313486232e+308,1.79769313486232e+308
3,"7/23/99",1,130411,1.79769313486232e+308,1.79769313486232e+308,1.79769313486232e+308,1.79769313486232e+308,1.79769313486232e+308
16,"7/23/99",1,130441,1.79769313486232e+308,1.79769313486232e+308,1.79769313486232e+308,1.79769313486232e+308,1.79769313486232e+308
35,"7/23/99",1,130459,1.79769313486232e+308,1.79769313486232e+308,1.79769313486232e+308,1.79769313486232e+308,1.79769313486232e+308
17,"7/23/99",1,130541,5,1,6,52,5
18,"7/23/99",1,130541,11,4,6,52,4
19,"7/23/99",1,130541,12,4,6,52,4
20,"7/23/99",1,130542,1.79769313486232e+308,1.79769313486232e+308,1.79769313486232e+308,1.79769313486232e+308,1.79769313486232e+308
4,"7/23/99",1,130611,1.79769313486232e+308,1.79769313486232e+308,1.79769313486232e+308,1.79769313486232e+308,1.79769313486232e+308
5,"7/23/99",1,130711,1.79769313486232e+308,1.79769313486232e+308,1.79769313486232e+308,1.79769313486232e+308,1.79769313486232e+308
6,"7/23/99",1,130712,1.79769313486232e+308,1.79769313486232e+308,1.79769313486232e+308,1.79769313486232e+308,1.79769313486232e+308
7,"7/23/99",1,130811,4,1,5,28,4
9,"7/23/99",1,130811,4,1,4,7,4
8,"7/23/99",1,130811,4,1,1,12,4
10,"7/23/99",1,130911,1.79769313486232e+308,1.79769313486232e+308,1.79769313486232e+308,1.79769313486232e+308,1.79769313486232e+308
11,"7/23/99",1,131011,1.79769313486232e+308,1.79769313486232e+308,1.79769313486232e+308,1.79769313486232e+308,1.79769313486232e+308
12,"7/23/99",1,131111,1.79769313486232e+308,1.79769313486232e+308,1.79769313486232e+308,1.79769313486232e+308,1.79769313486232e+308
13,"7/23/99",1,131211,1.79769313486232e+308,1.79769313486232e+308,1.79769313486232e+308,1.79769313486232e+308,1.79769313486232e+308
25,"6/14/99",1,210131,1,6,7,12,4
26,"6/14/99",1,210131,5,6,7,16,1
40,"6/14/99",1,210141,1.79769313486232e+308,1.79769313486232e+308,1.79769313486232e+308,1.79769313486232e+308,1.79769313486232e+308
46,"6/14/99",1,210151,4,2,9,16,3
45,"6/14/99",1,210151,4,2,3,20,3
27,"6/14/99",1,210231,1.79769313486232e+308,1.79769313486232e+308,1.79769313486232e+308,1.79769313486232e+308,1.79769313486232e+308
41,"6/14/99",1,210241,1.79769313486232e+308,1.79769313486232e+308,1.79769313486232e+308,1.79769313486232e+308,1.79769313486232e+308
47,"6/14/99",1,210251,1.79769313486232e+308,1.79769313486232e+308,1.79769313486232e+308,1.79769313486232e+308,1.79769313486232e+308
28,"6/14/99",1,210331,1.79769313486232e+308,1.79769313486232e+308,1.79769313486232e+308,1.79769313486232e+308,1.79769313486232e+308
30,"6/14/99",1,210332,1.79769313486232e+308,1.79769313486232e+308,1.79769313486232e+308,1.79769313486232e+308,1.79769313486232e+308
42,"6/14/99",1,210341,8,4,7,8,1
48,"6/14/99",1,210351,1.79769313486232e+308,1.79769313486232e+308,1.79769313486232e+308,1.79769313486232e+308,1.79769313486232e+308
31,"6/14/99",1,210411,1.79769313486232e+308,1.79769313486232e+308,1.79769313486232e+308,1.79769313486232e+308,1.79769313486232e+308
43,"6/14/99",1,210441,1.79769313486232e+308,1.79769313486232e+308,1.79769313486232e+308,1.79769313486232e+308,1.79769313486232e+308
49,"6/14/99",1,210459,1.79769313486232e+308,1.79769313486232e+308,1.79769313486232e+308,1.79769313486232e+308,1.79769313486232e+308
32,"6/14/99",1,210511,1.79769313486232e+308,1.79769313486232e+308,1.79769313486232e+308,1.79769313486232e+308,1.79769313486232e+308
44,"6/14/99",1,210541,1.79769313486232e+308,1.79769313486232e+308,1.79769313486232e+308,1.79769313486232e+308,1.79769313486232e+308
33,"6/14/99",1,210611,1.79769313486232e+308,1.79769313486232e+308,1.79769313486232e+308,1.79769313486232e+308,1.79769313486232e+308
34,"6/14/99",1,210731,1.79769313486232e+308,1.79769313486232e+308,1.79769313486232e+308,1.79769313486232e+308,1.79769313486232e+308
35,"6/14/99",1,210811,1.79769313486232e+308,1.79769313486232e+308,1.79769313486232e+308,1.79769313486232e+308,1.79769313486232e+308
36,"6/14/99",1,210931,1.79769313486232e+308,1.79769313486232e+308,1.79769313486232e+308,1.79769313486232e+308,1.79769313486232e+308
37,"6/14/99",1,211031,1.79769313486232e+308,1.79769313486232e+308,1.79769313486232e+308,1.79769313486232e+308,1.79769313486232e+308
38,"6/14/99",1,211131,1.79769313486232e+308,1.79769313486232e+308,1.79769313486232e+308,1.79769313486232e+308,1.79769313486232e+308
39,"6/14/99",1,211231,1.79769313486232e+308,1.79769313486232e+308,1.79769313486232e+308,1.79769313486232e+308,1.79769313486232e+308
29,"7/30/99",1,220111,1.79769313486232e+308,1.79769313486232e+308,1.79769313486232e+308,1.79769313486232e+308,1.79769313486232e+308
43,"8/01/99",1,220141,1.79769313486232e+308,1.79769313486232e+308,1.79769313486232e+308,1.79769313486232e+308,1.79769313486232e+308
49,"8/01/99",1,220151,1.79769313486232e+308,1.79769313486232e+308,1.79769313486232e+308,1.79769313486232e+308,1.79769313486232e+308
30,"8/01/99",1,220211,1.79769313486232e+308,1.79769313486232e+308,1.79769313486232e+308,1.79769313486232e+308,1.79769313486232e+308
45,"8/01/99",1,220241,3,6,2,12,4
44,"8/01/99",1,220241,3,6,10,16,4
50,"8/01/99",1,220251,1.79769313486232e+308,1.79769313486232e+308,1.79769313486232e+308,1.79769313486232e+308,1.79769313486232e+308
31,"8/01/99",1,220311,1.79769313486232e+308,1.79769313486232e+308,1.79769313486232e+308,1.79769313486232e+308,1.79769313486232e+308
46,"8/01/99",1,220341,1.79769313486232e+308,1.79769313486232e+308,1.79769313486232e+308,1.79769313486232e+308,1.79769313486232e+308
51,"8/01/99",1,220351,1.79769313486232e+308,1.79769313486232e+308,1.79769313486232e+308,1.79769313486232e+308,1.79769313486232e+308
32,"8/01/99",1,220411,1.79769313486232e+308,1.79769313486232e+308,1.79769313486232e+308,1.79769313486232e+308,1.79769313486232e+308
33,"8/01/99",1,220412,1,6,9,32,4
47,"8/01/99",1,220441,1.79769313486232e+308,1.79769313486232e+308,1.79769313486232e+308,1.79769313486232e+308,1.79769313486232e+308
52,"8/01/99",1,220459,1.79769313486232e+308,1.79769313486232e+308,1.79769313486232e+308,1.79769313486232e+308,1.79769313486232e+308
34,"8/01/99",1,220511,1.79769313486232e+308,1.79769313486232e+308,1.79769313486232e+308,1.79769313486232e+308,1.79769313486232e+308
48,"8/01/99",1,220541,1.79769313486232e+308,1.79769313486232e+308,1.79769313486232e+308,1.79769313486232e+308,1.79769313486232e+308
35,"8/01/99",1,220611,1.79769313486232e+308,1.79769313486232e+308,1.79769313486232e+308,1.79769313486232e+308,1.79769313486232e+308
36,"8/01/99",1,220711,2,6,4,4,4
37,"8/01/99",1,220711,6,6,4,4,4
38,"8/01/99",1,220911,1.79769313486232e+308,1.79769313486232e+308,1.79769313486232e+308,1.79769313486232e+308,1.79769313486232e+308
39,"8/01/99",1,221011,1.79769313486232e+308,1.79769313486232e+308,1.79769313486232e+308,1.79769313486232e+308,1.79769313486232e+308
40,"8/01/99",1,221111,1.79769313486232e+308,1.79769313486232e+308,1.79769313486232e+308,1.79769313486232e+308,1.79769313486232e+308
41,"8/01/99",1,221112,1.79769313486232e+308,1.79769313486232e+308,1.79769313486232e+308,1.79769313486232e+308,1.79769313486232e+308
42,"8/01/99",1,221211,1.79769313486232e+308,1.79769313486232e+308,1.79769313486232e+308,1.79769313486232e+308,1.79769313486232e+308
202,"6/16/99",1,230111,3,6,3,52,4
203,"6/16/99",1,230111,4,6,4,52,4
216,"6/16/99",1,230141,1.79769313486232e+308,1.79769313486232e+308,1.79769313486232e+308,1.79769313486232e+308,1.79769313486232e+308
220,"6/16/99",1,230151,1.79769313486232e+308,1.79769313486232e+308,1.79769313486232e+308,1.79769313486232e+308,1.79769313486232e+308
221,"6/16/99",1,230152,1.79769313486232e+308,1.79769313486232e+308,1.79769313486232e+308,1.79769313486232e+308,1.79769313486232e+308
204,"6/16/99",1,230211,1,6,2,4,4
217,"6/16/99",1,230241,1.79769313486232e+308,1.79769313486232e+308,1.79769313486232e+308,1.79769313486232e+308,1.79769313486232e+308
222,"6/16/99",1,230251,3,2,2,52,4
223,"6/16/99",1,230251,4,2,3,52,4
205,"6/16/99",1,230311,1.79769313486232e+308,1.79769313486232e+308,1.79769313486232e+308,1.79769313486232e+308,1.79769313486232e+308
224,"6/16/99",1,230351,1.79769313486232e+308,1.79769313486232e+308,1.79769313486232e+308,1.79769313486232e+308,1.79769313486232e+308
225,"6/16/99",1,230352,1.79769313486232e+308,1.79769313486232e+308,1.79769313486232e+308,1.79769313486232e+308,1.79769313486232e+308
206,"6/16/99",1,230411,1.79769313486232e+308,1.79769313486232e+308,1.79769313486232e+308,1.79769313486232e+308,1.79769313486232e+308
218,"6/16/99",1,230441,1.79769313486232e+308,1.79769313486232e+308,1.79769313486232e+308,1.79769313486232e+308,1.79769313486232e+308
226,"6/16/99",1,230459,1.79769313486232e+308,1.79769313486232e+308,1.79769313486232e+308,1.79769313486232e+308,1.79769313486232e+308
207,"6/16/99",1,230511,1.79769313486232e+308,1.79769313486232e+308,1.79769313486232e+308,1.79769313486232e+308,1.79769313486232e+308
219,"6/16/99",1,230541,1.79769313486232e+308,1.79769313486232e+308,1.79769313486232e+308,1.79769313486232e+308,1.79769313486232e+308
208,"6/16/99",1,230611,1.79769313486232e+308,1.79769313486232e+308,1.79769313486232e+308,1.79769313486232e+308,1.79769313486232e+308
209,"6/16/99",1,230612,1.79769313486232e+308,1.79769313486232e+308,1.79769313486232e+308,1.79769313486232e+308,1.79769313486232e+308
210,"6/16/99",1,230711,1.79769313486232e+308,1.79769313486232e+308,1.79769313486232e+308,1.79769313486232e+308,1.79769313486232e+308
211,"6/16/99",1,230811,3,6,9,28,3
212,"6/16/99",1,231011,1.79769313486232e+308,1.79769313486232e+308,1.79769313486232e+308,1.79769313486232e+308,1.79769313486232e+308
213,"6/16/99",1,231111,1,5,2,8,4
214,"6/16/99",1,231211,1.79769313486232e+308,1.79769313486232e+308,1.79769313486232e+308,1.79769313486232e+308,1.79769313486232e+308
215,"6/16/99",1,231212,1.79769313486232e+308,1.79769313486232e+308,1.79769313486232e+308,1.79769313486232e+308,1.79769313486232e+308
141,"9/05/99",1,240119,1.79769313486232e+308,1.79769313486232e+308,1.79769313486232e+308,1.79769313486232e+308,1.79769313486232e+308
151,"9/07/99",1,240149,1.79769313486232e+308,1.79769313486232e+308,1.79769313486232e+308,1.79769313486232e+308,1.79769313486232e+308
156,"9/07/99",1,240159,1.79769313486232e+308,1.79769313486232e+308,1.79769313486232e+308,1.79769313486232e+308,1.79769313486232e+308
142,"9/07/99",1,240219,1.79769313486232e+308,1.79769313486232e+308,1.79769313486232e+308,1.79769313486232e+308,1.79769313486232e+308
152,"9/07/99",1,240249,1.79769313486232e+308,1.79769313486232e+308,1.79769313486232e+308,1.79769313486232e+308,1.79769313486232e+308
157,"9/07/99",1,240259,1.79769313486232e+308,1.79769313486232e+308,1.79769313486232e+308,1.79769313486232e+308,1.79769313486232e+308
143,"9/07/99",1,240319,1.79769313486232e+308,1.79769313486232e+308,1.79769313486232e+308,1.79769313486232e+308,1.79769313486232e+308
153,"9/07/99",1,240349,1.79769313486232e+308,1.79769313486232e+308,1.79769313486232e+308,1.79769313486232e+308,1.79769313486232e+308
158,"9/07/99",1,240359,1.79769313486232e+308,1.79769313486232e+308,1.79769313486232e+308,1.79769313486232e+308,1.79769313486232e+308
144,"9/07/99",1,240419,1.79769313486232e+308,1.79769313486232e+308,1.79769313486232e+308,1.79769313486232e+308,1.79769313486232e+308
154,"9/07/99",1,240449,1.79769313486232e+308,1.79769313486232e+308,1.79769313486232e+308,1.79769313486232e+308,1.79769313486232e+308
159,"9/07/99",1,240459,1.79769313486232e+308,1.79769313486232e+308,1.79769313486232e+308,1.79769313486232e+308,1.79769313486232e+308
145,"9/07/99",1,240519,1.79769313486232e+308,1.79769313486232e+308,1.79769313486232e+308,1.79769313486232e+308,1.79769313486232e+308
155,"9/07/99",1,240549,1.79769313486232e+308,1.79769313486232e+308,1.79769313486232e+308,1.79769313486232e+308,1.79769313486232e+308
160,"9/07/99",1,240559,3,1,7,52,4
146,"9/07/99",1,240619,1.79769313486232e+308,1.79769313486232e+308,1.79769313486232e+308,1.79769313486232e+308,1.79769313486232e+308
147,"9/07/99",1,240719,1.79769313486232e+308,1.79769313486232e+308,1.79769313486232e+308,1.79769313486232e+308,1.79769313486232e+308
148,"9/07/99",1,240819,1.79769313486232e+308,1.79769313486232e+308,1.79769313486232e+308,1.79769313486232e+308,1.79769313486232e+308
149,"9/07/99",1,240919,1.79769313486232e+308,1.79769313486232e+308,1.79769313486232e+308,1.79769313486232e+308,1.79769313486232e+308
150,"9/07/99",1,241019,1.79769313486232e+308,1.79769313486232e+308,1.79769313486232e+308,1.79769313486232e+308,1.79769313486232e+308
249,"6/19/99",1,310111,1.79769313486232e+308,1.79769313486232e+308,1.79769313486232e+308,1.79769313486232e+308,1.79769313486232e+308
263,"6/24/99",1,310141,2,6,10,12,1
264,"6/24/99",1,310141,8,4,10,12,1
1.79769313486232e+308,"8/23/99",1,310141,9,4,10,4,1
268,"6/24/99",1,310151,3,1,1.79769313486232e+308,52,3
250,"6/24/99",1,310211,1.79769313486232e+308,1.79769313486232e+308,1.79769313486232e+308,1.79769313486232e+308,1.79769313486232e+308
265,"6/24/99",1,310241,1.79769313486232e+308,1.79769313486232e+308,1.79769313486232e+308,1.79769313486232e+308,1.79769313486232e+308
269,"6/24/99",1,310251,1.79769313486232e+308,1.79769313486232e+308,1.79769313486232e+308,1.79769313486232e+308,1.79769313486232e+308
251,"6/24/99",1,310311,1.79769313486232e+308,1.79769313486232e+308,1.79769313486232e+308,1.79769313486232e+308,1.79769313486232e+308
270,"6/24/99",1,310351,3,1,1.79769313486232e+308,52,5
1.79769313486232e+308,"8/14/99",1,310351,5,1,2,7,4
1.79769313486232e+308,"8/14/99",1,310351,5,1,3,24,4
1.79769313486232e+308,"8/14/99",1,310351,5,1,10,20,4
266,"6/24/99",1,310441,1.79769313486232e+308,1.79769313486232e+308,1.79769313486232e+308,1.79769313486232e+308,1.79769313486232e+308
271,"6/24/99",1,310459,1.79769313486232e+308,1.79769313486232e+308,1.79769313486232e+308,1.79769313486232e+308,1.79769313486232e+308
252,"6/24/99",1,310511,1.79769313486232e+308,1.79769313486232e+308,1.79769313486232e+308,1.79769313486232e+308,1.79769313486232e+308
73,"9/10/99",1,310541,2,6,11,12,1
253,"6/24/99",1,310611,5,4,6,5,2
255,"6/24/99",1,310611,5,6,1,8,2
254,"6/24/99",1,310611,5,4,9,6,2
267,"6/24/99",1,310641,1,1,1.79769313486232e+308,52,2
256,"6/24/99",1,310711,1.79769313486232e+308,1.79769313486232e+308,1.79769313486232e+308,1.79769313486232e+308,1.79769313486232e+308
257,"6/24/99",1,310811,1.79769313486232e+308,1.79769313486232e+308,1.79769313486232e+308,1.79769313486232e+308,1.79769313486232e+308
258,"6/24/99",1,310911,1.79769313486232e+308,1.79769313486232e+308,1.79769313486232e+308,1.79769313486232e+308,1.79769313486232e+308
259,"6/24/99",1,311011,1.79769313486232e+308,1.79769313486232e+308,1.79769313486232e+308,1.79769313486232e+308,1.79769313486232e+308
260,"6/24/99",1,311111,1.79769313486232e+308,1.79769313486232e+308,1.79769313486232e+308,1.79769313486232e+308,1.79769313486232e+308
261,"6/24/99",1,311211,5,1,1,52,4
262,"6/24/99",1,311411,1.79769313486232e+308,1.79769313486232e+308,1.79769313486232e+308,1.79769313486232e+308,1.79769313486232e+308
1,"7/07/99",1,320111,1.79769313486232e+308,1.79769313486232e+308,1.79769313486232e+308,1.79769313486232e+308,1.79769313486232e+308
18,"7/12/99",1,320141,1.79769313486232e+308,1.79769313486232e+308,1.79769313486232e+308,1.79769313486232e+308,1.79769313486232e+308
19,"7/12/99",1,320142,2,4,12,8,2
20,"7/12/99",1,320142,3,4,12,8,2
28,"7/12/99",1,320151,1.79769313486232e+308,1.79769313486232e+308,1.79769313486232e+308,1.79769313486232e+308,1.79769313486232e+308
29,"7/12/99",1,320152,1.79769313486232e+308,1.79769313486232e+308,1.79769313486232e+308,1.79769313486232e+308,1.79769313486232e+308
30,"7/12/99",1,320153,1.79769313486232e+308,1.79769313486232e+308,1.79769313486232e+308,1.79769313486232e+308,1.79769313486232e+308
31,"7/12/99",1,320154,1.79769313486232e+308,1.79769313486232e+308,1.79769313486232e+308,1.79769313486232e+308,1.79769313486232e+308
2,"7/12/99",1,320211,1.79769313486232e+308,1.79769313486232e+308,1.79769313486232e+308,1.79769313486232e+308,1.79769313486232e+308
21,"7/12/99",1,320241,1.79769313486232e+308,1.79769313486232e+308,1.79769313486232e+308,1.79769313486232e+308,1.79769313486232e+308
32,"7/12/99",1,320251,1.79769313486232e+308,1.79769313486232e+308,1.79769313486232e+308,1.79769313486232e+308,1.79769313486232e+308
3,"7/12/99",1,320311,1.79769313486232e+308,1.79769313486232e+308,1.79769313486232e+308,1.79769313486232e+308,1.79769313486232e+308
22,"7/12/99",1,320341,1.79769313486232e+308,1.79769313486232e+308,1.79769313486232e+308,1.79769313486232e+308,1.79769313486232e+308
4,"7/12/99",1,320411,1.79769313486232e+308,1.79769313486232e+308,1.79769313486232e+308,1.79769313486232e+308,1.79769313486232e+308
23,"7/12/99",1,320441,1.79769313486232e+308,1.79769313486232e+308,1.79769313486232e+308,1.79769313486232e+308,1.79769313486232e+308
24,"7/12/99",1,320442,1.79769313486232e+308,1.79769313486232e+308,1.79769313486232e+308,1.79769313486232e+308,1.79769313486232e+308
25,"7/12/99",1,320443,1.79769313486232e+308,1.79769313486232e+308,1.79769313486232e+308,1.79769313486232e+308,1.79769313486232e+308
34,"7/12/99",1,320459,8,2,11,8,3
33,"7/12/99",1,320459,8,2,5,24,3
35,"7/12/99",1,320459,8,2,2,6,3
5,"7/12/99",1,320511,1.79769313486232e+308,1.79769313486232e+308,1.79769313486232e+308,1.79769313486232e+308,1.79769313486232e+308
26,"7/12/99",1,320541,1.79769313486232e+308,1.79769313486232e+308,1.79769313486232e+308,1.79769313486232e+308,1.79769313486232e+308
6,"7/12/99",1,320611,1.79769313486232e+308,1.79769313486232e+308,1.79769313486232e+308,1.79769313486232e+308,1.79769313486232e+308
27,"7/12/99",1,320641,1.79769313486232e+308,1.79769313486232e+308,1.79769313486232e+308,1.79769313486232e+308,1.79769313486232e+308
7,"7/12/99",1,320711,1.79769313486232e+308,1.79769313486232e+308,1.79769313486232e+308,1.79769313486232e+308,1.79769313486232e+308
8,"7/12/99",1,321011,1.79769313486232e+308,1.79769313486232e+308,1.79769313486232e+308,1.79769313486232e+308,1.79769313486232e+308
9,"7/12/99",1,321111,1.79769313486232e+308,1.79769313486232e+308,1.79769313486232e+308,1.79769313486232e+308,1.79769313486232e+308
10,"7/12/99",1,321211,2,1,11,24,5
11,"7/12/99",1,321211,4,1,6,40,5
12,"7/12/99",1,321212,1.79769313486232e+308,1.79769313486232e+308,1.79769313486232e+308,1.79769313486232e+308,1.79769313486232e+308
13,"7/12/99",1,321311,8,4,12,16,1
14,"7/12/99",1,321311,9,4,12,16,1
15,"7/12/99",1,321311,10,4,12,16,1
16,"7/12/99",1,321411,1.79769313486232e+308,1.79769313486232e+308,1.79769313486232e+308,1.79769313486232e+308,1.79769313486232e+308
17,"7/12/99",1,321412,1.79769313486232e+308,1.79769313486232e+308,1.79769313486232e+308,1.79769313486232e+308,1.79769313486232e+308
1,"8/13/99",1,330111,1.79769313486232e+308,1.79769313486232e+308,1.79769313486232e+308,1.79769313486232e+308,1.79769313486232e+308
14,"8/13/99",1,330141,1.79769313486232e+308,1.79769313486232e+308,1.79769313486232e+308,1.79769313486232e+308,1.79769313486232e+308
19,"8/13/99",1,330151,1.79769313486232e+308,1.79769313486232e+308,1.79769313486232e+308,1.79769313486232e+308,1.79769313486232e+308
2,"8/13/99",1,330211,1.79769313486232e+308,1.79769313486232e+308,1.79769313486232e+308,1.79769313486232e+308,1.79769313486232e+308
15,"8/13/99",1,330241,1.79769313486232e+308,1.79769313486232e+308,1.79769313486232e+308,1.79769313486232e+308,1.79769313486232e+308
20,"8/13/99",1,330251,1.79769313486232e+308,1.79769313486232e+308,1.79769313486232e+308,1.79769313486232e+308,1.79769313486232e+308
16,"8/13/99",1,330341,1.79769313486232e+308,1.79769313486232e+308,1.79769313486232e+308,1.79769313486232e+308,1.79769313486232e+308
3,"8/13/99",1,330411,1.79769313486232e+308,1.79769313486232e+308,1.79769313486232e+308,1.79769313486232e+308,1.79769313486232e+308
21,"8/13/99",1,330459,1.79769313486232e+308,1.79769313486232e+308,1.79769313486232e+308,1.79769313486232e+308,1.79769313486232e+308
4,"8/13/99",1,330511,1.79769313486232e+308,1.79769313486232e+308,1.79769313486232e+308,1.79769313486232e+308,1.79769313486232e+308
17,"8/13/99",1,330541,1.79769313486232e+308,1.79769313486232e+308,1.79769313486232e+308,1.79769313486232e+308,1.79769313486232e+308
5,"8/13/99",1,330611,1.79769313486232e+308,1.79769313486232e+308,1.79769313486232e+308,1.79769313486232e+308,1.79769313486232e+308
18,"8/13/99",1,330641,1.79769313486232e+308,1.79769313486232e+308,1.79769313486232e+308,1.79769313486232e+308,1.79769313486232e+308
6,"8/13/99",1,330731,1.79769313486232e+308,1.79769313486232e+308,1.79769313486232e+308,1.79769313486232e+308,1.79769313486232e+308
7,"8/13/99",1,330811,1.79769313486232e+308,1.79769313486232e+308,1.79769313486232e+308,1.79769313486232e+308,1.79769313486232e+308
8,"8/13/99",1,330911,1.79769313486232e+308,1.79769313486232e+308,1.79769313486232e+308,1.79769313486232e+308,1.79769313486232e+308
9,"8/13/99",1,331111,1.79769313486232e+308,1.79769313486232e+308,1.79769313486232e+308,1.79769313486232e+308,1.79769313486232e+308
10,"8/13/99",1,331211,1.79769313486232e+308,1.79769313486232e+308,1.79769313486232e+308,1.79769313486232e+308,1.79769313486232e+308
11,"8/13/99",1,331311,1.79769313486232e+308,1.79769313486232e+308,1.79769313486232e+308,1.79769313486232e+308,1.79769313486232e+308
12,"8/13/99",1,331411,1.79769313486232e+308,1.79769313486232e+308,1.79769313486232e+308,1.79769313486232e+308,1.79769313486232e+308
13,"8/13/99",1,331412,1.79769313486232e+308,1.79769313486232e+308,1.79769313486232e+308,1.79769313486232e+308,1.79769313486232e+308
89,"6/26/99",1,410111,1.79769313486232e+308,1.79769313486232e+308,1.79769313486232e+308,1.79769313486232e+308,1.79769313486232e+308
102,"6/26/99",1,410141,1.79769313486232e+308,1.79769313486232e+308,1.79769313486232e+308,1.79769313486232e+308,1.79769313486232e+308
110,"6/26/99",1,410151,1.79769313486232e+308,1.79769313486232e+308,1.79769313486232e+308,1.79769313486232e+308,1.79769313486232e+308
90,"6/26/99",1,410211,1.79769313486232e+308,1.79769313486232e+308,1.79769313486232e+308,1.79769313486232e+308,1.79769313486232e+308
103,"6/26/99",1,410241,1.79769313486232e+308,1.79769313486232e+308,1.79769313486232e+308,1.79769313486232e+308,1.79769313486232e+308
111,"6/26/99",1,410251,1.79769313486232e+308,1.79769313486232e+308,1.79769313486232e+308,1.79769313486232e+308,1.79769313486232e+308
91,"6/26/99",1,410311,1.79769313486232e+308,1.79769313486232e+308,1.79769313486232e+308,1.79769313486232e+308,1.79769313486232e+308
104,"6/26/99",1,410341,1.79769313486232e+308,1.79769313486232e+308,1.79769313486232e+308,1.79769313486232e+308,1.79769313486232e+308
105,"6/26/99",1,410342,1.79769313486232e+308,1.79769313486232e+308,1.79769313486232e+308,1.79769313486232e+308,1.79769313486232e+308
106,"6/26/99",1,410343,1.79769313486232e+308,1.79769313486232e+308,1.79769313486232e+308,1.79769313486232e+308,1.79769313486232e+308
107,"6/26/99",1,410344,1.79769313486232e+308,1.79769313486232e+308,1.79769313486232e+308,1.79769313486232e+308,1.79769313486232e+308
112,"6/26/99",1,410351,3,1,1.79769313486232e+308,52,5
92,"6/26/99",1,410411,1.79769313486232e+308,1.79769313486232e+308,1.79769313486232e+308,1.79769313486232e+308,1.79769313486232e+308
108,"6/26/99",1,410441,1.79769313486232e+308,1.79769313486232e+308,1.79769313486232e+308,1.79769313486232e+308,1.79769313486232e+308
113,"6/26/99",1,410459,1.79769313486232e+308,1.79769313486232e+308,1.79769313486232e+308,1.79769313486232e+308,1.79769313486232e+308
93,"6/26/99",1,410511,6,2,4,47,3
109,"6/26/99",1,410541,1.79769313486232e+308,1.79769313486232e+308,1.79769313486232e+308,1.79769313486232e+308,1.79769313486232e+308
94,"6/26/99",1,410611,1.79769313486232e+308,1.79769313486232e+308,1.79769313486232e+308,1.79769313486232e+308,1.79769313486232e+308
95,"6/26/99",1,410612,1.79769313486232e+308,1.79769313486232e+308,1.79769313486232e+308,1.79769313486232e+308,1.79769313486232e+308
96,"6/26/99",1,410711,1.79769313486232e+308,1.79769313486232e+308,1.79769313486232e+308,1.79769313486232e+308,1.79769313486232e+308
97,"6/26/99",1,410712,1.79769313486232e+308,1.79769313486232e+308,1.79769313486232e+308,1.79769313486232e+308,1.79769313486232e+308
98,"6/26/99",1,410811,1.79769313486232e+308,1.79769313486232e+308,1.79769313486232e+308,1.79769313486232e+308,1.79769313486232e+308
99,"6/26/99",1,410911,1.79769313486232e+308,1.79769313486232e+308,1.79769313486232e+308,1.79769313486232e+308,1.79769313486232e+308
1.79769313486232e+308,"8/09/99",1,411011,1,1,1.79769313486232e+308,52,5
100,"6/26/99",1,411111,1.79769313486232e+308,1.79769313486232e+308,1.79769313486232e+308,1.79769313486232e+308,1.79769313486232e+308
101,"6/26/99",1,411211,1.79769313486232e+308,1.79769313486232e+308,1.79769313486232e+308,1.79769313486232e+308,1.79769313486232e+308
38,"6/21/99",1,420111,1.79769313486232e+308,1.79769313486232e+308,1.79769313486232e+308,1.79769313486232e+308,1.79769313486232e+308
53,"6/21/99",1,420141,1.79769313486232e+308,1.79769313486232e+308,1.79769313486232e+308,1.79769313486232e+308,1.79769313486232e+308
59,"6/21/99",1,420151,1.79769313486232e+308,1.79769313486232e+308,1.79769313486232e+308,1.79769313486232e+308,1.79769313486232e+308
39,"6/21/99",1,420211,1.79769313486232e+308,1.79769313486232e+308,1.79769313486232e+308,1.79769313486232e+308,1.79769313486232e+308
54,"6/21/99",1,420241,1.79769313486232e+308,1.79769313486232e+308,1.79769313486232e+308,1.79769313486232e+308,1.79769313486232e+308
60,"6/21/99",1,420251,1,1,1.79769313486232e+308,52,5
40,"6/21/99",1,420311,1.79769313486232e+308,1.79769313486232e+308,1.79769313486232e+308,1.79769313486232e+308,1.79769313486232e+308
55,"6/21/99",1,420341,3,1,4,40,2
56,"6/21/99",1,420341,4,1,4,40,2
61,"6/21/99",1,420351,1.79769313486232e+308,1.79769313486232e+308,1.79769313486232e+308,1.79769313486232e+308,1.79769313486232e+308
41,"6/21/99",1,420411,1.79769313486232e+308,1.79769313486232e+308,1.79769313486232e+308,1.79769313486232e+308,1.79769313486232e+308
57,"6/21/99",1,420441,1.79769313486232e+308,1.79769313486232e+308,1.79769313486232e+308,1.79769313486232e+308,1.79769313486232e+308
62,"6/21/99",1,420459,1.79769313486232e+308,1.79769313486232e+308,1.79769313486232e+308,1.79769313486232e+308,1.79769313486232e+308
42,"6/21/99",1,420521,1.79769313486232e+308,1.79769313486232e+308,1.79769313486232e+308,1.79769313486232e+308,1.79769313486232e+308
43,"6/21/99",1,420522,1.79769313486232e+308,1.79769313486232e+308,1.79769313486232e+308,1.79769313486232e+308,1.79769313486232e+308
58,"6/21/99",1,420541,1.79769313486232e+308,1.79769313486232e+308,1.79769313486232e+308,1.79769313486232e+308,1.79769313486232e+308
44,"6/21/99",1,420611,1.79769313486232e+308,1.79769313486232e+308,1.79769313486232e+308,1.79769313486232e+308,1.79769313486232e+308
45,"6/21/99",1,420711,1.79769313486232e+308,1.79769313486232e+308,1.79769313486232e+308,1.79769313486232e+308,1.79769313486232e+308
46,"6/21/99",1,420821,1.79769313486232e+308,1.79769313486232e+308,1.79769313486232e+308,1.79769313486232e+308,1.79769313486232e+308
47,"6/21/99",1,420921,1,1,1.79769313486232e+308,52,5
48,"6/21/99",1,421021,1.79769313486232e+308,1.79769313486232e+308,1.79769313486232e+308,1.79769313486232e+308,1.79769313486232e+308
49,"6/21/99",1,421121,1.79769313486232e+308,1.79769313486232e+308,1.79769313486232e+308,1.79769313486232e+308,1.79769313486232e+308
50,"6/21/99",1,421211,1.79769313486232e+308,1.79769313486232e+308,1.79769313486232e+308,1.79769313486232e+308,1.79769313486232e+308
51,"6/21/99",1,421212,1.79769313486232e+308,1.79769313486232e+308,1.79769313486232e+308,1.79769313486232e+308,1.79769313486232e+308
52,"6/21/99",1,421213,1.79769313486232e+308,1.79769313486232e+308,1.79769313486232e+308,1.79769313486232e+308,1.79769313486232e+308
1,"8/19/95",1,430111,1.79769313486232e+308,1.79769313486232e+308,1.79769313486232e+308,1.79769313486232e+308,1.79769313486232e+308
15,"8/19/95",1,430141,1.79769313486232e+308,1.79769313486232e+308,1.79769313486232e+308,1.79769313486232e+308,1.79769313486232e+308
21,"8/19/95",1,430151,1.79769313486232e+308,1.79769313486232e+308,1.79769313486232e+308,1.79769313486232e+308,1.79769313486232e+308
2,"8/19/95",1,430211,1,1,10,26,5
16,"8/19/95",1,430241,1.79769313486232e+308,1.79769313486232e+308,1.79769313486232e+308,1.79769313486232e+308,1.79769313486232e+308
22,"8/19/95",1,430251,1.79769313486232e+308,1.79769313486232e+308,1.79769313486232e+308,1.79769313486232e+308,1.79769313486232e+308
23,"8/19/95",1,430252,1.79769313486232e+308,1.79769313486232e+308,1.79769313486232e+308,1.79769313486232e+308,1.79769313486232e+308
3,"8/19/95",1,430311,1.79769313486232e+308,1.79769313486232e+308,1.79769313486232e+308,1.79769313486232e+308,1.79769313486232e+308
17,"8/19/95",1,430341,1.79769313486232e+308,1.79769313486232e+308,1.79769313486232e+308,1.79769313486232e+308,1.79769313486232e+308
4,"8/19/95",1,430411,1.79769313486232e+308,1.79769313486232e+308,1.79769313486232e+308,1.79769313486232e+308,1.79769313486232e+308
18,"8/19/95",1,430441,1.79769313486232e+308,1.79769313486232e+308,1.79769313486232e+308,1.79769313486232e+308,1.79769313486232e+308
19,"8/19/95",1,430442,1.79769313486232e+308,1.79769313486232e+308,1.79769313486232e+308,1.79769313486232e+308,1.79769313486232e+308
24,"8/19/95",1,430459,1.79769313486232e+308,1.79769313486232e+308,1.79769313486232e+308,1.79769313486232e+308,1.79769313486232e+308
5,"8/19/95",1,430511,1.79769313486232e+308,1.79769313486232e+308,1.79769313486232e+308,1.79769313486232e+308,1.79769313486232e+308
20,"8/19/95",1,430541,1.79769313486232e+308,1.79769313486232e+308,1.79769313486232e+308,1.79769313486232e+308,1.79769313486232e+308
6,"8/19/95",1,430611,1.79769313486232e+308,1.79769313486232e+308,1.79769313486232e+308,1.79769313486232e+308,1.79769313486232e+308
7,"8/19/95",1,430711,1.79769313486232e+308,1.79769313486232e+308,1.79769313486232e+308,1.79769313486232e+308,1.79769313486232e+308
8,"8/19/95",1,430811,1.79769313486232e+308,1.79769313486232e+308,1.79769313486232e+308,1.79769313486232e+308,1.79769313486232e+308
9,"8/19/95",1,430812,1.79769313486232e+308,1.79769313486232e+308,1.79769313486232e+308,1.79769313486232e+308,1.79769313486232e+308
10,"8/19/95",1,430813,1.79769313486232e+308,1.79769313486232e+308,1.79769313486232e+308,1.79769313486232e+308,1.79769313486232e+308
11,"8/19/95",1,430911,5,2,5,40,4
12,"8/19/95",1,431011,1.79769313486232e+308,1.79769313486232e+308,1.79769313486232e+308,1.79769313486232e+308,1.79769313486232e+308
13,"8/19/95",1,431111,1.79769313486232e+308,1.79769313486232e+308,1.79769313486232e+308,1.79769313486232e+308,1.79769313486232e+308
14,"8/19/95",1,431211,1.79769313486232e+308,1.79769313486232e+308,1.79769313486232e+308,1.79769313486232e+308,1.79769313486232e+308
44,"9/08/99",1,440119,1.79769313486232e+308,1.79769313486232e+308,1.79769313486232e+308,1.79769313486232e+308,1.79769313486232e+308
54,"9/08/99",1,440149,1.79769313486232e+308,1.79769313486232e+308,1.79769313486232e+308,1.79769313486232e+308,1.79769313486232e+308
59,"9/08/99",1,440159,1.79769313486232e+308,1.79769313486232e+308,1.79769313486232e+308,1.79769313486232e+308,1.79769313486232e+308
45,"9/08/99",1,440219,1.79769313486232e+308,1.79769313486232e+308,1.79769313486232e+308,1.79769313486232e+308,1.79769313486232e+308
55,"9/08/99",1,440249,1.79769313486232e+308,1.79769313486232e+308,1.79769313486232e+308,1.79769313486232e+308,1.79769313486232e+308
60,"9/08/99",1,440259,1.79769313486232e+308,1.79769313486232e+308,1.79769313486232e+308,1.79769313486232e+308,1.79769313486232e+308
46,"9/08/99",1,440319,1.79769313486232e+308,1.79769313486232e+308,1.79769313486232e+308,1.79769313486232e+308,1.79769313486232e+308
56,"9/08/99",1,440349,1.79769313486232e+308,1.79769313486232e+308,1.79769313486232e+308,1.79769313486232e+308,1.79769313486232e+308
61,"9/08/99",1,440359,1.79769313486232e+308,1.79769313486232e+308,1.79769313486232e+308,1.79769313486232e+308,1.79769313486232e+308
47,"9/08/99",1,440419,1.79769313486232e+308,1.79769313486232e+308,1.79769313486232e+308,1.79769313486232e+308,1.79769313486232e+308
57,"9/08/99",1,440449,1.79769313486232e+308,1.79769313486232e+308,1.79769313486232e+308,1.79769313486232e+308,1.79769313486232e+308
62,"9/08/99",1,440459,1.79769313486232e+308,1.79769313486232e+308,1.79769313486232e+308,1.79769313486232e+308,1.79769313486232e+308
52,"9/08/99",1,440519,1.79769313486232e+308,1.79769313486232e+308,1.79769313486232e+308,1.79769313486232e+308,1.79769313486232e+308
58,"9/08/99",1,440549,1.79769313486232e+308,1.79769313486232e+308,1.79769313486232e+308,1.79769313486232e+308,1.79769313486232e+308
63,"9/08/99",1,440559,1.79769313486232e+308,1.79769313486232e+308,1.79769313486232e+308,1.79769313486232e+308,1.79769313486232e+308
48,"9/08/99",1,440619,1.79769313486232e+308,1.79769313486232e+308,1.79769313486232e+308,1.79769313486232e+308,1.79769313486232e+308
49,"9/08/99",1,440719,1.79769313486232e+308,1.79769313486232e+308,1.79769313486232e+308,1.79769313486232e+308,1.79769313486232e+308
50,"9/08/99",1,440819,1.79769313486232e+308,1.79769313486232e+308,1.79769313486232e+308,1.79769313486232e+308,1.79769313486232e+308
51,"9/08/99",1,440919,1.79769313486232e+308,1.79769313486232e+308,1.79769313486232e+308,1.79769313486232e+308,1.79769313486232e+308
53,"9/08/99",1,441019,1.79769313486232e+308,1.79769313486232e+308,1.79769313486232e+308,1.79769313486232e+308,1.79769313486232e+308
63,"7/12/99",1,510111,1.79769313486232e+308,1.79769313486232e+308,1.79769313486232e+308,1.79769313486232e+308,1.79769313486232e+308
82,"7/15/99",1,510141,1.79769313486232e+308,1.79769313486232e+308,1.79769313486232e+308,1.79769313486232e+308,1.79769313486232e+308
94,"7/15/99",1,510151,1.79769313486232e+308,1.79769313486232e+308,1.79769313486232e+308,1.79769313486232e+308,1.79769313486232e+308
95,"7/15/99",1,510152,1.79769313486232e+308,1.79769313486232e+308,1.79769313486232e+308,1.79769313486232e+308,1.79769313486232e+308
66,"7/15/99",1,510211,3,1,3,13,3
64,"7/15/99",1,510211,3,1,5,12,3
65,"7/15/99",1,510211,3,1,1,9,3
67,"7/15/99",1,510211,3,1,5,5,3
83,"7/15/99",1,510241,1.79769313486232e+308,1.79769313486232e+308,1.79769313486232e+308,1.79769313486232e+308,1.79769313486232e+308
96,"7/15/99",1,510251,1.79769313486232e+308,1.79769313486232e+308,1.79769313486232e+308,1.79769313486232e+308,1.79769313486232e+308
68,"7/15/99",1,510311,1.79769313486232e+308,1.79769313486232e+308,1.79769313486232e+308,1.79769313486232e+308,1.79769313486232e+308
84,"7/15/99",1,510341,1,1,2,20,3
85,"7/15/99",1,510341,1,1,6,30,3
86,"7/15/99",1,510341,1,1,3,12,3
97,"7/15/99",1,510351,1.79769313486232e+308,1.79769313486232e+308,1.79769313486232e+308,1.79769313486232e+308,1.79769313486232e+308
1.79769313486232e+308,".",1.79769313486232e+308,510411,1.79769313486232e+308,1.79769313486232e+308,1.79769313486232e+308,1.79769313486232e+308,1.79769313486232e+308
87,"7/15/99",1,510441,1,1,2,6,3
90,"7/15/99",1,510442,1,1,3,12,3
88,"7/15/99",1,510442,1,1,5,22,3
89,"7/15/99",1,510442,1,1,1,8,3
91,"7/15/99",1,510442,2,1,4,52,5
98,"7/15/99",1,510459,1.79769313486232e+308,1.79769313486232e+308,1.79769313486232e+308,1.79769313486232e+308,1.79769313486232e+308
69,"7/15/99",1,510511,1,1,11,24,4
71,"7/15/99",1,510511,3,1,6,24,4
70,"7/15/99",1,510511,3,1,1,16,4
72,"7/15/99",1,510511,8,6,4,28,4
73,"7/15/99",1,510511,9,6,4,28,4
92,"7/15/99",1,510541,3,1,2,12,4
93,"7/15/99",1,510541,4,1,2,12,3
74,"7/15/99",1,510611,1.79769313486232e+308,1.79769313486232e+308,1.79769313486232e+308,1.79769313486232e+308,1.79769313486232e+308
75,"7/15/99",1,510711,1.79769313486232e+308,1.79769313486232e+308,1.79769313486232e+308,1.79769313486232e+308,1.79769313486232e+308
76,"7/15/99",1,510712,1.79769313486232e+308,1.79769313486232e+308,1.79769313486232e+308,1.79769313486232e+308,1.79769313486232e+308
77,"7/15/99",1,510811,1.79769313486232e+308,1.79769313486232e+308,1.79769313486232e+308,1.79769313486232e+308,1.79769313486232e+308
78,"7/15/99",1,510911,1.79769313486232e+308,1.79769313486232e+308,1.79769313486232e+308,1.79769313486232e+308,1.79769313486232e+308
79,"7/15/99",1,511011,1.79769313486232e+308,1.79769313486232e+308,1.79769313486232e+308,1.79769313486232e+308,1.79769313486232e+308
80,"7/15/99",1,511111,1.79769313486232e+308,1.79769313486232e+308,1.79769313486232e+308,1.79769313486232e+308,1.79769313486232e+308
81,"7/15/99",1,511211,1.79769313486232e+308,1.79769313486232e+308,1.79769313486232e+308,1.79769313486232e+308,1.79769313486232e+308
143,"6/16/99",1,520111,1.79769313486232e+308,1.79769313486232e+308,1.79769313486232e+308,1.79769313486232e+308,1.79769313486232e+308
179,"6/16/99",1,520141,1.79769313486232e+308,1.79769313486232e+308,1.79769313486232e+308,1.79769313486232e+308,1.79769313486232e+308
184,"6/16/99",1,520151,4,1,12,52,5
147,"6/16/99",1,520211,1,1,12,20,3
146,"6/16/99",1,520211,1,1,7,12,3
145,"6/16/99",1,520211,1,1,4,11,3
151,"6/16/99",1,520211,7,1,12,14,3
150,"6/16/99",1,520211,7,1,7,12,3
148,"6/16/99",1,520211,7,1,1,10,3
149,"6/16/99",1,520211,7,1,3,10,3
180,"6/16/99",1,520241,1.79769313486232e+308,1.79769313486232e+308,1.79769313486232e+308,1.79769313486232e+308,1.79769313486232e+308
185,"6/16/99",1,520251,1.79769313486232e+308,1.79769313486232e+308,1.79769313486232e+308,1.79769313486232e+308,1.79769313486232e+308
152,"6/16/99",1,520311,1.79769313486232e+308,1.79769313486232e+308,1.79769313486232e+308,1.79769313486232e+308,1.79769313486232e+308
181,"6/16/99",1,520341,1.79769313486232e+308,1.79769313486232e+308,1.79769313486232e+308,1.79769313486232e+308,1.79769313486232e+308
186,"6/16/99",1,520351,4,6,3,35,3
187,"6/16/99",1,520351,4,6,1,8,3
189,"6/16/99",1,520351,6,6,1,8,3
188,"6/16/99",1,520351,6,6,2,17,3
191,"6/16/99",1,520351,7,1,1,8,3
190,"6/16/99",1,520351,7,1,2,26,3
192,"6/16/99",1,520351,8,6,3,35,3
193,"6/16/99",1,520351,8,6,1,8,3
196,"6/16/99",1,520351,9,1,1,8,3
194,"6/16/99",1,520351,9,1,4,15,3
195,"6/16/99",1,520351,9,1,8,18,3
197,"6/16/99",1,520351,16,6,2,35,3
198,"6/16/99",1,520351,16,6,1,8,3
200,"6/16/99",1,520351,18,6,1,8,3
199,"6/16/99",1,520351,18,6,2,35,3
153,"6/16/99",1,520411,3,2,8,24,4
154,"6/16/99",1,520411,4,2,4,30,3
182,"6/16/99",1,520441,1.79769313486232e+308,1.79769313486232e+308,1.79769313486232e+308,1.79769313486232e+308,1.79769313486232e+308
201,"6/16/99",1,520459,1.79769313486232e+308,1.79769313486232e+308,1.79769313486232e+308,1.79769313486232e+308,1.79769313486232e+308
183,"6/16/99",1,520541,1.79769313486232e+308,1.79769313486232e+308,1.79769313486232e+308,1.79769313486232e+308,1.79769313486232e+308
155,"6/16/99",1,520611,4,3,1,12,3
156,"6/16/99",1,520611,5,1,2,40,3
157,"6/16/99",1,520711,5,1,1,43,4
158,"6/16/99",1,520711,6,6,1,43,4
159,"6/16/99",1,520711,8,1,1,47,3
160,"6/16/99",1,520711,11,1,1,43,3
161,"6/16/99",1,520711,15,6,1,43,4
162,"6/16/99",1,520711,16,6,1,43,4
163,"6/16/99",1,520811,1.79769313486232e+308,1.79769313486232e+308,1.79769313486232e+308,1.79769313486232e+308,1.79769313486232e+308
164,"6/16/99",1,520911,1.79769313486232e+308,1.79769313486232e+308,1.79769313486232e+308,1.79769313486232e+308,1.79769313486232e+308
165,"6/16/99",1,521011,1.79769313486232e+308,1.79769313486232e+308,1.79769313486232e+308,1.79769313486232e+308,1.79769313486232e+308
166,"6/16/99",1,521111,1,1,2,15,3
168,"6/16/99",1,521111,1,1,10,10,3
167,"6/16/99",1,521111,1,1,6,15,3
171,"6/16/99",1,521111,2,6,1,6,3
170,"6/16/99",1,521111,2,6,6,37,3
174,"6/16/99",1,521211,2,1,5,8,3
172,"6/16/99",1,521211,2,1,2,8,3
176,"6/16/99",1,521211,2,1,9,8,3
177,"6/16/99",1,521211,2,1,11,8,3
175,"6/16/99",1,521211,2,1,7,10,3
173,"6/16/99",1,521211,2,1,4,6,3
160,"6/16/99",1,530111,1.79769313486232e+308,1.79769313486232e+308,1.79769313486232e+308,1.79769313486232e+308,1.79769313486232e+308
180,"6/16/99",1,530141,1,1,1.79769313486232e+308,52,5
192,"6/16/99",1,530151,1.79769313486232e+308,1.79769313486232e+308,1.79769313486232e+308,1.79769313486232e+308,1.79769313486232e+308
193,"6/16/99",1,530152,1.79769313486232e+308,1.79769313486232e+308,1.79769313486232e+308,1.79769313486232e+308,1.79769313486232e+308
194,"6/16/99",1,530153,1.79769313486232e+308,1.79769313486232e+308,1.79769313486232e+308,1.79769313486232e+308,1.79769313486232e+308
161,"6/16/99",1,530211,1.79769313486232e+308,1.79769313486232e+308,1.79769313486232e+308,1.79769313486232e+308,1.79769313486232e+308
181,"6/16/99",1,530241,1.79769313486232e+308,1.79769313486232e+308,1.79769313486232e+308,1.79769313486232e+308,1.79769313486232e+308
195,"6/16/99",1,530251,1.79769313486232e+308,1.79769313486232e+308,1.79769313486232e+308,1.79769313486232e+308,1.79769313486232e+308
162,"6/16/99",1,530311,1.79769313486232e+308,1.79769313486232e+308,1.79769313486232e+308,1.79769313486232e+308,1.79769313486232e+308
182,"6/16/99",1,530341,1.79769313486232e+308,1.79769313486232e+308,1.79769313486232e+308,1.79769313486232e+308,1.79769313486232e+308
196,"6/16/99",1,530351,1,6,4,32,2
197,"6/16/99",1,530351,3,6,1,52,2
198,"6/16/99",1,530351,5,6,1,40,3
199,"6/16/99",1,530351,6,6,1,40,3
200,"6/16/99",1,530351,7,6,1,52,2
201,"6/16/99",1,530351,8,6,1,52,2
202,"6/16/99",1,530351,9,6,2,40,3
203,"6/16/99",1,530351,10,6,4,32,2
204,"6/16/99",1,530351,11,2,3,20,3
205,"6/16/99",1,530351,14,2,1,40,3
206,"6/16/99",1,530351,15,6,1,40,3
163,"6/16/99",1,530411,1.79769313486232e+308,1.79769313486232e+308,1.79769313486232e+308,1.79769313486232e+308,1.79769313486232e+308
183,"6/16/99",1,530441,1.79769313486232e+308,1.79769313486232e+308,1.79769313486232e+308,1.79769313486232e+308,1.79769313486232e+308
207,"6/16/99",1,530459,1.79769313486232e+308,1.79769313486232e+308,1.79769313486232e+308,1.79769313486232e+308,1.79769313486232e+308
164,"6/16/99",1,530511,1.79769313486232e+308,1.79769313486232e+308,1.79769313486232e+308,1.79769313486232e+308,1.79769313486232e+308
185,"6/16/99",1,530541,3,1,3,3,4
184,"6/16/99",1,530541,3,1,12,13,4
186,"6/16/99",1,530541,6,1,12,13,4
187,"6/16/99",1,530541,6,1,3,3,4
188,"6/16/99",1,530541,9,6,12,13,4
189,"6/16/99",1,530541,9,6,3,3,4
191,"6/16/99",1,530541,10,6,3,3,4
190,"6/16/99",1,530541,10,6,12,13,4
165,"6/16/99",1,530611,2,1,1.79769313486232e+308,52,5
166,"6/16/99",1,530711,1.79769313486232e+308,1.79769313486232e+308,1.79769313486232e+308,1.79769313486232e+308,1.79769313486232e+308
167,"6/16/99",1,530811,1.79769313486232e+308,1.79769313486232e+308,1.79769313486232e+308,1.79769313486232e+308,1.79769313486232e+308
168,"6/16/99",1,530911,1.79769313486232e+308,1.79769313486232e+308,1.79769313486232e+308,1.79769313486232e+308,1.79769313486232e+308
169,"6/16/99",1,531011,1.79769313486232e+308,1.79769313486232e+308,1.79769313486232e+308,1.79769313486232e+308,1.79769313486232e+308
170,"6/16/99",1,531012,1.79769313486232e+308,1.79769313486232e+308,1.79769313486232e+308,1.79769313486232e+308,1.79769313486232e+308
171,"6/16/99",1,531013,1.79769313486232e+308,1.79769313486232e+308,1.79769313486232e+308,1.79769313486232e+308,1.79769313486232e+308
172,"6/16/99",1,531014,1.79769313486232e+308,1.79769313486232e+308,1.79769313486232e+308,1.79769313486232e+308,1.79769313486232e+308
173,"6/16/99",1,531111,1,6,10,8,4
175,"6/16/99",1,531111,1,6,2,5,4
174,"6/16/99",1,531111,1,6,12,10,4
177,"6/16/99",1,531111,3,6,12,10,4
178,"6/16/99",1,531111,3,6,2,5,4
176,"6/16/99",1,531111,3,6,10,8,4
179,"6/16/99",1,531211,1.79769313486232e+308,1.79769313486232e+308,1.79769313486232e+308,1.79769313486232e+308,1.79769313486232e+308
113,"8/11/99",1,610111,1.79769313486232e+308,1.79769313486232e+308,1.79769313486232e+308,1.79769313486232e+308,1.79769313486232e+308
127,"8/11/99",1,610141,1.79769313486232e+308,1.79769313486232e+308,1.79769313486232e+308,1.79769313486232e+308,1.79769313486232e+308
128,"8/11/99",1,610142,1.79769313486232e+308,1.79769313486232e+308,1.79769313486232e+308,1.79769313486232e+308,1.79769313486232e+308
134,"8/11/99",1,610151,1.79769313486232e+308,1.79769313486232e+308,1.79769313486232e+308,1.79769313486232e+308,1.79769313486232e+308
129,"8/11/99",1,610241,1.79769313486232e+308,1.79769313486232e+308,1.79769313486232e+308,1.79769313486232e+308,1.79769313486232e+308
130,"8/11/99",1,610242,1.79769313486232e+308,1.79769313486232e+308,1.79769313486232e+308,1.79769313486232e+308,1.79769313486232e+308
131,"8/11/99",1,610243,1.79769313486232e+308,1.79769313486232e+308,1.79769313486232e+308,1.79769313486232e+308,1.79769313486232e+308
135,"8/11/99",1,610251,1.79769313486232e+308,1.79769313486232e+308,1.79769313486232e+308,1.79769313486232e+308,1.79769313486232e+308
114,"8/11/99",1,610311,1.79769313486232e+308,1.79769313486232e+308,1.79769313486232e+308,1.79769313486232e+308,1.79769313486232e+308
132,"8/11/99",1,610341,1.79769313486232e+308,1.79769313486232e+308,1.79769313486232e+308,1.79769313486232e+308,1.79769313486232e+308
136,"8/11/99",1,610351,1.79769313486232e+308,1.79769313486232e+308,1.79769313486232e+308,1.79769313486232e+308,1.79769313486232e+308
115,"8/11/99",1,610411,1.79769313486232e+308,1.79769313486232e+308,1.79769313486232e+308,1.79769313486232e+308,1.79769313486232e+308
133,"8/11/99",1,610441,1.79769313486232e+308,1.79769313486232e+308,1.79769313486232e+308,1.79769313486232e+308,1.79769313486232e+308
137,"8/11/99",1,610459,1.79769313486232e+308,1.79769313486232e+308,1.79769313486232e+308,1.79769313486232e+308,1.79769313486232e+308
116,"8/11/99",1,610511,1.79769313486232e+308,1.79769313486232e+308,1.79769313486232e+308,1.79769313486232e+308,1.79769313486232e+308
117,"8/11/99",1,610611,1.79769313486232e+308,1.79769313486232e+308,1.79769313486232e+308,1.79769313486232e+308,1.79769313486232e+308
118,"8/11/99",1,610711,1.79769313486232e+308,1.79769313486232e+308,1.79769313486232e+308,1.79769313486232e+308,1.79769313486232e+308
119,"8/11/99",1,610811,1.79769313486232e+308,1.79769313486232e+308,1.79769313486232e+308,1.79769313486232e+308,1.79769313486232e+308
120,"8/11/99",1,610911,1.79769313486232e+308,1.79769313486232e+308,1.79769313486232e+308,1.79769313486232e+308,1.79769313486232e+308
121,"8/11/99",1,611011,1.79769313486232e+308,1.79769313486232e+308,1.79769313486232e+308,1.79769313486232e+308,1.79769313486232e+308
122,"8/11/99",1,611012,1.79769313486232e+308,1.79769313486232e+308,1.79769313486232e+308,1.79769313486232e+308,1.79769313486232e+308
123,"8/11/99",1,611111,1.79769313486232e+308,1.79769313486232e+308,1.79769313486232e+308,1.79769313486232e+308,1.79769313486232e+308
124,"8/11/99",1,611211,1.79769313486232e+308,1.79769313486232e+308,1.79769313486232e+308,1.79769313486232e+308,1.79769313486232e+308
125,"8/11/99",1,611212,1.79769313486232e+308,1.79769313486232e+308,1.79769313486232e+308,1.79769313486232e+308,1.79769313486232e+308
126,"8/11/99",1,611213,1.79769313486232e+308,1.79769313486232e+308,1.79769313486232e+308,1.79769313486232e+308,1.79769313486232e+308
260,"6/20/99",1,620111,1.79769313486232e+308,1.79769313486232e+308,1.79769313486232e+308,1.79769313486232e+308,1.79769313486232e+308
269,"6/20/99",1,620141,1.79769313486232e+308,1.79769313486232e+308,1.79769313486232e+308,1.79769313486232e+308,1.79769313486232e+308
274,"6/20/99",1,620151,1.79769313486232e+308,1.79769313486232e+308,1.79769313486232e+308,1.79769313486232e+308,1.79769313486232e+308
75,"9/10/99",1,620152,1.79769313486232e+308,1.79769313486232e+308,1.79769313486232e+308,1.79769313486232e+308,1.79769313486232e+308
261,"6/20/99",1,620211,1.79769313486232e+308,1.79769313486232e+308,1.79769313486232e+308,1.79769313486232e+308,1.79769313486232e+308
270,"6/20/99",1,620241,1.79769313486232e+308,1.79769313486232e+308,1.79769313486232e+308,1.79769313486232e+308,1.79769313486232e+308
77,"9/10/99",1,620251,7,1,12,17,5
78,"9/10/99",1,620252,1.79769313486232e+308,1.79769313486232e+308,1.79769313486232e+308,1.79769313486232e+308,1.79769313486232e+308
84,"9/10/99",1,620253,1.79769313486232e+308,1.79769313486232e+308,1.79769313486232e+308,1.79769313486232e+308,1.79769313486232e+308
85,"9/10/99",1,620254,1,1,7,16,5
262,"6/20/99",1,620311,1.79769313486232e+308,1.79769313486232e+308,1.79769313486232e+308,1.79769313486232e+308,1.79769313486232e+308
271,"6/20/99",1,620341,1.79769313486232e+308,1.79769313486232e+308,1.79769313486232e+308,1.79769313486232e+308,1.79769313486232e+308
86,"9/10/99",1,620351,1.79769313486232e+308,1.79769313486232e+308,1.79769313486232e+308,1.79769313486232e+308,1.79769313486232e+308
263,"6/20/99",1,620411,1.79769313486232e+308,1.79769313486232e+308,1.79769313486232e+308,1.79769313486232e+308,1.79769313486232e+308
272,"6/20/99",1,620441,1.79769313486232e+308,1.79769313486232e+308,1.79769313486232e+308,1.79769313486232e+308,1.79769313486232e+308
87,"9/10/99",1,620459,1.79769313486232e+308,1.79769313486232e+308,1.79769313486232e+308,1.79769313486232e+308,1.79769313486232e+308
264,"6/20/99",1,620511,1.79769313486232e+308,1.79769313486232e+308,1.79769313486232e+308,1.79769313486232e+308,1.79769313486232e+308
265,"6/20/99",1,620512,1.79769313486232e+308,1.79769313486232e+308,1.79769313486232e+308,1.79769313486232e+308,1.79769313486232e+308
273,"6/20/99",1,620541,1.79769313486232e+308,1.79769313486232e+308,1.79769313486232e+308,1.79769313486232e+308,1.79769313486232e+308
67,"9/10/99",1,620611,1.79769313486232e+308,1.79769313486232e+308,1.79769313486232e+308,1.79769313486232e+308,1.79769313486232e+308
266,"6/20/99",1,620711,1.79769313486232e+308,1.79769313486232e+308,1.79769313486232e+308,1.79769313486232e+308,1.79769313486232e+308
267,"6/20/99",1,620811,1.79769313486232e+308,1.79769313486232e+308,1.79769313486232e+308,1.79769313486232e+308,1.79769313486232e+308
268,"6/20/99",1,620911,1.79769313486232e+308,1.79769313486232e+308,1.79769313486232e+308,1.79769313486232e+308,1.79769313486232e+308
68,"9/10/99",1,621011,1.79769313486232e+308,1.79769313486232e+308,1.79769313486232e+308,1.79769313486232e+308,1.79769313486232e+308
69,"9/10/99",1,621111,1.79769313486232e+308,1.79769313486232e+308,1.79769313486232e+308,1.79769313486232e+308,1.79769313486232e+308
72,"9/10/99",1,621211,1.79769313486232e+308,1.79769313486232e+308,1.79769313486232e+308,1.79769313486232e+308,1.79769313486232e+308
158,"7/20/99",1,630111,1.79769313486232e+308,1.79769313486232e+308,1.79769313486232e+308,1.79769313486232e+308,1.79769313486232e+308
168,"7/20/99",1,630141,1.79769313486232e+308,1.79769313486232e+308,1.79769313486232e+308,1.79769313486232e+308,1.79769313486232e+308
175,"7/20/99",1,630151,1.79769313486232e+308,1.79769313486232e+308,1.79769313486232e+308,1.79769313486232e+308,1.79769313486232e+308
159,"7/20/99",1,630211,1.79769313486232e+308,1.79769313486232e+308,1.79769313486232e+308,1.79769313486232e+308,1.79769313486232e+308
169,"7/20/99",1,630241,1.79769313486232e+308,1.79769313486232e+308,1.79769313486232e+308,1.79769313486232e+308,1.79769313486232e+308
170,"7/20/99",1,630242,1.79769313486232e+308,1.79769313486232e+308,1.79769313486232e+308,1.79769313486232e+308,1.79769313486232e+308
176,"7/20/99",1,630251,1.79769313486232e+308,1.79769313486232e+308,1.79769313486232e+308,1.79769313486232e+308,1.79769313486232e+308
177,"7/20/99",1,630252,1.79769313486232e+308,1.79769313486232e+308,1.79769313486232e+308,1.79769313486232e+308,1.79769313486232e+308
36,"7/28/99",1,630311,1.79769313486232e+308,1.79769313486232e+308,1.79769313486232e+308,1.79769313486232e+308,1.79769313486232e+308
171,"7/20/99",1,630341,1.79769313486232e+308,1.79769313486232e+308,1.79769313486232e+308,1.79769313486232e+308,1.79769313486232e+308
172,"7/20/99",1,630342,1.79769313486232e+308,1.79769313486232e+308,1.79769313486232e+308,1.79769313486232e+308,1.79769313486232e+308
178,"7/20/99",1,630351,1.79769313486232e+308,1.79769313486232e+308,1.79769313486232e+308,1.79769313486232e+308,1.79769313486232e+308
179,"7/20/99",1,630352,1.79769313486232e+308,1.79769313486232e+308,1.79769313486232e+308,1.79769313486232e+308,1.79769313486232e+308
37,"7/28/99",1,630411,1.79769313486232e+308,1.79769313486232e+308,1.79769313486232e+308,1.79769313486232e+308,1.79769313486232e+308
173,"7/20/99",1,630441,1.79769313486232e+308,1.79769313486232e+308,1.79769313486232e+308,1.79769313486232e+308,1.79769313486232e+308
180,"7/20/99",1,630459,1.79769313486232e+308,1.79769313486232e+308,1.79769313486232e+308,1.79769313486232e+308,1.79769313486232e+308
160,"7/20/99",1,630511,1.79769313486232e+308,1.79769313486232e+308,1.79769313486232e+308,1.79769313486232e+308,1.79769313486232e+308
161,"7/20/99",1,630512,1.79769313486232e+308,1.79769313486232e+308,1.79769313486232e+308,1.79769313486232e+308,1.79769313486232e+308
162,"7/20/99",1,630513,1.79769313486232e+308,1.79769313486232e+308,1.79769313486232e+308,1.79769313486232e+308,1.79769313486232e+308
174,"7/20/99",1,630541,1.79769313486232e+308,1.79769313486232e+308,1.79769313486232e+308,1.79769313486232e+308,1.79769313486232e+308
163,"7/20/99",1,630611,1.79769313486232e+308,1.79769313486232e+308,1.79769313486232e+308,1.79769313486232e+308,1.79769313486232e+308
164,"7/20/99",1,630711,1.79769313486232e+308,1.79769313486232e+308,1.79769313486232e+308,1.79769313486232e+308,1.79769313486232e+308
38,"7/28/99",1,630811,1.79769313486232e+308,1.79769313486232e+308,1.79769313486232e+308,1.79769313486232e+308,1.79769313486232e+308
39,"7/28/99",1,630911,1.79769313486232e+308,1.79769313486232e+308,1.79769313486232e+308,1.79769313486232e+308,1.79769313486232e+308
165,"7/20/99",1,631011,1.79769313486232e+308,1.79769313486232e+308,1.79769313486232e+308,1.79769313486232e+308,1.79769313486232e+308
166,"7/20/99",1,631111,1.79769313486232e+308,1.79769313486232e+308,1.79769313486232e+308,1.79769313486232e+308,1.79769313486232e+308
167,"7/20/99",1,631211,1.79769313486232e+308,1.79769313486232e+308,1.79769313486232e+308,1.79769313486232e+308,1.79769313486232e+308
53,"2/11/99",1,710111,1.79769313486232e+308,1.79769313486232e+308,1.79769313486232e+308,1.79769313486232e+308,1.79769313486232e+308
68,"2/12/99",1,710141,1.79769313486232e+308,1.79769313486232e+308,1.79769313486232e+308,1.79769313486232e+308,1.79769313486232e+308
72,"2/12/99",1,710151,1.79769313486232e+308,1.79769313486232e+308,1.79769313486232e+308,1.79769313486232e+308,1.79769313486232e+308
54,"2/12/99",1,710211,1.79769313486232e+308,1.79769313486232e+308,1.79769313486232e+308,1.79769313486232e+308,1.79769313486232e+308
69,"2/12/99",1,710241,1.79769313486232e+308,1.79769313486232e+308,1.79769313486232e+308,1.79769313486232e+308,1.79769313486232e+308
73,"2/12/99",1,710251,1.79769313486232e+308,1.79769313486232e+308,1.79769313486232e+308,1.79769313486232e+308,1.79769313486232e+308
55,"2/12/99",1,710311,1.79769313486232e+308,1.79769313486232e+308,1.79769313486232e+308,1.79769313486232e+308,1.79769313486232e+308
74,"2/12/99",1,710351,1.79769313486232e+308,1.79769313486232e+308,1.79769313486232e+308,1.79769313486232e+308,1.79769313486232e+308
56,"2/12/99",1,710411,1.79769313486232e+308,1.79769313486232e+308,1.79769313486232e+308,1.79769313486232e+308,1.79769313486232e+308
75,"2/12/99",1,710459,1.79769313486232e+308,1.79769313486232e+308,1.79769313486232e+308,1.79769313486232e+308,1.79769313486232e+308
70,"2/12/99",1,710541,1.79769313486232e+308,1.79769313486232e+308,1.79769313486232e+308,1.79769313486232e+308,1.79769313486232e+308
71,"2/12/99",1,710542,1.79769313486232e+308,1.79769313486232e+308,1.79769313486232e+308,1.79769313486232e+308,1.79769313486232e+308
57,"2/12/99",1,710611,1.79769313486232e+308,1.79769313486232e+308,1.79769313486232e+308,1.79769313486232e+308,1.79769313486232e+308
58,"2/12/99",1,710711,1.79769313486232e+308,1.79769313486232e+308,1.79769313486232e+308,1.79769313486232e+308,1.79769313486232e+308
59,"2/12/99",1,710811,1.79769313486232e+308,1.79769313486232e+308,1.79769313486232e+308,1.79769313486232e+308,1.79769313486232e+308
60,"2/12/99",1,710911,1.79769313486232e+308,1.79769313486232e+308,1.79769313486232e+308,1.79769313486232e+308,1.79769313486232e+308
61,"2/12/99",1,710912,1.79769313486232e+308,1.79769313486232e+308,1.79769313486232e+308,1.79769313486232e+308,1.79769313486232e+308
62,"2/12/99",1,711011,1.79769313486232e+308,1.79769313486232e+308,1.79769313486232e+308,1.79769313486232e+308,1.79769313486232e+308
63,"2/12/99",1,711111,1.79769313486232e+308,1.79769313486232e+308,1.79769313486232e+308,1.79769313486232e+308,1.79769313486232e+308
64,"2/12/99",1,711211,1.79769313486232e+308,1.79769313486232e+308,1.79769313486232e+308,1.79769313486232e+308,1.79769313486232e+308
65,"2/12/99",1,711311,1.79769313486232e+308,1.79769313486232e+308,1.79769313486232e+308,1.79769313486232e+308,1.79769313486232e+308
66,"2/12/99",1,711411,1.79769313486232e+308,1.79769313486232e+308,1.79769313486232e+308,1.79769313486232e+308,1.79769313486232e+308
67,"2/12/99",1,711412,1.79769313486232e+308,1.79769313486232e+308,1.79769313486232e+308,1.79769313486232e+308,1.79769313486232e+308
106,"6/06/99",1,720111,1.79769313486232e+308,1.79769313486232e+308,1.79769313486232e+308,1.79769313486232e+308,1.79769313486232e+308
129,"6/10/99",1,720141,1.79769313486232e+308,1.79769313486232e+308,1.79769313486232e+308,1.79769313486232e+308,1.79769313486232e+308
138,"6/10/99",1,720151,1.79769313486232e+308,1.79769313486232e+308,1.79769313486232e+308,1.79769313486232e+308,1.79769313486232e+308
107,"6/10/99",1,720212,1.79769313486232e+308,1.79769313486232e+308,1.79769313486232e+308,1.79769313486232e+308,1.79769313486232e+308
130,"6/10/99",1,720241,1.79769313486232e+308,1.79769313486232e+308,1.79769313486232e+308,1.79769313486232e+308,1.79769313486232e+308
139,"6/10/99",1,720251,1.79769313486232e+308,1.79769313486232e+308,1.79769313486232e+308,1.79769313486232e+308,1.79769313486232e+308
109,"6/10/99",1,720311,6,1,8,20,3
108,"6/10/99",1,720311,6,1,4,16,3
110,"6/10/99",1,720311,6,1,2,8,3
112,"6/10/99",1,720311,7,1,9,20,3
113,"6/10/99",1,720311,7,1,2,6,3
111,"6/10/99",1,720311,7,1,4,18,3
114,"6/10/99",1,720312,1.79769313486232e+308,1.79769313486232e+308,1.79769313486232e+308,1.79769313486232e+308,1.79769313486232e+308
115,"6/10/99",1,720313,1.79769313486232e+308,1.79769313486232e+308,1.79769313486232e+308,1.79769313486232e+308,1.79769313486232e+308
140,"6/10/99",1,720351,1.79769313486232e+308,1.79769313486232e+308,1.79769313486232e+308,1.79769313486232e+308,1.79769313486232e+308
116,"6/10/99",1,720411,1.79769313486232e+308,1.79769313486232e+308,1.79769313486232e+308,1.79769313486232e+308,1.79769313486232e+308
117,"6/10/99",1,720412,1.79769313486232e+308,1.79769313486232e+308,1.79769313486232e+308,1.79769313486232e+308,1.79769313486232e+308
131,"6/10/99",1,720441,3,2,6,20,2
136,"6/10/99",1,720441,3,2,10,10,2
133,"6/10/99",1,720441,3,2,2,13,2
134,"6/10/99",1,720441,4,2,6,20,2
132,"6/10/99",1,720441,4,2,2,10,2
135,"6/10/99",1,720441,4,2,10,13,2
141,"6/10/99",1,720459,1.79769313486232e+308,1.79769313486232e+308,1.79769313486232e+308,1.79769313486232e+308,1.79769313486232e+308
118,"6/10/99",1,720511,1.79769313486232e+308,1.79769313486232e+308,1.79769313486232e+308,1.79769313486232e+308,1.79769313486232e+308
119,"6/10/99",1,720611,1.79769313486232e+308,1.79769313486232e+308,1.79769313486232e+308,1.79769313486232e+308,1.79769313486232e+308
137,"6/10/99",1,720641,1.79769313486232e+308,1.79769313486232e+308,1.79769313486232e+308,1.79769313486232e+308,1.79769313486232e+308
120,"6/10/99",1,720711,1.79769313486232e+308,1.79769313486232e+308,1.79769313486232e+308,1.79769313486232e+308,1.79769313486232e+308
121,"6/10/99",1,720811,1.79769313486232e+308,1.79769313486232e+308,1.79769313486232e+308,1.79769313486232e+308,1.79769313486232e+308
122,"6/10/99",1,720812,1.79769313486232e+308,1.79769313486232e+308,1.79769313486232e+308,1.79769313486232e+308,1.79769313486232e+308
123,"6/10/99",1,720911,1.79769313486232e+308,1.79769313486232e+308,1.79769313486232e+308,1.79769313486232e+308,1.79769313486232e+308
124,"6/10/99",1,721011,1.79769313486232e+308,1.79769313486232e+308,1.79769313486232e+308,1.79769313486232e+308,1.79769313486232e+308
125,"6/10/99",1,721111,1.79769313486232e+308,1.79769313486232e+308,1.79769313486232e+308,1.79769313486232e+308,1.79769313486232e+308
126,"6/10/99",1,721211,1.79769313486232e+308,1.79769313486232e+308,1.79769313486232e+308,1.79769313486232e+308,1.79769313486232e+308
127,"6/10/99",1,721311,1.79769313486232e+308,1.79769313486232e+308,1.79769313486232e+308,1.79769313486232e+308,1.79769313486232e+308
128,"6/10/99",1,721411,1.79769313486232e+308,1.79769313486232e+308,1.79769313486232e+308,1.79769313486232e+308,1.79769313486232e+308
53,"8/01/99",1,730111,1.79769313486232e+308,1.79769313486232e+308,1.79769313486232e+308,1.79769313486232e+308,1.79769313486232e+308
74,"8/04/99",1,730141,1.79769313486232e+308,1.79769313486232e+308,1.79769313486232e+308,1.79769313486232e+308,1.79769313486232e+308
82,"8/04/99",1,730151,1.79769313486232e+308,1.79769313486232e+308,1.79769313486232e+308,1.79769313486232e+308,1.79769313486232e+308
54,"8/04/99",1,730211,1.79769313486232e+308,1.79769313486232e+308,1.79769313486232e+308,1.79769313486232e+308,1.79769313486232e+308
75,"8/04/99",1,730241,1.79769313486232e+308,1.79769313486232e+308,1.79769313486232e+308,1.79769313486232e+308,1.79769313486232e+308
83,"8/04/99",1,730251,1.79769313486232e+308,1.79769313486232e+308,1.79769313486232e+308,1.79769313486232e+308,1.79769313486232e+308
55,"8/04/99",1,730311,1.79769313486232e+308,1.79769313486232e+308,1.79769313486232e+308,1.79769313486232e+308,1.79769313486232e+308
76,"8/04/99",1,730341,1.79769313486232e+308,1.79769313486232e+308,1.79769313486232e+308,1.79769313486232e+308,1.79769313486232e+308
84,"8/04/99",1,730351,1.79769313486232e+308,1.79769313486232e+308,1.79769313486232e+308,1.79769313486232e+308,1.79769313486232e+308
56,"8/04/99",1,730411,1.79769313486232e+308,1.79769313486232e+308,1.79769313486232e+308,1.79769313486232e+308,1.79769313486232e+308
77,"8/04/99",1,730441,1.79769313486232e+308,1.79769313486232e+308,1.79769313486232e+308,1.79769313486232e+308,1.79769313486232e+308
85,"8/04/99",1,730459,1.79769313486232e+308,1.79769313486232e+308,1.79769313486232e+308,1.79769313486232e+308,1.79769313486232e+308
57,"8/04/99",1,730511,1.79769313486232e+308,1.79769313486232e+308,1.79769313486232e+308,1.79769313486232e+308,1.79769313486232e+308
78,"8/04/99",1,730541,1.79769313486232e+308,1.79769313486232e+308,1.79769313486232e+308,1.79769313486232e+308,1.79769313486232e+308
58,"8/04/99",1,730611,1.79769313486232e+308,1.79769313486232e+308,1.79769313486232e+308,1.79769313486232e+308,1.79769313486232e+308
59,"8/04/99",1,730612,1.79769313486232e+308,1.79769313486232e+308,1.79769313486232e+308,1.79769313486232e+308,1.79769313486232e+308
79,"8/04/99",1,730641,1.79769313486232e+308,1.79769313486232e+308,1.79769313486232e+308,1.79769313486232e+308,1.79769313486232e+308
80,"8/04/99",1,730642,1.79769313486232e+308,1.79769313486232e+308,1.79769313486232e+308,1.79769313486232e+308,1.79769313486232e+308
81,"8/04/99",1,730643,1.79769313486232e+308,1.79769313486232e+308,1.79769313486232e+308,1.79769313486232e+308,1.79769313486232e+308
60,"8/04/99",1,730711,4,1,3,12,4
61,"8/04/99",1,730711,5,1,3,12,4
62,"8/04/99",1,730712,1.79769313486232e+308,1.79769313486232e+308,1.79769313486232e+308,1.79769313486232e+308,1.79769313486232e+308
63,"8/04/99",1,730811,1.79769313486232e+308,1.79769313486232e+308,1.79769313486232e+308,1.79769313486232e+308,1.79769313486232e+308
64,"8/04/99",1,730911,1.79769313486232e+308,1.79769313486232e+308,1.79769313486232e+308,1.79769313486232e+308,1.79769313486232e+308
65,"8/04/99",1,731011,1.79769313486232e+308,1.79769313486232e+308,1.79769313486232e+308,1.79769313486232e+308,1.79769313486232e+308
66,"8/04/99",1,731111,1.79769313486232e+308,1.79769313486232e+308,1.79769313486232e+308,1.79769313486232e+308,1.79769313486232e+308
67,"8/04/99",1,731211,1.79769313486232e+308,1.79769313486232e+308,1.79769313486232e+308,1.79769313486232e+308,1.79769313486232e+308
68,"8/04/99",1,731311,1.79769313486232e+308,1.79769313486232e+308,1.79769313486232e+308,1.79769313486232e+308,1.79769313486232e+308
69,"8/04/99",1,731411,11,1,3,13,4
70,"8/04/99",1,731412,1.79769313486232e+308,1.79769313486232e+308,1.79769313486232e+308,1.79769313486232e+308,1.79769313486232e+308
71,"8/04/99",1,731413,1.79769313486232e+308,1.79769313486232e+308,1.79769313486232e+308,1.79769313486232e+308,1.79769313486232e+308
72,"8/04/99",1,731414,1.79769313486232e+308,1.79769313486232e+308,1.79769313486232e+308,1.79769313486232e+308,1.79769313486232e+308
73,"8/04/99",1,731415,1.79769313486232e+308,1.79769313486232e+308,1.79769313486232e+308,1.79769313486232e+308,1.79769313486232e+308
58,"8/18/99",1,740119,1.79769313486232e+308,1.79769313486232e+308,1.79769313486232e+308,1.79769313486232e+308,1.79769313486232e+308
68,"8/31/99",1,740149,1.79769313486232e+308,1.79769313486232e+308,1.79769313486232e+308,1.79769313486232e+308,1.79769313486232e+308
73,"8/31/99",1,740159,1.79769313486232e+308,1.79769313486232e+308,1.79769313486232e+308,1.79769313486232e+308,1.79769313486232e+308
59,"8/31/99",1,740219,1.79769313486232e+308,1.79769313486232e+308,1.79769313486232e+308,1.79769313486232e+308,1.79769313486232e+308
69,"8/31/99",1,740249,1.79769313486232e+308,1.79769313486232e+308,1.79769313486232e+308,1.79769313486232e+308,1.79769313486232e+308
74,"8/31/99",1,740259,1,1,7,52,5
60,"8/31/99",1,740319,1.79769313486232e+308,1.79769313486232e+308,1.79769313486232e+308,1.79769313486232e+308,1.79769313486232e+308
70,"8/31/99",1,740349,1.79769313486232e+308,1.79769313486232e+308,1.79769313486232e+308,1.79769313486232e+308,1.79769313486232e+308
75,"8/31/99",1,740359,1.79769313486232e+308,1.79769313486232e+308,1.79769313486232e+308,1.79769313486232e+308,1.79769313486232e+308
61,"8/31/99",1,740419,1.79769313486232e+308,1.79769313486232e+308,1.79769313486232e+308,1.79769313486232e+308,1.79769313486232e+308
71,"8/31/99",1,740449,1.79769313486232e+308,1.79769313486232e+308,1.79769313486232e+308,1.79769313486232e+308,1.79769313486232e+308
76,"8/31/99",1,740459,1.79769313486232e+308,1.79769313486232e+308,1.79769313486232e+308,1.79769313486232e+308,1.79769313486232e+308
62,"8/31/99",1,740519,1.79769313486232e+308,1.79769313486232e+308,1.79769313486232e+308,1.79769313486232e+308,1.79769313486232e+308
72,"8/31/99",1,740549,1.79769313486232e+308,1.79769313486232e+308,1.79769313486232e+308,1.79769313486232e+308,1.79769313486232e+308
77,"8/31/99",1,740559,3,1,1.79769313486232e+308,52,3
63,"8/31/99",1,740619,1.79769313486232e+308,1.79769313486232e+308,1.79769313486232e+308,1.79769313486232e+308,1.79769313486232e+308
64,"8/31/99",1,740719,1.79769313486232e+308,1.79769313486232e+308,1.79769313486232e+308,1.79769313486232e+308,1.79769313486232e+308
65,"8/31/99",1,740819,1.79769313486232e+308,1.79769313486232e+308,1.79769313486232e+308,1.79769313486232e+308,1.79769313486232e+308
66,"8/31/99",1,740919,1.79769313486232e+308,1.79769313486232e+308,1.79769313486232e+308,1.79769313486232e+308,1.79769313486232e+308
67,"8/31/99",1,741019,1.79769313486232e+308,1.79769313486232e+308,1.79769313486232e+308,1.79769313486232e+308,1.79769313486232e+308
275,"6/25/99",1,810111,1,6,3,9,4
288,"6/25/99",1,810141,1.79769313486232e+308,1.79769313486232e+308,1.79769313486232e+308,1.79769313486232e+308,1.79769313486232e+308
293,"6/25/99",1,810151,1.79769313486232e+308,1.79769313486232e+308,1.79769313486232e+308,1.79769313486232e+308,1.79769313486232e+308
278,"6/25/99",1,810211,3,1,1,4,3
277,"6/25/99",1,810211,3,1,5,35,3
276,"6/25/99",1,810211,7,4,3,4,1
289,"6/25/99",1,810241,1.79769313486232e+308,1.79769313486232e+308,1.79769313486232e+308,1.79769313486232e+308,1.79769313486232e+308
294,"6/25/99",1,810251,2,4,8,8,1
295,"6/25/99",1,810251,4,1,5,42,3
279,"6/25/99",1,810311,1.79769313486232e+308,1.79769313486232e+308,1.79769313486232e+308,1.79769313486232e+308,1.79769313486232e+308
290,"6/25/99",1,810341,1.79769313486232e+308,1.79769313486232e+308,1.79769313486232e+308,1.79769313486232e+308,1.79769313486232e+308
296,"6/25/99",1,810351,1.79769313486232e+308,1.79769313486232e+308,1.79769313486232e+308,1.79769313486232e+308,1.79769313486232e+308
280,"6/25/99",1,810411,1.79769313486232e+308,1.79769313486232e+308,1.79769313486232e+308,1.79769313486232e+308,1.79769313486232e+308
291,"6/25/99",1,810441,1.79769313486232e+308,1.79769313486232e+308,1.79769313486232e+308,1.79769313486232e+308,1.79769313486232e+308
297,"6/25/99",1,810459,1.79769313486232e+308,1.79769313486232e+308,1.79769313486232e+308,1.79769313486232e+308,1.79769313486232e+308
292,"6/25/99",1,810541,1,6,11,13,3
281,"6/25/99",1,810711,1.79769313486232e+308,1.79769313486232e+308,1.79769313486232e+308,1.79769313486232e+308,1.79769313486232e+308
282,"6/25/99",1,810811,1.79769313486232e+308,1.79769313486232e+308,1.79769313486232e+308,1.79769313486232e+308,1.79769313486232e+308
283,"6/25/99",1,811011,1.79769313486232e+308,1.79769313486232e+308,1.79769313486232e+308,1.79769313486232e+308,1.79769313486232e+308
284,"6/25/99",1,811111,1.79769313486232e+308,1.79769313486232e+308,1.79769313486232e+308,1.79769313486232e+308,1.79769313486232e+308
285,"6/25/99",1,811211,7,6,1,43,1
286,"6/25/99",1,811212,1.79769313486232e+308,1.79769313486232e+308,1.79769313486232e+308,1.79769313486232e+308,1.79769313486232e+308
287,"6/25/99",1,811213,1.79769313486232e+308,1.79769313486232e+308,1.79769313486232e+308,1.79769313486232e+308,1.79769313486232e+308
414,"7/05/99",1,820111,1.79769313486232e+308,1.79769313486232e+308,1.79769313486232e+308,1.79769313486232e+308,1.79769313486232e+308
432,"7/05/99",1,820141,1.79769313486232e+308,1.79769313486232e+308,1.79769313486232e+308,1.79769313486232e+308,1.79769313486232e+308
438,"7/05/99",1,820151,1.79769313486232e+308,1.79769313486232e+308,1.79769313486232e+308,1.79769313486232e+308,1.79769313486232e+308
415,"7/05/99",1,820211,1.79769313486232e+308,1.79769313486232e+308,1.79769313486232e+308,1.79769313486232e+308,1.79769313486232e+308
433,"7/05/99",1,820241,1.79769313486232e+308,1.79769313486232e+308,1.79769313486232e+308,1.79769313486232e+308,1.79769313486232e+308
439,"7/05/99",1,820251,1.79769313486232e+308,1.79769313486232e+308,1.79769313486232e+308,1.79769313486232e+308,1.79769313486232e+308
416,"7/05/99",1,820311,1.79769313486232e+308,1.79769313486232e+308,1.79769313486232e+308,1.79769313486232e+308,1.79769313486232e+308
434,"7/05/99",1,820341,1.79769313486232e+308,1.79769313486232e+308,1.79769313486232e+308,1.79769313486232e+308,1.79769313486232e+308
440,"7/05/99",1,820351,1.79769313486232e+308,1.79769313486232e+308,1.79769313486232e+308,1.79769313486232e+308,1.79769313486232e+308
417,"7/05/99",1,820411,1.79769313486232e+308,1.79769313486232e+308,1.79769313486232e+308,1.79769313486232e+308,1.79769313486232e+308
418,"7/05/99",1,820412,1.79769313486232e+308,1.79769313486232e+308,1.79769313486232e+308,1.79769313486232e+308,1.79769313486232e+308
419,"7/05/99",1,820413,1.79769313486232e+308,1.79769313486232e+308,1.79769313486232e+308,1.79769313486232e+308,1.79769313486232e+308
435,"7/05/99",1,820441,1.79769313486232e+308,1.79769313486232e+308,1.79769313486232e+308,1.79769313486232e+308,1.79769313486232e+308
441,"7/05/99",1,820459,1.79769313486232e+308,1.79769313486232e+308,1.79769313486232e+308,1.79769313486232e+308,1.79769313486232e+308
420,"7/05/99",1,820511,1.79769313486232e+308,1.79769313486232e+308,1.79769313486232e+308,1.79769313486232e+308,1.79769313486232e+308
436,"7/05/99",1,820541,1.79769313486232e+308,1.79769313486232e+308,1.79769313486232e+308,1.79769313486232e+308,1.79769313486232e+308
437,"7/05/99",1,820542,1.79769313486232e+308,1.79769313486232e+308,1.79769313486232e+308,1.79769313486232e+308,1.79769313486232e+308
421,"7/05/99",1,820611,1.79769313486232e+308,1.79769313486232e+308,1.79769313486232e+308,1.79769313486232e+308,1.79769313486232e+308
422,"7/05/99",1,820612,1.79769313486232e+308,1.79769313486232e+308,1.79769313486232e+308,1.79769313486232e+308,1.79769313486232e+308
423,"7/05/99",1,820613,1.79769313486232e+308,1.79769313486232e+308,1.79769313486232e+308,1.79769313486232e+308,1.79769313486232e+308
424,"7/05/99",1,820711,1.79769313486232e+308,1.79769313486232e+308,1.79769313486232e+308,1.79769313486232e+308,1.79769313486232e+308
425,"7/05/99",1,820712,1.79769313486232e+308,1.79769313486232e+308,1.79769313486232e+308,1.79769313486232e+308,1.79769313486232e+308
426,"7/05/99",1,820811,1.79769313486232e+308,1.79769313486232e+308,1.79769313486232e+308,1.79769313486232e+308,1.79769313486232e+308
427,"7/05/99",1,820911,1.79769313486232e+308,1.79769313486232e+308,1.79769313486232e+308,1.79769313486232e+308,1.79769313486232e+308
428,"7/05/99",1,821011,1.79769313486232e+308,1.79769313486232e+308,1.79769313486232e+308,1.79769313486232e+308,1.79769313486232e+308
429,"7/05/99",1,821012,1.79769313486232e+308,1.79769313486232e+308,1.79769313486232e+308,1.79769313486232e+308,1.79769313486232e+308
430,"7/05/99",1,821111,1.79769313486232e+308,1.79769313486232e+308,1.79769313486232e+308,1.79769313486232e+308,1.79769313486232e+308
431,"7/05/99",1,821211,1.79769313486232e+308,1.79769313486232e+308,1.79769313486232e+308,1.79769313486232e+308,1.79769313486232e+308
91,"7/11/99",1,830111,1.79769313486232e+308,1.79769313486232e+308,1.79769313486232e+308,1.79769313486232e+308,1.79769313486232e+308
108,"7/11/99",1,830141,1.79769313486232e+308,1.79769313486232e+308,1.79769313486232e+308,1.79769313486232e+308,1.79769313486232e+308
112,"7/11/99",1,830151,1.79769313486232e+308,1.79769313486232e+308,1.79769313486232e+308,1.79769313486232e+308,1.79769313486232e+308
92,"7/11/99",1,830211,1.79769313486232e+308,1.79769313486232e+308,1.79769313486232e+308,1.79769313486232e+308,1.79769313486232e+308
113,"7/11/99",1,830251,1.79769313486232e+308,1.79769313486232e+308,1.79769313486232e+308,1.79769313486232e+308,1.79769313486232e+308
93,"7/11/99",1,830311,1.79769313486232e+308,1.79769313486232e+308,1.79769313486232e+308,1.79769313486232e+308,1.79769313486232e+308
109,"7/11/99",1,830341,1.79769313486232e+308,1.79769313486232e+308,1.79769313486232e+308,1.79769313486232e+308,1.79769313486232e+308
114,"7/11/99",1,830351,1.79769313486232e+308,1.79769313486232e+308,1.79769313486232e+308,1.79769313486232e+308,1.79769313486232e+308
94,"7/11/99",1,830411,1.79769313486232e+308,1.79769313486232e+308,1.79769313486232e+308,1.79769313486232e+308,1.79769313486232e+308
110,"7/11/99",1,830441,1.79769313486232e+308,1.79769313486232e+308,1.79769313486232e+308,1.79769313486232e+308,1.79769313486232e+308
115,"7/11/99",1,830459,5,3,5,40,3
111,"7/11/99",1,830541,1.79769313486232e+308,1.79769313486232e+308,1.79769313486232e+308,1.79769313486232e+308,1.79769313486232e+308
95,"7/11/99",1,830611,1.79769313486232e+308,1.79769313486232e+308,1.79769313486232e+308,1.79769313486232e+308,1.79769313486232e+308
96,"7/11/99",1,830711,1,6,1.79769313486232e+308,47,3
97,"7/11/99",1,830711,2,6,1.79769313486232e+308,47,3
98,"7/11/99",1,830711,3,6,1.79769313486232e+308,47,3
99,"7/11/99",1,830711,4,6,1.79769313486232e+308,47,3
100,"7/11/99",1,830711,5,6,1.79769313486232e+308,47,3
101,"7/11/99",1,830711,6,6,1.79769313486232e+308,47,3
102,"7/11/99",1,830811,1,6,10,8,4
103,"7/11/99",1,830911,1.79769313486232e+308,1.79769313486232e+308,1.79769313486232e+308,1.79769313486232e+308,1.79769313486232e+308
104,"7/11/99",1,831011,1.79769313486232e+308,1.79769313486232e+308,1.79769313486232e+308,1.79769313486232e+308,1.79769313486232e+308
105,"7/11/99",1,831012,1.79769313486232e+308,1.79769313486232e+308,1.79769313486232e+308,1.79769313486232e+308,1.79769313486232e+308
106,"7/11/99",1,831111,1.79769313486232e+308,1.79769313486232e+308,1.79769313486232e+308,1.79769313486232e+308,1.79769313486232e+308
107,"7/11/99",1,831211,1.79769313486232e+308,1.79769313486232e+308,1.79769313486232e+308,1.79769313486232e+308,1.79769313486232e+308
442,"7/05/99",1,910121,1.79769313486232e+308,1.79769313486232e+308,1.79769313486232e+308,1.79769313486232e+308,1.79769313486232e+308
458,"7/05/99",1,910141,1.79769313486232e+308,1.79769313486232e+308,1.79769313486232e+308,1.79769313486232e+308,1.79769313486232e+308
463,"7/05/99",1,910151,5,2,3,8,1
443,"7/05/99",1,910221,1.79769313486232e+308,1.79769313486232e+308,1.79769313486232e+308,1.79769313486232e+308,1.79769313486232e+308
444,"7/05/99",1,910222,1.79769313486232e+308,1.79769313486232e+308,1.79769313486232e+308,1.79769313486232e+308,1.79769313486232e+308
459,"7/05/99",1,910241,1.79769313486232e+308,1.79769313486232e+308,1.79769313486232e+308,1.79769313486232e+308,1.79769313486232e+308
464,"7/05/99",1,910251,1.79769313486232e+308,1.79769313486232e+308,1.79769313486232e+308,1.79769313486232e+308,1.79769313486232e+308
445,"7/05/99",1,910321,4,6,2,20,2
446,"7/05/99",1,910322,1.79769313486232e+308,1.79769313486232e+308,1.79769313486232e+308,1.79769313486232e+308,1.79769313486232e+308
460,"7/05/99",1,910341,1.79769313486232e+308,1.79769313486232e+308,1.79769313486232e+308,1.79769313486232e+308,1.79769313486232e+308
465,"7/05/99",1,910351,1.79769313486232e+308,1.79769313486232e+308,1.79769313486232e+308,1.79769313486232e+308,1.79769313486232e+308
466,"7/05/99",1,910352,1.79769313486232e+308,1.79769313486232e+308,1.79769313486232e+308,1.79769313486232e+308,1.79769313486232e+308
447,"7/05/99",1,910421,1.79769313486232e+308,1.79769313486232e+308,1.79769313486232e+308,1.79769313486232e+308,1.79769313486232e+308
461,"7/05/99",1,910441,1.79769313486232e+308,1.79769313486232e+308,1.79769313486232e+308,1.79769313486232e+308,1.79769313486232e+308
467,"7/05/99",1,910459,1.79769313486232e+308,1.79769313486232e+308,1.79769313486232e+308,1.79769313486232e+308,1.79769313486232e+308
448,"7/05/99",1,910521,1.79769313486232e+308,1.79769313486232e+308,1.79769313486232e+308,1.79769313486232e+308,1.79769313486232e+308
462,"7/05/99",1,910541,1.79769313486232e+308,1.79769313486232e+308,1.79769313486232e+308,1.79769313486232e+308,1.79769313486232e+308
449,"7/05/99",1,910622,1.79769313486232e+308,1.79769313486232e+308,1.79769313486232e+308,1.79769313486232e+308,1.79769313486232e+308
450,"7/05/99",1,910721,3,6,5,52,2
451,"7/05/99",1,910722,1.79769313486232e+308,1.79769313486232e+308,1.79769313486232e+308,1.79769313486232e+308,1.79769313486232e+308
452,"7/05/99",1,910821,1.79769313486232e+308,1.79769313486232e+308,1.79769313486232e+308,1.79769313486232e+308,1.79769313486232e+308
453,"7/05/99",1,910822,1.79769313486232e+308,1.79769313486232e+308,1.79769313486232e+308,1.79769313486232e+308,1.79769313486232e+308
454,"7/05/99",1,910921,1.79769313486232e+308,1.79769313486232e+308,1.79769313486232e+308,1.79769313486232e+308,1.79769313486232e+308
455,"7/05/99",1,911021,3,2,1,20,2
456,"7/05/99",1,911121,1.79769313486232e+308,1.79769313486232e+308,1.79769313486232e+308,1.79769313486232e+308,1.79769313486232e+308
457,"7/05/99",1,911221,1.79769313486232e+308,1.79769313486232e+308,1.79769313486232e+308,1.79769313486232e+308,1.79769313486232e+308
104,"6/07/99",1,920121,1.79769313486232e+308,1.79769313486232e+308,1.79769313486232e+308,1.79769313486232e+308,1.79769313486232e+308
116,"6/10/99",1,920141,1.79769313486232e+308,1.79769313486232e+308,1.79769313486232e+308,1.79769313486232e+308,1.79769313486232e+308
105,"6/10/99",1,920221,1.79769313486232e+308,1.79769313486232e+308,1.79769313486232e+308,1.79769313486232e+308,1.79769313486232e+308
117,"6/10/99",1,920241,1.79769313486232e+308,1.79769313486232e+308,1.79769313486232e+308,1.79769313486232e+308,1.79769313486232e+308
121,"6/10/99",1,920251,1.79769313486232e+308,1.79769313486232e+308,1.79769313486232e+308,1.79769313486232e+308,1.79769313486232e+308
122,"6/10/99",1,920252,1.79769313486232e+308,1.79769313486232e+308,1.79769313486232e+308,1.79769313486232e+308,1.79769313486232e+308
106,"6/10/99",1,920321,1.79769313486232e+308,1.79769313486232e+308,1.79769313486232e+308,1.79769313486232e+308,1.79769313486232e+308
118,"6/10/99",1,920341,4,2,1,12,2
123,"6/10/99",1,920351,1.79769313486232e+308,1.79769313486232e+308,1.79769313486232e+308,1.79769313486232e+308,1.79769313486232e+308
124,"6/10/99",1,920352,1.79769313486232e+308,1.79769313486232e+308,1.79769313486232e+308,1.79769313486232e+308,1.79769313486232e+308
125,"6/10/99",1,920353,1.79769313486232e+308,1.79769313486232e+308,1.79769313486232e+308,1.79769313486232e+308,1.79769313486232e+308
107,"6/10/99",1,920421,1.79769313486232e+308,1.79769313486232e+308,1.79769313486232e+308,1.79769313486232e+308,1.79769313486232e+308
119,"6/10/99",1,920441,1.79769313486232e+308,1.79769313486232e+308,1.79769313486232e+308,1.79769313486232e+308,1.79769313486232e+308
126,"6/10/99",1,920459,1.79769313486232e+308,1.79769313486232e+308,1.79769313486232e+308,1.79769313486232e+308,1.79769313486232e+308
108,"6/10/99",1,920521,3,6,5,44,1
120,"6/10/99",1,920541,1.79769313486232e+308,1.79769313486232e+308,1.79769313486232e+308,1.79769313486232e+308,1.79769313486232e+308
109,"6/10/99",1,920621,1,6,4,12,2
110,"6/10/99",1,920721,1.79769313486232e+308,1.79769313486232e+308,1.79769313486232e+308,1.79769313486232e+308,1.79769313486232e+308
111,"6/10/99",1,920821,1.79769313486232e+308,1.79769313486232e+308,1.79769313486232e+308,1.79769313486232e+308,1.79769313486232e+308
112,"6/10/99",1,920921,1.79769313486232e+308,1.79769313486232e+308,1.79769313486232e+308,1.79769313486232e+308,1.79769313486232e+308
113,"6/10/99",1,921021,1.79769313486232e+308,1.79769313486232e+308,1.79769313486232e+308,1.79769313486232e+308,1.79769313486232e+308
114,"6/10/99",1,921121,1.79769313486232e+308,1.79769313486232e+308,1.79769313486232e+308,1.79769313486232e+308,1.79769313486232e+308
115,"6/10/99",1,921221,1.79769313486232e+308,1.79769313486232e+308,1.79769313486232e+308,1.79769313486232e+308,1.79769313486232e+308
54,"5/13/99",1,930121,1.79769313486232e+308,1.79769313486232e+308,1.79769313486232e+308,1.79769313486232e+308,1.79769313486232e+308
68,"5/13/99",1,930141,5,6,6,32,1
69,"5/13/99",1,930141,6,6,2,8,2
75,"5/13/99",1,930151,1.79769313486232e+308,1.79769313486232e+308,1.79769313486232e+308,1.79769313486232e+308,1.79769313486232e+308
55,"5/13/99",1,930221,1.79769313486232e+308,1.79769313486232e+308,1.79769313486232e+308,1.79769313486232e+308,1.79769313486232e+308
70,"5/13/99",1,930241,1,6,12,5,4
76,"5/13/99",1,930251,1.79769313486232e+308,1.79769313486232e+308,1.79769313486232e+308,1.79769313486232e+308,1.79769313486232e+308
56,"5/13/99",1,930321,1.79769313486232e+308,1.79769313486232e+308,1.79769313486232e+308,1.79769313486232e+308,1.79769313486232e+308
71,"5/13/99",1,930341,4,6,5,36,4
72,"5/13/99",1,930342,1,6,12,4,4
77,"5/13/99",1,930351,1.79769313486232e+308,1.79769313486232e+308,1.79769313486232e+308,1.79769313486232e+308,1.79769313486232e+308
78,"5/13/99",1,930352,1.79769313486232e+308,1.79769313486232e+308,1.79769313486232e+308,1.79769313486232e+308,1.79769313486232e+308
57,"5/13/99",1,930421,1.79769313486232e+308,1.79769313486232e+308,1.79769313486232e+308,1.79769313486232e+308,1.79769313486232e+308
73,"5/13/99",1,930441,1.79769313486232e+308,1.79769313486232e+308,1.79769313486232e+308,1.79769313486232e+308,1.79769313486232e+308
79,"5/13/99",1,930459,1.79769313486232e+308,1.79769313486232e+308,1.79769313486232e+308,1.79769313486232e+308,1.79769313486232e+308
58,"5/13/99",1,930521,5,6,2,52,1
74,"5/13/99",1,930541,1.79769313486232e+308,1.79769313486232e+308,1.79769313486232e+308,1.79769313486232e+308,1.79769313486232e+308
59,"5/13/99",1,930621,1.79769313486232e+308,1.79769313486232e+308,1.79769313486232e+308,1.79769313486232e+308,1.79769313486232e+308
60,"5/13/99",1,930721,3,1,8,28,1
61,"5/13/99",1,930821,1.79769313486232e+308,1.79769313486232e+308,1.79769313486232e+308,1.79769313486232e+308,1.79769313486232e+308
62,"5/13/99",1,930921,1.79769313486232e+308,1.79769313486232e+308,1.79769313486232e+308,1.79769313486232e+308,1.79769313486232e+308
63,"5/13/99",1,931021,1.79769313486232e+308,1.79769313486232e+308,1.79769313486232e+308,1.79769313486232e+308,1.79769313486232e+308
64,"5/13/99",1,931022,1.79769313486232e+308,1.79769313486232e+308,1.79769313486232e+308,1.79769313486232e+308,1.79769313486232e+308
65,"5/13/99",1,931121,1.79769313486232e+308,1.79769313486232e+308,1.79769313486232e+308,1.79769313486232e+308,1.79769313486232e+308
66,"5/13/99",1,931221,1.79769313486232e+308,1.79769313486232e+308,1.79769313486232e+308,1.79769313486232e+308,1.79769313486232e+308
67,"5/13/99",1,931222,1.79769313486232e+308,1.79769313486232e+308,1.79769313486232e+308,1.79769313486232e+308,1.79769313486232e+308
37,"5/10/99",1,1010121,1.79769313486232e+308,1.79769313486232e+308,1.79769313486232e+308,1.79769313486232e+308,1.79769313486232e+308
48,"5/16/99",1,1010141,1.79769313486232e+308,1.79769313486232e+308,1.79769313486232e+308,1.79769313486232e+308,1.79769313486232e+308
52,"5/16/99",1,1010151,1.79769313486232e+308,1.79769313486232e+308,1.79769313486232e+308,1.79769313486232e+308,1.79769313486232e+308
53,"5/16/99",1,1010152,1.79769313486232e+308,1.79769313486232e+308,1.79769313486232e+308,1.79769313486232e+308,1.79769313486232e+308
74,"9/10/99",1,1010153,1.79769313486232e+308,1.79769313486232e+308,1.79769313486232e+308,1.79769313486232e+308,1.79769313486232e+308
38,"5/16/99",1,1010221,1.79769313486232e+308,1.79769313486232e+308,1.79769313486232e+308,1.79769313486232e+308,1.79769313486232e+308
70,"9/10/99",1,1010241,1.79769313486232e+308,1.79769313486232e+308,1.79769313486232e+308,1.79769313486232e+308,1.79769313486232e+308
54,"5/16/99",1,1010251,3,2,1.79769313486232e+308,52,3
39,"5/16/99",1,1010321,1.79769313486232e+308,1.79769313486232e+308,1.79769313486232e+308,1.79769313486232e+308,1.79769313486232e+308
49,"5/16/99",1,1010341,1.79769313486232e+308,1.79769313486232e+308,1.79769313486232e+308,1.79769313486232e+308,1.79769313486232e+308
55,"5/16/99",1,1010351,1.79769313486232e+308,1.79769313486232e+308,1.79769313486232e+308,1.79769313486232e+308,1.79769313486232e+308
40,"5/16/99",1,1010421,1.79769313486232e+308,1.79769313486232e+308,1.79769313486232e+308,1.79769313486232e+308,1.79769313486232e+308
41,"5/16/99",1,1010422,1.79769313486232e+308,1.79769313486232e+308,1.79769313486232e+308,1.79769313486232e+308,1.79769313486232e+308
50,"5/16/99",1,1010441,1.79769313486232e+308,1.79769313486232e+308,1.79769313486232e+308,1.79769313486232e+308,1.79769313486232e+308
56,"5/16/99",1,1010459,1.79769313486232e+308,1.79769313486232e+308,1.79769313486232e+308,1.79769313486232e+308,1.79769313486232e+308
51,"5/16/99",1,1010542,1.79769313486232e+308,1.79769313486232e+308,1.79769313486232e+308,1.79769313486232e+308,1.79769313486232e+308
42,"5/16/99",1,1010621,1.79769313486232e+308,1.79769313486232e+308,1.79769313486232e+308,1.79769313486232e+308,1.79769313486232e+308
43,"5/16/99",1,1010821,1.79769313486232e+308,1.79769313486232e+308,1.79769313486232e+308,1.79769313486232e+308,1.79769313486232e+308
44,"5/16/99",1,1010921,1.79769313486232e+308,1.79769313486232e+308,1.79769313486232e+308,1.79769313486232e+308,1.79769313486232e+308
45,"5/16/99",1,1011021,1.79769313486232e+308,1.79769313486232e+308,1.79769313486232e+308,1.79769313486232e+308,1.79769313486232e+308
46,"5/16/99",1,1011121,5,6,1.79769313486232e+308,52,3
47,"5/16/99",1,1011221,1.79769313486232e+308,1.79769313486232e+308,1.79769313486232e+308,1.79769313486232e+308,1.79769313486232e+308
64,"9/10/99",1,1020121,1.79769313486232e+308,1.79769313486232e+308,1.79769313486232e+308,1.79769313486232e+308,1.79769313486232e+308
81,"6/01/99",1,1020122,1.79769313486232e+308,1.79769313486232e+308,1.79769313486232e+308,1.79769313486232e+308,1.79769313486232e+308
82,"6/06/99",1,1020123,1.79769313486232e+308,1.79769313486232e+308,1.79769313486232e+308,1.79769313486232e+308,1.79769313486232e+308
97,"6/06/99",1,1020141,1.79769313486232e+308,1.79769313486232e+308,1.79769313486232e+308,1.79769313486232e+308,1.79769313486232e+308
102,"6/06/99",1,1020151,1.79769313486232e+308,1.79769313486232e+308,1.79769313486232e+308,1.79769313486232e+308,1.79769313486232e+308
83,"6/06/99",1,1020221,1.79769313486232e+308,1.79769313486232e+308,1.79769313486232e+308,1.79769313486232e+308,1.79769313486232e+308
98,"6/06/99",1,1020241,1.79769313486232e+308,1.79769313486232e+308,1.79769313486232e+308,1.79769313486232e+308,1.79769313486232e+308
103,"6/06/99",1,1020251,1.79769313486232e+308,1.79769313486232e+308,1.79769313486232e+308,1.79769313486232e+308,1.79769313486232e+308
84,"6/06/99",1,1020321,1.79769313486232e+308,1.79769313486232e+308,1.79769313486232e+308,1.79769313486232e+308,1.79769313486232e+308
99,"6/06/99",1,1020341,1.79769313486232e+308,1.79769313486232e+308,1.79769313486232e+308,1.79769313486232e+308,1.79769313486232e+308
104,"6/06/99",1,1020351,1.79769313486232e+308,1.79769313486232e+308,1.79769313486232e+308,1.79769313486232e+308,1.79769313486232e+308
85,"6/06/99",1,1020421,1.79769313486232e+308,1.79769313486232e+308,1.79769313486232e+308,1.79769313486232e+308,1.79769313486232e+308
86,"6/06/99",1,1020422,1.79769313486232e+308,1.79769313486232e+308,1.79769313486232e+308,1.79769313486232e+308,1.79769313486232e+308
100,"6/06/99",1,1020441,1.79769313486232e+308,1.79769313486232e+308,1.79769313486232e+308,1.79769313486232e+308,1.79769313486232e+308
105,"6/06/99",1,1020459,1.79769313486232e+308,1.79769313486232e+308,1.79769313486232e+308,1.79769313486232e+308,1.79769313486232e+308
87,"6/06/99",1,1020521,1.79769313486232e+308,1.79769313486232e+308,1.79769313486232e+308,1.79769313486232e+308,1.79769313486232e+308
101,"6/06/99",1,1020541,1.79769313486232e+308,1.79769313486232e+308,1.79769313486232e+308,1.79769313486232e+308,1.79769313486232e+308
88,"6/06/99",1,1020621,1,1,3,26,1
89,"6/06/99",1,1020622,1,1,8,12,2
90,"6/06/99",1,1020622,2,4,8,12,1
91,"6/06/99",1,1020721,1,1,2,12,2
92,"6/06/99",1,1020821,1.79769313486232e+308,1.79769313486232e+308,1.79769313486232e+308,1.79769313486232e+308,1.79769313486232e+308
93,"6/06/99",1,1020921,1,1,9,12,2
94,"6/06/99",1,1021021,1.79769313486232e+308,1.79769313486232e+308,1.79769313486232e+308,1.79769313486232e+308,1.79769313486232e+308
95,"6/06/99",1,1021121,1.79769313486232e+308,1.79769313486232e+308,1.79769313486232e+308,1.79769313486232e+308,1.79769313486232e+308
96,"6/06/99",1,1021221,1.79769313486232e+308,1.79769313486232e+308,1.79769313486232e+308,1.79769313486232e+308,1.79769313486232e+308
98,"8/11/99",1,1030121,1.79769313486232e+308,1.79769313486232e+308,1.79769313486232e+308,1.79769313486232e+308,1.79769313486232e+308
111,"8/11/99",1,1030141,1.79769313486232e+308,1.79769313486232e+308,1.79769313486232e+308,1.79769313486232e+308,1.79769313486232e+308
117,"8/11/99",1,1030151,1.79769313486232e+308,1.79769313486232e+308,1.79769313486232e+308,1.79769313486232e+308,1.79769313486232e+308
99,"8/11/99",1,1030221,1.79769313486232e+308,1.79769313486232e+308,1.79769313486232e+308,1.79769313486232e+308,1.79769313486232e+308
100,"8/11/99",1,1030222,1.79769313486232e+308,1.79769313486232e+308,1.79769313486232e+308,1.79769313486232e+308,1.79769313486232e+308
112,"8/11/99",1,1030241,1.79769313486232e+308,1.79769313486232e+308,1.79769313486232e+308,1.79769313486232e+308,1.79769313486232e+308
118,"8/11/99",1,1030251,1.79769313486232e+308,1.79769313486232e+308,1.79769313486232e+308,1.79769313486232e+308,1.79769313486232e+308
101,"8/11/99",1,1030321,1.79769313486232e+308,1.79769313486232e+308,1.79769313486232e+308,1.79769313486232e+308,1.79769313486232e+308
113,"8/11/99",1,1030341,1.79769313486232e+308,1.79769313486232e+308,1.79769313486232e+308,1.79769313486232e+308,1.79769313486232e+308
114,"8/11/99",1,1030342,1.79769313486232e+308,1.79769313486232e+308,1.79769313486232e+308,1.79769313486232e+308,1.79769313486232e+308
119,"8/11/99",1,1030351,1.79769313486232e+308,1.79769313486232e+308,1.79769313486232e+308,1.79769313486232e+308,1.79769313486232e+308
120,"8/11/99",1,1030352,1.79769313486232e+308,1.79769313486232e+308,1.79769313486232e+308,1.79769313486232e+308,1.79769313486232e+308
102,"8/11/99",1,1030421,1.79769313486232e+308,1.79769313486232e+308,1.79769313486232e+308,1.79769313486232e+308,1.79769313486232e+308
115,"8/11/99",1,1030441,1.79769313486232e+308,1.79769313486232e+308,1.79769313486232e+308,1.79769313486232e+308,1.79769313486232e+308
123,"8/11/99",1,1030459,3,2,3,8,3
122,"8/11/99",1,1030459,3,2,1,4,3
121,"8/11/99",1,1030459,3,2,5,28,3
103,"8/11/99",1,1030521,1.79769313486232e+308,1.79769313486232e+308,1.79769313486232e+308,1.79769313486232e+308,1.79769313486232e+308
116,"8/11/99",1,1030541,1.79769313486232e+308,1.79769313486232e+308,1.79769313486232e+308,1.79769313486232e+308,1.79769313486232e+308
104,"8/11/99",1,1030621,1.79769313486232e+308,1.79769313486232e+308,1.79769313486232e+308,1.79769313486232e+308,1.79769313486232e+308
105,"8/11/99",1,1030721,1.79769313486232e+308,1.79769313486232e+308,1.79769313486232e+308,1.79769313486232e+308,1.79769313486232e+308
106,"8/11/99",1,1030821,1.79769313486232e+308,1.79769313486232e+308,1.79769313486232e+308,1.79769313486232e+308,1.79769313486232e+308
107,"8/11/99",1,1030921,1.79769313486232e+308,1.79769313486232e+308,1.79769313486232e+308,1.79769313486232e+308,1.79769313486232e+308
108,"8/11/99",1,1031021,1.79769313486232e+308,1.79769313486232e+308,1.79769313486232e+308,1.79769313486232e+308,1.79769313486232e+308
109,"8/11/99",1,1031121,1.79769313486232e+308,1.79769313486232e+308,1.79769313486232e+308,1.79769313486232e+308,1.79769313486232e+308
110,"8/11/99",1,1031221,1.79769313486232e+308,1.79769313486232e+308,1.79769313486232e+308,1.79769313486232e+308,1.79769313486232e+308
1,"5/10/99",1,1110121,1.79769313486232e+308,1.79769313486232e+308,1.79769313486232e+308,1.79769313486232e+308,1.79769313486232e+308
15,"5/10/99",1,1110141,1,1,2,52,4
1.79769313486232e+308,"9/28/99",1,1110141,4,1,2,52,3
20,"5/10/99",1,1110151,1.79769313486232e+308,1.79769313486232e+308,1.79769313486232e+308,1.79769313486232e+308,1.79769313486232e+308
21,"5/10/99",1,1110152,1.79769313486232e+308,1.79769313486232e+308,1.79769313486232e+308,1.79769313486232e+308,1.79769313486232e+308
2,"5/10/99",1,1110221,1.79769313486232e+308,1.79769313486232e+308,1.79769313486232e+308,1.79769313486232e+308,1.79769313486232e+308
16,"5/10/99",1,1110241,1,1,3,52,3
22,"5/10/99",1,1110251,3,1,3,52,3
3,"5/10/99",1,1110321,1.79769313486232e+308,1.79769313486232e+308,1.79769313486232e+308,1.79769313486232e+308,1.79769313486232e+308
17,"5/10/99",1,1110341,1.79769313486232e+308,1.79769313486232e+308,1.79769313486232e+308,1.79769313486232e+308,1.79769313486232e+308
23,"5/10/99",1,1110351,3,3,1.79769313486232e+308,52,5
1.79769313486232e+308,"8/22/99",1,1110351,4,3,1.79769313486232e+308,52,5
4,"5/10/99",1,1110421,1.79769313486232e+308,1.79769313486232e+308,1.79769313486232e+308,1.79769313486232e+308,1.79769313486232e+308
18,"5/10/99",1,1110441,3,1,1.79769313486232e+308,52,3
1.79769313486232e+308,"8/22/99",1,1110441,4,1,1.79769313486232e+308,52,4
24,"5/10/99",1,1110459,1.79769313486232e+308,1.79769313486232e+308,1.79769313486232e+308,1.79769313486232e+308,1.79769313486232e+308
5,"5/10/99",1,1110521,1.79769313486232e+308,1.79769313486232e+308,1.79769313486232e+308,1.79769313486232e+308,1.79769313486232e+308
19,"5/10/99",1,1110541,1.79769313486232e+308,1.79769313486232e+308,1.79769313486232e+308,1.79769313486232e+308,1.79769313486232e+308
6,"5/10/99",1,1110621,1.79769313486232e+308,1.79769313486232e+308,1.79769313486232e+308,1.79769313486232e+308,1.79769313486232e+308
7,"5/10/99",1,1110721,1.79769313486232e+308,1.79769313486232e+308,1.79769313486232e+308,1.79769313486232e+308,1.79769313486232e+308
8,"5/10/99",1,1110821,1.79769313486232e+308,1.79769313486232e+308,1.79769313486232e+308,1.79769313486232e+308,1.79769313486232e+308
9,"5/10/99",1,1110921,1,1,1.79769313486232e+308,52,4
10,"5/10/99",1,1111021,1.79769313486232e+308,1.79769313486232e+308,1.79769313486232e+308,1.79769313486232e+308,1.79769313486232e+308
11,"5/10/99",1,1111022,1.79769313486232e+308,1.79769313486232e+308,1.79769313486232e+308,1.79769313486232e+308,1.79769313486232e+308
12,"5/10/99",1,1111121,1.79769313486232e+308,1.79769313486232e+308,1.79769313486232e+308,1.79769313486232e+308,1.79769313486232e+308
13,"5/10/99",1,1111221,1.79769313486232e+308,1.79769313486232e+308,1.79769313486232e+308,1.79769313486232e+308,1.79769313486232e+308
14,"5/10/99",1,1111222,1.79769313486232e+308,1.79769313486232e+308,1.79769313486232e+308,1.79769313486232e+308,1.79769313486232e+308
77,"7/20/99",1,1120121,1.79769313486232e+308,1.79769313486232e+308,1.79769313486232e+308,1.79769313486232e+308,1.79769313486232e+308
97,"7/20/99",1,1120141,1.79769313486232e+308,1.79769313486232e+308,1.79769313486232e+308,1.79769313486232e+308,1.79769313486232e+308
98,"7/20/99",1,1120142,1.79769313486232e+308,1.79769313486232e+308,1.79769313486232e+308,1.79769313486232e+308,1.79769313486232e+308
103,"7/20/99",1,1120151,1.79769313486232e+308,1.79769313486232e+308,1.79769313486232e+308,1.79769313486232e+308,1.79769313486232e+308
79,"7/20/99",1,1120221,3,1,4,7,4
78,"7/20/99",1,1120221,3,1,2,8,4
99,"7/20/99",1,1120241,1.79769313486232e+308,1.79769313486232e+308,1.79769313486232e+308,1.79769313486232e+308,1.79769313486232e+308
104,"7/20/99",1,1120251,1.79769313486232e+308,1.79769313486232e+308,1.79769313486232e+308,1.79769313486232e+308,1.79769313486232e+308
83,"7/20/99",1,1120321,1,6,12,4,4
80,"7/20/99",1,1120321,1,6,5,8,4
84,"7/20/99",1,1120321,1,6,4,16,4
81,"7/20/99",1,1120321,1,6,8,12,4
82,"7/20/99",1,1120321,1,6,10,8,4
100,"7/20/99",1,1120341,1.79769313486232e+308,1.79769313486232e+308,1.79769313486232e+308,1.79769313486232e+308,1.79769313486232e+308
105,"7/20/99",1,1120351,1.79769313486232e+308,1.79769313486232e+308,1.79769313486232e+308,1.79769313486232e+308,1.79769313486232e+308
85,"7/20/99",1,1120421,1.79769313486232e+308,1.79769313486232e+308,1.79769313486232e+308,1.79769313486232e+308,1.79769313486232e+308
101,"7/20/99",1,1120441,1.79769313486232e+308,1.79769313486232e+308,1.79769313486232e+308,1.79769313486232e+308,1.79769313486232e+308
106,"7/20/99",1,1120459,1.79769313486232e+308,1.79769313486232e+308,1.79769313486232e+308,1.79769313486232e+308,1.79769313486232e+308
86,"7/20/99",1,1120521,1.79769313486232e+308,1.79769313486232e+308,1.79769313486232e+308,1.79769313486232e+308,1.79769313486232e+308
87,"7/20/99",1,1120522,1.79769313486232e+308,1.79769313486232e+308,1.79769313486232e+308,1.79769313486232e+308,1.79769313486232e+308
102,"7/20/99",1,1120541,5,1,4,4,4
88,"7/20/99",1,1120621,1.79769313486232e+308,1.79769313486232e+308,1.79769313486232e+308,1.79769313486232e+308,1.79769313486232e+308
89,"7/20/99",1,1120622,1.79769313486232e+308,1.79769313486232e+308,1.79769313486232e+308,1.79769313486232e+308,1.79769313486232e+308
90,"7/20/99",1,1120721,1.79769313486232e+308,1.79769313486232e+308,1.79769313486232e+308,1.79769313486232e+308,1.79769313486232e+308
91,"7/20/99",1,1120821,1.79769313486232e+308,1.79769313486232e+308,1.79769313486232e+308,1.79769313486232e+308,1.79769313486232e+308
92,"7/20/99",1,1120921,1.79769313486232e+308,1.79769313486232e+308,1.79769313486232e+308,1.79769313486232e+308,1.79769313486232e+308
93,"7/20/99",1,1121021,1.79769313486232e+308,1.79769313486232e+308,1.79769313486232e+308,1.79769313486232e+308,1.79769313486232e+308
94,"7/20/99",1,1121121,1.79769313486232e+308,1.79769313486232e+308,1.79769313486232e+308,1.79769313486232e+308,1.79769313486232e+308
95,"7/20/99",1,1121122,1.79769313486232e+308,1.79769313486232e+308,1.79769313486232e+308,1.79769313486232e+308,1.79769313486232e+308
96,"7/20/99",1,1121221,1.79769313486232e+308,1.79769313486232e+308,1.79769313486232e+308,1.79769313486232e+308,1.79769313486232e+308
1,"7/06/99",1,1130121,1.79769313486232e+308,1.79769313486232e+308,1.79769313486232e+308,1.79769313486232e+308,1.79769313486232e+308
14,"7/06/99",1,1130141,1.79769313486232e+308,1.79769313486232e+308,1.79769313486232e+308,1.79769313486232e+308,1.79769313486232e+308
18,"7/06/99",1,1130151,1.79769313486232e+308,1.79769313486232e+308,1.79769313486232e+308,1.79769313486232e+308,1.79769313486232e+308
19,"7/06/99",1,1130152,1.79769313486232e+308,1.79769313486232e+308,1.79769313486232e+308,1.79769313486232e+308,1.79769313486232e+308
20,"7/06/99",1,1130153,1.79769313486232e+308,1.79769313486232e+308,1.79769313486232e+308,1.79769313486232e+308,1.79769313486232e+308
2,"7/06/99",1,1130221,1.79769313486232e+308,1.79769313486232e+308,1.79769313486232e+308,1.79769313486232e+308,1.79769313486232e+308
21,"7/06/99",1,1130251,1.79769313486232e+308,1.79769313486232e+308,1.79769313486232e+308,1.79769313486232e+308,1.79769313486232e+308
22,"7/06/99",1,1130252,1.79769313486232e+308,1.79769313486232e+308,1.79769313486232e+308,1.79769313486232e+308,1.79769313486232e+308
3,"7/06/99",1,1130321,1.79769313486232e+308,1.79769313486232e+308,1.79769313486232e+308,1.79769313486232e+308,1.79769313486232e+308
15,"7/06/99",1,1130341,1.79769313486232e+308,1.79769313486232e+308,1.79769313486232e+308,1.79769313486232e+308,1.79769313486232e+308
23,"7/06/99",1,1130351,3,2,1,16,4
4,"7/06/99",1,1130421,1.79769313486232e+308,1.79769313486232e+308,1.79769313486232e+308,1.79769313486232e+308,1.79769313486232e+308
5,"7/06/99",1,1130422,1.79769313486232e+308,1.79769313486232e+308,1.79769313486232e+308,1.79769313486232e+308,1.79769313486232e+308
16,"7/06/99",1,1130441,1.79769313486232e+308,1.79769313486232e+308,1.79769313486232e+308,1.79769313486232e+308,1.79769313486232e+308
24,"7/06/99",1,1130459,1.79769313486232e+308,1.79769313486232e+308,1.79769313486232e+308,1.79769313486232e+308,1.79769313486232e+308
6,"7/06/99",1,1130521,1.79769313486232e+308,1.79769313486232e+308,1.79769313486232e+308,1.79769313486232e+308,1.79769313486232e+308
17,"7/06/99",1,1130541,1.79769313486232e+308,1.79769313486232e+308,1.79769313486232e+308,1.79769313486232e+308,1.79769313486232e+308
7,"7/06/99",1,1130621,1.79769313486232e+308,1.79769313486232e+308,1.79769313486232e+308,1.79769313486232e+308,1.79769313486232e+308
8,"7/06/99",1,1130721,1.79769313486232e+308,1.79769313486232e+308,1.79769313486232e+308,1.79769313486232e+308,1.79769313486232e+308
9,"7/06/99",1,1130821,1.79769313486232e+308,1.79769313486232e+308,1.79769313486232e+308,1.79769313486232e+308,1.79769313486232e+308
10,"7/06/99",1,1130921,1.79769313486232e+308,1.79769313486232e+308,1.79769313486232e+308,1.79769313486232e+308,1.79769313486232e+308
11,"7/06/99",1,1131021,1.79769313486232e+308,1.79769313486232e+308,1.79769313486232e+308,1.79769313486232e+308,1.79769313486232e+308
12,"7/06/99",1,1131121,1.79769313486232e+308,1.79769313486232e+308,1.79769313486232e+308,1.79769313486232e+308,1.79769313486232e+308
13,"7/06/99",1,1131221,1.79769313486232e+308,1.79769313486232e+308,1.79769313486232e+308,1.79769313486232e+308,1.79769313486232e+308
1,"5/10/99",1,1210121,1.79769313486232e+308,1.79769313486232e+308,1.79769313486232e+308,1.79769313486232e+308,1.79769313486232e+308
14,"5/10/99",1,1210141,1.79769313486232e+308,1.79769313486232e+308,1.79769313486232e+308,1.79769313486232e+308,1.79769313486232e+308
16,"5/10/99",1,1210142,1,6,1,5,4
15,"5/10/99",1,1210142,1,6,12,5,4
79,"9/10/99",1,1210151,2,6,3,52,3
80,"9/10/99",1,1210151,3,6,8,30,3
81,"9/10/99",1,1210151,4,1,3,52,3
82,"9/10/99",1,1210151,5,6,8,30,3
83,"9/10/99",1,1210151,8,1,3,52,3
17,"5/10/99",1,1210241,1.79769313486232e+308,1.79769313486232e+308,1.79769313486232e+308,1.79769313486232e+308,1.79769313486232e+308
18,"5/10/99",1,1210242,1.79769313486232e+308,1.79769313486232e+308,1.79769313486232e+308,1.79769313486232e+308,1.79769313486232e+308
19,"5/10/99",1,1210243,1.79769313486232e+308,1.79769313486232e+308,1.79769313486232e+308,1.79769313486232e+308,1.79769313486232e+308
24,"5/10/99",1,1210251,6,6,2,6,3
25,"5/10/99",1,1210252,1.79769313486232e+308,1.79769313486232e+308,1.79769313486232e+308,1.79769313486232e+308,1.79769313486232e+308
26,"5/10/99",1,1210253,1.79769313486232e+308,1.79769313486232e+308,1.79769313486232e+308,1.79769313486232e+308,1.79769313486232e+308
2,"5/10/99",1,1210321,1.79769313486232e+308,1.79769313486232e+308,1.79769313486232e+308,1.79769313486232e+308,1.79769313486232e+308
20,"5/10/99",1,1210341,1.79769313486232e+308,1.79769313486232e+308,1.79769313486232e+308,1.79769313486232e+308,1.79769313486232e+308
21,"5/10/99",1,1210342,2,6,7,32,1
27,"5/10/99",1,1210351,1.79769313486232e+308,1.79769313486232e+308,1.79769313486232e+308,1.79769313486232e+308,1.79769313486232e+308
3,"5/10/99",1,1210421,1.79769313486232e+308,1.79769313486232e+308,1.79769313486232e+308,1.79769313486232e+308,1.79769313486232e+308
22,"5/10/99",1,1210441,1.79769313486232e+308,1.79769313486232e+308,1.79769313486232e+308,1.79769313486232e+308,1.79769313486232e+308
88,"9/10/99",1,1210459,1.79769313486232e+308,1.79769313486232e+308,1.79769313486232e+308,1.79769313486232e+308,1.79769313486232e+308
4,"5/10/99",1,1210521,1.79769313486232e+308,1.79769313486232e+308,1.79769313486232e+308,1.79769313486232e+308,1.79769313486232e+308
5,"5/10/99",1,1210522,5,1,11,12,5
23,"5/10/99",1,1210541,1.79769313486232e+308,1.79769313486232e+308,1.79769313486232e+308,1.79769313486232e+308,1.79769313486232e+308
6,"5/10/99",1,1210621,1.79769313486232e+308,1.79769313486232e+308,1.79769313486232e+308,1.79769313486232e+308,1.79769313486232e+308
7,"5/10/99",1,1210721,1.79769313486232e+308,1.79769313486232e+308,1.79769313486232e+308,1.79769313486232e+308,1.79769313486232e+308
8,"5/10/99",1,1210821,4,6,8,20,3
9,"5/10/99",1,1210821,4,6,1,5,3
10,"5/10/99",1,1210921,1.79769313486232e+308,1.79769313486232e+308,1.79769313486232e+308,1.79769313486232e+308,1.79769313486232e+308
11,"5/10/99",1,1211021,1,6,11,9,4
12,"5/10/99",1,1211121,1.79769313486232e+308,1.79769313486232e+308,1.79769313486232e+308,1.79769313486232e+308,1.79769313486232e+308
13,"5/10/99",1,1211122,1.79769313486232e+308,1.79769313486232e+308,1.79769313486232e+308,1.79769313486232e+308,1.79769313486232e+308
233,"6/19/99",1,1220141,1.79769313486232e+308,1.79769313486232e+308,1.79769313486232e+308,1.79769313486232e+308,1.79769313486232e+308
239,"6/19/99",1,1220151,1.79769313486232e+308,1.79769313486232e+308,1.79769313486232e+308,1.79769313486232e+308,1.79769313486232e+308
240,"6/19/99",1,1220152,1.79769313486232e+308,1.79769313486232e+308,1.79769313486232e+308,1.79769313486232e+308,1.79769313486232e+308
211,"6/19/99",1,1220221,1.79769313486232e+308,1.79769313486232e+308,1.79769313486232e+308,1.79769313486232e+308,1.79769313486232e+308
234,"6/19/99",1,1220241,1.79769313486232e+308,1.79769313486232e+308,1.79769313486232e+308,1.79769313486232e+308,1.79769313486232e+308
241,"6/19/99",1,1220251,5,6,4,38,3
242,"6/19/99",1,1220251,5,6,1,8,3
243,"6/19/99",1,1220252,1.79769313486232e+308,1.79769313486232e+308,1.79769313486232e+308,1.79769313486232e+308,1.79769313486232e+308
215,"6/19/99",1,1220321,1,1,1,7,4
213,"6/19/99",1,1220321,1,1,8,10,4
212,"6/19/99",1,1220321,1,1,4,10,4
214,"6/19/99",1,1220321,1,1,11,8,4
218,"6/19/99",1,1220321,3,1,1,9,4
216,"6/19/99",1,1220321,3,1,4,13,4
217,"6/19/99",1,1220321,3,1,7,25,4
235,"6/19/99",1,1220341,1.79769313486232e+308,1.79769313486232e+308,1.79769313486232e+308,1.79769313486232e+308,1.79769313486232e+308
236,"6/19/99",1,1220342,1.79769313486232e+308,1.79769313486232e+308,1.79769313486232e+308,1.79769313486232e+308,1.79769313486232e+308
244,"6/19/99",1,1220351,4,6,8,21,3
245,"6/19/99",1,1220351,4,6,1,9,3
247,"6/19/99",1,1220351,5,1,1,9,3
246,"6/19/99",1,1220351,5,1,11,9,3
219,"6/19/99",1,1220421,1.79769313486232e+308,1.79769313486232e+308,1.79769313486232e+308,1.79769313486232e+308,1.79769313486232e+308
237,"6/19/99",1,1220441,1.79769313486232e+308,1.79769313486232e+308,1.79769313486232e+308,1.79769313486232e+308,1.79769313486232e+308
248,"6/19/99",1,1220459,1.79769313486232e+308,1.79769313486232e+308,1.79769313486232e+308,1.79769313486232e+308,1.79769313486232e+308
220,"6/19/99",1,1220521,1.79769313486232e+308,1.79769313486232e+308,1.79769313486232e+308,1.79769313486232e+308,1.79769313486232e+308
238,"6/19/99",1,1220541,1.79769313486232e+308,1.79769313486232e+308,1.79769313486232e+308,1.79769313486232e+308,1.79769313486232e+308
221,"6/19/99",1,1220621,4,6,11,9,4
222,"6/19/99",1,1220621,4,6,1,9,4
223,"6/19/99",1,1220621,5,1,12,20,1
224,"6/19/99",1,1220721,1.79769313486232e+308,1.79769313486232e+308,1.79769313486232e+308,1.79769313486232e+308,1.79769313486232e+308
226,"6/19/99",1,1220722,1,6,1,7,4
225,"6/19/99",1,1220722,1,6,10,10,4
228,"6/19/99",1,1220821,1,6,1,8,4
227,"6/19/99",1,1220821,1,6,10,13,4
229,"6/19/99",1,1220821,3,6,10,13,4
230,"6/19/99",1,1220921,1.79769313486232e+308,1.79769313486232e+308,1.79769313486232e+308,1.79769313486232e+308,1.79769313486232e+308
231,"6/19/99",1,1221021,2,1,1.79769313486232e+308,52,5
232,"6/19/99",1,1221221,1.79769313486232e+308,1.79769313486232e+308,1.79769313486232e+308,1.79769313486232e+308,1.79769313486232e+308
341,"7/03/99",1,1230121,5,1,1.79769313486232e+308,52,1
342,"7/03/99",1,1230122,1.79769313486232e+308,1.79769313486232e+308,1.79769313486232e+308,1.79769313486232e+308,1.79769313486232e+308
353,"7/03/99",1,1230141,1.79769313486232e+308,1.79769313486232e+308,1.79769313486232e+308,1.79769313486232e+308,1.79769313486232e+308
357,"7/03/99",1,1230151,1.79769313486232e+308,1.79769313486232e+308,1.79769313486232e+308,1.79769313486232e+308,1.79769313486232e+308
343,"7/03/99",1,1230221,1.79769313486232e+308,1.79769313486232e+308,1.79769313486232e+308,1.79769313486232e+308,1.79769313486232e+308
354,"7/03/99",1,1230241,1.79769313486232e+308,1.79769313486232e+308,1.79769313486232e+308,1.79769313486232e+308,1.79769313486232e+308
358,"7/03/99",1,1230251,1.79769313486232e+308,1.79769313486232e+308,1.79769313486232e+308,1.79769313486232e+308,1.79769313486232e+308
344,"7/03/99",1,1230321,1.79769313486232e+308,1.79769313486232e+308,1.79769313486232e+308,1.79769313486232e+308,1.79769313486232e+308
345,"7/03/99",1,1230322,1.79769313486232e+308,1.79769313486232e+308,1.79769313486232e+308,1.79769313486232e+308,1.79769313486232e+308
355,"7/03/99",1,1230341,1.79769313486232e+308,1.79769313486232e+308,1.79769313486232e+308,1.79769313486232e+308,1.79769313486232e+308
359,"7/03/99",1,1230351,1.79769313486232e+308,1.79769313486232e+308,1.79769313486232e+308,1.79769313486232e+308,1.79769313486232e+308
360,"7/03/99",1,1230352,1.79769313486232e+308,1.79769313486232e+308,1.79769313486232e+308,1.79769313486232e+308,1.79769313486232e+308
346,"7/03/99",1,1230421,1.79769313486232e+308,1.79769313486232e+308,1.79769313486232e+308,1.79769313486232e+308,1.79769313486232e+308
356,"7/03/99",1,1230441,4,1,1.79769313486232e+308,52,3
361,"7/03/99",1,1230459,1.79769313486232e+308,1.79769313486232e+308,1.79769313486232e+308,1.79769313486232e+308,1.79769313486232e+308
347,"7/03/99",1,1230521,1.79769313486232e+308,1.79769313486232e+308,1.79769313486232e+308,1.79769313486232e+308,1.79769313486232e+308
348,"7/03/99",1,1230621,1.79769313486232e+308,1.79769313486232e+308,1.79769313486232e+308,1.79769313486232e+308,1.79769313486232e+308
349,"7/03/99",1,1230721,1.79769313486232e+308,1.79769313486232e+308,1.79769313486232e+308,1.79769313486232e+308,1.79769313486232e+308
350,"7/03/99",1,1231021,1.79769313486232e+308,1.79769313486232e+308,1.79769313486232e+308,1.79769313486232e+308,1.79769313486232e+308
351,"7/03/99",1,1231121,1.79769313486232e+308,1.79769313486232e+308,1.79769313486232e+308,1.79769313486232e+308,1.79769313486232e+308
352,"7/03/99",1,1231222,1,6,5,11,3
338,"6/29/99",1,1310141,1.79769313486232e+308,1.79769313486232e+308,1.79769313486232e+308,1.79769313486232e+308,1.79769313486232e+308
342,"6/29/99",1,1310151,3,1,4,50,4
343,"6/29/99",1,1310151,5,2,4,50,3
344,"6/29/99",1,1310151,6,1,4,50,4
329,"6/29/99",1,1310221,1.79769313486232e+308,1.79769313486232e+308,1.79769313486232e+308,1.79769313486232e+308,1.79769313486232e+308
339,"6/29/99",1,1310241,1.79769313486232e+308,1.79769313486232e+308,1.79769313486232e+308,1.79769313486232e+308,1.79769313486232e+308
345,"6/29/99",1,1310251,8,1,4,50,3
330,"6/29/99",1,1310321,1.79769313486232e+308,1.79769313486232e+308,1.79769313486232e+308,1.79769313486232e+308,1.79769313486232e+308
340,"6/29/99",1,1310341,1.79769313486232e+308,1.79769313486232e+308,1.79769313486232e+308,1.79769313486232e+308,1.79769313486232e+308
346,"6/29/99",1,1310351,1.79769313486232e+308,1.79769313486232e+308,1.79769313486232e+308,1.79769313486232e+308,1.79769313486232e+308
347,"6/29/99",1,1310352,1.79769313486232e+308,1.79769313486232e+308,1.79769313486232e+308,1.79769313486232e+308,1.79769313486232e+308
348,"6/29/99",1,1310353,1.79769313486232e+308,1.79769313486232e+308,1.79769313486232e+308,1.79769313486232e+308,1.79769313486232e+308
331,"6/29/99",1,1310421,1.79769313486232e+308,1.79769313486232e+308,1.79769313486232e+308,1.79769313486232e+308,1.79769313486232e+308
349,"6/29/99",1,1310459,1.79769313486232e+308,1.79769313486232e+308,1.79769313486232e+308,1.79769313486232e+308,1.79769313486232e+308
332,"6/29/99",1,1310521,1.79769313486232e+308,1.79769313486232e+308,1.79769313486232e+308,1.79769313486232e+308,1.79769313486232e+308
341,"6/29/99",1,1310541,1.79769313486232e+308,1.79769313486232e+308,1.79769313486232e+308,1.79769313486232e+308,1.79769313486232e+308
333,"6/29/99",1,1310821,1.79769313486232e+308,1.79769313486232e+308,1.79769313486232e+308,1.79769313486232e+308,1.79769313486232e+308
334,"6/29/99",1,1310921,1.79769313486232e+308,1.79769313486232e+308,1.79769313486232e+308,1.79769313486232e+308,1.79769313486232e+308
335,"6/29/99",1,1311021,1.79769313486232e+308,1.79769313486232e+308,1.79769313486232e+308,1.79769313486232e+308,1.79769313486232e+308
336,"6/29/99",1,1311121,1.79769313486232e+308,1.79769313486232e+308,1.79769313486232e+308,1.79769313486232e+308,1.79769313486232e+308
337,"6/29/99",1,1311221,1.79769313486232e+308,1.79769313486232e+308,1.79769313486232e+308,1.79769313486232e+308,1.79769313486232e+308
125,"7/15/99",1,1320121,1.79769313486232e+308,1.79769313486232e+308,1.79769313486232e+308,1.79769313486232e+308,1.79769313486232e+308
137,"7/21/99",1,1320141,1.79769313486232e+308,1.79769313486232e+308,1.79769313486232e+308,1.79769313486232e+308,1.79769313486232e+308
138,"7/21/99",1,1320142,1.79769313486232e+308,1.79769313486232e+308,1.79769313486232e+308,1.79769313486232e+308,1.79769313486232e+308
148,"7/21/99",1,1320151,1.79769313486232e+308,1.79769313486232e+308,1.79769313486232e+308,1.79769313486232e+308,1.79769313486232e+308
126,"7/21/99",1,1320221,1.79769313486232e+308,1.79769313486232e+308,1.79769313486232e+308,1.79769313486232e+308,1.79769313486232e+308
139,"7/21/99",1,1320241,1.79769313486232e+308,1.79769313486232e+308,1.79769313486232e+308,1.79769313486232e+308,1.79769313486232e+308
127,"7/21/99",1,1320321,1.79769313486232e+308,1.79769313486232e+308,1.79769313486232e+308,1.79769313486232e+308,1.79769313486232e+308
140,"7/21/99",1,1320341,1.79769313486232e+308,1.79769313486232e+308,1.79769313486232e+308,1.79769313486232e+308,1.79769313486232e+308
149,"7/21/99",1,1320351,1.79769313486232e+308,1.79769313486232e+308,1.79769313486232e+308,1.79769313486232e+308,1.79769313486232e+308
128,"7/21/99",1,1320421,1.79769313486232e+308,1.79769313486232e+308,1.79769313486232e+308,1.79769313486232e+308,1.79769313486232e+308
141,"7/21/99",1,1320441,3,1,6,26,3
142,"7/21/99",1,1320441,3,1,1,52,3
143,"7/21/99",1,1320441,4,6,5,26,1
144,"7/21/99",1,1320441,4,6,11,52,1
146,"7/21/99",1,1320441,5,6,11,52,1
145,"7/21/99",1,1320441,5,6,5,26,1
150,"7/21/99",1,1320459,1.79769313486232e+308,1.79769313486232e+308,1.79769313486232e+308,1.79769313486232e+308,1.79769313486232e+308
129,"7/21/99",1,1320521,1.79769313486232e+308,1.79769313486232e+308,1.79769313486232e+308,1.79769313486232e+308,1.79769313486232e+308
147,"7/21/99",1,1320541,1.79769313486232e+308,1.79769313486232e+308,1.79769313486232e+308,1.79769313486232e+308,1.79769313486232e+308
130,"7/21/99",1,1320621,1.79769313486232e+308,1.79769313486232e+308,1.79769313486232e+308,1.79769313486232e+308,1.79769313486232e+308
131,"7/21/99",1,1320721,1.79769313486232e+308,1.79769313486232e+308,1.79769313486232e+308,1.79769313486232e+308,1.79769313486232e+308
132,"7/21/99",1,1320921,3,6,10,4,4
133,"7/21/99",1,1320921,3,6,12,4,4
134,"7/21/99",1,1321021,1.79769313486232e+308,1.79769313486232e+308,1.79769313486232e+308,1.79769313486232e+308,1.79769313486232e+308
136,"7/21/99",1,1321121,1,1,2,52,3
135,"7/21/99",1,1321121,1,1,8,26,3
22,"7/30/99",1,1330121,1.79769313486232e+308,1.79769313486232e+308,1.79769313486232e+308,1.79769313486232e+308,1.79769313486232e+308
38,"7/30/99",1,1330141,1.79769313486232e+308,1.79769313486232e+308,1.79769313486232e+308,1.79769313486232e+308,1.79769313486232e+308
47,"7/30/99",1,1330151,1.79769313486232e+308,1.79769313486232e+308,1.79769313486232e+308,1.79769313486232e+308,1.79769313486232e+308
23,"7/30/99",1,1330221,1.79769313486232e+308,1.79769313486232e+308,1.79769313486232e+308,1.79769313486232e+308,1.79769313486232e+308
48,"7/30/99",1,1330251,1.79769313486232e+308,1.79769313486232e+308,1.79769313486232e+308,1.79769313486232e+308,1.79769313486232e+308
49,"7/30/99",1,1330252,2,6,5,4,1
24,"7/30/99",1,1330321,1.79769313486232e+308,1.79769313486232e+308,1.79769313486232e+308,1.79769313486232e+308,1.79769313486232e+308
39,"7/30/99",1,1330341,1.79769313486232e+308,1.79769313486232e+308,1.79769313486232e+308,1.79769313486232e+308,1.79769313486232e+308
50,"7/30/99",1,1330351,1.79769313486232e+308,1.79769313486232e+308,1.79769313486232e+308,1.79769313486232e+308,1.79769313486232e+308
25,"7/30/99",1,1330421,1.79769313486232e+308,1.79769313486232e+308,1.79769313486232e+308,1.79769313486232e+308,1.79769313486232e+308
26,"7/30/99",1,1330422,1.79769313486232e+308,1.79769313486232e+308,1.79769313486232e+308,1.79769313486232e+308,1.79769313486232e+308
40,"7/30/99",1,1330441,3,6,10,34,3
51,"7/30/99",1,1330459,1.79769313486232e+308,1.79769313486232e+308,1.79769313486232e+308,1.79769313486232e+308,1.79769313486232e+308
41,"7/30/99",1,1330541,4,1,5,12,3
42,"7/30/99",1,1330541,4,1,8,11,3
44,"7/30/99",1,1330541,4,1,2,9,3
45,"7/30/99",1,1330541,4,1,5,7,3
43,"7/30/99",1,1330541,4,1,11,11,3
46,"7/30/99",1,1330541,5,1,5,7,3
28,"7/30/99",1,1330621,5,1,8,8,3
27,"7/30/99",1,1330621,5,1,6,10,3
29,"7/30/99",1,1330621,5,1,10,12,3
30,"7/30/99",1,1330621,5,1,1,8,3
31,"7/30/99",1,1330621,5,1,3,14,3
32,"7/30/99",1,1330622,1.79769313486232e+308,1.79769313486232e+308,1.79769313486232e+308,1.79769313486232e+308,1.79769313486232e+308
33,"7/30/99",1,1330721,1.79769313486232e+308,1.79769313486232e+308,1.79769313486232e+308,1.79769313486232e+308,1.79769313486232e+308
34,"7/30/99",1,1330921,4,1,6,26,4
35,"7/30/99",1,1331021,1.79769313486232e+308,1.79769313486232e+308,1.79769313486232e+308,1.79769313486232e+308,1.79769313486232e+308
36,"7/30/99",1,1331121,1.79769313486232e+308,1.79769313486232e+308,1.79769313486232e+308,1.79769313486232e+308,1.79769313486232e+308
37,"7/30/99",1,1331221,1.79769313486232e+308,1.79769313486232e+308,1.79769313486232e+308,1.79769313486232e+308,1.79769313486232e+308
272,"6/24/99",1,1410121,1.79769313486232e+308,1.79769313486232e+308,1.79769313486232e+308,1.79769313486232e+308,1.79769313486232e+308
273,"6/24/99",1,1410122,1.79769313486232e+308,1.79769313486232e+308,1.79769313486232e+308,1.79769313486232e+308,1.79769313486232e+308
295,"6/24/99",1,1410141,1.79769313486232e+308,1.79769313486232e+308,1.79769313486232e+308,1.79769313486232e+308,1.79769313486232e+308
302,"6/24/99",1,1410151,4,1,1.79769313486232e+308,52,5
300,"6/24/99",1,1410151,5,1,6,20,3
301,"6/24/99",1,1410151,5,1,1,13,3
303,"6/24/99",1,1410152,1.79769313486232e+308,1.79769313486232e+308,1.79769313486232e+308,1.79769313486232e+308,1.79769313486232e+308
304,"6/24/99",1,1410251,1.79769313486232e+308,1.79769313486232e+308,1.79769313486232e+308,1.79769313486232e+308,1.79769313486232e+308
274,"6/24/99",1,1410321,1.79769313486232e+308,1.79769313486232e+308,1.79769313486232e+308,1.79769313486232e+308,1.79769313486232e+308
296,"6/24/99",1,1410341,1.79769313486232e+308,1.79769313486232e+308,1.79769313486232e+308,1.79769313486232e+308,1.79769313486232e+308
305,"6/24/99",1,1410351,1.79769313486232e+308,1.79769313486232e+308,1.79769313486232e+308,1.79769313486232e+308,1.79769313486232e+308
275,"6/24/99",1,1410421,1.79769313486232e+308,1.79769313486232e+308,1.79769313486232e+308,1.79769313486232e+308,1.79769313486232e+308
297,"6/24/99",1,1410441,1.79769313486232e+308,1.79769313486232e+308,1.79769313486232e+308,1.79769313486232e+308,1.79769313486232e+308
307,"6/24/99",1,1410459,3,1,1.79769313486232e+308,52,5
306,"6/24/99",1,1410459,5,6,4,30,3
298,"6/24/99",1,1410541,1.79769313486232e+308,1.79769313486232e+308,1.79769313486232e+308,1.79769313486232e+308,1.79769313486232e+308
276,"6/24/99",1,1410721,1,6,4,26,3
299,"6/24/99",1,1410741,1.79769313486232e+308,1.79769313486232e+308,1.79769313486232e+308,1.79769313486232e+308,1.79769313486232e+308
277,"6/24/99",1,1410821,5,4,2,9,1
278,"6/24/99",1,1410921,1.79769313486232e+308,1.79769313486232e+308,1.79769313486232e+308,1.79769313486232e+308,1.79769313486232e+308
279,"6/24/99",1,1411021,1.79769313486232e+308,1.79769313486232e+308,1.79769313486232e+308,1.79769313486232e+308,1.79769313486232e+308
280,"6/24/99",1,1411221,1.79769313486232e+308,1.79769313486232e+308,1.79769313486232e+308,1.79769313486232e+308,1.79769313486232e+308
282,"6/24/99",1,1411421,1,1,4,13,4
283,"6/24/99",1,1411421,1,1,7,9,4
286,"6/24/99",1,1411421,1,1,4,2,4
284,"6/24/99",1,1411421,1,1,9,14,4
285,"6/24/99",1,1411421,1,1,1,13,4
287,"6/24/99",1,1411421,3,1,1.79769313486232e+308,52,5
281,"6/24/99",1,1411421,5,2,6,5,3
288,"6/24/99",1,1411621,1.79769313486232e+308,1.79769313486232e+308,1.79769313486232e+308,1.79769313486232e+308,1.79769313486232e+308
291,"6/24/99",1,1411721,1,1,1,11,4
290,"6/24/99",1,1411721,1,1,9,18,4
289,"6/24/99",1,1411721,1,1,4,20,4
292,"6/24/99",1,1411721,3,1,4,36,4
293,"6/24/99",1,1411721,3,1,1,12,4
294,"6/24/99",1,1411821,1.79769313486232e+308,1.79769313486232e+308,1.79769313486232e+308,1.79769313486232e+308,1.79769313486232e+308
1,"7/14/99",1,1420121,1.79769313486232e+308,1.79769313486232e+308,1.79769313486232e+308,1.79769313486232e+308,1.79769313486232e+308
23,"7/14/99",1,1420151,1.79769313486232e+308,1.79769313486232e+308,1.79769313486232e+308,1.79769313486232e+308,1.79769313486232e+308
2,"7/14/99",1,1420221,5,2,5,52,4
24,"7/14/99",1,1420251,4,1,1.79769313486232e+308,52,5
17,"7/14/99",1,1420341,1.79769313486232e+308,1.79769313486232e+308,1.79769313486232e+308,1.79769313486232e+308,1.79769313486232e+308
25,"7/14/99",1,1420351,1.79769313486232e+308,1.79769313486232e+308,1.79769313486232e+308,1.79769313486232e+308,1.79769313486232e+308
26,"7/14/99",1,1420352,1.79769313486232e+308,1.79769313486232e+308,1.79769313486232e+308,1.79769313486232e+308,1.79769313486232e+308
18,"7/14/99",1,1420441,1,1,1.79769313486232e+308,52,5
27,"7/14/99",1,1420459,1.79769313486232e+308,1.79769313486232e+308,1.79769313486232e+308,1.79769313486232e+308,1.79769313486232e+308
3,"7/14/99",1,1420521,1.79769313486232e+308,1.79769313486232e+308,1.79769313486232e+308,1.79769313486232e+308,1.79769313486232e+308
19,"7/14/99",1,1420541,1.79769313486232e+308,1.79769313486232e+308,1.79769313486232e+308,1.79769313486232e+308,1.79769313486232e+308
20,"7/14/99",1,1420542,1.79769313486232e+308,1.79769313486232e+308,1.79769313486232e+308,1.79769313486232e+308,1.79769313486232e+308
4,"7/14/99",1,1420621,1.79769313486232e+308,1.79769313486232e+308,1.79769313486232e+308,1.79769313486232e+308,1.79769313486232e+308
21,"7/14/99",1,1420641,4,1,7,37,4
5,"7/14/99",1,1420721,1.79769313486232e+308,1.79769313486232e+308,1.79769313486232e+308,1.79769313486232e+308,1.79769313486232e+308
22,"7/14/99",1,1420741,1.79769313486232e+308,1.79769313486232e+308,1.79769313486232e+308,1.79769313486232e+308,1.79769313486232e+308
6,"7/14/99",1,1420821,1.79769313486232e+308,1.79769313486232e+308,1.79769313486232e+308,1.79769313486232e+308,1.79769313486232e+308
7,"7/14/99",1,1421021,1.79769313486232e+308,1.79769313486232e+308,1.79769313486232e+308,1.79769313486232e+308,1.79769313486232e+308
8,"7/14/99",1,1421121,1.79769313486232e+308,1.79769313486232e+308,1.79769313486232e+308,1.79769313486232e+308,1.79769313486232e+308
9,"7/14/99",1,1421221,1.79769313486232e+308,1.79769313486232e+308,1.79769313486232e+308,1.79769313486232e+308,1.79769313486232e+308
10,"7/14/99",1,1421321,1.79769313486232e+308,1.79769313486232e+308,1.79769313486232e+308,1.79769313486232e+308,1.79769313486232e+308
11,"7/14/99",1,1421322,1.79769313486232e+308,1.79769313486232e+308,1.79769313486232e+308,1.79769313486232e+308,1.79769313486232e+308
12,"7/14/99",1,1421421,1.79769313486232e+308,1.79769313486232e+308,1.79769313486232e+308,1.79769313486232e+308,1.79769313486232e+308
13,"7/14/99",1,1421521,1.79769313486232e+308,1.79769313486232e+308,1.79769313486232e+308,1.79769313486232e+308,1.79769313486232e+308
14,"7/14/99",1,1421621,1.79769313486232e+308,1.79769313486232e+308,1.79769313486232e+308,1.79769313486232e+308,1.79769313486232e+308
15,"7/14/99",1,1421721,1.79769313486232e+308,1.79769313486232e+308,1.79769313486232e+308,1.79769313486232e+308,1.79769313486232e+308
16,"7/14/99",1,1421821,1.79769313486232e+308,1.79769313486232e+308,1.79769313486232e+308,1.79769313486232e+308,1.79769313486232e+308
298,"6/25/99",1,1430121,1.79769313486232e+308,1.79769313486232e+308,1.79769313486232e+308,1.79769313486232e+308,1.79769313486232e+308
318,"6/25/99",1,1430141,1.79769313486232e+308,1.79769313486232e+308,1.79769313486232e+308,1.79769313486232e+308,1.79769313486232e+308
325,"6/25/99",1,1430151,1.79769313486232e+308,1.79769313486232e+308,1.79769313486232e+308,1.79769313486232e+308,1.79769313486232e+308
299,"6/25/99",1,1430221,1.79769313486232e+308,1.79769313486232e+308,1.79769313486232e+308,1.79769313486232e+308,1.79769313486232e+308
319,"6/25/99",1,1430241,1.79769313486232e+308,1.79769313486232e+308,1.79769313486232e+308,1.79769313486232e+308,1.79769313486232e+308
326,"6/25/99",1,1430251,1.79769313486232e+308,1.79769313486232e+308,1.79769313486232e+308,1.79769313486232e+308,1.79769313486232e+308
300,"6/25/99",1,1430321,5,6,7,23,3
301,"6/25/99",1,1430321,5,6,1,6,3
320,"6/25/99",1,1430341,1.79769313486232e+308,1.79769313486232e+308,1.79769313486232e+308,1.79769313486232e+308,1.79769313486232e+308
327,"6/25/99",1,1430351,1.79769313486232e+308,1.79769313486232e+308,1.79769313486232e+308,1.79769313486232e+308,1.79769313486232e+308
328,"6/25/99",1,1430459,1.79769313486232e+308,1.79769313486232e+308,1.79769313486232e+308,1.79769313486232e+308,1.79769313486232e+308
302,"6/25/99",1,1430521,1.79769313486232e+308,1.79769313486232e+308,1.79769313486232e+308,1.79769313486232e+308,1.79769313486232e+308
321,"6/25/99",1,1430541,1.79769313486232e+308,1.79769313486232e+308,1.79769313486232e+308,1.79769313486232e+308,1.79769313486232e+308
303,"6/25/99",1,1430621,1.79769313486232e+308,1.79769313486232e+308,1.79769313486232e+308,1.79769313486232e+308,1.79769313486232e+308
324,"6/25/99",1,1430641,3,6,1,12,1
323,"6/25/99",1,1430641,3,6,8,22,1
322,"6/25/99",1,1430641,3,6,3,18,1
304,"6/25/99",1,1430731,1.79769313486232e+308,1.79769313486232e+308,1.79769313486232e+308,1.79769313486232e+308,1.79769313486232e+308
305,"6/25/99",1,1430821,1.79769313486232e+308,1.79769313486232e+308,1.79769313486232e+308,1.79769313486232e+308,1.79769313486232e+308
306,"6/25/99",1,1430921,1.79769313486232e+308,1.79769313486232e+308,1.79769313486232e+308,1.79769313486232e+308,1.79769313486232e+308
307,"6/25/99",1,1431031,1.79769313486232e+308,1.79769313486232e+308,1.79769313486232e+308,1.79769313486232e+308,1.79769313486232e+308
308,"6/25/99",1,1431121,3,1,5,40,4
309,"6/25/99",1,1431121,3,1,1,8,4
311,"6/25/99",1,1431121,5,1,12,10,4
310,"6/25/99",1,1431121,5,1,6,24,4
312,"6/25/99",1,1431331,1.79769313486232e+308,1.79769313486232e+308,1.79769313486232e+308,1.79769313486232e+308,1.79769313486232e+308
313,"6/25/99",1,1431421,1.79769313486232e+308,1.79769313486232e+308,1.79769313486232e+308,1.79769313486232e+308,1.79769313486232e+308
314,"6/25/99",1,1431521,1.79769313486232e+308,1.79769313486232e+308,1.79769313486232e+308,1.79769313486232e+308,1.79769313486232e+308
315,"6/25/99",1,1431522,1.79769313486232e+308,1.79769313486232e+308,1.79769313486232e+308,1.79769313486232e+308,1.79769313486232e+308
316,"6/25/99",1,1431621,1.79769313486232e+308,1.79769313486232e+308,1.79769313486232e+308,1.79769313486232e+308,1.79769313486232e+308
317,"6/25/99",1,1431721,1.79769313486232e+308,1.79769313486232e+308,1.79769313486232e+308,1.79769313486232e+308,1.79769313486232e+308
26,"5/31/99",1,1510121,1.79769313486232e+308,1.79769313486232e+308,1.79769313486232e+308,1.79769313486232e+308,1.79769313486232e+308
40,"5/31/99",1,1510141,1.79769313486232e+308,1.79769313486232e+308,1.79769313486232e+308,1.79769313486232e+308,1.79769313486232e+308
45,"5/31/99",1,1510151,1.79769313486232e+308,1.79769313486232e+308,1.79769313486232e+308,1.79769313486232e+308,1.79769313486232e+308
27,"5/31/99",1,1510221,1.79769313486232e+308,1.79769313486232e+308,1.79769313486232e+308,1.79769313486232e+308,1.79769313486232e+308
41,"5/31/99",1,1510241,1.79769313486232e+308,1.79769313486232e+308,1.79769313486232e+308,1.79769313486232e+308,1.79769313486232e+308
46,"5/31/99",1,1510251,1.79769313486232e+308,1.79769313486232e+308,1.79769313486232e+308,1.79769313486232e+308,1.79769313486232e+308
47,"5/31/99",1,1510252,1.79769313486232e+308,1.79769313486232e+308,1.79769313486232e+308,1.79769313486232e+308,1.79769313486232e+308
28,"5/31/99",1,1510321,1.79769313486232e+308,1.79769313486232e+308,1.79769313486232e+308,1.79769313486232e+308,1.79769313486232e+308
42,"5/31/99",1,1510341,1.79769313486232e+308,1.79769313486232e+308,1.79769313486232e+308,1.79769313486232e+308,1.79769313486232e+308
48,"5/31/99",1,1510351,1.79769313486232e+308,1.79769313486232e+308,1.79769313486232e+308,1.79769313486232e+308,1.79769313486232e+308
65,"9/10/99",1,1510421,1.79769313486232e+308,1.79769313486232e+308,1.79769313486232e+308,1.79769313486232e+308,1.79769313486232e+308
43,"5/31/99",1,1510441,1.79769313486232e+308,1.79769313486232e+308,1.79769313486232e+308,1.79769313486232e+308,1.79769313486232e+308
49,"5/31/99",1,1510459,12,6,5,43,2
29,"5/31/99",1,1510521,1.79769313486232e+308,1.79769313486232e+308,1.79769313486232e+308,1.79769313486232e+308,1.79769313486232e+308
44,"5/31/99",1,1510541,1.79769313486232e+308,1.79769313486232e+308,1.79769313486232e+308,1.79769313486232e+308,1.79769313486232e+308
30,"5/31/99",1,1510621,1.79769313486232e+308,1.79769313486232e+308,1.79769313486232e+308,1.79769313486232e+308,1.79769313486232e+308
31,"5/31/99",1,1510721,1.79769313486232e+308,1.79769313486232e+308,1.79769313486232e+308,1.79769313486232e+308,1.79769313486232e+308
32,"5/31/99",1,1510722,1.79769313486232e+308,1.79769313486232e+308,1.79769313486232e+308,1.79769313486232e+308,1.79769313486232e+308
33,"5/31/99",1,1510821,1.79769313486232e+308,1.79769313486232e+308,1.79769313486232e+308,1.79769313486232e+308,1.79769313486232e+308
34,"5/31/99",1,1510921,1.79769313486232e+308,1.79769313486232e+308,1.79769313486232e+308,1.79769313486232e+308,1.79769313486232e+308
35,"5/31/99",1,1511021,1.79769313486232e+308,1.79769313486232e+308,1.79769313486232e+308,1.79769313486232e+308,1.79769313486232e+308
36,"5/31/99",1,1511022,1.79769313486232e+308,1.79769313486232e+308,1.79769313486232e+308,1.79769313486232e+308,1.79769313486232e+308
37,"5/31/99",1,1511121,1.79769313486232e+308,1.79769313486232e+308,1.79769313486232e+308,1.79769313486232e+308,1.79769313486232e+308
38,"5/31/99",1,1511221,5,1,3,47,3
28,"5/11/99",1,1520121,1.79769313486232e+308,1.79769313486232e+308,1.79769313486232e+308,1.79769313486232e+308,1.79769313486232e+308
29,"5/11/99",1,1520122,1.79769313486232e+308,1.79769313486232e+308,1.79769313486232e+308,1.79769313486232e+308,1.79769313486232e+308
41,"5/11/99",1,1520141,1.79769313486232e+308,1.79769313486232e+308,1.79769313486232e+308,1.79769313486232e+308,1.79769313486232e+308
47,"5/11/99",1,1520151,2,1,1.79769313486232e+308,17,5
30,"5/11/99",1,1520221,1.79769313486232e+308,1.79769313486232e+308,1.79769313486232e+308,1.79769313486232e+308,1.79769313486232e+308
42,"5/11/99",1,1520241,1.79769313486232e+308,1.79769313486232e+308,1.79769313486232e+308,1.79769313486232e+308,1.79769313486232e+308
48,"5/11/99",1,1520251,4,6,5,39,3
49,"5/11/99",1,1520252,1.79769313486232e+308,1.79769313486232e+308,1.79769313486232e+308,1.79769313486232e+308,1.79769313486232e+308
31,"5/11/99",1,1520321,1.79769313486232e+308,1.79769313486232e+308,1.79769313486232e+308,1.79769313486232e+308,1.79769313486232e+308
43,"5/11/99",1,1520341,1.79769313486232e+308,1.79769313486232e+308,1.79769313486232e+308,1.79769313486232e+308,1.79769313486232e+308
44,"5/11/99",1,1520342,1.79769313486232e+308,1.79769313486232e+308,1.79769313486232e+308,1.79769313486232e+308,1.79769313486232e+308
50,"5/11/99",1,1520351,1.79769313486232e+308,1.79769313486232e+308,1.79769313486232e+308,1.79769313486232e+308,1.79769313486232e+308
51,"5/11/99",1,1520352,1.79769313486232e+308,1.79769313486232e+308,1.79769313486232e+308,1.79769313486232e+308,1.79769313486232e+308
52,"5/11/99",1,1520353,1.79769313486232e+308,1.79769313486232e+308,1.79769313486232e+308,1.79769313486232e+308,1.79769313486232e+308
32,"5/11/99",1,1520421,1.79769313486232e+308,1.79769313486232e+308,1.79769313486232e+308,1.79769313486232e+308,1.79769313486232e+308
45,"5/11/99",1,1520441,1.79769313486232e+308,1.79769313486232e+308,1.79769313486232e+308,1.79769313486232e+308,1.79769313486232e+308
53,"5/11/99",1,1520459,1.79769313486232e+308,1.79769313486232e+308,1.79769313486232e+308,1.79769313486232e+308,1.79769313486232e+308
33,"5/11/99",1,1520521,1.79769313486232e+308,1.79769313486232e+308,1.79769313486232e+308,1.79769313486232e+308,1.79769313486232e+308
46,"5/11/99",1,1520541,1.79769313486232e+308,1.79769313486232e+308,1.79769313486232e+308,1.79769313486232e+308,1.79769313486232e+308
66,"9/10/99",1,1520621,1.79769313486232e+308,1.79769313486232e+308,1.79769313486232e+308,1.79769313486232e+308,1.79769313486232e+308
34,"5/11/99",1,1520622,1.79769313486232e+308,1.79769313486232e+308,1.79769313486232e+308,1.79769313486232e+308,1.79769313486232e+308
35,"5/11/99",1,1520721,3,4,11,4,5
36,"5/11/99",1,1520821,1.79769313486232e+308,1.79769313486232e+308,1.79769313486232e+308,1.79769313486232e+308,1.79769313486232e+308
37,"5/11/99",1,1520921,3,1,12,4,3
38,"5/11/99",1,1521021,1.79769313486232e+308,1.79769313486232e+308,1.79769313486232e+308,1.79769313486232e+308,1.79769313486232e+308
71,"9/10/99",1,1521121,5,1,8,9,3
39,"5/11/99",1,1521122,1.79769313486232e+308,1.79769313486232e+308,1.79769313486232e+308,1.79769313486232e+308,1.79769313486232e+308
40,"5/11/99",1,1521221,1,6,6,30,1
75,"8/08/99",1,1530121,2,4,2,5,3
76,"8/08/99",1,1530121,5,4,2,5,3
77,"8/08/99",1,1530121,6,4,1,10,3
1.79769313486232e+308,".",1.79769313486232e+308,1530121,7,4,1,4,3
89,"8/08/99",1,1530141,1.79769313486232e+308,1.79769313486232e+308,1.79769313486232e+308,1.79769313486232e+308,1.79769313486232e+308
94,"8/08/99",1,1530151,1.79769313486232e+308,1.79769313486232e+308,1.79769313486232e+308,1.79769313486232e+308,1.79769313486232e+308
78,"8/08/99",1,1530221,1.79769313486232e+308,1.79769313486232e+308,1.79769313486232e+308,1.79769313486232e+308,1.79769313486232e+308
79,"8/08/99",1,1530222,1.79769313486232e+308,1.79769313486232e+308,1.79769313486232e+308,1.79769313486232e+308,1.79769313486232e+308
90,"8/08/99",1,1530241,1.79769313486232e+308,1.79769313486232e+308,1.79769313486232e+308,1.79769313486232e+308,1.79769313486232e+308
95,"8/08/99",1,1530251,1.79769313486232e+308,1.79769313486232e+308,1.79769313486232e+308,1.79769313486232e+308,1.79769313486232e+308
80,"8/08/99",1,1530321,1.79769313486232e+308,1.79769313486232e+308,1.79769313486232e+308,1.79769313486232e+308,1.79769313486232e+308
91,"8/08/99",1,1530341,5,2,1,12,2
96,"8/08/99",1,1530351,4,2,12,25,2
92,"8/08/99",1,1530441,1.79769313486232e+308,1.79769313486232e+308,1.79769313486232e+308,1.79769313486232e+308,1.79769313486232e+308
97,"8/08/99",1,1530459,1.79769313486232e+308,1.79769313486232e+308,1.79769313486232e+308,1.79769313486232e+308,1.79769313486232e+308
81,"8/08/99",1,1530521,5,1,10,25,2
93,"8/08/99",1,1530541,1.79769313486232e+308,1.79769313486232e+308,1.79769313486232e+308,1.79769313486232e+308,1.79769313486232e+308
82,"8/08/99",1,1530621,1.79769313486232e+308,1.79769313486232e+308,1.79769313486232e+308,1.79769313486232e+308,1.79769313486232e+308
83,"8/08/99",1,1530821,1.79769313486232e+308,1.79769313486232e+308,1.79769313486232e+308,1.79769313486232e+308,1.79769313486232e+308
84,"8/08/99",1,1530921,1,1,3,4,4
85,"8/08/99",1,1531021,1.79769313486232e+308,1.79769313486232e+308,1.79769313486232e+308,1.79769313486232e+308,1.79769313486232e+308
86,"8/08/99",1,1531121,1.79769313486232e+308,1.79769313486232e+308,1.79769313486232e+308,1.79769313486232e+308,1.79769313486232e+308
87,"8/08/99",1,1531122,1.79769313486232e+308,1.79769313486232e+308,1.79769313486232e+308,1.79769313486232e+308,1.79769313486232e+308
88,"8/08/99",1,1531221,1.79769313486232e+308,1.79769313486232e+308,1.79769313486232e+308,1.79769313486232e+308,1.79769313486232e+308
127,"6/10/99",1,1610121,1.79769313486232e+308,1.79769313486232e+308,1.79769313486232e+308,1.79769313486232e+308,1.79769313486232e+308
145,"6/14/99",1,1610141,1.79769313486232e+308,1.79769313486232e+308,1.79769313486232e+308,1.79769313486232e+308,1.79769313486232e+308
153,"6/14/99",1,1610151,1.79769313486232e+308,1.79769313486232e+308,1.79769313486232e+308,1.79769313486232e+308,1.79769313486232e+308
128,"6/14/99",1,1610221,1.79769313486232e+308,1.79769313486232e+308,1.79769313486232e+308,1.79769313486232e+308,1.79769313486232e+308
146,"6/14/99",1,1610241,1.79769313486232e+308,1.79769313486232e+308,1.79769313486232e+308,1.79769313486232e+308,1.79769313486232e+308
154,"6/14/99",1,1610251,1.79769313486232e+308,1.79769313486232e+308,1.79769313486232e+308,1.79769313486232e+308,1.79769313486232e+308
155,"6/14/99",1,1610252,1,6,1,12,4
156,"6/14/99",1,1610252,2,6,1,12,4
157,"6/14/99",1,1610252,3,6,1,12,4
147,"6/14/99",1,1610341,1.79769313486232e+308,1.79769313486232e+308,1.79769313486232e+308,1.79769313486232e+308,1.79769313486232e+308
148,"6/14/99",1,1610342,1,6,12,4,4
158,"6/14/99",1,1610351,1.79769313486232e+308,1.79769313486232e+308,1.79769313486232e+308,1.79769313486232e+308,1.79769313486232e+308
129,"6/14/99",1,1610421,1.79769313486232e+308,1.79769313486232e+308,1.79769313486232e+308,1.79769313486232e+308,1.79769313486232e+308
149,"6/14/99",1,1610441,1,1,2,8,5
159,"6/14/99",1,1610459,1.79769313486232e+308,1.79769313486232e+308,1.79769313486232e+308,1.79769313486232e+308,1.79769313486232e+308
130,"6/14/99",1,1610521,1.79769313486232e+308,1.79769313486232e+308,1.79769313486232e+308,1.79769313486232e+308,1.79769313486232e+308
150,"6/14/99",1,1610541,1.79769313486232e+308,1.79769313486232e+308,1.79769313486232e+308,1.79769313486232e+308,1.79769313486232e+308
151,"6/14/99",1,1610542,2,6,9,12,1
152,"6/14/99",1,1610542,3,6,1.79769313486232e+308,3,1
131,"6/14/99",1,1610621,1.79769313486232e+308,1.79769313486232e+308,1.79769313486232e+308,1.79769313486232e+308,1.79769313486232e+308
132,"6/14/99",1,1610721,1.79769313486232e+308,1.79769313486232e+308,1.79769313486232e+308,1.79769313486232e+308,1.79769313486232e+308
133,"6/14/99",1,1610722,1.79769313486232e+308,1.79769313486232e+308,1.79769313486232e+308,1.79769313486232e+308,1.79769313486232e+308
134,"6/14/99",1,1610821,1.79769313486232e+308,1.79769313486232e+308,1.79769313486232e+308,1.79769313486232e+308,1.79769313486232e+308
135,"6/14/99",1,1610822,1.79769313486232e+308,1.79769313486232e+308,1.79769313486232e+308,1.79769313486232e+308,1.79769313486232e+308
136,"6/14/99",1,1610921,1.79769313486232e+308,1.79769313486232e+308,1.79769313486232e+308,1.79769313486232e+308,1.79769313486232e+308
137,"6/14/99",1,1610922,1.79769313486232e+308,1.79769313486232e+308,1.79769313486232e+308,1.79769313486232e+308,1.79769313486232e+308
138,"6/14/99",1,1610923,1.79769313486232e+308,1.79769313486232e+308,1.79769313486232e+308,1.79769313486232e+308,1.79769313486232e+308
139,"6/14/99",1,1610924,1.79769313486232e+308,1.79769313486232e+308,1.79769313486232e+308,1.79769313486232e+308,1.79769313486232e+308
140,"6/14/99",1,1611021,5,1,2,52,1
141,"6/14/99",1,1611022,1.79769313486232e+308,1.79769313486232e+308,1.79769313486232e+308,1.79769313486232e+308,1.79769313486232e+308
142,"6/14/99",1,1611121,1.79769313486232e+308,1.79769313486232e+308,1.79769313486232e+308,1.79769313486232e+308,1.79769313486232e+308
143,"6/14/99",1,1611221,1.79769313486232e+308,1.79769313486232e+308,1.79769313486232e+308,1.79769313486232e+308,1.79769313486232e+308
144,"6/14/99",1,1611222,1.79769313486232e+308,1.79769313486232e+308,1.79769313486232e+308,1.79769313486232e+308,1.79769313486232e+308
35,"8/01/99",1,1620121,4,2,1,16,5
50,"8/01/99",1,1620141,1.79769313486232e+308,1.79769313486232e+308,1.79769313486232e+308,1.79769313486232e+308,1.79769313486232e+308
56,"8/01/99",1,1620151,1.79769313486232e+308,1.79769313486232e+308,1.79769313486232e+308,1.79769313486232e+308,1.79769313486232e+308
36,"8/01/99",1,1620221,1.79769313486232e+308,1.79769313486232e+308,1.79769313486232e+308,1.79769313486232e+308,1.79769313486232e+308
51,"8/01/99",1,1620241,1.79769313486232e+308,1.79769313486232e+308,1.79769313486232e+308,1.79769313486232e+308,1.79769313486232e+308
57,"8/01/99",1,1620251,1.79769313486232e+308,1.79769313486232e+308,1.79769313486232e+308,1.79769313486232e+308,1.79769313486232e+308
37,"8/01/99",1,1620321,1.79769313486232e+308,1.79769313486232e+308,1.79769313486232e+308,1.79769313486232e+308,1.79769313486232e+308
52,"8/01/99",1,1620341,1.79769313486232e+308,1.79769313486232e+308,1.79769313486232e+308,1.79769313486232e+308,1.79769313486232e+308
58,"8/01/99",1,1620351,1.79769313486232e+308,1.79769313486232e+308,1.79769313486232e+308,1.79769313486232e+308,1.79769313486232e+308
54,"8/01/99",1,1620441,3,2,4,8,5
53,"8/01/99",1,1620441,3,2,1,8,5
59,"8/01/99",1,1620459,1.79769313486232e+308,1.79769313486232e+308,1.79769313486232e+308,1.79769313486232e+308,1.79769313486232e+308
38,"8/01/99",1,1620521,1.79769313486232e+308,1.79769313486232e+308,1.79769313486232e+308,1.79769313486232e+308,1.79769313486232e+308
39,"8/01/99",1,1620522,1.79769313486232e+308,1.79769313486232e+308,1.79769313486232e+308,1.79769313486232e+308,1.79769313486232e+308
55,"8/01/99",1,1620541,1.79769313486232e+308,1.79769313486232e+308,1.79769313486232e+308,1.79769313486232e+308,1.79769313486232e+308
40,"8/01/99",1,1620721,1.79769313486232e+308,1.79769313486232e+308,1.79769313486232e+308,1.79769313486232e+308,1.79769313486232e+308
41,"8/01/99",1,1620821,1.79769313486232e+308,1.79769313486232e+308,1.79769313486232e+308,1.79769313486232e+308,1.79769313486232e+308
42,"8/01/99",1,1620921,1.79769313486232e+308,1.79769313486232e+308,1.79769313486232e+308,1.79769313486232e+308,1.79769313486232e+308
43,"8/01/99",1,1620922,1.79769313486232e+308,1.79769313486232e+308,1.79769313486232e+308,1.79769313486232e+308,1.79769313486232e+308
44,"8/01/99",1,1621021,1.79769313486232e+308,1.79769313486232e+308,1.79769313486232e+308,1.79769313486232e+308,1.79769313486232e+308
45,"8/01/99",1,1621121,1.79769313486232e+308,1.79769313486232e+308,1.79769313486232e+308,1.79769313486232e+308,1.79769313486232e+308
46,"8/01/99",1,1621122,1.79769313486232e+308,1.79769313486232e+308,1.79769313486232e+308,1.79769313486232e+308,1.79769313486232e+308
47,"8/01/99",1,1621221,1.79769313486232e+308,1.79769313486232e+308,1.79769313486232e+308,1.79769313486232e+308,1.79769313486232e+308
48,"8/01/99",1,1621222,1.79769313486232e+308,1.79769313486232e+308,1.79769313486232e+308,1.79769313486232e+308,1.79769313486232e+308
49,"8/01/99",1,1621223,1.79769313486232e+308,1.79769313486232e+308,1.79769313486232e+308,1.79769313486232e+308,1.79769313486232e+308
57,"5/16/99",1,1630121,1.79769313486232e+308,1.79769313486232e+308,1.79769313486232e+308,1.79769313486232e+308,1.79769313486232e+308
71,"6/01/99",1,1630141,1.79769313486232e+308,1.79769313486232e+308,1.79769313486232e+308,1.79769313486232e+308,1.79769313486232e+308
72,"6/01/99",1,1630142,1.79769313486232e+308,1.79769313486232e+308,1.79769313486232e+308,1.79769313486232e+308,1.79769313486232e+308
77,"6/01/99",1,1630151,1.79769313486232e+308,1.79769313486232e+308,1.79769313486232e+308,1.79769313486232e+308,1.79769313486232e+308
58,"6/01/99",1,1630221,1.79769313486232e+308,1.79769313486232e+308,1.79769313486232e+308,1.79769313486232e+308,1.79769313486232e+308
73,"6/01/99",1,1630241,1.79769313486232e+308,1.79769313486232e+308,1.79769313486232e+308,1.79769313486232e+308,1.79769313486232e+308
78,"6/01/99",1,1630251,1.79769313486232e+308,1.79769313486232e+308,1.79769313486232e+308,1.79769313486232e+308,1.79769313486232e+308
59,"6/01/99",1,1630321,1.79769313486232e+308,1.79769313486232e+308,1.79769313486232e+308,1.79769313486232e+308,1.79769313486232e+308
74,"6/01/99",1,1630341,1.79769313486232e+308,1.79769313486232e+308,1.79769313486232e+308,1.79769313486232e+308,1.79769313486232e+308
79,"6/01/99",1,1630351,1.79769313486232e+308,1.79769313486232e+308,1.79769313486232e+308,1.79769313486232e+308,1.79769313486232e+308
60,"6/01/99",1,1630421,1.79769313486232e+308,1.79769313486232e+308,1.79769313486232e+308,1.79769313486232e+308,1.79769313486232e+308
75,"6/01/99",1,1630441,1.79769313486232e+308,1.79769313486232e+308,1.79769313486232e+308,1.79769313486232e+308,1.79769313486232e+308
80,"6/01/99",1,1630459,1.79769313486232e+308,1.79769313486232e+308,1.79769313486232e+308,1.79769313486232e+308,1.79769313486232e+308
61,"6/01/99",1,1630521,1.79769313486232e+308,1.79769313486232e+308,1.79769313486232e+308,1.79769313486232e+308,1.79769313486232e+308
76,"6/01/99",1,1630541,1.79769313486232e+308,1.79769313486232e+308,1.79769313486232e+308,1.79769313486232e+308,1.79769313486232e+308
62,"6/01/99",1,1630621,1.79769313486232e+308,1.79769313486232e+308,1.79769313486232e+308,1.79769313486232e+308,1.79769313486232e+308
63,"6/01/99",1,1630721,1.79769313486232e+308,1.79769313486232e+308,1.79769313486232e+308,1.79769313486232e+308,1.79769313486232e+308
64,"6/01/99",1,1630821,1.79769313486232e+308,1.79769313486232e+308,1.79769313486232e+308,1.79769313486232e+308,1.79769313486232e+308
65,"6/01/99",1,1630921,1.79769313486232e+308,1.79769313486232e+308,1.79769313486232e+308,1.79769313486232e+308,1.79769313486232e+308
66,"6/01/99",1,1630922,1.79769313486232e+308,1.79769313486232e+308,1.79769313486232e+308,1.79769313486232e+308,1.79769313486232e+308
67,"6/01/99",1,1631021,1.79769313486232e+308,1.79769313486232e+308,1.79769313486232e+308,1.79769313486232e+308,1.79769313486232e+308
68,"6/01/99",1,1631022,1.79769313486232e+308,1.79769313486232e+308,1.79769313486232e+308,1.79769313486232e+308,1.79769313486232e+308
69,"6/01/99",1,1631121,1.79769313486232e+308,1.79769313486232e+308,1.79769313486232e+308,1.79769313486232e+308,1.79769313486232e+308
70,"6/01/99",1,1631221,1.79769313486232e+308,1.79769313486232e+308,1.79769313486232e+308,1.79769313486232e+308,1.79769313486232e+308
1,"7/29/99",1,1710131,1.79769313486232e+308,1.79769313486232e+308,1.79769313486232e+308,1.79769313486232e+308,1.79769313486232e+308
2,"7/29/99",1,1710132,1.79769313486232e+308,1.79769313486232e+308,1.79769313486232e+308,1.79769313486232e+308,1.79769313486232e+308
22,"7/29/99",1,1710241,1.79769313486232e+308,1.79769313486232e+308,1.79769313486232e+308,1.79769313486232e+308,1.79769313486232e+308
32,"7/29/99",1,1710251,1.79769313486232e+308,1.79769313486232e+308,1.79769313486232e+308,1.79769313486232e+308,1.79769313486232e+308
23,"7/29/99",1,1710341,1,1,1,12,2
33,"7/29/99",1,1710351,1.79769313486232e+308,1.79769313486232e+308,1.79769313486232e+308,1.79769313486232e+308,1.79769313486232e+308
3,"7/29/99",1,1710431,1.79769313486232e+308,1.79769313486232e+308,1.79769313486232e+308,1.79769313486232e+308,1.79769313486232e+308
24,"7/29/99",1,1710441,4,1,6,52,5
26,"7/29/99",1,1710441,10,4,4,4,2
25,"7/29/99",1,1710441,10,4,12,8,2
34,"7/29/99",1,1710459,3,1,5,42,3
4,"7/29/99",1,1710531,1.79769313486232e+308,1.79769313486232e+308,1.79769313486232e+308,1.79769313486232e+308,1.79769313486232e+308
27,"7/29/99",1,1710541,1.79769313486232e+308,1.79769313486232e+308,1.79769313486232e+308,1.79769313486232e+308,1.79769313486232e+308
28,"7/29/99",1,1710542,1.79769313486232e+308,1.79769313486232e+308,1.79769313486232e+308,1.79769313486232e+308,1.79769313486232e+308
29,"7/29/99",1,1710543,2,2,5,12,2
30,"7/29/99",1,1710543,2,2,9,16,2
31,"7/29/99",1,1710543,2,2,12,4,2
5,"7/29/99",1,1710731,1.79769313486232e+308,1.79769313486232e+308,1.79769313486232e+308,1.79769313486232e+308,1.79769313486232e+308
6,"7/29/99",1,1710831,6,1,9,37,5
7,"7/29/99",1,1710931,1.79769313486232e+308,1.79769313486232e+308,1.79769313486232e+308,1.79769313486232e+308,1.79769313486232e+308
8,"7/29/99",1,1710932,1.79769313486232e+308,1.79769313486232e+308,1.79769313486232e+308,1.79769313486232e+308,1.79769313486232e+308
9,"7/29/99",1,1711031,1.79769313486232e+308,1.79769313486232e+308,1.79769313486232e+308,1.79769313486232e+308,1.79769313486232e+308
10,"7/29/99",1,1711131,1.79769313486232e+308,1.79769313486232e+308,1.79769313486232e+308,1.79769313486232e+308,1.79769313486232e+308
14,"7/29/99",1,1711231,3,2,1,20,2
13,"7/29/99",1,1711231,3,2,6,27,2
11,"7/29/99",1,1711231,4,1,6,24,2
12,"7/29/99",1,1711231,4,1,4,12,2
15,"7/29/99",1,1711339,1.79769313486232e+308,1.79769313486232e+308,1.79769313486232e+308,1.79769313486232e+308,1.79769313486232e+308
16,"7/29/99",1,1711439,3,2,7,52,1
17,"7/29/99",1,1711439,5,2,12,29,1
18,"7/29/99",1,1711539,1.79769313486232e+308,1.79769313486232e+308,1.79769313486232e+308,1.79769313486232e+308,1.79769313486232e+308
19,"7/29/99",1,1711639,1.79769313486232e+308,1.79769313486232e+308,1.79769313486232e+308,1.79769313486232e+308,1.79769313486232e+308
20,"7/29/99",1,1711739,1.79769313486232e+308,1.79769313486232e+308,1.79769313486232e+308,1.79769313486232e+308,1.79769313486232e+308
21,"7/29/99",1,1711839,1.79769313486232e+308,1.79769313486232e+308,1.79769313486232e+308,1.79769313486232e+308,1.79769313486232e+308
106,"6/12/99",1,1720131,1.79769313486232e+308,1.79769313486232e+308,1.79769313486232e+308,1.79769313486232e+308,1.79769313486232e+308
128,"6/12/99",1,1720141,1.79769313486232e+308,1.79769313486232e+308,1.79769313486232e+308,1.79769313486232e+308,1.79769313486232e+308
137,"6/12/99",1,1720151,1.79769313486232e+308,1.79769313486232e+308,1.79769313486232e+308,1.79769313486232e+308,1.79769313486232e+308
107,"6/12/99",1,1720231,7,2,3,52,4
129,"6/12/99",1,1720241,1.79769313486232e+308,1.79769313486232e+308,1.79769313486232e+308,1.79769313486232e+308,1.79769313486232e+308
138,"6/12/99",1,1720251,1.79769313486232e+308,1.79769313486232e+308,1.79769313486232e+308,1.79769313486232e+308,1.79769313486232e+308
108,"6/12/99",1,1720331,1.79769313486232e+308,1.79769313486232e+308,1.79769313486232e+308,1.79769313486232e+308,1.79769313486232e+308
130,"6/12/99",1,1720341,4,2,2,16,1
132,"6/12/99",1,1720341,4,2,12,4,1
131,"6/12/99",1,1720341,4,2,7,10,1
133,"6/12/99",1,1720341,4,2,1,9,1
139,"6/12/99",1,1720351,1.79769313486232e+308,1.79769313486232e+308,1.79769313486232e+308,1.79769313486232e+308,1.79769313486232e+308
109,"6/12/99",1,1720431,1.79769313486232e+308,1.79769313486232e+308,1.79769313486232e+308,1.79769313486232e+308,1.79769313486232e+308
1.79769313486232e+308,"12/2/99",1,1720441,1,1,3,52,5
134,"6/12/99",1,1720441,4,4,2,5,2
142,"6/12/99",1,1720459,3,2,9,6,2
141,"6/12/99",1,1720459,3,2,6,5,2
140,"6/12/99",1,1720459,3,2,1,14,2
110,"6/12/99",1,1720531,3,1,1.79769313486232e+308,52,5
1.79769313486232e+308,"11/8/99",1,1720541,3,1,2,52,2
136,"6/12/99",1,1720541,4,6,7,22,2
135,"6/12/99",1,1720541,4,6,2,18,2
111,"6/12/99",1,1720631,1.79769313486232e+308,1.79769313486232e+308,1.79769313486232e+308,1.79769313486232e+308,1.79769313486232e+308
112,"6/12/99",1,1720731,1.79769313486232e+308,1.79769313486232e+308,1.79769313486232e+308,1.79769313486232e+308,1.79769313486232e+308
113,"6/12/99",1,1720831,1.79769313486232e+308,1.79769313486232e+308,1.79769313486232e+308,1.79769313486232e+308,1.79769313486232e+308
114,"6/12/99",1,1720931,1.79769313486232e+308,1.79769313486232e+308,1.79769313486232e+308,1.79769313486232e+308,1.79769313486232e+308
115,"6/12/99",1,1721031,1.79769313486232e+308,1.79769313486232e+308,1.79769313486232e+308,1.79769313486232e+308,1.79769313486232e+308
116,"6/12/99",1,1721131,3,1,2,52,5
117,"6/12/99",1,1721339,1.79769313486232e+308,1.79769313486232e+308,1.79769313486232e+308,1.79769313486232e+308,1.79769313486232e+308
120,"6/12/99",1,1721439,3,1,9,26,2
118,"6/12/99",1,1721439,3,1,4,12,2
119,"6/12/99",1,1721439,3,1,7,9,2
123,"6/12/99",1,1721539,1.79769313486232e+308,1.79769313486232e+308,1.79769313486232e+308,1.79769313486232e+308,1.79769313486232e+308
124,"6/12/99",1,1721639,1.79769313486232e+308,1.79769313486232e+308,1.79769313486232e+308,1.79769313486232e+308,1.79769313486232e+308
125,"6/12/99",1,1721739,4,4,3,16,3
126,"6/12/99",1,1721839,1.79769313486232e+308,1.79769313486232e+308,1.79769313486232e+308,1.79769313486232e+308,1.79769313486232e+308
127,"6/12/99",1,1721939,11,1,4,52,5
232,"6/21/99",1,1730131,1.79769313486232e+308,1.79769313486232e+308,1.79769313486232e+308,1.79769313486232e+308,1.79769313486232e+308
250,"6/28/99",1,1730141,1.79769313486232e+308,1.79769313486232e+308,1.79769313486232e+308,1.79769313486232e+308,1.79769313486232e+308
257,"6/28/99",1,1730151,4,1,1.79769313486232e+308,52,4
233,"6/28/99",1,1730231,1.79769313486232e+308,1.79769313486232e+308,1.79769313486232e+308,1.79769313486232e+308,1.79769313486232e+308
234,"6/28/99",1,1730232,1.79769313486232e+308,1.79769313486232e+308,1.79769313486232e+308,1.79769313486232e+308,1.79769313486232e+308
235,"6/28/99",1,1730233,1.79769313486232e+308,1.79769313486232e+308,1.79769313486232e+308,1.79769313486232e+308,1.79769313486232e+308
251,"6/28/99",1,1730241,1.79769313486232e+308,1.79769313486232e+308,1.79769313486232e+308,1.79769313486232e+308,1.79769313486232e+308
236,"6/28/99",1,1730331,1.79769313486232e+308,1.79769313486232e+308,1.79769313486232e+308,1.79769313486232e+308,1.79769313486232e+308
252,"6/28/99",1,1730341,1.79769313486232e+308,1.79769313486232e+308,1.79769313486232e+308,1.79769313486232e+308,1.79769313486232e+308
237,"6/28/99",1,1730431,2,4,11,12,2
258,"6/28/99",1,1730459,1.79769313486232e+308,1.79769313486232e+308,1.79769313486232e+308,1.79769313486232e+308,1.79769313486232e+308
238,"6/28/99",1,1730531,2,4,9,21,5
253,"6/28/99",1,1730541,1.79769313486232e+308,1.79769313486232e+308,1.79769313486232e+308,1.79769313486232e+308,1.79769313486232e+308
254,"6/28/99",1,1730542,1,1,1.79769313486232e+308,52,5
1.79769313486232e+308,"8/10/99",1,1730542,2,6,1.79769313486232e+308,52,1
255,"6/28/99",1,1730543,1,1,9,37,5
256,"6/28/99",1,1730544,1.79769313486232e+308,1.79769313486232e+308,1.79769313486232e+308,1.79769313486232e+308,1.79769313486232e+308
239,"6/28/99",1,1730631,1.79769313486232e+308,1.79769313486232e+308,1.79769313486232e+308,1.79769313486232e+308,1.79769313486232e+308
240,"6/28/99",1,1730731,4,4,4,26,5
241,"6/28/99",1,1730931,1.79769313486232e+308,1.79769313486232e+308,1.79769313486232e+308,1.79769313486232e+308,1.79769313486232e+308
242,"6/28/99",1,1731031,3,1,5,52,2
243,"6/28/99",1,1731131,1.79769313486232e+308,1.79769313486232e+308,1.79769313486232e+308,1.79769313486232e+308,1.79769313486232e+308
244,"6/28/99",1,1731231,3,1,1.79769313486232e+308,52,4
245,"6/28/99",1,1731339,1.79769313486232e+308,1.79769313486232e+308,1.79769313486232e+308,1.79769313486232e+308,1.79769313486232e+308
246,"6/28/99",1,1731439,1,6,6,4,4
247,"6/28/99",1,1731539,1.79769313486232e+308,1.79769313486232e+308,1.79769313486232e+308,1.79769313486232e+308,1.79769313486232e+308
248,"6/28/99",1,1731639,1.79769313486232e+308,1.79769313486232e+308,1.79769313486232e+308,1.79769313486232e+308,1.79769313486232e+308
249,"6/28/99",1,1731739,1.79769313486232e+308,1.79769313486232e+308,1.79769313486232e+308,1.79769313486232e+308,1.79769313486232e+308
78,"9/22/95",1,1740139,1.79769313486232e+308,1.79769313486232e+308,1.79769313486232e+308,1.79769313486232e+308,1.79769313486232e+308
100,"9/22/95",1,1740149,1,1,3,20,1
105,"9/22/95",1,1740159,2,1,10,42,2
79,"9/22/95",1,1740239,1.79769313486232e+308,1.79769313486232e+308,1.79769313486232e+308,1.79769313486232e+308,1.79769313486232e+308
101,"9/22/95",1,1740249,1.79769313486232e+308,1.79769313486232e+308,1.79769313486232e+308,1.79769313486232e+308,1.79769313486232e+308
106,"9/22/95",1,1740259,3,2,8,17,2
107,"9/22/95",1,1740259,3,2,2,20,2
80,"9/22/95",1,1740339,1.79769313486232e+308,1.79769313486232e+308,1.79769313486232e+308,1.79769313486232e+308,1.79769313486232e+308
102,"9/22/95",1,1740349,1.79769313486232e+308,1.79769313486232e+308,1.79769313486232e+308,1.79769313486232e+308,1.79769313486232e+308
108,"9/22/95",1,1740359,1.79769313486232e+308,1.79769313486232e+308,1.79769313486232e+308,1.79769313486232e+308,1.79769313486232e+308
81,"9/22/95",1,1740439,1.79769313486232e+308,1.79769313486232e+308,1.79769313486232e+308,1.79769313486232e+308,1.79769313486232e+308
103,"9/22/95",1,1740449,1.79769313486232e+308,1.79769313486232e+308,1.79769313486232e+308,1.79769313486232e+308,1.79769313486232e+308
111,"9/22/95",1,1740459,3,2,2,24,2
109,"9/22/95",1,1740459,3,2,7,24,2
110,"9/22/95",1,1740459,4,2,7,24,2
112,"9/22/95",1,1740459,4,2,2,24,2
82,"9/22/95",1,1740529,1.79769313486232e+308,1.79769313486232e+308,1.79769313486232e+308,1.79769313486232e+308,1.79769313486232e+308
104,"9/22/95",1,1740549,1.79769313486232e+308,1.79769313486232e+308,1.79769313486232e+308,1.79769313486232e+308,1.79769313486232e+308
113,"9/22/95",1,1740559,1.79769313486232e+308,1.79769313486232e+308,1.79769313486232e+308,1.79769313486232e+308,1.79769313486232e+308
83,"9/22/95",1,1740629,1.79769313486232e+308,1.79769313486232e+308,1.79769313486232e+308,1.79769313486232e+308,1.79769313486232e+308
84,"9/22/95",1,1740739,1.79769313486232e+308,1.79769313486232e+308,1.79769313486232e+308,1.79769313486232e+308,1.79769313486232e+308
85,"9/22/95",1,1740839,1.79769313486232e+308,1.79769313486232e+308,1.79769313486232e+308,1.79769313486232e+308,1.79769313486232e+308
86,"9/22/95",1,1740939,1.79769313486232e+308,1.79769313486232e+308,1.79769313486232e+308,1.79769313486232e+308,1.79769313486232e+308
87,"9/22/95",1,1741039,1.79769313486232e+308,1.79769313486232e+308,1.79769313486232e+308,1.79769313486232e+308,1.79769313486232e+308
88,"9/22/95",1,1741139,1.79769313486232e+308,1.79769313486232e+308,1.79769313486232e+308,1.79769313486232e+308,1.79769313486232e+308
89,"9/22/95",1,1741239,1.79769313486232e+308,1.79769313486232e+308,1.79769313486232e+308,1.79769313486232e+308,1.79769313486232e+308
90,"9/22/95",1,1741339,3,2,8,18,2
91,"9/22/95",1,1741339,3,2,1,18,2
92,"9/22/95",1,1741339,4,2,5,13,2
93,"9/22/95",1,1741439,1.79769313486232e+308,1.79769313486232e+308,1.79769313486232e+308,1.79769313486232e+308,1.79769313486232e+308
94,"9/22/95",1,1741539,1,6,7,4,4
95,"9/22/95",1,1741539,3,1,8,52,5
96,"9/22/95",1,1741539,7,6,7,4,4
97,"9/22/95",1,1741639,1.79769313486232e+308,1.79769313486232e+308,1.79769313486232e+308,1.79769313486232e+308,1.79769313486232e+308
98,"9/22/95",1,1741739,1.79769313486232e+308,1.79769313486232e+308,1.79769313486232e+308,1.79769313486232e+308,1.79769313486232e+308
99,"9/22/95",1,1741839,1.79769313486232e+308,1.79769313486232e+308,1.79769313486232e+308,1.79769313486232e+308,1.79769313486232e+308
1,"5/10/99",1,1810131,4,2,9,41,2
23,"5/10/99",1,1810141,2,6,3,9,4
24,"5/10/99",1,1810141,2,6,5,43,4
29,"5/10/99",1,1810151,1.79769313486232e+308,1.79769313486232e+308,1.79769313486232e+308,1.79769313486232e+308,1.79769313486232e+308
2,"5/10/99",1,1810231,1.79769313486232e+308,1.79769313486232e+308,1.79769313486232e+308,1.79769313486232e+308,1.79769313486232e+308
25,"5/10/99",1,1810241,5,3,1,9,1
30,"5/10/99",1,1810251,1.79769313486232e+308,1.79769313486232e+308,1.79769313486232e+308,1.79769313486232e+308,1.79769313486232e+308
31,"5/10/99",1,1810252,1.79769313486232e+308,1.79769313486232e+308,1.79769313486232e+308,1.79769313486232e+308,1.79769313486232e+308
3,"5/10/99",1,1810331,1.79769313486232e+308,1.79769313486232e+308,1.79769313486232e+308,1.79769313486232e+308,1.79769313486232e+308
26,"5/10/99",1,1810341,1.79769313486232e+308,1.79769313486232e+308,1.79769313486232e+308,1.79769313486232e+308,1.79769313486232e+308
33,"5/10/99",1,1810351,3,1,8,23,3
32,"5/10/99",1,1810351,3,1,3,20,3
34,"5/10/99",1,1810351,5,2,3,34,2
35,"5/10/99",1,1810351,5,2,1,9,2
4,"5/10/99",1,1810431,1.79769313486232e+308,1.79769313486232e+308,1.79769313486232e+308,1.79769313486232e+308,1.79769313486232e+308
27,"5/10/99",1,1810441,1.79769313486232e+308,1.79769313486232e+308,1.79769313486232e+308,1.79769313486232e+308,1.79769313486232e+308
36,"5/10/99",1,1810459,1.79769313486232e+308,1.79769313486232e+308,1.79769313486232e+308,1.79769313486232e+308,1.79769313486232e+308
5,"5/10/99",1,1810531,1.79769313486232e+308,1.79769313486232e+308,1.79769313486232e+308,1.79769313486232e+308,1.79769313486232e+308
6,"5/10/99",1,1810532,1.79769313486232e+308,1.79769313486232e+308,1.79769313486232e+308,1.79769313486232e+308,1.79769313486232e+308
7,"5/10/99",1,1810533,1.79769313486232e+308,1.79769313486232e+308,1.79769313486232e+308,1.79769313486232e+308,1.79769313486232e+308
28,"5/10/99",1,1810541,1.79769313486232e+308,1.79769313486232e+308,1.79769313486232e+308,1.79769313486232e+308,1.79769313486232e+308
8,"5/10/99",1,1810631,1.79769313486232e+308,1.79769313486232e+308,1.79769313486232e+308,1.79769313486232e+308,1.79769313486232e+308
9,"5/10/99",1,1810731,1.79769313486232e+308,1.79769313486232e+308,1.79769313486232e+308,1.79769313486232e+308,1.79769313486232e+308
10,"5/10/99",1,1810831,1.79769313486232e+308,1.79769313486232e+308,1.79769313486232e+308,1.79769313486232e+308,1.79769313486232e+308
11,"5/10/99",1,1810931,1.79769313486232e+308,1.79769313486232e+308,1.79769313486232e+308,1.79769313486232e+308,1.79769313486232e+308
12,"5/10/99",1,1811031,1.79769313486232e+308,1.79769313486232e+308,1.79769313486232e+308,1.79769313486232e+308,1.79769313486232e+308
13,"5/10/99",1,1811131,1.79769313486232e+308,1.79769313486232e+308,1.79769313486232e+308,1.79769313486232e+308,1.79769313486232e+308
14,"5/10/99",1,1811231,3,6,4,49,1
15,"5/10/99",1,1811339,1.79769313486232e+308,1.79769313486232e+308,1.79769313486232e+308,1.79769313486232e+308,1.79769313486232e+308
19,"5/10/99",1,1811439,1.79769313486232e+308,1.79769313486232e+308,1.79769313486232e+308,1.79769313486232e+308,1.79769313486232e+308
18,"5/10/99",1,1811539,1.79769313486232e+308,1.79769313486232e+308,1.79769313486232e+308,1.79769313486232e+308,1.79769313486232e+308
17,"5/10/99",1,1811639,1.79769313486232e+308,1.79769313486232e+308,1.79769313486232e+308,1.79769313486232e+308,1.79769313486232e+308
16,"5/10/99",1,1811739,1.79769313486232e+308,1.79769313486232e+308,1.79769313486232e+308,1.79769313486232e+308,1.79769313486232e+308
20,"5/10/99",1,1811839,1.79769313486232e+308,1.79769313486232e+308,1.79769313486232e+308,1.79769313486232e+308,1.79769313486232e+308
21,"5/10/99",1,1811939,1.79769313486232e+308,1.79769313486232e+308,1.79769313486232e+308,1.79769313486232e+308,1.79769313486232e+308
22,"5/10/99",1,1812039,1.79769313486232e+308,1.79769313486232e+308,1.79769313486232e+308,1.79769313486232e+308,1.79769313486232e+308
308,"6/24/99",1,1820131,1.79769313486232e+308,1.79769313486232e+308,1.79769313486232e+308,1.79769313486232e+308,1.79769313486232e+308
330,"7/03/99",1,1820141,1.79769313486232e+308,1.79769313486232e+308,1.79769313486232e+308,1.79769313486232e+308,1.79769313486232e+308
336,"7/03/99",1,1820151,1.79769313486232e+308,1.79769313486232e+308,1.79769313486232e+308,1.79769313486232e+308,1.79769313486232e+308
309,"7/03/99",1,1820231,1.79769313486232e+308,1.79769313486232e+308,1.79769313486232e+308,1.79769313486232e+308,1.79769313486232e+308
331,"7/03/99",1,1820241,1.79769313486232e+308,1.79769313486232e+308,1.79769313486232e+308,1.79769313486232e+308,1.79769313486232e+308
337,"7/03/99",1,1820251,1.79769313486232e+308,1.79769313486232e+308,1.79769313486232e+308,1.79769313486232e+308,1.79769313486232e+308
338,"7/03/99",1,1820252,1.79769313486232e+308,1.79769313486232e+308,1.79769313486232e+308,1.79769313486232e+308,1.79769313486232e+308
310,"7/03/99",1,1820331,1.79769313486232e+308,1.79769313486232e+308,1.79769313486232e+308,1.79769313486232e+308,1.79769313486232e+308
332,"7/03/99",1,1820341,1.79769313486232e+308,1.79769313486232e+308,1.79769313486232e+308,1.79769313486232e+308,1.79769313486232e+308
339,"7/03/99",1,1820351,1.79769313486232e+308,1.79769313486232e+308,1.79769313486232e+308,1.79769313486232e+308,1.79769313486232e+308
311,"7/03/99",1,1820431,1.79769313486232e+308,1.79769313486232e+308,1.79769313486232e+308,1.79769313486232e+308,1.79769313486232e+308
333,"7/03/99",1,1820441,4,6,5,49,4
334,"7/03/99",1,1820441,5,6,4,51,1
340,"7/03/99",1,1820459,1.79769313486232e+308,1.79769313486232e+308,1.79769313486232e+308,1.79769313486232e+308,1.79769313486232e+308
312,"7/03/99",1,1820531,1.79769313486232e+308,1.79769313486232e+308,1.79769313486232e+308,1.79769313486232e+308,1.79769313486232e+308
335,"7/03/99",1,1820541,3,6,4,51,3
313,"7/03/99",1,1820631,1.79769313486232e+308,1.79769313486232e+308,1.79769313486232e+308,1.79769313486232e+308,1.79769313486232e+308
314,"7/03/99",1,1820731,1.79769313486232e+308,1.79769313486232e+308,1.79769313486232e+308,1.79769313486232e+308,1.79769313486232e+308
315,"7/03/99",1,1820732,1.79769313486232e+308,1.79769313486232e+308,1.79769313486232e+308,1.79769313486232e+308,1.79769313486232e+308
316,"7/03/99",1,1820831,1.79769313486232e+308,1.79769313486232e+308,1.79769313486232e+308,1.79769313486232e+308,1.79769313486232e+308
317,"7/03/99",1,1820931,1.79769313486232e+308,1.79769313486232e+308,1.79769313486232e+308,1.79769313486232e+308,1.79769313486232e+308
318,"7/03/99",1,1821031,1.79769313486232e+308,1.79769313486232e+308,1.79769313486232e+308,1.79769313486232e+308,1.79769313486232e+308
319,"7/03/99",1,1821131,1.79769313486232e+308,1.79769313486232e+308,1.79769313486232e+308,1.79769313486232e+308,1.79769313486232e+308
320,"7/03/99",1,1821231,1.79769313486232e+308,1.79769313486232e+308,1.79769313486232e+308,1.79769313486232e+308,1.79769313486232e+308
321,"7/03/99",1,1821339,1.79769313486232e+308,1.79769313486232e+308,1.79769313486232e+308,1.79769313486232e+308,1.79769313486232e+308
322,"7/03/99",1,1821439,1.79769313486232e+308,1.79769313486232e+308,1.79769313486232e+308,1.79769313486232e+308,1.79769313486232e+308
323,"7/03/99",1,1821539,1.79769313486232e+308,1.79769313486232e+308,1.79769313486232e+308,1.79769313486232e+308,1.79769313486232e+308
324,"7/03/99",1,1821639,1.79769313486232e+308,1.79769313486232e+308,1.79769313486232e+308,1.79769313486232e+308,1.79769313486232e+308
325,"7/03/99",1,1821739,1.79769313486232e+308,1.79769313486232e+308,1.79769313486232e+308,1.79769313486232e+308,1.79769313486232e+308
326,"7/03/99",1,1821839,3,6,5,33,4
327,"7/03/99",1,1821839,3,6,3,10,4
328,"7/03/99",1,1821839,4,6,4,30,4
329,"7/03/99",1,1821839,4,6,2,13,4
49,"9/11/99",1,1830131,1.79769313486232e+308,1.79769313486232e+308,1.79769313486232e+308,1.79769313486232e+308,1.79769313486232e+308
72,"9/14/99",1,1830141,1.79769313486232e+308,1.79769313486232e+308,1.79769313486232e+308,1.79769313486232e+308,1.79769313486232e+308
83,"9/14/99",1,1830151,6,1,1,26,4
82,"9/14/99",1,1830151,6,1,3,20,4
50,"9/14/99",1,1830231,1.79769313486232e+308,1.79769313486232e+308,1.79769313486232e+308,1.79769313486232e+308,1.79769313486232e+308
73,"9/14/99",1,1830241,1.79769313486232e+308,1.79769313486232e+308,1.79769313486232e+308,1.79769313486232e+308,1.79769313486232e+308
74,"9/14/99",1,1830242,1.79769313486232e+308,1.79769313486232e+308,1.79769313486232e+308,1.79769313486232e+308,1.79769313486232e+308
84,"9/14/99",1,1830251,1.79769313486232e+308,1.79769313486232e+308,1.79769313486232e+308,1.79769313486232e+308,1.79769313486232e+308
51,"9/14/99",1,1830331,1.79769313486232e+308,1.79769313486232e+308,1.79769313486232e+308,1.79769313486232e+308,1.79769313486232e+308
75,"9/14/99",1,1830341,1.79769313486232e+308,1.79769313486232e+308,1.79769313486232e+308,1.79769313486232e+308,1.79769313486232e+308
85,"9/14/99",1,1830351,4,6,9,20,4
86,"9/14/99",1,1830351,4,6,1,24,4
52,"9/14/99",1,1830431,1.79769313486232e+308,1.79769313486232e+308,1.79769313486232e+308,1.79769313486232e+308,1.79769313486232e+308
77,"9/14/99",1,1830441,2,6,11,16,4
78,"9/14/99",1,1830441,2,6,3,17,4
76,"9/14/99",1,1830441,2,6,8,12,4
87,"9/14/99",1,1830459,5,1,4,22,3
88,"9/14/99",1,1830459,5,1,1,26,3
53,"9/14/99",1,1830531,1.79769313486232e+308,1.79769313486232e+308,1.79769313486232e+308,1.79769313486232e+308,1.79769313486232e+308
79,"9/14/99",1,1830541,1.79769313486232e+308,1.79769313486232e+308,1.79769313486232e+308,1.79769313486232e+308,1.79769313486232e+308
80,"9/14/99",1,1830542,1.79769313486232e+308,1.79769313486232e+308,1.79769313486232e+308,1.79769313486232e+308,1.79769313486232e+308
81,"9/14/99",1,1830543,1.79769313486232e+308,1.79769313486232e+308,1.79769313486232e+308,1.79769313486232e+308,1.79769313486232e+308
54,"9/14/99",1,1830631,1.79769313486232e+308,1.79769313486232e+308,1.79769313486232e+308,1.79769313486232e+308,1.79769313486232e+308
55,"9/14/99",1,1830731,1.79769313486232e+308,1.79769313486232e+308,1.79769313486232e+308,1.79769313486232e+308,1.79769313486232e+308
56,"9/14/99",1,1830831,1.79769313486232e+308,1.79769313486232e+308,1.79769313486232e+308,1.79769313486232e+308,1.79769313486232e+308
57,"9/14/99",1,1830931,1.79769313486232e+308,1.79769313486232e+308,1.79769313486232e+308,1.79769313486232e+308,1.79769313486232e+308
58,"9/14/99",1,1831031,1.79769313486232e+308,1.79769313486232e+308,1.79769313486232e+308,1.79769313486232e+308,1.79769313486232e+308
59,"9/14/99",1,1831131,1.79769313486232e+308,1.79769313486232e+308,1.79769313486232e+308,1.79769313486232e+308,1.79769313486232e+308
60,"9/14/99",1,1831231,1.79769313486232e+308,1.79769313486232e+308,1.79769313486232e+308,1.79769313486232e+308,1.79769313486232e+308
61,"9/14/99",1,1831339,1.79769313486232e+308,1.79769313486232e+308,1.79769313486232e+308,1.79769313486232e+308,1.79769313486232e+308
62,"9/14/99",1,1831439,1.79769313486232e+308,1.79769313486232e+308,1.79769313486232e+308,1.79769313486232e+308,1.79769313486232e+308
63,"9/14/99",1,1831539,1.79769313486232e+308,1.79769313486232e+308,1.79769313486232e+308,1.79769313486232e+308,1.79769313486232e+308
64,"9/14/99",1,1831639,1.79769313486232e+308,1.79769313486232e+308,1.79769313486232e+308,1.79769313486232e+308,1.79769313486232e+308
66,"9/14/99",1,1831739,3,6,8,40,3
65,"9/14/99",1,1831739,3,6,3,8,3
67,"9/14/99",1,1831839,1.79769313486232e+308,1.79769313486232e+308,1.79769313486232e+308,1.79769313486232e+308,1.79769313486232e+308
68,"9/14/99",1,1831939,1.79769313486232e+308,1.79769313486232e+308,1.79769313486232e+308,1.79769313486232e+308,1.79769313486232e+308
69,"9/14/99",1,1832039,1.79769313486232e+308,1.79769313486232e+308,1.79769313486232e+308,1.79769313486232e+308,1.79769313486232e+308
70,"9/14/99",1,1832139,1.79769313486232e+308,1.79769313486232e+308,1.79769313486232e+308,1.79769313486232e+308,1.79769313486232e+308
71,"9/14/99",1,1832239,1.79769313486232e+308,1.79769313486232e+308,1.79769313486232e+308,1.79769313486232e+308,1.79769313486232e+308
1,"9/13/99",1,1840139,1.79769313486232e+308,1.79769313486232e+308,1.79769313486232e+308,1.79769313486232e+308,1.79769313486232e+308
28,"9/14/99",1,1840149,1.79769313486232e+308,1.79769313486232e+308,1.79769313486232e+308,1.79769313486232e+308,1.79769313486232e+308
40,"9/14/99",1,1840159,1.79769313486232e+308,1.79769313486232e+308,1.79769313486232e+308,1.79769313486232e+308,1.79769313486232e+308
2,"9/14/99",1,1840239,6,1,6,52,5
29,"9/14/99",1,1840249,1.79769313486232e+308,1.79769313486232e+308,1.79769313486232e+308,1.79769313486232e+308,1.79769313486232e+308
41,"9/14/99",1,1840259,3,1,8,17,3
42,"9/14/99",1,1840259,3,1,1,8,3
43,"9/14/99",1,1840259,3,1,3,14,3
3,"9/14/99",1,1840339,1.79769313486232e+308,1.79769313486232e+308,1.79769313486232e+308,1.79769313486232e+308,1.79769313486232e+308
30,"9/14/99",1,1840349,1.79769313486232e+308,1.79769313486232e+308,1.79769313486232e+308,1.79769313486232e+308,1.79769313486232e+308
44,"9/14/99",1,1840359,1.79769313486232e+308,1.79769313486232e+308,1.79769313486232e+308,1.79769313486232e+308,1.79769313486232e+308
4,"9/14/99",1,1840439,4,4,7,6,2
5,"9/14/99",1,1840439,5,2,9,12,2
7,"9/14/99",1,1840439,5,2,4,15,2
6,"9/14/99",1,1840439,5,2,1,10,2
10,"9/14/99",1,1840439,6,2,4,15,2
9,"9/14/99",1,1840439,6,2,1,10,2
8,"9/14/99",1,1840439,6,2,9,12,2
31,"9/14/99",1,1840449,1.79769313486232e+308,1.79769313486232e+308,1.79769313486232e+308,1.79769313486232e+308,1.79769313486232e+308
45,"9/14/99",1,1840459,1.79769313486232e+308,1.79769313486232e+308,1.79769313486232e+308,1.79769313486232e+308,1.79769313486232e+308
11,"9/14/99",1,1840539,1.79769313486232e+308,1.79769313486232e+308,1.79769313486232e+308,1.79769313486232e+308,1.79769313486232e+308
34,"9/14/99",1,1840549,3,1,3,10,3
35,"9/14/99",1,1840549,3,1,5,6,3
33,"9/14/99",1,1840549,3,1,1,8,3
32,"9/14/99",1,1840549,3,1,9,14,3
37,"9/14/99",1,1840549,4,1,1,8,4
39,"9/14/99",1,1840549,4,1,5,6,4
36,"9/14/99",1,1840549,4,1,9,14,4
38,"9/14/99",1,1840549,4,1,3,10,4
46,"9/14/99",1,1840559,1.79769313486232e+308,1.79769313486232e+308,1.79769313486232e+308,1.79769313486232e+308,1.79769313486232e+308
12,"9/14/99",1,1840639,1.79769313486232e+308,1.79769313486232e+308,1.79769313486232e+308,1.79769313486232e+308,1.79769313486232e+308
13,"9/14/99",1,1840739,1.79769313486232e+308,1.79769313486232e+308,1.79769313486232e+308,1.79769313486232e+308,1.79769313486232e+308
14,"9/14/99",1,1840839,1.79769313486232e+308,1.79769313486232e+308,1.79769313486232e+308,1.79769313486232e+308,1.79769313486232e+308
15,"9/14/99",1,1840939,1.79769313486232e+308,1.79769313486232e+308,1.79769313486232e+308,1.79769313486232e+308,1.79769313486232e+308
16,"9/14/99",1,1841039,1.79769313486232e+308,1.79769313486232e+308,1.79769313486232e+308,1.79769313486232e+308,1.79769313486232e+308
17,"9/14/99",1,1841139,1.79769313486232e+308,1.79769313486232e+308,1.79769313486232e+308,1.79769313486232e+308,1.79769313486232e+308
18,"9/14/99",1,1841239,1.79769313486232e+308,1.79769313486232e+308,1.79769313486232e+308,1.79769313486232e+308,1.79769313486232e+308
19,"9/14/99",1,1841339,1.79769313486232e+308,1.79769313486232e+308,1.79769313486232e+308,1.79769313486232e+308,1.79769313486232e+308
20,"9/14/99",1,1841439,1.79769313486232e+308,1.79769313486232e+308,1.79769313486232e+308,1.79769313486232e+308,1.79769313486232e+308
21,"9/14/99",1,1841539,1.79769313486232e+308,1.79769313486232e+308,1.79769313486232e+308,1.79769313486232e+308,1.79769313486232e+308
22,"9/14/99",1,1841639,1.79769313486232e+308,1.79769313486232e+308,1.79769313486232e+308,1.79769313486232e+308,1.79769313486232e+308
23,"9/14/99",1,1841739,1.79769313486232e+308,1.79769313486232e+308,1.79769313486232e+308,1.79769313486232e+308,1.79769313486232e+308
24,"9/14/99",1,1841839,1.79769313486232e+308,1.79769313486232e+308,1.79769313486232e+308,1.79769313486232e+308,1.79769313486232e+308
25,"9/14/99",1,1841939,1.79769313486232e+308,1.79769313486232e+308,1.79769313486232e+308,1.79769313486232e+308,1.79769313486232e+308
26,"9/14/99",1,1842039,1.79769313486232e+308,1.79769313486232e+308,1.79769313486232e+308,1.79769313486232e+308,1.79769313486232e+308
27,"9/14/99",1,1842139,1.79769313486232e+308,1.79769313486232e+308,1.79769313486232e+308,1.79769313486232e+308,1.79769313486232e+308
55,"9/16/99",1,1910141,1.79769313486232e+308,1.79769313486232e+308,1.79769313486232e+308,1.79769313486232e+308,1.79769313486232e+308
60,"9/16/99",1,1910151,1.79769313486232e+308,1.79769313486232e+308,1.79769313486232e+308,1.79769313486232e+308,1.79769313486232e+308
28,"10/09/99",1,1910231,1.79769313486232e+308,1.79769313486232e+308,1.79769313486232e+308,1.79769313486232e+308,1.79769313486232e+308
29,"9/16/99",1,1910232,1.79769313486232e+308,1.79769313486232e+308,1.79769313486232e+308,1.79769313486232e+308,1.79769313486232e+308
56,"9/16/99",1,1910241,4,4,4,9,1
61,"9/16/99",1,1910251,1.79769313486232e+308,1.79769313486232e+308,1.79769313486232e+308,1.79769313486232e+308,1.79769313486232e+308
30,"9/16/99",1,1910331,1.79769313486232e+308,1.79769313486232e+308,1.79769313486232e+308,1.79769313486232e+308,1.79769313486232e+308
31,"9/16/99",1,1910431,1.79769313486232e+308,1.79769313486232e+308,1.79769313486232e+308,1.79769313486232e+308,1.79769313486232e+308
57,"9/16/99",1,1910441,1.79769313486232e+308,1.79769313486232e+308,1.79769313486232e+308,1.79769313486232e+308,1.79769313486232e+308
62,"9/16/99",1,1910459,1.79769313486232e+308,1.79769313486232e+308,1.79769313486232e+308,1.79769313486232e+308,1.79769313486232e+308
32,"9/16/99",1,1910531,1.79769313486232e+308,1.79769313486232e+308,1.79769313486232e+308,1.79769313486232e+308,1.79769313486232e+308
58,"9/16/99",1,1910541,1.79769313486232e+308,1.79769313486232e+308,1.79769313486232e+308,1.79769313486232e+308,1.79769313486232e+308
33,"9/16/99",1,1910631,1.79769313486232e+308,1.79769313486232e+308,1.79769313486232e+308,1.79769313486232e+308,1.79769313486232e+308
59,"9/16/99",1,1910641,1.79769313486232e+308,1.79769313486232e+308,1.79769313486232e+308,1.79769313486232e+308,1.79769313486232e+308
34,"9/16/99",1,1910731,1.79769313486232e+308,1.79769313486232e+308,1.79769313486232e+308,1.79769313486232e+308,1.79769313486232e+308
35,"9/16/99",1,1910831,1.79769313486232e+308,1.79769313486232e+308,1.79769313486232e+308,1.79769313486232e+308,1.79769313486232e+308
36,"9/16/99",1,1910931,1.79769313486232e+308,1.79769313486232e+308,1.79769313486232e+308,1.79769313486232e+308,1.79769313486232e+308
37,"9/16/99",1,1911031,1.79769313486232e+308,1.79769313486232e+308,1.79769313486232e+308,1.79769313486232e+308,1.79769313486232e+308
38,"9/16/99",1,1911231,1.79769313486232e+308,1.79769313486232e+308,1.79769313486232e+308,1.79769313486232e+308,1.79769313486232e+308
39,"9/16/99",1,1911331,3,1,6,23,3
40,"9/16/99",1,1911331,3,1,12,20,3
41,"9/16/99",1,1911331,3,1,5,4,3
43,"9/16/99",1,1911331,5,1,12,20,3
44,"9/16/99",1,1911331,5,1,5,4,3
42,"9/16/99",1,1911331,5,1,6,23,3
45,"9/16/99",1,1911431,1.79769313486232e+308,1.79769313486232e+308,1.79769313486232e+308,1.79769313486232e+308,1.79769313486232e+308
46,"9/16/99",1,1911539,1.79769313486232e+308,1.79769313486232e+308,1.79769313486232e+308,1.79769313486232e+308,1.79769313486232e+308
47,"9/16/99",1,1911639,1.79769313486232e+308,1.79769313486232e+308,1.79769313486232e+308,1.79769313486232e+308,1.79769313486232e+308
48,"9/16/99",1,1911739,1.79769313486232e+308,1.79769313486232e+308,1.79769313486232e+308,1.79769313486232e+308,1.79769313486232e+308
49,"9/16/99",1,1911839,1.79769313486232e+308,1.79769313486232e+308,1.79769313486232e+308,1.79769313486232e+308,1.79769313486232e+308
50,"9/16/99",1,1911939,1.79769313486232e+308,1.79769313486232e+308,1.79769313486232e+308,1.79769313486232e+308,1.79769313486232e+308
51,"9/16/99",1,1912039,1,1,8,12,4
54,"9/16/99",1,1912039,1,1,6,4,4
52,"9/16/99",1,1912039,1,1,11,16,4
53,"9/16/99",1,1912039,1,1,3,12,4
352,"6/29/99",1,1920131,3,1,12,13,4
351,"6/29/99",1,1920131,3,1,7,23,4
350,"6/29/99",1,1920131,3,1,4,16,4
355,"6/29/99",1,1920131,5,1,11,13,4
353,"6/29/99",1,1920131,5,1,4,16,4
354,"6/29/99",1,1920131,5,1,7,23,4
356,"6/29/99",1,1920131,10,4,3,4,1
357,"6/29/99",1,1920131,11,4,3,4,1
397,"6/29/99",1,1920141,1.79769313486232e+308,1.79769313486232e+308,1.79769313486232e+308,1.79769313486232e+308,1.79769313486232e+308
408,"6/29/99",1,1920151,1.79769313486232e+308,1.79769313486232e+308,1.79769313486232e+308,1.79769313486232e+308,1.79769313486232e+308
360,"6/29/99",1,1920231,4,1,10,17,4
358,"6/29/99",1,1920231,4,1,3,16,4
359,"6/29/99",1,1920231,4,1,7,12,4
361,"6/29/99",1,1920231,4,1,2,7,4
362,"6/29/99",1,1920231,5,3,9,17,4
398,"6/29/99",1,1920241,1.79769313486232e+308,1.79769313486232e+308,1.79769313486232e+308,1.79769313486232e+308,1.79769313486232e+308
409,"6/29/99",1,1920251,1.79769313486232e+308,1.79769313486232e+308,1.79769313486232e+308,1.79769313486232e+308,1.79769313486232e+308
1.79769313486232e+308,"8/21/99",1,1920331,5,1,1.79769313486232e+308,52,3
363,"6/29/99",1,1920331,8,4,11,9,1
364,"6/29/99",1,1920331,9,4,11,9,1
411,"6/29/99",1,1920351,1,6,8,20,3
412,"6/29/99",1,1920351,1,6,1,6,3
410,"6/29/99",1,1920351,1,6,3,20,3
365,"6/29/99",1,1920431,4,4,4,5,1
366,"6/29/99",1,1920431,8,4,4,5,1
367,"6/29/99",1,1920431,13,4,4,5,1
399,"6/29/99",1,1920441,1.79769313486232e+308,1.79769313486232e+308,1.79769313486232e+308,1.79769313486232e+308,1.79769313486232e+308
413,"6/29/99",1,1920459,1.79769313486232e+308,1.79769313486232e+308,1.79769313486232e+308,1.79769313486232e+308,1.79769313486232e+308
368,"6/29/99",1,1920531,1.79769313486232e+308,1.79769313486232e+308,1.79769313486232e+308,1.79769313486232e+308,1.79769313486232e+308
400,"6/29/99",1,1920541,1,6,2,14,3
401,"6/29/99",1,1920541,1,6,6,12,3
402,"6/29/99",1,1920541,1,6,9,10,3
403,"6/29/99",1,1920541,1,6,12,7,3
404,"6/29/99",1,1920541,2,4,5,5,1
405,"6/29/99",1,1920541,3,4,5,5,1
406,"6/29/99",1,1920541,6,4,5,5,1
369,"6/29/99",1,1920631,5,4,1,4,3
407,"6/29/99",1,1920641,1.79769313486232e+308,1.79769313486232e+308,1.79769313486232e+308,1.79769313486232e+308,1.79769313486232e+308
370,"6/29/99",1,1920731,1,6,6,38,3
371,"6/29/99",1,1920731,2,4,7,17,4
372,"6/29/99",1,1920731,3,4,7,17,4
373,"6/29/99",1,1920731,4,4,7,17,4
374,"6/29/99",1,1920731,5,4,7,17,4
375,"6/29/99",1,1920731,6,4,7,17,4
376,"6/29/99",1,1920831,5,4,1,5,3
377,"6/29/99",1,1920931,1.79769313486232e+308,1.79769313486232e+308,1.79769313486232e+308,1.79769313486232e+308,1.79769313486232e+308
378,"6/29/99",1,1921031,1,6,6,35,2
379,"6/29/99",1,1921031,2,6,6,13,2
380,"6/29/99",1,1921231,1.79769313486232e+308,1.79769313486232e+308,1.79769313486232e+308,1.79769313486232e+308,1.79769313486232e+308
381,"6/29/99",1,1921331,1.79769313486232e+308,1.79769313486232e+308,1.79769313486232e+308,1.79769313486232e+308,1.79769313486232e+308
382,"6/29/99",1,1921431,1,3,7,5,2
383,"6/29/99",1,1921431,2,3,7,5,2
384,"6/29/99",1,1921539,1.79769313486232e+308,1.79769313486232e+308,1.79769313486232e+308,1.79769313486232e+308,1.79769313486232e+308
385,"6/29/99",1,1921639,1.79769313486232e+308,1.79769313486232e+308,1.79769313486232e+308,1.79769313486232e+308,1.79769313486232e+308
386,"6/29/99",1,1921739,1.79769313486232e+308,1.79769313486232e+308,1.79769313486232e+308,1.79769313486232e+308,1.79769313486232e+308
387,"6/29/99",1,1921839,1.79769313486232e+308,1.79769313486232e+308,1.79769313486232e+308,1.79769313486232e+308,1.79769313486232e+308
388,"6/29/99",1,1921939,1.79769313486232e+308,1.79769313486232e+308,1.79769313486232e+308,1.79769313486232e+308,1.79769313486232e+308
389,"6/29/99",1,1922039,1.79769313486232e+308,1.79769313486232e+308,1.79769313486232e+308,1.79769313486232e+308,1.79769313486232e+308
390,"6/29/99",1,1922139,1.79769313486232e+308,1.79769313486232e+308,1.79769313486232e+308,1.79769313486232e+308,1.79769313486232e+308
391,"6/29/99",1,1922239,1.79769313486232e+308,1.79769313486232e+308,1.79769313486232e+308,1.79769313486232e+308,1.79769313486232e+308
392,"6/29/99",1,1922339,1.79769313486232e+308,1.79769313486232e+308,1.79769313486232e+308,1.79769313486232e+308,1.79769313486232e+308
394,"6/29/99",1,1922439,3,1,8,17,3
395,"6/29/99",1,1922439,3,1,12,22,3
393,"6/29/99",1,1922439,3,1,4,13,3
396,"6/29/99",1,1922439,5,4,2,6,3
25,"7/09/99",1,1930131,1.79769313486232e+308,1.79769313486232e+308,1.79769313486232e+308,1.79769313486232e+308,1.79769313486232e+308
65,"7/09/99",1,1930141,3,6,12,5,3
64,"7/09/99",1,1930141,3,6,10,6,3
66,"7/09/99",1,1930141,3,6,3,6,3
69,"7/09/99",1,1930141,4,6,3,6,3
68,"7/09/99",1,1930141,4,6,12,5,3
67,"7/09/99",1,1930141,4,6,10,6,3
75,"7/09/99",1,1930151,1.79769313486232e+308,1.79769313486232e+308,1.79769313486232e+308,1.79769313486232e+308,1.79769313486232e+308
26,"7/09/99",1,1930231,1.79769313486232e+308,1.79769313486232e+308,1.79769313486232e+308,1.79769313486232e+308,1.79769313486232e+308
70,"7/09/99",1,1930241,1.79769313486232e+308,1.79769313486232e+308,1.79769313486232e+308,1.79769313486232e+308,1.79769313486232e+308
79,"7/09/99",1,1930251,3,2,12,4,4
76,"7/09/99",1,1930251,3,2,5,8,4
81,"7/09/99",1,1930251,3,2,5,2,4
77,"7/09/99",1,1930251,3,2,8,5,4
80,"7/09/99",1,1930251,3,2,2,9,4
78,"7/09/99",1,1930251,3,2,10,7,4
27,"7/09/99",1,1930331,1.79769313486232e+308,1.79769313486232e+308,1.79769313486232e+308,1.79769313486232e+308,1.79769313486232e+308
71,"7/09/99",1,1930341,1.79769313486232e+308,1.79769313486232e+308,1.79769313486232e+308,1.79769313486232e+308,1.79769313486232e+308
85,"7/09/99",1,1930351,1,6,2,12,4
86,"7/09/99",1,1930351,1,6,4,3,4
83,"7/09/99",1,1930351,1,6,9,8,4
84,"7/09/99",1,1930351,1,6,11,7,4
82,"7/09/99",1,1930351,1,6,6,9,4
72,"7/09/99",1,1930441,1.79769313486232e+308,1.79769313486232e+308,1.79769313486232e+308,1.79769313486232e+308,1.79769313486232e+308
90,"7/09/99",1,1930459,3,6,3,10,3
89,"7/09/99",1,1930459,3,6,11,11,3
88,"7/09/99",1,1930459,3,6,8,8,3
87,"7/09/99",1,1930459,3,6,5,9,3
31,"7/09/99",1,1930531,3,1,3,7,3
30,"7/09/99",1,1930531,3,1,12,13,3
29,"7/09/99",1,1930531,3,1,10,8,3
28,"7/09/99",1,1930531,3,1,6,9,3
73,"7/09/99",1,1930541,1.79769313486232e+308,1.79769313486232e+308,1.79769313486232e+308,1.79769313486232e+308,1.79769313486232e+308
32,"7/09/99",1,1930631,1.79769313486232e+308,1.79769313486232e+308,1.79769313486232e+308,1.79769313486232e+308,1.79769313486232e+308
74,"7/09/99",1,1930641,1.79769313486232e+308,1.79769313486232e+308,1.79769313486232e+308,1.79769313486232e+308,1.79769313486232e+308
37,"7/09/99",1,1930731,1,6,4,2,3
35,"7/09/99",1,1930731,1,6,10,13,3
36,"7/09/99",1,1930731,1,6,2,8,3
34,"7/09/99",1,1930731,1,6,7,12,3
33,"7/09/99",1,1930731,1,6,5,10,3
38,"7/09/99",1,1930831,1.79769313486232e+308,1.79769313486232e+308,1.79769313486232e+308,1.79769313486232e+308,1.79769313486232e+308
39,"7/09/99",1,1930931,1.79769313486232e+308,1.79769313486232e+308,1.79769313486232e+308,1.79769313486232e+308,1.79769313486232e+308
40,"7/09/99",1,1931031,1.79769313486232e+308,1.79769313486232e+308,1.79769313486232e+308,1.79769313486232e+308,1.79769313486232e+308
41,"7/09/99",1,1931131,3,1,5,9,3
43,"7/09/99",1,1931131,3,1,10,11,3
45,"7/09/99",1,1931131,3,1,5,1,3
44,"7/09/99",1,1931131,3,1,2,12,3
42,"7/09/99",1,1931131,3,1,8,7,3
46,"7/09/99",1,1931131,9,4,8,5,1
47,"7/09/99",1,1931231,3,6,5,9,3
50,"7/09/99",1,1931231,3,6,3,9,3
48,"7/09/99",1,1931231,3,6,8,10,3
49,"7/09/99",1,1931231,3,6,11,12,3
51,"7/09/99",1,1931231,5,6,5,8,3
52,"7/09/99",1,1931231,5,6,7,10,3
53,"7/09/99",1,1931231,5,6,10,12,3
54,"7/09/99",1,1931231,5,6,2,14,3
58,"7/09/99",1,1931232,1,6,3,9,3
56,"7/09/99",1,1931232,1,6,8,12,3
55,"7/09/99",1,1931232,1,6,5,10,3
57,"7/09/99",1,1931232,1,6,11,13,3
59,"7/09/99",1,1931331,1.79769313486232e+308,1.79769313486232e+308,1.79769313486232e+308,1.79769313486232e+308,1.79769313486232e+308
61,"7/09/99",1,1931431,5,1,9,15,3
62,"7/09/99",1,1931431,5,1,1,11,3
60,"7/09/99",1,1931431,5,1,5,13,3
63,"7/09/99",1,1931431,5,1,3,7,3
1,"9/09/99",1,1940139,1.79769313486232e+308,1.79769313486232e+308,1.79769313486232e+308,1.79769313486232e+308,1.79769313486232e+308
25,"9/11/99",1,1940149,3,1,4,16,4
26,"9/11/99",1,1940149,4,1,4,16,4
27,"9/11/99",1,1940149,5,1,4,16,3
37,"9/11/99",1,1940159,1.79769313486232e+308,1.79769313486232e+308,1.79769313486232e+308,1.79769313486232e+308,1.79769313486232e+308
2,"9/09/99",1,1940239,2,1,2,24,3
28,"9/11/99",1,1940249,1.79769313486232e+308,1.79769313486232e+308,1.79769313486232e+308,1.79769313486232e+308,1.79769313486232e+308
38,"9/11/99",1,1940259,3,1,7,52,3
3,"9/09/99",1,1940339,1,6,4,13,3
29,"9/11/99",1,1940349,1.79769313486232e+308,1.79769313486232e+308,1.79769313486232e+308,1.79769313486232e+308,1.79769313486232e+308
40,"9/11/99",1,1940359,4,2,11,13,3
42,"9/11/99",1,1940359,4,2,5,3,3
39,"9/11/99",1,1940359,4,2,7,17,3
41,"9/11/99",1,1940359,4,2,2,14,3
46,"9/11/99",1,1940359,5,2,5,3,3
43,"9/11/99",1,1940359,5,2,7,17,3
44,"9/11/99",1,1940359,5,2,11,13,3
45,"9/11/99",1,1940359,5,2,2,14,3
4,"9/09/99",1,1940439,1,6,3,17,4
5,"9/09/99",1,1940439,3,6,2,30,4
31,"9/11/99",1,1940449,3,1,1,8,3
32,"9/11/99",1,1940449,3,1,3,20,3
30,"9/11/99",1,1940449,3,1,8,23,3
35,"9/11/99",1,1940449,4,1,3,20,3
34,"9/11/99",1,1940449,4,1,1,8,3
33,"9/11/99",1,1940449,4,1,8,23,3
47,"9/11/99",1,1940459,1.79769313486232e+308,1.79769313486232e+308,1.79769313486232e+308,1.79769313486232e+308,1.79769313486232e+308
6,"9/09/99",1,1940539,1,1,7,52,5
36,"9/11/99",1,1940549,3,2,8,52,3
48,"9/11/99",1,1940559,1.79769313486232e+308,1.79769313486232e+308,1.79769313486232e+308,1.79769313486232e+308,1.79769313486232e+308
7,"9/09/99",1,1940639,1.79769313486232e+308,1.79769313486232e+308,1.79769313486232e+308,1.79769313486232e+308,1.79769313486232e+308
8,"9/09/99",1,1940739,1.79769313486232e+308,1.79769313486232e+308,1.79769313486232e+308,1.79769313486232e+308,1.79769313486232e+308
9,"9/09/99",1,1940839,2,2,7,20,3
11,"9/09/99",1,1940839,2,2,5,12,3
10,"9/09/99",1,1940839,2,2,12,20,3
12,"9/09/99",1,1940939,6,1,1.79769313486232e+308,52,3
13,"9/09/99",1,1940939,6,1,1.79769313486232e+308,52,3
14,"9/09/99",1,1940939,8,3,7,52,1
15,"9/09/99",1,1941039,1.79769313486232e+308,1.79769313486232e+308,1.79769313486232e+308,1.79769313486232e+308,1.79769313486232e+308
16,"9/09/99",1,1941139,1.79769313486232e+308,1.79769313486232e+308,1.79769313486232e+308,1.79769313486232e+308,1.79769313486232e+308
17,"9/09/99",1,1941239,9,6,1,25,1
19,"9/09/99",1,1941339,1,1,1,17,3
20,"9/09/99",1,1941339,1,1,5,6,3
18,"9/09/99",1,1941339,1,1,7,20,3
21,"9/09/99",1,1941439,1.79769313486232e+308,1.79769313486232e+308,1.79769313486232e+308,1.79769313486232e+308,1.79769313486232e+308
22,"9/11/99",1,1941539,3,6,7,21,3
1.79769313486232e+308,"10/12/99",1,1941539,3,6,3,14,3
23,"9/11/99",1,1941539,3,6,11,17,3
24,"9/11/99",1,1941539,5,6,5,4,3
91,"10/03/99",1,2010131,1.79769313486232e+308,1.79769313486232e+308,1.79769313486232e+308,1.79769313486232e+308,1.79769313486232e+308
113,"10/03/99",1,2010141,1.79769313486232e+308,1.79769313486232e+308,1.79769313486232e+308,1.79769313486232e+308,1.79769313486232e+308
122,"10/03/99",1,2010151,1.79769313486232e+308,1.79769313486232e+308,1.79769313486232e+308,1.79769313486232e+308,1.79769313486232e+308
92,"10/03/99",1,2010231,1.79769313486232e+308,1.79769313486232e+308,1.79769313486232e+308,1.79769313486232e+308,1.79769313486232e+308
114,"10/03/99",1,2010241,1.79769313486232e+308,1.79769313486232e+308,1.79769313486232e+308,1.79769313486232e+308,1.79769313486232e+308
123,"10/03/99",1,2010251,5,6,4,4,4
124,"10/03/99",1,2010252,1.79769313486232e+308,1.79769313486232e+308,1.79769313486232e+308,1.79769313486232e+308,1.79769313486232e+308
93,"10/03/99",1,2010331,1.79769313486232e+308,1.79769313486232e+308,1.79769313486232e+308,1.79769313486232e+308,1.79769313486232e+308
115,"10/03/99",1,2010341,1.79769313486232e+308,1.79769313486232e+308,1.79769313486232e+308,1.79769313486232e+308,1.79769313486232e+308
125,"10/03/99",1,2010351,1.79769313486232e+308,1.79769313486232e+308,1.79769313486232e+308,1.79769313486232e+308,1.79769313486232e+308
94,"10/03/99",1,2010431,1.79769313486232e+308,1.79769313486232e+308,1.79769313486232e+308,1.79769313486232e+308,1.79769313486232e+308
116,"10/03/99",1,2010441,1.79769313486232e+308,1.79769313486232e+308,1.79769313486232e+308,1.79769313486232e+308,1.79769313486232e+308
126,"10/03/99",1,2010459,1.79769313486232e+308,1.79769313486232e+308,1.79769313486232e+308,1.79769313486232e+308,1.79769313486232e+308
95,"10/03/99",1,2010531,1.79769313486232e+308,1.79769313486232e+308,1.79769313486232e+308,1.79769313486232e+308,1.79769313486232e+308
117,"10/03/99",1,2010541,1.79769313486232e+308,1.79769313486232e+308,1.79769313486232e+308,1.79769313486232e+308,1.79769313486232e+308
118,"10/03/99",1,2010542,1.79769313486232e+308,1.79769313486232e+308,1.79769313486232e+308,1.79769313486232e+308,1.79769313486232e+308
121,"10/03/99",1,2010543,1,6,1,14,4
120,"10/03/99",1,2010543,1,6,10,13,4
119,"10/03/99",1,2010543,1,6,8,8,4
96,"10/03/99",1,2010631,1.79769313486232e+308,1.79769313486232e+308,1.79769313486232e+308,1.79769313486232e+308,1.79769313486232e+308
97,"10/03/99",1,2010731,1.79769313486232e+308,1.79769313486232e+308,1.79769313486232e+308,1.79769313486232e+308,1.79769313486232e+308
98,"10/03/99",1,2010831,1.79769313486232e+308,1.79769313486232e+308,1.79769313486232e+308,1.79769313486232e+308,1.79769313486232e+308
99,"10/03/99",1,2010931,1.79769313486232e+308,1.79769313486232e+308,1.79769313486232e+308,1.79769313486232e+308,1.79769313486232e+308
100,"10/03/99",1,2011031,1,6,10,7,2
101,"10/03/99",1,2011031,1,6,12,30,2
102,"10/03/99",1,2011131,1.79769313486232e+308,1.79769313486232e+308,1.79769313486232e+308,1.79769313486232e+308,1.79769313486232e+308
103,"10/03/99",1,2011132,1.79769313486232e+308,1.79769313486232e+308,1.79769313486232e+308,1.79769313486232e+308,1.79769313486232e+308
104,"10/03/99",1,2011231,1.79769313486232e+308,1.79769313486232e+308,1.79769313486232e+308,1.79769313486232e+308,1.79769313486232e+308
105,"10/03/99",1,2011339,1.79769313486232e+308,1.79769313486232e+308,1.79769313486232e+308,1.79769313486232e+308,1.79769313486232e+308
106,"10/03/99",1,2011439,1.79769313486232e+308,1.79769313486232e+308,1.79769313486232e+308,1.79769313486232e+308,1.79769313486232e+308
107,"10/03/99",1,2011539,1.79769313486232e+308,1.79769313486232e+308,1.79769313486232e+308,1.79769313486232e+308,1.79769313486232e+308
108,"10/03/99",1,2011639,1.79769313486232e+308,1.79769313486232e+308,1.79769313486232e+308,1.79769313486232e+308,1.79769313486232e+308
109,"10/03/99",1,2011739,1.79769313486232e+308,1.79769313486232e+308,1.79769313486232e+308,1.79769313486232e+308,1.79769313486232e+308
110,"10/03/99",1,2011839,1.79769313486232e+308,1.79769313486232e+308,1.79769313486232e+308,1.79769313486232e+308,1.79769313486232e+308
111,"10/03/99",1,2011939,1.79769313486232e+308,1.79769313486232e+308,1.79769313486232e+308,1.79769313486232e+308,1.79769313486232e+308
112,"10/03/99",1,2012039,1.79769313486232e+308,1.79769313486232e+308,1.79769313486232e+308,1.79769313486232e+308,1.79769313486232e+308
47,"9/23/99",1,2020131,1.79769313486232e+308,1.79769313486232e+308,1.79769313486232e+308,1.79769313486232e+308,1.79769313486232e+308
48,"9/23/99",1,2020132,1.79769313486232e+308,1.79769313486232e+308,1.79769313486232e+308,1.79769313486232e+308,1.79769313486232e+308
49,"9/23/99",1,2020133,1.79769313486232e+308,1.79769313486232e+308,1.79769313486232e+308,1.79769313486232e+308,1.79769313486232e+308
81,"9/23/99",1,2020141,1.79769313486232e+308,1.79769313486232e+308,1.79769313486232e+308,1.79769313486232e+308,1.79769313486232e+308
86,"9/23/99",1,2020151,1.79769313486232e+308,1.79769313486232e+308,1.79769313486232e+308,1.79769313486232e+308,1.79769313486232e+308
50,"9/23/99",1,2020231,1.79769313486232e+308,1.79769313486232e+308,1.79769313486232e+308,1.79769313486232e+308,1.79769313486232e+308
51,"9/23/99",1,2020232,1.79769313486232e+308,1.79769313486232e+308,1.79769313486232e+308,1.79769313486232e+308,1.79769313486232e+308
82,"9/23/99",1,2020241,1.79769313486232e+308,1.79769313486232e+308,1.79769313486232e+308,1.79769313486232e+308,1.79769313486232e+308
87,"9/23/99",1,2020251,1.79769313486232e+308,1.79769313486232e+308,1.79769313486232e+308,1.79769313486232e+308,1.79769313486232e+308
88,"9/23/99",1,2020252,1.79769313486232e+308,1.79769313486232e+308,1.79769313486232e+308,1.79769313486232e+308,1.79769313486232e+308
52,"9/23/99",1,2020331,1.79769313486232e+308,1.79769313486232e+308,1.79769313486232e+308,1.79769313486232e+308,1.79769313486232e+308
53,"9/23/99",1,2020332,1.79769313486232e+308,1.79769313486232e+308,1.79769313486232e+308,1.79769313486232e+308,1.79769313486232e+308
54,"9/23/99",1,2020333,1.79769313486232e+308,1.79769313486232e+308,1.79769313486232e+308,1.79769313486232e+308,1.79769313486232e+308
83,"9/23/99",1,2020341,1.79769313486232e+308,1.79769313486232e+308,1.79769313486232e+308,1.79769313486232e+308,1.79769313486232e+308
89,"9/23/99",1,2020351,1.79769313486232e+308,1.79769313486232e+308,1.79769313486232e+308,1.79769313486232e+308,1.79769313486232e+308
55,"9/23/99",1,2020431,1.79769313486232e+308,1.79769313486232e+308,1.79769313486232e+308,1.79769313486232e+308,1.79769313486232e+308
56,"9/23/99",1,2020432,1.79769313486232e+308,1.79769313486232e+308,1.79769313486232e+308,1.79769313486232e+308,1.79769313486232e+308
84,"9/23/99",1,2020441,1.79769313486232e+308,1.79769313486232e+308,1.79769313486232e+308,1.79769313486232e+308,1.79769313486232e+308
90,"9/23/99",1,2020459,1.79769313486232e+308,1.79769313486232e+308,1.79769313486232e+308,1.79769313486232e+308,1.79769313486232e+308
57,"9/23/99",1,2020531,1.79769313486232e+308,1.79769313486232e+308,1.79769313486232e+308,1.79769313486232e+308,1.79769313486232e+308
85,"9/23/99",1,2020541,1.79769313486232e+308,1.79769313486232e+308,1.79769313486232e+308,1.79769313486232e+308,1.79769313486232e+308
58,"9/23/99",1,2020631,1.79769313486232e+308,1.79769313486232e+308,1.79769313486232e+308,1.79769313486232e+308,1.79769313486232e+308
59,"9/23/99",1,2020731,1.79769313486232e+308,1.79769313486232e+308,1.79769313486232e+308,1.79769313486232e+308,1.79769313486232e+308
60,"9/23/99",1,2020831,1.79769313486232e+308,1.79769313486232e+308,1.79769313486232e+308,1.79769313486232e+308,1.79769313486232e+308
61,"9/23/99",1,2020832,1.79769313486232e+308,1.79769313486232e+308,1.79769313486232e+308,1.79769313486232e+308,1.79769313486232e+308
62,"9/23/99",1,2020931,4,6,3,7,3
63,"9/23/99",1,2020931,4,6,5,4,3
64,"9/23/99",1,2020931,4,6,7,6,3
65,"9/23/99",1,2020932,1.79769313486232e+308,1.79769313486232e+308,1.79769313486232e+308,1.79769313486232e+308,1.79769313486232e+308
66,"9/23/99",1,2021031,5,1,6,36,3
67,"9/23/99",1,2021032,1.79769313486232e+308,1.79769313486232e+308,1.79769313486232e+308,1.79769313486232e+308,1.79769313486232e+308
68,"9/23/99",1,2021131,1.79769313486232e+308,1.79769313486232e+308,1.79769313486232e+308,1.79769313486232e+308,1.79769313486232e+308
69,"9/23/99",1,2021231,5,1,1,24,4
70,"9/23/99",1,2021232,1.79769313486232e+308,1.79769313486232e+308,1.79769313486232e+308,1.79769313486232e+308,1.79769313486232e+308
71,"9/23/99",1,2021339,1.79769313486232e+308,1.79769313486232e+308,1.79769313486232e+308,1.79769313486232e+308,1.79769313486232e+308
72,"9/23/99",1,2021439,1.79769313486232e+308,1.79769313486232e+308,1.79769313486232e+308,1.79769313486232e+308,1.79769313486232e+308
73,"9/23/99",1,2021539,1.79769313486232e+308,1.79769313486232e+308,1.79769313486232e+308,1.79769313486232e+308,1.79769313486232e+308
74,"9/23/99",1,2021639,1.79769313486232e+308,1.79769313486232e+308,1.79769313486232e+308,1.79769313486232e+308,1.79769313486232e+308
75,"9/23/99",1,2021739,1.79769313486232e+308,1.79769313486232e+308,1.79769313486232e+308,1.79769313486232e+308,1.79769313486232e+308
76,"9/23/99",1,2021839,1.79769313486232e+308,1.79769313486232e+308,1.79769313486232e+308,1.79769313486232e+308,1.79769313486232e+308
77,"9/23/99",1,2021939,1.79769313486232e+308,1.79769313486232e+308,1.79769313486232e+308,1.79769313486232e+308,1.79769313486232e+308
78,"9/23/99",1,2022039,1.79769313486232e+308,1.79769313486232e+308,1.79769313486232e+308,1.79769313486232e+308,1.79769313486232e+308
79,"9/23/99",1,2022139,1.79769313486232e+308,1.79769313486232e+308,1.79769313486232e+308,1.79769313486232e+308,1.79769313486232e+308
80,"9/23/99",1,2022239,1.79769313486232e+308,1.79769313486232e+308,1.79769313486232e+308,1.79769313486232e+308,1.79769313486232e+308
99,"7/15/99",1,2030131,1.79769313486232e+308,1.79769313486232e+308,1.79769313486232e+308,1.79769313486232e+308,1.79769313486232e+308
115,"7/15/99",1,2030141,3,2,10,16,3
120,"7/15/99",1,2030151,1.79769313486232e+308,1.79769313486232e+308,1.79769313486232e+308,1.79769313486232e+308,1.79769313486232e+308
121,"7/15/99",1,2030152,1.79769313486232e+308,1.79769313486232e+308,1.79769313486232e+308,1.79769313486232e+308,1.79769313486232e+308
100,"7/15/99",1,2030231,1.79769313486232e+308,1.79769313486232e+308,1.79769313486232e+308,1.79769313486232e+308,1.79769313486232e+308
116,"7/15/99",1,2030241,1.79769313486232e+308,1.79769313486232e+308,1.79769313486232e+308,1.79769313486232e+308,1.79769313486232e+308
122,"7/15/99",1,2030251,1.79769313486232e+308,1.79769313486232e+308,1.79769313486232e+308,1.79769313486232e+308,1.79769313486232e+308
101,"7/15/99",1,2030331,1.79769313486232e+308,1.79769313486232e+308,1.79769313486232e+308,1.79769313486232e+308,1.79769313486232e+308
117,"7/15/99",1,2030341,1.79769313486232e+308,1.79769313486232e+308,1.79769313486232e+308,1.79769313486232e+308,1.79769313486232e+308
118,"7/15/99",1,2030342,1.79769313486232e+308,1.79769313486232e+308,1.79769313486232e+308,1.79769313486232e+308,1.79769313486232e+308
123,"7/15/99",1,2030351,1.79769313486232e+308,1.79769313486232e+308,1.79769313486232e+308,1.79769313486232e+308,1.79769313486232e+308
102,"7/15/99",1,2030431,2,6,11,8,1
103,"7/15/99",1,2030432,1.79769313486232e+308,1.79769313486232e+308,1.79769313486232e+308,1.79769313486232e+308,1.79769313486232e+308
119,"7/15/99",1,2030441,1.79769313486232e+308,1.79769313486232e+308,1.79769313486232e+308,1.79769313486232e+308,1.79769313486232e+308
124,"7/15/99",1,2030459,5,2,2,52,4
104,"7/15/99",1,2030531,1.79769313486232e+308,1.79769313486232e+308,1.79769313486232e+308,1.79769313486232e+308,1.79769313486232e+308
105,"7/15/99",1,2030731,1.79769313486232e+308,1.79769313486232e+308,1.79769313486232e+308,1.79769313486232e+308,1.79769313486232e+308
106,"7/15/99",1,2030831,1.79769313486232e+308,1.79769313486232e+308,1.79769313486232e+308,1.79769313486232e+308,1.79769313486232e+308
107,"7/15/99",1,2030931,1.79769313486232e+308,1.79769313486232e+308,1.79769313486232e+308,1.79769313486232e+308,1.79769313486232e+308
108,"7/15/99",1,2031031,1.79769313486232e+308,1.79769313486232e+308,1.79769313486232e+308,1.79769313486232e+308,1.79769313486232e+308
109,"7/15/99",1,2031131,5,6,8,5,2
110,"7/15/99",1,2031231,1.79769313486232e+308,1.79769313486232e+308,1.79769313486232e+308,1.79769313486232e+308,1.79769313486232e+308
111,"7/15/99",1,2031339,1,6,12,5,4
112,"7/15/99",1,2031439,1.79769313486232e+308,1.79769313486232e+308,1.79769313486232e+308,1.79769313486232e+308,1.79769313486232e+308
113,"7/15/99",1,2031539,1.79769313486232e+308,1.79769313486232e+308,1.79769313486232e+308,1.79769313486232e+308,1.79769313486232e+308
114,"7/15/99",1,2031639,1.79769313486232e+308,1.79769313486232e+308,1.79769313486232e+308,1.79769313486232e+308,1.79769313486232e+308
227,"6/20/99",1,2110131,1.79769313486232e+308,1.79769313486232e+308,1.79769313486232e+308,1.79769313486232e+308,1.79769313486232e+308
249,"6/20/99",1,2110141,1.79769313486232e+308,1.79769313486232e+308,1.79769313486232e+308,1.79769313486232e+308,1.79769313486232e+308
250,"6/20/99",1,2110142,1,1,7,5,2
256,"6/20/99",1,2110151,1.79769313486232e+308,1.79769313486232e+308,1.79769313486232e+308,1.79769313486232e+308,1.79769313486232e+308
228,"6/20/99",1,2110231,12,2,10,5,2
251,"6/20/99",1,2110241,5,1,3,16,3
252,"6/20/99",1,2110242,1,1,9,16,2
257,"6/20/99",1,2110251,1.79769313486232e+308,1.79769313486232e+308,1.79769313486232e+308,1.79769313486232e+308,1.79769313486232e+308
229,"6/20/99",1,2110331,1.79769313486232e+308,1.79769313486232e+308,1.79769313486232e+308,1.79769313486232e+308,1.79769313486232e+308
253,"6/20/99",1,2110341,1.79769313486232e+308,1.79769313486232e+308,1.79769313486232e+308,1.79769313486232e+308,1.79769313486232e+308
258,"6/20/99",1,2110351,1.79769313486232e+308,1.79769313486232e+308,1.79769313486232e+308,1.79769313486232e+308,1.79769313486232e+308
230,"6/20/99",1,2110431,1.79769313486232e+308,1.79769313486232e+308,1.79769313486232e+308,1.79769313486232e+308,1.79769313486232e+308
254,"6/20/99",1,2110441,1.79769313486232e+308,1.79769313486232e+308,1.79769313486232e+308,1.79769313486232e+308,1.79769313486232e+308
259,"6/20/99",1,2110459,1.79769313486232e+308,1.79769313486232e+308,1.79769313486232e+308,1.79769313486232e+308,1.79769313486232e+308
231,"6/20/99",1,2110531,5,2,3,40,4
232,"6/20/99",1,2110531,5,2,1,7,4
255,"6/20/99",1,2110541,1.79769313486232e+308,1.79769313486232e+308,1.79769313486232e+308,1.79769313486232e+308,1.79769313486232e+308
233,"6/20/99",1,2110631,1.79769313486232e+308,1.79769313486232e+308,1.79769313486232e+308,1.79769313486232e+308,1.79769313486232e+308
234,"6/20/99",1,2110731,1.79769313486232e+308,1.79769313486232e+308,1.79769313486232e+308,1.79769313486232e+308,1.79769313486232e+308
235,"6/20/99",1,2110831,1.79769313486232e+308,1.79769313486232e+308,1.79769313486232e+308,1.79769313486232e+308,1.79769313486232e+308
236,"6/20/99",1,2110832,1.79769313486232e+308,1.79769313486232e+308,1.79769313486232e+308,1.79769313486232e+308,1.79769313486232e+308
237,"6/20/99",1,2110931,1.79769313486232e+308,1.79769313486232e+308,1.79769313486232e+308,1.79769313486232e+308,1.79769313486232e+308
238,"6/20/99",1,2111031,1.79769313486232e+308,1.79769313486232e+308,1.79769313486232e+308,1.79769313486232e+308,1.79769313486232e+308
239,"6/20/99",1,2111131,1.79769313486232e+308,1.79769313486232e+308,1.79769313486232e+308,1.79769313486232e+308,1.79769313486232e+308
240,"6/20/99",1,2111231,1.79769313486232e+308,1.79769313486232e+308,1.79769313486232e+308,1.79769313486232e+308,1.79769313486232e+308
241,"6/20/99",1,2111232,1.79769313486232e+308,1.79769313486232e+308,1.79769313486232e+308,1.79769313486232e+308,1.79769313486232e+308
242,"6/20/99",1,2111233,1.79769313486232e+308,1.79769313486232e+308,1.79769313486232e+308,1.79769313486232e+308,1.79769313486232e+308
243,"6/20/99",1,2111339,1.79769313486232e+308,1.79769313486232e+308,1.79769313486232e+308,1.79769313486232e+308,1.79769313486232e+308
244,"6/20/99",1,2111439,1.79769313486232e+308,1.79769313486232e+308,1.79769313486232e+308,1.79769313486232e+308,1.79769313486232e+308
245,"6/20/99",1,2111539,1.79769313486232e+308,1.79769313486232e+308,1.79769313486232e+308,1.79769313486232e+308,1.79769313486232e+308
246,"6/20/99",1,2111639,1.79769313486232e+308,1.79769313486232e+308,1.79769313486232e+308,1.79769313486232e+308,1.79769313486232e+308
247,"6/20/99",1,2111739,1.79769313486232e+308,1.79769313486232e+308,1.79769313486232e+308,1.79769313486232e+308,1.79769313486232e+308
248,"6/20/99",1,2111839,1.79769313486232e+308,1.79769313486232e+308,1.79769313486232e+308,1.79769313486232e+308,1.79769313486232e+308
1,"7/28/95",1,2120131,1.79769313486232e+308,1.79769313486232e+308,1.79769313486232e+308,1.79769313486232e+308,1.79769313486232e+308
24,"6/18/99",1,2120141,1.79769313486232e+308,1.79769313486232e+308,1.79769313486232e+308,1.79769313486232e+308,1.79769313486232e+308
25,"6/18/99",1,2120142,1.79769313486232e+308,1.79769313486232e+308,1.79769313486232e+308,1.79769313486232e+308,1.79769313486232e+308
33,"6/18/99",1,2120151,1.79769313486232e+308,1.79769313486232e+308,1.79769313486232e+308,1.79769313486232e+308,1.79769313486232e+308
2,"7/28/95",1,2120231,1.79769313486232e+308,1.79769313486232e+308,1.79769313486232e+308,1.79769313486232e+308,1.79769313486232e+308
26,"6/18/99",1,2120241,1.79769313486232e+308,1.79769313486232e+308,1.79769313486232e+308,1.79769313486232e+308,1.79769313486232e+308
34,"6/18/99",1,2120251,1.79769313486232e+308,1.79769313486232e+308,1.79769313486232e+308,1.79769313486232e+308,1.79769313486232e+308
3,"7/28/95",1,2120331,1.79769313486232e+308,1.79769313486232e+308,1.79769313486232e+308,1.79769313486232e+308,1.79769313486232e+308
27,"6/18/99",1,2120341,1.79769313486232e+308,1.79769313486232e+308,1.79769313486232e+308,1.79769313486232e+308,1.79769313486232e+308
28,"6/18/99",1,2120342,1.79769313486232e+308,1.79769313486232e+308,1.79769313486232e+308,1.79769313486232e+308,1.79769313486232e+308
35,"6/18/99",1,2120351,1.79769313486232e+308,1.79769313486232e+308,1.79769313486232e+308,1.79769313486232e+308,1.79769313486232e+308
36,"6/18/99",1,2120352,1.79769313486232e+308,1.79769313486232e+308,1.79769313486232e+308,1.79769313486232e+308,1.79769313486232e+308
4,"7/28/95",1,2120431,1.79769313486232e+308,1.79769313486232e+308,1.79769313486232e+308,1.79769313486232e+308,1.79769313486232e+308
29,"6/18/99",1,2120441,1.79769313486232e+308,1.79769313486232e+308,1.79769313486232e+308,1.79769313486232e+308,1.79769313486232e+308
37,"6/18/99",1,2120459,1.79769313486232e+308,1.79769313486232e+308,1.79769313486232e+308,1.79769313486232e+308,1.79769313486232e+308
5,"7/28/95",1,2120531,1.79769313486232e+308,1.79769313486232e+308,1.79769313486232e+308,1.79769313486232e+308,1.79769313486232e+308
31,"6/18/99",1,2120541,3,2,9,22,4
30,"6/18/99",1,2120541,3,2,5,16,4
32,"6/18/99",1,2120541,3,2,1,12,4
6,"7/28/95",1,2120631,2,5,8,5,2
7,"7/28/95",1,2120631,3,5,8,5,2
8,"7/28/95",1,2120631,5,5,8,5,2
9,"7/28/95",1,2120731,1.79769313486232e+308,1.79769313486232e+308,1.79769313486232e+308,1.79769313486232e+308,1.79769313486232e+308
10,"7/28/95",1,2120831,1,6,1.79769313486232e+308,52,4
11,"7/28/95",1,2120931,1.79769313486232e+308,1.79769313486232e+308,1.79769313486232e+308,1.79769313486232e+308,1.79769313486232e+308
12,"7/28/95",1,2120932,1.79769313486232e+308,1.79769313486232e+308,1.79769313486232e+308,1.79769313486232e+308,1.79769313486232e+308
13,"7/28/95",1,2120933,1.79769313486232e+308,1.79769313486232e+308,1.79769313486232e+308,1.79769313486232e+308,1.79769313486232e+308
14,"7/28/95",1,2121031,1.79769313486232e+308,1.79769313486232e+308,1.79769313486232e+308,1.79769313486232e+308,1.79769313486232e+308
15,"7/28/95",1,2121131,1.79769313486232e+308,1.79769313486232e+308,1.79769313486232e+308,1.79769313486232e+308,1.79769313486232e+308
16,"7/28/95",1,2121231,1.79769313486232e+308,1.79769313486232e+308,1.79769313486232e+308,1.79769313486232e+308,1.79769313486232e+308
17,"7/28/95",1,2121232,1.79769313486232e+308,1.79769313486232e+308,1.79769313486232e+308,1.79769313486232e+308,1.79769313486232e+308
18,"7/28/95",1,2121339,1.79769313486232e+308,1.79769313486232e+308,1.79769313486232e+308,1.79769313486232e+308,1.79769313486232e+308
19,"6/18/99",1,2121439,1.79769313486232e+308,1.79769313486232e+308,1.79769313486232e+308,1.79769313486232e+308,1.79769313486232e+308
20,"6/18/99",1,2121539,1.79769313486232e+308,1.79769313486232e+308,1.79769313486232e+308,1.79769313486232e+308,1.79769313486232e+308
21,"6/18/99",1,2121639,4,6,9,24,1
22,"6/18/99",1,2121739,1.79769313486232e+308,1.79769313486232e+308,1.79769313486232e+308,1.79769313486232e+308,1.79769313486232e+308
23,"6/18/99",1,2121839,1.79769313486232e+308,1.79769313486232e+308,1.79769313486232e+308,1.79769313486232e+308,1.79769313486232e+308
154,"8/27/99",1,2130131,1.79769313486232e+308,1.79769313486232e+308,1.79769313486232e+308,1.79769313486232e+308,1.79769313486232e+308
181,"8/27/99",1,2130141,1.79769313486232e+308,1.79769313486232e+308,1.79769313486232e+308,1.79769313486232e+308,1.79769313486232e+308
187,"8/27/99",1,2130151,1.79769313486232e+308,1.79769313486232e+308,1.79769313486232e+308,1.79769313486232e+308,1.79769313486232e+308
155,"8/27/99",1,2130231,1.79769313486232e+308,1.79769313486232e+308,1.79769313486232e+308,1.79769313486232e+308,1.79769313486232e+308
182,"8/27/99",1,2130241,1.79769313486232e+308,1.79769313486232e+308,1.79769313486232e+308,1.79769313486232e+308,1.79769313486232e+308
183,"8/27/99",1,2130242,1.79769313486232e+308,1.79769313486232e+308,1.79769313486232e+308,1.79769313486232e+308,1.79769313486232e+308
156,"8/27/99",1,2130331,1.79769313486232e+308,1.79769313486232e+308,1.79769313486232e+308,1.79769313486232e+308,1.79769313486232e+308
184,"8/27/99",1,2130341,1.79769313486232e+308,1.79769313486232e+308,1.79769313486232e+308,1.79769313486232e+308,1.79769313486232e+308
188,"8/27/99",1,2130351,1.79769313486232e+308,1.79769313486232e+308,1.79769313486232e+308,1.79769313486232e+308,1.79769313486232e+308
157,"8/27/99",1,2130431,5,6,10,34,2
158,"8/27/99",1,2130432,1.79769313486232e+308,1.79769313486232e+308,1.79769313486232e+308,1.79769313486232e+308,1.79769313486232e+308
185,"8/27/99",1,2130441,1.79769313486232e+308,1.79769313486232e+308,1.79769313486232e+308,1.79769313486232e+308,1.79769313486232e+308
189,"8/27/99",1,2130459,1.79769313486232e+308,1.79769313486232e+308,1.79769313486232e+308,1.79769313486232e+308,1.79769313486232e+308
159,"8/27/99",1,2130531,1.79769313486232e+308,1.79769313486232e+308,1.79769313486232e+308,1.79769313486232e+308,1.79769313486232e+308
186,"8/27/99",1,2130541,1.79769313486232e+308,1.79769313486232e+308,1.79769313486232e+308,1.79769313486232e+308,1.79769313486232e+308
160,"8/27/99",1,2130631,1.79769313486232e+308,1.79769313486232e+308,1.79769313486232e+308,1.79769313486232e+308,1.79769313486232e+308
161,"8/27/99",1,2130731,1.79769313486232e+308,1.79769313486232e+308,1.79769313486232e+308,1.79769313486232e+308,1.79769313486232e+308
162,"8/27/99",1,2130831,1.79769313486232e+308,1.79769313486232e+308,1.79769313486232e+308,1.79769313486232e+308,1.79769313486232e+308
163,"8/27/99",1,2130832,1.79769313486232e+308,1.79769313486232e+308,1.79769313486232e+308,1.79769313486232e+308,1.79769313486232e+308
164,"8/27/99",1,2130931,1.79769313486232e+308,1.79769313486232e+308,1.79769313486232e+308,1.79769313486232e+308,1.79769313486232e+308
165,"8/27/99",1,2130932,1.79769313486232e+308,1.79769313486232e+308,1.79769313486232e+308,1.79769313486232e+308,1.79769313486232e+308
166,"8/27/99",1,2130933,1.79769313486232e+308,1.79769313486232e+308,1.79769313486232e+308,1.79769313486232e+308,1.79769313486232e+308
167,"8/27/99",1,2130934,1.79769313486232e+308,1.79769313486232e+308,1.79769313486232e+308,1.79769313486232e+308,1.79769313486232e+308
168,"8/27/99",1,2131031,1.79769313486232e+308,1.79769313486232e+308,1.79769313486232e+308,1.79769313486232e+308,1.79769313486232e+308
169,"8/27/99",1,2131131,1.79769313486232e+308,1.79769313486232e+308,1.79769313486232e+308,1.79769313486232e+308,1.79769313486232e+308
170,"8/27/99",1,2131132,1.79769313486232e+308,1.79769313486232e+308,1.79769313486232e+308,1.79769313486232e+308,1.79769313486232e+308
171,"8/27/99",1,2131231,1.79769313486232e+308,1.79769313486232e+308,1.79769313486232e+308,1.79769313486232e+308,1.79769313486232e+308
172,"8/27/99",1,2131339,1.79769313486232e+308,1.79769313486232e+308,1.79769313486232e+308,1.79769313486232e+308,1.79769313486232e+308
173,"8/27/99",1,2131439,1.79769313486232e+308,1.79769313486232e+308,1.79769313486232e+308,1.79769313486232e+308,1.79769313486232e+308
174,"8/27/99",1,2131539,1.79769313486232e+308,1.79769313486232e+308,1.79769313486232e+308,1.79769313486232e+308,1.79769313486232e+308
175,"8/27/99",1,2131639,1.79769313486232e+308,1.79769313486232e+308,1.79769313486232e+308,1.79769313486232e+308,1.79769313486232e+308
176,"8/27/99",1,2131739,1.79769313486232e+308,1.79769313486232e+308,1.79769313486232e+308,1.79769313486232e+308,1.79769313486232e+308
177,"8/27/99",1,2131839,1.79769313486232e+308,1.79769313486232e+308,1.79769313486232e+308,1.79769313486232e+308,1.79769313486232e+308
178,"8/27/99",1,2131939,1.79769313486232e+308,1.79769313486232e+308,1.79769313486232e+308,1.79769313486232e+308,1.79769313486232e+308
179,"8/27/99",1,2132039,1.79769313486232e+308,1.79769313486232e+308,1.79769313486232e+308,1.79769313486232e+308,1.79769313486232e+308
180,"8/27/99",1,2132139,1.79769313486232e+308,1.79769313486232e+308,1.79769313486232e+308,1.79769313486232e+308,1.79769313486232e+308
60,"8/05/99",1,2210131,1.79769313486232e+308,1.79769313486232e+308,1.79769313486232e+308,1.79769313486232e+308,1.79769313486232e+308
88,"8/05/99",1,2210141,1.79769313486232e+308,1.79769313486232e+308,1.79769313486232e+308,1.79769313486232e+308,1.79769313486232e+308
96,"8/05/99",1,2210151,1.79769313486232e+308,1.79769313486232e+308,1.79769313486232e+308,1.79769313486232e+308,1.79769313486232e+308
61,"8/05/99",1,2210231,1.79769313486232e+308,1.79769313486232e+308,1.79769313486232e+308,1.79769313486232e+308,1.79769313486232e+308
89,"8/05/99",1,2210241,1.79769313486232e+308,1.79769313486232e+308,1.79769313486232e+308,1.79769313486232e+308,1.79769313486232e+308
97,"8/05/99",1,2210251,1.79769313486232e+308,1.79769313486232e+308,1.79769313486232e+308,1.79769313486232e+308,1.79769313486232e+308
98,"8/05/99",1,2210252,1.79769313486232e+308,1.79769313486232e+308,1.79769313486232e+308,1.79769313486232e+308,1.79769313486232e+308
99,"8/05/99",1,2210253,1.79769313486232e+308,1.79769313486232e+308,1.79769313486232e+308,1.79769313486232e+308,1.79769313486232e+308
62,"8/05/99",1,2210331,1.79769313486232e+308,1.79769313486232e+308,1.79769313486232e+308,1.79769313486232e+308,1.79769313486232e+308
90,"8/05/99",1,2210341,1.79769313486232e+308,1.79769313486232e+308,1.79769313486232e+308,1.79769313486232e+308,1.79769313486232e+308
100,"8/05/99",1,2210351,1,1,1.79769313486232e+308,52,5
63,"8/05/99",1,2210431,1.79769313486232e+308,1.79769313486232e+308,1.79769313486232e+308,1.79769313486232e+308,1.79769313486232e+308
91,"8/05/99",1,2210441,1.79769313486232e+308,1.79769313486232e+308,1.79769313486232e+308,1.79769313486232e+308,1.79769313486232e+308
101,"8/05/99",1,2210459,1,1,1.79769313486232e+308,52,5
65,"8/05/99",1,2210531,3,2,7,20,1
64,"8/05/99",1,2210531,3,2,2,24,1
92,"8/05/99",1,2210541,1.79769313486232e+308,1.79769313486232e+308,1.79769313486232e+308,1.79769313486232e+308,1.79769313486232e+308
93,"8/05/99",1,2210542,1.79769313486232e+308,1.79769313486232e+308,1.79769313486232e+308,1.79769313486232e+308,1.79769313486232e+308
94,"8/05/99",1,2210543,1.79769313486232e+308,1.79769313486232e+308,1.79769313486232e+308,1.79769313486232e+308,1.79769313486232e+308
66,"8/05/99",1,2210631,1.79769313486232e+308,1.79769313486232e+308,1.79769313486232e+308,1.79769313486232e+308,1.79769313486232e+308
95,"8/05/99",1,2210641,1.79769313486232e+308,1.79769313486232e+308,1.79769313486232e+308,1.79769313486232e+308,1.79769313486232e+308
67,"8/05/99",1,2210731,1.79769313486232e+308,1.79769313486232e+308,1.79769313486232e+308,1.79769313486232e+308,1.79769313486232e+308
68,"8/05/99",1,2210831,1,1,1.79769313486232e+308,52,5
69,"8/05/99",1,2210931,4,2,9,26,2
70,"8/05/99",1,2210931,5,6,1.79769313486232e+308,52,3
71,"8/05/99",1,2211031,1.79769313486232e+308,1.79769313486232e+308,1.79769313486232e+308,1.79769313486232e+308,1.79769313486232e+308
72,"8/05/99",1,2211131,1,1,1.79769313486232e+308,52,5
73,"8/05/99",1,2211231,1.79769313486232e+308,1.79769313486232e+308,1.79769313486232e+308,1.79769313486232e+308,1.79769313486232e+308
74,"8/05/99",1,2211331,1.79769313486232e+308,1.79769313486232e+308,1.79769313486232e+308,1.79769313486232e+308,1.79769313486232e+308
75,"8/05/99",1,2211431,1.79769313486232e+308,1.79769313486232e+308,1.79769313486232e+308,1.79769313486232e+308,1.79769313486232e+308
76,"8/05/99",1,2211539,1.79769313486232e+308,1.79769313486232e+308,1.79769313486232e+308,1.79769313486232e+308,1.79769313486232e+308
77,"8/05/99",1,2211639,1,1,1.79769313486232e+308,52,5
78,"8/05/99",1,2211739,1.79769313486232e+308,1.79769313486232e+308,1.79769313486232e+308,1.79769313486232e+308,1.79769313486232e+308
79,"8/05/99",1,2211839,1.79769313486232e+308,1.79769313486232e+308,1.79769313486232e+308,1.79769313486232e+308,1.79769313486232e+308
80,"8/05/99",1,2211939,1.79769313486232e+308,1.79769313486232e+308,1.79769313486232e+308,1.79769313486232e+308,1.79769313486232e+308
81,"8/05/99",1,2212039,1.79769313486232e+308,1.79769313486232e+308,1.79769313486232e+308,1.79769313486232e+308,1.79769313486232e+308
82,"8/05/99",1,2212139,1.79769313486232e+308,1.79769313486232e+308,1.79769313486232e+308,1.79769313486232e+308,1.79769313486232e+308
83,"8/05/99",1,2212239,1.79769313486232e+308,1.79769313486232e+308,1.79769313486232e+308,1.79769313486232e+308,1.79769313486232e+308
84,"8/05/99",1,2212339,1.79769313486232e+308,1.79769313486232e+308,1.79769313486232e+308,1.79769313486232e+308,1.79769313486232e+308
85,"8/05/99",1,2212439,1.79769313486232e+308,1.79769313486232e+308,1.79769313486232e+308,1.79769313486232e+308,1.79769313486232e+308
86,"8/05/99",1,2212539,1.79769313486232e+308,1.79769313486232e+308,1.79769313486232e+308,1.79769313486232e+308,1.79769313486232e+308
87,"8/05/99",1,2212639,1.79769313486232e+308,1.79769313486232e+308,1.79769313486232e+308,1.79769313486232e+308,1.79769313486232e+308
1,"8/26/99",1,2220131,1.79769313486232e+308,1.79769313486232e+308,1.79769313486232e+308,1.79769313486232e+308,1.79769313486232e+308
28,"8/26/99",1,2220141,1.79769313486232e+308,1.79769313486232e+308,1.79769313486232e+308,1.79769313486232e+308,1.79769313486232e+308
34,"8/26/99",1,2220151,1.79769313486232e+308,1.79769313486232e+308,1.79769313486232e+308,1.79769313486232e+308,1.79769313486232e+308
35,"8/26/99",1,2220152,1.79769313486232e+308,1.79769313486232e+308,1.79769313486232e+308,1.79769313486232e+308,1.79769313486232e+308
36,"8/26/99",1,2220153,1.79769313486232e+308,1.79769313486232e+308,1.79769313486232e+308,1.79769313486232e+308,1.79769313486232e+308
37,"8/26/99",1,2220154,1.79769313486232e+308,1.79769313486232e+308,1.79769313486232e+308,1.79769313486232e+308,1.79769313486232e+308
2,"8/26/99",1,2220231,1.79769313486232e+308,1.79769313486232e+308,1.79769313486232e+308,1.79769313486232e+308,1.79769313486232e+308
3,"8/26/99",1,2220232,1.79769313486232e+308,1.79769313486232e+308,1.79769313486232e+308,1.79769313486232e+308,1.79769313486232e+308
4,"8/26/99",1,2220233,1.79769313486232e+308,1.79769313486232e+308,1.79769313486232e+308,1.79769313486232e+308,1.79769313486232e+308
29,"8/26/99",1,2220241,1,1,1.79769313486232e+308,52,5
39,"8/26/99",1,2220251,3,2,3,15,3
38,"8/26/99",1,2220251,3,2,8,28,3
40,"8/26/99",1,2220251,4,2,8,28,3
41,"8/26/99",1,2220251,4,2,3,15,3
30,"8/26/99",1,2220341,1.79769313486232e+308,1.79769313486232e+308,1.79769313486232e+308,1.79769313486232e+308,1.79769313486232e+308
42,"8/26/99",1,2220351,1.79769313486232e+308,1.79769313486232e+308,1.79769313486232e+308,1.79769313486232e+308,1.79769313486232e+308
5,"8/26/99",1,2220431,1.79769313486232e+308,1.79769313486232e+308,1.79769313486232e+308,1.79769313486232e+308,1.79769313486232e+308
31,"8/26/99",1,2220441,1.79769313486232e+308,1.79769313486232e+308,1.79769313486232e+308,1.79769313486232e+308,1.79769313486232e+308
32,"8/26/99",1,2220442,1.79769313486232e+308,1.79769313486232e+308,1.79769313486232e+308,1.79769313486232e+308,1.79769313486232e+308
43,"8/26/99",1,2220459,1.79769313486232e+308,1.79769313486232e+308,1.79769313486232e+308,1.79769313486232e+308,1.79769313486232e+308
6,"8/26/99",1,2220531,1.79769313486232e+308,1.79769313486232e+308,1.79769313486232e+308,1.79769313486232e+308,1.79769313486232e+308
7,"8/26/99",1,2220532,1.79769313486232e+308,1.79769313486232e+308,1.79769313486232e+308,1.79769313486232e+308,1.79769313486232e+308
8,"8/26/99",1,2220533,1.79769313486232e+308,1.79769313486232e+308,1.79769313486232e+308,1.79769313486232e+308,1.79769313486232e+308
9,"8/26/99",1,2220631,1.79769313486232e+308,1.79769313486232e+308,1.79769313486232e+308,1.79769313486232e+308,1.79769313486232e+308
33,"8/26/99",1,2220641,1.79769313486232e+308,1.79769313486232e+308,1.79769313486232e+308,1.79769313486232e+308,1.79769313486232e+308
10,"8/26/99",1,2220731,3,1,1.79769313486232e+308,52,5
11,"8/26/99",1,2220831,1.79769313486232e+308,1.79769313486232e+308,1.79769313486232e+308,1.79769313486232e+308,1.79769313486232e+308
12,"8/26/99",1,2220931,1.79769313486232e+308,1.79769313486232e+308,1.79769313486232e+308,1.79769313486232e+308,1.79769313486232e+308
13,"8/26/99",1,2221031,1.79769313486232e+308,1.79769313486232e+308,1.79769313486232e+308,1.79769313486232e+308,1.79769313486232e+308
14,"8/26/99",1,2221131,1.79769313486232e+308,1.79769313486232e+308,1.79769313486232e+308,1.79769313486232e+308,1.79769313486232e+308
15,"8/26/99",1,2221231,1.79769313486232e+308,1.79769313486232e+308,1.79769313486232e+308,1.79769313486232e+308,1.79769313486232e+308
16,"8/26/99",1,2221331,4,1,6,43,3
17,"8/26/99",1,2221431,1.79769313486232e+308,1.79769313486232e+308,1.79769313486232e+308,1.79769313486232e+308,1.79769313486232e+308
18,"8/26/99",1,2221539,1.79769313486232e+308,1.79769313486232e+308,1.79769313486232e+308,1.79769313486232e+308,1.79769313486232e+308
19,"8/26/99",1,2221639,1.79769313486232e+308,1.79769313486232e+308,1.79769313486232e+308,1.79769313486232e+308,1.79769313486232e+308
20,"8/26/99",1,2221739,1.79769313486232e+308,1.79769313486232e+308,1.79769313486232e+308,1.79769313486232e+308,1.79769313486232e+308
21,"8/26/99",1,2221839,1.79769313486232e+308,1.79769313486232e+308,1.79769313486232e+308,1.79769313486232e+308,1.79769313486232e+308
22,"8/26/99",1,2221939,1.79769313486232e+308,1.79769313486232e+308,1.79769313486232e+308,1.79769313486232e+308,1.79769313486232e+308
23,"8/26/99",1,2222039,1.79769313486232e+308,1.79769313486232e+308,1.79769313486232e+308,1.79769313486232e+308,1.79769313486232e+308
24,"8/26/99",1,2222139,1.79769313486232e+308,1.79769313486232e+308,1.79769313486232e+308,1.79769313486232e+308,1.79769313486232e+308
25,"8/26/99",1,2222239,1.79769313486232e+308,1.79769313486232e+308,1.79769313486232e+308,1.79769313486232e+308,1.79769313486232e+308
26,"8/26/99",1,2222339,1.79769313486232e+308,1.79769313486232e+308,1.79769313486232e+308,1.79769313486232e+308,1.79769313486232e+308
27,"8/26/99",1,2222439,1.79769313486232e+308,1.79769313486232e+308,1.79769313486232e+308,1.79769313486232e+308,1.79769313486232e+308
170,"6/10/99",1,2230131,1.79769313486232e+308,1.79769313486232e+308,1.79769313486232e+308,1.79769313486232e+308,1.79769313486232e+308
171,"6/19/99",1,2230132,1.79769313486232e+308,1.79769313486232e+308,1.79769313486232e+308,1.79769313486232e+308,1.79769313486232e+308
199,"6/19/99",1,2230141,1.79769313486232e+308,1.79769313486232e+308,1.79769313486232e+308,1.79769313486232e+308,1.79769313486232e+308
207,"6/19/99",1,2230151,1.79769313486232e+308,1.79769313486232e+308,1.79769313486232e+308,1.79769313486232e+308,1.79769313486232e+308
172,"6/19/99",1,2230231,1.79769313486232e+308,1.79769313486232e+308,1.79769313486232e+308,1.79769313486232e+308,1.79769313486232e+308
173,"6/19/99",1,2230232,1.79769313486232e+308,1.79769313486232e+308,1.79769313486232e+308,1.79769313486232e+308,1.79769313486232e+308
200,"6/19/99",1,2230241,1.79769313486232e+308,1.79769313486232e+308,1.79769313486232e+308,1.79769313486232e+308,1.79769313486232e+308
208,"6/19/99",1,2230251,1.79769313486232e+308,1.79769313486232e+308,1.79769313486232e+308,1.79769313486232e+308,1.79769313486232e+308
174,"6/19/99",1,2230331,1.79769313486232e+308,1.79769313486232e+308,1.79769313486232e+308,1.79769313486232e+308,1.79769313486232e+308
201,"6/19/99",1,2230341,5,2,3,16,2
203,"6/19/99",1,2230341,5,2,12,15,2
202,"6/19/99",1,2230341,5,2,7,15,2
209,"6/19/99",1,2230351,1.79769313486232e+308,1.79769313486232e+308,1.79769313486232e+308,1.79769313486232e+308,1.79769313486232e+308
175,"6/19/99",1,2230431,1.79769313486232e+308,1.79769313486232e+308,1.79769313486232e+308,1.79769313486232e+308,1.79769313486232e+308
176,"6/19/99",1,2230432,1.79769313486232e+308,1.79769313486232e+308,1.79769313486232e+308,1.79769313486232e+308,1.79769313486232e+308
204,"6/19/99",1,2230441,1.79769313486232e+308,1.79769313486232e+308,1.79769313486232e+308,1.79769313486232e+308,1.79769313486232e+308
210,"6/19/99",1,2230459,1.79769313486232e+308,1.79769313486232e+308,1.79769313486232e+308,1.79769313486232e+308,1.79769313486232e+308
177,"6/19/99",1,2230531,3,1,1.79769313486232e+308,52,5
205,"6/19/99",1,2230541,6,1,1.79769313486232e+308,52,5
178,"6/19/99",1,2230631,1.79769313486232e+308,1.79769313486232e+308,1.79769313486232e+308,1.79769313486232e+308,1.79769313486232e+308
206,"6/19/99",1,2230641,1.79769313486232e+308,1.79769313486232e+308,1.79769313486232e+308,1.79769313486232e+308,1.79769313486232e+308
179,"6/19/99",1,2230731,1.79769313486232e+308,1.79769313486232e+308,1.79769313486232e+308,1.79769313486232e+308,1.79769313486232e+308
180,"6/19/99",1,2230831,1.79769313486232e+308,1.79769313486232e+308,1.79769313486232e+308,1.79769313486232e+308,1.79769313486232e+308
181,"6/19/99",1,2230931,1,1,9,16,5
182,"6/19/99",1,2231031,1.79769313486232e+308,1.79769313486232e+308,1.79769313486232e+308,1.79769313486232e+308,1.79769313486232e+308
183,"6/19/99",1,2231131,1.79769313486232e+308,1.79769313486232e+308,1.79769313486232e+308,1.79769313486232e+308,1.79769313486232e+308
184,"6/19/99",1,2231132,1.79769313486232e+308,1.79769313486232e+308,1.79769313486232e+308,1.79769313486232e+308,1.79769313486232e+308
185,"6/19/99",1,2231231,1.79769313486232e+308,1.79769313486232e+308,1.79769313486232e+308,1.79769313486232e+308,1.79769313486232e+308
186,"6/19/99",1,2231331,1.79769313486232e+308,1.79769313486232e+308,1.79769313486232e+308,1.79769313486232e+308,1.79769313486232e+308
187,"6/19/99",1,2231431,1.79769313486232e+308,1.79769313486232e+308,1.79769313486232e+308,1.79769313486232e+308,1.79769313486232e+308
188,"6/19/99",1,2231432,1,1,1.79769313486232e+308,52,5
189,"6/19/99",1,2231433,1,1,6,52,5
190,"6/19/99",1,2231539,1.79769313486232e+308,1.79769313486232e+308,1.79769313486232e+308,1.79769313486232e+308,1.79769313486232e+308
191,"6/19/99",1,2231639,1,1,9,26,5
192,"6/19/99",1,2231739,1,1,1.79769313486232e+308,26,5
193,"6/19/99",1,2231839,1.79769313486232e+308,1.79769313486232e+308,1.79769313486232e+308,1.79769313486232e+308,1.79769313486232e+308
194,"6/19/99",1,2231939,1.79769313486232e+308,1.79769313486232e+308,1.79769313486232e+308,1.79769313486232e+308,1.79769313486232e+308
195,"6/19/99",1,2232039,1.79769313486232e+308,1.79769313486232e+308,1.79769313486232e+308,1.79769313486232e+308,1.79769313486232e+308
196,"6/19/99",1,2232139,1.79769313486232e+308,1.79769313486232e+308,1.79769313486232e+308,1.79769313486232e+308,1.79769313486232e+308
197,"6/19/99",1,2232239,1.79769313486232e+308,1.79769313486232e+308,1.79769313486232e+308,1.79769313486232e+308,1.79769313486232e+308
198,"6/19/99",1,2232339,1.79769313486232e+308,1.79769313486232e+308,1.79769313486232e+308,1.79769313486232e+308,1.79769313486232e+308
29,"5/22/99",1,2310131,1.79769313486232e+308,1.79769313486232e+308,1.79769313486232e+308,1.79769313486232e+308,1.79769313486232e+308
52,"5/22/99",1,2310141,1.79769313486232e+308,1.79769313486232e+308,1.79769313486232e+308,1.79769313486232e+308,1.79769313486232e+308
56,"5/22/99",1,2310151,3,2,1.79769313486232e+308,52,3
1.79769313486232e+308,"22/08/99",1,2310151,6,2,1.79769313486232e+308,52,3
30,"5/22/99",1,2310231,1.79769313486232e+308,1.79769313486232e+308,1.79769313486232e+308,1.79769313486232e+308,1.79769313486232e+308
53,"5/22/99",1,2310241,1.79769313486232e+308,1.79769313486232e+308,1.79769313486232e+308,1.79769313486232e+308,1.79769313486232e+308
31,"5/22/99",1,2310331,1.79769313486232e+308,1.79769313486232e+308,1.79769313486232e+308,1.79769313486232e+308,1.79769313486232e+308
54,"5/22/99",1,2310341,1.79769313486232e+308,1.79769313486232e+308,1.79769313486232e+308,1.79769313486232e+308,1.79769313486232e+308
57,"5/22/99",1,2310351,1.79769313486232e+308,1.79769313486232e+308,1.79769313486232e+308,1.79769313486232e+308,1.79769313486232e+308
58,"5/22/99",1,2310352,1,1,1.79769313486232e+308,25,5
59,"5/22/99",1,2310353,1,1,1.79769313486232e+308,52,5
32,"5/22/99",1,2310431,1.79769313486232e+308,1.79769313486232e+308,1.79769313486232e+308,1.79769313486232e+308,1.79769313486232e+308
55,"5/22/99",1,2310441,1.79769313486232e+308,1.79769313486232e+308,1.79769313486232e+308,1.79769313486232e+308,1.79769313486232e+308
60,"5/22/99",1,2310459,1.79769313486232e+308,1.79769313486232e+308,1.79769313486232e+308,1.79769313486232e+308,1.79769313486232e+308
33,"5/22/99",1,2310531,1.79769313486232e+308,1.79769313486232e+308,1.79769313486232e+308,1.79769313486232e+308,1.79769313486232e+308
34,"5/22/99",1,2310631,1.79769313486232e+308,1.79769313486232e+308,1.79769313486232e+308,1.79769313486232e+308,1.79769313486232e+308
35,"5/22/99",1,2310731,1.79769313486232e+308,1.79769313486232e+308,1.79769313486232e+308,1.79769313486232e+308,1.79769313486232e+308
36,"5/22/99",1,2310831,3,1,1.79769313486232e+308,52,5
37,"5/22/99",1,2310832,1.79769313486232e+308,1.79769313486232e+308,1.79769313486232e+308,1.79769313486232e+308,1.79769313486232e+308
38,"5/22/99",1,2310931,1.79769313486232e+308,1.79769313486232e+308,1.79769313486232e+308,1.79769313486232e+308,1.79769313486232e+308
39,"5/22/99",1,2311031,5,1,1.79769313486232e+308,52,3
40,"5/22/99",1,2311032,1.79769313486232e+308,1.79769313486232e+308,1.79769313486232e+308,1.79769313486232e+308,1.79769313486232e+308
41,"5/22/99",1,2311131,1.79769313486232e+308,1.79769313486232e+308,1.79769313486232e+308,1.79769313486232e+308,1.79769313486232e+308
42,"5/22/99",1,2311231,1.79769313486232e+308,1.79769313486232e+308,1.79769313486232e+308,1.79769313486232e+308,1.79769313486232e+308
43,"5/22/99",1,2311339,1.79769313486232e+308,1.79769313486232e+308,1.79769313486232e+308,1.79769313486232e+308,1.79769313486232e+308
44,"5/22/99",1,2311439,1.79769313486232e+308,1.79769313486232e+308,1.79769313486232e+308,1.79769313486232e+308,1.79769313486232e+308
45,"5/22/99",1,2311539,1.79769313486232e+308,1.79769313486232e+308,1.79769313486232e+308,1.79769313486232e+308,1.79769313486232e+308
46,"5/22/99",1,2311639,1.79769313486232e+308,1.79769313486232e+308,1.79769313486232e+308,1.79769313486232e+308,1.79769313486232e+308
47,"5/22/99",1,2311739,1.79769313486232e+308,1.79769313486232e+308,1.79769313486232e+308,1.79769313486232e+308,1.79769313486232e+308
48,"5/22/99",1,2311839,3,1,1.79769313486232e+308,52,4
1.79769313486232e+308,"22/08/99",1,2311839,4,1,1.79769313486232e+308,52,4
49,"5/22/99",1,2311939,1.79769313486232e+308,1.79769313486232e+308,1.79769313486232e+308,1.79769313486232e+308,1.79769313486232e+308
50,"5/22/99",1,2312039,1.79769313486232e+308,1.79769313486232e+308,1.79769313486232e+308,1.79769313486232e+308,1.79769313486232e+308
51,"5/22/99",1,2312139,1.79769313486232e+308,1.79769313486232e+308,1.79769313486232e+308,1.79769313486232e+308,1.79769313486232e+308
116,"7/15/99",1,2320131,1.79769313486232e+308,1.79769313486232e+308,1.79769313486232e+308,1.79769313486232e+308,1.79769313486232e+308
144,"7/15/99",1,2320141,1.79769313486232e+308,1.79769313486232e+308,1.79769313486232e+308,1.79769313486232e+308,1.79769313486232e+308
151,"7/15/99",1,2320151,1.79769313486232e+308,1.79769313486232e+308,1.79769313486232e+308,1.79769313486232e+308,1.79769313486232e+308
152,"7/15/99",1,2320152,1.79769313486232e+308,1.79769313486232e+308,1.79769313486232e+308,1.79769313486232e+308,1.79769313486232e+308
117,"7/15/99",1,2320231,1,6,1.79769313486232e+308,52,1
119,"7/15/99",1,2320232,2,2,7,28,1
120,"7/15/99",1,2320232,2,2,2,12,1
118,"7/15/99",1,2320232,2,2,5,6,1
145,"7/15/99",1,2320241,1.79769313486232e+308,1.79769313486232e+308,1.79769313486232e+308,1.79769313486232e+308,1.79769313486232e+308
146,"7/15/99",1,2320242,1.79769313486232e+308,1.79769313486232e+308,1.79769313486232e+308,1.79769313486232e+308,1.79769313486232e+308
153,"7/15/99",1,2320251,1.79769313486232e+308,1.79769313486232e+308,1.79769313486232e+308,1.79769313486232e+308,1.79769313486232e+308
154,"7/15/99",1,2320252,1.79769313486232e+308,1.79769313486232e+308,1.79769313486232e+308,1.79769313486232e+308,1.79769313486232e+308
155,"7/15/99",1,2320253,1.79769313486232e+308,1.79769313486232e+308,1.79769313486232e+308,1.79769313486232e+308,1.79769313486232e+308
121,"7/15/99",1,2320331,1.79769313486232e+308,1.79769313486232e+308,1.79769313486232e+308,1.79769313486232e+308,1.79769313486232e+308
147,"7/15/99",1,2320341,1.79769313486232e+308,1.79769313486232e+308,1.79769313486232e+308,1.79769313486232e+308,1.79769313486232e+308
156,"7/15/99",1,2320351,1.79769313486232e+308,1.79769313486232e+308,1.79769313486232e+308,1.79769313486232e+308,1.79769313486232e+308
122,"7/15/99",1,2320431,1.79769313486232e+308,1.79769313486232e+308,1.79769313486232e+308,1.79769313486232e+308,1.79769313486232e+308
123,"7/15/99",1,2320432,1.79769313486232e+308,1.79769313486232e+308,1.79769313486232e+308,1.79769313486232e+308,1.79769313486232e+308
124,"7/15/99",1,2320433,1.79769313486232e+308,1.79769313486232e+308,1.79769313486232e+308,1.79769313486232e+308,1.79769313486232e+308
125,"7/15/99",1,2320434,1.79769313486232e+308,1.79769313486232e+308,1.79769313486232e+308,1.79769313486232e+308,1.79769313486232e+308
148,"7/15/99",1,2320441,1.79769313486232e+308,1.79769313486232e+308,1.79769313486232e+308,1.79769313486232e+308,1.79769313486232e+308
149,"7/15/99",1,2320442,1.79769313486232e+308,1.79769313486232e+308,1.79769313486232e+308,1.79769313486232e+308,1.79769313486232e+308
157,"7/15/99",1,2320459,1.79769313486232e+308,1.79769313486232e+308,1.79769313486232e+308,1.79769313486232e+308,1.79769313486232e+308
126,"7/15/99",1,2320531,1.79769313486232e+308,1.79769313486232e+308,1.79769313486232e+308,1.79769313486232e+308,1.79769313486232e+308
150,"7/15/99",1,2320541,1.79769313486232e+308,1.79769313486232e+308,1.79769313486232e+308,1.79769313486232e+308,1.79769313486232e+308
127,"7/15/99",1,2320631,1.79769313486232e+308,1.79769313486232e+308,1.79769313486232e+308,1.79769313486232e+308,1.79769313486232e+308
128,"7/15/99",1,2320731,1.79769313486232e+308,1.79769313486232e+308,1.79769313486232e+308,1.79769313486232e+308,1.79769313486232e+308
129,"7/15/99",1,2320831,1.79769313486232e+308,1.79769313486232e+308,1.79769313486232e+308,1.79769313486232e+308,1.79769313486232e+308
130,"7/15/99",1,2320931,1.79769313486232e+308,1.79769313486232e+308,1.79769313486232e+308,1.79769313486232e+308,1.79769313486232e+308
131,"7/15/99",1,2320932,1.79769313486232e+308,1.79769313486232e+308,1.79769313486232e+308,1.79769313486232e+308,1.79769313486232e+308
132,"7/15/99",1,2321031,1.79769313486232e+308,1.79769313486232e+308,1.79769313486232e+308,1.79769313486232e+308,1.79769313486232e+308
133,"7/15/99",1,2321131,1.79769313486232e+308,1.79769313486232e+308,1.79769313486232e+308,1.79769313486232e+308,1.79769313486232e+308
134,"7/15/99",1,2321132,1.79769313486232e+308,1.79769313486232e+308,1.79769313486232e+308,1.79769313486232e+308,1.79769313486232e+308
135,"7/15/99",1,2321231,1.79769313486232e+308,1.79769313486232e+308,1.79769313486232e+308,1.79769313486232e+308,1.79769313486232e+308
136,"7/15/99",1,2321232,1.79769313486232e+308,1.79769313486232e+308,1.79769313486232e+308,1.79769313486232e+308,1.79769313486232e+308
137,"7/15/99",1,2321339,1.79769313486232e+308,1.79769313486232e+308,1.79769313486232e+308,1.79769313486232e+308,1.79769313486232e+308
138,"7/15/99",1,2321439,1.79769313486232e+308,1.79769313486232e+308,1.79769313486232e+308,1.79769313486232e+308,1.79769313486232e+308
139,"7/15/99",1,2321539,1.79769313486232e+308,1.79769313486232e+308,1.79769313486232e+308,1.79769313486232e+308,1.79769313486232e+308
140,"7/15/99",1,2321639,1.79769313486232e+308,1.79769313486232e+308,1.79769313486232e+308,1.79769313486232e+308,1.79769313486232e+308
141,"7/15/99",1,2321739,1.79769313486232e+308,1.79769313486232e+308,1.79769313486232e+308,1.79769313486232e+308,1.79769313486232e+308
142,"7/15/99",1,2321839,1.79769313486232e+308,1.79769313486232e+308,1.79769313486232e+308,1.79769313486232e+308,1.79769313486232e+308
143,"7/15/99",1,2321939,1.79769313486232e+308,1.79769313486232e+308,1.79769313486232e+308,1.79769313486232e+308,1.79769313486232e+308
45,"9/06/95",1,2330131,1.79769313486232e+308,1.79769313486232e+308,1.79769313486232e+308,1.79769313486232e+308,1.79769313486232e+308
69,"9/16/95",1,2330141,1.79769313486232e+308,1.79769313486232e+308,1.79769313486232e+308,1.79769313486232e+308,1.79769313486232e+308
74,"9/16/95",1,2330151,1.79769313486232e+308,1.79769313486232e+308,1.79769313486232e+308,1.79769313486232e+308,1.79769313486232e+308
46,"9/06/95",1,2330231,1.79769313486232e+308,1.79769313486232e+308,1.79769313486232e+308,1.79769313486232e+308,1.79769313486232e+308
70,"9/16/95",1,2330241,1.79769313486232e+308,1.79769313486232e+308,1.79769313486232e+308,1.79769313486232e+308,1.79769313486232e+308
75,"9/16/95",1,2330251,1.79769313486232e+308,1.79769313486232e+308,1.79769313486232e+308,1.79769313486232e+308,1.79769313486232e+308
47,"9/06/95",1,2330331,1.79769313486232e+308,1.79769313486232e+308,1.79769313486232e+308,1.79769313486232e+308,1.79769313486232e+308
71,"9/16/95",1,2330341,1.79769313486232e+308,1.79769313486232e+308,1.79769313486232e+308,1.79769313486232e+308,1.79769313486232e+308
76,"9/16/95",1,2330351,1.79769313486232e+308,1.79769313486232e+308,1.79769313486232e+308,1.79769313486232e+308,1.79769313486232e+308
48,"9/06/95",1,2330431,1.79769313486232e+308,1.79769313486232e+308,1.79769313486232e+308,1.79769313486232e+308,1.79769313486232e+308
72,"9/16/95",1,2330441,1.79769313486232e+308,1.79769313486232e+308,1.79769313486232e+308,1.79769313486232e+308,1.79769313486232e+308
77,"9/16/95",1,2330459,1.79769313486232e+308,1.79769313486232e+308,1.79769313486232e+308,1.79769313486232e+308,1.79769313486232e+308
49,"9/06/95",1,2330531,1.79769313486232e+308,1.79769313486232e+308,1.79769313486232e+308,1.79769313486232e+308,1.79769313486232e+308
73,"9/16/95",1,2330541,1.79769313486232e+308,1.79769313486232e+308,1.79769313486232e+308,1.79769313486232e+308,1.79769313486232e+308
50,"9/06/95",1,2330631,1.79769313486232e+308,1.79769313486232e+308,1.79769313486232e+308,1.79769313486232e+308,1.79769313486232e+308
51,"9/06/95",1,2330731,1.79769313486232e+308,1.79769313486232e+308,1.79769313486232e+308,1.79769313486232e+308,1.79769313486232e+308
52,"9/06/95",1,2330831,1.79769313486232e+308,1.79769313486232e+308,1.79769313486232e+308,1.79769313486232e+308,1.79769313486232e+308
53,"9/06/95",1,2330931,4,4,2,17,3
54,"9/06/95",1,2331031,1.79769313486232e+308,1.79769313486232e+308,1.79769313486232e+308,1.79769313486232e+308,1.79769313486232e+308
55,"9/06/95",1,2331131,3,1,9,32,3
1.79769313486232e+308,"10/11/99",1,2331131,3,1,4,12,3
1.79769313486232e+308,"10/11/99",1,2331131,4,1,4,12,3
56,"9/06/95",1,2331131,4,1,9,32,3
57,"9/06/95",1,2331231,1.79769313486232e+308,1.79769313486232e+308,1.79769313486232e+308,1.79769313486232e+308,1.79769313486232e+308
58,"9/06/95",1,2331339,1.79769313486232e+308,1.79769313486232e+308,1.79769313486232e+308,1.79769313486232e+308,1.79769313486232e+308
59,"9/06/95",1,2331439,1.79769313486232e+308,1.79769313486232e+308,1.79769313486232e+308,1.79769313486232e+308,1.79769313486232e+308
60,"9/06/95",1,2331539,1.79769313486232e+308,1.79769313486232e+308,1.79769313486232e+308,1.79769313486232e+308,1.79769313486232e+308
61,"9/06/95",1,2331639,1.79769313486232e+308,1.79769313486232e+308,1.79769313486232e+308,1.79769313486232e+308,1.79769313486232e+308
62,"9/16/95",1,2331739,1.79769313486232e+308,1.79769313486232e+308,1.79769313486232e+308,1.79769313486232e+308,1.79769313486232e+308
63,"9/16/95",1,2331839,1.79769313486232e+308,1.79769313486232e+308,1.79769313486232e+308,1.79769313486232e+308,1.79769313486232e+308
64,"9/16/95",1,2331939,1.79769313486232e+308,1.79769313486232e+308,1.79769313486232e+308,1.79769313486232e+308,1.79769313486232e+308
65,"9/16/95",1,2332039,1.79769313486232e+308,1.79769313486232e+308,1.79769313486232e+308,1.79769313486232e+308,1.79769313486232e+308
66,"9/16/95",1,2332139,1.79769313486232e+308,1.79769313486232e+308,1.79769313486232e+308,1.79769313486232e+308,1.79769313486232e+308
67,"9/16/95",1,2332239,1.79769313486232e+308,1.79769313486232e+308,1.79769313486232e+308,1.79769313486232e+308,1.79769313486232e+308
68,"9/16/95",1,2332339,1.79769313486232e+308,1.79769313486232e+308,1.79769313486232e+308,1.79769313486232e+308,1.79769313486232e+308
1,"2/10/99",1,2410131,1.79769313486232e+308,1.79769313486232e+308,1.79769313486232e+308,1.79769313486232e+308,1.79769313486232e+308
20,"2/10/99",1,2410141,2,6,4,33,3
1.79769313486232e+308,"8/18/99",1,2410141,4,6,4,33,3
1.79769313486232e+308,"8/18/99",1,2410141,5,6,4,33,3
24,"2/10/99",1,2410151,1.79769313486232e+308,1.79769313486232e+308,1.79769313486232e+308,1.79769313486232e+308,1.79769313486232e+308
1.79769313486232e+308,"12/7/99",1,2410231,4,1,2,6,3
2,"2/10/99",1,2410231,4,1,11,12,3
21,"2/10/99",1,2410241,1.79769313486232e+308,1.79769313486232e+308,1.79769313486232e+308,1.79769313486232e+308,1.79769313486232e+308
3,"2/10/99",1,2410331,1.79769313486232e+308,1.79769313486232e+308,1.79769313486232e+308,1.79769313486232e+308,1.79769313486232e+308
22,"2/10/99",1,2410341,1.79769313486232e+308,1.79769313486232e+308,1.79769313486232e+308,1.79769313486232e+308,1.79769313486232e+308
25,"2/10/99",1,2410351,1.79769313486232e+308,1.79769313486232e+308,1.79769313486232e+308,1.79769313486232e+308,1.79769313486232e+308
4,"2/10/99",1,2410431,4,2,9,25,1
26,"2/10/99",1,2410459,1.79769313486232e+308,1.79769313486232e+308,1.79769313486232e+308,1.79769313486232e+308,1.79769313486232e+308
5,"2/10/99",1,2410531,1.79769313486232e+308,1.79769313486232e+308,1.79769313486232e+308,1.79769313486232e+308,1.79769313486232e+308
23,"2/10/99",1,2410541,1.79769313486232e+308,1.79769313486232e+308,1.79769313486232e+308,1.79769313486232e+308,1.79769313486232e+308
6,"2/10/99",1,2410631,1.79769313486232e+308,1.79769313486232e+308,1.79769313486232e+308,1.79769313486232e+308,1.79769313486232e+308
7,"2/10/99",1,2410731,1.79769313486232e+308,1.79769313486232e+308,1.79769313486232e+308,1.79769313486232e+308,1.79769313486232e+308
8,"2/10/99",1,2410931,1.79769313486232e+308,1.79769313486232e+308,1.79769313486232e+308,1.79769313486232e+308,1.79769313486232e+308
9,"2/10/99",1,2411031,1.79769313486232e+308,1.79769313486232e+308,1.79769313486232e+308,1.79769313486232e+308,1.79769313486232e+308
10,"2/10/99",1,2411231,1.79769313486232e+308,1.79769313486232e+308,1.79769313486232e+308,1.79769313486232e+308,1.79769313486232e+308
11,"2/10/99",1,2411339,1.79769313486232e+308,1.79769313486232e+308,1.79769313486232e+308,1.79769313486232e+308,1.79769313486232e+308
12,"2/10/99",1,2411439,1.79769313486232e+308,1.79769313486232e+308,1.79769313486232e+308,1.79769313486232e+308,1.79769313486232e+308
13,"2/10/99",1,2411539,1.79769313486232e+308,1.79769313486232e+308,1.79769313486232e+308,1.79769313486232e+308,1.79769313486232e+308
14,"2/10/99",1,2411639,1.79769313486232e+308,1.79769313486232e+308,1.79769313486232e+308,1.79769313486232e+308,1.79769313486232e+308
15,"2/10/99",1,2411739,1.79769313486232e+308,1.79769313486232e+308,1.79769313486232e+308,1.79769313486232e+308,1.79769313486232e+308
16,"2/10/99",1,2411839,1.79769313486232e+308,1.79769313486232e+308,1.79769313486232e+308,1.79769313486232e+308,1.79769313486232e+308
17,"2/10/99",1,2411939,1,6,4,43,3
1.79769313486232e+308,"8/18/99",1,2411939,2,1,3,47,3
18,"2/10/99",1,2412039,1,6,7,34,3
1.79769313486232e+308,"8/18/99",1,2412039,2,1,4,47,3
19,"2/10/99",1,2412139,1.79769313486232e+308,1.79769313486232e+308,1.79769313486232e+308,1.79769313486232e+308,1.79769313486232e+308
40,"8/06/99",1,2420131,5,1,1.79769313486232e+308,52,5
41,"8/06/99",1,2420131,6,1,1.79769313486232e+308,52,5
109,"8/06/99",1,2420141,1,1,9,38,5
113,"8/06/99",1,2420151,1,1,8,47,5
42,"8/06/99",1,2420231,1,4,4,35,3
45,"8/06/99",1,2420231,2,6,12,17,3
44,"8/06/99",1,2420231,2,6,8,17,3
43,"8/06/99",1,2420231,2,6,4,17,3
48,"8/06/99",1,2420231,4,1,12,17,3
46,"8/06/99",1,2420231,4,1,4,17,3
47,"8/06/99",1,2420231,4,1,8,17,3
110,"8/06/99",1,2420241,4,2,2,24,2
114,"8/06/99",1,2420251,3,1,1.79769313486232e+308,52,5
115,"8/06/99",1,2420251,4,1,10,34,5
50,"8/06/99",1,2420331,3,1,10,13,3
49,"8/06/99",1,2420331,3,1,7,12,3
51,"8/06/99",1,2420331,3,1,1,12,3
52,"8/06/99",1,2420331,3,1,4,10,3
53,"8/06/99",1,2420331,4,6,7,17,3
54,"8/06/99",1,2420331,4,6,10,17,3
55,"8/06/99",1,2420331,4,6,2,14,3
59,"8/06/99",1,2420331,7,1,4,10,3
56,"8/06/99",1,2420331,7,1,7,12,3
58,"8/06/99",1,2420331,7,1,1,12,3
57,"8/06/99",1,2420331,7,1,10,13,3
61,"8/06/99",1,2420331,8,1,10,13,3
60,"8/06/99",1,2420331,8,1,7,12,3
62,"8/06/99",1,2420331,8,1,1,12,3
63,"8/06/99",1,2420331,8,1,4,10,3
116,"8/06/99",1,2420351,1.79769313486232e+308,1.79769313486232e+308,1.79769313486232e+308,1.79769313486232e+308,1.79769313486232e+308
67,"8/06/99",1,2420431,5,1,12,8,3
69,"8/06/99",1,2420431,5,1,4,5,3
65,"8/06/99",1,2420431,5,1,8,9,3
68,"8/06/99",1,2420431,5,1,2,9,3
66,"8/06/99",1,2420431,5,1,10,8,3
64,"8/06/99",1,2420431,5,1,6,8,3
72,"8/06/99",1,2420431,6,1,10,8,3
75,"8/06/99",1,2420431,6,1,4,5,3
71,"8/06/99",1,2420431,6,1,8,9,3
74,"8/06/99",1,2420431,6,1,2,9,3
73,"8/06/99",1,2420431,6,1,12,8,3
70,"8/06/99",1,2420431,6,1,6,8,3
111,"8/06/99",1,2420441,1.79769313486232e+308,1.79769313486232e+308,1.79769313486232e+308,1.79769313486232e+308,1.79769313486232e+308
117,"8/06/99",1,2420459,1.79769313486232e+308,1.79769313486232e+308,1.79769313486232e+308,1.79769313486232e+308,1.79769313486232e+308
76,"8/06/99",1,2420531,1.79769313486232e+308,1.79769313486232e+308,1.79769313486232e+308,1.79769313486232e+308,1.79769313486232e+308
112,"8/06/99",1,2420541,1.79769313486232e+308,1.79769313486232e+308,1.79769313486232e+308,1.79769313486232e+308,1.79769313486232e+308
77,"8/06/99",1,2420631,1.79769313486232e+308,1.79769313486232e+308,1.79769313486232e+308,1.79769313486232e+308,1.79769313486232e+308
83,"8/06/99",1,2420731,4,2,3,6,4
79,"8/06/99",1,2420731,4,2,8,16,4
80,"8/06/99",1,2420731,4,2,1,4,4
82,"8/06/99",1,2420731,4,2,2,4,4
78,"8/06/99",1,2420731,4,2,4,17,4
81,"8/06/99",1,2420731,4,2,1,5,4
84,"8/06/99",1,2420731,5,1,1.79769313486232e+308,52,5
85,"8/06/99",1,2420831,1.79769313486232e+308,1.79769313486232e+308,1.79769313486232e+308,1.79769313486232e+308,1.79769313486232e+308
86,"8/06/99",1,2420931,1.79769313486232e+308,1.79769313486232e+308,1.79769313486232e+308,1.79769313486232e+308,1.79769313486232e+308
92,"8/06/99",1,2421031,4,1,4,8,3
88,"8/06/99",1,2421031,4,1,8,9,3
91,"8/06/99",1,2421031,4,1,2,8,3
90,"8/06/99",1,2421031,4,1,12,9,3
87,"8/06/99",1,2421031,4,1,6,8,3
89,"8/06/99",1,2421031,4,1,10,8,3
98,"8/06/99",1,2421031,6,1,4,8,3
95,"8/06/99",1,2421031,6,1,10,8,3
94,"8/06/99",1,2421031,6,1,8,9,3
96,"8/06/99",1,2421031,6,1,12,9,3
93,"8/06/99",1,2421031,6,1,6,8,3
97,"8/06/99",1,2421031,6,1,2,8,3
99,"8/06/99",1,2421131,1.79769313486232e+308,1.79769313486232e+308,1.79769313486232e+308,1.79769313486232e+308,1.79769313486232e+308
100,"8/06/99",1,2421132,1.79769313486232e+308,1.79769313486232e+308,1.79769313486232e+308,1.79769313486232e+308,1.79769313486232e+308
101,"8/06/99",1,2421231,6,6,5,26,1
102,"8/06/99",1,2421232,1,1,1.79769313486232e+308,52,5
103,"8/06/99",1,2421339,1.79769313486232e+308,1.79769313486232e+308,1.79769313486232e+308,1.79769313486232e+308,1.79769313486232e+308
104,"8/06/99",1,2421439,1.79769313486232e+308,1.79769313486232e+308,1.79769313486232e+308,1.79769313486232e+308,1.79769313486232e+308
105,"8/06/99",1,2421539,1.79769313486232e+308,1.79769313486232e+308,1.79769313486232e+308,1.79769313486232e+308,1.79769313486232e+308
106,"8/06/99",1,2421639,1.79769313486232e+308,1.79769313486232e+308,1.79769313486232e+308,1.79769313486232e+308,1.79769313486232e+308
107,"8/06/99",1,2421739,1.79769313486232e+308,1.79769313486232e+308,1.79769313486232e+308,1.79769313486232e+308,1.79769313486232e+308
108,"8/06/99",1,2421839,1.79769313486232e+308,1.79769313486232e+308,1.79769313486232e+308,1.79769313486232e+308,1.79769313486232e+308
124,"8/13/99",1,2430131,1.79769313486232e+308,1.79769313486232e+308,1.79769313486232e+308,1.79769313486232e+308,1.79769313486232e+308
142,"8/13/99",1,2430141,6,1,2,16,5
143,"8/13/99",1,2430142,1.79769313486232e+308,1.79769313486232e+308,1.79769313486232e+308,1.79769313486232e+308,1.79769313486232e+308
144,"8/13/99",1,2430143,1.79769313486232e+308,1.79769313486232e+308,1.79769313486232e+308,1.79769313486232e+308,1.79769313486232e+308
149,"8/13/99",1,2430151,1.79769313486232e+308,1.79769313486232e+308,1.79769313486232e+308,1.79769313486232e+308,1.79769313486232e+308
125,"8/13/99",1,2430231,1,1,7,9,5
145,"8/13/99",1,2430241,1.79769313486232e+308,1.79769313486232e+308,1.79769313486232e+308,1.79769313486232e+308,1.79769313486232e+308
146,"8/13/99",1,2430242,1.79769313486232e+308,1.79769313486232e+308,1.79769313486232e+308,1.79769313486232e+308,1.79769313486232e+308
150,"8/13/99",1,2430251,1.79769313486232e+308,1.79769313486232e+308,1.79769313486232e+308,1.79769313486232e+308,1.79769313486232e+308
126,"8/13/99",1,2430331,1.79769313486232e+308,1.79769313486232e+308,1.79769313486232e+308,1.79769313486232e+308,1.79769313486232e+308
151,"8/13/99",1,2430351,1.79769313486232e+308,1.79769313486232e+308,1.79769313486232e+308,1.79769313486232e+308,1.79769313486232e+308
127,"8/13/99",1,2430431,1,6,11,25,1
147,"8/13/99",1,2430441,1.79769313486232e+308,1.79769313486232e+308,1.79769313486232e+308,1.79769313486232e+308,1.79769313486232e+308
152,"8/13/99",1,2430459,3,1,1.79769313486232e+308,52,5
129,"8/13/99",1,2430531,1.79769313486232e+308,1.79769313486232e+308,1.79769313486232e+308,1.79769313486232e+308,1.79769313486232e+308
148,"8/13/99",1,2430541,1.79769313486232e+308,1.79769313486232e+308,1.79769313486232e+308,1.79769313486232e+308,1.79769313486232e+308
129,"8/13/99",1,2430631,1,1,9,40,5
130,"8/13/99",1,2430731,6,6,11,26,1
131,"8/13/99",1,2430831,1.79769313486232e+308,1.79769313486232e+308,1.79769313486232e+308,1.79769313486232e+308,1.79769313486232e+308
132,"8/13/99",1,2430931,1.79769313486232e+308,1.79769313486232e+308,1.79769313486232e+308,1.79769313486232e+308,1.79769313486232e+308
133,"8/13/99",1,2430932,1.79769313486232e+308,1.79769313486232e+308,1.79769313486232e+308,1.79769313486232e+308,1.79769313486232e+308
134,"8/13/99",1,2431031,1.79769313486232e+308,1.79769313486232e+308,1.79769313486232e+308,1.79769313486232e+308,1.79769313486232e+308
135,"8/13/99",1,2431131,1.79769313486232e+308,1.79769313486232e+308,1.79769313486232e+308,1.79769313486232e+308,1.79769313486232e+308
136,"8/13/99",1,2431231,1.79769313486232e+308,1.79769313486232e+308,1.79769313486232e+308,1.79769313486232e+308,1.79769313486232e+308
137,"8/13/99",1,2431339,1.79769313486232e+308,1.79769313486232e+308,1.79769313486232e+308,1.79769313486232e+308,1.79769313486232e+308
138,"8/13/99",1,2431439,3,1,7,48,5
139,"8/13/99",1,2431539,1.79769313486232e+308,1.79769313486232e+308,1.79769313486232e+308,1.79769313486232e+308,1.79769313486232e+308
140,"8/13/99",1,2431639,1.79769313486232e+308,1.79769313486232e+308,1.79769313486232e+308,1.79769313486232e+308,1.79769313486232e+308
141,"8/13/99",1,2431739,1.79769313486232e+308,1.79769313486232e+308,1.79769313486232e+308,1.79769313486232e+308,1.79769313486232e+308
1,"7/07/99",1,2510141,1.79769313486232e+308,1.79769313486232e+308,1.79769313486232e+308,1.79769313486232e+308,1.79769313486232e+308
25,"7/30/99",1,2510151,1.79769313486232e+308,1.79769313486232e+308,1.79769313486232e+308,1.79769313486232e+308,1.79769313486232e+308
2,"7/30/99",1,2510241,1.79769313486232e+308,1.79769313486232e+308,1.79769313486232e+308,1.79769313486232e+308,1.79769313486232e+308
26,"7/30/99",1,2510251,3,1,6,52,5
3,"7/30/99",1,2510341,1.79769313486232e+308,1.79769313486232e+308,1.79769313486232e+308,1.79769313486232e+308,1.79769313486232e+308
27,"7/30/99",1,2510351,1.79769313486232e+308,1.79769313486232e+308,1.79769313486232e+308,1.79769313486232e+308,1.79769313486232e+308
4,"7/30/99",1,2510441,1.79769313486232e+308,1.79769313486232e+308,1.79769313486232e+308,1.79769313486232e+308,1.79769313486232e+308
5,"7/30/99",1,2510442,1.79769313486232e+308,1.79769313486232e+308,1.79769313486232e+308,1.79769313486232e+308,1.79769313486232e+308
28,"7/30/99",1,2510459,1.79769313486232e+308,1.79769313486232e+308,1.79769313486232e+308,1.79769313486232e+308,1.79769313486232e+308
6,"7/30/99",1,2510541,1.79769313486232e+308,1.79769313486232e+308,1.79769313486232e+308,1.79769313486232e+308,1.79769313486232e+308
7,"7/30/99",1,2510641,1.79769313486232e+308,1.79769313486232e+308,1.79769313486232e+308,1.79769313486232e+308,1.79769313486232e+308
9,"7/30/99",1,2510642,5,6,1,23,3
8,"7/30/99",1,2510642,5,6,6,27,3
10,"7/30/99",1,2510741,1.79769313486232e+308,1.79769313486232e+308,1.79769313486232e+308,1.79769313486232e+308,1.79769313486232e+308
11,"7/30/99",1,2510841,3,1,1.79769313486232e+308,52,4
1.79769313486232e+308,".",1.79769313486232e+308,2510841,4,1,1.79769313486232e+308,52,4
1.79769313486232e+308,".",1.79769313486232e+308,2510841,5,1,1.79769313486232e+308,52,4
12,"7/30/99",1,2510941,3,1,5,46,4
1.79769313486232e+308,".",1.79769313486232e+308,2510941,5,1,6,52,5
13,"7/30/99",1,2511041,1,6,7,8,3
14,"7/30/99",1,2511041,1,6,1,16,3
15,"7/30/99",1,2511041,1,6,1,8,3
16,"7/30/99",1,2511141,1,1,10,42,4
1.79769313486232e+308,".",1.79769313486232e+308,2511141,4,2,1.79769313486232e+308,52,4
18,"7/30/99",1,2511241,5,2,12,24,2
17,"7/30/99",1,2511241,5,2,6,24,2
19,"7/30/99",1,2511341,1.79769313486232e+308,1.79769313486232e+308,1.79769313486232e+308,1.79769313486232e+308,1.79769313486232e+308
20,"7/30/99",1,2511342,1.79769313486232e+308,1.79769313486232e+308,1.79769313486232e+308,1.79769313486232e+308,1.79769313486232e+308
21,"7/30/99",1,2511441,1.79769313486232e+308,1.79769313486232e+308,1.79769313486232e+308,1.79769313486232e+308,1.79769313486232e+308
22,"7/30/99",1,2511541,1.79769313486232e+308,1.79769313486232e+308,1.79769313486232e+308,1.79769313486232e+308,1.79769313486232e+308
23,"7/30/99",1,2511641,4,6,1.79769313486232e+308,52,4
24,"7/30/99",1,2511741,3,1,1.79769313486232e+308,52,4
1.79769313486232e+308,"8/18/99",1,2520141,3,1,12,17,3
76,"2/12/99",1,2520141,3,1,4,13,3
1.79769313486232e+308,"8/18/99",1,2520141,3,1,7,22,3
1.79769313486232e+308,"8/18/99",1,2520141,4,1,1.79769313486232e+308,52,3
100,"6/07/99",1,2520151,4,1,1.79769313486232e+308,52,5
1.79769313486232e+308,"8/16/99",1,2520151,6,1,1.79769313486232e+308,52,3
1.79769313486232e+308,"8/18/99",1,2520241,3,1,12,17,3
1.79769313486232e+308,"8/18/99",1,2520241,3,1,7,22,3
77,"6/07/99",1,2520241,3,1,4,13,3
1.79769313486232e+308,"8/18/99",1,2520241,4,1,1.79769313486232e+308,52,3
101,"6/07/99",1,2520251,4,1,1.79769313486232e+308,52,4
78,"6/07/99",1,2520341,3,1,4,13,4
1.79769313486232e+308,"11/8/99",1,2520341,3,1,12,17,4
1.79769313486232e+308,"8/18/99",1,2520341,3,1,7,22,4
1.79769313486232e+308,"8/18/99",1,2520341,4,1,8,34,5
1.79769313486232e+308,"8/18/99",1,2520351,3,1,12,17,3
1.79769313486232e+308,"8/18/99",1,2520351,3,1,7,22,3
102,"6/07/99",1,2520351,3,1,4,13,3
1.79769313486232e+308,"8/18/99",1,2520351,4,1,1.79769313486232e+308,52,3
79,"6/07/99",1,2520441,3,1,1.79769313486232e+308,52,3
103,"6/07/99",1,2520459,3,1,4,13,3
1.79769313486232e+308,"8/18/99",1,2520459,3,1,7,22,3
1.79769313486232e+308,"8/18/99",1,2520459,3,1,12,17,3
1.79769313486232e+308,"8/18/99",1,2520459,4,1,12,17,3
1.79769313486232e+308,"8/18/99",1,2520459,4,1,4,13,3
1.79769313486232e+308,"8/18/99",1,2520459,4,1,7,22,3
1.79769313486232e+308,"8/18/99",1,2520541,6,1,5,47,4
1.79769313486232e+308,"8/18/99",1,2520541,7,1,1.79769313486232e+308,52,3
80,"6/07/99",1,2520541,17,4,2,9,4
81,"6/07/99",1,2520541,18,4,2,9,4
82,"6/07/99",1,2520542,4,6,5,22,4
83,"6/07/99",1,2520641,5,1,1.79769313486232e+308,52,3
1.79769313486232e+308,"8/18/99",1,2520641,6,1,1.79769313486232e+308,52,3
1.79769313486232e+308,"8/18/99",1,2520741,4,1,7,22,3
1.79769313486232e+308,"8/18/99",1,2520741,4,1,12,17,3
1.79769313486232e+308,"8/18/99",1,2520741,4,1,4,13,3
85,"6/07/99",1,2520741,6,2,10,28,4
84,"6/07/99",1,2520741,6,2,5,20,4
86,"6/07/99",1,2520741,8,4,4,6,4
87,"6/07/99",1,2520841,1.79769313486232e+308,1.79769313486232e+308,1.79769313486232e+308,1.79769313486232e+308,1.79769313486232e+308
88,"6/07/99",1,2520941,1.79769313486232e+308,1.79769313486232e+308,1.79769313486232e+308,1.79769313486232e+308,1.79769313486232e+308
89,"6/07/99",1,2521041,1.79769313486232e+308,1.79769313486232e+308,1.79769313486232e+308,1.79769313486232e+308,1.79769313486232e+308
90,"6/07/99",1,2521141,1.79769313486232e+308,1.79769313486232e+308,1.79769313486232e+308,1.79769313486232e+308,1.79769313486232e+308
91,"6/07/99",1,2521241,1.79769313486232e+308,1.79769313486232e+308,1.79769313486232e+308,1.79769313486232e+308,1.79769313486232e+308
92,"6/07/99",1,2521341,1.79769313486232e+308,1.79769313486232e+308,1.79769313486232e+308,1.79769313486232e+308,1.79769313486232e+308
93,"6/07/99",1,2521441,1.79769313486232e+308,1.79769313486232e+308,1.79769313486232e+308,1.79769313486232e+308,1.79769313486232e+308
94,"6/07/99",1,2521541,1.79769313486232e+308,1.79769313486232e+308,1.79769313486232e+308,1.79769313486232e+308,1.79769313486232e+308
96,"6/07/99",1,2521542,2,1,1,17,4
95,"6/07/99",1,2521542,2,1,6,30,4
1.79769313486232e+308,"8/18/99",1,2521542,4,1,7,22,3
1.79769313486232e+308,"8/18/99",1,2521542,4,1,12,17,3
1.79769313486232e+308,"8/18/99",1,2521542,4,1,4,13,3
97,"6/07/99",1,2521641,1.79769313486232e+308,1.79769313486232e+308,1.79769313486232e+308,1.79769313486232e+308,1.79769313486232e+308
99,"6/07/99",1,2521741,2,6,12,18,4
98,"6/07/99",1,2521741,2,6,5,30,4
1,"5/10/99",1,2530141,3,1,1.79769313486232e+308,52,2
18,"5/10/99",1,2530151,2,1,2,7,3
1.79769313486232e+308,"8/22/99",1,2530151,2,1,3,41,3
1.79769313486232e+308,"8/22/99",1,2530151,2,1,1,4,3
1.79769313486232e+308,"8/22/99",1,2530151,5,2,1.79769313486232e+308,52,2
2,"5/10/99",1,2530241,1,1,1.79769313486232e+308,52,5
19,"5/10/99",1,2530251,1.79769313486232e+308,1.79769313486232e+308,1.79769313486232e+308,1.79769313486232e+308,1.79769313486232e+308
1.79769313486232e+308,"8/22/99",1,2530341,3,1,1,4,4
3,"5/10/99",1,2530341,3,1,2,7,4
1.79769313486232e+308,"8/22/99",1,2530341,3,1,3,41,4
76,"9/10/99",1,2530351,3,1,3,52,4
1.79769313486232e+308,"10/14/99",1,2530351,4,1,1,10,4
1.79769313486232e+308,"10/14/99",1,2530351,4,1,3,42,4
1.79769313486232e+308,"8/22/99",1,2530441,3,1,3,41,4
4,"5/10/99",1,2530441,3,1,2,7,4
1.79769313486232e+308,"8/22/99",1,2530441,3,1,1,4,4
1.79769313486232e+308,"8/22/99",1,2530441,8,4,5,18,2
20,"5/10/99",1,2530459,1.79769313486232e+308,1.79769313486232e+308,1.79769313486232e+308,1.79769313486232e+308,1.79769313486232e+308
5,"5/10/99",1,2530541,1.79769313486232e+308,1.79769313486232e+308,1.79769313486232e+308,1.79769313486232e+308,1.79769313486232e+308
6,"5/10/99",1,2530641,1,1,1.79769313486232e+308,52,3
7,"5/10/99",1,2530741,1.79769313486232e+308,1.79769313486232e+308,1.79769313486232e+308,1.79769313486232e+308,1.79769313486232e+308
8,"5/10/99",1,2530841,1.79769313486232e+308,1.79769313486232e+308,1.79769313486232e+308,1.79769313486232e+308,1.79769313486232e+308
9,"5/10/99",1,2530941,1.79769313486232e+308,1.79769313486232e+308,1.79769313486232e+308,1.79769313486232e+308,1.79769313486232e+308
10,"5/10/99",1,2531041,1.79769313486232e+308,1.79769313486232e+308,1.79769313486232e+308,1.79769313486232e+308,1.79769313486232e+308
11,"5/10/99",1,2531141,1.79769313486232e+308,1.79769313486232e+308,1.79769313486232e+308,1.79769313486232e+308,1.79769313486232e+308
12,"5/10/99",1,2531241,3,6,4,43,4
13,"5/10/99",1,2531341,2,4,5,13,2
14,"5/10/99",1,2531441,3,1,1.79769313486232e+308,52,1
15,"5/10/99",1,2531541,1.79769313486232e+308,1.79769313486232e+308,1.79769313486232e+308,1.79769313486232e+308,1.79769313486232e+308
16,"5/10/99",1,2531641,1.79769313486232e+308,1.79769313486232e+308,1.79769313486232e+308,1.79769313486232e+308,1.79769313486232e+308
17,"5/10/99",1,2531741,2,4,10,14,4
1,"7/07/99",1,2540149,1.79769313486232e+308,1.79769313486232e+308,1.79769313486232e+308,1.79769313486232e+308,1.79769313486232e+308
23,"10/09/99",1,2540159,7,1,10,40,5
2,"10/09/99",1,2540249,1.79769313486232e+308,1.79769313486232e+308,1.79769313486232e+308,1.79769313486232e+308,1.79769313486232e+308
24,"10/09/99",1,2540259,1.79769313486232e+308,1.79769313486232e+308,1.79769313486232e+308,1.79769313486232e+308,1.79769313486232e+308
3,"10/09/99",1,2540349,1.79769313486232e+308,1.79769313486232e+308,1.79769313486232e+308,1.79769313486232e+308,1.79769313486232e+308
25,"10/09/99",1,2540359,1.79769313486232e+308,1.79769313486232e+308,1.79769313486232e+308,1.79769313486232e+308,1.79769313486232e+308
4,"10/09/99",1,2540449,1.79769313486232e+308,1.79769313486232e+308,1.79769313486232e+308,1.79769313486232e+308,1.79769313486232e+308
26,"10/09/99",1,2540459,1.79769313486232e+308,1.79769313486232e+308,1.79769313486232e+308,1.79769313486232e+308,1.79769313486232e+308
5,"10/09/99",1,2540549,1.79769313486232e+308,1.79769313486232e+308,1.79769313486232e+308,1.79769313486232e+308,1.79769313486232e+308
27,"10/09/99",1,2540559,1.79769313486232e+308,1.79769313486232e+308,1.79769313486232e+308,1.79769313486232e+308,1.79769313486232e+308
6,"10/09/99",1,2540649,1.79769313486232e+308,1.79769313486232e+308,1.79769313486232e+308,1.79769313486232e+308,1.79769313486232e+308
7,"10/09/99",1,2540749,1.79769313486232e+308,1.79769313486232e+308,1.79769313486232e+308,1.79769313486232e+308,1.79769313486232e+308
8,"10/09/99",1,2540849,1.79769313486232e+308,1.79769313486232e+308,1.79769313486232e+308,1.79769313486232e+308,1.79769313486232e+308
9,"10/09/99",1,2540949,1.79769313486232e+308,1.79769313486232e+308,1.79769313486232e+308,1.79769313486232e+308,1.79769313486232e+308
10,"10/09/99",1,2541049,1.79769313486232e+308,1.79769313486232e+308,1.79769313486232e+308,1.79769313486232e+308,1.79769313486232e+308
11,"10/09/99",1,2541149,1.79769313486232e+308,1.79769313486232e+308,1.79769313486232e+308,1.79769313486232e+308,1.79769313486232e+308
12,"10/09/99",1,2541249,1.79769313486232e+308,1.79769313486232e+308,1.79769313486232e+308,1.79769313486232e+308,1.79769313486232e+308
13,"10/09/99",1,2541349,1.79769313486232e+308,1.79769313486232e+308,1.79769313486232e+308,1.79769313486232e+308,1.79769313486232e+308
17,"10/09/99",1,2541449,1,1,10,20,3
19,"10/09/99",1,2541449,1,1,6,6,3
18,"10/09/99",1,2541449,1,1,2,2,3
14,"10/09/99",1,2541449,3,2,10,20,1
16,"10/09/99",1,2541449,3,2,6,13,1
15,"10/09/99",1,2541449,3,2,2,15,1
22,"10/09/99",1,2541549,1,1,2,16,4
20,"10/09/99",1,2541549,1,1,7,18,4
21,"10/09/99",1,2541549,1,1,11,18,4
37,"7/12/99",1,2610141,1,6,9,12,4
56,"7/12/99",1,2610151,1.79769313486232e+308,1.79769313486232e+308,1.79769313486232e+308,1.79769313486232e+308,1.79769313486232e+308
57,"7/12/99",1,2610152,1.79769313486232e+308,1.79769313486232e+308,1.79769313486232e+308,1.79769313486232e+308,1.79769313486232e+308
38,"7/12/99",1,2610241,1.79769313486232e+308,1.79769313486232e+308,1.79769313486232e+308,1.79769313486232e+308,1.79769313486232e+308
58,"7/12/99",1,2610251,1.79769313486232e+308,1.79769313486232e+308,1.79769313486232e+308,1.79769313486232e+308,1.79769313486232e+308
59,"7/12/99",1,2610252,1.79769313486232e+308,1.79769313486232e+308,1.79769313486232e+308,1.79769313486232e+308,1.79769313486232e+308
60,"7/12/99",1,2610253,1.79769313486232e+308,1.79769313486232e+308,1.79769313486232e+308,1.79769313486232e+308,1.79769313486232e+308
39,"7/12/99",1,2610341,1.79769313486232e+308,1.79769313486232e+308,1.79769313486232e+308,1.79769313486232e+308,1.79769313486232e+308
61,"7/12/99",1,2610351,1.79769313486232e+308,1.79769313486232e+308,1.79769313486232e+308,1.79769313486232e+308,1.79769313486232e+308
40,"7/12/99",1,2610441,1.79769313486232e+308,1.79769313486232e+308,1.79769313486232e+308,1.79769313486232e+308,1.79769313486232e+308
62,"7/12/99",1,2610459,1.79769313486232e+308,1.79769313486232e+308,1.79769313486232e+308,1.79769313486232e+308,1.79769313486232e+308
41,"7/12/99",1,2610541,1.79769313486232e+308,1.79769313486232e+308,1.79769313486232e+308,1.79769313486232e+308,1.79769313486232e+308
42,"7/12/99",1,2610641,1.79769313486232e+308,1.79769313486232e+308,1.79769313486232e+308,1.79769313486232e+308,1.79769313486232e+308
43,"7/12/99",1,2610741,1.79769313486232e+308,1.79769313486232e+308,1.79769313486232e+308,1.79769313486232e+308,1.79769313486232e+308
44,"7/12/99",1,2610841,1,6,4,12,4
45,"7/12/99",1,2610941,1,6,4,8,4
47,"7/12/99",1,2611041,3,6,11,16,4
48,"7/12/99",1,2611141,1,6,11,12,4
49,"7/12/99",1,2611241,1,6,4,4,4
50,"7/12/99",1,2611242,1,6,4,7,4
51,"7/12/99",1,2611341,1.79769313486232e+308,1.79769313486232e+308,1.79769313486232e+308,1.79769313486232e+308,1.79769313486232e+308
52,"7/12/99",1,2611441,1.79769313486232e+308,1.79769313486232e+308,1.79769313486232e+308,1.79769313486232e+308,1.79769313486232e+308
53,"7/12/99",1,2611541,1.79769313486232e+308,1.79769313486232e+308,1.79769313486232e+308,1.79769313486232e+308,1.79769313486232e+308
54,"7/12/99",1,2611641,1.79769313486232e+308,1.79769313486232e+308,1.79769313486232e+308,1.79769313486232e+308,1.79769313486232e+308
55,"7/12/99",1,2611741,1.79769313486232e+308,1.79769313486232e+308,1.79769313486232e+308,1.79769313486232e+308,1.79769313486232e+308
1,"5/10/99",1,2620141,9,4,7,25,1
2,"5/05/99",1,2620141,10,4,9,9,4
3,"5/05/99",1,2620141,11,4,9,9,4
4,"5/05/99",1,2620241,1,5,8,9,1
5,"5/05/99",1,2620241,4,5,8,9,1
6,"5/05/99",1,2620241,5,5,8,9,1
7,"5/05/99",1,2620241,6,5,8,9,1
8,"5/05/99",1,2620241,7,5,8,9,1
9,"5/05/99",1,2620241,8,5,8,9,1
26,"5/05/99",1,2620251,1.79769313486232e+308,1.79769313486232e+308,1.79769313486232e+308,1.79769313486232e+308,1.79769313486232e+308
10,"5/05/99",1,2620341,1.79769313486232e+308,1.79769313486232e+308,1.79769313486232e+308,1.79769313486232e+308,1.79769313486232e+308
27,"5/05/99",1,2620351,1.79769313486232e+308,1.79769313486232e+308,1.79769313486232e+308,1.79769313486232e+308,1.79769313486232e+308
11,"5/05/99",1,2620441,1.79769313486232e+308,1.79769313486232e+308,1.79769313486232e+308,1.79769313486232e+308,1.79769313486232e+308
28,"5/05/99",1,2620459,1.79769313486232e+308,1.79769313486232e+308,1.79769313486232e+308,1.79769313486232e+308,1.79769313486232e+308
12,"5/05/99",1,2620541,1.79769313486232e+308,1.79769313486232e+308,1.79769313486232e+308,1.79769313486232e+308,1.79769313486232e+308
13,"5/05/99",1,2620641,1.79769313486232e+308,1.79769313486232e+308,1.79769313486232e+308,1.79769313486232e+308,1.79769313486232e+308
14,"5/05/99",1,2620741,4,4,1,5,1
15,"5/05/99",1,2620841,1.79769313486232e+308,1.79769313486232e+308,1.79769313486232e+308,1.79769313486232e+308,1.79769313486232e+308
16,"5/05/99",1,2620941,1.79769313486232e+308,1.79769313486232e+308,1.79769313486232e+308,1.79769313486232e+308,1.79769313486232e+308
17,"5/05/99",1,2621041,1.79769313486232e+308,1.79769313486232e+308,1.79769313486232e+308,1.79769313486232e+308,1.79769313486232e+308
18,"5/05/99",1,2621141,1,6,5,5,4
19,"5/05/99",1,2621241,1.79769313486232e+308,1.79769313486232e+308,1.79769313486232e+308,1.79769313486232e+308,1.79769313486232e+308
20,"5/05/99",1,2621341,1.79769313486232e+308,1.79769313486232e+308,1.79769313486232e+308,1.79769313486232e+308,1.79769313486232e+308
21,"5/05/99",1,2621441,1.79769313486232e+308,1.79769313486232e+308,1.79769313486232e+308,1.79769313486232e+308,1.79769313486232e+308
22,"5/05/99",1,2621541,1,6,4,6,4
23,"5/05/99",1,2621541,1,6,11,4,4
24,"5/05/99",1,2621641,1.79769313486232e+308,1.79769313486232e+308,1.79769313486232e+308,1.79769313486232e+308,1.79769313486232e+308
25,"5/05/99",1,2621741,1.79769313486232e+308,1.79769313486232e+308,1.79769313486232e+308,1.79769313486232e+308,1.79769313486232e+308
142,"6/10/99",1,2630141,1,6,2,5,4
164,"6/10/99",1,2630151,1.79769313486232e+308,1.79769313486232e+308,1.79769313486232e+308,1.79769313486232e+308,1.79769313486232e+308
165,"6/10/99",1,2630152,1.79769313486232e+308,1.79769313486232e+308,1.79769313486232e+308,1.79769313486232e+308,1.79769313486232e+308
145,"6/10/99",1,2630241,1,6,3,5,4
144,"6/10/99",1,2630241,1,6,9,7,4
143,"6/10/99",1,2630241,1,6,1,7,4
166,"6/10/99",1,2630251,3,6,3,4,4
167,"6/10/99",1,2630251,3,6,1,9,4
146,"6/10/99",1,2630341,1,6,12,10,4
150,"6/10/99",1,2630341,1,6,2,8,4
147,"6/10/99",1,2630341,1,6,6,7,4
149,"6/10/99",1,2630341,1,6,4,10,4
148,"6/10/99",1,2630341,1,6,9,9,4
151,"6/10/99",1,2630441,1,6,1,8,4
169,"6/10/99",1,2630459,1,6,2,9,4
168,"6/10/99",1,2630459,1,6,12,9,4
152,"6/10/99",1,2630641,1.79769313486232e+308,1.79769313486232e+308,1.79769313486232e+308,1.79769313486232e+308,1.79769313486232e+308
153,"6/10/99",1,2630841,1.79769313486232e+308,1.79769313486232e+308,1.79769313486232e+308,1.79769313486232e+308,1.79769313486232e+308
154,"6/10/99",1,2631141,1.79769313486232e+308,1.79769313486232e+308,1.79769313486232e+308,1.79769313486232e+308,1.79769313486232e+308
156,"6/10/99",1,2631241,1,6,6,10,4
157,"6/10/99",1,2631241,1,6,8,8,4
158,"6/10/99",1,2631241,1,6,4,6,4
155,"6/10/99",1,2631241,1,6,12,6,4
159,"6/10/99",1,2631241,3,2,2,8,4
160,"6/10/99",1,2631341,1,6,1,4,4
162,"6/10/99",1,2631541,1,6,1,9,4
161,"6/10/99",1,2631541,1,6,3,4,4
163,"6/10/99",1,2631741,1.79769313486232e+308,1.79769313486232e+308,1.79769313486232e+308,1.79769313486232e+308,1.79769313486232e+308
1,"5/10/99",1,2710141,1.79769313486232e+308,1.79769313486232e+308,1.79769313486232e+308,1.79769313486232e+308,1.79769313486232e+308
22,"5/04/99",1,2710151,1.79769313486232e+308,1.79769313486232e+308,1.79769313486232e+308,1.79769313486232e+308,1.79769313486232e+308
2,"5/04/99",1,2710241,1.79769313486232e+308,1.79769313486232e+308,1.79769313486232e+308,1.79769313486232e+308,1.79769313486232e+308
23,"5/04/99",1,2710251,1.79769313486232e+308,1.79769313486232e+308,1.79769313486232e+308,1.79769313486232e+308,1.79769313486232e+308
3,"5/04/99",1,2710341,1.79769313486232e+308,1.79769313486232e+308,1.79769313486232e+308,1.79769313486232e+308,1.79769313486232e+308
24,"5/04/99",1,2710351,3,1,1.79769313486232e+308,52,5
7,"5/04/99",1,2710441,3,2,9,9,4
5,"5/04/99",1,2710441,3,2,4,8,4
6,"5/04/99",1,2710441,3,2,7,7,4
4,"5/04/99",1,2710441,3,2,2,6,4
25,"5/04/99",1,2710459,1.79769313486232e+308,1.79769313486232e+308,1.79769313486232e+308,1.79769313486232e+308,1.79769313486232e+308
8,"5/04/99",1,2710541,5,2,9,16,3
9,"5/04/99",1,2710541,5,2,1,5,3
10,"5/04/99",1,2710641,1.79769313486232e+308,1.79769313486232e+308,1.79769313486232e+308,1.79769313486232e+308,1.79769313486232e+308
11,"5/04/99",1,2710642,1.79769313486232e+308,1.79769313486232e+308,1.79769313486232e+308,1.79769313486232e+308,1.79769313486232e+308
12,"5/04/99",1,2710741,1.79769313486232e+308,1.79769313486232e+308,1.79769313486232e+308,1.79769313486232e+308,1.79769313486232e+308
13,"5/04/99",1,2710841,1.79769313486232e+308,1.79769313486232e+308,1.79769313486232e+308,1.79769313486232e+308,1.79769313486232e+308
14,"5/04/99",1,2710941,1.79769313486232e+308,1.79769313486232e+308,1.79769313486232e+308,1.79769313486232e+308,1.79769313486232e+308
15,"5/04/99",1,2711041,1.79769313486232e+308,1.79769313486232e+308,1.79769313486232e+308,1.79769313486232e+308,1.79769313486232e+308
16,"5/04/99",1,2711141,1.79769313486232e+308,1.79769313486232e+308,1.79769313486232e+308,1.79769313486232e+308,1.79769313486232e+308
17,"5/04/99",1,2711241,1.79769313486232e+308,1.79769313486232e+308,1.79769313486232e+308,1.79769313486232e+308,1.79769313486232e+308
18,"5/04/99",1,2711341,1.79769313486232e+308,1.79769313486232e+308,1.79769313486232e+308,1.79769313486232e+308,1.79769313486232e+308
19,"5/04/99",1,2711541,1.79769313486232e+308,1.79769313486232e+308,1.79769313486232e+308,1.79769313486232e+308,1.79769313486232e+308
20,"5/04/99",1,2711641,1.79769313486232e+308,1.79769313486232e+308,1.79769313486232e+308,1.79769313486232e+308,1.79769313486232e+308
21,"5/04/99",1,2711741,1.79769313486232e+308,1.79769313486232e+308,1.79769313486232e+308,1.79769313486232e+308,1.79769313486232e+308
50,"6/14/99",1,2720141,1.79769313486232e+308,1.79769313486232e+308,1.79769313486232e+308,1.79769313486232e+308,1.79769313486232e+308
80,"6/25/99",1,2720151,1.79769313486232e+308,1.79769313486232e+308,1.79769313486232e+308,1.79769313486232e+308,1.79769313486232e+308
51,"6/25/99",1,2720241,1.79769313486232e+308,1.79769313486232e+308,1.79769313486232e+308,1.79769313486232e+308,1.79769313486232e+308
81,"6/25/99",1,2720251,1.79769313486232e+308,1.79769313486232e+308,1.79769313486232e+308,1.79769313486232e+308,1.79769313486232e+308
53,"6/25/99",1,2720341,7,6,10,6,3
54,"6/25/99",1,2720341,7,1,12,14,3
52,"6/25/99",1,2720341,7,6,7,12,3
55,"6/25/99",1,2720342,1.79769313486232e+308,1.79769313486232e+308,1.79769313486232e+308,1.79769313486232e+308,1.79769313486232e+308
56,"6/25/99",1,2720343,1.79769313486232e+308,1.79769313486232e+308,1.79769313486232e+308,1.79769313486232e+308,1.79769313486232e+308
57,"6/25/99",1,2720344,1.79769313486232e+308,1.79769313486232e+308,1.79769313486232e+308,1.79769313486232e+308,1.79769313486232e+308
82,"6/25/99",1,2720351,1.79769313486232e+308,1.79769313486232e+308,1.79769313486232e+308,1.79769313486232e+308,1.79769313486232e+308
58,"6/25/99",1,2720441,1.79769313486232e+308,1.79769313486232e+308,1.79769313486232e+308,1.79769313486232e+308,1.79769313486232e+308
83,"6/25/99",1,2720459,1.79769313486232e+308,1.79769313486232e+308,1.79769313486232e+308,1.79769313486232e+308,1.79769313486232e+308
59,"6/25/99",1,2720541,4,4,2,8,1
62,"6/25/99",1,2720641,3,1,1,10,3
61,"6/25/99",1,2720641,3,1,7,20,3
63,"6/25/99",1,2720641,3,1,4,2,3
60,"6/25/99",1,2720641,3,1,4,14,3
65,"6/25/99",1,2720641,4,1,7,20,3
64,"6/25/99",1,2720641,4,1,4,14,3
66,"6/25/99",1,2720641,4,1,4,10,3
67,"6/25/99",1,2720641,6,1,1.79769313486232e+308,52,5
68,"6/25/99",1,2720741,1.79769313486232e+308,1.79769313486232e+308,1.79769313486232e+308,1.79769313486232e+308,1.79769313486232e+308
69,"6/25/99",1,2720841,1.79769313486232e+308,1.79769313486232e+308,1.79769313486232e+308,1.79769313486232e+308,1.79769313486232e+308
70,"6/25/99",1,2720941,1.79769313486232e+308,1.79769313486232e+308,1.79769313486232e+308,1.79769313486232e+308,1.79769313486232e+308
71,"6/25/99",1,2720942,1.79769313486232e+308,1.79769313486232e+308,1.79769313486232e+308,1.79769313486232e+308,1.79769313486232e+308
72,"6/25/99",1,2721041,1.79769313486232e+308,1.79769313486232e+308,1.79769313486232e+308,1.79769313486232e+308,1.79769313486232e+308
73,"6/25/99",1,2721141,1.79769313486232e+308,1.79769313486232e+308,1.79769313486232e+308,1.79769313486232e+308,1.79769313486232e+308
74,"6/25/99",1,2721241,1.79769313486232e+308,1.79769313486232e+308,1.79769313486232e+308,1.79769313486232e+308,1.79769313486232e+308
75,"6/25/99",1,2721341,1.79769313486232e+308,1.79769313486232e+308,1.79769313486232e+308,1.79769313486232e+308,1.79769313486232e+308
76,"6/25/99",1,2721441,1.79769313486232e+308,1.79769313486232e+308,1.79769313486232e+308,1.79769313486232e+308,1.79769313486232e+308
77,"6/25/99",1,2721541,1.79769313486232e+308,1.79769313486232e+308,1.79769313486232e+308,1.79769313486232e+308,1.79769313486232e+308
78,"6/25/99",1,2721641,1.79769313486232e+308,1.79769313486232e+308,1.79769313486232e+308,1.79769313486232e+308,1.79769313486232e+308
79,"6/25/99",1,2721741,1.79769313486232e+308,1.79769313486232e+308,1.79769313486232e+308,1.79769313486232e+308,1.79769313486232e+308
108,"7/20/99",1,2730141,3,1,8,10,2
107,"7/20/99",1,2730141,3,1,5,12,2
110,"7/20/99",1,2730141,3,1,2,12,2
109,"7/20/99",1,2730141,3,1,11,12,2
124,"7/20/99",1,2730151,1.79769313486232e+308,1.79769313486232e+308,1.79769313486232e+308,1.79769313486232e+308,1.79769313486232e+308
111,"7/20/99",1,2730241,1.79769313486232e+308,1.79769313486232e+308,1.79769313486232e+308,1.79769313486232e+308,1.79769313486232e+308
125,"7/20/99",1,2730251,1.79769313486232e+308,1.79769313486232e+308,1.79769313486232e+308,1.79769313486232e+308,1.79769313486232e+308
112,"7/20/99",1,2730341,1.79769313486232e+308,1.79769313486232e+308,1.79769313486232e+308,1.79769313486232e+308,1.79769313486232e+308
126,"7/20/99",1,2730351,7,1,1.79769313486232e+308,52,5
113,"7/20/99",1,2730441,1,1,1.79769313486232e+308,52,5
127,"7/20/99",1,2730459,3,1,7,42,5
114,"7/20/99",1,2730641,1.79769313486232e+308,1.79769313486232e+308,1.79769313486232e+308,1.79769313486232e+308,1.79769313486232e+308
115,"7/20/99",1,2730841,1.79769313486232e+308,1.79769313486232e+308,1.79769313486232e+308,1.79769313486232e+308,1.79769313486232e+308
116,"7/20/99",1,2730941,1.79769313486232e+308,1.79769313486232e+308,1.79769313486232e+308,1.79769313486232e+308,1.79769313486232e+308
117,"7/20/99",1,2731041,1.79769313486232e+308,1.79769313486232e+308,1.79769313486232e+308,1.79769313486232e+308,1.79769313486232e+308
118,"7/20/99",1,2731141,1.79769313486232e+308,1.79769313486232e+308,1.79769313486232e+308,1.79769313486232e+308,1.79769313486232e+308
119,"7/20/99",1,2731241,1.79769313486232e+308,1.79769313486232e+308,1.79769313486232e+308,1.79769313486232e+308,1.79769313486232e+308
120,"7/20/99",1,2731341,1.79769313486232e+308,1.79769313486232e+308,1.79769313486232e+308,1.79769313486232e+308,1.79769313486232e+308
121,"7/20/99",1,2731541,1.79769313486232e+308,1.79769313486232e+308,1.79769313486232e+308,1.79769313486232e+308,1.79769313486232e+308
122,"7/20/99",1,2731641,1.79769313486232e+308,1.79769313486232e+308,1.79769313486232e+308,1.79769313486232e+308,1.79769313486232e+308
123,"7/20/99",1,2731741,1.79769313486232e+308,1.79769313486232e+308,1.79769313486232e+308,1.79769313486232e+308,1.79769313486232e+308
21,"6/09/99",1,2810141,1.79769313486232e+308,1.79769313486232e+308,1.79769313486232e+308,1.79769313486232e+308,1.79769313486232e+308
35,"6/09/99",1,2810151,1.79769313486232e+308,1.79769313486232e+308,1.79769313486232e+308,1.79769313486232e+308,1.79769313486232e+308
22,"6/09/99",1,2810241,1.79769313486232e+308,1.79769313486232e+308,1.79769313486232e+308,1.79769313486232e+308,1.79769313486232e+308
36,"6/09/99",1,2810251,1.79769313486232e+308,1.79769313486232e+308,1.79769313486232e+308,1.79769313486232e+308,1.79769313486232e+308
37,"6/09/99",1,2810252,1.79769313486232e+308,1.79769313486232e+308,1.79769313486232e+308,1.79769313486232e+308,1.79769313486232e+308
23,"6/09/99",1,2810341,1.79769313486232e+308,1.79769313486232e+308,1.79769313486232e+308,1.79769313486232e+308,1.79769313486232e+308
38,"6/09/99",1,2810351,1.79769313486232e+308,1.79769313486232e+308,1.79769313486232e+308,1.79769313486232e+308,1.79769313486232e+308
39,"6/09/99",1,2810459,4,4,6,8,4
40,"6/09/99",1,2810459,6,4,8,13,1
24,"6/09/99",1,2810541,1.79769313486232e+308,1.79769313486232e+308,1.79769313486232e+308,1.79769313486232e+308,1.79769313486232e+308
25,"6/09/99",1,2810641,1.79769313486232e+308,1.79769313486232e+308,1.79769313486232e+308,1.79769313486232e+308,1.79769313486232e+308
26,"6/09/99",1,2810741,7,2,12,4,4
27,"6/09/99",1,2810841,1.79769313486232e+308,1.79769313486232e+308,1.79769313486232e+308,1.79769313486232e+308,1.79769313486232e+308
28,"6/09/99",1,2810941,1.79769313486232e+308,1.79769313486232e+308,1.79769313486232e+308,1.79769313486232e+308,1.79769313486232e+308
29,"6/09/99",1,2811041,1.79769313486232e+308,1.79769313486232e+308,1.79769313486232e+308,1.79769313486232e+308,1.79769313486232e+308
30,"6/09/99",1,2811141,2,4,12,9,5
31,"6/09/99",1,2811141,4,4,12,9,5
32,"6/09/99",1,2811341,2,4,9,25,5
33,"6/09/99",1,2811441,1.79769313486232e+308,1.79769313486232e+308,1.79769313486232e+308,1.79769313486232e+308,1.79769313486232e+308
34,"6/09/99",1,2811741,1.79769313486232e+308,1.79769313486232e+308,1.79769313486232e+308,1.79769313486232e+308,1.79769313486232e+308
259,"7/04/99",1,2820141,1,1,1.79769313486232e+308,52,5
277,"7/04/99",1,2820151,1.79769313486232e+308,1.79769313486232e+308,1.79769313486232e+308,1.79769313486232e+308,1.79769313486232e+308
260,"7/04/99",1,2820241,1.79769313486232e+308,1.79769313486232e+308,1.79769313486232e+308,1.79769313486232e+308,1.79769313486232e+308
278,"7/04/99",1,2820251,1.79769313486232e+308,1.79769313486232e+308,1.79769313486232e+308,1.79769313486232e+308,1.79769313486232e+308
279,"7/04/99",1,2820351,1.79769313486232e+308,1.79769313486232e+308,1.79769313486232e+308,1.79769313486232e+308,1.79769313486232e+308
261,"7/04/99",1,2820441,1.79769313486232e+308,1.79769313486232e+308,1.79769313486232e+308,1.79769313486232e+308,1.79769313486232e+308
280,"7/04/99",1,2820459,1.79769313486232e+308,1.79769313486232e+308,1.79769313486232e+308,1.79769313486232e+308,1.79769313486232e+308
262,"7/04/99",1,2820541,1.79769313486232e+308,1.79769313486232e+308,1.79769313486232e+308,1.79769313486232e+308,1.79769313486232e+308
263,"7/04/99",1,2820741,1,6,1.79769313486232e+308,4,4
264,"7/04/99",1,2820841,1.79769313486232e+308,1.79769313486232e+308,1.79769313486232e+308,1.79769313486232e+308,1.79769313486232e+308
265,"7/04/99",1,2820941,1.79769313486232e+308,1.79769313486232e+308,1.79769313486232e+308,1.79769313486232e+308,1.79769313486232e+308
266,"7/04/99",1,2821041,1.79769313486232e+308,1.79769313486232e+308,1.79769313486232e+308,1.79769313486232e+308,1.79769313486232e+308
267,"7/04/99",1,2821141,1.79769313486232e+308,1.79769313486232e+308,1.79769313486232e+308,1.79769313486232e+308,1.79769313486232e+308
268,"7/04/99",1,2821241,1.79769313486232e+308,1.79769313486232e+308,1.79769313486232e+308,1.79769313486232e+308,1.79769313486232e+308
269,"7/04/99",1,2821341,1.79769313486232e+308,1.79769313486232e+308,1.79769313486232e+308,1.79769313486232e+308,1.79769313486232e+308
270,"7/04/99",1,2821441,1.79769313486232e+308,1.79769313486232e+308,1.79769313486232e+308,1.79769313486232e+308,1.79769313486232e+308
271,"7/04/99",1,2821541,1.79769313486232e+308,1.79769313486232e+308,1.79769313486232e+308,1.79769313486232e+308,1.79769313486232e+308
272,"7/04/99",1,2821542,1.79769313486232e+308,1.79769313486232e+308,1.79769313486232e+308,1.79769313486232e+308,1.79769313486232e+308
273,"7/04/99",1,2821543,1.79769313486232e+308,1.79769313486232e+308,1.79769313486232e+308,1.79769313486232e+308,1.79769313486232e+308
274,"7/04/99",1,2821544,1.79769313486232e+308,1.79769313486232e+308,1.79769313486232e+308,1.79769313486232e+308,1.79769313486232e+308
275,"7/04/99",1,2821641,1.79769313486232e+308,1.79769313486232e+308,1.79769313486232e+308,1.79769313486232e+308,1.79769313486232e+308
276,"7/04/99",1,2821741,1.79769313486232e+308,1.79769313486232e+308,1.79769313486232e+308,1.79769313486232e+308,1.79769313486232e+308
80,"6/06/99",1,2830141,1.79769313486232e+308,1.79769313486232e+308,1.79769313486232e+308,1.79769313486232e+308,1.79769313486232e+308
100,"6/06/99",1,2830151,1.79769313486232e+308,1.79769313486232e+308,1.79769313486232e+308,1.79769313486232e+308,1.79769313486232e+308
81,"6/06/99",1,2830241,1.79769313486232e+308,1.79769313486232e+308,1.79769313486232e+308,1.79769313486232e+308,1.79769313486232e+308
101,"6/06/99",1,2830251,1.79769313486232e+308,1.79769313486232e+308,1.79769313486232e+308,1.79769313486232e+308,1.79769313486232e+308
102,"6/06/99",1,2830252,1.79769313486232e+308,1.79769313486232e+308,1.79769313486232e+308,1.79769313486232e+308,1.79769313486232e+308
103,"6/06/99",1,2830253,1.79769313486232e+308,1.79769313486232e+308,1.79769313486232e+308,1.79769313486232e+308,1.79769313486232e+308
82,"6/06/99",1,2830341,1.79769313486232e+308,1.79769313486232e+308,1.79769313486232e+308,1.79769313486232e+308,1.79769313486232e+308
83,"6/06/99",1,2830342,1.79769313486232e+308,1.79769313486232e+308,1.79769313486232e+308,1.79769313486232e+308,1.79769313486232e+308
84,"6/06/99",1,2830343,1.79769313486232e+308,1.79769313486232e+308,1.79769313486232e+308,1.79769313486232e+308,1.79769313486232e+308
104,"6/06/99",1,2830351,1.79769313486232e+308,1.79769313486232e+308,1.79769313486232e+308,1.79769313486232e+308,1.79769313486232e+308
85,"6/06/99",1,2830441,1.79769313486232e+308,1.79769313486232e+308,1.79769313486232e+308,1.79769313486232e+308,1.79769313486232e+308
105,"6/06/99",1,2830459,1.79769313486232e+308,1.79769313486232e+308,1.79769313486232e+308,1.79769313486232e+308,1.79769313486232e+308
86,"6/06/99",1,2830541,1.79769313486232e+308,1.79769313486232e+308,1.79769313486232e+308,1.79769313486232e+308,1.79769313486232e+308
87,"6/06/99",1,2830641,1.79769313486232e+308,1.79769313486232e+308,1.79769313486232e+308,1.79769313486232e+308,1.79769313486232e+308
88,"6/06/99",1,2830741,1.79769313486232e+308,1.79769313486232e+308,1.79769313486232e+308,1.79769313486232e+308,1.79769313486232e+308
89,"6/06/99",1,2830841,1.79769313486232e+308,1.79769313486232e+308,1.79769313486232e+308,1.79769313486232e+308,1.79769313486232e+308
90,"6/06/99",1,2830941,1.79769313486232e+308,1.79769313486232e+308,1.79769313486232e+308,1.79769313486232e+308,1.79769313486232e+308
91,"6/06/99",1,2831041,1.79769313486232e+308,1.79769313486232e+308,1.79769313486232e+308,1.79769313486232e+308,1.79769313486232e+308
92,"6/06/99",1,2831141,1.79769313486232e+308,1.79769313486232e+308,1.79769313486232e+308,1.79769313486232e+308,1.79769313486232e+308
93,"6/06/99",1,2831241,1.79769313486232e+308,1.79769313486232e+308,1.79769313486232e+308,1.79769313486232e+308,1.79769313486232e+308
94,"6/06/99",1,2831341,1.79769313486232e+308,1.79769313486232e+308,1.79769313486232e+308,1.79769313486232e+308,1.79769313486232e+308
95,"6/06/99",1,2831441,1.79769313486232e+308,1.79769313486232e+308,1.79769313486232e+308,1.79769313486232e+308,1.79769313486232e+308
96,"6/06/99",1,2831442,1.79769313486232e+308,1.79769313486232e+308,1.79769313486232e+308,1.79769313486232e+308,1.79769313486232e+308
97,"6/06/99",1,2831541,1.79769313486232e+308,1.79769313486232e+308,1.79769313486232e+308,1.79769313486232e+308,1.79769313486232e+308
98,"6/06/99",1,2831641,1.79769313486232e+308,1.79769313486232e+308,1.79769313486232e+308,1.79769313486232e+308,1.79769313486232e+308
99,"6/06/99",1,2831741,1.79769313486232e+308,1.79769313486232e+308,1.79769313486232e+308,1.79769313486232e+308,1.79769313486232e+308
25,"6/25/99",1,2840149,1.79769313486232e+308,1.79769313486232e+308,1.79769313486232e+308,1.79769313486232e+308,1.79769313486232e+308
40,"6/25/99",1,2840159,2,2,6,48,4
26,"6/25/99",1,2840249,1.79769313486232e+308,1.79769313486232e+308,1.79769313486232e+308,1.79769313486232e+308,1.79769313486232e+308
41,"6/25/99",1,2840259,1.79769313486232e+308,1.79769313486232e+308,1.79769313486232e+308,1.79769313486232e+308,1.79769313486232e+308
27,"6/25/99",1,2840349,1.79769313486232e+308,1.79769313486232e+308,1.79769313486232e+308,1.79769313486232e+308,1.79769313486232e+308
42,"6/25/99",1,2840359,1.79769313486232e+308,1.79769313486232e+308,1.79769313486232e+308,1.79769313486232e+308,1.79769313486232e+308
28,"6/25/99",1,2840449,1.79769313486232e+308,1.79769313486232e+308,1.79769313486232e+308,1.79769313486232e+308,1.79769313486232e+308
43,"6/25/99",1,2840459,1.79769313486232e+308,1.79769313486232e+308,1.79769313486232e+308,1.79769313486232e+308,1.79769313486232e+308
29,"6/25/99",1,2840549,1.79769313486232e+308,1.79769313486232e+308,1.79769313486232e+308,1.79769313486232e+308,1.79769313486232e+308
44,"6/25/99",1,2840559,1.79769313486232e+308,1.79769313486232e+308,1.79769313486232e+308,1.79769313486232e+308,1.79769313486232e+308
30,"6/25/99",1,2840649,1.79769313486232e+308,1.79769313486232e+308,1.79769313486232e+308,1.79769313486232e+308,1.79769313486232e+308
31,"6/25/99",1,2840749,1.79769313486232e+308,1.79769313486232e+308,1.79769313486232e+308,1.79769313486232e+308,1.79769313486232e+308
32,"6/25/99",1,2840849,1.79769313486232e+308,1.79769313486232e+308,1.79769313486232e+308,1.79769313486232e+308,1.79769313486232e+308
33,"6/25/99",1,2840949,1.79769313486232e+308,1.79769313486232e+308,1.79769313486232e+308,1.79769313486232e+308,1.79769313486232e+308
34,"6/25/99",1,2841049,1.79769313486232e+308,1.79769313486232e+308,1.79769313486232e+308,1.79769313486232e+308,1.79769313486232e+308
35,"6/25/99",1,2841149,1.79769313486232e+308,1.79769313486232e+308,1.79769313486232e+308,1.79769313486232e+308,1.79769313486232e+308
36,"6/25/99",1,2841249,1.79769313486232e+308,1.79769313486232e+308,1.79769313486232e+308,1.79769313486232e+308,1.79769313486232e+308
37,"6/25/99",1,2841349,1.79769313486232e+308,1.79769313486232e+308,1.79769313486232e+308,1.79769313486232e+308,1.79769313486232e+308
38,"6/25/99",1,2841449,1.79769313486232e+308,1.79769313486232e+308,1.79769313486232e+308,1.79769313486232e+308,1.79769313486232e+308
39,"6/25/99",1,2841549,1.79769313486232e+308,1.79769313486232e+308,1.79769313486232e+308,1.79769313486232e+308,1.79769313486232e+308
208,"6/16/99",1,2910141,1.79769313486232e+308,1.79769313486232e+308,1.79769313486232e+308,1.79769313486232e+308,1.79769313486232e+308
228,"6/21/99",1,2910151,1.79769313486232e+308,1.79769313486232e+308,1.79769313486232e+308,1.79769313486232e+308,1.79769313486232e+308
209,"6/21/99",1,2910241,3,2,4,47,4
210,"6/21/99",1,2910241,4,1,4,47,2
211,"6/21/99",1,2910241,5,2,4,47,4
229,"6/21/99",1,2910251,3,2,4,40,4
212,"6/21/99",1,2910341,1.79769313486232e+308,1.79769313486232e+308,1.79769313486232e+308,1.79769313486232e+308,1.79769313486232e+308
230,"6/21/99",1,2910351,4,6,4,44,1
213,"6/21/99",1,2910441,1.79769313486232e+308,1.79769313486232e+308,1.79769313486232e+308,1.79769313486232e+308,1.79769313486232e+308
231,"6/21/99",1,2910459,1.79769313486232e+308,1.79769313486232e+308,1.79769313486232e+308,1.79769313486232e+308,1.79769313486232e+308
214,"6/21/99",1,2910541,1.79769313486232e+308,1.79769313486232e+308,1.79769313486232e+308,1.79769313486232e+308,1.79769313486232e+308
215,"6/21/99",1,2910641,1.79769313486232e+308,1.79769313486232e+308,1.79769313486232e+308,1.79769313486232e+308,1.79769313486232e+308
216,"6/21/99",1,2910741,1.79769313486232e+308,1.79769313486232e+308,1.79769313486232e+308,1.79769313486232e+308,1.79769313486232e+308
217,"6/21/99",1,2910841,1.79769313486232e+308,1.79769313486232e+308,1.79769313486232e+308,1.79769313486232e+308,1.79769313486232e+308
218,"6/21/99",1,2911041,1.79769313486232e+308,1.79769313486232e+308,1.79769313486232e+308,1.79769313486232e+308,1.79769313486232e+308
219,"6/21/99",1,2911141,1.79769313486232e+308,1.79769313486232e+308,1.79769313486232e+308,1.79769313486232e+308,1.79769313486232e+308
220,"6/21/99",1,2911241,1.79769313486232e+308,1.79769313486232e+308,1.79769313486232e+308,1.79769313486232e+308,1.79769313486232e+308
221,"6/21/99",1,2911242,1.79769313486232e+308,1.79769313486232e+308,1.79769313486232e+308,1.79769313486232e+308,1.79769313486232e+308
222,"6/21/99",1,2911243,1.79769313486232e+308,1.79769313486232e+308,1.79769313486232e+308,1.79769313486232e+308,1.79769313486232e+308
223,"6/21/99",1,2911341,1.79769313486232e+308,1.79769313486232e+308,1.79769313486232e+308,1.79769313486232e+308,1.79769313486232e+308
224,"6/21/99",1,2911441,1.79769313486232e+308,1.79769313486232e+308,1.79769313486232e+308,1.79769313486232e+308,1.79769313486232e+308
225,"6/21/99",1,2911541,1.79769313486232e+308,1.79769313486232e+308,1.79769313486232e+308,1.79769313486232e+308,1.79769313486232e+308
226,"6/21/99",1,2911641,1.79769313486232e+308,1.79769313486232e+308,1.79769313486232e+308,1.79769313486232e+308,1.79769313486232e+308
227,"6/21/99",1,2911741,1.79769313486232e+308,1.79769313486232e+308,1.79769313486232e+308,1.79769313486232e+308,1.79769313486232e+308
27,"2/10/99",1,2920141,1.79769313486232e+308,1.79769313486232e+308,1.79769313486232e+308,1.79769313486232e+308,1.79769313486232e+308
28,"2/11/99",1,2920142,1.79769313486232e+308,1.79769313486232e+308,1.79769313486232e+308,1.79769313486232e+308,1.79769313486232e+308
48,"2/11/99",1,2920151,1.79769313486232e+308,1.79769313486232e+308,1.79769313486232e+308,1.79769313486232e+308,1.79769313486232e+308
49,"2/11/99",1,2920152,1.79769313486232e+308,1.79769313486232e+308,1.79769313486232e+308,1.79769313486232e+308,1.79769313486232e+308
29,"2/11/99",1,2920241,1.79769313486232e+308,1.79769313486232e+308,1.79769313486232e+308,1.79769313486232e+308,1.79769313486232e+308
30,"2/11/99",1,2920242,1.79769313486232e+308,1.79769313486232e+308,1.79769313486232e+308,1.79769313486232e+308,1.79769313486232e+308
50,"2/11/99",1,2920251,1.79769313486232e+308,1.79769313486232e+308,1.79769313486232e+308,1.79769313486232e+308,1.79769313486232e+308
32,"2/11/99",1,2920341,6,1,3,25,1
31,"2/11/99",1,2920342,1.79769313486232e+308,1.79769313486232e+308,1.79769313486232e+308,1.79769313486232e+308,1.79769313486232e+308
33,"2/11/99",1,2920343,1.79769313486232e+308,1.79769313486232e+308,1.79769313486232e+308,1.79769313486232e+308,1.79769313486232e+308
51,"2/11/99",1,2920351,1.79769313486232e+308,1.79769313486232e+308,1.79769313486232e+308,1.79769313486232e+308,1.79769313486232e+308
34,"2/11/99",1,2920441,1.79769313486232e+308,1.79769313486232e+308,1.79769313486232e+308,1.79769313486232e+308,1.79769313486232e+308
52,"2/11/99",1,2920459,1.79769313486232e+308,1.79769313486232e+308,1.79769313486232e+308,1.79769313486232e+308,1.79769313486232e+308
35,"2/11/99",1,2920541,1.79769313486232e+308,1.79769313486232e+308,1.79769313486232e+308,1.79769313486232e+308,1.79769313486232e+308
36,"2/11/99",1,2920641,1.79769313486232e+308,1.79769313486232e+308,1.79769313486232e+308,1.79769313486232e+308,1.79769313486232e+308
37,"2/11/99",1,2920741,1.79769313486232e+308,1.79769313486232e+308,1.79769313486232e+308,1.79769313486232e+308,1.79769313486232e+308
38,"2/11/99",1,2920841,1.79769313486232e+308,1.79769313486232e+308,1.79769313486232e+308,1.79769313486232e+308,1.79769313486232e+308
39,"2/11/99",1,2920941,5,6,5,12,1
40,"2/11/99",1,2921041,1.79769313486232e+308,1.79769313486232e+308,1.79769313486232e+308,1.79769313486232e+308,1.79769313486232e+308
41,"2/11/99",1,2921141,1.79769313486232e+308,1.79769313486232e+308,1.79769313486232e+308,1.79769313486232e+308,1.79769313486232e+308
42,"2/11/99",1,2921241,1.79769313486232e+308,1.79769313486232e+308,1.79769313486232e+308,1.79769313486232e+308,1.79769313486232e+308
43,"2/11/99",1,2921341,1.79769313486232e+308,1.79769313486232e+308,1.79769313486232e+308,1.79769313486232e+308,1.79769313486232e+308
44,"2/11/99",1,2921441,1.79769313486232e+308,1.79769313486232e+308,1.79769313486232e+308,1.79769313486232e+308,1.79769313486232e+308
45,"2/11/99",1,2921442,1.79769313486232e+308,1.79769313486232e+308,1.79769313486232e+308,1.79769313486232e+308,1.79769313486232e+308
46,"2/11/99",1,2921541,1.79769313486232e+308,1.79769313486232e+308,1.79769313486232e+308,1.79769313486232e+308,1.79769313486232e+308
47,"2/11/99",1,2921542,1.79769313486232e+308,1.79769313486232e+308,1.79769313486232e+308,1.79769313486232e+308,1.79769313486232e+308
52,"8/05/99",1,2930141,1.79769313486232e+308,1.79769313486232e+308,1.79769313486232e+308,1.79769313486232e+308,1.79769313486232e+308
69,"8/05/99",1,2930151,1.79769313486232e+308,1.79769313486232e+308,1.79769313486232e+308,1.79769313486232e+308,1.79769313486232e+308
53,"8/05/99",1,2930241,1.79769313486232e+308,1.79769313486232e+308,1.79769313486232e+308,1.79769313486232e+308,1.79769313486232e+308
54,"8/05/99",1,2930242,1.79769313486232e+308,1.79769313486232e+308,1.79769313486232e+308,1.79769313486232e+308,1.79769313486232e+308
70,"8/05/99",1,2930251,1.79769313486232e+308,1.79769313486232e+308,1.79769313486232e+308,1.79769313486232e+308,1.79769313486232e+308
55,"8/05/99",1,2930341,1.79769313486232e+308,1.79769313486232e+308,1.79769313486232e+308,1.79769313486232e+308,1.79769313486232e+308
71,"8/05/99",1,2930351,5,1,3,12,4
72,"8/05/99",1,2930352,1.79769313486232e+308,1.79769313486232e+308,1.79769313486232e+308,1.79769313486232e+308,1.79769313486232e+308
73,"8/05/99",1,2930353,1.79769313486232e+308,1.79769313486232e+308,1.79769313486232e+308,1.79769313486232e+308,1.79769313486232e+308
56,"8/05/99",1,2930441,1.79769313486232e+308,1.79769313486232e+308,1.79769313486232e+308,1.79769313486232e+308,1.79769313486232e+308
74,"8/05/99",1,2930459,1.79769313486232e+308,1.79769313486232e+308,1.79769313486232e+308,1.79769313486232e+308,1.79769313486232e+308
57,"8/05/99",1,2930541,1.79769313486232e+308,1.79769313486232e+308,1.79769313486232e+308,1.79769313486232e+308,1.79769313486232e+308
58,"8/05/99",1,2930641,1.79769313486232e+308,1.79769313486232e+308,1.79769313486232e+308,1.79769313486232e+308,1.79769313486232e+308
59,"8/05/99",1,2930741,1.79769313486232e+308,1.79769313486232e+308,1.79769313486232e+308,1.79769313486232e+308,1.79769313486232e+308
60,"8/05/99",1,2930841,1.79769313486232e+308,1.79769313486232e+308,1.79769313486232e+308,1.79769313486232e+308,1.79769313486232e+308
61,"8/05/99",1,2930941,1,1,5,5,4
62,"8/05/99",1,2931041,1.79769313486232e+308,1.79769313486232e+308,1.79769313486232e+308,1.79769313486232e+308,1.79769313486232e+308
63,"8/05/99",1,2931141,1.79769313486232e+308,1.79769313486232e+308,1.79769313486232e+308,1.79769313486232e+308,1.79769313486232e+308
64,"8/05/99",1,2931241,1.79769313486232e+308,1.79769313486232e+308,1.79769313486232e+308,1.79769313486232e+308,1.79769313486232e+308
65,"8/05/99",1,2931341,1.79769313486232e+308,1.79769313486232e+308,1.79769313486232e+308,1.79769313486232e+308,1.79769313486232e+308
66,"8/05/99",1,2931441,1.79769313486232e+308,1.79769313486232e+308,1.79769313486232e+308,1.79769313486232e+308,1.79769313486232e+308
67,"8/05/99",1,2931541,1.79769313486232e+308,1.79769313486232e+308,1.79769313486232e+308,1.79769313486232e+308,1.79769313486232e+308
68,"8/05/99",1,2931641,1.79769313486232e+308,1.79769313486232e+308,1.79769313486232e+308,1.79769313486232e+308,1.79769313486232e+308
1,"7/07/99",1,3010119,1.79769313486232e+308,1.79769313486232e+308,1.79769313486232e+308,1.79769313486232e+308,1.79769313486232e+308
16,"8/12/99",1,3010149,3,4,1,8,1
17,"8/12/99",1,3010149,5,4,12,12,1
18,"8/12/99",1,3010149,10,4,12,12,1
24,"8/12/99",1,3010159,3,6,2,7,3
2,"8/12/99",1,3010219,3,4,1,5,1
3,"8/12/99",1,3010219,5,6,10,4,1
19,"8/12/99",1,3010249,1.79769313486232e+308,1.79769313486232e+308,1.79769313486232e+308,1.79769313486232e+308,1.79769313486232e+308
25,"8/12/99",1,3010259,3,1,1.79769313486232e+308,52,5
26,"8/12/99",1,3010259,5,1,1.79769313486232e+308,52,5
27,"8/12/99",1,3010259,6,2,1.79769313486232e+308,48,4
4,"8/12/99",1,3010319,1.79769313486232e+308,1.79769313486232e+308,1.79769313486232e+308,1.79769313486232e+308,1.79769313486232e+308
20,"8/12/99",1,3010349,1.79769313486232e+308,1.79769313486232e+308,1.79769313486232e+308,1.79769313486232e+308,1.79769313486232e+308
28,"8/12/99",1,3010359,1,1,1.79769313486232e+308,52,5
5,"8/12/99",1,3010419,1.79769313486232e+308,1.79769313486232e+308,1.79769313486232e+308,1.79769313486232e+308,1.79769313486232e+308
21,"8/12/99",1,3010449,2,1,1.79769313486232e+308,52,5
29,"8/12/99",1,3010459,1,6,5,44,3
30,"8/12/99",1,3010459,3,4,12,20,4
6,"8/12/99",1,3010519,3,1,4,44,4
7,"8/12/99",1,3010519,4,1,4,44,4
22,"8/12/99",1,3010549,1.79769313486232e+308,1.79769313486232e+308,1.79769313486232e+308,1.79769313486232e+308,1.79769313486232e+308
8,"8/12/99",1,3010619,3,1,1.79769313486232e+308,48,4
9,"8/12/99",1,3010619,4,1,1.79769313486232e+308,48,4
10,"8/12/99",1,3010619,5,1,1.79769313486232e+308,48,4
23,"8/12/99",1,3010649,2,1,1.79769313486232e+308,52,5
11,"8/12/99",1,3010719,3,1,3,4,5
12,"8/12/99",1,3010839,3,2,8,46,4
13,"8/12/99",1,3010919,1.79769313486232e+308,1.79769313486232e+308,1.79769313486232e+308,1.79769313486232e+308,1.79769313486232e+308
14,"8/12/99",1,3011019,1.79769313486232e+308,1.79769313486232e+308,1.79769313486232e+308,1.79769313486232e+308,1.79769313486232e+308
15,"8/12/99",1,3011119,1.79769313486232e+308,1.79769313486232e+308,1.79769313486232e+308,1.79769313486232e+308,1.79769313486232e+308
31,"8/12/99",1,3020139,1.79769313486232e+308,1.79769313486232e+308,1.79769313486232e+308,1.79769313486232e+308,1.79769313486232e+308
47,"8/18/99",1,3020149,1,1,5,1,3
44,"8/18/99",1,3020149,1,1,5,28,3
45,"8/18/99",1,3020149,1,1,1,12,3
46,"8/18/99",1,3020149,1,1,3,7,3
54,"8/18/99",1,3020159,1.79769313486232e+308,1.79769313486232e+308,1.79769313486232e+308,1.79769313486232e+308,1.79769313486232e+308
32,"8/18/99",1,3020239,1.79769313486232e+308,1.79769313486232e+308,1.79769313486232e+308,1.79769313486232e+308,1.79769313486232e+308
48,"8/18/99",1,3020249,1.79769313486232e+308,1.79769313486232e+308,1.79769313486232e+308,1.79769313486232e+308,1.79769313486232e+308
55,"8/18/99",1,3020259,4,4,3,8,3
33,"8/18/99",1,3020339,1.79769313486232e+308,1.79769313486232e+308,1.79769313486232e+308,1.79769313486232e+308,1.79769313486232e+308
49,"8/18/99",1,3020349,4,2,5,48,4
56,"8/18/99",1,3020359,4,1,9,32,5
34,"8/18/99",1,3020439,1.79769313486232e+308,1.79769313486232e+308,1.79769313486232e+308,1.79769313486232e+308,1.79769313486232e+308
50,"8/18/99",1,3020449,1,6,3,8,3
57,"8/18/99",1,3020459,3,1,1.79769313486232e+308,52,5
35,"8/18/99",1,3020539,5,6,3,10,1
37,"8/18/99",1,3020539,6,1,1,8,3
36,"8/18/99",1,3020539,6,1,5,32,3
38,"8/18/99",1,3020539,6,1,4,7,3
51,"8/18/99",1,3020549,1.79769313486232e+308,1.79769313486232e+308,1.79769313486232e+308,1.79769313486232e+308,1.79769313486232e+308
39,"8/18/99",1,3020639,1.79769313486232e+308,1.79769313486232e+308,1.79769313486232e+308,1.79769313486232e+308,1.79769313486232e+308
52,"8/18/99",1,3020649,1.79769313486232e+308,1.79769313486232e+308,1.79769313486232e+308,1.79769313486232e+308,1.79769313486232e+308
40,"8/18/99",1,3020739,1.79769313486232e+308,1.79769313486232e+308,1.79769313486232e+308,1.79769313486232e+308,1.79769313486232e+308
53,"8/18/99",1,3020749,1.79769313486232e+308,1.79769313486232e+308,1.79769313486232e+308,1.79769313486232e+308,1.79769313486232e+308
1.79769313486232e+308,".",1.79769313486232e+308,3020839,1.79769313486232e+308,1.79769313486232e+308,1.79769313486232e+308,1.79769313486232e+308,1.79769313486232e+308
42,"8/18/99",1,3020939,3,1,1.79769313486232e+308,52,3
41,"8/18/99",1,3020939,1.79769313486232e+308,1.79769313486232e+308,1.79769313486232e+308,1.79769313486232e+308,1.79769313486232e+308
43,"8/18/99",1,3021039,1.79769313486232e+308,1.79769313486232e+308,1.79769313486232e+308,1.79769313486232e+308,1.79769313486232e+308
89,"9/14/99",1,3030139,4,1,2,20,3
90,"9/19/99",1,3030139,7,2,5,12,1
92,"9/19/99",1,3030139,7,2,1,8,1
91,"9/19/99",1,3030139,7,2,8,16,1
93,"9/19/99",1,3030139,7,2,4,4,1
98,"9/19/99",1,3030149,1.79769313486232e+308,1.79769313486232e+308,1.79769313486232e+308,1.79769313486232e+308,1.79769313486232e+308
117,"9/23/99",1,3030159,1.79769313486232e+308,1.79769313486232e+308,1.79769313486232e+308,1.79769313486232e+308,1.79769313486232e+308
94,"9/19/99",1,3030239,1.79769313486232e+308,1.79769313486232e+308,1.79769313486232e+308,1.79769313486232e+308,1.79769313486232e+308
99,"9/19/99",1,3030249,1.79769313486232e+308,1.79769313486232e+308,1.79769313486232e+308,1.79769313486232e+308,1.79769313486232e+308
118,"9/23/99",1,3030259,3,1,7,44,5
119,"9/23/99",1,3030259,4,6,1,24,3
120,"9/23/99",1,3030259,6,1,7,44,5
95,"9/19/99",1,3030339,1.79769313486232e+308,1.79769313486232e+308,1.79769313486232e+308,1.79769313486232e+308,1.79769313486232e+308
100,"9/19/99",1,3030349,1,1,12,26,3
101,"9/19/99",1,3030349,2,1,12,26,3
102,"9/19/99",1,3030349,3,1,12,34,3
103,"9/19/99",1,3030349,4,1,12,26,3
104,"9/19/99",1,3030349,5,1,12,34,3
105,"9/19/99",1,3030349,6,4,12,26,3
122,"9/23/99",1,3030359,5,2,5,6,3
121,"9/23/99",1,3030359,5,2,1,6,3
123,"9/23/99",1,3030359,6,1,8,52,5
96,"9/19/99",1,3030439,1.79769313486232e+308,1.79769313486232e+308,1.79769313486232e+308,1.79769313486232e+308,1.79769313486232e+308
106,"9/19/99",1,3030449,1.79769313486232e+308,1.79769313486232e+308,1.79769313486232e+308,1.79769313486232e+308,1.79769313486232e+308
124,"9/23/99",1,3030459,1.79769313486232e+308,1.79769313486232e+308,1.79769313486232e+308,1.79769313486232e+308,1.79769313486232e+308
97,"9/19/99",1,3030539,1.79769313486232e+308,1.79769313486232e+308,1.79769313486232e+308,1.79769313486232e+308,1.79769313486232e+308
107,"9/19/99",1,3030549,1.79769313486232e+308,1.79769313486232e+308,1.79769313486232e+308,1.79769313486232e+308,1.79769313486232e+308
108,"9/19/99",1,3030649,1.79769313486232e+308,1.79769313486232e+308,1.79769313486232e+308,1.79769313486232e+308,1.79769313486232e+308
109,"9/19/99",1,3030749,1.79769313486232e+308,1.79769313486232e+308,1.79769313486232e+308,1.79769313486232e+308,1.79769313486232e+308
110,"9/23/99",1,3030849,1.79769313486232e+308,1.79769313486232e+308,1.79769313486232e+308,1.79769313486232e+308,1.79769313486232e+308
111,"9/23/99",1,3030949,1.79769313486232e+308,1.79769313486232e+308,1.79769313486232e+308,1.79769313486232e+308,1.79769313486232e+308
112,"9/23/99",1,3031049,3,4,1,24,1
113,"9/23/99",1,3031049,4,4,1,24,1
114,"9/23/99",1,3031049,8,4,1,24,1
115,"9/23/99",1,3031149,1.79769313486232e+308,1.79769313486232e+308,1.79769313486232e+308,1.79769313486232e+308,1.79769313486232e+308
116,"9/23/99",1,3031249,1.79769313486232e+308,1.79769313486232e+308,1.79769313486232e+308,1.79769313486232e+308,1.79769313486232e+308
86,"8/04/99",1,3110139,2,1,1.79769313486232e+308,52,5
96,"8/09/99",1,3110149,3,1,12,17,2
106,"8/09/99",1,3110159,1.79769313486232e+308,1.79769313486232e+308,1.79769313486232e+308,1.79769313486232e+308,1.79769313486232e+308
87,"8/09/99",1,3110239,1.79769313486232e+308,1.79769313486232e+308,1.79769313486232e+308,1.79769313486232e+308,1.79769313486232e+308
105,"8/09/99",1,3110249,1.79769313486232e+308,1.79769313486232e+308,1.79769313486232e+308,1.79769313486232e+308,1.79769313486232e+308
107,"8/09/99",1,3110259,3,1,1.79769313486232e+308,52,5
108,"8/09/99",1,3110259,5,2,3,43,2
88,"8/09/99",1,3110339,1.79769313486232e+308,1.79769313486232e+308,1.79769313486232e+308,1.79769313486232e+308,1.79769313486232e+308
98,"8/09/99",1,3110349,1.79769313486232e+308,1.79769313486232e+308,1.79769313486232e+308,1.79769313486232e+308,1.79769313486232e+308
109,"8/09/99",1,3110359,4,1,3,5,2
89,"8/09/99",1,3110439,1.79769313486232e+308,1.79769313486232e+308,1.79769313486232e+308,1.79769313486232e+308,1.79769313486232e+308
99,"8/09/99",1,3110449,1.79769313486232e+308,1.79769313486232e+308,1.79769313486232e+308,1.79769313486232e+308,1.79769313486232e+308
110,"8/09/99",1,3110459,2,1,1.79769313486232e+308,52,5
111,"8/09/99",1,3110459,3,1,1.79769313486232e+308,52,5
112,"8/09/99",1,3110459,4,1,10,14,1
90,"8/09/99",1,3110539,1.79769313486232e+308,1.79769313486232e+308,1.79769313486232e+308,1.79769313486232e+308,1.79769313486232e+308
100,"8/09/99",1,3110549,1.79769313486232e+308,1.79769313486232e+308,1.79769313486232e+308,1.79769313486232e+308,1.79769313486232e+308
91,"8/09/99",1,3110639,1.79769313486232e+308,1.79769313486232e+308,1.79769313486232e+308,1.79769313486232e+308,1.79769313486232e+308
101,"8/09/99",1,3110649,2,3,3,13,2
102,"8/09/99",1,3110649,3,4,7,8,2
103,"8/09/99",1,3110649,4,4,3,13,2
104,"8/09/99",1,3110649,5,4,3,13,2
92,"8/09/99",1,3110739,2,1,1.79769313486232e+308,52,5
93,"8/09/99",1,3110839,1.79769313486232e+308,1.79769313486232e+308,1.79769313486232e+308,1.79769313486232e+308,1.79769313486232e+308
94,"8/09/99",1,3110939,1.79769313486232e+308,1.79769313486232e+308,1.79769313486232e+308,1.79769313486232e+308,1.79769313486232e+308
95,"8/09/99",1,3111039,1.79769313486232e+308,1.79769313486232e+308,1.79769313486232e+308,1.79769313486232e+308,1.79769313486232e+308
97,"8/09/99",1,3111139,1.79769313486232e+308,1.79769313486232e+308,1.79769313486232e+308,1.79769313486232e+308,1.79769313486232e+308
118,"8/12/99",1,3120139,1.79769313486232e+308,1.79769313486232e+308,1.79769313486232e+308,1.79769313486232e+308,1.79769313486232e+308
134,"8/12/99",1,3120149,1.79769313486232e+308,1.79769313486232e+308,1.79769313486232e+308,1.79769313486232e+308,1.79769313486232e+308
146,"8/12/99",1,3120159,3,1,10,22,5
119,"8/12/99",1,3120239,1,3,8,5,2
120,"8/12/99",1,3120239,2,6,9,5,1
121,"8/12/99",1,3120239,4,4,9,12,1
135,"8/12/99",1,3120249,1.79769313486232e+308,1.79769313486232e+308,1.79769313486232e+308,1.79769313486232e+308,1.79769313486232e+308
151,"8/12/99",1,3120259,3,2,1.79769313486232e+308,36,2
1.79769313486232e+308,".",1.79769313486232e+308,3120259,3,2,2,12,2
147,"8/12/99",1,3120259,5,2,6,24,2
148,"8/12/99",1,3120259,5,2,2,12,2
149,"8/12/99",1,3120259,6,2,6,24,2
150,"8/12/99",1,3120259,6,2,2,12,2
122,"8/12/99",1,3120339,1.79769313486232e+308,1.79769313486232e+308,1.79769313486232e+308,1.79769313486232e+308,1.79769313486232e+308
136,"8/12/99",1,3120349,1.79769313486232e+308,1.79769313486232e+308,1.79769313486232e+308,1.79769313486232e+308,1.79769313486232e+308
152,"8/12/99",1,3120359,1.79769313486232e+308,1.79769313486232e+308,1.79769313486232e+308,1.79769313486232e+308,1.79769313486232e+308
123,"8/12/99",1,3120439,3,1,1,20,2
124,"8/12/99",1,3120439,4,4,4,4,2
137,"8/12/99",1,3120449,3,1,5,7,5
153,"8/12/99",1,3120459,9,1,1.79769313486232e+308,52,5
125,"8/12/99",1,3120539,4,1,4,4,2
126,"8/12/99",1,3120539,6,1,4,4,2
127,"8/12/99",1,3120539,7,1,4,4,2
128,"8/12/99",1,3120539,8,6,4,4,2
138,"8/12/99",1,3120549,1.79769313486232e+308,1.79769313486232e+308,1.79769313486232e+308,1.79769313486232e+308,1.79769313486232e+308
129,"8/12/99",1,3120639,5,1,4,18,3
139,"8/12/99",1,3120649,2,6,7,8,1
140,"8/12/99",1,3120649,3,4,7,4,1
141,"8/12/99",1,3120649,4,4,7,8,1
142,"8/12/99",1,3120649,5,4,7,8,1
143,"8/12/99",1,3120649,6,4,7,8,1
144,"8/12/99",1,3120649,7,4,7,8,1
130,"8/12/99",1,3120739,1.79769313486232e+308,1.79769313486232e+308,1.79769313486232e+308,1.79769313486232e+308,1.79769313486232e+308
145,"8/12/99",1,3120749,1.79769313486232e+308,1.79769313486232e+308,1.79769313486232e+308,1.79769313486232e+308,1.79769313486232e+308
131,"8/12/99",1,3120839,1.79769313486232e+308,1.79769313486232e+308,1.79769313486232e+308,1.79769313486232e+308,1.79769313486232e+308
132,"8/12/99",1,3120939,1.79769313486232e+308,1.79769313486232e+308,1.79769313486232e+308,1.79769313486232e+308,1.79769313486232e+308
133,"8/12/99",1,3121039,1.79769313486232e+308,1.79769313486232e+308,1.79769313486232e+308,1.79769313486232e+308,1.79769313486232e+308
78,"8/31/99",1,3130139,2,1,1.79769313486232e+308,52,5
88,"9/05/99",1,3130149,1.79769313486232e+308,1.79769313486232e+308,1.79769313486232e+308,1.79769313486232e+308,1.79769313486232e+308
133,"9/05/99",1,3130159,1.79769313486232e+308,1.79769313486232e+308,1.79769313486232e+308,1.79769313486232e+308,1.79769313486232e+308
79,"9/05/99",1,3130239,1.79769313486232e+308,1.79769313486232e+308,1.79769313486232e+308,1.79769313486232e+308,1.79769313486232e+308
89,"9/05/99",1,3130249,3,2,9,30,2
90,"9/05/99",1,3130249,4,1,12,25,2
134,"9/05/99",1,3130259,1.79769313486232e+308,1.79769313486232e+308,1.79769313486232e+308,1.79769313486232e+308,1.79769313486232e+308
80,"9/05/99",1,3130339,1.79769313486232e+308,1.79769313486232e+308,1.79769313486232e+308,1.79769313486232e+308,1.79769313486232e+308
91,"9/05/99",1,3130349,4,6,1.79769313486232e+308,52,1
93,"9/05/99",1,3130349,5,6,6,12,3
92,"9/05/99",1,3130349,5,6,2,18,3
94,"9/05/99",1,3130349,6,6,1,12,3
95,"9/05/99",1,3130349,6,6,4,18,3
135,"9/05/99",1,3130359,1.79769313486232e+308,1.79769313486232e+308,1.79769313486232e+308,1.79769313486232e+308,1.79769313486232e+308
81,"9/05/99",1,3130439,3,1,6,10,3
82,"9/05/99",1,3130439,3,1,9,12,3
84,"9/05/99",1,3130439,3,1,1,9,3
83,"9/05/99",1,3130439,3,1,12,4,3
85,"9/05/99",1,3130439,3,1,4,12,3
98,"9/05/99",1,3130449,1,1,6,4,2
96,"9/05/99",1,3130449,1,1,4,4,2
97,"9/05/99",1,3130449,1,1,5,4,2
139,"9/05/99",1,3130459,3,1,4,10,3
137,"9/05/99",1,3130459,3,1,10,12,3
136,"9/05/99",1,3130459,3,1,7,15,3
138,"9/05/99",1,3130459,3,1,1,12,3
140,"9/05/99",1,3130459,5,1,1.79769313486232e+308,52,5
86,"9/05/99",1,3130539,1.79769313486232e+308,1.79769313486232e+308,1.79769313486232e+308,1.79769313486232e+308,1.79769313486232e+308
99,"9/05/99",1,3130549,1,1,1.79769313486232e+308,52,5
87,"9/05/99",1,3130629,1.79769313486232e+308,1.79769313486232e+308,1.79769313486232e+308,1.79769313486232e+308,1.79769313486232e+308
100,"9/05/99",1,3130649,1,1,4,14,2
101,"9/05/99",1,3130649,5,6,7,32,2
102,"9/05/99",1,3130749,1.79769313486232e+308,1.79769313486232e+308,1.79769313486232e+308,1.79769313486232e+308,1.79769313486232e+308
104,"9/05/99",1,3130849,1,1,2,9,2
105,"9/05/99",1,3130849,1,1,4,16,2
106,"9/05/99",1,3130849,1,1,6,5,2
103,"9/05/99",1,3130849,1,1,8,17,2
109,"9/05/99",1,3130849,3,2,4,16,2
108,"9/05/99",1,3130849,3,2,2,9,2
110,"9/05/99",1,3130849,3,2,6,5,2
107,"9/05/99",1,3130849,3,2,8,17,2
114,"9/05/99",1,3130849,4,2,6,5,2
113,"9/05/99",1,3130849,4,2,4,16,2
111,"9/05/99",1,3130849,4,2,8,17,2
112,"9/05/99",1,3130849,4,2,2,9,2
115,"9/05/99",1,3130949,2,1,6,20,3
117,"9/05/99",1,3130949,2,1,4,12,3
116,"9/05/99",1,3130949,2,1,1,15,3
118,"9/05/99",1,3130949,3,1,7,19,3
120,"9/05/99",1,3130949,3,1,4,12,3
119,"9/05/99",1,3130949,3,1,1,14,3
122,"9/05/99",1,3130949,7,4,2,18,3
121,"9/05/99",1,3130949,7,4,6,16,3
123,"9/05/99",1,3131049,1.79769313486232e+308,1.79769313486232e+308,1.79769313486232e+308,1.79769313486232e+308,1.79769313486232e+308
126,"9/05/99",1,3131149,2,4,12,10,1
125,"9/05/99",1,3131149,2,4,8,8,1
124,"9/05/99",1,3131149,2,4,4,8,1
129,"9/05/99",1,3131149,3,4,12,18,1
128,"9/05/99",1,3131149,3,4,8,18,1
127,"9/05/99",1,3131149,3,4,4,16,1
132,"9/05/99",1,3131149,4,4,12,10,1
131,"9/05/99",1,3131149,4,4,8,8,1
130,"9/05/99",1,3131149,4,4,4,8,1
102,"8/09/99",1,3210139,1.79769313486232e+308,1.79769313486232e+308,1.79769313486232e+308,1.79769313486232e+308,1.79769313486232e+308
121,"8/09/99",1,3210149,1.79769313486232e+308,1.79769313486232e+308,1.79769313486232e+308,1.79769313486232e+308,1.79769313486232e+308
128,"8/09/99",1,3210159,2,1,3,52,5
1.79769313486232e+308,".",1.79769313486232e+308,3210159,4,1,1,9,5
109,"8/09/99",1,3210239,3,1,1.79769313486232e+308,52,5
107,"8/09/99",1,3210239,5,2,12,3,4
106,"8/09/99",1,3210239,5,2,9,12,4
105,"8/09/99",1,3210239,5,2,6,10,4
103,"8/09/99",1,3210239,5,2,3,6,4
104,"8/09/99",1,3210239,5,2,5,4,4
108,"8/09/99",1,3210239,6,1,1,12,5
1.79769313486232e+308,".",1.79769313486232e+308,3210249,4,2,7,22,2
1.79769313486232e+308,".",1.79769313486232e+308,3210249,4,2,2,4,2
1.79769313486232e+308,".",1.79769313486232e+308,3210249,4,2,12,8,2
122,"8/09/99",1,3210249,4,2,3,16,2
129,"8/09/99",1,3210259,3,1,1.79769313486232e+308,52,5
110,"8/09/99",1,3210339,1.79769313486232e+308,1.79769313486232e+308,1.79769313486232e+308,1.79769313486232e+308,1.79769313486232e+308
123,"8/09/99",1,3210349,1.79769313486232e+308,1.79769313486232e+308,1.79769313486232e+308,1.79769313486232e+308,1.79769313486232e+308
130,"8/09/99",1,3210359,1.79769313486232e+308,1.79769313486232e+308,1.79769313486232e+308,1.79769313486232e+308,1.79769313486232e+308
111,"8/09/99",1,3210439,1.79769313486232e+308,1.79769313486232e+308,1.79769313486232e+308,1.79769313486232e+308,1.79769313486232e+308
124,"8/09/99",1,3210449,1.79769313486232e+308,1.79769313486232e+308,1.79769313486232e+308,1.79769313486232e+308,1.79769313486232e+308
131,"8/09/99",1,3210459,2,1,8,40,5
112,"8/09/99",1,3210539,1.79769313486232e+308,1.79769313486232e+308,1.79769313486232e+308,1.79769313486232e+308,1.79769313486232e+308
1.79769313486232e+308,".",1.79769313486232e+308,3210549,2,1,1,5,2
125,"8/09/99",1,3210549,2,1,3,10,2
1.79769313486232e+308,".",1.79769313486232e+308,3210549,2,1,11,5,2
1.79769313486232e+308,".",1.79769313486232e+308,3210549,2,1,10,5,2
1.79769313486232e+308,".",1.79769313486232e+308,3210549,2,1,6,6,2
1.79769313486232e+308,".",1.79769313486232e+308,3210549,2,1,8,6,2
1.79769313486232e+308,".",1.79769313486232e+308,3210549,2,1,2,5,2
1.79769313486232e+308,".",1.79769313486232e+308,3210549,2,1,12,5,2
113,"8/09/99",1,3210619,3,1,4,12,2
1.79769313486232e+308,".",1.79769313486232e+308,3210619,3,1,12,4,2
1.79769313486232e+308,".",1.79769313486232e+308,3210619,3,1,8,6,2
1.79769313486232e+308,".",1.79769313486232e+308,3210619,6,1,2,4,2
126,"8/09/99",1,3210649,1.79769313486232e+308,1.79769313486232e+308,1.79769313486232e+308,1.79769313486232e+308,1.79769313486232e+308
114,"8/09/99",1,3210739,1.79769313486232e+308,1.79769313486232e+308,1.79769313486232e+308,1.79769313486232e+308,1.79769313486232e+308
127,"8/09/99",1,3210749,1.79769313486232e+308,1.79769313486232e+308,1.79769313486232e+308,1.79769313486232e+308,1.79769313486232e+308
115,"8/09/99",1,3210829,3,4,2,5,2
116,"8/09/99",1,3210929,3,2,3,13,2
119,"8/09/99",1,3210929,3,2,12,13,2
118,"8/09/99",1,3210929,3,2,10,12,2
117,"8/09/99",1,3210929,3,2,7,12,2
120,"8/09/99",1,3211039,1.79769313486232e+308,1.79769313486232e+308,1.79769313486232e+308,1.79769313486232e+308,1.79769313486232e+308
22,"8/22/99",1,3220139,1.79769313486232e+308,1.79769313486232e+308,1.79769313486232e+308,1.79769313486232e+308,1.79769313486232e+308
34,"8/25/99",1,3220149,3,1,10,26,5
39,"8/25/99",1,3220159,1.79769313486232e+308,1.79769313486232e+308,1.79769313486232e+308,1.79769313486232e+308,1.79769313486232e+308
23,"8/22/99",1,3220239,1.79769313486232e+308,1.79769313486232e+308,1.79769313486232e+308,1.79769313486232e+308,1.79769313486232e+308
35,"8/25/99",1,3220249,1.79769313486232e+308,1.79769313486232e+308,1.79769313486232e+308,1.79769313486232e+308,1.79769313486232e+308
40,"8/25/99",1,3220259,1.79769313486232e+308,1.79769313486232e+308,1.79769313486232e+308,1.79769313486232e+308,1.79769313486232e+308
24,"8/22/99",1,3220339,1.79769313486232e+308,1.79769313486232e+308,1.79769313486232e+308,1.79769313486232e+308,1.79769313486232e+308
36,"8/25/99",1,3220349,2,1,10,26,5
41,"8/25/99",1,3220359,1.79769313486232e+308,1.79769313486232e+308,1.79769313486232e+308,1.79769313486232e+308,1.79769313486232e+308
25,"8/22/99",1,3220419,1.79769313486232e+308,1.79769313486232e+308,1.79769313486232e+308,1.79769313486232e+308,1.79769313486232e+308
37,"8/25/99",1,3220449,1.79769313486232e+308,1.79769313486232e+308,1.79769313486232e+308,1.79769313486232e+308,1.79769313486232e+308
42,"8/25/99",1,3220459,1.79769313486232e+308,1.79769313486232e+308,1.79769313486232e+308,1.79769313486232e+308,1.79769313486232e+308
26,"8/22/99",1,3220539,1.79769313486232e+308,1.79769313486232e+308,1.79769313486232e+308,1.79769313486232e+308,1.79769313486232e+308
38,"8/25/99",1,3220549,1.79769313486232e+308,1.79769313486232e+308,1.79769313486232e+308,1.79769313486232e+308,1.79769313486232e+308
27,"8/22/99",1,3220619,1.79769313486232e+308,1.79769313486232e+308,1.79769313486232e+308,1.79769313486232e+308,1.79769313486232e+308
28,"8/22/99",1,3220739,1.79769313486232e+308,1.79769313486232e+308,1.79769313486232e+308,1.79769313486232e+308,1.79769313486232e+308
29,"8/22/99",1,3220839,1.79769313486232e+308,1.79769313486232e+308,1.79769313486232e+308,1.79769313486232e+308,1.79769313486232e+308
30,"8/22/99",1,3220939,1.79769313486232e+308,1.79769313486232e+308,1.79769313486232e+308,1.79769313486232e+308,1.79769313486232e+308
31,"8/22/99",1,3221019,1.79769313486232e+308,1.79769313486232e+308,1.79769313486232e+308,1.79769313486232e+308,1.79769313486232e+308
32,"8/22/99",1,3221139,2,1,1.79769313486232e+308,52,5
33,"8/25/99",1,3221239,1.79769313486232e+308,1.79769313486232e+308,1.79769313486232e+308,1.79769313486232e+308,1.79769313486232e+308
43,"8/25/99",1,3230139,1.79769313486232e+308,1.79769313486232e+308,1.79769313486232e+308,1.79769313486232e+308,1.79769313486232e+308
59,"9/06/99",1,3230149,5,1,11,10,4
57,"9/06/99",1,3230149,5,1,6,15,4
58,"9/06/99",1,3230149,5,1,9,14,4
60,"9/06/99",1,3230149,5,1,2,9,4
64,"9/06/99",1,3230149,6,1,11,13,4
62,"9/06/99",1,3230149,6,1,6,9,4
61,"9/06/99",1,3230149,6,1,4,8,4
63,"9/06/99",1,3230149,6,1,8,11,4
65,"9/06/99",1,3230149,6,1,2,7,4
79,"9/08/99",1,3230159,2,1,1.79769313486232e+308,52,5
44,"9/06/99",1,3230219,1.79769313486232e+308,1.79769313486232e+308,1.79769313486232e+308,1.79769313486232e+308,1.79769313486232e+308
66,"9/06/99",1,3230249,1.79769313486232e+308,1.79769313486232e+308,1.79769313486232e+308,1.79769313486232e+308,1.79769313486232e+308
80,"9/08/99",1,3230259,2,1,2,25,5
45,"9/06/99",1,3230339,1.79769313486232e+308,1.79769313486232e+308,1.79769313486232e+308,1.79769313486232e+308,1.79769313486232e+308
67,"9/08/99",1,3230349,1.79769313486232e+308,1.79769313486232e+308,1.79769313486232e+308,1.79769313486232e+308,1.79769313486232e+308
81,"9/08/99",1,3230359,1.79769313486232e+308,1.79769313486232e+308,1.79769313486232e+308,1.79769313486232e+308,1.79769313486232e+308
46,"9/06/99",1,3230439,1.79769313486232e+308,1.79769313486232e+308,1.79769313486232e+308,1.79769313486232e+308,1.79769313486232e+308
68,"9/08/99",1,3230449,1.79769313486232e+308,1.79769313486232e+308,1.79769313486232e+308,1.79769313486232e+308,1.79769313486232e+308
82,"9/08/99",1,3230459,1.79769313486232e+308,1.79769313486232e+308,1.79769313486232e+308,1.79769313486232e+308,1.79769313486232e+308
47,"9/06/99",1,3230539,1.79769313486232e+308,1.79769313486232e+308,1.79769313486232e+308,1.79769313486232e+308,1.79769313486232e+308
74,"9/08/99",1,3230549,3,2,2,5,2
69,"9/08/99",1,3230549,3,2,6,5,2
73,"9/08/99",1,3230549,3,2,1,4,2
72,"9/08/99",1,3230549,3,2,11,5,2
71,"9/08/99",1,3230549,3,2,9,5,2
70,"9/08/99",1,3230549,3,2,8,5,2
76,"9/08/99",1,3230549,3,2,5,6,2
75,"9/08/99",1,3230549,3,2,4,5,2
48,"9/06/99",1,3230639,1.79769313486232e+308,1.79769313486232e+308,1.79769313486232e+308,1.79769313486232e+308,1.79769313486232e+308
77,"9/08/99",1,3230649,1.79769313486232e+308,1.79769313486232e+308,1.79769313486232e+308,1.79769313486232e+308,1.79769313486232e+308
49,"9/06/99",1,3230719,1.79769313486232e+308,1.79769313486232e+308,1.79769313486232e+308,1.79769313486232e+308,1.79769313486232e+308
78,"9/08/99",1,3230749,1.79769313486232e+308,1.79769313486232e+308,1.79769313486232e+308,1.79769313486232e+308,1.79769313486232e+308
50,"9/06/99",1,3230839,1.79769313486232e+308,1.79769313486232e+308,1.79769313486232e+308,1.79769313486232e+308,1.79769313486232e+308
53,"9/06/99",1,3230939,4,1,1,10,4
51,"9/06/99",1,3230939,4,1,5,16,4
52,"9/06/99",1,3230939,4,1,9,18,4
54,"9/06/99",1,3230939,4,1,3,4,4
55,"9/06/99",1,3230939,7,6,3,9,4
56,"9/06/99",1,3231039,1.79769313486232e+308,1.79769313486232e+308,1.79769313486232e+308,1.79769313486232e+308,1.79769313486232e+308