"casenum","date","weight_","hhcode","pid","s4_1q2","s4_1q3","s4_1q4","s4_1q5","s4_1q6","s4_1q7"
74,"6/04/99",1,110111,2,104,12,30,2,30,2
72,"6/04/99",1,110111,5,101,5,3,6,3,8
73,"6/04/99",1,110111,6,101,4,3,6,1.79769313486232e+308,1.79769313486232e+308
78,"6/04/99",1,110112,2,104,5,30,1,30,1
110,"6/04/99",1,110141,1,101,8,15,10,27,10
111,"6/04/99",1,110141,2,104,12,27,3,30,3
118,"6/04/99",1,110151,1,101,10,22,1,27,1
119,"6/04/99",1,110151,1,104,12,28,1,28,1
120,"6/04/99",1,110151,2,104,12,28,2,28,2
75,"6/04/99",1,110211,2,104,12,28,2,30,2
76,"6/04/99",1,110211,5,104,7,25,2,27,3
77,"6/04/99",1,110211,6,104,7,8,2,7,2
112,"6/04/99",1,110241,1.79769313486232e+308,1.79769313486232e+308,1.79769313486232e+308,1.79769313486232e+308,1.79769313486232e+308,1.79769313486232e+308,1.79769313486232e+308
122,"6/04/99",1,110251,1,101,10,5,1,15,1
121,"6/04/99",1,110251,9,101,12,29,12,30,12
123,"6/04/99",1,110251,10,101,10,15,4,20,6
79,"6/04/99",1,110311,1.79769313486232e+308,1.79769313486232e+308,1.79769313486232e+308,1.79769313486232e+308,1.79769313486232e+308,1.79769313486232e+308,1.79769313486232e+308
113,"6/04/99",1,110341,1.79769313486232e+308,1.79769313486232e+308,1.79769313486232e+308,1.79769313486232e+308,1.79769313486232e+308,1.79769313486232e+308,1.79769313486232e+308
125,"6/04/99",1,110351,1,101,10,12,1,10,1
124,"6/04/99",1,110351,2,101,8,15,6,12,4
126,"6/04/99",1,110352,1,101,8,25,5,28,6
127,"6/04/99",1,110352,2,101,6,15,4,18,4
80,"6/04/99",1,110411,1,101,4,14,10,15,12
81,"6/04/99",1,110411,2,101,9,20,4,28,6
83,"6/04/99",1,110411,2,104,12,28,3,28,3
82,"6/04/99",1,110411,4,101,9,20,3,25,3
114,"6/04/99",1,110441,1.79769313486232e+308,1.79769313486232e+308,1.79769313486232e+308,1.79769313486232e+308,1.79769313486232e+308,1.79769313486232e+308,1.79769313486232e+308
128,"6/04/99",1,110459,1.79769313486232e+308,1.79769313486232e+308,1.79769313486232e+308,1.79769313486232e+308,1.79769313486232e+308,1.79769313486232e+308,1.79769313486232e+308
86,"6/04/99",1,110511,1,104,12,25,2,28,2
84,"6/04/99",1,110511,1,101,12,25,10,28,11
85,"6/04/99",1,110511,2,101,12,28,5,28,3
87,"6/04/99",1,110511,2,104,12,28,2,28,2
115,"6/04/99",1,110541,1,101,8,18,5,28,10
116,"6/04/99",1,110541,2,101,6,15,3,1.79769313486232e+308,1.79769313486232e+308
117,"6/04/99",1,110542,1.79769313486232e+308,1.79769313486232e+308,1.79769313486232e+308,1.79769313486232e+308,1.79769313486232e+308,1.79769313486232e+308,1.79769313486232e+308
88,"6/04/99",1,110611,1,101,10,8,2,10,2
90,"6/04/99",1,110611,2,104,12,28,4,28,4
89,"6/04/99",1,110611,2,101,10,28,4,22,4
91,"6/04/99",1,110612,1,101,10,16,1,15,1
92,"6/04/99",1,110612,2,101,10,12,4,15,4
93,"6/04/99",1,110612,4,101,10,10,1,1.79769313486232e+308,1.79769313486232e+308
94,"6/04/99",1,110711,1.79769313486232e+308,1.79769313486232e+308,1.79769313486232e+308,1.79769313486232e+308,1.79769313486232e+308,1.79769313486232e+308,1.79769313486232e+308
97,"6/04/99",1,110811,2,101,11,15,7,7,5
95,"6/04/99",1,110811,3,101,11,12,10,15,10
96,"6/04/99",1,110811,6,101,11,20,10,25,10
98,"6/04/99",1,110911,1.79769313486232e+308,1.79769313486232e+308,1.79769313486232e+308,1.79769313486232e+308,1.79769313486232e+308,1.79769313486232e+308,1.79769313486232e+308
99,"6/04/99",1,111011,1,101,10,12,10,12,6
101,"6/04/99",1,111011,2,104,12,28,4,30,4
100,"6/04/99",1,111011,3,101,10,10,8,17,7
102,"6/04/99",1,111111,1,101,3,2,6,1.79769313486232e+308,1.79769313486232e+308
108,"6/04/99",1,111211,2,101,9,15,4,10,5
103,"6/04/99",1,111211,3,101,10,12,6,25,6
104,"6/04/99",1,111211,5,101,10,12,6,25,6
105,"6/04/99",1,111211,6,101,10,20,4,22,5
106,"6/04/99",1,111211,8,101,10,20,3,22,3
107,"6/04/99",1,111211,9,104,10,20,3,22,3
109,"6/04/99",1,111211,11,101,9,15,4,10,5
76,"7/21/99",1,120111,1,103,4,27,6,27,6
52,"7/21/99",1,120141,1,101,6,15,4,18,4
53,"7/21/99",1,120141,6,104,7,25,3,26,3
54,"7/21/99",1,120141,7,104,7,25,3,26,3
66,"7/21/99",1,120151,1,104,6,20,2,1.79769313486232e+308,1.79769313486232e+308
64,"7/21/99",1,120151,1,101,9,20,7,1.79769313486232e+308,1.79769313486232e+308
98,"7/21/99",1,120151,1,103,4,28,4,12,4
65,"7/21/99",1,120151,6,101,6,7,6,15,2
69,"7/21/99",1,120152,1,104,12,28,4,25,4
67,"7/21/99",1,120152,1,101,4,10,4,12,6
1.79769313486232e+308,".",1.79769313486232e+308,120152,1,103,2,30,14,2,3
68,"7/21/99",1,120152,4,101,2,4,3,1.79769313486232e+308,1.79769313486232e+308
30,"7/21/99",1,120211,1.79769313486232e+308,1.79769313486232e+308,1.79769313486232e+308,1.79769313486232e+308,1.79769313486232e+308,1.79769313486232e+308,1.79769313486232e+308
80,"7/21/99",1,120212,1.79769313486232e+308,1.79769313486232e+308,1.79769313486232e+308,1.79769313486232e+308,1.79769313486232e+308,1.79769313486232e+308,1.79769313486232e+308
55,"7/21/99",1,120241,1,101,10,28,8,25,8
56,"7/21/99",1,120241,2,101,6,10,5,20,5
94,"7/21/99",1,120241,1.79769313486232e+308,1.79769313486232e+308,1.79769313486232e+308,1.79769313486232e+308,1.79769313486232e+308,1.79769313486232e+308,1.79769313486232e+308
58,"7/21/99",1,120242,1,104,5,20,2,30,2
57,"7/21/99",1,120242,1,101,7,20,6,30,10
95,"7/21/99",1,120242,1.79769313486232e+308,1.79769313486232e+308,1.79769313486232e+308,1.79769313486232e+308,1.79769313486232e+308,1.79769313486232e+308,1.79769313486232e+308
70,"7/21/99",1,120251,1,101,6,10,4,18,4
71,"7/21/99",1,120251,2,101,6,10,4,12,5
72,"7/21/99",1,120251,4,101,6,10,4,10,6
73,"7/21/99",1,120251,5,101,6,10,4,20,4
74,"7/21/99",1,120351,1.79769313486232e+308,1.79769313486232e+308,1.79769313486232e+308,1.79769313486232e+308,1.79769313486232e+308,1.79769313486232e+308,1.79769313486232e+308
32,"7/21/99",1,120411,1,101,8,15,2,20,2
34,"7/21/99",1,120411,2,104,5,15,4,12,3
33,"7/21/99",1,120411,3,101,8,15,5,25,8
81,"7/21/99",1,120411,1.79769313486232e+308,1.79769313486232e+308,1.79769313486232e+308,1.79769313486232e+308,1.79769313486232e+308,1.79769313486232e+308,1.79769313486232e+308
59,"7/21/99",1,120441,1,101,8,5,8,1.79769313486232e+308,1.79769313486232e+308
60,"7/21/99",1,120441,3,101,4,5,2,7,1
96,"7/21/99",1,120441,1.79769313486232e+308,1.79769313486232e+308,1.79769313486232e+308,1.79769313486232e+308,1.79769313486232e+308,1.79769313486232e+308,1.79769313486232e+308
75,"7/21/99",1,120459,2,101,10,22,10,15,6
1.79769313486232e+308,".",1.79769313486232e+308,120459,4,103,4,25,7,1.79769313486232e+308,1.79769313486232e+308
35,"7/21/99",1,120511,1.79769313486232e+308,1.79769313486232e+308,1.79769313486232e+308,1.79769313486232e+308,1.79769313486232e+308,1.79769313486232e+308,1.79769313486232e+308
84,"7/21/99",1,120512,1.79769313486232e+308,1.79769313486232e+308,1.79769313486232e+308,1.79769313486232e+308,1.79769313486232e+308,1.79769313486232e+308,1.79769313486232e+308
61,"7/21/99",1,120541,1,101,10,28,8,29,10
62,"7/21/99",1,120541,2,101,6,5,2,10,3
63,"7/21/99",1,120541,3,104,6,20,3,22,3
36,"7/21/99",1,120611,1,101,3,3,4,5,4
37,"7/21/99",1,120611,2,104,10,10,2,15,3
83,"7/21/99",1,120611,1.79769313486232e+308,1.79769313486232e+308,1.79769313486232e+308,1.79769313486232e+308,1.79769313486232e+308,1.79769313486232e+308,1.79769313486232e+308
87,"7/21/99",1,120711,1,103,3,28,5,1.79769313486232e+308,1.79769313486232e+308
39,"7/21/99",1,120711,1,101,10,7,8,8,8
40,"7/21/99",1,120711,2,104,12,28,3,30,2
41,"7/21/99",1,120711,3,104,12,20,2,22,2
42,"7/21/99",1,120811,1,101,9,10,10,15,6
43,"7/21/99",1,120811,2,101,9,10,10,28,10
45,"7/21/99",1,120811,6,101,9,12,4,15,6
47,"7/21/99",1,120911,5,104,12,25,5,28,5
46,"7/21/99",1,120911,5,101,8,9,2,5,2
89,"7/21/99",1,120911,1.79769313486232e+308,1.79769313486232e+308,1.79769313486232e+308,1.79769313486232e+308,1.79769313486232e+308,1.79769313486232e+308,1.79769313486232e+308
48,"7/21/99",1,121011,1,101,10,18,10,1.79769313486232e+308,1.79769313486232e+308
49,"7/21/99",1,121011,2,101,4,10,6,1.79769313486232e+308,1.79769313486232e+308
50,"7/21/99",1,121111,1,101,10,28,4,28,4
51,"7/21/99",1,121211,3,104,12,28,4,30,2
18,"7/23/99",1,130141,1,101,6,5,4,6,6
23,"7/23/99",1,130151,1,101,6,8,4,10,4
1,"7/23/99",1,130211,1,101,6,10,4,1.79769313486232e+308,1.79769313486232e+308
2,"7/23/99",1,130211,4,101,3,8,3,22,8
19,"7/23/99",1,130241,1,104,8,5,3,25,4
24,"7/23/99",1,130251,1,101,8,12,7,28,8
25,"7/23/99",1,130251,4,101,8,12,7,28,8
3,"7/23/99",1,130311,3,101,6,15,5,28,9
4,"7/23/99",1,130311,4,101,4,7,3,25,5
26,"7/23/99",1,130351,1,101,8,10,7,15,10
27,"7/23/99",1,130352,1,101,8,13,8,20,8
28,"7/23/99",1,130353,1,101,6,10,4,12,8
29,"7/23/99",1,130354,1,101,8,15,8,18,10
30,"7/23/99",1,130355,1,101,8,15,6,18,10
5,"7/23/99",1,130411,1.79769313486232e+308,1.79769313486232e+308,1.79769313486232e+308,1.79769313486232e+308,1.79769313486232e+308,1.79769313486232e+308,1.79769313486232e+308
20,"7/23/99",1,130441,1,101,6,12,6,12,10
31,"7/23/99",1,130459,1.79769313486232e+308,1.79769313486232e+308,1.79769313486232e+308,1.79769313486232e+308,1.79769313486232e+308,1.79769313486232e+308,1.79769313486232e+308
21,"7/23/99",1,130541,6,101,4,5,4,7,3
22,"7/23/99",1,130542,1.79769313486232e+308,1.79769313486232e+308,1.79769313486232e+308,1.79769313486232e+308,1.79769313486232e+308,1.79769313486232e+308,1.79769313486232e+308
6,"7/23/99",1,130611,1.79769313486232e+308,1.79769313486232e+308,1.79769313486232e+308,1.79769313486232e+308,1.79769313486232e+308,1.79769313486232e+308,1.79769313486232e+308
7,"7/23/99",1,130711,1,101,4,10,4,15,6
8,"7/23/99",1,130711,3,101,2,5,2,5,7
9,"7/23/99",1,130712,1,101,4,8,5,7,8
10,"7/23/99",1,130811,3,101,8,16,6,28,12
11,"7/23/99",1,130811,5,101,5,8,3,15,6
12,"7/23/99",1,130911,1.79769313486232e+308,1.79769313486232e+308,1.79769313486232e+308,1.79769313486232e+308,1.79769313486232e+308,1.79769313486232e+308,1.79769313486232e+308
13,"7/23/99",1,131011,1,101,6,6,5,8,3
14,"7/23/99",1,131011,6,104,10,25,3,25,3
15,"7/23/99",1,131111,1,101,6,9,8,8,8
16,"7/23/99",1,131211,1,101,5,10,4,7,12
17,"7/23/99",1,131211,2,101,3,5,2,5,7
50,"6/15/99",1,210131,1.79769313486232e+308,1.79769313486232e+308,1.79769313486232e+308,1.79769313486232e+308,1.79769313486232e+308,1.79769313486232e+308,1.79769313486232e+308
65,"6/15/99",1,210141,1.79769313486232e+308,1.79769313486232e+308,1.79769313486232e+308,1.79769313486232e+308,1.79769313486232e+308,1.79769313486232e+308,1.79769313486232e+308
70,"6/15/99",1,210151,1,101,6,15,3,25,2
71,"6/15/99",1,210151,3,101,4,20,4,30,3
72,"6/15/99",1,210151,4,101,5,25,5,26,5
73,"6/15/99",1,210151,5,101,6,25,5,26,5
51,"6/15/99",1,210231,1,101,3,26,5,15,6
52,"6/15/99",1,210231,3,101,3,20,4,15,4
66,"6/15/99",1,210241,2,101,2,26,6,25,4
1.79769313486232e+308,"9/16/99",1,210241,5,101,2,26,4,20,3
74,"6/15/99",1,210251,1,101,8,12,7,8,7
75,"6/15/99",1,210251,4,101,8,8,5,20,6
76,"6/15/99",1,210251,6,101,8,15,2,12,4
77,"6/15/99",1,210251,8,101,8,20,4,18,5
78,"6/15/99",1,210251,9,101,8,10,5,15,5
53,"6/15/99",1,210331,1.79769313486232e+308,1.79769313486232e+308,1.79769313486232e+308,1.79769313486232e+308,1.79769313486232e+308,1.79769313486232e+308,1.79769313486232e+308
54,"6/15/99",1,210332,1.79769313486232e+308,1.79769313486232e+308,1.79769313486232e+308,1.79769313486232e+308,1.79769313486232e+308,1.79769313486232e+308,1.79769313486232e+308
67,"6/15/99",1,210341,1.79769313486232e+308,1.79769313486232e+308,1.79769313486232e+308,1.79769313486232e+308,1.79769313486232e+308,1.79769313486232e+308,1.79769313486232e+308
79,"6/15/99",1,210351,1,101,7,25,8,15,8
80,"6/15/99",1,210351,3,101,6,15,6,15,6
81,"6/15/99",1,210351,5,101,4,15,6,15,6
55,"6/15/99",1,210411,1,101,3,17,4,15,4
68,"6/15/99",1,210441,1.79769313486232e+308,1.79769313486232e+308,1.79769313486232e+308,1.79769313486232e+308,1.79769313486232e+308,1.79769313486232e+308,1.79769313486232e+308
82,"6/15/99",1,210459,1.79769313486232e+308,1.79769313486232e+308,1.79769313486232e+308,1.79769313486232e+308,1.79769313486232e+308,1.79769313486232e+308,1.79769313486232e+308
56,"6/15/99",1,210511,3,101,8,25,5,26,6
69,"6/15/99",1,210541,1.79769313486232e+308,1.79769313486232e+308,1.79769313486232e+308,1.79769313486232e+308,1.79769313486232e+308,1.79769313486232e+308,1.79769313486232e+308
57,"6/15/99",1,210611,1.79769313486232e+308,1.79769313486232e+308,1.79769313486232e+308,1.79769313486232e+308,1.79769313486232e+308,1.79769313486232e+308,1.79769313486232e+308
58,"6/15/99",1,210731,1.79769313486232e+308,1.79769313486232e+308,1.79769313486232e+308,1.79769313486232e+308,1.79769313486232e+308,1.79769313486232e+308,1.79769313486232e+308
59,"6/15/99",1,210811,1.79769313486232e+308,1.79769313486232e+308,1.79769313486232e+308,1.79769313486232e+308,1.79769313486232e+308,1.79769313486232e+308,1.79769313486232e+308
60,"6/15/99",1,210931,1.79769313486232e+308,1.79769313486232e+308,1.79769313486232e+308,1.79769313486232e+308,1.79769313486232e+308,1.79769313486232e+308,1.79769313486232e+308
61,"6/15/99",1,211031,1,101,3,20,8,30,7
62,"6/15/99",1,211131,1.79769313486232e+308,1.79769313486232e+308,1.79769313486232e+308,1.79769313486232e+308,1.79769313486232e+308,1.79769313486232e+308,1.79769313486232e+308
63,"6/15/99",1,211231,1,101,3,20,6,15,6
64,"6/15/99",1,211231,2,101,2,18,4,25,8
34,"7/29/99",1,220111,3,101,6,10,4,2,4
47,"8/01/99",1,220141,1.79769313486232e+308,1.79769313486232e+308,1.79769313486232e+308,1.79769313486232e+308,1.79769313486232e+308,1.79769313486232e+308,1.79769313486232e+308
52,"8/01/99",1,220151,1,101,12,30,8,30,8
35,"8/01/99",1,220211,1,101,7,7,6,3,7
48,"8/01/99",1,220241,1.79769313486232e+308,1.79769313486232e+308,1.79769313486232e+308,1.79769313486232e+308,1.79769313486232e+308,1.79769313486232e+308,1.79769313486232e+308
53,"8/01/99",1,220251,1,101,12,25,6,30,8
36,"8/01/99",1,220311,1.79769313486232e+308,1.79769313486232e+308,1.79769313486232e+308,1.79769313486232e+308,1.79769313486232e+308,1.79769313486232e+308,1.79769313486232e+308
49,"8/01/99",1,220341,1.79769313486232e+308,1.79769313486232e+308,1.79769313486232e+308,1.79769313486232e+308,1.79769313486232e+308,1.79769313486232e+308,1.79769313486232e+308
54,"8/01/99",1,220351,1,101,12,22,10,30,10
55,"8/01/99",1,220351,3,101,12,25,10,28,10
37,"8/01/99",1,220411,1.79769313486232e+308,1.79769313486232e+308,1.79769313486232e+308,1.79769313486232e+308,1.79769313486232e+308,1.79769313486232e+308,1.79769313486232e+308
38,"8/01/99",1,220412,1.79769313486232e+308,1.79769313486232e+308,1.79769313486232e+308,1.79769313486232e+308,1.79769313486232e+308,1.79769313486232e+308,1.79769313486232e+308
50,"8/01/99",1,220441,1.79769313486232e+308,1.79769313486232e+308,1.79769313486232e+308,1.79769313486232e+308,1.79769313486232e+308,1.79769313486232e+308,1.79769313486232e+308
56,"8/01/99",1,220459,1,101,12,25,7,30,7
57,"8/01/99",1,220459,3,101,12,26,6,26,6
58,"8/01/99",1,220459,4,101,12,20,4,20,4
39,"8/01/99",1,220511,1,101,4,3,5,3,6
51,"8/01/99",1,220541,1.79769313486232e+308,1.79769313486232e+308,1.79769313486232e+308,1.79769313486232e+308,1.79769313486232e+308,1.79769313486232e+308,1.79769313486232e+308
40,"8/01/99",1,220611,1,101,6,15,3,10,3
41,"8/01/99",1,220711,1.79769313486232e+308,1.79769313486232e+308,1.79769313486232e+308,1.79769313486232e+308,1.79769313486232e+308,1.79769313486232e+308,1.79769313486232e+308
42,"8/01/99",1,220911,1.79769313486232e+308,1.79769313486232e+308,1.79769313486232e+308,1.79769313486232e+308,1.79769313486232e+308,1.79769313486232e+308,1.79769313486232e+308
43,"8/01/99",1,221011,1.79769313486232e+308,1.79769313486232e+308,1.79769313486232e+308,1.79769313486232e+308,1.79769313486232e+308,1.79769313486232e+308,1.79769313486232e+308
44,"8/01/99",1,221111,1.79769313486232e+308,1.79769313486232e+308,1.79769313486232e+308,1.79769313486232e+308,1.79769313486232e+308,1.79769313486232e+308,1.79769313486232e+308
45,"8/01/99",1,221112,1.79769313486232e+308,1.79769313486232e+308,1.79769313486232e+308,1.79769313486232e+308,1.79769313486232e+308,1.79769313486232e+308,1.79769313486232e+308
46,"8/01/99",1,221211,1.79769313486232e+308,1.79769313486232e+308,1.79769313486232e+308,1.79769313486232e+308,1.79769313486232e+308,1.79769313486232e+308,1.79769313486232e+308
226,"6/17/99",1,230111,1.79769313486232e+308,1.79769313486232e+308,1.79769313486232e+308,1.79769313486232e+308,1.79769313486232e+308,1.79769313486232e+308,1.79769313486232e+308
244,"6/17/99",1,230141,1,101,7,10,3,5,3
248,"6/17/99",1,230151,1,101,8,26,5,28,6
249,"6/17/99",1,230152,1,101,4,30,2,30,4
227,"6/17/99",1,230211,1.79769313486232e+308,1.79769313486232e+308,1.79769313486232e+308,1.79769313486232e+308,1.79769313486232e+308,1.79769313486232e+308,1.79769313486232e+308
245,"6/17/99",1,230241,1,101,7,26,4,20,3
250,"6/17/99",1,230251,1,101,7,26,1,30,2
228,"6/17/99",1,230311,1.79769313486232e+308,1.79769313486232e+308,1.79769313486232e+308,1.79769313486232e+308,1.79769313486232e+308,1.79769313486232e+308,1.79769313486232e+308
251,"6/17/99",1,230351,2,101,5,18,4,5,4
252,"6/17/99",1,230352,1,101,7,15,6,14,6
229,"6/17/99",1,230411,1,101,3,30,6,25,8
246,"6/17/99",1,230441,1.79769313486232e+308,1.79769313486232e+308,1.79769313486232e+308,1.79769313486232e+308,1.79769313486232e+308,1.79769313486232e+308,1.79769313486232e+308
254,"6/17/99",1,230459,1,104,12,26,3,26,2
253,"6/17/99",1,230459,1,101,12,20,4,20,4
230,"6/17/99",1,230511,1,101,6,15,3,15,3
247,"6/17/99",1,230541,1.79769313486232e+308,1.79769313486232e+308,1.79769313486232e+308,1.79769313486232e+308,1.79769313486232e+308,1.79769313486232e+308,1.79769313486232e+308
231,"6/17/99",1,230611,1,101,6,15,3,15,4
232,"6/17/99",1,230612,1,101,2,15,3,25,2
233,"6/17/99",1,230711,2,101,3,15,3,10,2
234,"6/17/99",1,230711,4,101,3,20,4,12,4
235,"6/17/99",1,230711,6,101,3,15,3,8,3
236,"6/17/99",1,230811,1,101,6,10,2,5,2
237,"6/17/99",1,230811,4,101,6,20,4,15,4
238,"6/17/99",1,230811,5,101,6,15,4,15,4
239,"6/17/99",1,231011,1,101,6,8,3,1.79769313486232e+308,1.79769313486232e+308
240,"6/17/99",1,231111,1,101,7,16,6,1.79769313486232e+308,1.79769313486232e+308
241,"6/17/99",1,231111,2,101,7,10,4,3,4
242,"6/17/99",1,231211,1,101,6,22,6,5,4
243,"6/17/99",1,231212,1,101,7,22,4,25,5
118,"9/05/99",1,240119,1.79769313486232e+308,1.79769313486232e+308,1.79769313486232e+308,1.79769313486232e+308,1.79769313486232e+308,1.79769313486232e+308,1.79769313486232e+308
128,"9/07/99",1,240149,1.79769313486232e+308,1.79769313486232e+308,1.79769313486232e+308,1.79769313486232e+308,1.79769313486232e+308,1.79769313486232e+308,1.79769313486232e+308
133,"9/07/99",1,240159,1,101,12,28,8,15,8
119,"9/07/99",1,240219,1.79769313486232e+308,1.79769313486232e+308,1.79769313486232e+308,1.79769313486232e+308,1.79769313486232e+308,1.79769313486232e+308,1.79769313486232e+308
129,"9/07/99",1,240249,1.79769313486232e+308,1.79769313486232e+308,1.79769313486232e+308,1.79769313486232e+308,1.79769313486232e+308,1.79769313486232e+308,1.79769313486232e+308
134,"9/07/99",1,240259,6,101,6,20,4,15,2
135,"9/07/99",1,240259,7,101,6,15,4,10,3
120,"9/07/99",1,240319,1.79769313486232e+308,1.79769313486232e+308,1.79769313486232e+308,1.79769313486232e+308,1.79769313486232e+308,1.79769313486232e+308,1.79769313486232e+308
130,"9/07/99",1,240349,1.79769313486232e+308,1.79769313486232e+308,1.79769313486232e+308,1.79769313486232e+308,1.79769313486232e+308,1.79769313486232e+308,1.79769313486232e+308
136,"9/07/99",1,240359,1,101,6,30,6,30,8
121,"9/07/99",1,240419,1.79769313486232e+308,1.79769313486232e+308,1.79769313486232e+308,1.79769313486232e+308,1.79769313486232e+308,1.79769313486232e+308,1.79769313486232e+308
131,"9/07/99",1,240449,1.79769313486232e+308,1.79769313486232e+308,1.79769313486232e+308,1.79769313486232e+308,1.79769313486232e+308,1.79769313486232e+308,1.79769313486232e+308
137,"9/07/99",1,240459,1,101,9,25,8,12,8
1.79769313486232e+308,".",1.79769313486232e+308,240519,1.79769313486232e+308,1.79769313486232e+308,1.79769313486232e+308,1.79769313486232e+308,1.79769313486232e+308,1.79769313486232e+308,1.79769313486232e+308
132,"9/07/99",1,240549,1.79769313486232e+308,1.79769313486232e+308,1.79769313486232e+308,1.79769313486232e+308,1.79769313486232e+308,1.79769313486232e+308,1.79769313486232e+308
138,"9/07/99",1,240559,1,101,6,20,4,12,4
123,"9/07/99",1,240619,1.79769313486232e+308,1.79769313486232e+308,1.79769313486232e+308,1.79769313486232e+308,1.79769313486232e+308,1.79769313486232e+308,1.79769313486232e+308
124,"9/07/99",1,240719,1.79769313486232e+308,1.79769313486232e+308,1.79769313486232e+308,1.79769313486232e+308,1.79769313486232e+308,1.79769313486232e+308,1.79769313486232e+308
125,"9/07/99",1,240819,1.79769313486232e+308,1.79769313486232e+308,1.79769313486232e+308,1.79769313486232e+308,1.79769313486232e+308,1.79769313486232e+308,1.79769313486232e+308
126,"9/07/99",1,240919,1,101,6,15,6,1.79769313486232e+308,1.79769313486232e+308
127,"9/07/99",1,241019,1,101,6,20,6,1.79769313486232e+308,1.79769313486232e+308
322,"6/19/99",1,310111,1.79769313486232e+308,1.79769313486232e+308,1.79769313486232e+308,1.79769313486232e+308,1.79769313486232e+308,1.79769313486232e+308,1.79769313486232e+308
333,"6/24/99",1,310141,1.79769313486232e+308,1.79769313486232e+308,1.79769313486232e+308,1.79769313486232e+308,1.79769313486232e+308,1.79769313486232e+308,1.79769313486232e+308
337,"6/24/99",1,310151,1.79769313486232e+308,1.79769313486232e+308,1.79769313486232e+308,1.79769313486232e+308,1.79769313486232e+308,1.79769313486232e+308,1.79769313486232e+308
323,"6/24/99",1,310211,1.79769313486232e+308,1.79769313486232e+308,1.79769313486232e+308,1.79769313486232e+308,1.79769313486232e+308,1.79769313486232e+308,1.79769313486232e+308
334,"6/24/99",1,310241,1.79769313486232e+308,1.79769313486232e+308,1.79769313486232e+308,1.79769313486232e+308,1.79769313486232e+308,1.79769313486232e+308,1.79769313486232e+308
338,"6/24/99",1,310251,1.79769313486232e+308,1.79769313486232e+308,1.79769313486232e+308,1.79769313486232e+308,1.79769313486232e+308,1.79769313486232e+308,1.79769313486232e+308
324,"6/24/99",1,310311,1.79769313486232e+308,1.79769313486232e+308,1.79769313486232e+308,1.79769313486232e+308,1.79769313486232e+308,1.79769313486232e+308,1.79769313486232e+308
339,"6/24/99",1,310351,1.79769313486232e+308,1.79769313486232e+308,1.79769313486232e+308,1.79769313486232e+308,1.79769313486232e+308,1.79769313486232e+308,1.79769313486232e+308
335,"6/24/99",1,310441,4,101,4,10,6,8,1
340,"6/24/99",1,310459,1.79769313486232e+308,1.79769313486232e+308,1.79769313486232e+308,1.79769313486232e+308,1.79769313486232e+308,1.79769313486232e+308,1.79769313486232e+308
325,"6/24/99",1,310511,1.79769313486232e+308,1.79769313486232e+308,1.79769313486232e+308,1.79769313486232e+308,1.79769313486232e+308,1.79769313486232e+308,1.79769313486232e+308
105,"9/10/99",1,310541,1.79769313486232e+308,1.79769313486232e+308,1.79769313486232e+308,1.79769313486232e+308,1.79769313486232e+308,1.79769313486232e+308,1.79769313486232e+308
326,"6/24/99",1,310611,1.79769313486232e+308,1.79769313486232e+308,1.79769313486232e+308,1.79769313486232e+308,1.79769313486232e+308,1.79769313486232e+308,1.79769313486232e+308
336,"6/24/99",1,310641,1.79769313486232e+308,1.79769313486232e+308,1.79769313486232e+308,1.79769313486232e+308,1.79769313486232e+308,1.79769313486232e+308,1.79769313486232e+308
327,"6/24/99",1,310711,1.79769313486232e+308,1.79769313486232e+308,1.79769313486232e+308,1.79769313486232e+308,1.79769313486232e+308,1.79769313486232e+308,1.79769313486232e+308
328,"6/24/99",1,310811,3,101,8,2,4,4,4
329,"6/24/99",1,310911,1.79769313486232e+308,1.79769313486232e+308,1.79769313486232e+308,1.79769313486232e+308,1.79769313486232e+308,1.79769313486232e+308,1.79769313486232e+308
330,"6/24/99",1,311011,1.79769313486232e+308,1.79769313486232e+308,1.79769313486232e+308,1.79769313486232e+308,1.79769313486232e+308,1.79769313486232e+308,1.79769313486232e+308
331,"6/24/99",1,311111,1.79769313486232e+308,1.79769313486232e+308,1.79769313486232e+308,1.79769313486232e+308,1.79769313486232e+308,1.79769313486232e+308,1.79769313486232e+308
1.79769313486232e+308,"8/09/99",1,311211,1.79769313486232e+308,1.79769313486232e+308,1.79769313486232e+308,1.79769313486232e+308,1.79769313486232e+308,1.79769313486232e+308,1.79769313486232e+308
332,"6/24/99",1,311411,1,104,12,30,2,30,2
1,"7/07/99",1,320111,1.79769313486232e+308,1.79769313486232e+308,1.79769313486232e+308,1.79769313486232e+308,1.79769313486232e+308,1.79769313486232e+308,1.79769313486232e+308
16,"7/12/99",1,320141,1,104,3,20,1,20,1
15,"7/12/99",1,320141,2,104,3,30,1,30,1
17,"7/12/99",1,320142,1.79769313486232e+308,1.79769313486232e+308,1.79769313486232e+308,1.79769313486232e+308,1.79769313486232e+308,1.79769313486232e+308,1.79769313486232e+308
25,"7/12/99",1,320151,1.79769313486232e+308,1.79769313486232e+308,1.79769313486232e+308,1.79769313486232e+308,1.79769313486232e+308,1.79769313486232e+308,1.79769313486232e+308
26,"7/12/99",1,320152,1.79769313486232e+308,1.79769313486232e+308,1.79769313486232e+308,1.79769313486232e+308,1.79769313486232e+308,1.79769313486232e+308,1.79769313486232e+308
27,"7/12/99",1,320153,1.79769313486232e+308,1.79769313486232e+308,1.79769313486232e+308,1.79769313486232e+308,1.79769313486232e+308,1.79769313486232e+308,1.79769313486232e+308
28,"7/12/99",1,320154,1.79769313486232e+308,1.79769313486232e+308,1.79769313486232e+308,1.79769313486232e+308,1.79769313486232e+308,1.79769313486232e+308,1.79769313486232e+308
2,"7/12/99",1,320211,1.79769313486232e+308,1.79769313486232e+308,1.79769313486232e+308,1.79769313486232e+308,1.79769313486232e+308,1.79769313486232e+308,1.79769313486232e+308
18,"7/12/99",1,320241,1.79769313486232e+308,1.79769313486232e+308,1.79769313486232e+308,1.79769313486232e+308,1.79769313486232e+308,1.79769313486232e+308,1.79769313486232e+308
29,"7/12/99",1,320251,3,104,12,30,2,30,2
3,"7/12/99",1,320311,1,101,4,8,4,1.79769313486232e+308,1.79769313486232e+308
19,"7/12/99",1,320341,1,104,12,30,8,30,2
4,"7/12/99",1,320411,2,104,4,30,1,30,1
20,"7/12/99",1,320441,1.79769313486232e+308,1.79769313486232e+308,1.79769313486232e+308,1.79769313486232e+308,1.79769313486232e+308,1.79769313486232e+308,1.79769313486232e+308
21,"7/12/99",1,320442,1.79769313486232e+308,1.79769313486232e+308,1.79769313486232e+308,1.79769313486232e+308,1.79769313486232e+308,1.79769313486232e+308,1.79769313486232e+308
22,"7/12/99",1,320443,1.79769313486232e+308,1.79769313486232e+308,1.79769313486232e+308,1.79769313486232e+308,1.79769313486232e+308,1.79769313486232e+308,1.79769313486232e+308
30,"7/12/99",1,320459,1.79769313486232e+308,1.79769313486232e+308,1.79769313486232e+308,1.79769313486232e+308,1.79769313486232e+308,1.79769313486232e+308,1.79769313486232e+308
5,"7/12/99",1,320511,1.79769313486232e+308,1.79769313486232e+308,1.79769313486232e+308,1.79769313486232e+308,1.79769313486232e+308,1.79769313486232e+308,1.79769313486232e+308
23,"7/12/99",1,320541,1.79769313486232e+308,1.79769313486232e+308,1.79769313486232e+308,1.79769313486232e+308,1.79769313486232e+308,1.79769313486232e+308,1.79769313486232e+308
6,"7/12/99",1,320611,1.79769313486232e+308,1.79769313486232e+308,1.79769313486232e+308,1.79769313486232e+308,1.79769313486232e+308,1.79769313486232e+308,1.79769313486232e+308
24,"7/12/99",1,320641,1.79769313486232e+308,1.79769313486232e+308,1.79769313486232e+308,1.79769313486232e+308,1.79769313486232e+308,1.79769313486232e+308,1.79769313486232e+308
7,"7/12/99",1,320711,1.79769313486232e+308,1.79769313486232e+308,1.79769313486232e+308,1.79769313486232e+308,1.79769313486232e+308,1.79769313486232e+308,1.79769313486232e+308
8,"7/12/99",1,321011,1.79769313486232e+308,1.79769313486232e+308,1.79769313486232e+308,1.79769313486232e+308,1.79769313486232e+308,1.79769313486232e+308,1.79769313486232e+308
9,"7/12/99",1,321111,1.79769313486232e+308,1.79769313486232e+308,1.79769313486232e+308,1.79769313486232e+308,1.79769313486232e+308,1.79769313486232e+308,1.79769313486232e+308
10,"7/12/99",1,321211,1.79769313486232e+308,1.79769313486232e+308,1.79769313486232e+308,1.79769313486232e+308,1.79769313486232e+308,1.79769313486232e+308,1.79769313486232e+308
11,"7/12/99",1,321212,1.79769313486232e+308,1.79769313486232e+308,1.79769313486232e+308,1.79769313486232e+308,1.79769313486232e+308,1.79769313486232e+308,1.79769313486232e+308
12,"7/12/99",1,321311,1.79769313486232e+308,1.79769313486232e+308,1.79769313486232e+308,1.79769313486232e+308,1.79769313486232e+308,1.79769313486232e+308,1.79769313486232e+308
13,"7/12/99",1,321411,1.79769313486232e+308,1.79769313486232e+308,1.79769313486232e+308,1.79769313486232e+308,1.79769313486232e+308,1.79769313486232e+308,1.79769313486232e+308
14,"7/12/99",1,321412,1.79769313486232e+308,1.79769313486232e+308,1.79769313486232e+308,1.79769313486232e+308,1.79769313486232e+308,1.79769313486232e+308,1.79769313486232e+308
1,"8/13/99",1,330111,1.79769313486232e+308,1.79769313486232e+308,1.79769313486232e+308,1.79769313486232e+308,1.79769313486232e+308,1.79769313486232e+308,1.79769313486232e+308
14,"8/13/99",1,330141,1.79769313486232e+308,1.79769313486232e+308,1.79769313486232e+308,1.79769313486232e+308,1.79769313486232e+308,1.79769313486232e+308,1.79769313486232e+308
19,"8/13/99",1,330151,4,101,8,22,4,22,5
2,"8/13/99",1,330211,1.79769313486232e+308,1.79769313486232e+308,1.79769313486232e+308,1.79769313486232e+308,1.79769313486232e+308,1.79769313486232e+308,1.79769313486232e+308
15,"8/13/99",1,330241,1.79769313486232e+308,1.79769313486232e+308,1.79769313486232e+308,1.79769313486232e+308,1.79769313486232e+308,1.79769313486232e+308,1.79769313486232e+308
20,"8/13/99",1,330251,1.79769313486232e+308,1.79769313486232e+308,1.79769313486232e+308,1.79769313486232e+308,1.79769313486232e+308,1.79769313486232e+308,1.79769313486232e+308
16,"8/13/99",1,330341,1.79769313486232e+308,1.79769313486232e+308,1.79769313486232e+308,1.79769313486232e+308,1.79769313486232e+308,1.79769313486232e+308,1.79769313486232e+308
5,"8/13/99",1,330411,1.79769313486232e+308,1.79769313486232e+308,1.79769313486232e+308,1.79769313486232e+308,1.79769313486232e+308,1.79769313486232e+308,1.79769313486232e+308
21,"8/13/99",1,330459,1.79769313486232e+308,1.79769313486232e+308,1.79769313486232e+308,1.79769313486232e+308,1.79769313486232e+308,1.79769313486232e+308,1.79769313486232e+308
4,"8/13/99",1,330511,1,101,3,8,6,1.79769313486232e+308,1.79769313486232e+308
18,"8/13/99",1,330541,1,103,6,20,8,24,8
5,"8/13/99",1,330611,1,101,2,15,6,1.79769313486232e+308,1.79769313486232e+308
19,"8/13/99",1,330641,1.79769313486232e+308,1.79769313486232e+308,1.79769313486232e+308,1.79769313486232e+308,1.79769313486232e+308,1.79769313486232e+308,1.79769313486232e+308
6,"8/13/99",1,330731,1,103,3,25,8,1.79769313486232e+308,1.79769313486232e+308
7,"8/13/99",1,330811,1.79769313486232e+308,1.79769313486232e+308,1.79769313486232e+308,1.79769313486232e+308,1.79769313486232e+308,1.79769313486232e+308,1.79769313486232e+308
8,"8/13/99",1,330911,1,103,12,25,7,25,7
9,"8/13/99",1,331111,1.79769313486232e+308,1.79769313486232e+308,1.79769313486232e+308,1.79769313486232e+308,1.79769313486232e+308,1.79769313486232e+308,1.79769313486232e+308
10,"8/13/99",1,331211,1.79769313486232e+308,1.79769313486232e+308,1.79769313486232e+308,1.79769313486232e+308,1.79769313486232e+308,1.79769313486232e+308,1.79769313486232e+308
11,"8/13/99",1,331311,1.79769313486232e+308,1.79769313486232e+308,1.79769313486232e+308,1.79769313486232e+308,1.79769313486232e+308,1.79769313486232e+308,1.79769313486232e+308
12,"8/13/99",1,331411,1.79769313486232e+308,1.79769313486232e+308,1.79769313486232e+308,1.79769313486232e+308,1.79769313486232e+308,1.79769313486232e+308,1.79769313486232e+308
13,"8/13/99",1,331412,1.79769313486232e+308,1.79769313486232e+308,1.79769313486232e+308,1.79769313486232e+308,1.79769313486232e+308,1.79769313486232e+308,1.79769313486232e+308
130,"6/26/99",1,410111,1,101,4,5,3,5,3
131,"6/26/99",1,410111,4,101,4,5,2,5,2
152,"6/07/99",1,410141,1,101,12,28,5,20,5
153,"6/07/99",1,410141,3,101,12,15,7,18,5
154,"6/07/99",1,410141,5,101,12,15,7,18,5
162,"6/07/99",1,410151,1,101,12,10,5,30,10
132,"6/26/99",1,410211,1,101,4,10,4,5,4
155,"6/07/99",1,410241,2,101,4,5,7,1.79769313486232e+308,1.79769313486232e+308
163,"6/07/99",1,410251,1,101,12,20,5,20,7
164,"6/07/99",1,410251,3,101,12,20,5,20,7
133,"6/26/99",1,410311,1.79769313486232e+308,1.79769313486232e+308,1.79769313486232e+308,1.79769313486232e+308,1.79769313486232e+308,1.79769313486232e+308,1.79769313486232e+308
156,"6/07/99",1,410341,1,101,12,5,7,5,6
157,"6/07/99",1,410342,1,101,5,5,4,3,7
158,"6/07/99",1,410343,1,101,4,5,8,5,5
159,"6/07/99",1,410344,1.79769313486232e+308,1.79769313486232e+308,1.79769313486232e+308,1.79769313486232e+308,1.79769313486232e+308,1.79769313486232e+308,1.79769313486232e+308
165,"6/07/99",1,410351,1,101,12,25,7,15,6
166,"6/07/99",1,410351,4,101,12,25,7,15,6
134,"6/26/99",1,410411,1,101,8,15,9,2,4
135,"6/26/99",1,410411,3,101,8,4,4,1,4
136,"6/26/99",1,410411,4,101,8,4,3,2,3
160,"6/07/99",1,410441,1.79769313486232e+308,1.79769313486232e+308,1.79769313486232e+308,1.79769313486232e+308,1.79769313486232e+308,1.79769313486232e+308,1.79769313486232e+308
167,"6/07/99",1,410459,1.79769313486232e+308,1.79769313486232e+308,1.79769313486232e+308,1.79769313486232e+308,1.79769313486232e+308,1.79769313486232e+308,1.79769313486232e+308
139,"6/26/99",1,410511,1,103,12,25,10,25,10
137,"6/26/99",1,410511,1,101,12,10,2,8,3
140,"6/26/99",1,410511,4,103,12,25,10,25,10
138,"6/26/99",1,410511,4,101,12,10,2,7,2
161,"6/07/99",1,410541,1,101,12,30,5,30,5
141,"6/26/99",1,410611,1.79769313486232e+308,1.79769313486232e+308,1.79769313486232e+308,1.79769313486232e+308,1.79769313486232e+308,1.79769313486232e+308,1.79769313486232e+308
142,"6/26/99",1,410612,1.79769313486232e+308,1.79769313486232e+308,1.79769313486232e+308,1.79769313486232e+308,1.79769313486232e+308,1.79769313486232e+308,1.79769313486232e+308
143,"6/26/99",1,410711,1,101,6,5,6,1.79769313486232e+308,1.79769313486232e+308
144,"6/26/99",1,410712,1,101,4,3,3,1.79769313486232e+308,1.79769313486232e+308
145,"6/26/99",1,410811,1,101,12,20,4,10,4
146,"6/26/99",1,410911,1.79769313486232e+308,1.79769313486232e+308,1.79769313486232e+308,1.79769313486232e+308,1.79769313486232e+308,1.79769313486232e+308,1.79769313486232e+308
147,"6/26/99",1,411011,1.79769313486232e+308,1.79769313486232e+308,1.79769313486232e+308,1.79769313486232e+308,1.79769313486232e+308,1.79769313486232e+308,1.79769313486232e+308
148,"6/26/99",1,411111,1,101,6,5,8,10,6
149,"6/26/99",1,411111,2,104,12,30,3,30,3
150,"6/07/99",1,411211,1,101,12,25,6,30,6
151,"6/07/99",1,411211,3,101,1,20,3,20,3
50,"6/22/99",1,420111,1,101,7,18,7,15,6
69,"6/22/99",1,420141,1,101,2,2,8,2,8
80,"6/22/99",1,420151,1,103,7,30,6,1.79769313486232e+308,1.79769313486232e+308
78,"6/22/99",1,420151,3,101,12,10,4,2,3
79,"6/22/99",1,420151,4,101,12,5,4,1.79769313486232e+308,1.79769313486232e+308
51,"6/22/99",1,420211,1,101,12,6,8,5,3
70,"6/22/99",1,420241,1.79769313486232e+308,1.79769313486232e+308,1.79769313486232e+308,1.79769313486232e+308,1.79769313486232e+308,1.79769313486232e+308,1.79769313486232e+308
81,"6/22/99",1,420251,1.79769313486232e+308,1.79769313486232e+308,1.79769313486232e+308,1.79769313486232e+308,1.79769313486232e+308,1.79769313486232e+308,1.79769313486232e+308
52,"6/22/99",1,420311,1,101,9,25,6,20,4
53,"6/22/99",1,420311,3,101,3,15,5,20,4
71,"6/22/99",1,420341,5,101,12,5,4,1.79769313486232e+308,1.79769313486232e+308
72,"6/22/99",1,420341,6,101,12,5,4,1.79769313486232e+308,1.79769313486232e+308
73,"6/22/99",1,420341,7,101,12,5,4,1,1.79769313486232e+308
82,"6/22/99",1,420351,1,101,12,10,8,10,3
54,"6/22/99",1,420411,1.79769313486232e+308,1.79769313486232e+308,1.79769313486232e+308,1.79769313486232e+308,1.79769313486232e+308,1.79769313486232e+308,1.79769313486232e+308
74,"6/22/99",1,420441,1,101,12,10,8,10,8
83,"6/22/99",1,420459,1,101,3,10,4,1.79769313486232e+308,1.79769313486232e+308
55,"6/22/99",1,420521,1,101,12,5,8,5,7
56,"6/22/99",1,420521,5,101,12,5,8,5,7
58,"6/22/99",1,420522,1,101,12,4,9,5,9
75,"6/22/99",1,420541,1,101,12,30,3,30,3
77,"6/22/99",1,420541,5,101,12,30,3,30,3
59,"6/22/99",1,420611,1,101,12,10,6,10,6
60,"6/22/99",1,420711,1.79769313486232e+308,1.79769313486232e+308,1.79769313486232e+308,1.79769313486232e+308,1.79769313486232e+308,1.79769313486232e+308,1.79769313486232e+308
61,"6/22/99",1,420821,1,101,3,20,6,1.79769313486232e+308,1.79769313486232e+308
62,"6/22/99",1,420921,1.79769313486232e+308,1.79769313486232e+308,1.79769313486232e+308,1.79769313486232e+308,1.79769313486232e+308,1.79769313486232e+308,1.79769313486232e+308
63,"6/22/99",1,421021,1,101,12,5,9,5,9
65,"6/22/99",1,421121,1,101,4,16,2,16,3
64,"6/22/99",1,421121,1,101,12,10,9,10,9
66,"6/22/99",1,421211,1,104,12,30,2,30,2
67,"6/22/99",1,421212,1.79769313486232e+308,1.79769313486232e+308,1.79769313486232e+308,1.79769313486232e+308,1.79769313486232e+308,1.79769313486232e+308,1.79769313486232e+308
68,"6/22/99",1,421213,1.79769313486232e+308,1.79769313486232e+308,1.79769313486232e+308,1.79769313486232e+308,1.79769313486232e+308,1.79769313486232e+308,1.79769313486232e+308
1,"8/19/95",1,430111,1.79769313486232e+308,1.79769313486232e+308,1.79769313486232e+308,1.79769313486232e+308,1.79769313486232e+308,1.79769313486232e+308,1.79769313486232e+308
20,"8/19/95",1,430141,1.79769313486232e+308,1.79769313486232e+308,1.79769313486232e+308,1.79769313486232e+308,1.79769313486232e+308,1.79769313486232e+308,1.79769313486232e+308
26,"8/19/95",1,430151,1,101,5,5,8,3,7
2,"8/19/95",1,430211,1.79769313486232e+308,1.79769313486232e+308,1.79769313486232e+308,1.79769313486232e+308,1.79769313486232e+308,1.79769313486232e+308,1.79769313486232e+308
21,"8/19/95",1,430241,1.79769313486232e+308,1.79769313486232e+308,1.79769313486232e+308,1.79769313486232e+308,1.79769313486232e+308,1.79769313486232e+308,1.79769313486232e+308
27,"8/19/95",1,430251,1,101,12,5,5,7,5
28,"8/19/95",1,430252,1,101,8,4,9,5,7
3,"8/19/95",1,430311,1,101,8,2,7,2,7
4,"8/19/95",1,430311,4,101,8,2,7,2,7
22,"8/19/95",1,430341,1.79769313486232e+308,1.79769313486232e+308,1.79769313486232e+308,1.79769313486232e+308,1.79769313486232e+308,1.79769313486232e+308,1.79769313486232e+308
5,"8/19/95",1,430411,1,101,10,4,9,5,9
6,"8/19/95",1,430411,3,101,10,4,9,5,9
7,"8/19/95",1,430411,5,101,4,4,5,5,9
23,"8/19/95",1,430441,1,101,8,2,5,3,6
24,"8/19/95",1,430442,1,101,8,2,5,3,5
29,"8/19/95",1,430459,1.79769313486232e+308,1.79769313486232e+308,1.79769313486232e+308,1.79769313486232e+308,1.79769313486232e+308,1.79769313486232e+308,1.79769313486232e+308
8,"8/19/95",1,430511,1,101,6,2,5,3,4
9,"8/19/95",1,430511,4,101,6,2,4,3,4
25,"8/19/95",1,430541,1.79769313486232e+308,1.79769313486232e+308,1.79769313486232e+308,1.79769313486232e+308,1.79769313486232e+308,1.79769313486232e+308,1.79769313486232e+308
10,"8/19/95",1,430611,1,101,7,8,8,2,10
11,"8/19/95",1,430711,1.79769313486232e+308,1.79769313486232e+308,1.79769313486232e+308,1.79769313486232e+308,1.79769313486232e+308,1.79769313486232e+308,1.79769313486232e+308
12,"8/19/95",1,430811,1.79769313486232e+308,1.79769313486232e+308,1.79769313486232e+308,1.79769313486232e+308,1.79769313486232e+308,1.79769313486232e+308,1.79769313486232e+308
13,"8/19/95",1,430812,1.79769313486232e+308,1.79769313486232e+308,1.79769313486232e+308,1.79769313486232e+308,1.79769313486232e+308,1.79769313486232e+308,1.79769313486232e+308
14,"8/19/95",1,430813,1.79769313486232e+308,1.79769313486232e+308,1.79769313486232e+308,1.79769313486232e+308,1.79769313486232e+308,1.79769313486232e+308,1.79769313486232e+308
15,"8/19/95",1,430911,1,101,4,3,5,4,6
16,"8/19/95",1,430911,4,101,4,3,5,4,6
17,"8/19/95",1,431011,1.79769313486232e+308,1.79769313486232e+308,1.79769313486232e+308,1.79769313486232e+308,1.79769313486232e+308,1.79769313486232e+308,1.79769313486232e+308
18,"8/19/95",1,431111,1.79769313486232e+308,1.79769313486232e+308,1.79769313486232e+308,1.79769313486232e+308,1.79769313486232e+308,1.79769313486232e+308,1.79769313486232e+308
19,"8/19/95",1,431211,1.79769313486232e+308,1.79769313486232e+308,1.79769313486232e+308,1.79769313486232e+308,1.79769313486232e+308,1.79769313486232e+308,1.79769313486232e+308
50,"9/08/99",1,440119,1,101,4,5,6,4,6
52,"9/08/99",1,440119,2,104,12,30,3,30,3
51,"9/08/99",1,440119,3,101,4,5,6,2,6
70,"9/08/99",1,440149,2,104,12,30,3,30,3
76,"9/08/99",1,440159,1,101,5,12,6,10,6
77,"9/08/99",1,440159,2,104,12,30,4,30,4
53,"9/08/99",1,440219,1,101,12,12,5,8,5
56,"9/08/99",1,440219,1,104,12,15,2,15,2
55,"9/08/99",1,440219,2,104,12,15,2,15,2
54,"9/08/99",1,440219,4,101,12,10,5,6,5
71,"9/08/99",1,440249,2,104,12,25,2,25,2
78,"9/08/99",1,440259,1,101,4,10,8,12,8
79,"9/08/99",1,440259,2,104,12,30,2,30,2
57,"9/08/99",1,440319,1,101,3,15,4,1.79769313486232e+308,1.79769313486232e+308
72,"9/08/99",1,440349,1,101,3,6,8,3,8
73,"9/08/99",1,440349,2,104,12,30,2,30,2
80,"9/08/99",1,440359,1,101,12,12,4,4,4
82,"9/08/99",1,440359,1,104,12,10,2,10,2
81,"9/08/99",1,440359,3,104,12,20,2,20,2
58,"9/08/99",1,440419,2,104,12,30,2,30,2
74,"9/08/99",1,440449,1.79769313486232e+308,1.79769313486232e+308,1.79769313486232e+308,1.79769313486232e+308,1.79769313486232e+308,1.79769313486232e+308,1.79769313486232e+308
83,"9/08/99",1,440459,1,101,12,14,6,6,4
65,"9/08/99",1,440519,1,101,5,10,6,10,6
66,"9/08/99",1,440519,2,104,12,30,3,30,3
75,"9/08/99",1,440549,2,104,12,30,1,30,1
84,"9/08/99",1,440559,1,101,8,10,8,15,8
85,"9/08/99",1,440559,2,104,12,30,2,30,2
59,"9/08/99",1,440619,1,101,5,6,4,5,4
60,"9/08/99",1,440619,2,104,12,30,2,30,2
61,"9/08/99",1,440719,2,104,12,30,5,30,5
62,"9/08/99",1,440819,1,101,5,8,8,5,8
63,"9/08/99",1,440819,2,104,12,30,4,30,4
64,"9/08/99",1,440919,1.79769313486232e+308,1.79769313486232e+308,1.79769313486232e+308,1.79769313486232e+308,1.79769313486232e+308,1.79769313486232e+308,1.79769313486232e+308
67,"9/08/99",1,441019,1,101,12,22,5,15,4
68,"9/08/99",1,441019,1,104,12,15,3,15,3
69,"9/08/99",1,441019,2,104,12,15,2,15,2
64,"7/12/99",1,510111,1.79769313486232e+308,1.79769313486232e+308,1.79769313486232e+308,1.79769313486232e+308,1.79769313486232e+308,1.79769313486232e+308,1.79769313486232e+308
78,"7/15/99",1,510141,1.79769313486232e+308,1.79769313486232e+308,1.79769313486232e+308,1.79769313486232e+308,1.79769313486232e+308,1.79769313486232e+308,1.79769313486232e+308
84,"7/15/99",1,510151,8,101,8,15,6,25,4
85,"7/15/99",1,510151,8,104,12,30,2,30,2
86,"7/15/99",1,510152,1,101,8,12,4,20,7
65,"7/15/99",1,510211,1.79769313486232e+308,1.79769313486232e+308,1.79769313486232e+308,1.79769313486232e+308,1.79769313486232e+308,1.79769313486232e+308,1.79769313486232e+308
79,"7/15/99",1,510241,1.79769313486232e+308,1.79769313486232e+308,1.79769313486232e+308,1.79769313486232e+308,1.79769313486232e+308,1.79769313486232e+308,1.79769313486232e+308
87,"7/15/99",1,510251,1.79769313486232e+308,1.79769313486232e+308,1.79769313486232e+308,1.79769313486232e+308,1.79769313486232e+308,1.79769313486232e+308,1.79769313486232e+308
66,"7/15/99",1,510311,1.79769313486232e+308,1.79769313486232e+308,1.79769313486232e+308,1.79769313486232e+308,1.79769313486232e+308,1.79769313486232e+308,1.79769313486232e+308
80,"7/15/99",1,510341,1.79769313486232e+308,1.79769313486232e+308,1.79769313486232e+308,1.79769313486232e+308,1.79769313486232e+308,1.79769313486232e+308,1.79769313486232e+308
88,"7/15/99",1,510351,1.79769313486232e+308,1.79769313486232e+308,1.79769313486232e+308,1.79769313486232e+308,1.79769313486232e+308,1.79769313486232e+308,1.79769313486232e+308
67,"7/15/99",1,510411,1.79769313486232e+308,1.79769313486232e+308,1.79769313486232e+308,1.79769313486232e+308,1.79769313486232e+308,1.79769313486232e+308,1.79769313486232e+308
81,"7/15/99",1,510441,1.79769313486232e+308,1.79769313486232e+308,1.79769313486232e+308,1.79769313486232e+308,1.79769313486232e+308,1.79769313486232e+308,1.79769313486232e+308
82,"7/15/99",1,510442,1.79769313486232e+308,1.79769313486232e+308,1.79769313486232e+308,1.79769313486232e+308,1.79769313486232e+308,1.79769313486232e+308,1.79769313486232e+308
89,"7/15/99",1,510459,1,101,6,7,4,5,5
90,"7/15/99",1,510459,5,101,6,5,3,5,4
68,"7/15/99",1,510511,1.79769313486232e+308,1.79769313486232e+308,1.79769313486232e+308,1.79769313486232e+308,1.79769313486232e+308,1.79769313486232e+308,1.79769313486232e+308
83,"7/15/99",1,510541,1.79769313486232e+308,1.79769313486232e+308,1.79769313486232e+308,1.79769313486232e+308,1.79769313486232e+308,1.79769313486232e+308,1.79769313486232e+308
69,"7/15/99",1,510611,1.79769313486232e+308,1.79769313486232e+308,1.79769313486232e+308,1.79769313486232e+308,1.79769313486232e+308,1.79769313486232e+308,1.79769313486232e+308
70,"7/15/99",1,510711,5,101,5,8,4,15,5
71,"7/15/99",1,510712,1,101,6,5,8,12,8
72,"7/15/99",1,510712,3,101,5,5,3,12,5
73,"7/15/99",1,510811,1,101,7,16,4,20,4
74,"7/15/99",1,510911,1,103,12,25,11,26,10
75,"7/15/99",1,511011,1,101,6,15,6,12,11
1.79769313486232e+308,".",1.79769313486232e+308,511011,1,103,4,28,8,1.79769313486232e+308,1.79769313486232e+308
76,"7/15/99",1,511111,1.79769313486232e+308,1.79769313486232e+308,1.79769313486232e+308,1.79769313486232e+308,1.79769313486232e+308,1.79769313486232e+308,1.79769313486232e+308
77,"7/15/99",1,511211,1,101,6,10,5,5,4
200,"6/17/99",1,520111,1.79769313486232e+308,1.79769313486232e+308,1.79769313486232e+308,1.79769313486232e+308,1.79769313486232e+308,1.79769313486232e+308,1.79769313486232e+308
216,"6/17/99",1,520141,1,101,8,5,9,1.79769313486232e+308,8
217,"6/17/99",1,520141,2,104,12,27,2,30,2
222,"6/17/99",1,520151,3,104,12,30,4,30,4
201,"6/17/99",1,520211,1.79769313486232e+308,1.79769313486232e+308,1.79769313486232e+308,1.79769313486232e+308,1.79769313486232e+308,1.79769313486232e+308,1.79769313486232e+308
218,"6/17/99",1,520241,1,101,6,2,10,1.79769313486232e+308,1.79769313486232e+308
223,"6/17/99",1,520251,1,101,7,18,5,19,7
202,"6/17/99",1,520311,1.79769313486232e+308,1.79769313486232e+308,1.79769313486232e+308,1.79769313486232e+308,1.79769313486232e+308,1.79769313486232e+308,1.79769313486232e+308
219,"6/17/99",1,520341,1.79769313486232e+308,1.79769313486232e+308,1.79769313486232e+308,1.79769313486232e+308,1.79769313486232e+308,1.79769313486232e+308,1.79769313486232e+308
224,"6/17/99",1,520351,1.79769313486232e+308,1.79769313486232e+308,1.79769313486232e+308,1.79769313486232e+308,1.79769313486232e+308,1.79769313486232e+308,1.79769313486232e+308
203,"6/17/99",1,520411,1.79769313486232e+308,1.79769313486232e+308,1.79769313486232e+308,1.79769313486232e+308,1.79769313486232e+308,1.79769313486232e+308,1.79769313486232e+308
220,"6/17/99",1,520441,1.79769313486232e+308,1.79769313486232e+308,1.79769313486232e+308,1.79769313486232e+308,1.79769313486232e+308,1.79769313486232e+308,1.79769313486232e+308
225,"6/17/99",1,520459,1.79769313486232e+308,1.79769313486232e+308,1.79769313486232e+308,1.79769313486232e+308,1.79769313486232e+308,1.79769313486232e+308,1.79769313486232e+308
221,"6/17/99",1,520541,1.79769313486232e+308,1.79769313486232e+308,1.79769313486232e+308,1.79769313486232e+308,1.79769313486232e+308,1.79769313486232e+308,1.79769313486232e+308
204,"6/17/99",1,520611,1.79769313486232e+308,1.79769313486232e+308,1.79769313486232e+308,1.79769313486232e+308,1.79769313486232e+308,1.79769313486232e+308,1.79769313486232e+308
205,"6/17/99",1,520711,9,103,12,8,4,4,4
206,"6/17/99",1,520811,3,101,6,4,3,5,4
207,"6/17/99",1,520811,5,101,6,4,3,3,4
208,"6/17/99",1,520911,1,101,5,15,10,1.79769313486232e+308,1.79769313486232e+308
209,"6/17/99",1,520911,2,104,12,28,2,30,1.5
210,"6/17/99",1,521011,1,101,6,5,2,1.79769313486232e+308,1.79769313486232e+308
212,"6/17/99",1,521011,2,104,12,28,2,30,2
211,"6/17/99",1,521011,3,101,6,3,2,1.79769313486232e+308,1.79769313486232e+308
213,"6/17/99",1,521011,3,104,12,28,2,30,2
214,"6/17/99",1,521111,1.79769313486232e+308,1.79769313486232e+308,1.79769313486232e+308,1.79769313486232e+308,1.79769313486232e+308,1.79769313486232e+308,1.79769313486232e+308
215,"6/17/99",1,521211,1,102,6,30,3,1.79769313486232e+308,1.79769313486232e+308
192,"6/14/99",1,530111,1,101,6,5,6,1.79769313486232e+308,1.79769313486232e+308
194,"6/16/99",1,530111,1,104,12,30,3,30,3
193,"6/16/99",1,530111,4,101,6,5,6,1.79769313486232e+308,1.79769313486232e+308
233,"6/16/99",1,530141,2,104,12,28,2,30,2
232,"6/16/99",1,530141,6,101,6,6,6,10,5
243,"6/16/99",1,530151,4,101,5,15,2,15,3
244,"6/16/99",1,530152,1,101,9,24,5,20,6
245,"6/16/99",1,530152,1,104,12,26,1,30,1
246,"6/16/99",1,530152,2,104,12,20,2,25,2
248,"6/16/99",1,530153,1,104,12,30,1,30,1
247,"6/16/99",1,530153,1,101,9,25,5,24,6
195,"6/16/99",1,530211,1,101,6,10,3,10,7
196,"6/16/99",1,530211,6,104,12,30,5,30,5
235,"6/16/99",1,530241,1,104,12,30,2,30,2
234,"6/16/99",1,530241,1,101,8,15,7,1.79769313486232e+308,1.79769313486232e+308
251,"6/16/99",1,530251,3,101,7,28,8,28,8
249,"6/16/99",1,530251,3,101,9,15,7,15,8
252,"6/16/99",1,530251,5,104,12,20,1,21,1
250,"6/16/99",1,530251,5,101,9,20,7,28,8
254,"6/16/99",1,530251,6,104,12,25,2,30,1
255,"6/16/99",1,530251,7,104,12,25,2,30,2
253,"6/16/99",1,530251,13,104,7,28,1,30,1
197,"6/16/99",1,530311,1.79769313486232e+308,1.79769313486232e+308,1.79769313486232e+308,1.79769313486232e+308,1.79769313486232e+308,1.79769313486232e+308,1.79769313486232e+308
236,"6/16/99",1,530341,2,104,12,15,2,20,2
237,"6/16/99",1,530341,3,104,12,30,3,30,3
256,"6/16/99",1,530351,1,104,12,30,5,25,3
199,"6/16/99",1,530411,1,104,12,30,2,30,2
198,"6/16/99",1,530411,1,101,9,10,10,10,8
200,"6/16/99",1,530411,2,104,12,25,1,30,1
238,"6/16/99",1,530441,1,101,12,15,4,20,7
241,"6/16/99",1,530441,2,104,12,30,3,30,3
239,"6/16/99",1,530441,3,101,6,22,8,25,10
240,"6/16/99",1,530441,3,104,12,20,1,25,1
260,"6/16/99",1,530459,2,104,12,30,2,30,2
257,"6/16/99",1,530459,3,101,8,20,4,15,3
258,"6/16/99",1,530459,4,101,8,20,4,15,3
259,"6/16/99",1,530459,4,104,12,20,1,22,1
201,"6/16/99",1,530511,1,101,8,10,3,12,3
202,"6/16/99",1,530511,1,104,12,28,1,20,1
203,"6/16/99",1,530511,2,104,12,30,1.5,30,1.5
208,"6/16/99",1,530511,2,104,12,30,2,30,2
242,"6/16/99",1,530541,1,101,3,6,3,1.79769313486232e+308,1.79769313486232e+308
204,"6/16/99",1,530611,1,101,8,15,8,15,8
205,"6/16/99",1,530711,1,101,8,20,4,23,5
206,"6/16/99",1,530711,2,104,12,30,4,30,1
209,"6/16/99",1,530811,1,104,12,25,1,20,1
209,"6/16/99",1,530811,1,101,9,15,5,20,6
210,"6/16/99",1,530911,1,101,4,3,10,5,10
213,"6/16/99",1,531011,1,104,12,27,3,25,1
214,"6/16/99",1,531011,6,104,12,15,1,10,1
211,"6/16/99",1,531011,6,101,7,15,6,10,6
212,"6/16/99",1,531011,7,101,7,15,6,10,6
215,"6/16/99",1,531012,1,101,7,5,8,10,3
218,"6/16/99",1,531012,2,104,12,28,2,5,2
216,"6/16/99",1,531012,4,101,1,8,4,8,4
217,"6/16/99",1,531012,4,104,1,30,3,30,3
219,"6/16/99",1,531013,1,101,8,10,10,15,8
220,"6/16/99",1,531013,1,104,12,28,1,25,1
221,"6/16/99",1,531013,2,104,12,30,2,30,2
222,"6/16/99",1,531014,1,101,8,15,9,18,10
223,"6/16/99",1,531014,3,101,8,10,4,5,6
224,"6/16/99",1,531014,4,104,8,10,5,15,5
225,"6/16/99",1,531111,1,104,12,20,2,26,3
226,"6/16/99",1,531111,2,104,12,30,3,30,3
227,"6/16/99",1,531211,1,101,11,15,2,16,2
229,"6/16/99",1,531211,1,104,12,28,1,25,1
231,"6/16/99",1,531211,2,104,12,25,1,30,1
228,"6/16/99",1,531211,5,101,10,15,2,14,2
230,"6/16/99",1,531211,5,104,12,25,1,30,1
133,"8/11/99",1,610111,1.79769313486232e+308,1.79769313486232e+308,1.79769313486232e+308,1.79769313486232e+308,1.79769313486232e+308,1.79769313486232e+308,1.79769313486232e+308
150,"8/11/99",1,610141,4,101,3,5,5,5,8
151,"8/11/99",1,610142,1,101,3,10,5,5,8
158,"8/11/99",1,610151,1.79769313486232e+308,1.79769313486232e+308,1.79769313486232e+308,1.79769313486232e+308,1.79769313486232e+308,1.79769313486232e+308,1.79769313486232e+308
152,"8/11/99",1,610241,1.79769313486232e+308,1.79769313486232e+308,1.79769313486232e+308,1.79769313486232e+308,1.79769313486232e+308,1.79769313486232e+308,1.79769313486232e+308
153,"8/11/99",1,610242,1.79769313486232e+308,1.79769313486232e+308,1.79769313486232e+308,1.79769313486232e+308,1.79769313486232e+308,1.79769313486232e+308,1.79769313486232e+308
154,"8/11/99",1,610243,1.79769313486232e+308,1.79769313486232e+308,1.79769313486232e+308,1.79769313486232e+308,1.79769313486232e+308,1.79769313486232e+308,1.79769313486232e+308
159,"8/11/99",1,610251,2,101,6,7,8,20,8
134,"8/11/99",1,610311,1.79769313486232e+308,1.79769313486232e+308,1.79769313486232e+308,1.79769313486232e+308,1.79769313486232e+308,1.79769313486232e+308,1.79769313486232e+308
155,"8/11/99",1,610341,1,101,8,25,10,28,10
156,"8/11/99",1,610341,6,101,8,20,8,25,8
160,"8/11/99",1,610351,3,101,8,10,8,22,10
135,"8/11/99",1,610411,1.79769313486232e+308,1.79769313486232e+308,1.79769313486232e+308,1.79769313486232e+308,1.79769313486232e+308,1.79769313486232e+308,1.79769313486232e+308
157,"8/11/99",1,610441,1.79769313486232e+308,1.79769313486232e+308,1.79769313486232e+308,1.79769313486232e+308,1.79769313486232e+308,1.79769313486232e+308,1.79769313486232e+308
161,"8/11/99",1,610459,2,101,6,5,10,8,10
162,"8/11/99",1,610459,3,101,6,5,10,8,10
163,"8/11/99",1,610459,4,101,6,5,10,8,10
136,"8/11/99",1,610511,3,101,10,25,8,28,10
137,"8/11/99",1,610611,1.79769313486232e+308,1.79769313486232e+308,1.79769313486232e+308,1.79769313486232e+308,1.79769313486232e+308,1.79769313486232e+308,1.79769313486232e+308
138,"8/11/99",1,610711,1.79769313486232e+308,1.79769313486232e+308,1.79769313486232e+308,1.79769313486232e+308,1.79769313486232e+308,1.79769313486232e+308,1.79769313486232e+308
139,"8/11/99",1,610811,1,101,12,28,10,28,8
140,"8/11/99",1,610911,1,101,8,25,10,28,10
141,"8/11/99",1,610911,3,101,8,5,10,10,10
142,"8/11/99",1,610911,4,101,8,7,8,10,10
143,"8/11/99",1,610911,5,101,8,8,10,10,10
144,"8/11/99",1,611011,1,101,4,5,6,1.79769313486232e+308,1.79769313486232e+308
145,"8/11/99",1,611012,1.79769313486232e+308,1.79769313486232e+308,1.79769313486232e+308,1.79769313486232e+308,1.79769313486232e+308,1.79769313486232e+308,1.79769313486232e+308
146,"8/11/99",1,611111,1,101,8,20,10,28,8
147,"8/11/99",1,611211,1,101,8,20,10,28,10
148,"8/11/99",1,611212,1.79769313486232e+308,1.79769313486232e+308,1.79769313486232e+308,1.79769313486232e+308,1.79769313486232e+308,1.79769313486232e+308,1.79769313486232e+308
149,"8/11/99",1,611213,1.79769313486232e+308,1.79769313486232e+308,1.79769313486232e+308,1.79769313486232e+308,1.79769313486232e+308,1.79769313486232e+308,1.79769313486232e+308
312,"6/20/99",1,620111,1.79769313486232e+308,1.79769313486232e+308,1.79769313486232e+308,1.79769313486232e+308,1.79769313486232e+308,1.79769313486232e+308,1.79769313486232e+308
321,"6/20/99",1,620141,1.79769313486232e+308,1.79769313486232e+308,1.79769313486232e+308,1.79769313486232e+308,1.79769313486232e+308,1.79769313486232e+308,1.79769313486232e+308
326,"6/20/99",1,620151,1.79769313486232e+308,1.79769313486232e+308,1.79769313486232e+308,1.79769313486232e+308,1.79769313486232e+308,1.79769313486232e+308,1.79769313486232e+308
108,"9/10/99",1,620152,1.79769313486232e+308,1.79769313486232e+308,1.79769313486232e+308,1.79769313486232e+308,1.79769313486232e+308,1.79769313486232e+308,1.79769313486232e+308
313,"6/20/99",1,620211,1.79769313486232e+308,1.79769313486232e+308,1.79769313486232e+308,1.79769313486232e+308,1.79769313486232e+308,1.79769313486232e+308,1.79769313486232e+308
322,"6/20/99",1,620241,1.79769313486232e+308,1.79769313486232e+308,1.79769313486232e+308,1.79769313486232e+308,1.79769313486232e+308,1.79769313486232e+308,1.79769313486232e+308
112,"9/10/99",1,620251,1.79769313486232e+308,1.79769313486232e+308,1.79769313486232e+308,1.79769313486232e+308,1.79769313486232e+308,1.79769313486232e+308,1.79769313486232e+308
113,"9/10/99",1,620252,1.79769313486232e+308,1.79769313486232e+308,1.79769313486232e+308,1.79769313486232e+308,1.79769313486232e+308,1.79769313486232e+308,1.79769313486232e+308
116,"9/10/99",1,620253,1.79769313486232e+308,1.79769313486232e+308,1.79769313486232e+308,1.79769313486232e+308,1.79769313486232e+308,1.79769313486232e+308,1.79769313486232e+308
117,"9/10/99",1,620254,1.79769313486232e+308,1.79769313486232e+308,1.79769313486232e+308,1.79769313486232e+308,1.79769313486232e+308,1.79769313486232e+308,1.79769313486232e+308
314,"6/20/99",1,620311,1.79769313486232e+308,1.79769313486232e+308,1.79769313486232e+308,1.79769313486232e+308,1.79769313486232e+308,1.79769313486232e+308,1.79769313486232e+308
323,"6/20/99",1,620341,1.79769313486232e+308,1.79769313486232e+308,1.79769313486232e+308,1.79769313486232e+308,1.79769313486232e+308,1.79769313486232e+308,1.79769313486232e+308
118,"9/10/99",1,620351,1.79769313486232e+308,1.79769313486232e+308,1.79769313486232e+308,1.79769313486232e+308,1.79769313486232e+308,1.79769313486232e+308,1.79769313486232e+308
315,"6/20/99",1,620411,1,101,3,15,10,1.79769313486232e+308,1.79769313486232e+308
324,"6/20/99",1,620441,1.79769313486232e+308,1.79769313486232e+308,1.79769313486232e+308,1.79769313486232e+308,1.79769313486232e+308,1.79769313486232e+308,1.79769313486232e+308
119,"9/10/99",1,620459,12,101,12,26,10,30,10
316,"6/20/99",1,620511,1.79769313486232e+308,1.79769313486232e+308,1.79769313486232e+308,1.79769313486232e+308,1.79769313486232e+308,1.79769313486232e+308,1.79769313486232e+308
317,"6/20/99",1,620512,1.79769313486232e+308,1.79769313486232e+308,1.79769313486232e+308,1.79769313486232e+308,1.79769313486232e+308,1.79769313486232e+308,1.79769313486232e+308
325,"6/20/99",1,620541,1.79769313486232e+308,1.79769313486232e+308,1.79769313486232e+308,1.79769313486232e+308,1.79769313486232e+308,1.79769313486232e+308,1.79769313486232e+308
98,"9/10/99",1,620611,1.79769313486232e+308,1.79769313486232e+308,1.79769313486232e+308,1.79769313486232e+308,1.79769313486232e+308,1.79769313486232e+308,1.79769313486232e+308
318,"6/20/99",1,620711,1.79769313486232e+308,1.79769313486232e+308,1.79769313486232e+308,1.79769313486232e+308,1.79769313486232e+308,1.79769313486232e+308,1.79769313486232e+308
319,"6/20/99",1,620811,1.79769313486232e+308,1.79769313486232e+308,1.79769313486232e+308,1.79769313486232e+308,1.79769313486232e+308,1.79769313486232e+308,1.79769313486232e+308
320,"6/20/99",1,620911,1.79769313486232e+308,1.79769313486232e+308,1.79769313486232e+308,1.79769313486232e+308,1.79769313486232e+308,1.79769313486232e+308,1.79769313486232e+308
99,"9/10/99",1,621011,1.79769313486232e+308,1.79769313486232e+308,1.79769313486232e+308,1.79769313486232e+308,1.79769313486232e+308,1.79769313486232e+308,1.79769313486232e+308
100,"9/10/99",1,621111,1.79769313486232e+308,1.79769313486232e+308,1.79769313486232e+308,1.79769313486232e+308,1.79769313486232e+308,1.79769313486232e+308,1.79769313486232e+308
104,"9/10/99",1,621211,1.79769313486232e+308,1.79769313486232e+308,1.79769313486232e+308,1.79769313486232e+308,1.79769313486232e+308,1.79769313486232e+308,1.79769313486232e+308
146,"7/20/99",1,630111,1.79769313486232e+308,1.79769313486232e+308,1.79769313486232e+308,1.79769313486232e+308,1.79769313486232e+308,1.79769313486232e+308,1.79769313486232e+308
156,"7/20/99",1,630141,1.79769313486232e+308,1.79769313486232e+308,1.79769313486232e+308,1.79769313486232e+308,1.79769313486232e+308,1.79769313486232e+308,1.79769313486232e+308
163,"7/20/99",1,630151,1.79769313486232e+308,1.79769313486232e+308,1.79769313486232e+308,1.79769313486232e+308,1.79769313486232e+308,1.79769313486232e+308,1.79769313486232e+308
147,"7/20/99",1,630211,1.79769313486232e+308,1.79769313486232e+308,1.79769313486232e+308,1.79769313486232e+308,1.79769313486232e+308,1.79769313486232e+308,1.79769313486232e+308
157,"7/20/99",1,630241,1.79769313486232e+308,1.79769313486232e+308,1.79769313486232e+308,1.79769313486232e+308,1.79769313486232e+308,1.79769313486232e+308,1.79769313486232e+308
158,"7/20/99",1,630242,1.79769313486232e+308,1.79769313486232e+308,1.79769313486232e+308,1.79769313486232e+308,1.79769313486232e+308,1.79769313486232e+308,1.79769313486232e+308
164,"7/20/99",1,630251,1,101,12,10,8,10,12
165,"7/20/99",1,630252,1,101,6,26,8,10,8
32,"7/28/99",1,630311,1.79769313486232e+308,1.79769313486232e+308,1.79769313486232e+308,1.79769313486232e+308,1.79769313486232e+308,1.79769313486232e+308,1.79769313486232e+308
159,"7/20/99",1,630341,1.79769313486232e+308,1.79769313486232e+308,1.79769313486232e+308,1.79769313486232e+308,1.79769313486232e+308,1.79769313486232e+308,1.79769313486232e+308
160,"7/20/99",1,630342,1.79769313486232e+308,1.79769313486232e+308,1.79769313486232e+308,1.79769313486232e+308,1.79769313486232e+308,1.79769313486232e+308,1.79769313486232e+308
166,"7/20/99",1,630351,1.79769313486232e+308,1.79769313486232e+308,1.79769313486232e+308,1.79769313486232e+308,1.79769313486232e+308,1.79769313486232e+308,1.79769313486232e+308
168,"7/20/99",1,630352,1.79769313486232e+308,1.79769313486232e+308,1.79769313486232e+308,1.79769313486232e+308,1.79769313486232e+308,1.79769313486232e+308,1.79769313486232e+308
33,"7/28/99",1,630411,1,101,10,10,4,10,5
35,"7/28/99",1,630411,2,104,12,30,4,30,4
34,"7/28/99",1,630411,3,101,10,12,3,25,5
161,"7/20/99",1,630441,1.79769313486232e+308,1.79769313486232e+308,1.79769313486232e+308,1.79769313486232e+308,1.79769313486232e+308,1.79769313486232e+308,1.79769313486232e+308
168,"7/20/99",1,630459,1,101,6,25,10,25,10
148,"7/20/99",1,630511,1.79769313486232e+308,1.79769313486232e+308,1.79769313486232e+308,1.79769313486232e+308,1.79769313486232e+308,1.79769313486232e+308,1.79769313486232e+308
149,"7/20/99",1,630512,1.79769313486232e+308,1.79769313486232e+308,1.79769313486232e+308,1.79769313486232e+308,1.79769313486232e+308,1.79769313486232e+308,1.79769313486232e+308
150,"7/20/99",1,630513,1.79769313486232e+308,1.79769313486232e+308,1.79769313486232e+308,1.79769313486232e+308,1.79769313486232e+308,1.79769313486232e+308,1.79769313486232e+308
162,"7/20/99",1,630541,1.79769313486232e+308,1.79769313486232e+308,1.79769313486232e+308,1.79769313486232e+308,1.79769313486232e+308,1.79769313486232e+308,1.79769313486232e+308
151,"7/20/99",1,630611,1.79769313486232e+308,1.79769313486232e+308,1.79769313486232e+308,1.79769313486232e+308,1.79769313486232e+308,1.79769313486232e+308,1.79769313486232e+308
152,"7/20/99",1,630711,1.79769313486232e+308,1.79769313486232e+308,1.79769313486232e+308,1.79769313486232e+308,1.79769313486232e+308,1.79769313486232e+308,1.79769313486232e+308
36,"7/28/99",1,630811,1,101,2,20,5,10,5
37,"7/28/99",1,630911,1.79769313486232e+308,1.79769313486232e+308,1.79769313486232e+308,1.79769313486232e+308,1.79769313486232e+308,1.79769313486232e+308,1.79769313486232e+308
153,"7/20/99",1,631011,1.79769313486232e+308,1.79769313486232e+308,1.79769313486232e+308,1.79769313486232e+308,1.79769313486232e+308,1.79769313486232e+308,1.79769313486232e+308
154,"7/20/99",1,631111,1.79769313486232e+308,1.79769313486232e+308,1.79769313486232e+308,1.79769313486232e+308,1.79769313486232e+308,1.79769313486232e+308,1.79769313486232e+308
155,"7/20/99",1,631211,1.79769313486232e+308,1.79769313486232e+308,1.79769313486232e+308,1.79769313486232e+308,1.79769313486232e+308,1.79769313486232e+308,1.79769313486232e+308
62,"2/11/99",1,710111,2,104,12,30,2,30,2
77,"2/13/99",1,710141,1,103,3,20,6,1.79769313486232e+308,1.79769313486232e+308
82,"2/13/99",1,710151,1.79769313486232e+308,1.79769313486232e+308,1.79769313486232e+308,1.79769313486232e+308,1.79769313486232e+308,1.79769313486232e+308,1.79769313486232e+308
63,"2/13/99",1,710211,1.79769313486232e+308,1.79769313486232e+308,1.79769313486232e+308,1.79769313486232e+308,1.79769313486232e+308,1.79769313486232e+308,1.79769313486232e+308
78,"2/13/99",1,710241,2,104,12,30,4,30,4
84,"2/13/99",1,710251,1,104,12,26,2,20,2
83,"2/13/99",1,710251,1,101,8,20,7,30,8
85,"2/13/99",1,710251,2,104,12,25,2,24,2
64,"2/13/99",1,710311,2,104,12,26,2,24,2
86,"2/13/99",1,710351,5,104,12,20,2,20,2
87,"2/13/99",1,710351,6,104,12,15,2,15,2
65,"2/13/99",1,710411,1.79769313486232e+308,1.79769313486232e+308,1.79769313486232e+308,1.79769313486232e+308,1.79769313486232e+308,1.79769313486232e+308,1.79769313486232e+308
88,"2/13/99",1,710459,3,101,6,10,6,6,5
89,"2/13/99",1,710459,4,101,6,10,6,5,5
80,"2/13/99",1,710541,1,104,12,8,2,10,2
79,"2/13/99",1,710541,2,104,12,20,2,18,2
81,"2/13/99",1,710542,1.79769313486232e+308,1.79769313486232e+308,1.79769313486232e+308,1.79769313486232e+308,1.79769313486232e+308,1.79769313486232e+308,1.79769313486232e+308
66,"2/13/99",1,710611,2,104,6,30,2,30,2
67,"2/13/99",1,710711,2,104,12,30,2,30,3
68,"2/13/99",1,710811,1,101,4,7,8,12,9
69,"2/13/99",1,710911,1.79769313486232e+308,1.79769313486232e+308,1.79769313486232e+308,1.79769313486232e+308,1.79769313486232e+308,1.79769313486232e+308,1.79769313486232e+308
70,"2/13/99",1,710912,2,104,12,30,2,30,2
71,"2/13/99",1,711011,1.79769313486232e+308,1.79769313486232e+308,1.79769313486232e+308,1.79769313486232e+308,1.79769313486232e+308,1.79769313486232e+308,1.79769313486232e+308
72,"2/13/99",1,711111,2,104,12,3,3,30,3
73,"2/13/99",1,711211,1.79769313486232e+308,1.79769313486232e+308,1.79769313486232e+308,1.79769313486232e+308,1.79769313486232e+308,1.79769313486232e+308,1.79769313486232e+308
74,"2/13/99",1,711311,1.79769313486232e+308,1.79769313486232e+308,1.79769313486232e+308,1.79769313486232e+308,1.79769313486232e+308,1.79769313486232e+308,1.79769313486232e+308
75,"2/13/99",1,711411,1.79769313486232e+308,1.79769313486232e+308,1.79769313486232e+308,1.79769313486232e+308,1.79769313486232e+308,1.79769313486232e+308,1.79769313486232e+308
76,"2/13/99",1,711412,1.79769313486232e+308,1.79769313486232e+308,1.79769313486232e+308,1.79769313486232e+308,1.79769313486232e+308,1.79769313486232e+308,1.79769313486232e+308
194,"6/06/99",1,720111,2,104,12,28,3,30,3
216,"6/10/99",1,720141,1.79769313486232e+308,1.79769313486232e+308,1.79769313486232e+308,1.79769313486232e+308,1.79769313486232e+308,1.79769313486232e+308,1.79769313486232e+308
220,"6/10/99",1,720151,1,104,12,28,2,26,2
221,"6/10/99",1,720151,3,101,3,4,8,1.79769313486232e+308,1.79769313486232e+308
195,"6/10/99",1,720212,1.79769313486232e+308,1.79769313486232e+308,1.79769313486232e+308,1.79769313486232e+308,1.79769313486232e+308,1.79769313486232e+308,1.79769313486232e+308
217,"6/10/99",1,720241,1.79769313486232e+308,1.79769313486232e+308,1.79769313486232e+308,1.79769313486232e+308,1.79769313486232e+308,1.79769313486232e+308,1.79769313486232e+308
222,"6/10/99",1,720251,1.79769313486232e+308,1.79769313486232e+308,1.79769313486232e+308,1.79769313486232e+308,1.79769313486232e+308,1.79769313486232e+308,1.79769313486232e+308
196,"6/10/99",1,720311,1,101,9,8,8,10,7
197,"6/10/99",1,720311,1,104,12,27,2,25,2
198,"6/10/99",1,720312,1.79769313486232e+308,1.79769313486232e+308,1.79769313486232e+308,1.79769313486232e+308,1.79769313486232e+308,1.79769313486232e+308,1.79769313486232e+308
199,"6/10/99",1,720313,1.79769313486232e+308,1.79769313486232e+308,1.79769313486232e+308,1.79769313486232e+308,1.79769313486232e+308,1.79769313486232e+308,1.79769313486232e+308
223,"6/10/99",1,720351,1,101,8,5,7,6,6
224,"6/10/99",1,720351,3,101,8,5,8,4,8
225,"6/10/99",1,720351,3,104,12,26,3,24,3
200,"6/10/99",1,720411,1,101,5,3,8,2,6
202,"6/10/99",1,720411,2,104,12,30,3,30,3
201,"6/10/99",1,720411,4,101,5,3,8,1,4
203,"6/10/99",1,720412,1.79769313486232e+308,1.79769313486232e+308,1.79769313486232e+308,1.79769313486232e+308,1.79769313486232e+308,1.79769313486232e+308,1.79769313486232e+308
218,"6/10/99",1,720441,1.79769313486232e+308,1.79769313486232e+308,1.79769313486232e+308,1.79769313486232e+308,1.79769313486232e+308,1.79769313486232e+308,1.79769313486232e+308
226,"6/10/99",1,720459,1,101,8,8,8,7,9
227,"6/10/99",1,720459,4,101,8,10,9,10,9
204,"6/10/99",1,720511,1.79769313486232e+308,1.79769313486232e+308,1.79769313486232e+308,1.79769313486232e+308,1.79769313486232e+308,1.79769313486232e+308,1.79769313486232e+308
205,"6/10/99",1,720611,1.79769313486232e+308,1.79769313486232e+308,1.79769313486232e+308,1.79769313486232e+308,1.79769313486232e+308,1.79769313486232e+308,1.79769313486232e+308
219,"6/10/99",1,720641,1.79769313486232e+308,1.79769313486232e+308,1.79769313486232e+308,1.79769313486232e+308,1.79769313486232e+308,1.79769313486232e+308,1.79769313486232e+308
206,"6/10/99",1,720711,1,101,5,7,8,3,5
207,"6/10/99",1,720811,1.79769313486232e+308,1.79769313486232e+308,1.79769313486232e+308,1.79769313486232e+308,1.79769313486232e+308,1.79769313486232e+308,1.79769313486232e+308
208,"6/10/99",1,720812,1.79769313486232e+308,1.79769313486232e+308,1.79769313486232e+308,1.79769313486232e+308,1.79769313486232e+308,1.79769313486232e+308,1.79769313486232e+308
209,"6/10/99",1,720911,1.79769313486232e+308,1.79769313486232e+308,1.79769313486232e+308,1.79769313486232e+308,1.79769313486232e+308,1.79769313486232e+308,1.79769313486232e+308
210,"6/10/99",1,721011,1.79769313486232e+308,1.79769313486232e+308,1.79769313486232e+308,1.79769313486232e+308,1.79769313486232e+308,1.79769313486232e+308,1.79769313486232e+308
212,"6/10/99",1,721111,1,104,12,25,2,22,2
211,"6/10/99",1,721111,2,104,12,28,5,30,5
213,"6/10/99",1,721211,1.79769313486232e+308,1.79769313486232e+308,1.79769313486232e+308,1.79769313486232e+308,1.79769313486232e+308,1.79769313486232e+308,1.79769313486232e+308
214,"6/10/99",1,721311,2,104,12,30,2,30,2
215,"6/10/99",1,721411,1.79769313486232e+308,1.79769313486232e+308,1.79769313486232e+308,1.79769313486232e+308,1.79769313486232e+308,1.79769313486232e+308,1.79769313486232e+308
59,"8/01/99",1,730111,1,101,2,5,8,3,8
82,"8/05/99",1,730141,1.79769313486232e+308,1.79769313486232e+308,1.79769313486232e+308,1.79769313486232e+308,1.79769313486232e+308,1.79769313486232e+308,1.79769313486232e+308
91,"8/05/99",1,730151,1,101,4,4,6,1.79769313486232e+308,1.79769313486232e+308
92,"8/05/99",1,730151,3,101,6,5,9,4,9
60,"8/05/99",1,730211,1,101,4,3,8,3,8
83,"8/05/99",1,730241,1,101,4,5,8,3,9
84,"8/05/99",1,730241,4,104,12,26,3,26,3
94,"8/05/99",1,730251,1,104,12,28,2,26,2
93,"8/05/99",1,730251,1,101,9,12,8,10,8
61,"8/05/99",1,730311,1.79769313486232e+308,1.79769313486232e+308,1.79769313486232e+308,1.79769313486232e+308,1.79769313486232e+308,1.79769313486232e+308,1.79769313486232e+308
85,"8/05/99",1,730341,2,104,12,28,3,28,3
96,"8/05/99",1,730351,1,104,12,30,3,30,3
95,"8/05/99",1,730351,1,101,8,7,7,4,7
62,"8/05/99",1,730411,2,104,12,30,3,30,3
86,"8/05/99",1,730441,1.79769313486232e+308,1.79769313486232e+308,1.79769313486232e+308,1.79769313486232e+308,1.79769313486232e+308,1.79769313486232e+308,1.79769313486232e+308
97,"8/05/99",1,730459,1,101,8,12,10,8,9
98,"8/05/99",1,730459,3,104,12,30,3,30,3
63,"8/05/99",1,730511,1,101,5,4,10,5,10
64,"8/05/99",1,730511,2,104,12,28,5,30,5
87,"8/05/99",1,730541,1.79769313486232e+308,1.79769313486232e+308,1.79769313486232e+308,1.79769313486232e+308,1.79769313486232e+308,1.79769313486232e+308,1.79769313486232e+308
66,"8/05/99",1,730611,1,104,12,6,3,5,3
65,"8/05/99",1,730611,5,104,12,20,4,20,4
67,"8/05/99",1,730612,1.79769313486232e+308,1.79769313486232e+308,1.79769313486232e+308,1.79769313486232e+308,1.79769313486232e+308,1.79769313486232e+308,1.79769313486232e+308
88,"8/05/99",1,730641,8,104,12,25,2,25,2
89,"8/05/99",1,730642,1,101,2,4,9,1.79769313486232e+308,1.79769313486232e+308
90,"8/05/99",1,730643,1.79769313486232e+308,1.79769313486232e+308,1.79769313486232e+308,1.79769313486232e+308,1.79769313486232e+308,1.79769313486232e+308,1.79769313486232e+308
68,"8/05/99",1,730711,1.79769313486232e+308,1.79769313486232e+308,1.79769313486232e+308,1.79769313486232e+308,1.79769313486232e+308,1.79769313486232e+308,1.79769313486232e+308
69,"8/05/99",1,730712,1.79769313486232e+308,1.79769313486232e+308,1.79769313486232e+308,1.79769313486232e+308,1.79769313486232e+308,1.79769313486232e+308,1.79769313486232e+308
70,"8/05/99",1,730811,1,101,3,4,8,3,8
71,"8/05/99",1,730911,1.79769313486232e+308,1.79769313486232e+308,1.79769313486232e+308,1.79769313486232e+308,1.79769313486232e+308,1.79769313486232e+308,1.79769313486232e+308
72,"8/05/99",1,731011,1.79769313486232e+308,1.79769313486232e+308,1.79769313486232e+308,1.79769313486232e+308,1.79769313486232e+308,1.79769313486232e+308,1.79769313486232e+308
73,"8/05/99",1,731111,1.79769313486232e+308,1.79769313486232e+308,1.79769313486232e+308,1.79769313486232e+308,1.79769313486232e+308,1.79769313486232e+308,1.79769313486232e+308
74,"8/05/99",1,731211,1.79769313486232e+308,1.79769313486232e+308,1.79769313486232e+308,1.79769313486232e+308,1.79769313486232e+308,1.79769313486232e+308,1.79769313486232e+308
75,"8/05/99",1,731311,1.79769313486232e+308,1.79769313486232e+308,1.79769313486232e+308,1.79769313486232e+308,1.79769313486232e+308,1.79769313486232e+308,1.79769313486232e+308
76,"8/05/99",1,731411,11,101,5,5,8,1.79769313486232e+308,1.79769313486232e+308
77,"8/05/99",1,731412,1,101,4,4,6,3,6
78,"8/05/99",1,731412,1,104,12,24,2,22,2
79,"8/05/99",1,731413,2,101,2,3,9,3,9
80,"8/05/99",1,731414,1,101,4,4,8,2,8
81,"8/05/99",1,731415,1,101,4,5,8,4,8
71,"8/18/99",1,740119,1,104,12,28,3,28,3
81,"8/31/99",1,740149,1.79769313486232e+308,1.79769313486232e+308,1.79769313486232e+308,1.79769313486232e+308,1.79769313486232e+308,1.79769313486232e+308,1.79769313486232e+308
87,"8/31/99",1,740159,3,104,12,20,2,22,2
88,"8/31/99",1,740159,4,104,12,25,2,24,2
72,"8/31/99",1,740219,1.79769313486232e+308,1.79769313486232e+308,1.79769313486232e+308,1.79769313486232e+308,1.79769313486232e+308,1.79769313486232e+308,1.79769313486232e+308
83,"8/31/99",1,740249,1,101,5,5,8,4,8
82,"8/31/99",1,740249,2,104,12,30,3,30,3
89,"8/31/99",1,740259,1.79769313486232e+308,1.79769313486232e+308,1.79769313486232e+308,1.79769313486232e+308,1.79769313486232e+308,1.79769313486232e+308,1.79769313486232e+308
73,"8/31/99",1,740319,2,104,12,26,3,26,3
84,"8/31/99",1,740349,1.79769313486232e+308,1.79769313486232e+308,1.79769313486232e+308,1.79769313486232e+308,1.79769313486232e+308,1.79769313486232e+308,1.79769313486232e+308
90,"8/31/99",1,740359,4,101,8,10,8,1.79769313486232e+308,1.79769313486232e+308
74,"8/31/99",1,740419,1.79769313486232e+308,1.79769313486232e+308,1.79769313486232e+308,1.79769313486232e+308,1.79769313486232e+308,1.79769313486232e+308,1.79769313486232e+308
85,"8/31/99",1,740449,2,104,12,28,3,16,3
91,"8/31/99",1,740459,1,101,4,7,9,6,9
75,"8/31/99",1,740519,10,104,12,30,6,30,6
86,"8/31/99",1,740549,1.79769313486232e+308,1.79769313486232e+308,1.79769313486232e+308,1.79769313486232e+308,1.79769313486232e+308,1.79769313486232e+308,1.79769313486232e+308
92,"8/31/99",1,740559,4,101,7,8,8,1.79769313486232e+308,1.79769313486232e+308
76,"8/31/99",1,740619,1.79769313486232e+308,1.79769313486232e+308,1.79769313486232e+308,1.79769313486232e+308,1.79769313486232e+308,1.79769313486232e+308,1.79769313486232e+308
77,"8/31/99",1,740719,1.79769313486232e+308,1.79769313486232e+308,1.79769313486232e+308,1.79769313486232e+308,1.79769313486232e+308,1.79769313486232e+308,1.79769313486232e+308
78,"8/31/99",1,740819,2,104,12,30,3,30,3
79,"8/31/99",1,740919,1.79769313486232e+308,1.79769313486232e+308,1.79769313486232e+308,1.79769313486232e+308,1.79769313486232e+308,1.79769313486232e+308,1.79769313486232e+308
80,"8/31/99",1,741019,1.79769313486232e+308,1.79769313486232e+308,1.79769313486232e+308,1.79769313486232e+308,1.79769313486232e+308,1.79769313486232e+308,1.79769313486232e+308
327,"6/26/99",1,810111,1.79769313486232e+308,1.79769313486232e+308,1.79769313486232e+308,1.79769313486232e+308,1.79769313486232e+308,1.79769313486232e+308,1.79769313486232e+308
351,"6/26/99",1,810141,1,101,9,6,6,10,7
359,"6/26/99",1,810151,1,101,12,12,5,9,6
328,"6/26/99",1,810211,1,101,9,10,3,15,2
352,"6/26/99",1,810241,1,101,9,7,9,10,9
360,"6/26/99",1,810251,1,101,10,7,9,7,7
329,"6/26/99",1,810311,9,101,6,4,4,4,5
330,"6/26/99",1,810311,9,104,12,30,6,30,6
353,"6/26/99",1,810341,1,101,12,10,6,5,8
361,"6/26/99",1,810351,1,101,11,7,9,28,4
332,"6/26/99",1,810411,1,104,12,30,1,30,1
331,"6/26/99",1,810411,1,101,9,10,9,10,3
333,"6/26/99",1,810411,2,104,12,30,1,30,1
334,"6/26/99",1,810411,3,104,12,3,1,30,1
354,"6/26/99",1,810441,1,101,9,7,7,4,4
355,"6/26/99",1,810441,4,101,9,8,7,5,5
356,"6/26/99",1,810441,6,101,9,3,5,4,3
357,"6/26/99",1,810441,9,101,9,2,4,4,3
362,"6/26/99",1,810459,1,101,11,12,5,8,4
363,"6/26/99",1,810459,3,101,11,14,6,10,6
358,"6/26/99",1,810541,1,101,2,26,8,1.79769313486232e+308,1.79769313486232e+308
336,"6/26/99",1,810711,1,104,12,28,1.5,30,1
335,"6/26/99",1,810711,1,101,9,12,4,4,6
337,"6/26/99",1,810711,2,104,12,28,2,30,2
339,"6/26/99",1,810811,1,103,4,6,8,4,6
338,"6/26/99",1,810811,1,101,4,4,9,2,4
340,"6/26/99",1,810811,4,101,4,4,2,3,3
341,"6/26/99",1,811011,1,101,4,4,4,3,6
343,"6/26/99",1,811011,3,104,12,30,1,30,1
342,"6/26/99",1,811011,3,101,8,8,6,3,8
344,"6/26/99",1,811011,4,104,12,30,2,30,2
345,"6/26/99",1,811111,1,101,12,15,7,6,8
346,"6/26/99",1,811211,1,101,4,2,4,2,4
1.79769313486232e+308,"9/21/99",1,811211,3,103,3,25,8,1.79769313486232e+308,1.79769313486232e+308
347,"6/26/99",1,811211,3,101,9,3,8,3,8
348,"6/26/99",1,811211,8,101,2,2,3,3,3
349,"6/26/99",1,811212,1.79769313486232e+308,1.79769313486232e+308,1.79769313486232e+308,1.79769313486232e+308,1.79769313486232e+308,1.79769313486232e+308,1.79769313486232e+308
350,"6/26/99",1,811213,1.79769313486232e+308,1.79769313486232e+308,1.79769313486232e+308,1.79769313486232e+308,1.79769313486232e+308,1.79769313486232e+308,1.79769313486232e+308
467,"7/07/99",1,820111,1,101,9,7,10,9,7
486,"7/07/99",1,820141,1.79769313486232e+308,1.79769313486232e+308,1.79769313486232e+308,1.79769313486232e+308,1.79769313486232e+308,1.79769313486232e+308,1.79769313486232e+308
492,"7/07/99",1,820151,1,101,12,5,6,5,7
493,"7/07/99",1,820151,3,101,12,5,7,4,7
468,"7/07/99",1,820211,2,101,9,2,7,3,8
487,"7/07/99",1,820241,1,101,9,3,7,3,7
494,"7/07/99",1,820251,1.79769313486232e+308,1.79769313486232e+308,1.79769313486232e+308,1.79769313486232e+308,1.79769313486232e+308,1.79769313486232e+308,1.79769313486232e+308
469,"7/07/99",1,820311,1.79769313486232e+308,1.79769313486232e+308,1.79769313486232e+308,1.79769313486232e+308,1.79769313486232e+308,1.79769313486232e+308,1.79769313486232e+308
488,"7/07/99",1,820341,1.79769313486232e+308,1.79769313486232e+308,1.79769313486232e+308,1.79769313486232e+308,1.79769313486232e+308,1.79769313486232e+308,1.79769313486232e+308
495,"7/07/99",1,820351,1,101,7,5,7,5,3
496,"7/07/99",1,820351,4,101,7,5,2,5,1
470,"7/07/99",1,820411,1,101,9,6,7,6,7
471,"7/07/99",1,820412,1,101,9,12,7,12,7
472,"7/07/99",1,820413,1,101,9,12,6,12,6
489,"7/07/99",1,820441,1.79769313486232e+308,1.79769313486232e+308,1.79769313486232e+308,1.79769313486232e+308,1.79769313486232e+308,1.79769313486232e+308,1.79769313486232e+308
497,"7/07/99",1,820459,1.79769313486232e+308,1.79769313486232e+308,1.79769313486232e+308,1.79769313486232e+308,1.79769313486232e+308,1.79769313486232e+308,1.79769313486232e+308
473,"7/07/99",1,820511,1.79769313486232e+308,1.79769313486232e+308,1.79769313486232e+308,1.79769313486232e+308,1.79769313486232e+308,1.79769313486232e+308,1.79769313486232e+308
490,"7/07/99",1,820541,1.79769313486232e+308,1.79769313486232e+308,1.79769313486232e+308,1.79769313486232e+308,1.79769313486232e+308,1.79769313486232e+308,1.79769313486232e+308
491,"7/07/99",1,820542,1.79769313486232e+308,1.79769313486232e+308,1.79769313486232e+308,1.79769313486232e+308,1.79769313486232e+308,1.79769313486232e+308,1.79769313486232e+308
474,"7/07/99",1,820611,1.79769313486232e+308,1.79769313486232e+308,1.79769313486232e+308,1.79769313486232e+308,1.79769313486232e+308,1.79769313486232e+308,1.79769313486232e+308
475,"7/07/99",1,820612,1.79769313486232e+308,1.79769313486232e+308,1.79769313486232e+308,1.79769313486232e+308,1.79769313486232e+308,1.79769313486232e+308,1.79769313486232e+308
476,"7/07/99",1,820613,1,101,4,4,6,1.79769313486232e+308,1.79769313486232e+308
477,"7/07/99",1,820711,1,101,9,22,4,10,6
478,"7/07/99",1,820712,1,101,9,6,7,6,7
479,"7/07/99",1,820811,1.79769313486232e+308,1.79769313486232e+308,1.79769313486232e+308,1.79769313486232e+308,1.79769313486232e+308,1.79769313486232e+308,1.79769313486232e+308
480,"7/07/99",1,820911,1,101,9,2,6,10,6
481,"7/07/99",1,821011,1,101,10,3,6,5,6
482,"7/07/99",1,821011,5,101,10,2,6,5,6
483,"7/07/99",1,821012,1.79769313486232e+308,1.79769313486232e+308,1.79769313486232e+308,1.79769313486232e+308,1.79769313486232e+308,1.79769313486232e+308,1.79769313486232e+308
484,"7/07/99",1,821111,1,101,12,3,7,3,7
485,"7/07/99",1,821211,1,101,3,4,5,4,5
74,"7/11/99",1,830111,1,101,4,2,9,2,9
88,"7/11/99",1,830141,1,101,8,4,7,4,7
92,"7/11/99",1,830151,1,101,12,2,4,2,4
93,"7/11/99",1,830151,4,101,12,2,2,2,2
94,"7/11/99",1,830151,8,101,2,10,10,10,10
75,"7/11/99",1,830211,1,101,9,4,7,4,7
95,"7/11/99",1,830251,1.79769313486232e+308,1.79769313486232e+308,1.79769313486232e+308,1.79769313486232e+308,1.79769313486232e+308,1.79769313486232e+308,1.79769313486232e+308
76,"7/11/99",1,830311,1.79769313486232e+308,1.79769313486232e+308,1.79769313486232e+308,1.79769313486232e+308,1.79769313486232e+308,1.79769313486232e+308,1.79769313486232e+308
89,"7/11/99",1,830341,1,101,6,6,7,6,7
96,"7/11/99",1,830351,1,101,9,15,7,8,7
77,"7/11/99",1,830411,1,101,4,10,7,7,10
90,"7/11/99",1,830441,1.79769313486232e+308,1.79769313486232e+308,1.79769313486232e+308,1.79769313486232e+308,1.79769313486232e+308,1.79769313486232e+308,1.79769313486232e+308
97,"7/11/99",1,830459,1,101,10,3,7,3,7
91,"7/11/99",1,830541,1,101,12,7,6,7,6
78,"7/11/99",1,830611,1,101,9,6,7,6,7
79,"7/11/99",1,830711,1.79769313486232e+308,1.79769313486232e+308,1.79769313486232e+308,1.79769313486232e+308,1.79769313486232e+308,1.79769313486232e+308,1.79769313486232e+308
80,"7/11/99",1,830811,1,101,8,15,3,1.79769313486232e+308,1.79769313486232e+308
81,"7/11/99",1,830911,1.79769313486232e+308,1.79769313486232e+308,1.79769313486232e+308,1.79769313486232e+308,1.79769313486232e+308,1.79769313486232e+308,1.79769313486232e+308
82,"7/11/99",1,831011,1.79769313486232e+308,1.79769313486232e+308,1.79769313486232e+308,1.79769313486232e+308,1.79769313486232e+308,1.79769313486232e+308,1.79769313486232e+308
83,"7/11/99",1,831012,1.79769313486232e+308,1.79769313486232e+308,1.79769313486232e+308,1.79769313486232e+308,1.79769313486232e+308,1.79769313486232e+308,1.79769313486232e+308
84,"7/11/99",1,831111,1,101,3,15,5,5,5
85,"7/11/99",1,831211,1,101,12,6,6,6,6
86,"7/11/99",1,831211,4,101,12,6,3,6,3
87,"7/11/99",1,831211,5,101,12,6,2,6,2
498,"7/07/99",1,910121,1,101,7,12,10,2,9
514,"7/07/99",1,910141,1,101,8,12,9,26,9
519,"7/07/99",1,910151,1.79769313486232e+308,1.79769313486232e+308,1.79769313486232e+308,1.79769313486232e+308,1.79769313486232e+308,1.79769313486232e+308,1.79769313486232e+308
499,"7/07/99",1,910221,1,101,8,5,9,4,6
500,"7/07/99",1,910222,1,101,2,10,9,8,9
515,"7/07/99",1,910241,1.79769313486232e+308,1.79769313486232e+308,1.79769313486232e+308,1.79769313486232e+308,1.79769313486232e+308,1.79769313486232e+308,1.79769313486232e+308
520,"7/07/99",1,910251,1,101,6,10,5,5,6
501,"7/07/99",1,910321,1.79769313486232e+308,1.79769313486232e+308,1.79769313486232e+308,1.79769313486232e+308,1.79769313486232e+308,1.79769313486232e+308,1.79769313486232e+308
502,"7/07/99",1,910322,1.79769313486232e+308,1.79769313486232e+308,1.79769313486232e+308,1.79769313486232e+308,1.79769313486232e+308,1.79769313486232e+308,1.79769313486232e+308
516,"7/07/99",1,910341,1.79769313486232e+308,1.79769313486232e+308,1.79769313486232e+308,1.79769313486232e+308,1.79769313486232e+308,1.79769313486232e+308,1.79769313486232e+308
521,"7/07/99",1,910351,1,101,6,12,6,12,6
522,"7/07/99",1,910351,14,101,12,28,9,25,9
523,"7/07/99",1,910352,1,101,6,8,8,8,8
503,"7/07/99",1,910421,1.79769313486232e+308,1.79769313486232e+308,1.79769313486232e+308,1.79769313486232e+308,1.79769313486232e+308,1.79769313486232e+308,1.79769313486232e+308
517,"7/07/99",1,910441,1.79769313486232e+308,1.79769313486232e+308,1.79769313486232e+308,1.79769313486232e+308,1.79769313486232e+308,1.79769313486232e+308,1.79769313486232e+308
524,"7/07/99",1,910459,1,101,6,5,8,1.79769313486232e+308,1.79769313486232e+308
525,"7/07/99",1,910459,4,101,6,5,8,1.79769313486232e+308,1.79769313486232e+308
504,"7/07/99",1,910521,1,101,8,9,9,2,9
518,"7/07/99",1,910541,1,101,6,12,8,5,8
505,"7/07/99",1,910622,1,101,3,5,9,1.79769313486232e+308,1.79769313486232e+308
506,"7/07/99",1,910721,1.79769313486232e+308,1.79769313486232e+308,1.79769313486232e+308,1.79769313486232e+308,1.79769313486232e+308,1.79769313486232e+308,1.79769313486232e+308
507,"7/07/99",1,910722,1,101,3,7,9,1.79769313486232e+308,1.79769313486232e+308
508,"7/07/99",1,910821,1.79769313486232e+308,1.79769313486232e+308,1.79769313486232e+308,1.79769313486232e+308,1.79769313486232e+308,1.79769313486232e+308,1.79769313486232e+308
509,"7/07/99",1,910822,1,101,3,5,8,2,9
510,"7/07/99",1,910921,1,101,7,12,9,5,8
511,"7/07/99",1,911021,1.79769313486232e+308,1.79769313486232e+308,1.79769313486232e+308,1.79769313486232e+308,1.79769313486232e+308,1.79769313486232e+308,1.79769313486232e+308
512,"7/07/99",1,911121,1.79769313486232e+308,1.79769313486232e+308,1.79769313486232e+308,1.79769313486232e+308,1.79769313486232e+308,1.79769313486232e+308,1.79769313486232e+308
513,"7/07/99",1,911221,1.79769313486232e+308,1.79769313486232e+308,1.79769313486232e+308,1.79769313486232e+308,1.79769313486232e+308,1.79769313486232e+308,1.79769313486232e+308
130,"6/07/99",1,920121,1.79769313486232e+308,1.79769313486232e+308,1.79769313486232e+308,1.79769313486232e+308,1.79769313486232e+308,1.79769313486232e+308,1.79769313486232e+308
143,"6/10/99",1,920141,1.79769313486232e+308,1.79769313486232e+308,1.79769313486232e+308,1.79769313486232e+308,1.79769313486232e+308,1.79769313486232e+308,1.79769313486232e+308
131,"6/10/99",1,920221,1,101,9,11,6,22,7
144,"6/10/99",1,920241,1,101,5,9,10,10,10
148,"6/10/99",1,920251,1.79769313486232e+308,1.79769313486232e+308,1.79769313486232e+308,1.79769313486232e+308,1.79769313486232e+308,1.79769313486232e+308,1.79769313486232e+308
149,"6/10/99",1,920252,1,101,10,10,6,12,6
132,"6/10/99",1,920321,1,101,6,15,6,15,6
145,"6/10/99",1,920341,1,101,8,11,6,12,8
150,"6/10/99",1,920351,1.79769313486232e+308,1.79769313486232e+308,1.79769313486232e+308,1.79769313486232e+308,1.79769313486232e+308,1.79769313486232e+308,1.79769313486232e+308
151,"6/10/99",1,920352,1,101,12,25,6,20,5
152,"6/10/99",1,920352,3,101,12,30,9,30,9
153,"6/10/99",1,920352,4,101,12,30,9,30,9
154,"6/10/99",1,920353,1.79769313486232e+308,1.79769313486232e+308,1.79769313486232e+308,1.79769313486232e+308,1.79769313486232e+308,1.79769313486232e+308,1.79769313486232e+308
133,"6/10/99",1,920421,1.79769313486232e+308,1.79769313486232e+308,1.79769313486232e+308,1.79769313486232e+308,1.79769313486232e+308,1.79769313486232e+308,1.79769313486232e+308
146,"6/10/99",1,920441,1.79769313486232e+308,1.79769313486232e+308,1.79769313486232e+308,1.79769313486232e+308,1.79769313486232e+308,1.79769313486232e+308,1.79769313486232e+308
155,"6/10/99",1,920459,1,101,6,12,6,4,5
134,"6/10/99",1,920521,1.79769313486232e+308,1.79769313486232e+308,1.79769313486232e+308,1.79769313486232e+308,1.79769313486232e+308,1.79769313486232e+308,1.79769313486232e+308
147,"6/10/99",1,920541,1.79769313486232e+308,1.79769313486232e+308,1.79769313486232e+308,1.79769313486232e+308,1.79769313486232e+308,1.79769313486232e+308,1.79769313486232e+308
135,"6/10/99",1,920621,1.79769313486232e+308,1.79769313486232e+308,1.79769313486232e+308,1.79769313486232e+308,1.79769313486232e+308,1.79769313486232e+308,1.79769313486232e+308
136,"6/10/99",1,920721,1.79769313486232e+308,1.79769313486232e+308,1.79769313486232e+308,1.79769313486232e+308,1.79769313486232e+308,1.79769313486232e+308,1.79769313486232e+308
137,"6/10/99",1,920821,1.79769313486232e+308,1.79769313486232e+308,1.79769313486232e+308,1.79769313486232e+308,1.79769313486232e+308,1.79769313486232e+308,1.79769313486232e+308
138,"6/10/99",1,920921,5,101,10,5,6,2,6
139,"6/10/99",1,921021,1,101,8,8,6,25,6
140,"6/10/99",1,921121,1,101,2,10,4,1.79769313486232e+308,1.79769313486232e+308
141,"6/10/99",1,921221,1,101,3,4,6,11,6
142,"6/10/99",1,921221,2,101,1,6,5,6,5
110,"5/13/99",1,930121,1,101,10,20,8,30,10
124,"5/13/99",1,930141,1,101,5,10,8,1.79769313486232e+308,1.79769313486232e+308
125,"5/13/99",1,930141,6,101,5,20,10,1.79769313486232e+308,1.79769313486232e+308
131,"5/13/99",1,930151,1,101,10,25,10,26,9
111,"5/13/99",1,930221,1,101,8,28,8,20,8
126,"5/13/99",1,930241,1,101,5,5,10,1.79769313486232e+308,1.79769313486232e+308
132,"5/13/99",1,930251,3,101,11,15,10,1.79769313486232e+308,1.79769313486232e+308
133,"5/13/99",1,930251,4,101,11,15,10,1.79769313486232e+308,1.79769313486232e+308
112,"5/13/99",1,930321,1,101,10,15,10,1.79769313486232e+308,1.79769313486232e+308
127,"5/13/99",1,930341,1,101,2,3,8,1.79769313486232e+308,1.79769313486232e+308
128,"5/13/99",1,930342,1.79769313486232e+308,1.79769313486232e+308,1.79769313486232e+308,1.79769313486232e+308,1.79769313486232e+308,1.79769313486232e+308,1.79769313486232e+308
134,"5/13/99",1,930351,1.79769313486232e+308,1.79769313486232e+308,1.79769313486232e+308,1.79769313486232e+308,1.79769313486232e+308,1.79769313486232e+308,1.79769313486232e+308
135,"5/13/99",1,930352,1.79769313486232e+308,1.79769313486232e+308,1.79769313486232e+308,1.79769313486232e+308,1.79769313486232e+308,1.79769313486232e+308,1.79769313486232e+308
113,"5/13/99",1,930421,1,101,5,4,10,1.79769313486232e+308,1.79769313486232e+308
129,"5/13/99",1,930441,1.79769313486232e+308,1.79769313486232e+308,1.79769313486232e+308,1.79769313486232e+308,1.79769313486232e+308,1.79769313486232e+308,1.79769313486232e+308
136,"5/13/99",1,930459,1,101,10,25,10,30,10
114,"5/13/99",1,930521,1.79769313486232e+308,1.79769313486232e+308,1.79769313486232e+308,1.79769313486232e+308,1.79769313486232e+308,1.79769313486232e+308,1.79769313486232e+308
130,"5/13/99",1,930541,1.79769313486232e+308,1.79769313486232e+308,1.79769313486232e+308,1.79769313486232e+308,1.79769313486232e+308,1.79769313486232e+308,1.79769313486232e+308
115,"5/13/99",1,930621,1,101,3,4,8,1.79769313486232e+308,1.79769313486232e+308
116,"5/13/99",1,930721,1,101,10,15,8,10,8
117,"5/13/99",1,930821,1,101,10,10,8,15,8
118,"5/13/99",1,930921,1,101,12,26,10,28,10
119,"5/13/99",1,931021,1,101,10,10,4,10,5
120,"5/13/99",1,931022,1,101,8,15,4,20,4
121,"5/13/99",1,931121,1,101,6,15,8,5,8
122,"5/13/99",1,931221,1.79769313486232e+308,1.79769313486232e+308,1.79769313486232e+308,1.79769313486232e+308,1.79769313486232e+308,1.79769313486232e+308,1.79769313486232e+308
123,"5/13/99",1,931222,1.79769313486232e+308,1.79769313486232e+308,1.79769313486232e+308,1.79769313486232e+308,1.79769313486232e+308,1.79769313486232e+308,1.79769313486232e+308
79,"5/12/99",1,1010121,1,101,8,12,6,22,8
80,"5/16/99",1,1010121,2,104,12,30,2,30,2
99,"5/16/99",1,1010141,2,104,12,30,5,30,5
105,"5/16/99",1,1010151,4,101,6,20,6,26,8
106,"5/16/99",1,1010152,1.79769313486232e+308,1.79769313486232e+308,1.79769313486232e+308,1.79769313486232e+308,1.79769313486232e+308,1.79769313486232e+308,1.79769313486232e+308
106,"9/10/99",1,1010153,1,101,3,14,8,1.79769313486232e+308,1.79769313486232e+308
107,"9/10/99",1,1010153,2,104,12,30,2,30,2
81,"5/16/99",1,1010221,1,101,5,6,6,15,10
82,"5/16/99",1,1010221,2,104,12,30,3,30,3
101,"9/10/99",1,1010241,1,101,7,5,10,1.79769313486232e+308,1.79769313486232e+308
102,"9/10/99",1,1010241,2,104,12,30,3,30,3
107,"5/16/99",1,1010251,1,101,9,25,8,10,6
109,"5/16/99",1,1010251,2,104,12,30,4,30,4
108,"5/16/99",1,1010251,5,101,3,5,8,1.79769313486232e+308,1.79769313486232e+308
83,"5/16/99",1,1010321,1,101,3,6,8,1.79769313486232e+308,1.79769313486232e+308
84,"5/16/99",1,1010321,2,104,12,30,3,30,3
100,"5/16/99",1,1010341,1,101,2,4,6,1.79769313486232e+308,1.79769313486232e+308
101,"5/16/99",1,1010341,2,104,12,30,2,30,2
110,"5/16/99",1,1010351,1,101,4,15,10,5,5
111,"5/16/99",1,1010351,2,104,12,30,2,30,2
85,"5/16/99",1,1010421,1,104,12,30,3,30,3
86,"5/16/99",1,1010421,2,104,12,30,3,30,3
87,"5/16/99",1,1010422,2,104,12,30,4,30,4
102,"5/16/99",1,1010441,1,101,5,10,6,1.79769313486232e+308,1.79769313486232e+308
103,"5/16/99",1,1010441,5,101,5,12,10,1.79769313486232e+308,1.79769313486232e+308
112,"5/16/99",1,1010459,1,101,6,12,7,1.79769313486232e+308,1.79769313486232e+308
113,"5/16/99",1,1010459,2,104,12,30,2,30,2
104,"5/16/99",1,1010542,2,104,12,30,3,30,3
88,"5/16/99",1,1010621,2,104,12,30,4,30,4
89,"5/16/99",1,1010821,1,101,8,15,10,10,10
90,"5/16/99",1,1010821,2,104,12,30,1,30,1
91,"5/16/99",1,1010921,1,101,3,8,2,1.79769313486232e+308,1.79769313486232e+308
92,"5/16/99",1,1011021,1,101,3,15,8,1.79769313486232e+308,1.79769313486232e+308
96,"5/16/99",1,1011121,1,103,3,15,5,1.79769313486232e+308,1.79769313486232e+308
93,"5/16/99",1,1011121,1,101,5,12,7,1.79769313486232e+308,1.79769313486232e+308
94,"5/16/99",1,1011121,4,101,2,9,8,1.79769313486232e+308,1.79769313486232e+308
95,"5/16/99",1,1011121,8,104,12,30,5,30,5
98,"5/16/99",1,1011221,2,104,12,30,3,30,3
97,"5/16/99",1,1011221,2,101,4,15,5,20,5
88,"9/10/99",1,1020121,1,104,12,30,4,30,4
1.79769313486232e+308,"10/23/99",1,1020121,7,103,6,20,8,1.79769313486232e+308,1.79769313486232e+308
86,"9/10/99",1,1020121,7,101,7,9,8,6,10
1.79769313486232e+308,"10/23/99",1,1020121,8,103,6,20,8,1.79769313486232e+308,1.79769313486232e+308
87,"9/10/99",1,1020121,8,101,7,9,8,6,10
89,"9/10/99",1,1020121,14,104,12,30,3,30,3
149,"6/01/99",1,1020122,2,104,12,30,2,30,2
150,"6/06/99",1,1020123,2,104,12,30,3,30,3
176,"6/06/99",1,1020141,3,104,12,30,3,30,3
1.79769313486232e+308,"9/16/99",1,1020151,1,103,8,30,8,1.79769313486232e+308,1.79769313486232e+308
183,"6/06/99",1,1020151,1,101,4,6,6,1.79769313486232e+308,1.79769313486232e+308
184,"6/06/99",1,1020151,2,104,12,30,2,30,2
152,"6/06/99",1,1020221,1,103,8,30,3,1.79769313486232e+308,1.79769313486232e+308
151,"6/06/99",1,1020221,1,101,6,10,6,1.79769313486232e+308,1.79769313486232e+308
153,"6/06/99",1,1020221,2,104,12,30,3,30,3
154,"6/06/99",1,1020221,6,103,8,30,6,1.79769313486232e+308,1.79769313486232e+308
177,"6/06/99",1,1020241,2,104,12,30,3,30,3
185,"6/06/99",1,1020251,1,101,8,15,8,1.79769313486232e+308,1.79769313486232e+308
186,"6/06/99",1,1020251,2,104,12,30,2,30,2
155,"6/06/99",1,1020321,1,101,10,12,8,20,8
156,"6/06/99",1,1020321,2,104,12,30,4,30,4
178,"6/06/99",1,1020341,2,104,12,30,2,30,2
187,"6/06/99",1,1020351,1,101,8,17,10,1.79769313486232e+308,1.79769313486232e+308
190,"6/06/99",1,1020351,1,104,12,30,3,30,3
189,"6/06/99",1,1020351,2,104,12,30,3,30,3
188,"6/06/99",1,1020351,5,101,6,15,10,1.79769313486232e+308,1.79769313486232e+308
157,"6/06/99",1,1020421,1,101,7,20,6,1.79769313486232e+308,1.79769313486232e+308
158,"6/06/99",1,1020421,2,104,12,30,2,30,2
159,"6/06/99",1,1020421,3,104,12,30,2,30,2
160,"6/06/99",1,1020422,2,104,12,30,3,30,3
179,"6/06/99",1,1020441,1,101,6,8,6,4,6
180,"6/06/99",1,1020441,2,104,12,30,2,30,2
191,"6/06/99",1,1020459,1,101,8,15,8,20,8
193,"6/06/99",1,1020459,3,104,12,30,4,30,4
192,"6/06/99",1,1020459,4,101,3,5,8,5,8
161,"6/06/99",1,1020521,1,101,4,10,10,1.79769313486232e+308,1.79769313486232e+308
163,"6/06/99",1,1020521,2,104,12,30,4,30,4
162,"6/06/99",1,1020521,3,101,4,5,10,1.79769313486232e+308,1.79769313486232e+308
181,"6/06/99",1,1020541,1,101,6,20,8,18,8
182,"6/06/99",1,1020541,2,104,12,30,2,30,2
164,"6/06/99",1,1020621,1,101,6,14,10,1.79769313486232e+308,1.79769313486232e+308
165,"6/06/99",1,1020621,2,104,12,30,4,30,4
166,"6/06/99",1,1020622,2,104,12,30,3,30,3
167,"6/06/99",1,1020721,1,101,8,15,8,20,8
168,"6/06/99",1,1020721,2,104,12,30,4,30,4
169,"6/06/99",1,1020821,1,101,8,9,8,5,8
170,"6/06/99",1,1020821,2,104,12,30,2,30,2
1.79769313486232e+308,"9/16/99",1,1020921,1,103,4,25,6,1.79769313486232e+308,1.79769313486232e+308
171,"6/06/99",1,1020921,2,104,12,30,2,30,2
1.79769313486232e+308,"9/16/99",1,1021021,1,103,7,24,8,1.79769313486232e+308,1.79769313486232e+308
172,"6/06/99",1,1021021,2,104,12,30,3,30,3
174,"6/06/99",1,1021121,2,104,12,30,5,30,5
175,"6/06/99",1,1021221,2,104,12,30,2,30,2
136,"8/11/99",1,1030121,2,104,12,30,3,30,3
135,"8/11/99",1,1030121,3,101,3,15,8,10,8
159,"8/11/99",1,1030141,2,104,12,30,3,30,3
165,"8/11/99",1,1030151,1,104,12,30,3,30,3
137,"8/11/99",1,1030221,2,104,12,30,3,30,3
138,"8/11/99",1,1030222,2,104,12,30,3,30,3
160,"8/11/99",1,1030241,2,104,12,30,4,30,4
166,"8/11/99",1,1030251,1,101,4,5,5,1.79769313486232e+308,1.79769313486232e+308
139,"8/11/99",1,1030321,2,104,12,30,3,30,3
161,"8/11/99",1,1030341,2,104,12,30,1,30,2
162,"8/11/99",1,1030342,2,104,12,30,2,30,2
167,"8/11/99",1,1030351,1,101,6,15,6,10,6
168,"8/11/99",1,1030351,2,104,12,3,3,30,3
169,"8/11/99",1,1030352,2,104,12,30,1,30,1
141,"8/11/99",1,1030421,2,104,12,30,2,30,2
142,"8/11/99",1,1030421,3,104,12,30,4,30,4
140,"8/11/99",1,1030421,3,101,6,18,8,1.79769313486232e+308,1.79769313486232e+308
163,"8/11/99",1,1030441,1,104,12,30,4,30,4
170,"8/11/99",1,1030459,1,101,6,15,6,1.79769313486232e+308,1.79769313486232e+308
172,"8/11/99",1,1030459,2,104,12,30,2,30,2
173,"8/11/99",1,1030459,4,104,12,30,3,30,3
171,"8/11/99",1,1030459,4,101,7,18,8,1.79769313486232e+308,1.79769313486232e+308
143,"8/11/99",1,1030521,1,101,8,15,8,5,8
145,"8/11/99",1,1030521,2,104,12,30,2,30,2
144,"8/11/99",1,1030521,3,101,6,10,8,3,8
164,"8/11/99",1,1030541,2,104,12,30,2,30,2
146,"8/11/99",1,1030621,1,101,8,24,10,1.79769313486232e+308,1.79769313486232e+308
147,"8/11/99",1,1030621,2,104,12,30,2,30,2
148,"8/11/99",1,1030721,1,101,5,15,10,1.79769313486232e+308,1.79769313486232e+308
149,"8/11/99",1,1030721,2,104,12,30,4,30,4
150,"8/11/99",1,1030821,1,101,6,12,8,1.79769313486232e+308,1.79769313486232e+308
152,"8/11/99",1,1030821,2,104,12,30,2,30,2
151,"8/11/99",1,1030821,5,101,6,5,3,1.79769313486232e+308,1.79769313486232e+308
153,"8/11/99",1,1030921,2,104,12,30,2,30,2
154,"8/11/99",1,1031021,2,104,12,30,4,30,4
155,"8/11/99",1,1031121,1,101,6,18,8,1.79769313486232e+308,1.79769313486232e+308
156,"8/11/99",1,1031121,2,104,12,30,4,30,4
157,"8/11/99",1,1031221,1,101,6,16,10,1.79769313486232e+308,1.79769313486232e+308
158,"8/11/99",1,1031221,2,104,12,30,5,30,5
1,"5/10/99",1,1110121,1.79769313486232e+308,1.79769313486232e+308,1.79769313486232e+308,1.79769313486232e+308,1.79769313486232e+308,1.79769313486232e+308,1.79769313486232e+308
30,"5/12/99",1,1110141,1.79769313486232e+308,1.79769313486232e+308,1.79769313486232e+308,1.79769313486232e+308,1.79769313486232e+308,1.79769313486232e+308,1.79769313486232e+308
40,"5/12/99",1,1110151,1,103,9,15,8,15,8
36,"5/12/99",1,1110151,1,101,9,10,8,20,4
43,"5/12/99",1,1110151,1,103,12,15,4,15,4
41,"5/12/99",1,1110151,6,103,12,5,8,5,8
37,"5/12/99",1,1110151,6,101,9,20,8,20,8
42,"5/12/99",1,1110151,7,103,12,5,8,5,8
38,"5/12/99",1,1110151,7,101,9,15,8,25,8
39,"5/12/99",1,1110151,9,104,12,30,5,30,5
44,"5/12/99",1,1110152,1,101,12,13,8,8,8
46,"5/12/99",1,1110152,1,103,12,6,4,10,4
45,"5/12/99",1,1110152,2,101,12,5,6,5,6
2,"5/12/99",1,1110221,1,101,5,10,3,1.79769313486232e+308,1.79769313486232e+308
4,"5/12/99",1,1110221,2,101,3,5,4,10,4
3,"5/12/99",1,1110221,4,101,5,20,4,10,4
31,"5/12/99",1,1110241,1.79769313486232e+308,1.79769313486232e+308,1.79769313486232e+308,1.79769313486232e+308,1.79769313486232e+308,1.79769313486232e+308,1.79769313486232e+308
47,"5/12/99",1,1110251,1.79769313486232e+308,1.79769313486232e+308,1.79769313486232e+308,1.79769313486232e+308,1.79769313486232e+308,1.79769313486232e+308,1.79769313486232e+308
5,"5/12/99",1,1110321,1.79769313486232e+308,1.79769313486232e+308,1.79769313486232e+308,1.79769313486232e+308,1.79769313486232e+308,1.79769313486232e+308,1.79769313486232e+308
32,"5/12/99",1,1110341,1,101,12,20,8,7,8
33,"5/12/99",1,1110341,3,101,12,7,2,7,2
48,"5/12/99",1,1110351,1.79769313486232e+308,1.79769313486232e+308,1.79769313486232e+308,1.79769313486232e+308,1.79769313486232e+308,1.79769313486232e+308,1.79769313486232e+308
6,"5/12/99",1,1110421,1,101,3,25,8,1.79769313486232e+308,1.79769313486232e+308
8,"5/12/99",1,1110421,2,104,12,30,2,30,2
7,"5/12/99",1,1110421,3,101,3,25,8,1.79769313486232e+308,1.79769313486232e+308
9,"5/12/99",1,1110421,5,104,12,30,2,30,2
34,"5/12/99",1,1110441,1.79769313486232e+308,1.79769313486232e+308,1.79769313486232e+308,1.79769313486232e+308,1.79769313486232e+308,1.79769313486232e+308,1.79769313486232e+308
49,"5/12/99",1,1110459,1.79769313486232e+308,1.79769313486232e+308,1.79769313486232e+308,1.79769313486232e+308,1.79769313486232e+308,1.79769313486232e+308,1.79769313486232e+308
10,"5/12/99",1,1110521,1,101,12,5,5,5,5
11,"5/12/99",1,1110521,2,101,12,7,2,7,2
35,"5/12/99",1,1110541,1.79769313486232e+308,1.79769313486232e+308,1.79769313486232e+308,1.79769313486232e+308,1.79769313486232e+308,1.79769313486232e+308,1.79769313486232e+308
12,"5/12/99",1,1110621,1,101,3,5,8,1.79769313486232e+308,1.79769313486232e+308
14,"5/12/99",1,1110621,2,104,12,30,2,30,3
13,"5/12/99",1,1110621,3,101,4,20,6,1.79769313486232e+308,1.79769313486232e+308
15,"5/12/99",1,1110621,7,104,12,30,1,30,1
16,"5/12/99",1,1110721,1,101,12,5,8,5,8
17,"5/12/99",1,1110821,1,101,7,20,6,1.79769313486232e+308,1.79769313486232e+308
19,"5/12/99",1,1110821,2,104,12,30,2,30,2
18,"5/12/99",1,1110821,3,101,4,4,5,1.79769313486232e+308,1.79769313486232e+308
20,"5/12/99",1,1110821,5,104,12,30,1,30,1
21,"5/12/99",1,1110921,1.79769313486232e+308,1.79769313486232e+308,1.79769313486232e+308,1.79769313486232e+308,1.79769313486232e+308,1.79769313486232e+308,1.79769313486232e+308
22,"5/12/99",1,1111021,1.79769313486232e+308,1.79769313486232e+308,1.79769313486232e+308,1.79769313486232e+308,1.79769313486232e+308,1.79769313486232e+308,1.79769313486232e+308
23,"5/12/99",1,1111022,1.79769313486232e+308,1.79769313486232e+308,1.79769313486232e+308,1.79769313486232e+308,1.79769313486232e+308,1.79769313486232e+308,1.79769313486232e+308
24,"5/12/99",1,1111121,1.79769313486232e+308,1.79769313486232e+308,1.79769313486232e+308,1.79769313486232e+308,1.79769313486232e+308,1.79769313486232e+308,1.79769313486232e+308
25,"5/12/99",1,1111221,1,101,4,20,4,20,4
28,"5/12/99",1,1111221,1,104,12,30,2,30,2
26,"5/12/99",1,1111221,4,101,4,10,4,10,4
27,"5/12/99",1,1111221,5,101,4,10,4,10,4
29,"5/12/99",1,1111222,1,103,5,2,4,1.79769313486232e+308,1.79769313486232e+308
106,"7/23/99",1,1120121,1,101,3,5,8,1.79769313486232e+308,1.79769313486232e+308
130,"7/23/99",1,1120141,1.79769313486232e+308,1.79769313486232e+308,1.79769313486232e+308,1.79769313486232e+308,1.79769313486232e+308,1.79769313486232e+308,1.79769313486232e+308
131,"7/23/99",1,1120142,1.79769313486232e+308,1.79769313486232e+308,1.79769313486232e+308,1.79769313486232e+308,1.79769313486232e+308,1.79769313486232e+308,1.79769313486232e+308
136,"7/23/99",1,1120151,1,101,12,28,4,28,4
137,"7/23/99",1,1120151,2,101,12,4,2,1.79769313486232e+308,1.79769313486232e+308
107,"7/23/99",1,1120221,1,101,9,18,4,1.79769313486232e+308,1.79769313486232e+308
108,"7/23/99",1,1120221,4,101,9,18,4,1.79769313486232e+308,1.79769313486232e+308
132,"7/23/99",1,1120241,1.79769313486232e+308,1.79769313486232e+308,1.79769313486232e+308,1.79769313486232e+308,1.79769313486232e+308,1.79769313486232e+308,1.79769313486232e+308
138,"7/23/99",1,1120251,1,101,2,12,4,1.79769313486232e+308,1.79769313486232e+308
109,"7/23/99",1,1120321,1.79769313486232e+308,1.79769313486232e+308,1.79769313486232e+308,1.79769313486232e+308,1.79769313486232e+308,1.79769313486232e+308,1.79769313486232e+308
133,"7/23/99",1,1120341,1.79769313486232e+308,1.79769313486232e+308,1.79769313486232e+308,1.79769313486232e+308,1.79769313486232e+308,1.79769313486232e+308,1.79769313486232e+308
139,"7/23/99",1,1120351,1,101,3,30,2,1.79769313486232e+308,1.79769313486232e+308
110,"7/23/99",1,1120421,1,101,9,26,4,26,4
111,"7/23/99",1,1120421,2,101,4,5,2,1.79769313486232e+308,1.79769313486232e+308
134,"7/23/99",1,1120441,1.79769313486232e+308,1.79769313486232e+308,1.79769313486232e+308,1.79769313486232e+308,1.79769313486232e+308,1.79769313486232e+308,1.79769313486232e+308
140,"7/23/99",1,1120459,1,101,12,10,4,10,4
141,"7/23/99",1,1120459,3,101,10,10,4,10,4
112,"7/23/99",1,1120521,1,101,9,13,8,13,8
113,"7/23/99",1,1120521,4,101,8,6,8,6,8
114,"7/23/99",1,1120521,7,101,8,6,8,6,8
115,"7/23/99",1,1120522,1.79769313486232e+308,1.79769313486232e+308,1.79769313486232e+308,1.79769313486232e+308,1.79769313486232e+308,1.79769313486232e+308,1.79769313486232e+308
135,"7/23/99",1,1120541,1,101,3,8,4,1.79769313486232e+308,1.79769313486232e+308
116,"7/23/99",1,1120621,1,101,12,20,5,20,5
117,"7/23/99",1,1120621,5,101,6,10,4,10,4
118,"7/23/99",1,1120622,1.79769313486232e+308,1.79769313486232e+308,1.79769313486232e+308,1.79769313486232e+308,1.79769313486232e+308,1.79769313486232e+308,1.79769313486232e+308
119,"7/23/99",1,1120721,1.79769313486232e+308,1.79769313486232e+308,1.79769313486232e+308,1.79769313486232e+308,1.79769313486232e+308,1.79769313486232e+308,1.79769313486232e+308
120,"7/23/99",1,1120821,1,101,8,10,4,1.79769313486232e+308,1.79769313486232e+308
121,"7/23/99",1,1120821,4,101,4,10,4,1.79769313486232e+308,1.79769313486232e+308
122,"7/23/99",1,1120821,5,101,2,10,4,1.79769313486232e+308,1.79769313486232e+308
123,"7/23/99",1,1120921,1,101,4,14,6,11,6
124,"7/23/99",1,1120921,7,104,12,30,3,30,3
125,"7/23/99",1,1121021,1.79769313486232e+308,1.79769313486232e+308,1.79769313486232e+308,1.79769313486232e+308,1.79769313486232e+308,1.79769313486232e+308,1.79769313486232e+308
126,"7/23/99",1,1121121,1,102,6,20,4,1.79769313486232e+308,1.79769313486232e+308
127,"7/23/99",1,1121122,1,101,6,5,8,5,8
128,"7/23/99",1,1121221,1,101,5,4,8,1.79769313486232e+308,1.79769313486232e+308
129,"7/23/99",1,1121221,4,101,5,2,8,1.79769313486232e+308,1.79769313486232e+308
1,"7/07/99",1,1130121,1,101,3,20,8,1.79769313486232e+308,1.79769313486232e+308
2,"7/07/99",1,1130121,3,101,3,5,8,1.79769313486232e+308,1.79769313486232e+308
18,"7/07/99",1,1130141,1.79769313486232e+308,1.79769313486232e+308,1.79769313486232e+308,1.79769313486232e+308,1.79769313486232e+308,1.79769313486232e+308,1.79769313486232e+308
25,"7/07/99",1,1130151,1.79769313486232e+308,1.79769313486232e+308,1.79769313486232e+308,1.79769313486232e+308,1.79769313486232e+308,1.79769313486232e+308,1.79769313486232e+308
26,"7/07/99",1,1130152,1.79769313486232e+308,1.79769313486232e+308,1.79769313486232e+308,1.79769313486232e+308,1.79769313486232e+308,1.79769313486232e+308,1.79769313486232e+308
27,"7/07/99",1,1130153,1.79769313486232e+308,1.79769313486232e+308,1.79769313486232e+308,1.79769313486232e+308,1.79769313486232e+308,1.79769313486232e+308,1.79769313486232e+308
3,"7/07/99",1,1130221,1,101,3,15,4,15,4
4,"7/07/99",1,1130221,2,101,1,6,6,6,6
28,"7/07/99",1,1130251,4,101,11,18,6,15,6
29,"7/07/99",1,1130251,4,103,11,8,10,8,4
30,"7/07/99",1,1130252,1,101,10,10,8,10,8
5,"7/07/99",1,1130321,1,101,4,20,8,1.79769313486232e+308,1.79769313486232e+308
19,"7/07/99",1,1130341,1,101,6,16,6,14,6
20,"7/07/99",1,1130341,3,101,3,8,4,7,4
31,"7/07/99",1,1130351,1,101,4,10,1,4,1
32,"7/07/99",1,1130351,2,101,2,4,2,1.79769313486232e+308,1.79769313486232e+308
33,"7/07/99",1,1130351,4,101,2,10,2,1.79769313486232e+308,1.79769313486232e+308
6,"7/07/99",1,1130421,1,101,9,20,8,20,8
7,"7/07/99",1,1130422,1,101,3,20,6,20,6
22,"7/07/99",1,1130441,1.79769313486232e+308,1.79769313486232e+308,1.79769313486232e+308,1.79769313486232e+308,1.79769313486232e+308,1.79769313486232e+308,1.79769313486232e+308
34,"7/07/99",1,1130459,1,101,6,12,6,12,6
35,"7/07/99",1,1130459,5,101,6,7,6,7,6
36,"7/07/99",1,1130459,8,101,6,8,6,8,6
8,"7/07/99",1,1130521,1,101,11,9,8,1.79769313486232e+308,1.79769313486232e+308
23,"7/07/99",1,1130541,1,101,4,10,8,1.79769313486232e+308,1.79769313486232e+308
24,"7/07/99",1,1130541,4,101,4,10,6,1.79769313486232e+308,1.79769313486232e+308
9,"7/07/99",1,1130621,1,101,2,10,6,1.79769313486232e+308,1.79769313486232e+308
10,"7/07/99",1,1130621,3,101,2,10,6,1.79769313486232e+308,1.79769313486232e+308
11,"7/07/99",1,1130721,1,101,9,10,8,1.79769313486232e+308,1.79769313486232e+308
12,"7/07/99",1,1130821,1,101,10,5,8,8,8
13,"7/07/99",1,1130921,1,101,10,15,8,15,8
1.79769313486232e+308,".",1.79769313486232e+308,1130921,1,103,12,12,10,12,10
14,"7/07/99",1,1131021,1,103,2,20,8,1.79769313486232e+308,1.79769313486232e+308
15,"7/07/99",1,1131121,3,101,2,20,8,1.79769313486232e+308,1.79769313486232e+308
16,"7/07/99",1,1131121,5,101,2,4,8,1.79769313486232e+308,1.79769313486232e+308
17,"7/07/99",1,1131221,1,101,4,15,8,1.79769313486232e+308,1.79769313486232e+308
1,"5/10/99",1,1210121,1,101,7,25,6,30,6
2,"5/11/99",1,1210121,2,104,12,30,4,30,1.79769313486232e+308
35,"5/11/99",1,1210141,7,104,12,30,6,30,6
37,"5/11/99",1,1210142,1.79769313486232e+308,1.79769313486232e+308,1.79769313486232e+308,1.79769313486232e+308,1.79769313486232e+308,1.79769313486232e+308,1.79769313486232e+308
114,"9/10/99",1,1210151,3,101,3,15,8,1.79769313486232e+308,1.79769313486232e+308
115,"9/10/99",1,1210151,5,101,3,15,8,1.79769313486232e+308,1.79769313486232e+308
38,"5/11/99",1,1210241,1.79769313486232e+308,1.79769313486232e+308,1.79769313486232e+308,1.79769313486232e+308,1.79769313486232e+308,1.79769313486232e+308,1.79769313486232e+308
39,"5/11/99",1,1210242,1.79769313486232e+308,1.79769313486232e+308,1.79769313486232e+308,1.79769313486232e+308,1.79769313486232e+308,1.79769313486232e+308,1.79769313486232e+308
40,"5/11/99",1,1210243,1.79769313486232e+308,1.79769313486232e+308,1.79769313486232e+308,1.79769313486232e+308,1.79769313486232e+308,1.79769313486232e+308,1.79769313486232e+308
45,"5/11/99",1,1210251,6,101,9,20,5,1.79769313486232e+308,1.79769313486232e+308
46,"5/11/99",1,1210251,6,104,9,25,2,1.79769313486232e+308,1.79769313486232e+308
48,"5/11/99",1,1210251,7,101,10,20,4,28,5
47,"5/11/99",1,1210251,7,104,10,28,2,30,4
49,"5/11/99",1,1210252,1,101,8,25,4,30,8
50,"5/11/99",1,1210253,1,101,7,10,8,7,8
3,"5/11/99",1,1210321,1,101,8,15,7,30,8
4,"5/11/99",1,1210321,1,104,12,28,3,30,3
5,"5/11/99",1,1210321,1,103,3,25,8,1.79769313486232e+308,1.79769313486232e+308
41,"5/11/99",1,1210341,5,103,3,20,4,1.79769313486232e+308,1.79769313486232e+308
42,"5/11/99",1,1210342,1.79769313486232e+308,1.79769313486232e+308,1.79769313486232e+308,1.79769313486232e+308,1.79769313486232e+308,1.79769313486232e+308,1.79769313486232e+308
51,"5/11/99",1,1210351,1,101,7,5,5,15,5
53,"5/11/99",1,1210351,4,104,5,25,3,1.79769313486232e+308,1.79769313486232e+308
52,"5/11/99",1,1210351,4,101,7,5,5,10,5
7,"5/11/99",1,1210421,1,103,4,28,12,1.79769313486232e+308,1.79769313486232e+308
6,"5/11/99",1,1210421,1,101,8,10,8,25,6
43,"5/11/99",1,1210441,1.79769313486232e+308,1.79769313486232e+308,1.79769313486232e+308,1.79769313486232e+308,1.79769313486232e+308,1.79769313486232e+308,1.79769313486232e+308
120,"9/10/99",1,1210459,1,101,9,20,8,30,6
9,"5/11/99",1,1210521,1,104,8,30,4,1.79769313486232e+308,1.79769313486232e+308
8,"5/11/99",1,1210521,1,101,6,25,6,25,6
10,"5/11/99",1,1210521,2,104,8,30,1,1.79769313486232e+308,1.79769313486232e+308
11,"5/11/99",1,1210521,7,104,8,30,1,1.79769313486232e+308,1.79769313486232e+308
12,"5/11/99",1,1210521,8,104,8,30,1,1.79769313486232e+308,1.79769313486232e+308
13,"5/11/99",1,1210522,1,101,9,25,7,30,10
15,"5/11/99",1,1210522,2,104,12,28,3,30,3
14,"5/11/99",1,1210522,2,101,9,25,6,30,8
44,"5/11/99",1,1210541,1,101,2,12,8,1.79769313486232e+308,1.79769313486232e+308
17,"5/11/99",1,1210621,1,103,4,25,9,1.79769313486232e+308,1.79769313486232e+308
16,"5/11/99",1,1210621,1,101,8,25,10,30,11
19,"5/11/99",1,1210621,3,104,12,28,4,30,4
18,"5/11/99",1,1210621,3,101,8,25,8,30,8
21,"5/11/99",1,1210721,1,103,4,28,8,1.79769313486232e+308,1.79769313486232e+308
20,"5/11/99",1,1210721,1,101,5,20,10,30,5
22,"5/11/99",1,1210721,6,101,5,20,10,30,5
23,"5/11/99",1,1210721,6,103,4,28,8,1.79769313486232e+308,1.79769313486232e+308
24,"5/11/99",1,1210821,1,101,9,25,5,25,6
25,"5/11/99",1,1210821,6,101,9,25,4,30,5
26,"5/11/99",1,1210821,6,104,12,28,3,30,3
29,"5/11/99",1,1210921,1,103,4,25,10,1.79769313486232e+308,1.79769313486232e+308
27,"5/11/99",1,1210921,1,101,6,20,8,20,8
28,"5/11/99",1,1210921,4,101,6,15,9,15,8
30,"5/11/99",1,1210921,4,103,4,25,10,1.79769313486232e+308,1.79769313486232e+308
31,"5/11/99",1,1211021,1.79769313486232e+308,1.79769313486232e+308,1.79769313486232e+308,1.79769313486232e+308,1.79769313486232e+308,1.79769313486232e+308,1.79769313486232e+308
32,"5/11/99",1,1211121,2,101,6,20,4,25,4
33,"5/11/99",1,1211122,1.79769313486232e+308,1.79769313486232e+308,1.79769313486232e+308,1.79769313486232e+308,1.79769313486232e+308,1.79769313486232e+308,1.79769313486232e+308
305,"6/19/99",1,1220141,1.79769313486232e+308,1.79769313486232e+308,1.79769313486232e+308,1.79769313486232e+308,1.79769313486232e+308,1.79769313486232e+308,1.79769313486232e+308
314,"6/19/99",1,1220151,3,101,7,7,8,5,6
315,"6/19/99",1,1220151,7,104,12,28,3,28,3
316,"6/19/99",1,1220152,1.79769313486232e+308,1.79769313486232e+308,1.79769313486232e+308,1.79769313486232e+308,1.79769313486232e+308,1.79769313486232e+308,1.79769313486232e+308
293,"6/19/99",1,1220221,1.79769313486232e+308,1.79769313486232e+308,1.79769313486232e+308,1.79769313486232e+308,1.79769313486232e+308,1.79769313486232e+308,1.79769313486232e+308
306,"6/19/99",1,1220241,1.79769313486232e+308,1.79769313486232e+308,1.79769313486232e+308,1.79769313486232e+308,1.79769313486232e+308,1.79769313486232e+308,1.79769313486232e+308
317,"6/19/99",1,1220251,2,104,12,30,1,30,1
318,"6/19/99",1,1220252,1.79769313486232e+308,1.79769313486232e+308,1.79769313486232e+308,1.79769313486232e+308,1.79769313486232e+308,1.79769313486232e+308,1.79769313486232e+308
294,"6/19/99",1,1220321,1.79769313486232e+308,1.79769313486232e+308,1.79769313486232e+308,1.79769313486232e+308,1.79769313486232e+308,1.79769313486232e+308,1.79769313486232e+308
307,"6/19/99",1,1220341,1,101,10,15,5,25,8
308,"6/19/99",1,1220341,7,101,10,25,5,25,10
309,"6/19/99",1,1220341,9,101,10,15,5,25,10
310,"6/19/99",1,1220342,1.79769313486232e+308,1.79769313486232e+308,1.79769313486232e+308,1.79769313486232e+308,1.79769313486232e+308,1.79769313486232e+308,1.79769313486232e+308
319,"6/19/99",1,1220351,1.79769313486232e+308,1.79769313486232e+308,1.79769313486232e+308,1.79769313486232e+308,1.79769313486232e+308,1.79769313486232e+308,1.79769313486232e+308
295,"6/19/99",1,1220421,1.79769313486232e+308,1.79769313486232e+308,1.79769313486232e+308,1.79769313486232e+308,1.79769313486232e+308,1.79769313486232e+308,1.79769313486232e+308
311,"6/19/99",1,1220441,1,101,6,6,10,5,6
321,"6/19/99",1,1220459,1,104,12,25,3,8,3
320,"6/19/99",1,1220459,1,101,9,15,7,8,6
296,"6/19/99",1,1220521,1,101,10,20,4,25,6
312,"6/19/99",1,1220541,1,101,6,5,8,8,6
313,"6/19/99",1,1220541,3,101,6,5,8,8,6
297,"6/19/99",1,1220621,3,101,5,12,8,1.79769313486232e+308,1.79769313486232e+308
298,"6/19/99",1,1220621,6,104,12,28,5,28,5
299,"6/19/99",1,1220721,1.79769313486232e+308,1.79769313486232e+308,1.79769313486232e+308,1.79769313486232e+308,1.79769313486232e+308,1.79769313486232e+308,1.79769313486232e+308
300,"6/19/99",1,1220722,1.79769313486232e+308,1.79769313486232e+308,1.79769313486232e+308,1.79769313486232e+308,1.79769313486232e+308,1.79769313486232e+308,1.79769313486232e+308
301,"6/19/99",1,1220821,5,104,8,28,3,30,3
302,"6/19/99",1,1220921,1.79769313486232e+308,1.79769313486232e+308,1.79769313486232e+308,1.79769313486232e+308,1.79769313486232e+308,1.79769313486232e+308,1.79769313486232e+308
303,"6/19/99",1,1221021,4,101,6,7,6,1.79769313486232e+308,1.79769313486232e+308
304,"6/19/99",1,1221221,1,103,5,25,10,1.79769313486232e+308,1.79769313486232e+308
452,"7/03/99",1,1230121,1.79769313486232e+308,1.79769313486232e+308,1.79769313486232e+308,1.79769313486232e+308,1.79769313486232e+308,1.79769313486232e+308,1.79769313486232e+308
453,"7/03/99",1,1230122,1.79769313486232e+308,1.79769313486232e+308,1.79769313486232e+308,1.79769313486232e+308,1.79769313486232e+308,1.79769313486232e+308,1.79769313486232e+308
465,"7/03/99",1,1230141,1.79769313486232e+308,1.79769313486232e+308,1.79769313486232e+308,1.79769313486232e+308,1.79769313486232e+308,1.79769313486232e+308,1.79769313486232e+308
472,"7/03/99",1,1230151,1,101,9,10,6,25,9
473,"7/03/99",1,1230151,2,101,9,10,6,15,5
474,"7/03/99",1,1230151,6,101,9,9,6,25,8
454,"7/03/99",1,1230221,1.79769313486232e+308,1.79769313486232e+308,1.79769313486232e+308,1.79769313486232e+308,1.79769313486232e+308,1.79769313486232e+308,1.79769313486232e+308
466,"7/03/99",1,1230241,9,101,9,12,6,28,10
467,"7/03/99",1,1230241,10,101,6,12,6,10,10
468,"7/03/99",1,1230241,13,101,6,12,6,1.79769313486232e+308,1.79769313486232e+308
469,"7/03/99",1,1230241,14,104,6,30,3,1.79769313486232e+308,1.79769313486232e+308
475,"7/03/99",1,1230251,1,101,9,15,6,20,8
476,"7/03/99",1,1230251,1,104,12,15,3,5,3
477,"7/03/99",1,1230251,6,104,12,28,3,28,3
455,"7/03/99",1,1230321,1,101,4,8,4,1.79769313486232e+308,1.79769313486232e+308
456,"7/03/99",1,1230322,1.79769313486232e+308,1.79769313486232e+308,1.79769313486232e+308,1.79769313486232e+308,1.79769313486232e+308,1.79769313486232e+308,1.79769313486232e+308
470,"7/03/99",1,1230341,1.79769313486232e+308,1.79769313486232e+308,1.79769313486232e+308,1.79769313486232e+308,1.79769313486232e+308,1.79769313486232e+308,1.79769313486232e+308
478,"7/03/99",1,1230351,6,101,9,6,7,10,9
479,"7/03/99",1,1230352,1,101,8,10,7,8,10
457,"7/03/99",1,1230421,1.79769313486232e+308,1.79769313486232e+308,1.79769313486232e+308,1.79769313486232e+308,1.79769313486232e+308,1.79769313486232e+308,1.79769313486232e+308
471,"7/03/99",1,1230441,1.79769313486232e+308,1.79769313486232e+308,1.79769313486232e+308,1.79769313486232e+308,1.79769313486232e+308,1.79769313486232e+308,1.79769313486232e+308
480,"7/03/99",1,1230459,5,101,10,20,6,28,7
458,"7/03/99",1,1230521,1.79769313486232e+308,1.79769313486232e+308,1.79769313486232e+308,1.79769313486232e+308,1.79769313486232e+308,1.79769313486232e+308,1.79769313486232e+308
459,"7/03/99",1,1230621,1,104,12,10,3,20,3
460,"7/03/99",1,1230621,3,104,12,20,3,10,4
461,"7/03/99",1,1230721,1.79769313486232e+308,1.79769313486232e+308,1.79769313486232e+308,1.79769313486232e+308,1.79769313486232e+308,1.79769313486232e+308,1.79769313486232e+308
462,"7/03/99",1,1231021,1,101,9,6,6,15,8
463,"7/03/99",1,1231121,1.79769313486232e+308,1.79769313486232e+308,1.79769313486232e+308,1.79769313486232e+308,1.79769313486232e+308,1.79769313486232e+308,1.79769313486232e+308
464,"7/03/99",1,1231222,1.79769313486232e+308,1.79769313486232e+308,1.79769313486232e+308,1.79769313486232e+308,1.79769313486232e+308,1.79769313486232e+308,1.79769313486232e+308
412,"6/30/99",1,1310141,1.79769313486232e+308,1.79769313486232e+308,1.79769313486232e+308,1.79769313486232e+308,1.79769313486232e+308,1.79769313486232e+308,1.79769313486232e+308
417,"6/30/99",1,1310151,1,101,12,12,4,10,3
397,"6/30/99",1,1310221,1.79769313486232e+308,1.79769313486232e+308,1.79769313486232e+308,1.79769313486232e+308,1.79769313486232e+308,1.79769313486232e+308,1.79769313486232e+308
413,"6/30/99",1,1310241,1,101,12,6,3,4,10
418,"6/30/99",1,1310251,1,101,12,25,6,27,8
419,"6/30/99",1,1310251,3,101,12,15,4,10,4
420,"6/30/99",1,1310251,4,101,4,15,4,10,4
421,"6/30/99",1,1310251,5,101,12,15,4,10,4
398,"6/30/99",1,1310321,1.79769313486232e+308,1.79769313486232e+308,1.79769313486232e+308,1.79769313486232e+308,1.79769313486232e+308,1.79769313486232e+308,1.79769313486232e+308
415,"6/30/99",1,1310341,1,103,12,10,5,10,5
422,"6/30/99",1,1310351,1,101,12,28,4,25,4
423,"6/30/99",1,1310351,6,101,12,15,2,20,1
424,"6/30/99",1,1310352,1,101,12,17,4,10,5
425,"6/30/99",1,1310353,1.79769313486232e+308,1.79769313486232e+308,1.79769313486232e+308,1.79769313486232e+308,1.79769313486232e+308,1.79769313486232e+308,1.79769313486232e+308
399,"6/30/99",1,1310421,1,101,12,10,2,5,2
400,"6/30/99",1,1310421,4,101,12,10,2,5,2
401,"6/30/99",1,1310421,5,101,12,20,8,20,8
426,"6/30/99",1,1310459,1.79769313486232e+308,1.79769313486232e+308,1.79769313486232e+308,1.79769313486232e+308,1.79769313486232e+308,1.79769313486232e+308,1.79769313486232e+308
402,"6/30/99",1,1310521,1,101,12,10,3,8,10
416,"6/30/99",1,1310541,1,101,12,17,8,20,8
403,"6/30/99",1,1310821,1,101,12,4,2,1.79769313486232e+308,1.79769313486232e+308
404,"6/30/99",1,1310921,1,101,12,7,3,20,4
405,"6/30/99",1,1311021,1.79769313486232e+308,1.79769313486232e+308,1.79769313486232e+308,1.79769313486232e+308,1.79769313486232e+308,1.79769313486232e+308,1.79769313486232e+308
406,"6/30/99",1,1311121,1,101,12,8,3,10,3
407,"6/30/99",1,1311121,3,101,2,5,8,1.79769313486232e+308,1.79769313486232e+308
408,"6/30/99",1,1311121,4,101,12,5,3,10,3
409,"6/30/99",1,1311121,4,103,12,8,3,8,3
410,"6/30/99",1,1311221,1,101,8,15,4,15,3
411,"6/30/99",1,1311221,3,101,12,15,3,10,2
122,"7/15/99",1,1320121,1.79769313486232e+308,1.79769313486232e+308,1.79769313486232e+308,1.79769313486232e+308,1.79769313486232e+308,1.79769313486232e+308,1.79769313486232e+308
137,"7/21/99",1,1320141,1.79769313486232e+308,1.79769313486232e+308,1.79769313486232e+308,1.79769313486232e+308,1.79769313486232e+308,1.79769313486232e+308,1.79769313486232e+308
138,"7/21/99",1,1320142,1.79769313486232e+308,1.79769313486232e+308,1.79769313486232e+308,1.79769313486232e+308,1.79769313486232e+308,1.79769313486232e+308,1.79769313486232e+308
144,"7/21/99",1,1320151,1.79769313486232e+308,1.79769313486232e+308,1.79769313486232e+308,1.79769313486232e+308,1.79769313486232e+308,1.79769313486232e+308,1.79769313486232e+308
123,"7/21/99",1,1320221,1,101,12,22,4,1.79769313486232e+308,1.79769313486232e+308
139,"7/21/99",1,1320241,1.79769313486232e+308,1.79769313486232e+308,1.79769313486232e+308,1.79769313486232e+308,1.79769313486232e+308,1.79769313486232e+308,1.79769313486232e+308
124,"7/21/99",1,1320321,1,101,12,14,3,7,3
125,"7/21/99",1,1320321,4,101,4,3,2,1,2
140,"7/21/99",1,1320341,1.79769313486232e+308,1.79769313486232e+308,1.79769313486232e+308,1.79769313486232e+308,1.79769313486232e+308,1.79769313486232e+308,1.79769313486232e+308
145,"7/21/99",1,1320351,1,101,2,4,3,2,3
126,"7/21/99",1,1320421,1,101,8,15,2,1.79769313486232e+308,1.79769313486232e+308
141,"7/21/99",1,1320441,1.79769313486232e+308,1.79769313486232e+308,1.79769313486232e+308,1.79769313486232e+308,1.79769313486232e+308,1.79769313486232e+308,1.79769313486232e+308
146,"7/21/99",1,1320459,1.79769313486232e+308,1.79769313486232e+308,1.79769313486232e+308,1.79769313486232e+308,1.79769313486232e+308,1.79769313486232e+308,1.79769313486232e+308
127,"7/21/99",1,1320521,1,101,2,2,6,1.79769313486232e+308,1.79769313486232e+308
142,"7/21/99",1,1320541,1,101,6,10,2,5,2
143,"7/21/99",1,1320541,3,101,6,10,2,5,2
128,"7/21/99",1,1320621,1,101,8,15,4,15,4
129,"7/21/99",1,1320621,3,101,8,12,3,15,2
130,"7/21/99",1,1320721,1,101,12,20,2,20,2
131,"7/21/99",1,1320921,1,101,8,10,4,5,4
132,"7/21/99",1,1320921,3,101,6,5,3,2,3
133,"7/21/99",1,1321021,1,101,6,5,3,15,2
134,"7/21/99",1,1321021,3,101,6,10,4,20,3
135,"7/21/99",1,1321021,5,101,6,6,3,15,2
136,"7/21/99",1,1321121,1.79769313486232e+308,1.79769313486232e+308,1.79769313486232e+308,1.79769313486232e+308,1.79769313486232e+308,1.79769313486232e+308,1.79769313486232e+308
21,"7/30/99",1,1330121,1,101,12,15,4,10,4
1.79769313486232e+308,".",1.79769313486232e+308,1330121,1,103,6,25,5,1.79769313486232e+308,1.79769313486232e+308
36,"7/30/99",1,1330141,1.79769313486232e+308,1.79769313486232e+308,1.79769313486232e+308,1.79769313486232e+308,1.79769313486232e+308,1.79769313486232e+308,1.79769313486232e+308
43,"7/30/99",1,1330151,3,101,12,5,4,7,2
44,"7/30/99",1,1330151,8,101,12,6,5,15,2
22,"7/30/99",1,1330221,1.79769313486232e+308,1.79769313486232e+308,1.79769313486232e+308,1.79769313486232e+308,1.79769313486232e+308,1.79769313486232e+308,1.79769313486232e+308
45,"7/30/99",1,1330251,1,101,7,3,2,1.79769313486232e+308,1.79769313486232e+308
46,"7/30/99",1,1330251,7,101,7,3,4,1.79769313486232e+308,1.79769313486232e+308
47,"7/30/99",1,1330252,1.79769313486232e+308,1.79769313486232e+308,1.79769313486232e+308,1.79769313486232e+308,1.79769313486232e+308,1.79769313486232e+308,1.79769313486232e+308
23,"7/30/99",1,1330321,1.79769313486232e+308,1.79769313486232e+308,1.79769313486232e+308,1.79769313486232e+308,1.79769313486232e+308,1.79769313486232e+308,1.79769313486232e+308
37,"7/30/99",1,1330341,1,101,10,5,4,2,3
38,"7/30/99",1,1330341,3,101,10,5,4,3,2
48,"7/30/99",1,1330351,1.79769313486232e+308,1.79769313486232e+308,1.79769313486232e+308,1.79769313486232e+308,1.79769313486232e+308,1.79769313486232e+308,1.79769313486232e+308
24,"7/30/99",1,1330421,1.79769313486232e+308,1.79769313486232e+308,1.79769313486232e+308,1.79769313486232e+308,1.79769313486232e+308,1.79769313486232e+308,1.79769313486232e+308
25,"7/30/99",1,1330422,1.79769313486232e+308,1.79769313486232e+308,1.79769313486232e+308,1.79769313486232e+308,1.79769313486232e+308,1.79769313486232e+308,1.79769313486232e+308
39,"7/30/99",1,1330441,1.79769313486232e+308,1.79769313486232e+308,1.79769313486232e+308,1.79769313486232e+308,1.79769313486232e+308,1.79769313486232e+308,1.79769313486232e+308
49,"7/30/99",1,1330459,1,101,6,4,3,3,2
40,"7/30/99",1,1330541,1,102,12,6,6,7,4
41,"7/30/99",1,1330541,3,101,12,4,5,3,4
42,"7/30/99",1,1330541,5,101,10,6,6,1.79769313486232e+308,1.79769313486232e+308
27,"7/30/99",1,1330621,10,101,9,7,4,5,4
28,"7/30/99",1,1330622,1.79769313486232e+308,1.79769313486232e+308,1.79769313486232e+308,1.79769313486232e+308,1.79769313486232e+308,1.79769313486232e+308,1.79769313486232e+308
29,"7/30/99",1,1330721,1,101,6,16,2,15,2
30,"7/30/99",1,1330721,6,101,3,7,2,7,2
31,"7/30/99",1,1330921,1,101,10,9,2,2,2
32,"7/30/99",1,1330921,4,101,4,10,2,3,2
33,"7/30/99",1,1331021,1,101,4,15,5,1.79769313486232e+308,1.79769313486232e+308
34,"7/30/99",1,1331121,1.79769313486232e+308,1.79769313486232e+308,1.79769313486232e+308,1.79769313486232e+308,1.79769313486232e+308,1.79769313486232e+308,1.79769313486232e+308
35,"7/30/99",1,1331221,1,101,10,12,4,3,2
341,"6/24/99",1,1410121,1.79769313486232e+308,1.79769313486232e+308,1.79769313486232e+308,1.79769313486232e+308,1.79769313486232e+308,1.79769313486232e+308,1.79769313486232e+308
342,"6/24/99",1,1410122,1.79769313486232e+308,1.79769313486232e+308,1.79769313486232e+308,1.79769313486232e+308,1.79769313486232e+308,1.79769313486232e+308,1.79769313486232e+308
354,"6/24/99",1,1410141,1.79769313486232e+308,1.79769313486232e+308,1.79769313486232e+308,1.79769313486232e+308,1.79769313486232e+308,1.79769313486232e+308,1.79769313486232e+308
359,"6/24/99",1,1410151,1.79769313486232e+308,1.79769313486232e+308,1.79769313486232e+308,1.79769313486232e+308,1.79769313486232e+308,1.79769313486232e+308,1.79769313486232e+308
360,"6/24/99",1,1410152,1.79769313486232e+308,1.79769313486232e+308,1.79769313486232e+308,1.79769313486232e+308,1.79769313486232e+308,1.79769313486232e+308,1.79769313486232e+308
361,"6/24/99",1,1410251,1,101,6,10,3,1.79769313486232e+308,1.79769313486232e+308
362,"6/24/99",1,1410251,5,101,6,12,5,1.79769313486232e+308,1.79769313486232e+308
343,"6/24/99",1,1410321,1,101,6,4,4,4,4
355,"6/24/99",1,1410341,1.79769313486232e+308,1.79769313486232e+308,1.79769313486232e+308,1.79769313486232e+308,1.79769313486232e+308,1.79769313486232e+308,1.79769313486232e+308
363,"6/24/99",1,1410351,1.79769313486232e+308,1.79769313486232e+308,1.79769313486232e+308,1.79769313486232e+308,1.79769313486232e+308,1.79769313486232e+308,1.79769313486232e+308
344,"6/24/99",1,1410421,1.79769313486232e+308,1.79769313486232e+308,1.79769313486232e+308,1.79769313486232e+308,1.79769313486232e+308,1.79769313486232e+308,1.79769313486232e+308
356,"6/24/99",1,1410441,1.79769313486232e+308,1.79769313486232e+308,1.79769313486232e+308,1.79769313486232e+308,1.79769313486232e+308,1.79769313486232e+308,1.79769313486232e+308
364,"6/24/99",1,1410459,4,101,8,20,4,20,5
365,"6/24/99",1,1410459,5,101,8,20,4,25,5
366,"6/24/99",1,1410459,6,101,8,20,4,25,5
357,"6/24/99",1,1410541,1.79769313486232e+308,1.79769313486232e+308,1.79769313486232e+308,1.79769313486232e+308,1.79769313486232e+308,1.79769313486232e+308,1.79769313486232e+308
345,"6/24/99",1,1410721,1.79769313486232e+308,1.79769313486232e+308,1.79769313486232e+308,1.79769313486232e+308,1.79769313486232e+308,1.79769313486232e+308,1.79769313486232e+308
358,"6/24/99",1,1410741,1.79769313486232e+308,1.79769313486232e+308,1.79769313486232e+308,1.79769313486232e+308,1.79769313486232e+308,1.79769313486232e+308,1.79769313486232e+308
346,"6/24/99",1,1410821,1.79769313486232e+308,1.79769313486232e+308,1.79769313486232e+308,1.79769313486232e+308,1.79769313486232e+308,1.79769313486232e+308,1.79769313486232e+308
347,"6/24/99",1,1410921,1.79769313486232e+308,1.79769313486232e+308,1.79769313486232e+308,1.79769313486232e+308,1.79769313486232e+308,1.79769313486232e+308,1.79769313486232e+308
348,"6/24/99",1,1411021,1.79769313486232e+308,1.79769313486232e+308,1.79769313486232e+308,1.79769313486232e+308,1.79769313486232e+308,1.79769313486232e+308,1.79769313486232e+308
349,"6/24/99",1,1411221,1.79769313486232e+308,1.79769313486232e+308,1.79769313486232e+308,1.79769313486232e+308,1.79769313486232e+308,1.79769313486232e+308,1.79769313486232e+308
350,"6/24/99",1,1411421,1.79769313486232e+308,1.79769313486232e+308,1.79769313486232e+308,1.79769313486232e+308,1.79769313486232e+308,1.79769313486232e+308,1.79769313486232e+308
351,"6/24/99",1,1411621,3,101,5,5,5,8,8
352,"6/24/99",1,1411721,1.79769313486232e+308,1.79769313486232e+308,1.79769313486232e+308,1.79769313486232e+308,1.79769313486232e+308,1.79769313486232e+308,1.79769313486232e+308
353,"6/24/99",1,1411821,1.79769313486232e+308,1.79769313486232e+308,1.79769313486232e+308,1.79769313486232e+308,1.79769313486232e+308,1.79769313486232e+308,1.79769313486232e+308
1,"7/14/99",1,1420121,1.79769313486232e+308,1.79769313486232e+308,1.79769313486232e+308,1.79769313486232e+308,1.79769313486232e+308,1.79769313486232e+308,1.79769313486232e+308
23,"7/14/99",1,1420151,1,104,12,30,5,30,5
24,"7/14/99",1,1420151,3,101,1,15,6,1.79769313486232e+308,1.79769313486232e+308
2,"7/14/99",1,1420221,1.79769313486232e+308,1.79769313486232e+308,1.79769313486232e+308,1.79769313486232e+308,1.79769313486232e+308,1.79769313486232e+308,1.79769313486232e+308
25,"7/14/99",1,1420251,1.79769313486232e+308,1.79769313486232e+308,1.79769313486232e+308,1.79769313486232e+308,1.79769313486232e+308,1.79769313486232e+308,1.79769313486232e+308
17,"7/14/99",1,1420341,1.79769313486232e+308,1.79769313486232e+308,1.79769313486232e+308,1.79769313486232e+308,1.79769313486232e+308,1.79769313486232e+308,1.79769313486232e+308
26,"7/14/99",1,1420351,1.79769313486232e+308,1.79769313486232e+308,1.79769313486232e+308,1.79769313486232e+308,1.79769313486232e+308,1.79769313486232e+308,1.79769313486232e+308
27,"7/14/99",1,1420352,1.79769313486232e+308,1.79769313486232e+308,1.79769313486232e+308,1.79769313486232e+308,1.79769313486232e+308,1.79769313486232e+308,1.79769313486232e+308
18,"7/14/99",1,1420441,1.79769313486232e+308,1.79769313486232e+308,1.79769313486232e+308,1.79769313486232e+308,1.79769313486232e+308,1.79769313486232e+308,1.79769313486232e+308
28,"7/14/99",1,1420459,1.79769313486232e+308,1.79769313486232e+308,1.79769313486232e+308,1.79769313486232e+308,1.79769313486232e+308,1.79769313486232e+308,1.79769313486232e+308
3,"7/14/99",1,1420521,1.79769313486232e+308,1.79769313486232e+308,1.79769313486232e+308,1.79769313486232e+308,1.79769313486232e+308,1.79769313486232e+308,1.79769313486232e+308
19,"7/14/99",1,1420541,1.79769313486232e+308,1.79769313486232e+308,1.79769313486232e+308,1.79769313486232e+308,1.79769313486232e+308,1.79769313486232e+308,1.79769313486232e+308
20,"7/14/99",1,1420542,1.79769313486232e+308,1.79769313486232e+308,1.79769313486232e+308,1.79769313486232e+308,1.79769313486232e+308,1.79769313486232e+308,1.79769313486232e+308
4,"7/14/99",1,1420621,1.79769313486232e+308,1.79769313486232e+308,1.79769313486232e+308,1.79769313486232e+308,1.79769313486232e+308,1.79769313486232e+308,1.79769313486232e+308
21,"7/14/99",1,1420641,1.79769313486232e+308,1.79769313486232e+308,1.79769313486232e+308,1.79769313486232e+308,1.79769313486232e+308,1.79769313486232e+308,1.79769313486232e+308
5,"7/14/99",1,1420721,1.79769313486232e+308,1.79769313486232e+308,1.79769313486232e+308,1.79769313486232e+308,1.79769313486232e+308,1.79769313486232e+308,1.79769313486232e+308
22,"7/14/99",1,1420741,1.79769313486232e+308,1.79769313486232e+308,1.79769313486232e+308,1.79769313486232e+308,1.79769313486232e+308,1.79769313486232e+308,1.79769313486232e+308
6,"7/14/99",1,1420821,1.79769313486232e+308,1.79769313486232e+308,1.79769313486232e+308,1.79769313486232e+308,1.79769313486232e+308,1.79769313486232e+308,1.79769313486232e+308
7,"7/14/99",1,1421021,1.79769313486232e+308,1.79769313486232e+308,1.79769313486232e+308,1.79769313486232e+308,1.79769313486232e+308,1.79769313486232e+308,1.79769313486232e+308
8,"7/14/99",1,1421121,1,101,3,14,8,15,8
9,"7/14/99",1,1421221,1.79769313486232e+308,1.79769313486232e+308,1.79769313486232e+308,1.79769313486232e+308,1.79769313486232e+308,1.79769313486232e+308,1.79769313486232e+308
10,"7/14/99",1,1421321,1.79769313486232e+308,1.79769313486232e+308,1.79769313486232e+308,1.79769313486232e+308,1.79769313486232e+308,1.79769313486232e+308,1.79769313486232e+308
11,"7/14/99",1,1421322,1.79769313486232e+308,1.79769313486232e+308,1.79769313486232e+308,1.79769313486232e+308,1.79769313486232e+308,1.79769313486232e+308,1.79769313486232e+308
12,"7/14/99",1,1421421,1.79769313486232e+308,1.79769313486232e+308,1.79769313486232e+308,1.79769313486232e+308,1.79769313486232e+308,1.79769313486232e+308,1.79769313486232e+308
13,"7/14/99",1,1421521,1,101,7,12,4,5,4
14,"7/14/99",1,1421621,1.79769313486232e+308,1.79769313486232e+308,1.79769313486232e+308,1.79769313486232e+308,1.79769313486232e+308,1.79769313486232e+308,1.79769313486232e+308
15,"7/14/99",1,1421721,1.79769313486232e+308,1.79769313486232e+308,1.79769313486232e+308,1.79769313486232e+308,1.79769313486232e+308,1.79769313486232e+308,1.79769313486232e+308
16,"7/14/99",1,1421821,1.79769313486232e+308,1.79769313486232e+308,1.79769313486232e+308,1.79769313486232e+308,1.79769313486232e+308,1.79769313486232e+308,1.79769313486232e+308
364,"6/26/99",1,1430121,4,101,10,15,5,10,5
387,"6/26/99",1,1430141,1,101,3,20,6,20,6
386,"6/26/99",1,1430141,1,101,3,10,5,10,2
392,"6/26/99",1,1430151,1,101,9,14,7,4,6
365,"6/26/99",1,1430221,1.79769313486232e+308,1.79769313486232e+308,1.79769313486232e+308,1.79769313486232e+308,1.79769313486232e+308,1.79769313486232e+308,1.79769313486232e+308
388,"6/26/99",1,1430241,1.79769313486232e+308,1.79769313486232e+308,1.79769313486232e+308,1.79769313486232e+308,1.79769313486232e+308,1.79769313486232e+308,1.79769313486232e+308
393,"6/26/99",1,1430251,3,101,9,20,7,1.79769313486232e+308,1.79769313486232e+308
394,"6/26/99",1,1430251,4,101,8,10,7,1.79769313486232e+308,1.79769313486232e+308
367,"6/26/99",1,1430321,1,104,12,30,2,30,2
366,"6/26/99",1,1430321,1,101,9,15,7,5,6
389,"6/26/99",1,1430341,1,101,5,6,5,1.79769313486232e+308,1.79769313486232e+308
395,"6/26/99",1,1430351,1.79769313486232e+308,1.79769313486232e+308,1.79769313486232e+308,1.79769313486232e+308,1.79769313486232e+308,1.79769313486232e+308,1.79769313486232e+308
396,"6/26/99",1,1430459,1.79769313486232e+308,1.79769313486232e+308,1.79769313486232e+308,1.79769313486232e+308,1.79769313486232e+308,1.79769313486232e+308,1.79769313486232e+308
368,"6/26/99",1,1430521,1,101,8,10,4,5,2
390,"6/26/99",1,1430541,1.79769313486232e+308,1.79769313486232e+308,1.79769313486232e+308,1.79769313486232e+308,1.79769313486232e+308,1.79769313486232e+308,1.79769313486232e+308
369,"6/26/99",1,1430621,1,101,6,18,6,1.79769313486232e+308,1.79769313486232e+308
391,"6/26/99",1,1430641,1,101,10,15,4,14,6
370,"6/26/99",1,1430731,1,101,7,12,7,1.79769313486232e+308,1.79769313486232e+308
371,"6/26/99",1,1430821,4,101,5,6,5,1.79769313486232e+308,1.79769313486232e+308
372,"6/26/99",1,1430921,1,101,10,13,6,2,4
373,"6/26/99",1,1431031,1,101,9,8,4,1.79769313486232e+308,1.79769313486232e+308
374,"6/26/99",1,1431031,4,101,9,8,4,1.79769313486232e+308,1.79769313486232e+308
375,"6/26/99",1,1431121,1,101,7,15,6,1.79769313486232e+308,1.79769313486232e+308
376,"6/26/99",1,1431121,5,101,4,26,7,1.79769313486232e+308,1.79769313486232e+308
377,"6/26/99",1,1431331,1,101,9,16,6,12,10
379,"6/26/99",1,1431421,3,101,7,10,5,1.79769313486232e+308,1.79769313486232e+308
378,"6/26/99",1,1431421,3,103,3,30,6,1.79769313486232e+308,1.79769313486232e+308
380,"6/26/99",1,1431521,1,104,12,30,2,30,2
381,"6/26/99",1,1431522,1.79769313486232e+308,1.79769313486232e+308,1.79769313486232e+308,1.79769313486232e+308,1.79769313486232e+308,1.79769313486232e+308,1.79769313486232e+308
382,"6/26/99",1,1431621,1.79769313486232e+308,1.79769313486232e+308,1.79769313486232e+308,1.79769313486232e+308,1.79769313486232e+308,1.79769313486232e+308,1.79769313486232e+308
383,"6/26/99",1,1431721,1,101,2,10,6,1.79769313486232e+308,1.79769313486232e+308
385,"6/26/99",1,1431721,3,101,4,3,4,1.79769313486232e+308,1.79769313486232e+308
384,"6/26/99",1,1431721,4,101,9,10,6,20,6
26,"5/31/99",1,1510121,1,101,8,15,8,8,3
47,"5/31/99",1,1510141,1.79769313486232e+308,1.79769313486232e+308,1.79769313486232e+308,1.79769313486232e+308,1.79769313486232e+308,1.79769313486232e+308,1.79769313486232e+308
56,"5/31/99",1,1510151,1,101,10,10,4,10,2
57,"5/31/99",1,1510151,4,101,10,20,8,20,8
58,"5/31/99",1,1510151,6,101,10,20,8,20,8
59,"5/31/99",1,1510151,8,101,10,10,8,10,2
27,"5/31/99",1,1510221,1,101,10,14,6,18,10
28,"5/31/99",1,1510221,2,104,12,26,2,26,2
48,"5/31/99",1,1510241,1,103,3,15,4,1.79769313486232e+308,1.79769313486232e+308
60,"5/31/99",1,1510251,4,101,12,20,8,20,3
61,"5/31/99",1,1510251,5,104,12,26,3,25,3
64,"5/31/99",1,1510252,1,101,5,10,2,7,2
63,"5/31/99",1,1510252,1,104,12,28,3,28,3
62,"5/31/99",1,1510252,2,101,5,12,4,8,2
29,"5/31/99",1,1510321,1,101,12,6,3,3,3
49,"5/31/99",1,1510341,1,101,12,4,2,4,2
50,"5/31/99",1,1510341,2,104,12,25,2,25,2
65,"5/31/99",1,1510351,1.79769313486232e+308,1.79769313486232e+308,1.79769313486232e+308,1.79769313486232e+308,1.79769313486232e+308,1.79769313486232e+308,1.79769313486232e+308
90,"9/10/99",1,1510421,1.79769313486232e+308,1.79769313486232e+308,1.79769313486232e+308,1.79769313486232e+308,1.79769313486232e+308,1.79769313486232e+308,1.79769313486232e+308
51,"5/31/99",1,1510441,1,101,12,10,4,4,6
52,"5/31/99",1,1510441,3,101,12,10,4,4,2
53,"5/31/99",1,1510441,4,101,12,15,6,10,6
70,"5/31/99",1,1510459,3,104,12,26,2,26,2
66,"5/31/99",1,1510459,4,101,8,8,4,22,5
67,"5/31/99",1,1510459,8,101,8,15,6,22,5
68,"5/31/99",1,1510459,11,101,8,15,6,22,5
69,"5/31/99",1,1510459,13,101,8,15,6,22,5
71,"5/31/99",1,1510459,15,104,12,26,2,26,2
30,"5/31/99",1,1510521,3,104,12,20,2,20,2
54,"5/31/99",1,1510541,1,101,4,20,5,15,5
55,"5/31/99",1,1510541,1,101,4,15,3,10,3
31,"5/31/99",1,1510621,1,101,8,8,6,10,4
34,"5/31/99",1,1510621,4,104,12,25,2,25,2
32,"5/31/99",1,1510621,5,101,8,6,6,1.79769313486232e+308,1.79769313486232e+308
33,"5/31/99",1,1510621,6,101,8,6,6,1.79769313486232e+308,1.79769313486232e+308
35,"5/31/99",1,1510721,1,101,8,10,2,10,2
36,"5/31/99",1,1510722,1,101,8,6,6,4,6
37,"5/31/99",1,1510821,1,101,10,12,6,6,6
38,"5/31/99",1,1510921,1,101,8,5,4,5,4
39,"5/31/99",1,1510921,3,101,8,3,2,3,2
40,"5/31/99",1,1511021,1,101,8,8,3,8,3
41,"5/31/99",1,1511022,1,101,8,12,3,10,3
42,"5/31/99",1,1511121,1,101,12,10,6,8,3
43,"5/31/99",1,1511121,3,104,12,28,2,28,2
44,"5/31/99",1,1511221,1,101,12,14,5,10,5
45,"5/31/99",1,1511221,1,101,10,8,5,6,4
46,"5/31/99",1,1511221,2,104,12,27,2,27,2
68,"5/12/99",1,1520121,2,101,5,7,6,1.79769313486232e+308,1.79769313486232e+308
69,"5/12/99",1,1520121,6,101,5,7,6,1.79769313486232e+308,1.79769313486232e+308
70,"5/12/99",1,1520122,1,101,8,6,4,6,5
71,"5/12/99",1,1520122,2,101,8,4,3,4,3
103,"5/12/99",1,1520141,1.79769313486232e+308,1.79769313486232e+308,1.79769313486232e+308,1.79769313486232e+308,1.79769313486232e+308,1.79769313486232e+308,1.79769313486232e+308
58,"5/12/99",1,1520151,1.79769313486232e+308,1.79769313486232e+308,1.79769313486232e+308,1.79769313486232e+308,1.79769313486232e+308,1.79769313486232e+308,1.79769313486232e+308
72,"5/12/99",1,1520221,1,103,12,24,8,24,8
1.79769313486232e+308,"9/26/99",1,1520221,3,103,12,24,8,24,8
105,"5/12/99",1,1520241,1,103,6,6,8,1.79769313486232e+308,1.79769313486232e+308
104,"5/12/99",1,1520241,1,103,6,26,10,1.79769313486232e+308,1.79769313486232e+308
59,"5/12/99",1,1520251,1,101,10,15,5,30,6
60,"5/12/99",1,1520251,3,104,12,26,2,26,2
61,"5/12/99",1,1520252,1.79769313486232e+308,1.79769313486232e+308,1.79769313486232e+308,1.79769313486232e+308,1.79769313486232e+308,1.79769313486232e+308,1.79769313486232e+308
74,"5/12/99",1,1520321,1,103,12,26,8,26,8
77,"5/12/99",1,1520321,2,104,12,30,1,30,2
75,"5/12/99",1,1520321,7,103,12,26,8,26,8
76,"5/12/99",1,1520321,8,103,12,26,8,20,8
106,"5/12/99",1,1520341,2,104,12,30,3,30,3
107,"5/12/99",1,1520341,2,101,4,2,2,3,2
108,"5/12/99",1,1520341,6,101,4,2,2,3,2
109,"5/12/99",1,1520341,7,101,4,2,2,3,2
54,"5/12/99",1,1520342,1.79769313486232e+308,1.79769313486232e+308,1.79769313486232e+308,1.79769313486232e+308,1.79769313486232e+308,1.79769313486232e+308,1.79769313486232e+308
64,"5/12/99",1,1520351,1,104,10,25,2,30,2
62,"5/12/99",1,1520351,9,101,2,25,6,1.79769313486232e+308,1.79769313486232e+308
63,"5/12/99",1,1520351,10,101,2,25,6,1.79769313486232e+308,1.79769313486232e+308
65,"5/12/99",1,1520352,1.79769313486232e+308,1.79769313486232e+308,1.79769313486232e+308,1.79769313486232e+308,1.79769313486232e+308,1.79769313486232e+308,1.79769313486232e+308
66,"5/12/99",1,1520353,1,101,10,15,4,15,4
82,"5/12/99",1,1520421,1,101,8,15,4,20,4
78,"5/12/99",1,1520421,1,103,12,25,8,25,8
85,"5/12/99",1,1520421,3,104,12,30,2,30,2
79,"5/12/99",1,1520421,4,103,12,25,8,25,8
83,"5/12/99",1,1520421,4,101,8,15,4,20,4
80,"5/12/99",1,1520421,5,103,12,25,8,25,8
84,"5/12/99",1,1520421,5,101,8,10,4,15,4
81,"5/12/99",1,1520421,6,103,6,25,8,1.79769313486232e+308,1.79769313486232e+308
55,"5/12/99",1,1520441,1,101,9,10,3,10,3
67,"5/12/99",1,1520459,1.79769313486232e+308,1.79769313486232e+308,1.79769313486232e+308,1.79769313486232e+308,1.79769313486232e+308,1.79769313486232e+308,1.79769313486232e+308
86,"5/12/99",1,1520521,1,103,7,25,7,1.79769313486232e+308,1.79769313486232e+308
87,"5/12/99",1,1520521,2,104,12,30,2,30,2
88,"5/12/99",1,1520521,3,103,7,25,7,1.79769313486232e+308,1.79769313486232e+308
57,"5/12/99",1,1520541,2,104,5,30,2,30,2
94,"9/10/99",1,1520621,1,101,6,2,2,5,2
91,"9/10/99",1,1520621,1,103,12,10,7,10,7
97,"9/10/99",1,1520621,2,104,12,30,2,30,2
95,"9/10/99",1,1520621,5,101,6,4,4,12,5
92,"9/10/99",1,1520621,5,103,12,20,7,20,7
93,"9/10/99",1,1520621,6,103,12,20,7,20,7
96,"9/10/99",1,1520621,6,101,6,4,4,12,5
89,"5/12/99",1,1520622,1.79769313486232e+308,1.79769313486232e+308,1.79769313486232e+308,1.79769313486232e+308,1.79769313486232e+308,1.79769313486232e+308,1.79769313486232e+308
90,"5/12/99",1,1520721,1.79769313486232e+308,1.79769313486232e+308,1.79769313486232e+308,1.79769313486232e+308,1.79769313486232e+308,1.79769313486232e+308,1.79769313486232e+308
95,"5/12/99",1,1520821,2,103,12,25,9,20,9
96,"5/12/99",1,1520921,1.79769313486232e+308,1.79769313486232e+308,1.79769313486232e+308,1.79769313486232e+308,1.79769313486232e+308,1.79769313486232e+308,1.79769313486232e+308
100,"5/12/99",1,1521021,1,103,11,15,8,1.79769313486232e+308,1.79769313486232e+308
97,"5/12/99",1,1521021,1,101,9,20,2,30,2
99,"5/12/99",1,1521021,2,104,12,30,2,30,2
98,"5/12/99",1,1521021,3,101,9,20,4,30,4
103,"9/10/99",1,1521121,3,104,12,28,2,30,2
101,"5/12/99",1,1521122,1.79769313486232e+308,1.79769313486232e+308,1.79769313486232e+308,1.79769313486232e+308,1.79769313486232e+308,1.79769313486232e+308,1.79769313486232e+308
102,"5/12/99",1,1521221,1.79769313486232e+308,1.79769313486232e+308,1.79769313486232e+308,1.79769313486232e+308,1.79769313486232e+308,1.79769313486232e+308,1.79769313486232e+308
87,"8/08/99",1,1530121,2,104,12,25,1,25,1
114,"8/08/99",1,1530141,1,101,8,15,4,6,2
115,"8/08/99",1,1530141,2,101,8,15,4,6,2
116,"8/08/99",1,1530141,2,104,10,26,2,26,2
124,"8/08/99",1,1530151,1,101,12,20,5,20,5
125,"8/08/99",1,1530151,4,101,12,20,5,20,5
126,"8/08/99",1,1530151,7,104,12,15,2,15,2
88,"8/08/99",1,1530221,1,101,8,12,5,2,5
89,"8/08/99",1,1530221,6,104,12,28,2,28,2
90,"8/08/99",1,1530222,1,101,8,5,2,1.79769313486232e+308,1.79769313486232e+308
91,"8/08/99",1,1530222,2,101,8,8,4,6,4
92,"8/08/99",1,1530222,3,101,8,8,4,6,4
117,"8/08/99",1,1530241,1,101,12,12,4,12,4
118,"8/08/99",1,1530241,2,104,12,28,2,28,2
128,"8/08/99",1,1530251,1,101,5,10,2,1.79769313486232e+308,1.79769313486232e+308
130,"8/08/99",1,1530251,1,104,12,10,2,10,2
129,"8/08/99",1,1530251,2,104,12,20,2,20,2
93,"8/08/99",1,1530321,1,101,12,10,2,5,2
95,"8/08/99",1,1530321,2,104,12,28,2,28,2
94,"8/08/99",1,1530321,4,101,12,20,5,20,5
119,"8/08/99",1,1530341,1,101,5,4,3,1.79769313486232e+308,1.79769313486232e+308
121,"8/08/99",1,1530341,4,104,4,28,2,28,2
120,"8/08/99",1,1530341,4,101,5,5,3,1.79769313486232e+308,1.79769313486232e+308
131,"8/08/99",1,1530351,1,101,12,15,4,8,4
122,"8/08/99",1,1530441,1.79769313486232e+308,1.79769313486232e+308,1.79769313486232e+308,1.79769313486232e+308,1.79769313486232e+308,1.79769313486232e+308,1.79769313486232e+308
132,"8/08/99",1,1530459,1,101,11,15,4,6,2
133,"8/08/99",1,1530459,4,101,9,8,2,6,1
134,"8/08/99",1,1530459,5,101,9,8,2,6,1
96,"8/08/99",1,1530521,1,101,12,20,5,20,5
97,"8/08/99",1,1530521,2,104,12,26,2,26,2
123,"8/08/99",1,1530541,1.79769313486232e+308,1.79769313486232e+308,1.79769313486232e+308,1.79769313486232e+308,1.79769313486232e+308,1.79769313486232e+308,1.79769313486232e+308
98,"8/08/99",1,1530621,1,101,10,15,6,25,4
101,"8/08/99",1,1530621,2,104,12,10,2,10,2
99,"8/08/99",1,1530621,3,101,10,6,6,15,4
100,"8/08/99",1,1530621,4,104,12,20,3,20,3
102,"8/08/99",1,1530821,2,104,12,15,3,15,3
103,"8/08/99",1,1530821,3,104,12,15,3,15,3
104,"8/08/99",1,1530921,1.79769313486232e+308,1.79769313486232e+308,1.79769313486232e+308,1.79769313486232e+308,1.79769313486232e+308,1.79769313486232e+308,1.79769313486232e+308
105,"8/08/99",1,1531021,1,101,9,15,5,10,6
107,"8/08/99",1,1531021,2,104,12,28,3,28,3
106,"8/08/99",1,1531021,3,101,9,15,5,10,6
108,"8/08/99",1,1531121,1,101,9,15,4,10,5
111,"8/08/99",1,1531121,2,104,12,8,3,8,3
109,"8/08/99",1,1531121,5,101,8,15,4,10,5
110,"8/08/99",1,1531121,7,104,12,22,3,22,3
112,"8/08/99",1,1531122,1.79769313486232e+308,1.79769313486232e+308,1.79769313486232e+308,1.79769313486232e+308,1.79769313486232e+308,1.79769313486232e+308,1.79769313486232e+308
113,"8/08/99",1,1531221,1.79769313486232e+308,1.79769313486232e+308,1.79769313486232e+308,1.79769313486232e+308,1.79769313486232e+308,1.79769313486232e+308,1.79769313486232e+308
156,"6/10/99",1,1610121,1.79769313486232e+308,1.79769313486232e+308,1.79769313486232e+308,1.79769313486232e+308,1.79769313486232e+308,1.79769313486232e+308,1.79769313486232e+308
176,"6/14/99",1,1610141,1.79769313486232e+308,1.79769313486232e+308,1.79769313486232e+308,1.79769313486232e+308,1.79769313486232e+308,1.79769313486232e+308,1.79769313486232e+308
184,"6/14/99",1,1610151,1,101,1,6,4,1.79769313486232e+308,1.79769313486232e+308
157,"6/14/99",1,1610221,1,101,6,4,9,4,9
177,"6/14/99",1,1610241,1,101,8,7,8,12,6
185,"6/14/99",1,1610251,1,101,2,2,8,12,8
186,"6/14/99",1,1610252,1,101,3,2,9,1.79769313486232e+308,1.79769313486232e+308
178,"6/14/99",1,1610341,1.79769313486232e+308,1.79769313486232e+308,1.79769313486232e+308,1.79769313486232e+308,1.79769313486232e+308,1.79769313486232e+308,1.79769313486232e+308
179,"6/14/99",1,1610342,1.79769313486232e+308,1.79769313486232e+308,1.79769313486232e+308,1.79769313486232e+308,1.79769313486232e+308,1.79769313486232e+308,1.79769313486232e+308
190,"6/14/99",1,1610351,1,104,12,30,4,30,4
187,"6/14/99",1,1610351,3,101,6,4,8,15,8
188,"6/14/99",1,1610351,4,101,6,15,6,15,8
189,"6/14/99",1,1610351,5,101,6,5,6,15,8
158,"6/14/99",1,1610421,1,101,3,2,9,2,9
159,"6/14/99",1,1610421,3,101,4,6,6,2,6
180,"6/14/99",1,1610441,1.79769313486232e+308,1.79769313486232e+308,1.79769313486232e+308,1.79769313486232e+308,1.79769313486232e+308,1.79769313486232e+308,1.79769313486232e+308
191,"6/14/99",1,1610459,1,101,6,6,6,4,6
160,"6/14/99",1,1610521,2,101,10,5,6,10,6
181,"6/14/99",1,1610541,1,101,6,3,8,18,8
182,"6/14/99",1,1610541,6,101,6,3,9,16,9
183,"6/14/99",1,1610542,1.79769313486232e+308,1.79769313486232e+308,1.79769313486232e+308,1.79769313486232e+308,1.79769313486232e+308,1.79769313486232e+308,1.79769313486232e+308
161,"6/14/99",1,1610621,1.79769313486232e+308,1.79769313486232e+308,1.79769313486232e+308,1.79769313486232e+308,1.79769313486232e+308,1.79769313486232e+308,1.79769313486232e+308
162,"6/14/99",1,1610721,3,101,7,4,6,1.79769313486232e+308,1.79769313486232e+308
163,"6/14/99",1,1610722,1.79769313486232e+308,1.79769313486232e+308,1.79769313486232e+308,1.79769313486232e+308,1.79769313486232e+308,1.79769313486232e+308,1.79769313486232e+308
164,"6/14/99",1,1610821,1,101,6,3,8,5,8
165,"6/14/99",1,1610821,5,101,6,7,6,5,6
166,"6/14/99",1,1610822,1.79769313486232e+308,1.79769313486232e+308,1.79769313486232e+308,1.79769313486232e+308,1.79769313486232e+308,1.79769313486232e+308,1.79769313486232e+308
167,"6/14/99",1,1610921,1.79769313486232e+308,1.79769313486232e+308,1.79769313486232e+308,1.79769313486232e+308,1.79769313486232e+308,1.79769313486232e+308,1.79769313486232e+308
168,"6/14/99",1,1610922,1.79769313486232e+308,1.79769313486232e+308,1.79769313486232e+308,1.79769313486232e+308,1.79769313486232e+308,1.79769313486232e+308,1.79769313486232e+308
169,"6/14/99",1,1610923,1,101,3,2,10,1.79769313486232e+308,1.79769313486232e+308
170,"6/14/99",1,1610924,1.79769313486232e+308,1.79769313486232e+308,1.79769313486232e+308,1.79769313486232e+308,1.79769313486232e+308,1.79769313486232e+308,1.79769313486232e+308
171,"6/14/99",1,1611021,1.79769313486232e+308,1.79769313486232e+308,1.79769313486232e+308,1.79769313486232e+308,1.79769313486232e+308,1.79769313486232e+308,1.79769313486232e+308
172,"6/14/99",1,1611022,1.79769313486232e+308,1.79769313486232e+308,1.79769313486232e+308,1.79769313486232e+308,1.79769313486232e+308,1.79769313486232e+308,1.79769313486232e+308
173,"6/14/99",1,1611121,8,101,3,7,4,1.79769313486232e+308,1.79769313486232e+308
174,"6/14/99",1,1611221,1.79769313486232e+308,1.79769313486232e+308,1.79769313486232e+308,1.79769313486232e+308,1.79769313486232e+308,1.79769313486232e+308,1.79769313486232e+308
175,"6/14/99",1,1611222,1.79769313486232e+308,1.79769313486232e+308,1.79769313486232e+308,1.79769313486232e+308,1.79769313486232e+308,1.79769313486232e+308,1.79769313486232e+308
28,"8/01/99",1,1620121,1.79769313486232e+308,1.79769313486232e+308,1.79769313486232e+308,1.79769313486232e+308,1.79769313486232e+308,1.79769313486232e+308,1.79769313486232e+308
46,"8/01/99",1,1620141,1.79769313486232e+308,1.79769313486232e+308,1.79769313486232e+308,1.79769313486232e+308,1.79769313486232e+308,1.79769313486232e+308,1.79769313486232e+308
52,"8/01/99",1,1620151,1,101,12,5,3,3,3
29,"8/01/99",1,1620221,1.79769313486232e+308,1.79769313486232e+308,1.79769313486232e+308,1.79769313486232e+308,1.79769313486232e+308,1.79769313486232e+308,1.79769313486232e+308
47,"8/01/99",1,1620241,1.79769313486232e+308,1.79769313486232e+308,1.79769313486232e+308,1.79769313486232e+308,1.79769313486232e+308,1.79769313486232e+308,1.79769313486232e+308
53,"8/01/99",1,1620251,1,101,12,22,8,25,8
54,"8/01/99",1,1620251,3,101,12,20,8,15,8
30,"8/01/99",1,1620321,1,101,6,5,6,4,6
48,"8/01/99",1,1620341,1.79769313486232e+308,1.79769313486232e+308,1.79769313486232e+308,1.79769313486232e+308,1.79769313486232e+308,1.79769313486232e+308,1.79769313486232e+308
55,"8/01/99",1,1620351,1,101,12,15,3,12,3
49,"8/01/99",1,1620441,1,101,4,2,7,1.79769313486232e+308,1.79769313486232e+308
50,"8/01/99",1,1620441,3,101,4,4,8,1.79769313486232e+308,1.79769313486232e+308
56,"8/01/99",1,1620459,3,101,8,3,6,1.79769313486232e+308,1.79769313486232e+308
31,"8/01/99",1,1620521,1,101,12,15,5,15,5
32,"8/01/99",1,1620522,1,101,12,15,5,22,5
51,"8/01/99",1,1620541,1,101,3,9,1,28,1
33,"8/01/99",1,1620721,1.79769313486232e+308,1.79769313486232e+308,1.79769313486232e+308,1.79769313486232e+308,1.79769313486232e+308,1.79769313486232e+308,1.79769313486232e+308
34,"8/01/99",1,1620821,1,103,4,10,5,4,5
35,"8/01/99",1,1620921,1.79769313486232e+308,1.79769313486232e+308,1.79769313486232e+308,1.79769313486232e+308,1.79769313486232e+308,1.79769313486232e+308,1.79769313486232e+308
36,"8/01/99",1,1620922,1,101,1,4,5,1.79769313486232e+308,1.79769313486232e+308
37,"8/01/99",1,1621021,1.79769313486232e+308,1.79769313486232e+308,1.79769313486232e+308,1.79769313486232e+308,1.79769313486232e+308,1.79769313486232e+308,1.79769313486232e+308
38,"8/01/99",1,1621121,1,101,5,2,8,1.79769313486232e+308,1.79769313486232e+308
39,"8/01/99",1,1621121,5,101,6,3,6,1.79769313486232e+308,1.79769313486232e+308
40,"8/01/99",1,1621121,7,101,4,2,5,1.79769313486232e+308,1.79769313486232e+308
41,"8/01/99",1,1621121,10,101,4,2,4,1.79769313486232e+308,1.79769313486232e+308
42,"8/01/99",1,1621122,1.79769313486232e+308,1.79769313486232e+308,1.79769313486232e+308,1.79769313486232e+308,1.79769313486232e+308,1.79769313486232e+308,1.79769313486232e+308
43,"8/01/99",1,1621221,1.79769313486232e+308,1.79769313486232e+308,1.79769313486232e+308,1.79769313486232e+308,1.79769313486232e+308,1.79769313486232e+308,1.79769313486232e+308
44,"8/01/99",1,1621222,1,101,12,10,4,8,4
45,"8/01/99",1,1621223,1.79769313486232e+308,1.79769313486232e+308,1.79769313486232e+308,1.79769313486232e+308,1.79769313486232e+308,1.79769313486232e+308,1.79769313486232e+308
114,"5/16/99",1,1630121,1.79769313486232e+308,1.79769313486232e+308,1.79769313486232e+308,1.79769313486232e+308,1.79769313486232e+308,1.79769313486232e+308,1.79769313486232e+308
136,"6/01/99",1,1630141,1.79769313486232e+308,1.79769313486232e+308,1.79769313486232e+308,1.79769313486232e+308,1.79769313486232e+308,1.79769313486232e+308,1.79769313486232e+308
137,"6/01/99",1,1630142,1.79769313486232e+308,1.79769313486232e+308,1.79769313486232e+308,1.79769313486232e+308,1.79769313486232e+308,1.79769313486232e+308,1.79769313486232e+308
142,"6/01/99",1,1630151,1,101,6,4,7,15,10
143,"6/01/99",1,1630151,5,101,6,4,7,15,9
115,"6/01/99",1,1630221,1.79769313486232e+308,1.79769313486232e+308,1.79769313486232e+308,1.79769313486232e+308,1.79769313486232e+308,1.79769313486232e+308,1.79769313486232e+308
138,"6/01/99",1,1630241,1.79769313486232e+308,1.79769313486232e+308,1.79769313486232e+308,1.79769313486232e+308,1.79769313486232e+308,1.79769313486232e+308,1.79769313486232e+308
144,"6/01/99",1,1630251,1,101,12,10,7,5,7
116,"6/01/99",1,1630321,4,101,9,8,10,8,10
139,"6/01/99",1,1630341,1,101,11,4,9,1.79769313486232e+308,1.79769313486232e+308
145,"6/01/99",1,1630351,1,101,12,25,9,5,9
117,"6/01/99",1,1630421,1,101,9,4,2,3,7
118,"6/01/99",1,1630421,3,101,10,4,7,3,7
140,"6/01/99",1,1630441,1.79769313486232e+308,1.79769313486232e+308,1.79769313486232e+308,1.79769313486232e+308,1.79769313486232e+308,1.79769313486232e+308,1.79769313486232e+308
146,"6/01/99",1,1630459,1,101,10,6,5,20,7
147,"6/01/99",1,1630459,3,101,10,7,6,25,9
148,"6/01/99",1,1630459,4,101,10,5,5,4,5
119,"6/01/99",1,1630521,1,101,12,30,8,30,8
120,"6/01/99",1,1630521,3,101,12,15,6,15,6
121,"6/01/99",1,1630521,4,101,12,15,6,15,6
141,"6/01/99",1,1630541,1,101,12,4,11,5,11
122,"6/01/99",1,1630621,1,101,12,8,3,20,3
123,"6/01/99",1,1630621,2,104,12,15,2,30,2
124,"6/01/99",1,1630721,1,101,12,4,10,15,3
125,"6/01/99",1,1630721,4,101,12,2,8,6,2
126,"6/01/99",1,1630821,1,101,7,1,6,8,6
127,"6/01/99",1,1630821,3,101,7,2,6,6,6
128,"6/01/99",1,1630821,4,101,7,3,5,6,6
129,"6/01/99",1,1630921,1.79769313486232e+308,1.79769313486232e+308,1.79769313486232e+308,1.79769313486232e+308,1.79769313486232e+308,1.79769313486232e+308,1.79769313486232e+308
130,"6/01/99",1,1630922,1.79769313486232e+308,1.79769313486232e+308,1.79769313486232e+308,1.79769313486232e+308,1.79769313486232e+308,1.79769313486232e+308,1.79769313486232e+308
131,"6/01/99",1,1631021,1.79769313486232e+308,1.79769313486232e+308,1.79769313486232e+308,1.79769313486232e+308,1.79769313486232e+308,1.79769313486232e+308,1.79769313486232e+308
132,"6/01/99",1,1631022,1.79769313486232e+308,1.79769313486232e+308,1.79769313486232e+308,1.79769313486232e+308,1.79769313486232e+308,1.79769313486232e+308,1.79769313486232e+308
133,"6/01/99",1,1631121,1,101,10,7,6,5,7
134,"6/01/99",1,1631221,1,101,10,15,5,20,7
1,"7/29/99",1,1710131,1.79769313486232e+308,1.79769313486232e+308,1.79769313486232e+308,1.79769313486232e+308,1.79769313486232e+308,1.79769313486232e+308,1.79769313486232e+308
2,"7/29/99",1,1710132,1.79769313486232e+308,1.79769313486232e+308,1.79769313486232e+308,1.79769313486232e+308,1.79769313486232e+308,1.79769313486232e+308,1.79769313486232e+308
18,"7/29/99",1,1710241,1.79769313486232e+308,1.79769313486232e+308,1.79769313486232e+308,1.79769313486232e+308,1.79769313486232e+308,1.79769313486232e+308,1.79769313486232e+308
24,"7/29/99",1,1710251,1.79769313486232e+308,1.79769313486232e+308,1.79769313486232e+308,1.79769313486232e+308,1.79769313486232e+308,1.79769313486232e+308,1.79769313486232e+308
19,"7/29/99",1,1710341,4,101,5,12,7,8,6
25,"7/29/99",1,1710351,1,101,6,17,7,15,6
3,"7/29/99",1,1710431,1.79769313486232e+308,1.79769313486232e+308,1.79769313486232e+308,1.79769313486232e+308,1.79769313486232e+308,1.79769313486232e+308,1.79769313486232e+308
20,"7/29/99",1,1710441,1.79769313486232e+308,1.79769313486232e+308,1.79769313486232e+308,1.79769313486232e+308,1.79769313486232e+308,1.79769313486232e+308,1.79769313486232e+308
26,"7/29/99",1,1710459,1,101,6,10,7,15,6
27,"7/29/99",1,1710459,5,101,6,5,6,1.79769313486232e+308,1.79769313486232e+308
4,"7/29/99",1,1710531,1.79769313486232e+308,1.79769313486232e+308,1.79769313486232e+308,1.79769313486232e+308,1.79769313486232e+308,1.79769313486232e+308,1.79769313486232e+308
21,"7/29/99",1,1710541,1.79769313486232e+308,1.79769313486232e+308,1.79769313486232e+308,1.79769313486232e+308,1.79769313486232e+308,1.79769313486232e+308,1.79769313486232e+308
22,"7/29/99",1,1710542,1.79769313486232e+308,1.79769313486232e+308,1.79769313486232e+308,1.79769313486232e+308,1.79769313486232e+308,1.79769313486232e+308,1.79769313486232e+308
23,"7/29/99",1,1710543,1,101,6,18,8,10,6
5,"7/29/99",1,1710731,1.79769313486232e+308,1.79769313486232e+308,1.79769313486232e+308,1.79769313486232e+308,1.79769313486232e+308,1.79769313486232e+308,1.79769313486232e+308
6,"7/29/99",1,1710831,1.79769313486232e+308,1.79769313486232e+308,1.79769313486232e+308,1.79769313486232e+308,1.79769313486232e+308,1.79769313486232e+308,1.79769313486232e+308
7,"7/29/99",1,1710931,1.79769313486232e+308,1.79769313486232e+308,1.79769313486232e+308,1.79769313486232e+308,1.79769313486232e+308,1.79769313486232e+308,1.79769313486232e+308
8,"7/29/99",1,1710932,1.79769313486232e+308,1.79769313486232e+308,1.79769313486232e+308,1.79769313486232e+308,1.79769313486232e+308,1.79769313486232e+308,1.79769313486232e+308
9,"7/29/99",1,1711031,1,101,5,9,7,10,6
10,"7/29/99",1,1711131,1.79769313486232e+308,1.79769313486232e+308,1.79769313486232e+308,1.79769313486232e+308,1.79769313486232e+308,1.79769313486232e+308,1.79769313486232e+308
11,"7/29/99",1,1711231,1.79769313486232e+308,1.79769313486232e+308,1.79769313486232e+308,1.79769313486232e+308,1.79769313486232e+308,1.79769313486232e+308,1.79769313486232e+308
12,"7/29/99",1,1711339,1.79769313486232e+308,1.79769313486232e+308,1.79769313486232e+308,1.79769313486232e+308,1.79769313486232e+308,1.79769313486232e+308,1.79769313486232e+308
13,"7/29/99",1,1711439,1.79769313486232e+308,1.79769313486232e+308,1.79769313486232e+308,1.79769313486232e+308,1.79769313486232e+308,1.79769313486232e+308,1.79769313486232e+308
14,"7/29/99",1,1711539,1.79769313486232e+308,1.79769313486232e+308,1.79769313486232e+308,1.79769313486232e+308,1.79769313486232e+308,1.79769313486232e+308,1.79769313486232e+308
15,"7/29/99",1,1711639,1.79769313486232e+308,1.79769313486232e+308,1.79769313486232e+308,1.79769313486232e+308,1.79769313486232e+308,1.79769313486232e+308,1.79769313486232e+308
16,"7/29/99",1,1711739,1,101,2,5,7,1.79769313486232e+308,1.79769313486232e+308
17,"7/29/99",1,1711839,1.79769313486232e+308,1.79769313486232e+308,1.79769313486232e+308,1.79769313486232e+308,1.79769313486232e+308,1.79769313486232e+308,1.79769313486232e+308
167,"6/12/99",1,1720131,1.79769313486232e+308,1.79769313486232e+308,1.79769313486232e+308,1.79769313486232e+308,1.79769313486232e+308,1.79769313486232e+308,1.79769313486232e+308
189,"6/12/99",1,1720141,1,101,6,4,5,1.79769313486232e+308,1.79769313486232e+308
194,"6/12/99",1,1720151,1,101,6,12,8,1.79769313486232e+308,1.79769313486232e+308
168,"6/12/99",1,1720231,1.79769313486232e+308,1.79769313486232e+308,1.79769313486232e+308,1.79769313486232e+308,1.79769313486232e+308,1.79769313486232e+308,1.79769313486232e+308
190,"6/12/99",1,1720241,1.79769313486232e+308,1.79769313486232e+308,1.79769313486232e+308,1.79769313486232e+308,1.79769313486232e+308,1.79769313486232e+308,1.79769313486232e+308
195,"6/12/99",1,1720251,1.79769313486232e+308,1.79769313486232e+308,1.79769313486232e+308,1.79769313486232e+308,1.79769313486232e+308,1.79769313486232e+308,1.79769313486232e+308
169,"6/12/99",1,1720331,1,101,2,6,8,1.79769313486232e+308,1.79769313486232e+308
191,"6/12/99",1,1720341,1,101,7,10,6,1.79769313486232e+308,1.79769313486232e+308
196,"6/12/99",1,1720351,1,101,8,22,6,1.79769313486232e+308,1.79769313486232e+308
197,"6/12/99",1,1720351,3,101,3,10,5,1.79769313486232e+308,1.79769313486232e+308
198,"6/12/99",1,1720351,7,101,4,15,5,1.79769313486232e+308,1.79769313486232e+308
170,"6/12/99",1,1720431,1.79769313486232e+308,1.79769313486232e+308,1.79769313486232e+308,1.79769313486232e+308,1.79769313486232e+308,1.79769313486232e+308,1.79769313486232e+308
192,"6/12/99",1,1720441,1.79769313486232e+308,1.79769313486232e+308,1.79769313486232e+308,1.79769313486232e+308,1.79769313486232e+308,1.79769313486232e+308,1.79769313486232e+308
199,"6/12/99",1,1720459,1.79769313486232e+308,1.79769313486232e+308,1.79769313486232e+308,1.79769313486232e+308,1.79769313486232e+308,1.79769313486232e+308,1.79769313486232e+308
171,"6/12/99",1,1720531,1.79769313486232e+308,1.79769313486232e+308,1.79769313486232e+308,1.79769313486232e+308,1.79769313486232e+308,1.79769313486232e+308,1.79769313486232e+308
193,"6/12/99",1,1720541,1.79769313486232e+308,1.79769313486232e+308,1.79769313486232e+308,1.79769313486232e+308,1.79769313486232e+308,1.79769313486232e+308,1.79769313486232e+308
172,"6/12/99",1,1720631,1,101,6,8,6,1.79769313486232e+308,1.79769313486232e+308
173,"6/12/99",1,1720631,2,104,12,30,3,30,3
174,"6/12/99",1,1720731,1,101,7,11,6,1.79769313486232e+308,1.79769313486232e+308
175,"6/12/99",1,1720831,3,101,6,7,6,1.79769313486232e+308,1.79769313486232e+308
176,"6/12/99",1,1720931,3,101,4,4,3,1.79769313486232e+308,1.79769313486232e+308
177,"6/12/99",1,1721031,1,101,8,15,8,1.79769313486232e+308,1.79769313486232e+308
178,"6/12/99",1,1721131,1,101,6,15,6,1.79769313486232e+308,1.79769313486232e+308
179,"6/12/99",1,1721131,4,101,2,5,6,1.79769313486232e+308,1.79769313486232e+308
180,"6/12/99",1,1721339,1.79769313486232e+308,1.79769313486232e+308,1.79769313486232e+308,1.79769313486232e+308,1.79769313486232e+308,1.79769313486232e+308,1.79769313486232e+308
181,"6/12/99",1,1721439,1.79769313486232e+308,1.79769313486232e+308,1.79769313486232e+308,1.79769313486232e+308,1.79769313486232e+308,1.79769313486232e+308,1.79769313486232e+308
182,"6/12/99",1,1721539,1,101,6,15,6,1.79769313486232e+308,1.79769313486232e+308
183,"6/12/99",1,1721539,4,101,6,14,6,1.79769313486232e+308,1.79769313486232e+308
184,"6/12/99",1,1721639,1,101,6,10,6,1.79769313486232e+308,1.79769313486232e+308
185,"6/12/99",1,1721739,1.79769313486232e+308,1.79769313486232e+308,1.79769313486232e+308,1.79769313486232e+308,1.79769313486232e+308,1.79769313486232e+308,1.79769313486232e+308
186,"6/12/99",1,1721839,1,101,6,8,6,1.79769313486232e+308,1.79769313486232e+308
187,"6/12/99",1,1721839,3,101,6,5,6,1.79769313486232e+308,1.79769313486232e+308
188,"6/12/99",1,1721939,4,101,8,25,6,1.79769313486232e+308,1.79769313486232e+308
296,"6/21/99",1,1730131,1,101,5,11,7,1.79769313486232e+308,1.79769313486232e+308
297,"6/28/99",1,1730131,4,101,5,9,6,1.79769313486232e+308,1.79769313486232e+308
319,"6/28/99",1,1730141,1.79769313486232e+308,1.79769313486232e+308,1.79769313486232e+308,1.79769313486232e+308,1.79769313486232e+308,1.79769313486232e+308,1.79769313486232e+308
327,"6/28/99",1,1730151,1.79769313486232e+308,1.79769313486232e+308,1.79769313486232e+308,1.79769313486232e+308,1.79769313486232e+308,1.79769313486232e+308,1.79769313486232e+308
298,"6/28/99",1,1730231,1,101,6,13,7,1.79769313486232e+308,1.79769313486232e+308
299,"6/28/99",1,1730231,3,101,6,12,7,1.79769313486232e+308,1.79769313486232e+308
300,"6/28/99",1,1730232,1.79769313486232e+308,1.79769313486232e+308,1.79769313486232e+308,1.79769313486232e+308,1.79769313486232e+308,1.79769313486232e+308,1.79769313486232e+308
301,"6/28/99",1,1730233,1,101,5,9,6,1.79769313486232e+308,1.79769313486232e+308
321,"6/28/99",1,1730241,1,103,6,20,9,1.79769313486232e+308,1.79769313486232e+308
320,"6/28/99",1,1730241,1,101,6,9,7,1.79769313486232e+308,1.79769313486232e+308
302,"6/28/99",1,1730331,1,101,6,13,6,1.79769313486232e+308,1.79769313486232e+308
322,"6/28/99",1,1730341,1.79769313486232e+308,1.79769313486232e+308,1.79769313486232e+308,1.79769313486232e+308,1.79769313486232e+308,1.79769313486232e+308,1.79769313486232e+308
303,"6/28/99",1,1730431,1.79769313486232e+308,1.79769313486232e+308,1.79769313486232e+308,1.79769313486232e+308,1.79769313486232e+308,1.79769313486232e+308,1.79769313486232e+308
328,"6/28/99",1,1730459,1,101,4,12,7,1.79769313486232e+308,1.79769313486232e+308
329,"6/28/99",1,1730459,4,101,4,10,6,1.79769313486232e+308,1.79769313486232e+308
304,"6/28/99",1,1730531,1.79769313486232e+308,1.79769313486232e+308,1.79769313486232e+308,1.79769313486232e+308,1.79769313486232e+308,1.79769313486232e+308,1.79769313486232e+308
1.79769313486232e+308,"9/07/99",1,1730541,1,103,6,26,11,1.79769313486232e+308,1.79769313486232e+308
323,"6/28/99",1,1730541,1,101,6,5,7,1.79769313486232e+308,1.79769313486232e+308
324,"6/28/99",1,1730542,1.79769313486232e+308,1.79769313486232e+308,1.79769313486232e+308,1.79769313486232e+308,1.79769313486232e+308,1.79769313486232e+308,1.79769313486232e+308
325,"6/28/99",1,1730543,1.79769313486232e+308,1.79769313486232e+308,1.79769313486232e+308,1.79769313486232e+308,1.79769313486232e+308,1.79769313486232e+308,1.79769313486232e+308
326,"6/28/99",1,1730544,1.79769313486232e+308,1.79769313486232e+308,1.79769313486232e+308,1.79769313486232e+308,1.79769313486232e+308,1.79769313486232e+308,1.79769313486232e+308
305,"6/28/99",1,1730631,1.79769313486232e+308,1.79769313486232e+308,1.79769313486232e+308,1.79769313486232e+308,1.79769313486232e+308,1.79769313486232e+308,1.79769313486232e+308
306,"6/28/99",1,1730731,5,101,6,14,8,1.79769313486232e+308,1.79769313486232e+308
307,"6/28/99",1,1730931,1.79769313486232e+308,1.79769313486232e+308,1.79769313486232e+308,1.79769313486232e+308,1.79769313486232e+308,1.79769313486232e+308,1.79769313486232e+308
308,"6/28/99",1,1731031,1,101,8,20,7,8,4
309,"6/28/99",1,1731031,4,101,6,10,7,1.79769313486232e+308,1.79769313486232e+308
310,"6/28/99",1,1731031,5,101,6,5,5,1.79769313486232e+308,1.79769313486232e+308
311,"6/28/99",1,1731131,1.79769313486232e+308,1.79769313486232e+308,1.79769313486232e+308,1.79769313486232e+308,1.79769313486232e+308,1.79769313486232e+308,1.79769313486232e+308
312,"6/28/99",1,1731231,1,101,6,26,7,1.79769313486232e+308,1.79769313486232e+308
313,"6/28/99",1,1731231,5,101,6,10,6,1.79769313486232e+308,1.79769313486232e+308
314,"6/28/99",1,1731339,1.79769313486232e+308,1.79769313486232e+308,1.79769313486232e+308,1.79769313486232e+308,1.79769313486232e+308,1.79769313486232e+308,1.79769313486232e+308
315,"6/28/99",1,1731439,1,101,5,21,7,6,6
316,"6/28/99",1,1731539,1.79769313486232e+308,1.79769313486232e+308,1.79769313486232e+308,1.79769313486232e+308,1.79769313486232e+308,1.79769313486232e+308,1.79769313486232e+308
317,"6/28/99",1,1731639,1,101,5,16,7,10,6
318,"6/28/99",1,1731739,1.79769313486232e+308,1.79769313486232e+308,1.79769313486232e+308,1.79769313486232e+308,1.79769313486232e+308,1.79769313486232e+308,1.79769313486232e+308
88,"9/22/95",1,1740139,1.79769313486232e+308,1.79769313486232e+308,1.79769313486232e+308,1.79769313486232e+308,1.79769313486232e+308,1.79769313486232e+308,1.79769313486232e+308
112,"9/22/95",1,1740149,1.79769313486232e+308,1.79769313486232e+308,1.79769313486232e+308,1.79769313486232e+308,1.79769313486232e+308,1.79769313486232e+308,1.79769313486232e+308
116,"9/22/95",1,1740159,1.79769313486232e+308,1.79769313486232e+308,1.79769313486232e+308,1.79769313486232e+308,1.79769313486232e+308,1.79769313486232e+308,1.79769313486232e+308
89,"9/22/95",1,1740239,1.79769313486232e+308,1.79769313486232e+308,1.79769313486232e+308,1.79769313486232e+308,1.79769313486232e+308,1.79769313486232e+308,1.79769313486232e+308
112,"9/22/95",1,1740249,1.79769313486232e+308,1.79769313486232e+308,1.79769313486232e+308,1.79769313486232e+308,1.79769313486232e+308,1.79769313486232e+308,1.79769313486232e+308
117,"9/22/95",1,1740259,1.79769313486232e+308,1.79769313486232e+308,1.79769313486232e+308,1.79769313486232e+308,1.79769313486232e+308,1.79769313486232e+308,1.79769313486232e+308
90,"9/22/95",1,1740339,1.79769313486232e+308,1.79769313486232e+308,1.79769313486232e+308,1.79769313486232e+308,1.79769313486232e+308,1.79769313486232e+308,1.79769313486232e+308
113,"9/22/95",1,1740349,1.79769313486232e+308,1.79769313486232e+308,1.79769313486232e+308,1.79769313486232e+308,1.79769313486232e+308,1.79769313486232e+308,1.79769313486232e+308
118,"9/22/95",1,1740359,1.79769313486232e+308,1.79769313486232e+308,1.79769313486232e+308,1.79769313486232e+308,1.79769313486232e+308,1.79769313486232e+308,1.79769313486232e+308
91,"9/22/95",1,1740439,1,103,12,30,5,30,6
92,"9/22/95",1,1740439,8,103,6,28,7,27,7
114,"9/22/95",1,1740449,1,101,1,6,8,1.79769313486232e+308,1.79769313486232e+308
119,"9/22/95",1,1740459,1.79769313486232e+308,1.79769313486232e+308,1.79769313486232e+308,1.79769313486232e+308,1.79769313486232e+308,1.79769313486232e+308,1.79769313486232e+308
93,"9/22/95",1,1740529,6,103,6,20,6,20,6
115,"9/22/95",1,1740549,1.79769313486232e+308,1.79769313486232e+308,1.79769313486232e+308,1.79769313486232e+308,1.79769313486232e+308,1.79769313486232e+308,1.79769313486232e+308
120,"9/22/95",1,1740559,13,101,6,25,7,15,6
121,"9/22/95",1,1740559,18,101,6,26,8,26,8
94,"9/22/95",1,1740629,1,101,6,10,6,20,6
96,"9/22/95",1,1740629,5,103,12,20,6,20,6
97,"9/22/95",1,1740629,6,103,12,20,6,20,6
95,"9/22/95",1,1740629,7,101,6,18,8,20,7
98,"9/22/95",1,1740739,3,103,12,20,7,22,7
99,"9/22/95",1,1740739,4,103,12,20,7,22,7
100,"9/22/95",1,1740839,1.79769313486232e+308,1.79769313486232e+308,1.79769313486232e+308,1.79769313486232e+308,1.79769313486232e+308,1.79769313486232e+308,1.79769313486232e+308
101,"9/22/95",1,1740939,1.79769313486232e+308,1.79769313486232e+308,1.79769313486232e+308,1.79769313486232e+308,1.79769313486232e+308,1.79769313486232e+308,1.79769313486232e+308
102,"9/22/95",1,1741039,1.79769313486232e+308,1.79769313486232e+308,1.79769313486232e+308,1.79769313486232e+308,1.79769313486232e+308,1.79769313486232e+308,1.79769313486232e+308
103,"9/22/95",1,1741139,4,101,2,3,7,1.79769313486232e+308,1.79769313486232e+308
104,"9/22/95",1,1741239,1.79769313486232e+308,1.79769313486232e+308,1.79769313486232e+308,1.79769313486232e+308,1.79769313486232e+308,1.79769313486232e+308,1.79769313486232e+308
105,"9/22/95",1,1741339,1.79769313486232e+308,1.79769313486232e+308,1.79769313486232e+308,1.79769313486232e+308,1.79769313486232e+308,1.79769313486232e+308,1.79769313486232e+308
106,"9/22/95",1,1741439,1,101,6,8,6,1.79769313486232e+308,1.79769313486232e+308
107,"9/22/95",1,1741539,1.79769313486232e+308,1.79769313486232e+308,1.79769313486232e+308,1.79769313486232e+308,1.79769313486232e+308,1.79769313486232e+308,1.79769313486232e+308
108,"9/22/95",1,1741639,1.79769313486232e+308,1.79769313486232e+308,1.79769313486232e+308,1.79769313486232e+308,1.79769313486232e+308,1.79769313486232e+308,1.79769313486232e+308
109,"9/22/95",1,1741739,1.79769313486232e+308,1.79769313486232e+308,1.79769313486232e+308,1.79769313486232e+308,1.79769313486232e+308,1.79769313486232e+308,1.79769313486232e+308
110,"9/22/95",1,1741839,1.79769313486232e+308,1.79769313486232e+308,1.79769313486232e+308,1.79769313486232e+308,1.79769313486232e+308,1.79769313486232e+308,1.79769313486232e+308
1,"5/10/99",1,1810131,1,101,10,30,6,30,8
2,"5/12/99",1,1810131,2,101,10,20,2,30,2
3,"5/12/99",1,1810131,5,101,10,4,2,4,4
60,"5/12/99",1,1810141,1,101,9,14,4,4,8
61,"5/12/99",1,1810141,3,101,9,14,5,4,8
62,"5/12/99",1,1810141,6,101,9,12,3,4,4
69,"5/12/99",1,1810151,1,101,12,15,3,15,3
4,"5/12/99",1,1810231,1,101,10,30,7,30,8
5,"5/12/99",1,1810231,2,101,8,10,4,17,5
63,"5/12/99",1,1810241,1.79769313486232e+308,1.79769313486232e+308,1.79769313486232e+308,1.79769313486232e+308,1.79769313486232e+308,1.79769313486232e+308,1.79769313486232e+308
70,"5/12/99",1,1810251,1,101,11,15,5,30,6
71,"5/12/99",1,1810252,1,101,11,20,6,30,8
72,"5/12/99",1,1810252,2,101,8,13,3,20,4
6,"5/12/99",1,1810331,1,101,10,28,5,30,10
7,"5/12/99",1,1810331,3,101,10,28,8,30,11
8,"5/12/99",1,1810331,4,101,10,10,3,10,4
64,"5/12/99",1,1810341,1,101,9,20,7,30,7
65,"5/12/99",1,1810341,2,101,3,8,4,30,4
73,"5/12/99",1,1810351,1,101,4,12,3,10,3
74,"5/12/99",1,1810351,2,101,11,20,6,15,4
9,"5/12/99",1,1810431,3,101,12,20,6,17,9
10,"5/12/99",1,1810431,4,101,12,20,6,17,9
11,"5/12/99",1,1810431,5,101,12,20,6,17,9
12,"5/12/99",1,1810431,6,101,12,20,1.5,4,8
13,"5/12/99",1,1810431,7,101,12,20,1.5,4,8
66,"5/12/99",1,1810441,1.79769313486232e+308,1.79769313486232e+308,1.79769313486232e+308,1.79769313486232e+308,1.79769313486232e+308,1.79769313486232e+308,1.79769313486232e+308
75,"5/12/99",1,1810459,1,101,10,10,5,30,3
76,"5/12/99",1,1810459,2,101,8,6,2,15,2
77,"5/12/99",1,1810459,3,101,5,3,2,4,2
78,"5/12/99",1,1810459,4,101,5,3,2,4,2
14,"5/12/99",1,1810531,1,101,10,20,6,15,6
15,"5/12/99",1,1810531,2,101,10,17,2,25,2
16,"5/12/99",1,1810532,1,101,10,22,5,30,7
17,"5/12/99",1,1810532,2,101,10,8,1,8,1.5
18,"5/12/99",1,1810533,1,101,10,20,5,15,6
67,"5/12/99",1,1810541,1,101,11,15,6,30,7
68,"5/12/99",1,1810541,2,101,4,5,3,5,4
19,"5/12/99",1,1810631,3,101,10,22,6,22,6
20,"5/12/99",1,1810731,3,101,11,10,3,30,6
21,"5/12/99",1,1810731,6,101,11,10,2,15,4
22,"5/12/99",1,1810731,8,101,11,10,2,1.79769313486232e+308,1.79769313486232e+308
23,"5/12/99",1,1810831,1,101,10,6,6,1.79769313486232e+308,1.79769313486232e+308
25,"5/12/99",1,1810831,2,101,5,4,2,10,4
24,"5/12/99",1,1810831,3,101,10,5,6,1.79769313486232e+308,1.79769313486232e+308
26,"5/12/99",1,1810931,1,101,7,25,6,30,7
27,"5/12/99",1,1810931,2,101,7,15,2,25,3
28,"5/12/99",1,1810931,3,101,7,20,2,25,3
29,"5/12/99",1,1810931,4,101,7,20,3,20,4
30,"5/12/99",1,1811031,1,101,6,12,8,8,7
31,"5/12/99",1,1811131,1,101,10,22,6,18,8
32,"5/12/99",1,1811131,2,101,10,6,3,10,5
33,"5/12/99",1,1811131,4,101,10,9,5,12,6
34,"5/12/99",1,1811231,2,101,5,4,4,1.79769313486232e+308,1.79769313486232e+308
35,"5/12/99",1,1811231,3,101,5,4,8,4,8
36,"5/12/99",1,1811339,1,101,10,13,5,6,6
37,"5/12/99",1,1811339,2,101,4,4,2,3,3
48,"5/12/99",1,1811439,1,101,10,4,1.5,20,1.5
49,"5/12/99",1,1811439,3,101,10,12,5,26,5
44,"5/12/99",1,1811539,1,101,10,15,5,10,4
45,"5/12/99",1,1811539,2,101,10,10,3,1.79769313486232e+308,1.79769313486232e+308
46,"5/12/99",1,1811539,3,101,10,10,3,10,4
47,"5/12/99",1,1811539,4,101,4,8,3,1.79769313486232e+308,1.79769313486232e+308
41,"5/12/99",1,1811639,1,101,10,17,4,12,3
42,"5/12/99",1,1811639,2,101,3,12,1.5,7,1.5
43,"5/12/99",1,1811639,5,101,3,15,2,7,2
38,"5/12/99",1,1811739,1,101,10,15,5,25,2
39,"5/12/99",1,1811739,2,101,6,8,3,20,1
40,"5/12/99",1,1811739,3,101,10,10,2,20,1
50,"5/12/99",1,1811839,2,101,10,15,5,24,7
51,"5/12/99",1,1811839,6,101,8,11,3,20,5
52,"5/12/99",1,1811939,1,101,10,15,3,10,4
53,"5/12/99",1,1811939,2,101,3,15,2,16,5
54,"5/12/99",1,1811939,3,101,3,15,2,16,3
55,"5/12/99",1,1811939,4,101,8,10,3,15,7
56,"5/12/99",1,1812039,1,101,8,10,3,3,4
57,"5/12/99",1,1812039,2,101,7,16,5,1,3
58,"5/12/99",1,1812039,5,101,5,7,4,5,4
59,"5/12/99",1,1812039,7,101,5,7,4,20,7
367,"6/24/99",1,1820131,1,101,12,20,4,5,3
368,"7/03/99",1,1820131,2,101,12,8,2,3,2
371,"7/03/99",1,1820131,3,101,12,7,2,8,2
369,"7/03/99",1,1820131,6,101,12,22,5,8,3
370,"7/03/99",1,1820131,7,101,12,5,2,5,1
372,"7/03/99",1,1820131,8,101,12,4,2,3,1
430,"7/03/99",1,1820141,2,101,5,7,0.5,1.79769313486232e+308,1.79769313486232e+308
436,"7/03/99",1,1820151,1,101,4,22,3,12,3
437,"7/03/99",1,1820151,2,101,4,22,2,8,1
438,"7/03/99",1,1820151,3,101,4,20,3,10,2
439,"7/03/99",1,1820151,4,101,4,12,0.5,10,1.79769313486232e+308
440,"7/03/99",1,1820151,5,101,4,12,1,12,1
373,"7/03/99",1,1820231,1,101,10,6,4,7,3
431,"7/03/99",1,1820241,1,101,10,5,6,8,7
441,"7/03/99",1,1820251,1,101,9,20,5,8,3
442,"7/03/99",1,1820251,2,101,9,20,3,8,2
443,"7/03/99",1,1820251,3,101,9,6,1.5,1.79769313486232e+308,1.79769313486232e+308
444,"7/03/99",1,1820252,1,101,10,18,4,5,3
445,"7/03/99",1,1820252,2,101,6,10,2,1.79769313486232e+308,1.79769313486232e+308
374,"7/03/99",1,1820331,1,101,10,5,3,7,2
375,"7/03/99",1,1820331,2,101,10,4,2,7,1
432,"7/03/99",1,1820341,1,101,6,15,6,23,4
433,"7/03/99",1,1820341,2,101,6,9,2,10,2
446,"7/03/99",1,1820351,1,101,10,15,5,7,3
447,"7/03/99",1,1820351,2,101,10,6,2,4,2
448,"7/03/99",1,1820351,4,101,10,3,5,3,3
376,"7/03/99",1,1820431,1,101,10,7,5,7,4
377,"7/03/99",1,1820431,2,101,10,4,2,7,3
378,"7/03/99",1,1820431,3,101,10,4,3,4,3
434,"7/03/99",1,1820441,1.79769313486232e+308,1.79769313486232e+308,1.79769313486232e+308,1.79769313486232e+308,1.79769313486232e+308,1.79769313486232e+308,1.79769313486232e+308
449,"7/03/99",1,1820459,1,101,10,2,5,3,6
450,"7/03/99",1,1820459,2,101,4,5,3,3,4
451,"7/03/99",1,1820459,3,101,10,16,4,10,6
379,"7/03/99",1,1820531,1,101,10,12,5,5,5
380,"7/03/99",1,1820531,2,101,4,10,3,12,2
381,"7/03/99",1,1820531,3,101,4,10,3,8,3
382,"7/03/99",1,1820531,5,101,4,10,2.5,12,3
435,"7/03/99",1,1820541,1.79769313486232e+308,1.79769313486232e+308,1.79769313486232e+308,1.79769313486232e+308,1.79769313486232e+308,1.79769313486232e+308,1.79769313486232e+308
383,"7/03/99",1,1820631,2,101,4,27,2,9,4
384,"7/03/99",1,1820631,3,101,3,22,2,7,4
385,"7/03/99",1,1820631,4,101,4,27,3,4,6
386,"7/03/99",1,1820631,5,101,3,22,2,6,3
387,"7/03/99",1,1820731,1,101,10,8,1,12,1
388,"7/03/99",1,1820731,2,101,10,10,4,1.79769313486232e+308,1.79769313486232e+308
389,"7/03/99",1,1820731,3,101,10,8,2,1.79769313486232e+308,1.79769313486232e+308
392,"7/03/99",1,1820731,4,101,6,8,4,1.79769313486232e+308,1.79769313486232e+308
390,"7/03/99",1,1820731,5,101,8,8,4,1.79769313486232e+308,1.79769313486232e+308
391,"7/03/99",1,1820731,6,101,8,7,2,1.79769313486232e+308,1.79769313486232e+308
393,"7/03/99",1,1820732,1,101,10,16,5,2,6
394,"7/03/99",1,1820732,2,101,2,9,4,1.79769313486232e+308,1.79769313486232e+308
395,"7/03/99",1,1820831,1,101,10,20,4,25,3
396,"7/03/99",1,1820831,2,101,10,12,2,15,2
397,"7/03/99",1,1820831,3,101,10,12,2,22,2
398,"7/03/99",1,1820831,4,101,10,10,2,15,2
399,"7/03/99",1,1820931,1,101,8,15,4,20,3
400,"7/03/99",1,1820931,2,101,8,22,5,25,5
401,"7/03/99",1,1820931,3,101,8,8,2,8,1
402,"7/03/99",1,1821031,1,101,10,15,5,25,5
403,"7/03/99",1,1821031,2,101,10,12,3,20,3
404,"7/03/99",1,1821031,3,101,10,15,5,26,6
405,"7/03/99",1,1821031,4,101,10,6,1.5,7,2
406,"7/03/99",1,1821131,1,101,11,10,2,1.79769313486232e+308,1.79769313486232e+308
407,"7/03/99",1,1821131,2,101,11,8,1,1.79769313486232e+308,1.79769313486232e+308
408,"7/03/99",1,1821131,3,101,11,8,2,1.79769313486232e+308,1.79769313486232e+308
409,"7/03/99",1,1821231,2,101,10,15,3,12,2
410,"7/03/99",1,1821231,3,101,10,10,4,8,4
411,"7/03/99",1,1821231,5,101,10,5,1,4,1
412,"7/03/99",1,1821231,7,101,10,8,1,5,1
413,"7/03/99",1,1821339,1,101,10,20,5,15,5
414,"7/03/99",1,1821339,2,101,10,11,1.5,6,1
415,"7/03/99",1,1821439,1,101,9,15,4,4,6
416,"7/03/99",1,1821439,2,101,9,7,2,4,5
417,"7/03/99",1,1821439,3,101,5,3,3,4,6
418,"7/03/99",1,1821539,1,101,10,15,3,10,3
419,"7/03/99",1,1821539,2,101,10,17,2,15,3
420,"7/03/99",1,1821539,3,101,10,17,2,20,2
421,"7/03/99",1,1821639,1,101,10,16,3,15,6
422,"7/03/99",1,1821639,2,101,10,20,3.5,10,1
423,"7/03/99",1,1821639,4,101,10,15,1,5,2
424,"7/03/99",1,1821639,5,101,10,15,1,15,2
425,"7/03/99",1,1821739,1,101,10,16,4,13,9
426,"7/03/99",1,1821739,2,101,10,20,3,20,7
428,"7/03/99",1,1821839,1,101,10,10,5,1.79769313486232e+308,1.79769313486232e+308
429,"7/03/99",1,1821839,2,101,10,17,3,2,7
43,"9/11/99",1,1830131,1,101,9,20,4,8,7
44,"9/14/99",1,1830131,2,101,2,5,3,3,4
96,"9/14/99",1,1830141,3,103,6,25,9,26,9
106,"9/14/99",1,1830151,5,101,10,18,4,28,7
45,"9/14/99",1,1830231,1,101,10,15,2,7,3
46,"9/14/99",1,1830231,3,101,10,10,1,7,2
97,"9/14/99",1,1830241,1,103,6,6,3,1.79769313486232e+308,1.79769313486232e+308
98,"9/14/99",1,1830242,1,103,3,28,3,1.79769313486232e+308,1.79769313486232e+308
107,"9/14/99",1,1830251,4,101,10,15,1,10,1
47,"9/14/99",1,1830331,1,101,8,10,3,3,6
48,"9/14/99",1,1830331,2,101,8,5,1,3,2
49,"9/14/99",1,1830331,3,101,8,10,2,3,4
50,"9/14/99",1,1830331,4,101,8,10,2,3,4
99,"9/14/99",1,1830341,1.79769313486232e+308,1.79769313486232e+308,1.79769313486232e+308,1.79769313486232e+308,1.79769313486232e+308,1.79769313486232e+308,1.79769313486232e+308
108,"9/14/99",1,1830351,1.79769313486232e+308,1.79769313486232e+308,1.79769313486232e+308,1.79769313486232e+308,1.79769313486232e+308,1.79769313486232e+308,1.79769313486232e+308
51,"9/14/99",1,1830431,1,101,10,20,3,10,5
52,"9/14/99",1,1830431,2,101,4,10,1,1.79769313486232e+308,1.79769313486232e+308
53,"9/14/99",1,1830431,3,101,10,20,3,10,3
54,"9/14/99",1,1830431,5,101,10,20,1,1.79769313486232e+308,1.79769313486232e+308
100,"9/14/99",1,1830441,1,101,5,7,1.5,1.79769313486232e+308,1.79769313486232e+308
101,"9/14/99",1,1830441,3,103,5,10,2.5,1.79769313486232e+308,1.79769313486232e+308
109,"9/14/99",1,1830459,1,101,8,12,1.5,10,1.5
55,"9/14/99",1,1830531,1,101,10,15,3,3,1
56,"9/14/99",1,1830531,4,101,10,15,2,2,3
102,"9/14/99",1,1830541,1,101,10,13,3.5,4,5
103,"9/14/99",1,1830542,1,101,5,7,2,1.79769313486232e+308,1.79769313486232e+308
104,"9/14/99",1,1830542,4,101,5,4,1,1.79769313486232e+308,1.79769313486232e+308
105,"9/14/99",1,1830543,1,101,4,15,3,1.79769313486232e+308,1.79769313486232e+308
57,"9/14/99",1,1830631,1,101,10,7,3,1.79769313486232e+308,1.79769313486232e+308
58,"9/14/99",1,1830631,3,101,10,15,4,14,4
59,"9/14/99",1,1830731,1,101,10,7,1.5,8,1
60,"9/14/99",1,1830731,3,101,10,15,3.5,17,4
61,"9/14/99",1,1830831,1,101,10,12,3,22,3
62,"9/14/99",1,1830831,3,101,10,16,5,15,5
63,"9/14/99",1,1830831,4,101,10,14,4.5,20,2
64,"9/14/99",1,1830931,1,101,10,15,4,18,7
65,"9/14/99",1,1830931,2,101,3,8,2,1.79769313486232e+308,1.79769313486232e+308
66,"9/14/99",1,1830931,3,101,10,10,3,10,4
67,"9/14/99",1,1830931,4,101,10,7,2,5,1
68,"9/14/99",1,1831031,1,101,10,20,4,15,5
69,"9/14/99",1,1831031,3,101,10,5,3,1.79769313486232e+308,1.79769313486232e+308
70,"9/14/99",1,1831131,1,101,10,15,4,4,6
71,"9/14/99",1,1831131,2,101,10,10,3,1.79769313486232e+308,1.79769313486232e+308
72,"9/14/99",1,1831131,3,101,10,5,1.5,4,1
73,"9/14/99",1,1831231,1,101,10,13,4.5,12,5
74,"9/14/99",1,1831231,2,101,4,12,2,1.79769313486232e+308,1.79769313486232e+308
75,"9/14/99",1,1831339,1,101,10,20,4,15,4
76,"9/14/99",1,1831339,2,101,5,8,2,7,1.20000004768372
77,"9/14/99",1,1831439,1,101,10,13,3,4,1
78,"9/14/99",1,1831439,2,101,7,7,2,4,1
79,"9/14/99",1,1831439,3,101,6,3,1,2,1
80,"9/14/99",1,1831539,1,101,10,10,3.5,1.79769313486232e+308,1.79769313486232e+308
81,"9/14/99",1,1831539,2,101,10,5,2,1.79769313486232e+308,1.79769313486232e+308
82,"9/14/99",1,1831639,1,101,10,18,3.5,1,1.5
83,"9/14/99",1,1831739,1,101,10,15,3,16,3
84,"9/14/99",1,1831739,2,101,10,5,2,1.79769313486232e+308,1.79769313486232e+308
85,"9/14/99",1,1831839,1,101,10,15,3,10,2
86,"9/14/99",1,1831839,2,101,2,7,1,1.79769313486232e+308,1.79769313486232e+308
87,"9/14/99",1,1831839,3,101,2,7,2,1.79769313486232e+308,1.79769313486232e+308
88,"9/14/99",1,1831839,6,101,10,10,3,5,2
89,"9/14/99",1,1831939,1,101,10,12,5,6,9
90,"9/14/99",1,1832039,1,101,10,13,4,8,6
91,"9/14/99",1,1832039,2,101,4,4,1,1.79769313486232e+308,1.79769313486232e+308
92,"9/14/99",1,1832039,3,101,10,10,3,8,4
93,"9/14/99",1,1832039,4,101,10,10,3,8,4
94,"9/14/99",1,1832139,1,101,6,7,2,1.79769313486232e+308,1.79769313486232e+308
95,"9/14/99",1,1832239,1,101,10,18,4.5,14,6
1,"9/14/99",1,1840139,1,101,4,4,4,1.79769313486232e+308,1.79769313486232e+308
32,"9/14/99",1,1840149,1.79769313486232e+308,1.79769313486232e+308,1.79769313486232e+308,1.79769313486232e+308,1.79769313486232e+308,1.79769313486232e+308,1.79769313486232e+308
37,"9/14/99",1,1840159,1,101,9,10,5,8,5
2,"9/14/99",1,1840239,1.79769313486232e+308,1.79769313486232e+308,1.79769313486232e+308,1.79769313486232e+308,1.79769313486232e+308,1.79769313486232e+308,1.79769313486232e+308
33,"9/14/99",1,1840249,1,101,9,14,3,12,3
38,"9/14/99",1,1840259,1,101,12,15,4,25,4
3,"9/14/99",1,1840339,1.79769313486232e+308,1.79769313486232e+308,1.79769313486232e+308,1.79769313486232e+308,1.79769313486232e+308,1.79769313486232e+308,1.79769313486232e+308
34,"9/14/99",1,1840349,1.79769313486232e+308,1.79769313486232e+308,1.79769313486232e+308,1.79769313486232e+308,1.79769313486232e+308,1.79769313486232e+308,1.79769313486232e+308
39,"9/14/99",1,1840359,1,101,12,18,5,25,5
40,"9/14/99",1,1840359,3,101,9,12,3,20,3
4,"9/14/99",1,1840439,1,101,11,15,5,15,5
5,"9/14/99",1,1840439,3,101,6,10,3,5,4
35,"9/14/99",1,1840449,1.79769313486232e+308,1.79769313486232e+308,1.79769313486232e+308,1.79769313486232e+308,1.79769313486232e+308,1.79769313486232e+308,1.79769313486232e+308
41,"9/14/99",1,1840459,1,101,3,4,3,4,2
6,"9/14/99",1,1840539,1,101,6,12,4,7,4
36,"9/14/99",1,1840549,1.79769313486232e+308,1.79769313486232e+308,1.79769313486232e+308,1.79769313486232e+308,1.79769313486232e+308,1.79769313486232e+308,1.79769313486232e+308
42,"9/14/99",1,1840559,1,101,12,17,6,10,4
7,"9/14/99",1,1840639,1,101,3,12,3,1.79769313486232e+308,1.79769313486232e+308
8,"9/14/99",1,1840739,1,101,6,10,4,5,4
9,"9/14/99",1,1840739,3,101,6,15,4,8,5
10,"9/14/99",1,1840839,1.79769313486232e+308,1.79769313486232e+308,1.79769313486232e+308,1.79769313486232e+308,1.79769313486232e+308,1.79769313486232e+308,1.79769313486232e+308
11,"9/14/99",1,1840939,1,101,2,7,3.5,1.79769313486232e+308,1.79769313486232e+308
12,"9/14/99",1,1841039,1,101,10,12,4,15,3
14,"9/14/99",1,1841139,1,101,4,10,2,1.79769313486232e+308,1.79769313486232e+308
13,"9/14/99",1,1841139,1,102,12,28,5,30,3
15,"9/14/99",1,1841139,2,102,8,10,2,10,2
16,"9/14/99",1,1841239,1,101,10,15,5,15,5
17,"9/14/99",1,1841339,1,101,10,12,5,15,5
18,"9/14/99",1,1841439,3,102,8,7,3,7,3
19,"9/14/99",1,1841539,1,101,12,15,4,12,5
20,"9/14/99",1,1841639,1,101,6,8,3,5,4
21,"9/14/99",1,1841639,4,101,5,8,3,5,4
22,"9/14/99",1,1841639,6,101,6,10,3,5,4
23,"9/14/99",1,1841739,1.79769313486232e+308,1.79769313486232e+308,1.79769313486232e+308,1.79769313486232e+308,1.79769313486232e+308,1.79769313486232e+308,1.79769313486232e+308
24,"9/14/99",1,1841839,1,101,10,9,2,1.79769313486232e+308,1.79769313486232e+308
25,"9/14/99",1,1841839,3,101,2,5,1,1.79769313486232e+308,1.79769313486232e+308
26,"9/14/99",1,1841839,4,101,3,4,1,1.79769313486232e+308,1.79769313486232e+308
27,"9/14/99",1,1841939,1.79769313486232e+308,1.79769313486232e+308,1.79769313486232e+308,1.79769313486232e+308,1.79769313486232e+308,1.79769313486232e+308,1.79769313486232e+308
28,"9/14/99",1,1842039,1,101,10,19,4,16,7
29,"9/14/99",1,1842139,1,101,9,10,3,7,5
30,"9/14/99",1,1842139,3,101,4,8,2,6,4
31,"9/14/99",1,1842139,4,101,6,7,2,6,4
46,"9/16/99",1,1910141,1.79769313486232e+308,1.79769313486232e+308,1.79769313486232e+308,1.79769313486232e+308,1.79769313486232e+308,1.79769313486232e+308,1.79769313486232e+308
51,"9/16/99",1,1910151,1,101,12,8,5,20,6
52,"9/16/99",1,1910151,3,101,6,3,8,6,8
24,"10/09/99",1,1910231,1,101,6,8,4,12,4
25,"9/16/99",1,1910231,3,101,2,4,5,2,5
26,"9/16/99",1,1910231,4,101,2,5,6,3,6
27,"9/16/99",1,1910232,1.79769313486232e+308,1.79769313486232e+308,1.79769313486232e+308,1.79769313486232e+308,1.79769313486232e+308,1.79769313486232e+308,1.79769313486232e+308
47,"9/16/99",1,1910241,1.79769313486232e+308,1.79769313486232e+308,1.79769313486232e+308,1.79769313486232e+308,1.79769313486232e+308,1.79769313486232e+308,1.79769313486232e+308
53,"9/16/99",1,1910251,1,101,12,7,5,25,5
54,"9/16/99",1,1910251,3,101,6,7,4,15,4
28,"9/16/99",1,1910331,1.79769313486232e+308,1.79769313486232e+308,1.79769313486232e+308,1.79769313486232e+308,1.79769313486232e+308,1.79769313486232e+308,1.79769313486232e+308
29,"9/16/99",1,1910431,1.79769313486232e+308,1.79769313486232e+308,1.79769313486232e+308,1.79769313486232e+308,1.79769313486232e+308,1.79769313486232e+308,1.79769313486232e+308
48,"9/16/99",1,1910441,1.79769313486232e+308,1.79769313486232e+308,1.79769313486232e+308,1.79769313486232e+308,1.79769313486232e+308,1.79769313486232e+308,1.79769313486232e+308
55,"9/16/99",1,1910459,1.79769313486232e+308,1.79769313486232e+308,1.79769313486232e+308,1.79769313486232e+308,1.79769313486232e+308,1.79769313486232e+308,1.79769313486232e+308
30,"9/16/99",1,1910531,1.79769313486232e+308,1.79769313486232e+308,1.79769313486232e+308,1.79769313486232e+308,1.79769313486232e+308,1.79769313486232e+308,1.79769313486232e+308
49,"9/16/99",1,1910541,1.79769313486232e+308,1.79769313486232e+308,1.79769313486232e+308,1.79769313486232e+308,1.79769313486232e+308,1.79769313486232e+308,1.79769313486232e+308
31,"9/16/99",1,1910631,1.79769313486232e+308,1.79769313486232e+308,1.79769313486232e+308,1.79769313486232e+308,1.79769313486232e+308,1.79769313486232e+308,1.79769313486232e+308
50,"9/16/99",1,1910641,1.79769313486232e+308,1.79769313486232e+308,1.79769313486232e+308,1.79769313486232e+308,1.79769313486232e+308,1.79769313486232e+308,1.79769313486232e+308
32,"9/16/99",1,1910731,1.79769313486232e+308,1.79769313486232e+308,1.79769313486232e+308,1.79769313486232e+308,1.79769313486232e+308,1.79769313486232e+308,1.79769313486232e+308
33,"9/16/99",1,1910831,1.79769313486232e+308,1.79769313486232e+308,1.79769313486232e+308,1.79769313486232e+308,1.79769313486232e+308,1.79769313486232e+308,1.79769313486232e+308
34,"9/16/99",1,1910931,1.79769313486232e+308,1.79769313486232e+308,1.79769313486232e+308,1.79769313486232e+308,1.79769313486232e+308,1.79769313486232e+308,1.79769313486232e+308
35,"9/16/99",1,1911031,1,101,12,5,4,10,4
36,"9/16/99",1,1911031,3,101,12,7,4,15,4
37,"9/16/99",1,1911231,1.79769313486232e+308,1.79769313486232e+308,1.79769313486232e+308,1.79769313486232e+308,1.79769313486232e+308,1.79769313486232e+308,1.79769313486232e+308
38,"9/16/99",1,1911331,1.79769313486232e+308,1.79769313486232e+308,1.79769313486232e+308,1.79769313486232e+308,1.79769313486232e+308,1.79769313486232e+308,1.79769313486232e+308
39,"9/16/99",1,1911431,1.79769313486232e+308,1.79769313486232e+308,1.79769313486232e+308,1.79769313486232e+308,1.79769313486232e+308,1.79769313486232e+308,1.79769313486232e+308
40,"9/16/99",1,1911539,1.79769313486232e+308,1.79769313486232e+308,1.79769313486232e+308,1.79769313486232e+308,1.79769313486232e+308,1.79769313486232e+308,1.79769313486232e+308
41,"9/16/99",1,1911639,1.79769313486232e+308,1.79769313486232e+308,1.79769313486232e+308,1.79769313486232e+308,1.79769313486232e+308,1.79769313486232e+308,1.79769313486232e+308
42,"9/16/99",1,1911739,1.79769313486232e+308,1.79769313486232e+308,1.79769313486232e+308,1.79769313486232e+308,1.79769313486232e+308,1.79769313486232e+308,1.79769313486232e+308
43,"9/16/99",1,1911839,1.79769313486232e+308,1.79769313486232e+308,1.79769313486232e+308,1.79769313486232e+308,1.79769313486232e+308,1.79769313486232e+308,1.79769313486232e+308
44,"9/16/99",1,1911939,1,101,12,16,4,16,4
45,"9/16/99",1,1912039,1.79769313486232e+308,1.79769313486232e+308,1.79769313486232e+308,1.79769313486232e+308,1.79769313486232e+308,1.79769313486232e+308,1.79769313486232e+308
427,"6/30/99",1,1920131,1.79769313486232e+308,1.79769313486232e+308,1.79769313486232e+308,1.79769313486232e+308,1.79769313486232e+308,1.79769313486232e+308,1.79769313486232e+308
457,"6/30/99",1,1920141,1.79769313486232e+308,1.79769313486232e+308,1.79769313486232e+308,1.79769313486232e+308,1.79769313486232e+308,1.79769313486232e+308,1.79769313486232e+308
462,"6/30/99",1,1920151,1,101,12,15,5,12,7
428,"6/30/99",1,1920231,1.79769313486232e+308,1.79769313486232e+308,1.79769313486232e+308,1.79769313486232e+308,1.79769313486232e+308,1.79769313486232e+308,1.79769313486232e+308
458,"6/30/99",1,1920241,1,101,2,15,1,7,1
463,"6/30/99",1,1920251,3,101,12,10,7,7,8
464,"6/30/99",1,1920251,6,101,12,5,7,4,7
429,"6/30/99",1,1920331,1,101,12,6,8,3,6
430,"6/30/99",1,1920331,6,101,6,3,4,1,7
431,"6/30/99",1,1920331,7,101,5,2,6,2,5
465,"6/30/99",1,1920351,1.79769313486232e+308,1.79769313486232e+308,1.79769313486232e+308,1.79769313486232e+308,1.79769313486232e+308,1.79769313486232e+308,1.79769313486232e+308
432,"6/30/99",1,1920431,1.79769313486232e+308,1.79769313486232e+308,1.79769313486232e+308,1.79769313486232e+308,1.79769313486232e+308,1.79769313486232e+308,1.79769313486232e+308
459,"6/30/99",1,1920441,1.79769313486232e+308,1.79769313486232e+308,1.79769313486232e+308,1.79769313486232e+308,1.79769313486232e+308,1.79769313486232e+308,1.79769313486232e+308
466,"6/30/99",1,1920459,1.79769313486232e+308,1.79769313486232e+308,1.79769313486232e+308,1.79769313486232e+308,1.79769313486232e+308,1.79769313486232e+308,1.79769313486232e+308
433,"6/30/99",1,1920531,1.79769313486232e+308,1.79769313486232e+308,1.79769313486232e+308,1.79769313486232e+308,1.79769313486232e+308,1.79769313486232e+308,1.79769313486232e+308
460,"6/30/99",1,1920541,1.79769313486232e+308,1.79769313486232e+308,1.79769313486232e+308,1.79769313486232e+308,1.79769313486232e+308,1.79769313486232e+308,1.79769313486232e+308
434,"6/30/99",1,1920631,1.79769313486232e+308,1.79769313486232e+308,1.79769313486232e+308,1.79769313486232e+308,1.79769313486232e+308,1.79769313486232e+308,1.79769313486232e+308
461,"6/30/99",1,1920641,1.79769313486232e+308,1.79769313486232e+308,1.79769313486232e+308,1.79769313486232e+308,1.79769313486232e+308,1.79769313486232e+308,1.79769313486232e+308
435,"6/30/99",1,1920731,1.79769313486232e+308,1.79769313486232e+308,1.79769313486232e+308,1.79769313486232e+308,1.79769313486232e+308,1.79769313486232e+308,1.79769313486232e+308
436,"6/30/99",1,1920831,1.79769313486232e+308,1.79769313486232e+308,1.79769313486232e+308,1.79769313486232e+308,1.79769313486232e+308,1.79769313486232e+308,1.79769313486232e+308
437,"6/30/99",1,1920931,1.79769313486232e+308,1.79769313486232e+308,1.79769313486232e+308,1.79769313486232e+308,1.79769313486232e+308,1.79769313486232e+308,1.79769313486232e+308
438,"6/30/99",1,1921031,3,103,12,3,7,3,7
439,"6/30/99",1,1921231,1.79769313486232e+308,1.79769313486232e+308,1.79769313486232e+308,1.79769313486232e+308,1.79769313486232e+308,1.79769313486232e+308,1.79769313486232e+308
440,"6/30/99",1,1921331,1,101,9,7,4,2,4
441,"6/30/99",1,1921331,3,101,12,4,5,1.79769313486232e+308,1.79769313486232e+308
442,"6/30/99",1,1921331,5,101,12,3,5,2,4
443,"6/30/99",1,1921331,6,101,12,4,3,1,5
444,"6/30/99",1,1921431,1,103,11,5,3,4,3
445,"6/30/99",1,1921431,4,103,12,6,3,5,3
446,"6/30/99",1,1921539,1.79769313486232e+308,1.79769313486232e+308,1.79769313486232e+308,1.79769313486232e+308,1.79769313486232e+308,1.79769313486232e+308,1.79769313486232e+308
447,"6/30/99",1,1921639,1.79769313486232e+308,1.79769313486232e+308,1.79769313486232e+308,1.79769313486232e+308,1.79769313486232e+308,1.79769313486232e+308,1.79769313486232e+308
448,"6/30/99",1,1921739,1,101,9,8,4,1.79769313486232e+308,1.79769313486232e+308
449,"6/30/99",1,1921839,1,103,3,15,8,1.79769313486232e+308,1.79769313486232e+308
450,"6/30/99",1,1921939,1,101,12,14,5,14,5
451,"6/30/99",1,1921939,1,103,9,15,6,1.79769313486232e+308,1.79769313486232e+308
452,"6/30/99",1,1922039,1.79769313486232e+308,1.79769313486232e+308,1.79769313486232e+308,1.79769313486232e+308,1.79769313486232e+308,1.79769313486232e+308,1.79769313486232e+308
453,"6/30/99",1,1922139,1,101,3,4,4,1.79769313486232e+308,1.79769313486232e+308
454,"6/30/99",1,1922239,1,101,6,4,5,1.79769313486232e+308,1.79769313486232e+308
455,"6/30/99",1,1922339,1.79769313486232e+308,1.79769313486232e+308,1.79769313486232e+308,1.79769313486232e+308,1.79769313486232e+308,1.79769313486232e+308,1.79769313486232e+308
456,"6/30/99",1,1922439,1,101,8,5,4,1.79769313486232e+308,1.79769313486232e+308
37,"7/09/99",1,1930131,1.79769313486232e+308,1.79769313486232e+308,1.79769313486232e+308,1.79769313486232e+308,1.79769313486232e+308,1.79769313486232e+308,1.79769313486232e+308
61,"7/09/99",1,1930141,1,103,2,12,3,1.79769313486232e+308,1.79769313486232e+308
62,"7/09/99",1,1930141,3,103,2,17,3,1.79769313486232e+308,1.79769313486232e+308
69,"7/09/99",1,1930151,1,101,9,11,8,20,6
70,"7/09/99",1,1930151,1,103,2,16,5,1.79769313486232e+308,1.79769313486232e+308
38,"7/09/99",1,1930231,1,103,2,12,5,1.79769313486232e+308,1.79769313486232e+308
39,"7/09/99",1,1930231,4,103,2,15,4,1.79769313486232e+308,1.79769313486232e+308
40,"7/09/99",1,1930231,5,103,2,14,5,1.79769313486232e+308,1.79769313486232e+308
63,"7/09/99",1,1930241,1,103,12,22,7,1.79769313486232e+308,1.79769313486232e+308
71,"7/09/99",1,1930251,1.79769313486232e+308,1.79769313486232e+308,1.79769313486232e+308,1.79769313486232e+308,1.79769313486232e+308,1.79769313486232e+308,1.79769313486232e+308
41,"7/09/99",1,1930331,1.79769313486232e+308,1.79769313486232e+308,1.79769313486232e+308,1.79769313486232e+308,1.79769313486232e+308,1.79769313486232e+308,1.79769313486232e+308
64,"7/09/99",1,1930341,1,101,8,12,5,14,7
65,"7/09/99",1,1930341,1,103,2,16,5,1.79769313486232e+308,1.79769313486232e+308
72,"7/09/99",1,1930351,1.79769313486232e+308,1.79769313486232e+308,1.79769313486232e+308,1.79769313486232e+308,1.79769313486232e+308,1.79769313486232e+308,1.79769313486232e+308
66,"7/09/99",1,1930441,1,103,12,24,7,22,7
73,"7/09/99",1,1930459,1.79769313486232e+308,1.79769313486232e+308,1.79769313486232e+308,1.79769313486232e+308,1.79769313486232e+308,1.79769313486232e+308,1.79769313486232e+308
42,"7/09/99",1,1930531,1.79769313486232e+308,1.79769313486232e+308,1.79769313486232e+308,1.79769313486232e+308,1.79769313486232e+308,1.79769313486232e+308,1.79769313486232e+308
67,"7/09/99",1,1930541,1,103,2,12,5,1.79769313486232e+308,1.79769313486232e+308
43,"7/09/99",1,1930631,6,101,4,10,5,1.79769313486232e+308,1.79769313486232e+308
44,"7/09/99",1,1930631,6,103,2,20,5,1.79769313486232e+308,1.79769313486232e+308
68,"7/09/99",1,1930641,1,103,2,20,4,1.79769313486232e+308,1.79769313486232e+308
45,"7/09/99",1,1930731,1.79769313486232e+308,1.79769313486232e+308,1.79769313486232e+308,1.79769313486232e+308,1.79769313486232e+308,1.79769313486232e+308,1.79769313486232e+308
46,"7/09/99",1,1930831,1,103,12,22,8,19,8
47,"7/09/99",1,1930831,4,103,12,13,5,15,7
48,"7/09/99",1,1930931,1,101,12,17,5,15,6
50,"7/09/99",1,1931031,1,103,2,9,4,1.79769313486232e+308,1.79769313486232e+308
49,"7/09/99",1,1931031,1,101,9,8,5,10,4
51,"7/09/99",1,1931031,5,101,9,12,3,18,3
52,"7/09/99",1,1931131,1,103,2,20,5,1.79769313486232e+308,1.79769313486232e+308
53,"7/09/99",1,1931231,1.79769313486232e+308,1.79769313486232e+308,1.79769313486232e+308,1.79769313486232e+308,1.79769313486232e+308,1.79769313486232e+308,1.79769313486232e+308
54,"7/09/99",1,1931232,1.79769313486232e+308,1.79769313486232e+308,1.79769313486232e+308,1.79769313486232e+308,1.79769313486232e+308,1.79769313486232e+308,1.79769313486232e+308
55,"7/09/99",1,1931331,1.79769313486232e+308,1.79769313486232e+308,1.79769313486232e+308,1.79769313486232e+308,1.79769313486232e+308,1.79769313486232e+308,1.79769313486232e+308
56,"7/09/99",1,1931431,1,101,9,2,4,19,3
60,"7/09/99",1,1931431,4,103,2,9,4,1.79769313486232e+308,1.79769313486232e+308
57,"7/09/99",1,1931431,4,101,7,10,4,17,7
58,"7/09/99",1,1931431,7,101,7,12,4,12,4
59,"7/09/99",1,1931431,8,101,7,4,3,3,4
1,"9/09/99",1,1940139,1,101,2,30,8,1.79769313486232e+308,1.79769313486232e+308
2,"9/09/99",1,1940139,3,101,6,10,4,1.79769313486232e+308,1.79769313486232e+308
27,"9/11/99",1,1940149,1,101,7,8,6,1.79769313486232e+308,1.79769313486232e+308
28,"9/11/99",1,1940149,7,101,7,20,4,1.79769313486232e+308,1.79769313486232e+308
33,"9/11/99",1,1940159,1.79769313486232e+308,1.79769313486232e+308,1.79769313486232e+308,1.79769313486232e+308,1.79769313486232e+308,1.79769313486232e+308,1.79769313486232e+308
3,"9/09/99",1,1940239,1,101,2,3,4,1.79769313486232e+308,1.79769313486232e+308
4,"9/09/99",1,1940239,3,101,2,2,4,1.79769313486232e+308,1.79769313486232e+308
29,"9/11/99",1,1940249,1.79769313486232e+308,1.79769313486232e+308,1.79769313486232e+308,1.79769313486232e+308,1.79769313486232e+308,1.79769313486232e+308,1.79769313486232e+308
34,"9/11/99",1,1940259,1,101,8,20,6,20,6
35,"9/11/99",1,1940259,4,101,6,15,4,15,4
36,"9/11/99",1,1940259,5,101,4,8,4,1.79769313486232e+308,1.79769313486232e+308
5,"9/09/99",1,1940339,1,101,2,5,4,1.79769313486232e+308,1.79769313486232e+308
30,"9/11/99",1,1940349,1.79769313486232e+308,1.79769313486232e+308,1.79769313486232e+308,1.79769313486232e+308,1.79769313486232e+308,1.79769313486232e+308,1.79769313486232e+308
37,"9/11/99",1,1940359,1,101,8,15,8,15,8
38,"9/11/99",1,1940359,7,101,8,10,4,1.79769313486232e+308,1.79769313486232e+308
39,"9/11/99",1,1940359,10,101,6,30,8,30,8
6,"9/09/99",1,1940439,1.79769313486232e+308,1.79769313486232e+308,1.79769313486232e+308,1.79769313486232e+308,1.79769313486232e+308,1.79769313486232e+308,1.79769313486232e+308
31,"9/11/99",1,1940449,1.79769313486232e+308,1.79769313486232e+308,1.79769313486232e+308,1.79769313486232e+308,1.79769313486232e+308,1.79769313486232e+308,1.79769313486232e+308
40,"9/11/99",1,1940459,1,101,4,6,4,1.79769313486232e+308,1.79769313486232e+308
41,"9/11/99",1,1940459,2,101,4,15,4,1.79769313486232e+308,1.79769313486232e+308
7,"9/09/99",1,1940539,1.79769313486232e+308,1.79769313486232e+308,1.79769313486232e+308,1.79769313486232e+308,1.79769313486232e+308,1.79769313486232e+308,1.79769313486232e+308
32,"9/11/99",1,1940549,1.79769313486232e+308,1.79769313486232e+308,1.79769313486232e+308,1.79769313486232e+308,1.79769313486232e+308,1.79769313486232e+308,1.79769313486232e+308
42,"9/11/99",1,1940559,1.79769313486232e+308,1.79769313486232e+308,1.79769313486232e+308,1.79769313486232e+308,1.79769313486232e+308,1.79769313486232e+308,1.79769313486232e+308
8,"9/09/99",1,1940639,1,101,2,8,4,1.79769313486232e+308,1.79769313486232e+308
9,"9/09/99",1,1940639,3,101,2,6,4,1.79769313486232e+308,1.79769313486232e+308
10,"9/09/99",1,1940739,1,101,1,8,4,1.79769313486232e+308,1.79769313486232e+308
11,"9/09/99",1,1940739,2,101,1,8,4,1.79769313486232e+308,1.79769313486232e+308
12,"9/09/99",1,1940839,1.79769313486232e+308,1.79769313486232e+308,1.79769313486232e+308,1.79769313486232e+308,1.79769313486232e+308,1.79769313486232e+308,1.79769313486232e+308
13,"9/09/99",1,1940939,1,101,8,20,6,20,6
14,"9/09/99",1,1940939,3,101,6,10,4,1.79769313486232e+308,1.79769313486232e+308
15,"9/09/99",1,1941039,1,101,7,22,4,1.79769313486232e+308,1.79769313486232e+308
16,"9/09/99",1,1941039,2,101,2,16,4,1.79769313486232e+308,1.79769313486232e+308
17,"9/09/99",1,1941139,1.79769313486232e+308,1.79769313486232e+308,1.79769313486232e+308,1.79769313486232e+308,1.79769313486232e+308,1.79769313486232e+308,1.79769313486232e+308
18,"9/09/99",1,1941239,1.79769313486232e+308,1.79769313486232e+308,1.79769313486232e+308,1.79769313486232e+308,1.79769313486232e+308,1.79769313486232e+308,1.79769313486232e+308
19,"9/09/99",1,1941339,2,101,2,16,4,1.79769313486232e+308,1.79769313486232e+308
20,"9/09/99",1,1941439,1,101,6,20,4,1.79769313486232e+308,1.79769313486232e+308
21,"9/11/99",1,1941439,6,101,6,20,4,1.79769313486232e+308,1.79769313486232e+308
22,"9/11/99",1,1941439,8,101,9,24,8,24,8
23,"9/11/99",1,1941539,1,101,6,6,4,1.79769313486232e+308,1.79769313486232e+308
24,"9/11/99",1,1941539,2,101,4,8,2,8,2
25,"9/11/99",1,1941539,4,101,6,15,4,1.79769313486232e+308,1.79769313486232e+308
26,"9/11/99",1,1941539,5,101,2,12,4,1.79769313486232e+308,1.79769313486232e+308
99,"10/04/99",1,2010131,1.79769313486232e+308,1.79769313486232e+308,1.79769313486232e+308,1.79769313486232e+308,1.79769313486232e+308,1.79769313486232e+308,1.79769313486232e+308
127,"10/04/99",1,2010141,1,101,12,10,5,10,5
137,"10/04/99",1,2010151,1,101,12,10,3,10,3
138,"10/04/99",1,2010151,4,101,12,4,4,4,4
139,"10/04/99",1,2010151,5,101,12,10,4,4,4
100,"10/04/99",1,2010231,1.79769313486232e+308,1.79769313486232e+308,1.79769313486232e+308,1.79769313486232e+308,1.79769313486232e+308,1.79769313486232e+308,1.79769313486232e+308
129,"10/04/99",1,2010241,1,103,3,15,6,1.79769313486232e+308,1.79769313486232e+308
128,"10/04/99",1,2010241,1,101,5,4,5,1.79769313486232e+308,1.79769313486232e+308
140,"10/04/99",1,2010251,5,101,5,3,9,1.79769313486232e+308,1.79769313486232e+308
141,"10/04/99",1,2010251,6,101,3,4,6,1.79769313486232e+308,1.79769313486232e+308
142,"10/04/99",1,2010252,1,101,5,4,9,1.79769313486232e+308,1.79769313486232e+308
101,"10/04/99",1,2010331,1,101,4,3,8,1.79769313486232e+308,1.79769313486232e+308
102,"10/04/99",1,2010331,1,103,5,2,6,15,8
130,"10/04/99",1,2010341,1,101,5,3,6,5,8
144,"10/04/99",1,2010351,8,103,12,30,1,30,1
145,"10/04/99",1,2010351,8,104,12,30,2,30,2
143,"10/04/99",1,2010351,8,101,9,10,6,10,6
103,"10/04/99",1,2010431,1,101,5,5,8,3,8
131,"10/04/99",1,2010441,1,101,5,7,6,7,6
132,"10/04/99",1,2010441,1,103,12,10,2,30,2
146,"10/04/99",1,2010459,1,101,12,10,4,10,4
104,"10/04/99",1,2010531,3,101,3,4,8,1.79769313486232e+308,1.79769313486232e+308
133,"10/04/99",1,2010541,1,101,12,10,2,10,2
134,"10/04/99",1,2010541,6,101,12,5,4,10,4
135,"10/04/99",1,2010542,1,101,9,7,5,5,5
136,"10/04/99",1,2010543,1,101,4,4,4,1.79769313486232e+308,1.79769313486232e+308
105,"10/04/99",1,2010631,1.79769313486232e+308,1.79769313486232e+308,1.79769313486232e+308,1.79769313486232e+308,1.79769313486232e+308,1.79769313486232e+308,1.79769313486232e+308
106,"10/04/99",1,2010731,1.79769313486232e+308,1.79769313486232e+308,1.79769313486232e+308,1.79769313486232e+308,1.79769313486232e+308,1.79769313486232e+308,1.79769313486232e+308
107,"10/04/99",1,2010831,1.79769313486232e+308,1.79769313486232e+308,1.79769313486232e+308,1.79769313486232e+308,1.79769313486232e+308,1.79769313486232e+308,1.79769313486232e+308
108,"10/04/99",1,2010931,1,101,5,2,8,2,6
109,"10/04/99",1,2011031,1,101,2,7,8,1.79769313486232e+308,1.79769313486232e+308
110,"10/04/99",1,2011031,5,101,5,6,5,1.79769313486232e+308,1.79769313486232e+308
111,"10/04/99",1,2011131,1,101,5,7,9,1.79769313486232e+308,1.79769313486232e+308
112,"10/04/99",1,2011132,1,101,3,4,8,5,8
113,"10/04/99",1,2011231,1.79769313486232e+308,1.79769313486232e+308,1.79769313486232e+308,1.79769313486232e+308,1.79769313486232e+308,1.79769313486232e+308,1.79769313486232e+308
114,"10/04/99",1,2011339,1.79769313486232e+308,1.79769313486232e+308,1.79769313486232e+308,1.79769313486232e+308,1.79769313486232e+308,1.79769313486232e+308,1.79769313486232e+308
115,"10/04/99",1,2011439,1,101,5,8,8,7,8
116,"10/04/99",1,2011439,3,101,5,3,9,2,9
117,"10/04/99",1,2011539,1,101,3,3,7,1.79769313486232e+308,1.79769313486232e+308
119,"10/04/99",1,2011639,1,103,3,25,6,1.79769313486232e+308,1.79769313486232e+308
118,"10/04/99",1,2011639,1,101,5,4,8,1.79769313486232e+308,1.79769313486232e+308
120,"10/04/99",1,2011739,1.79769313486232e+308,1.79769313486232e+308,1.79769313486232e+308,1.79769313486232e+308,1.79769313486232e+308,1.79769313486232e+308,1.79769313486232e+308
121,"10/04/99",1,2011839,1,101,4,5,5,1.79769313486232e+308,1.79769313486232e+308
122,"10/04/99",1,2011939,1,101,9,10,5,10,5
124,"10/04/99",1,2011939,3,103,5,30,9,20,8
123,"10/04/99",1,2011939,3,101,9,10,5,10,5
125,"10/04/99",1,2012039,1,101,9,10,4,10,4
126,"10/04/99",1,2012039,3,101,9,10,2,10,2
43,"9/24/99",1,2020131,1,101,12,15,8,20,6
44,"9/24/99",1,2020132,1,101,9,9,6,9,6
45,"9/24/99",1,2020133,1.79769313486232e+308,1.79769313486232e+308,1.79769313486232e+308,1.79769313486232e+308,1.79769313486232e+308,1.79769313486232e+308,1.79769313486232e+308
87,"9/24/99",1,2020141,1,101,5,5,8,5,8
94,"9/24/99",1,2020151,1,101,9,15,7,15,7
46,"9/24/99",1,2020231,1,101,9,5,4,5,4
47,"9/24/99",1,2020231,6,101,9,5,4,5,4
48,"9/24/99",1,2020232,1.79769313486232e+308,1.79769313486232e+308,1.79769313486232e+308,1.79769313486232e+308,1.79769313486232e+308,1.79769313486232e+308,1.79769313486232e+308
88,"9/24/99",1,2020241,1,101,5,6,8,5,8
95,"9/24/99",1,2020251,1.79769313486232e+308,1.79769313486232e+308,1.79769313486232e+308,1.79769313486232e+308,1.79769313486232e+308,1.79769313486232e+308,1.79769313486232e+308
96,"9/24/99",1,2020252,1.79769313486232e+308,1.79769313486232e+308,1.79769313486232e+308,1.79769313486232e+308,1.79769313486232e+308,1.79769313486232e+308,1.79769313486232e+308
49,"9/24/99",1,2020331,1,101,4,6,3,1.79769313486232e+308,1.79769313486232e+308
50,"9/24/99",1,2020331,5,101,4,6,3,1.79769313486232e+308,1.79769313486232e+308
51,"9/24/99",1,2020332,1,101,8,4,5,4,5
52,"9/24/99",1,2020333,1.79769313486232e+308,1.79769313486232e+308,1.79769313486232e+308,1.79769313486232e+308,1.79769313486232e+308,1.79769313486232e+308,1.79769313486232e+308
89,"9/24/99",1,2020341,1,101,12,7,4,7,4
90,"9/24/99",1,2020341,7,101,12,7,4,7,4
97,"9/24/99",1,2020351,1,101,12,10,5,10,5
53,"9/24/99",1,2020431,1,101,10,5,6,15,8
54,"9/24/99",1,2020431,4,101,10,5,6,20,8
55,"9/24/99",1,2020432,1,101,3,4,8,4,8
91,"9/24/99",1,2020441,1,101,12,4,3,1.79769313486232e+308,1.79769313486232e+308
92,"9/24/99",1,2020441,3,101,12,4,3,1.79769313486232e+308,1.79769313486232e+308
98,"9/24/99",1,2020459,1,101,6,12,8,20,8
56,"9/24/99",1,2020531,4,101,6,3,8,3,8
57,"9/24/99",1,2020531,6,101,6,5,8,5,8
93,"9/24/99",1,2020541,1.79769313486232e+308,1.79769313486232e+308,1.79769313486232e+308,1.79769313486232e+308,1.79769313486232e+308,1.79769313486232e+308,1.79769313486232e+308
58,"9/24/99",1,2020631,1,101,12,5,2,5,2
59,"9/24/99",1,2020631,4,101,12,5,4,5,4
60,"9/24/99",1,2020631,5,101,12,5,4,5,4
61,"9/24/99",1,2020731,1,101,9,4,6,4,6
62,"9/24/99",1,2020831,1.79769313486232e+308,1.79769313486232e+308,1.79769313486232e+308,1.79769313486232e+308,1.79769313486232e+308,1.79769313486232e+308,1.79769313486232e+308
63,"9/24/99",1,2020832,1.79769313486232e+308,1.79769313486232e+308,1.79769313486232e+308,1.79769313486232e+308,1.79769313486232e+308,1.79769313486232e+308,1.79769313486232e+308
64,"9/24/99",1,2020931,1,101,5,9,8,5,8
65,"9/24/99",1,2020932,1,101,5,6,8,6,9
66,"9/24/99",1,2021031,1,101,5,8,9,5,8
67,"9/24/99",1,2021032,1,101,3,5,8,1.79769313486232e+308,1.79769313486232e+308
68,"9/24/99",1,2021131,1,101,3,5,8,1.79769313486232e+308,1.79769313486232e+308
69,"9/24/99",1,2021231,1,103,6,15,8,25,9
70,"9/24/99",1,2021232,1.79769313486232e+308,1.79769313486232e+308,1.79769313486232e+308,1.79769313486232e+308,1.79769313486232e+308,1.79769313486232e+308,1.79769313486232e+308
71,"9/24/99",1,2021339,1.79769313486232e+308,1.79769313486232e+308,1.79769313486232e+308,1.79769313486232e+308,1.79769313486232e+308,1.79769313486232e+308,1.79769313486232e+308
72,"9/24/99",1,2021439,1,101,5,5,8,5,8
73,"9/24/99",1,2021439,1,103,12,24,9,25,9
74,"9/24/99",1,2021439,3,103,12,24,9,25,9
75,"9/24/99",1,2021439,5,103,6,25,9,25,9
76,"9/24/99",1,2021539,1,101,5,8,8,7,8
77,"9/24/99",1,2021639,1.79769313486232e+308,1.79769313486232e+308,1.79769313486232e+308,1.79769313486232e+308,1.79769313486232e+308,1.79769313486232e+308,1.79769313486232e+308
78,"9/24/99",1,2021739,1,101,9,4,5,4,5
79,"9/24/99",1,2021739,3,101,9,4,3,4,3
80,"9/24/99",1,2021839,1.79769313486232e+308,1.79769313486232e+308,1.79769313486232e+308,1.79769313486232e+308,1.79769313486232e+308,1.79769313486232e+308,1.79769313486232e+308
81,"9/24/99",1,2021939,2,101,9,6,2,7,2
82,"9/24/99",1,2021939,4,101,9,7,1,7,1
83,"9/24/99",1,2022039,1.79769313486232e+308,1.79769313486232e+308,1.79769313486232e+308,1.79769313486232e+308,1.79769313486232e+308,1.79769313486232e+308,1.79769313486232e+308
84,"9/24/99",1,2022139,1.79769313486232e+308,1.79769313486232e+308,1.79769313486232e+308,1.79769313486232e+308,1.79769313486232e+308,1.79769313486232e+308,1.79769313486232e+308
85,"9/24/99",1,2022239,1,101,4,4,4,1.79769313486232e+308,1.79769313486232e+308
86,"9/24/99",1,2022239,3,101,4,4,4,1.79769313486232e+308,1.79769313486232e+308
91,"7/15/99",1,2030131,3,101,3,2,9,7,9
111,"7/15/99",1,2030141,1.79769313486232e+308,1.79769313486232e+308,1.79769313486232e+308,1.79769313486232e+308,1.79769313486232e+308,1.79769313486232e+308,1.79769313486232e+308
116,"7/15/99",1,2030151,1.79769313486232e+308,1.79769313486232e+308,1.79769313486232e+308,1.79769313486232e+308,1.79769313486232e+308,1.79769313486232e+308,1.79769313486232e+308
117,"7/15/99",1,2030152,1,101,4,10,9,3,8
92,"7/15/99",1,2030231,1.79769313486232e+308,1.79769313486232e+308,1.79769313486232e+308,1.79769313486232e+308,1.79769313486232e+308,1.79769313486232e+308,1.79769313486232e+308
112,"7/15/99",1,2030241,3,101,9,25,2,25,2
118,"7/15/99",1,2030251,1,101,2,8,4,1.79769313486232e+308,1.79769313486232e+308
119,"7/15/99",1,2030251,5,101,2,5,3,1,3
93,"7/15/99",1,2030331,1,101,4,10,8,3,8
94,"7/15/99",1,2030331,2,101,4,10,8,2,8
95,"7/15/99",1,2030331,3,101,4,8,8,1,8
96,"7/15/99",1,2030331,5,101,4,8,6,1,6
113,"7/15/99",1,2030341,1,101,4,20,8,8,8
114,"7/15/99",1,2030342,1,101,2,5,8,1.79769313486232e+308,1.79769313486232e+308
120,"7/15/99",1,2030351,1,101,12,10,6,10,7
97,"7/15/99",1,2030431,1.79769313486232e+308,1.79769313486232e+308,1.79769313486232e+308,1.79769313486232e+308,1.79769313486232e+308,1.79769313486232e+308,1.79769313486232e+308
98,"7/15/99",1,2030432,1,101,5,6,6,6,6
115,"7/15/99",1,2030441,1,101,4,10,8,10,8
121,"7/15/99",1,2030459,1,101,12,2,3,3,3
99,"7/15/99",1,2030531,1,101,4,8,4,10,4
100,"7/15/99",1,2030731,1,101,4,8,8,2,8
101,"7/15/99",1,2030731,3,101,4,8,8,5,8
102,"7/15/99",1,2030831,1.79769313486232e+308,1.79769313486232e+308,1.79769313486232e+308,1.79769313486232e+308,1.79769313486232e+308,1.79769313486232e+308,1.79769313486232e+308
103,"7/15/99",1,2030931,1,101,3,7,8,2,8
104,"7/15/99",1,2031031,1,101,5,10,5,1.79769313486232e+308,1.79769313486232e+308
105,"7/15/99",1,2031131,1.79769313486232e+308,1.79769313486232e+308,1.79769313486232e+308,1.79769313486232e+308,1.79769313486232e+308,1.79769313486232e+308,1.79769313486232e+308
106,"7/15/99",1,2031231,1.79769313486232e+308,1.79769313486232e+308,1.79769313486232e+308,1.79769313486232e+308,1.79769313486232e+308,1.79769313486232e+308,1.79769313486232e+308
107,"7/15/99",1,2031339,1,101,4,4,8,4,8
108,"7/15/99",1,2031439,1.79769313486232e+308,1.79769313486232e+308,1.79769313486232e+308,1.79769313486232e+308,1.79769313486232e+308,1.79769313486232e+308,1.79769313486232e+308
109,"7/15/99",1,2031539,1,101,4,4,6,7,8
110,"7/15/99",1,2031639,1.79769313486232e+308,1.79769313486232e+308,1.79769313486232e+308,1.79769313486232e+308,1.79769313486232e+308,1.79769313486232e+308,1.79769313486232e+308
255,"6/20/99",1,2110131,1,101,5,12,4,16,3
256,"6/20/99",1,2110131,2,104,12,12,2,24,1
289,"6/20/99",1,2110141,1,101,2,3,9,30,5
290,"6/20/99",1,2110141,4,101,3,4,8,20,4
291,"6/20/99",1,2110141,5,101,3,3,8,30,4
292,"6/20/99",1,2110142,1,101,4,15,2,30,2
293,"6/20/99",1,2110142,2,104,12,15,2,30,1
300,"6/20/99",1,2110151,1,101,2,12,4,20,3
301,"6/20/99",1,2110151,3,101,6,10,2,3,7
302,"6/20/99",1,2110151,4,104,6,15,4,30,3
257,"6/20/99",1,2110231,1,101,6,16,5,20,4
258,"6/20/99",1,2110231,3,101,3,5,2,15,2
259,"6/20/99",1,2110231,4,101,12,4,2,15,2
260,"6/20/99",1,2110231,8,104,12,23,3,30,3
294,"6/20/99",1,2110241,1,103,2,30,9,1.79769313486232e+308,1.79769313486232e+308
295,"6/20/99",1,2110242,1.79769313486232e+308,1.79769313486232e+308,1.79769313486232e+308,1.79769313486232e+308,1.79769313486232e+308,1.79769313486232e+308,1.79769313486232e+308
303,"6/20/99",1,2110251,3,101,6,10,7,20,7
304,"6/20/99",1,2110251,4,101,6,8,7,20,8
261,"6/20/99",1,2110331,1,101,6,5,9,4,10
296,"6/20/99",1,2110341,1,101,5,20,4,27,3
297,"6/20/99",1,2110341,4,101,5,15,6,22,4
305,"6/20/99",1,2110351,1,101,7,20,6,30,4
306,"6/20/99",1,2110351,3,101,5,6,5,18,2
307,"6/20/99",1,2110351,5,101,6,4,4,30,7
308,"6/20/99",1,2110351,10,104,12,24,5,30,4
262,"6/20/99",1,2110431,1,101,3,10,2,30,1
298,"6/20/99",1,2110441,1.79769313486232e+308,1.79769313486232e+308,1.79769313486232e+308,1.79769313486232e+308,1.79769313486232e+308,1.79769313486232e+308,1.79769313486232e+308
309,"6/20/99",1,2110459,1,101,5,7,7,15,7
310,"6/20/99",1,2110459,3,101,4,5,6,14,7
311,"6/20/99",1,2110459,6,101,3,4,4,12,5
263,"6/20/99",1,2110531,1.79769313486232e+308,1.79769313486232e+308,1.79769313486232e+308,1.79769313486232e+308,1.79769313486232e+308,1.79769313486232e+308,1.79769313486232e+308
299,"6/20/99",1,2110541,1,101,8,10,3,10,6
264,"6/20/99",1,2110631,1.79769313486232e+308,1.79769313486232e+308,1.79769313486232e+308,1.79769313486232e+308,1.79769313486232e+308,1.79769313486232e+308,1.79769313486232e+308
265,"6/20/99",1,2110731,1,103,3,25,4,1.79769313486232e+308,1.79769313486232e+308
266,"6/20/99",1,2110731,2,104,12,20,3,30,2
267,"6/20/99",1,2110831,1,101,3,10,4,5,8
268,"6/20/99",1,2110831,6,101,3,5,6,10,3
269,"6/20/99",1,2110832,1.79769313486232e+308,1.79769313486232e+308,1.79769313486232e+308,1.79769313486232e+308,1.79769313486232e+308,1.79769313486232e+308,1.79769313486232e+308
270,"6/20/99",1,2110931,1,101,4,16,2,8,4
271,"6/20/99",1,2110931,2,104,12,26,2,13,4
272,"6/20/99",1,2111031,1,101,4,12,3,30,2
273,"6/20/99",1,2111031,4,101,4,15,4,20,3
274,"6/20/99",1,2111131,1,101,6,4,8,28,6
275,"6/20/99",1,2111231,1,101,3,3,8,30,4
276,"6/20/99",1,2111231,2,104,12,16,3,8,6
277,"6/20/99",1,2111231,6,104,12,15,4,10,6
278,"6/20/99",1,2111232,1,101,9,15,4,20,3
279,"6/20/99",1,2111233,1,101,4,6,4,1.79769313486232e+308,1.79769313486232e+308
280,"6/20/99",1,2111233,2,104,12,15,2,30,1
281,"6/20/99",1,2111339,1,101,4,6,8,5,8
282,"6/20/99",1,2111339,2,104,12,28,3,25,3
283,"6/20/99",1,2111339,3,101,3,20,4,5,5
284,"6/20/99",1,2111439,1,101,3,5,6,2,9
285,"6/20/99",1,2111539,1,101,3,4,8,1.79769313486232e+308,1.79769313486232e+308
286,"6/20/99",1,2111639,1,101,3,15,9,6,5
287,"6/20/99",1,2111739,1.79769313486232e+308,1.79769313486232e+308,1.79769313486232e+308,1.79769313486232e+308,1.79769313486232e+308,1.79769313486232e+308,1.79769313486232e+308
288,"6/20/99",1,2111839,1,101,3,4,8,5,2
1,"7/28/95",1,2120131,2,104,12,30,5,30,4
2,"7/29/95",1,2120131,4,101,3,8,8,20,4
33,"6/18/99",1,2120141,1.79769313486232e+308,1.79769313486232e+308,1.79769313486232e+308,1.79769313486232e+308,1.79769313486232e+308,1.79769313486232e+308,1.79769313486232e+308
34,"6/18/99",1,2120142,1.79769313486232e+308,1.79769313486232e+308,1.79769313486232e+308,1.79769313486232e+308,1.79769313486232e+308,1.79769313486232e+308,1.79769313486232e+308
40,"6/18/99",1,2120151,3,101,3,10,3,12,3
41,"6/18/99",1,2120151,9,101,3,10,3,15,4
42,"6/18/99",1,2120151,12,101,9,12,8,30,8
3,"7/29/95",1,2120231,1,101,3,15,4,5,9
4,"7/29/95",1,2120231,3,101,3,15,3,5,9
35,"6/18/99",1,2120241,1,101,3,4,7,6,4
43,"6/18/99",1,2120251,1,101,5,10,8,12,5
5,"7/29/95",1,2120331,1,101,4,12,3,24,2
6,"7/29/95",1,2120331,2,104,12,20,7,28,5
36,"6/18/99",1,2120341,1,101,3,8,3,20,5
37,"6/18/99",1,2120342,1,101,3,12,6,10,9
46,"6/18/99",1,2120351,1,104,12,25,4,20,5
44,"6/18/99",1,2120351,1,101,4,11,3,10,6
45,"6/18/99",1,2120351,6,101,5,15,2,6,5
47,"6/18/99",1,2120352,1,101,3,10,4,1.79769313486232e+308,1.79769313486232e+308
7,"7/29/95",1,2120431,1,101,6,13,4,10,8
8,"7/29/95",1,2120431,2,104,12,11,4,15,3
9,"7/29/95",1,2120431,3,104,12,11,4,15,3
38,"6/18/99",1,2120441,5,101,3,8,3,1.79769313486232e+308,1.79769313486232e+308
49,"6/18/99",1,2120459,3,104,12,25,4,20,5
48,"6/18/99",1,2120459,3,101,3,8,9,12,7
10,"7/29/95",1,2120531,1,101,2,10,2,5,4
12,"7/29/95",1,2120531,1,103,2,25,3,1.79769313486232e+308,1.79769313486232e+308
11,"7/29/95",1,2120531,4,101,3,5,3,3,5
39,"6/18/99",1,2120541,1,104,12,20,3,15,4
13,"7/29/95",1,2120631,2,104,4,28,4,1.79769313486232e+308,1.79769313486232e+308
14,"7/29/95",1,2120731,1,103,2,25,6,1.79769313486232e+308,1.79769313486232e+308
15,"7/29/95",1,2120831,1.79769313486232e+308,1.79769313486232e+308,1.79769313486232e+308,1.79769313486232e+308,1.79769313486232e+308,1.79769313486232e+308,1.79769313486232e+308
16,"7/29/95",1,2120931,1,101,4,10,2,4,5
17,"7/29/95",1,2120931,2,104,1,8,4,8,4
18,"7/29/95",1,2120932,1.79769313486232e+308,1.79769313486232e+308,1.79769313486232e+308,1.79769313486232e+308,1.79769313486232e+308,1.79769313486232e+308,1.79769313486232e+308
19,"7/29/95",1,2120933,1.79769313486232e+308,1.79769313486232e+308,1.79769313486232e+308,1.79769313486232e+308,1.79769313486232e+308,1.79769313486232e+308,1.79769313486232e+308
20,"7/29/95",1,2121031,2,104,12,20,3,30,3
21,"7/29/95",1,2121131,1,101,4,13,3,5,9
22,"7/29/95",1,2121131,2,104,12,20,3,20,3
23,"7/29/95",1,2121131,3,104,12,8,4,8,4
24,"7/29/95",1,2121231,1,101,3,13,5,1.79769313486232e+308,1.79769313486232e+308
25,"7/29/95",1,2121232,2,104,12,26,4,26,4
26,"7/29/95",1,2121339,1,101,3,15,3,1.79769313486232e+308,1.79769313486232e+308
27,"7/29/95",1,2121339,3,101,3,10,2,1.79769313486232e+308,1.79769313486232e+308
28,"6/18/99",1,2121439,1.79769313486232e+308,1.79769313486232e+308,1.79769313486232e+308,1.79769313486232e+308,1.79769313486232e+308,1.79769313486232e+308,1.79769313486232e+308
29,"6/18/99",1,2121539,1.79769313486232e+308,1.79769313486232e+308,1.79769313486232e+308,1.79769313486232e+308,1.79769313486232e+308,1.79769313486232e+308,1.79769313486232e+308
30,"6/18/99",1,2121639,1,101,3,12,3,2,10
31,"6/18/99",1,2121739,1.79769313486232e+308,1.79769313486232e+308,1.79769313486232e+308,1.79769313486232e+308,1.79769313486232e+308,1.79769313486232e+308,1.79769313486232e+308
32,"6/18/99",1,2121839,1.79769313486232e+308,1.79769313486232e+308,1.79769313486232e+308,1.79769313486232e+308,1.79769313486232e+308,1.79769313486232e+308,1.79769313486232e+308
102,"8/27/99",1,2130131,1,101,3,3,4,2,8
103,"8/27/99",1,2130131,4,101,3,3,4,2,8
104,"8/27/99",1,2130131,4,103,2,15,5,1.79769313486232e+308,1.79769313486232e+308
138,"8/27/99",1,2130141,1,101,3,3,6,1.79769313486232e+308,1.79769313486232e+308
146,"8/27/99",1,2130151,1,101,3,15,5,1.79769313486232e+308,1.79769313486232e+308
105,"8/27/99",1,2130231,1.79769313486232e+308,1.79769313486232e+308,1.79769313486232e+308,1.79769313486232e+308,1.79769313486232e+308,1.79769313486232e+308,1.79769313486232e+308
139,"8/27/99",1,2130241,3,101,3,12,8,10,10
140,"8/27/99",1,2130242,1.79769313486232e+308,1.79769313486232e+308,1.79769313486232e+308,1.79769313486232e+308,1.79769313486232e+308,1.79769313486232e+308,1.79769313486232e+308
106,"8/27/99",1,2130331,1,101,2,3,4,3,4
107,"8/27/99",1,2130331,5,101,3,4,3,4,2
108,"8/27/99",1,2130331,6,101,3,4,3,4,2
143,"8/27/99",1,2130341,1,101,2,15,5,1.79769313486232e+308,1.79769313486232e+308
141,"8/27/99",1,2130341,1,101,3,10,8,12,9
142,"8/27/99",1,2130341,3,101,3,10,8,12,9
147,"8/27/99",1,2130351,1.79769313486232e+308,1.79769313486232e+308,1.79769313486232e+308,1.79769313486232e+308,1.79769313486232e+308,1.79769313486232e+308,1.79769313486232e+308
109,"8/27/99",1,2130431,1,101,3,12,4,15,9
110,"8/27/99",1,2130432,1,101,3,3,8,5,6
144,"8/27/99",1,2130441,1.79769313486232e+308,1.79769313486232e+308,1.79769313486232e+308,1.79769313486232e+308,1.79769313486232e+308,1.79769313486232e+308,1.79769313486232e+308
148,"8/27/99",1,2130459,1,101,5,10,6,15,5
151,"8/27/99",1,2130459,1,101,2,15,5,1.79769313486232e+308,1.79769313486232e+308
149,"8/27/99",1,2130459,3,101,4,8,5,15,4
150,"8/27/99",1,2130459,5,101,4,5,3,10,2
111,"8/27/99",1,2130531,1,101,3,6,9,8,5
112,"8/27/99",1,2130531,1,101,2,15,8,1.79769313486232e+308,1.79769313486232e+308
145,"8/27/99",1,2130541,1,101,3,5,4,3,3
113,"8/27/99",1,2130631,1.79769313486232e+308,1.79769313486232e+308,1.79769313486232e+308,1.79769313486232e+308,1.79769313486232e+308,1.79769313486232e+308,1.79769313486232e+308
114,"8/27/99",1,2130731,1.79769313486232e+308,1.79769313486232e+308,1.79769313486232e+308,1.79769313486232e+308,1.79769313486232e+308,1.79769313486232e+308,1.79769313486232e+308
115,"8/27/99",1,2130831,1,101,3,5,9,4,8
116,"8/27/99",1,2130832,1,101,3,3,8,5,3
117,"8/27/99",1,2130931,1,101,3,8,6,1.79769313486232e+308,1.79769313486232e+308
118,"8/27/99",1,2130931,6,101,3,5,4,1.79769313486232e+308,1.79769313486232e+308
119,"8/27/99",1,2130932,1,101,3,6,4,3,5
120,"8/27/99",1,2130933,1,101,3,2,6,2,8
121,"8/27/99",1,2130934,1,101,3,4,6,3,8
122,"8/27/99",1,2131031,1,101,3,8,8,9,6
123,"8/27/99",1,2131131,1,101,3,10,8,12,8
124,"8/27/99",1,2131132,1,101,3,8,6,5,8
125,"8/27/99",1,2131231,1.79769313486232e+308,1.79769313486232e+308,1.79769313486232e+308,1.79769313486232e+308,1.79769313486232e+308,1.79769313486232e+308,1.79769313486232e+308
126,"8/27/99",1,2131339,1,101,3,10,6,5,7
127,"8/27/99",1,2131339,1,101,3,10,4,1.79769313486232e+308,1.79769313486232e+308
128,"8/27/99",1,2131439,1.79769313486232e+308,1.79769313486232e+308,1.79769313486232e+308,1.79769313486232e+308,1.79769313486232e+308,1.79769313486232e+308,1.79769313486232e+308
129,"8/27/99",1,2131539,1,101,3,8,8,3,9
130,"8/27/99",1,2131539,2,104,12,26,3,20,3
1.79769313486232e+308,"8/27/99",1,2131639,1,101,4,6,4,1.79769313486232e+308,1.79769313486232e+308
132,"8/27/99",1,2131739,1,101,3,8,8,2,10
133,"8/27/99",1,2131839,1.79769313486232e+308,1.79769313486232e+308,1.79769313486232e+308,1.79769313486232e+308,1.79769313486232e+308,1.79769313486232e+308,1.79769313486232e+308
134,"8/27/99",1,2131939,1,101,3,5,8,1.79769313486232e+308,1.79769313486232e+308
135,"8/27/99",1,2132039,1,101,3,5,4,1.79769313486232e+308,1.79769313486232e+308
136,"8/27/99",1,2132139,1,101,3,5,7,1.79769313486232e+308,1.79769313486232e+308
137,"8/27/99",1,2132139,3,101,3,5,7,1.79769313486232e+308,1.79769313486232e+308
57,"8/05/99",1,2210131,1,101,4,11,7,8,7
58,"8/05/99",1,2210131,3,101,4,11,7,8,7
87,"8/10/99",1,2210141,1,101,8,6,9,11,9
88,"8/10/99",1,2210141,4,101,8,7,9,11,9
89,"8/10/99",1,2210141,8,101,6,9,7,4,7
90,"8/10/99",1,2210141,9,101,6,9,7,4,7
99,"8/10/99",1,2210151,1,101,7,9,7,13,7
59,"8/05/99",1,2210231,1,101,4,7,1,1.79769313486232e+308,1.79769313486232e+308
91,"8/10/99",1,2210241,4,101,3,6,9,1.79769313486232e+308,1.79769313486232e+308
100,"8/10/99",1,2210251,1,101,4,6,7,8,7
101,"8/10/99",1,2210252,1,101,4,11,7,6,7
102,"8/10/99",1,2210253,1.79769313486232e+308,1.79769313486232e+308,1.79769313486232e+308,1.79769313486232e+308,1.79769313486232e+308,1.79769313486232e+308,1.79769313486232e+308
60,"8/05/99",1,2210331,1,101,4,8,9,3,9
92,"8/10/99",1,2210341,1,101,4,6,8,3,8
103,"8/10/99",1,2210351,2,101,4,9,6,11,5
61,"8/05/99",1,2210431,1,101,9,5,6,4,7
93,"8/10/99",1,2210441,1,101,7,10,9,6,9
104,"8/10/99",1,2210459,1.79769313486232e+308,1.79769313486232e+308,1.79769313486232e+308,1.79769313486232e+308,1.79769313486232e+308,1.79769313486232e+308,1.79769313486232e+308
62,"8/05/99",1,2210531,1.79769313486232e+308,1.79769313486232e+308,1.79769313486232e+308,1.79769313486232e+308,1.79769313486232e+308,1.79769313486232e+308,1.79769313486232e+308
94,"8/10/99",1,2210541,1,101,6,4,8,6,8
95,"8/10/99",1,2210541,6,101,6,4,8,6,8
96,"8/10/99",1,2210542,1,101,5,8,10,8,10
97,"8/10/99",1,2210543,1,101,6,8,9,11,9
63,"8/05/99",1,2210631,1,101,7,4,8,1.79769313486232e+308,1.79769313486232e+308
98,"8/10/99",1,2210641,1,101,7,5,8,1.79769313486232e+308,1.79769313486232e+308
64,"8/05/99",1,2210731,1,101,6,12,2,11,6
65,"8/05/99",1,2210731,3,101,6,12,2,11,6
66,"8/05/99",1,2210831,3,101,3,3,7,1.79769313486232e+308,1.79769313486232e+308
67,"8/05/99",1,2210831,4,101,3,3,7,1.79769313486232e+308,1.79769313486232e+308
68,"8/05/99",1,2210931,1,101,6,4,6,1.79769313486232e+308,1.79769313486232e+308
69,"8/05/99",1,2211031,1.79769313486232e+308,1.79769313486232e+308,1.79769313486232e+308,1.79769313486232e+308,1.79769313486232e+308,1.79769313486232e+308,1.79769313486232e+308
70,"8/05/99",1,2211131,5,101,4,10,9,1.79769313486232e+308,1.79769313486232e+308
71,"8/05/99",1,2211231,2,101,6,3,11,6,10
72,"8/05/99",1,2211231,3,101,6,3,11,6,10
73,"8/05/99",1,2211331,1,101,6,8,8,6,8
74,"8/05/99",1,2211431,1,101,6,11,10,1.79769313486232e+308,1.79769313486232e+308
75,"8/05/99",1,2211539,1,101,8,9,9,14,8
76,"8/05/99",1,2211639,1.79769313486232e+308,1.79769313486232e+308,1.79769313486232e+308,1.79769313486232e+308,1.79769313486232e+308,1.79769313486232e+308,1.79769313486232e+308
77,"8/05/99",1,2211739,1,101,2,3,9,1.79769313486232e+308,1.79769313486232e+308
78,"8/05/99",1,2211839,1,101,8,7,10,6,10
79,"8/05/99",1,2211939,1,101,5,6,10,1.79769313486232e+308,1.79769313486232e+308
80,"8/05/99",1,2212039,1,101,4,10,10,12,10
81,"8/05/99",1,2212139,1,101,4,9,9,1.79769313486232e+308,1.79769313486232e+308
82,"8/10/99",1,2212239,1,101,1,7,6,1.79769313486232e+308,1.79769313486232e+308
83,"8/10/99",1,2212339,1,101,6,6,7,11,7
84,"8/10/99",1,2212439,1,101,4,5,7,6,7
85,"8/10/99",1,2212539,1,101,6,3,7,3,7
86,"8/10/99",1,2212639,1,101,3,4,7,1.79769313486232e+308,1.79769313486232e+308
2,"8/27/99",1,2220131,1,101,3,8,4,1.79769313486232e+308,1.79769313486232e+308
35,"8/27/99",1,2220141,1,101,4,8,6,3,6
41,"8/27/99",1,2220151,15,101,6,7,8,12,8
42,"8/27/99",1,2220152,1,101,7,8,8,6,8
43,"8/27/99",1,2220153,1,101,6,15,8,17,8
44,"8/27/99",1,2220154,1,101,6,4,8,3,8
4,"8/27/99",1,2220231,1,101,4,15,5,7,5
5,"8/27/99",1,2220232,1.79769313486232e+308,1.79769313486232e+308,1.79769313486232e+308,1.79769313486232e+308,1.79769313486232e+308,1.79769313486232e+308,1.79769313486232e+308
6,"8/27/99",1,2220233,1.79769313486232e+308,1.79769313486232e+308,1.79769313486232e+308,1.79769313486232e+308,1.79769313486232e+308,1.79769313486232e+308,1.79769313486232e+308
36,"8/27/99",1,2220241,1.79769313486232e+308,1.79769313486232e+308,1.79769313486232e+308,1.79769313486232e+308,1.79769313486232e+308,1.79769313486232e+308,1.79769313486232e+308
45,"8/27/99",1,2220251,1,101,12,25,5,22,7
47,"8/27/99",1,2220251,1,101,12,7,5,8,4
46,"8/27/99",1,2220251,6,101,12,7,5,8,5
37,"8/27/99",1,2220341,1.79769313486232e+308,1.79769313486232e+308,1.79769313486232e+308,1.79769313486232e+308,1.79769313486232e+308,1.79769313486232e+308,1.79769313486232e+308
48,"8/27/99",1,2220351,1,101,6,16,8,20,8
7,"8/27/99",1,2220431,1,101,8,3,7,4,7
38,"8/27/99",1,2220441,1,101,4,8,9,2,9
39,"8/27/99",1,2220442,1.79769313486232e+308,1.79769313486232e+308,1.79769313486232e+308,1.79769313486232e+308,1.79769313486232e+308,1.79769313486232e+308,1.79769313486232e+308
49,"8/27/99",1,2220459,1.79769313486232e+308,1.79769313486232e+308,1.79769313486232e+308,1.79769313486232e+308,1.79769313486232e+308,1.79769313486232e+308,1.79769313486232e+308
8,"8/27/99",1,2220531,1.79769313486232e+308,1.79769313486232e+308,1.79769313486232e+308,1.79769313486232e+308,1.79769313486232e+308,1.79769313486232e+308,1.79769313486232e+308
9,"8/27/99",1,2220532,1.79769313486232e+308,1.79769313486232e+308,1.79769313486232e+308,1.79769313486232e+308,1.79769313486232e+308,1.79769313486232e+308,1.79769313486232e+308
10,"8/27/99",1,2220533,1.79769313486232e+308,1.79769313486232e+308,1.79769313486232e+308,1.79769313486232e+308,1.79769313486232e+308,1.79769313486232e+308,1.79769313486232e+308
11,"8/27/99",1,2220631,1.79769313486232e+308,1.79769313486232e+308,1.79769313486232e+308,1.79769313486232e+308,1.79769313486232e+308,1.79769313486232e+308,1.79769313486232e+308
40,"8/27/99",1,2220641,1,101,5,9,8,2,8
12,"8/27/99",1,2220731,10,101,7,6,7,3,7
13,"8/27/99",1,2220831,1,101,6,7,8,4,8
14,"8/27/99",1,2220831,4,101,6,7,8,4,8
15,"8/27/99",1,2220931,1,101,10,14,4,12,6
16,"8/27/99",1,2221031,4,101,4,16,6,9,6
17,"8/27/99",1,2221131,1,101,7,4,8,3,8
18,"8/27/99",1,2221131,6,101,7,4,8,2,8
19,"8/27/99",1,2221231,1,101,6,9,7,11,7
20,"8/27/99",1,2221331,1,101,5,5,10,1.79769313486232e+308,1.79769313486232e+308
21,"8/27/99",1,2221331,4,101,2,3,6,1.79769313486232e+308,1.79769313486232e+308
22,"8/27/99",1,2221431,1,101,3,20,10,1.79769313486232e+308,1.79769313486232e+308
23,"8/27/99",1,2221539,1,101,4,12,6,3,6
24,"8/27/99",1,2221639,1,101,4,13,5,4,5
25,"8/27/99",1,2221739,1,101,3,11,9,4,9
28,"8/27/99",1,2221839,1,101,10,15,5,10,4
26,"8/27/99",1,2221839,1,101,7,15,5,15,7
27,"8/27/99",1,2221839,3,101,7,5,8,4,8
29,"8/27/99",1,2221939,1.79769313486232e+308,1.79769313486232e+308,1.79769313486232e+308,1.79769313486232e+308,1.79769313486232e+308,1.79769313486232e+308,1.79769313486232e+308
30,"8/27/99",1,2222039,1.79769313486232e+308,1.79769313486232e+308,1.79769313486232e+308,1.79769313486232e+308,1.79769313486232e+308,1.79769313486232e+308,1.79769313486232e+308
31,"8/27/99",1,2222139,1.79769313486232e+308,1.79769313486232e+308,1.79769313486232e+308,1.79769313486232e+308,1.79769313486232e+308,1.79769313486232e+308,1.79769313486232e+308
32,"8/27/99",1,2222239,1,101,6,12,8,4,8
33,"8/27/99",1,2222339,1.79769313486232e+308,1.79769313486232e+308,1.79769313486232e+308,1.79769313486232e+308,1.79769313486232e+308,1.79769313486232e+308,1.79769313486232e+308
34,"8/27/99",1,2222439,1,101,6,12,7,6,7
245,"6/10/99",1,2230131,1,101,6,3,12,12,12
246,"6/19/99",1,2230131,5,101,6,4,12,15,12
247,"6/19/99",1,2230132,1.79769313486232e+308,1.79769313486232e+308,1.79769313486232e+308,1.79769313486232e+308,1.79769313486232e+308,1.79769313486232e+308,1.79769313486232e+308
281,"6/19/99",1,2230141,1.79769313486232e+308,1.79769313486232e+308,1.79769313486232e+308,1.79769313486232e+308,1.79769313486232e+308,1.79769313486232e+308,1.79769313486232e+308
287,"6/19/99",1,2230151,1,101,6,7,9,12,9
248,"6/19/99",1,2230231,1,101,2,12,10,3,10
249,"6/19/99",1,2230231,4,101,3,6,8,4,10
250,"6/19/99",1,2230232,1.79769313486232e+308,1.79769313486232e+308,1.79769313486232e+308,1.79769313486232e+308,1.79769313486232e+308,1.79769313486232e+308,1.79769313486232e+308
282,"6/19/99",1,2230241,1,101,9,4,11,4,10
288,"6/19/99",1,2230251,1,101,5,7,9,1.79769313486232e+308,1.79769313486232e+308
289,"6/19/99",1,2230251,2,101,1,20,10,1.79769313486232e+308,1.79769313486232e+308
251,"6/19/99",1,2230331,1.79769313486232e+308,1.79769313486232e+308,1.79769313486232e+308,1.79769313486232e+308,1.79769313486232e+308,1.79769313486232e+308,1.79769313486232e+308
283,"6/19/99",1,2230341,4,101,6,2,4,1.79769313486232e+308,1.79769313486232e+308
290,"6/19/99",1,2230351,1,101,12,22,10,24,10
291,"6/19/99",1,2230351,2,101,4,9,3,1.79769313486232e+308,3
252,"6/19/99",1,2230431,1,101,2,3,12,6,12
253,"6/19/99",1,2230432,1.79769313486232e+308,1.79769313486232e+308,1.79769313486232e+308,1.79769313486232e+308,1.79769313486232e+308,1.79769313486232e+308,1.79769313486232e+308
284,"6/19/99",1,2230441,1,101,4,7,10,1.79769313486232e+308,1.79769313486232e+308
292,"6/19/99",1,2230459,1,101,7,5,8,1.79769313486232e+308,1.79769313486232e+308
254,"6/19/99",1,2230531,1,101,6,6,4,16,12
255,"6/19/99",1,2230531,4,101,6,6,4,16,12
285,"6/19/99",1,2230541,1.79769313486232e+308,1.79769313486232e+308,1.79769313486232e+308,1.79769313486232e+308,1.79769313486232e+308,1.79769313486232e+308,1.79769313486232e+308
256,"6/19/99",1,2230631,4,101,3,2,10,1.79769313486232e+308,1.79769313486232e+308
286,"6/19/99",1,2230641,1,101,2,3,12,1.79769313486232e+308,1.79769313486232e+308
257,"6/19/99",1,2230731,1,101,5,12,10,18,10
258,"6/19/99",1,2230831,1,101,3,11,4,10,4
259,"6/19/99",1,2230931,1.79769313486232e+308,1.79769313486232e+308,1.79769313486232e+308,1.79769313486232e+308,1.79769313486232e+308,1.79769313486232e+308,1.79769313486232e+308
260,"6/19/99",1,2231031,1,101,6,10,8,30,12
261,"6/19/99",1,2231031,3,101,3,10,6,26,12
262,"6/19/99",1,2231131,1.79769313486232e+308,1.79769313486232e+308,1.79769313486232e+308,1.79769313486232e+308,1.79769313486232e+308,1.79769313486232e+308,1.79769313486232e+308
263,"6/19/99",1,2231132,1,101,4,4,10,1.79769313486232e+308,1.79769313486232e+308
264,"6/19/99",1,2231231,1,101,10,3,6,2,6
265,"6/19/99",1,2231231,3,101,10,5,6,4,6
266,"6/19/99",1,2231231,4,101,10,6,4,5,6
267,"6/19/99",1,2231331,1.79769313486232e+308,1.79769313486232e+308,1.79769313486232e+308,1.79769313486232e+308,1.79769313486232e+308,1.79769313486232e+308,1.79769313486232e+308
268,"6/19/99",1,2231431,1,101,2,5,6,1.79769313486232e+308,1.79769313486232e+308
269,"6/19/99",1,2231432,1.79769313486232e+308,1.79769313486232e+308,1.79769313486232e+308,1.79769313486232e+308,1.79769313486232e+308,1.79769313486232e+308,1.79769313486232e+308
270,"6/19/99",1,2231433,1.79769313486232e+308,1.79769313486232e+308,1.79769313486232e+308,1.79769313486232e+308,1.79769313486232e+308,1.79769313486232e+308,1.79769313486232e+308
271,"6/19/99",1,2231539,1,101,10,6,8,6,9
272,"6/19/99",1,2231639,1,101,9,7,10,6,10
273,"6/19/99",1,2231739,1.79769313486232e+308,1.79769313486232e+308,1.79769313486232e+308,1.79769313486232e+308,1.79769313486232e+308,1.79769313486232e+308,1.79769313486232e+308
274,"6/19/99",1,2231839,1,101,5,8,8,11,10
275,"6/19/99",1,2231939,1,101,2,5,6,3,7
276,"6/19/99",1,2232039,1.79769313486232e+308,1.79769313486232e+308,1.79769313486232e+308,1.79769313486232e+308,1.79769313486232e+308,1.79769313486232e+308,1.79769313486232e+308
277,"6/19/99",1,2232139,1,101,8,6,2,1.79769313486232e+308,1.79769313486232e+308
278,"6/19/99",1,2232239,1,101,6,9,10,13,10
279,"6/19/99",1,2232339,1,101,6,4,10,9,10
280,"6/19/99",1,2232339,3,101,6,4,10,9,10
22,"5/17/99",1,2310131,1.79769313486232e+308,1.79769313486232e+308,1.79769313486232e+308,1.79769313486232e+308,1.79769313486232e+308,1.79769313486232e+308,1.79769313486232e+308
48,"6/20/99",1,2310141,1.79769313486232e+308,1.79769313486232e+308,1.79769313486232e+308,1.79769313486232e+308,1.79769313486232e+308,1.79769313486232e+308,1.79769313486232e+308
53,"6/20/99",1,2310151,1.79769313486232e+308,1.79769313486232e+308,1.79769313486232e+308,1.79769313486232e+308,1.79769313486232e+308,1.79769313486232e+308,1.79769313486232e+308
23,"5/17/99",1,2310231,1.79769313486232e+308,1.79769313486232e+308,1.79769313486232e+308,1.79769313486232e+308,1.79769313486232e+308,1.79769313486232e+308,1.79769313486232e+308
49,"6/20/99",1,2310241,1,104,8,30,8,30,8
50,"6/20/99",1,2310241,4,104,8,30,4,30,4
24,"6/12/99",1,2310331,1.79769313486232e+308,1.79769313486232e+308,1.79769313486232e+308,1.79769313486232e+308,1.79769313486232e+308,1.79769313486232e+308,1.79769313486232e+308
51,"6/20/99",1,2310341,1.79769313486232e+308,1.79769313486232e+308,1.79769313486232e+308,1.79769313486232e+308,1.79769313486232e+308,1.79769313486232e+308,1.79769313486232e+308
54,"6/20/99",1,2310351,1,101,9,10,6,4,9
55,"6/20/99",1,2310351,1,102,5,30,2,1.79769313486232e+308,1.79769313486232e+308
56,"6/20/99",1,2310351,2,104,12,30,4,30,4
57,"6/20/99",1,2310352,1.79769313486232e+308,1.79769313486232e+308,1.79769313486232e+308,1.79769313486232e+308,1.79769313486232e+308,1.79769313486232e+308,1.79769313486232e+308
58,"6/20/99",1,2310353,1.79769313486232e+308,1.79769313486232e+308,1.79769313486232e+308,1.79769313486232e+308,1.79769313486232e+308,1.79769313486232e+308,1.79769313486232e+308
25,"6/12/99",1,2310431,1.79769313486232e+308,1.79769313486232e+308,1.79769313486232e+308,1.79769313486232e+308,1.79769313486232e+308,1.79769313486232e+308,1.79769313486232e+308
52,"6/20/99",1,2310441,1.79769313486232e+308,1.79769313486232e+308,1.79769313486232e+308,1.79769313486232e+308,1.79769313486232e+308,1.79769313486232e+308,1.79769313486232e+308
59,"6/20/99",1,2310459,1.79769313486232e+308,1.79769313486232e+308,1.79769313486232e+308,1.79769313486232e+308,1.79769313486232e+308,1.79769313486232e+308,1.79769313486232e+308
26,"6/12/99",1,2310531,1.79769313486232e+308,1.79769313486232e+308,1.79769313486232e+308,1.79769313486232e+308,1.79769313486232e+308,1.79769313486232e+308,1.79769313486232e+308
27,"6/12/99",1,2310631,1.79769313486232e+308,1.79769313486232e+308,1.79769313486232e+308,1.79769313486232e+308,1.79769313486232e+308,1.79769313486232e+308,1.79769313486232e+308
28,"6/12/99",1,2310731,1.79769313486232e+308,1.79769313486232e+308,1.79769313486232e+308,1.79769313486232e+308,1.79769313486232e+308,1.79769313486232e+308,1.79769313486232e+308
29,"6/12/99",1,2310831,1.79769313486232e+308,1.79769313486232e+308,1.79769313486232e+308,1.79769313486232e+308,1.79769313486232e+308,1.79769313486232e+308,1.79769313486232e+308
30,"6/12/99",1,2310832,1.79769313486232e+308,1.79769313486232e+308,1.79769313486232e+308,1.79769313486232e+308,1.79769313486232e+308,1.79769313486232e+308,1.79769313486232e+308
31,"6/12/99",1,2310931,1.79769313486232e+308,1.79769313486232e+308,1.79769313486232e+308,1.79769313486232e+308,1.79769313486232e+308,1.79769313486232e+308,1.79769313486232e+308
32,"6/12/99",1,2311031,1.79769313486232e+308,1.79769313486232e+308,1.79769313486232e+308,1.79769313486232e+308,1.79769313486232e+308,1.79769313486232e+308,1.79769313486232e+308
33,"6/17/99",1,2311032,1.79769313486232e+308,1.79769313486232e+308,1.79769313486232e+308,1.79769313486232e+308,1.79769313486232e+308,1.79769313486232e+308,1.79769313486232e+308
34,"6/17/99",1,2311131,1,102,4,10,3,1.79769313486232e+308,1.79769313486232e+308
35,"6/17/99",1,2311231,1.79769313486232e+308,1.79769313486232e+308,1.79769313486232e+308,1.79769313486232e+308,1.79769313486232e+308,1.79769313486232e+308,1.79769313486232e+308
36,"6/17/99",1,2311339,1.79769313486232e+308,1.79769313486232e+308,1.79769313486232e+308,1.79769313486232e+308,1.79769313486232e+308,1.79769313486232e+308,1.79769313486232e+308
37,"6/17/99",1,2311439,1.79769313486232e+308,1.79769313486232e+308,1.79769313486232e+308,1.79769313486232e+308,1.79769313486232e+308,1.79769313486232e+308,1.79769313486232e+308
38,"6/17/99",1,2311539,1.79769313486232e+308,1.79769313486232e+308,1.79769313486232e+308,1.79769313486232e+308,1.79769313486232e+308,1.79769313486232e+308,1.79769313486232e+308
39,"6/17/99",1,2311639,1.79769313486232e+308,1.79769313486232e+308,1.79769313486232e+308,1.79769313486232e+308,1.79769313486232e+308,1.79769313486232e+308,1.79769313486232e+308
40,"6/17/99",1,2311739,1.79769313486232e+308,1.79769313486232e+308,1.79769313486232e+308,1.79769313486232e+308,1.79769313486232e+308,1.79769313486232e+308,1.79769313486232e+308
42,"6/17/99",1,2311839,1,104,12,30,3,30,3
41,"6/17/99",1,2311839,1,101,4,6,6,2,4
43,"6/17/99",1,2311939,1.79769313486232e+308,1.79769313486232e+308,1.79769313486232e+308,1.79769313486232e+308,1.79769313486232e+308,1.79769313486232e+308,1.79769313486232e+308
44,"6/17/99",1,2312039,1,101,8,3,4,2,4
45,"6/17/99",1,2312139,2,104,12,30,4,30,4
47,"6/20/99",1,2312139,8,101,2,4,4,1.79769313486232e+308,1.79769313486232e+308
46,"6/20/99",1,2312139,8,104,12,30,2,30,4
98,"7/15/99",1,2320131,1.79769313486232e+308,1.79769313486232e+308,1.79769313486232e+308,1.79769313486232e+308,1.79769313486232e+308,1.79769313486232e+308,1.79769313486232e+308
130,"7/18/99",1,2320141,1.79769313486232e+308,1.79769313486232e+308,1.79769313486232e+308,1.79769313486232e+308,1.79769313486232e+308,1.79769313486232e+308,1.79769313486232e+308
139,"7/18/99",1,2320151,1.79769313486232e+308,1.79769313486232e+308,1.79769313486232e+308,1.79769313486232e+308,1.79769313486232e+308,1.79769313486232e+308,1.79769313486232e+308
140,"7/18/99",1,2320152,1.79769313486232e+308,1.79769313486232e+308,1.79769313486232e+308,1.79769313486232e+308,1.79769313486232e+308,1.79769313486232e+308,1.79769313486232e+308
99,"7/15/99",1,2320231,1.79769313486232e+308,1.79769313486232e+308,1.79769313486232e+308,1.79769313486232e+308,1.79769313486232e+308,1.79769313486232e+308,1.79769313486232e+308
100,"7/15/99",1,2320232,1.79769313486232e+308,1.79769313486232e+308,1.79769313486232e+308,1.79769313486232e+308,1.79769313486232e+308,1.79769313486232e+308,1.79769313486232e+308
1.79769313486232e+308,".",1.79769313486232e+308,2320241,1,103,6,25,14,15,14
131,"7/18/99",1,2320241,1.79769313486232e+308,1.79769313486232e+308,1.79769313486232e+308,1.79769313486232e+308,1.79769313486232e+308,1.79769313486232e+308,1.79769313486232e+308
132,"7/18/99",1,2320242,1.79769313486232e+308,1.79769313486232e+308,1.79769313486232e+308,1.79769313486232e+308,1.79769313486232e+308,1.79769313486232e+308,1.79769313486232e+308
141,"7/18/99",1,2320251,1,104,12,25,4,25,4
142,"7/18/99",1,2320252,1.79769313486232e+308,1.79769313486232e+308,1.79769313486232e+308,1.79769313486232e+308,1.79769313486232e+308,1.79769313486232e+308,1.79769313486232e+308
143,"7/18/99",1,2320253,1.79769313486232e+308,1.79769313486232e+308,1.79769313486232e+308,1.79769313486232e+308,1.79769313486232e+308,1.79769313486232e+308,1.79769313486232e+308
101,"7/15/99",1,2320331,1.79769313486232e+308,1.79769313486232e+308,1.79769313486232e+308,1.79769313486232e+308,1.79769313486232e+308,1.79769313486232e+308,1.79769313486232e+308
133,"7/18/99",1,2320341,1.79769313486232e+308,1.79769313486232e+308,1.79769313486232e+308,1.79769313486232e+308,1.79769313486232e+308,1.79769313486232e+308,1.79769313486232e+308
144,"7/18/99",1,2320351,1.79769313486232e+308,1.79769313486232e+308,1.79769313486232e+308,1.79769313486232e+308,1.79769313486232e+308,1.79769313486232e+308,1.79769313486232e+308
102,"7/15/99",1,2320431,2,104,12,30,3,30,3
103,"7/15/99",1,2320431,6,104,12,30,1,30,1
104,"7/15/99",1,2320432,1.79769313486232e+308,1.79769313486232e+308,1.79769313486232e+308,1.79769313486232e+308,1.79769313486232e+308,1.79769313486232e+308,1.79769313486232e+308
105,"7/15/99",1,2320433,1.79769313486232e+308,1.79769313486232e+308,1.79769313486232e+308,1.79769313486232e+308,1.79769313486232e+308,1.79769313486232e+308,1.79769313486232e+308
106,"7/15/99",1,2320434,1.79769313486232e+308,1.79769313486232e+308,1.79769313486232e+308,1.79769313486232e+308,1.79769313486232e+308,1.79769313486232e+308,1.79769313486232e+308
134,"7/18/99",1,2320441,1,101,5,5,7,1.79769313486232e+308,1.79769313486232e+308
136,"7/18/99",1,2320441,1,103,6,30,12,1.79769313486232e+308,1.79769313486232e+308
135,"7/18/99",1,2320441,2,104,12,30,3,30,3
137,"7/18/99",1,2320442,1,101,1,5,7,1.79769313486232e+308,1.79769313486232e+308
145,"7/18/99",1,2320459,1,101,6,6,6,10,8
107,"7/15/99",1,2320531,1,101,2,8,6,12,6
138,"7/18/99",1,2320541,1.79769313486232e+308,1.79769313486232e+308,1.79769313486232e+308,1.79769313486232e+308,1.79769313486232e+308,1.79769313486232e+308,1.79769313486232e+308
108,"7/15/99",1,2320631,1,104,12,30,4,30,4
109,"7/15/99",1,2320731,1.79769313486232e+308,1.79769313486232e+308,1.79769313486232e+308,1.79769313486232e+308,1.79769313486232e+308,1.79769313486232e+308,1.79769313486232e+308
110,"7/15/99",1,2320831,1.79769313486232e+308,1.79769313486232e+308,1.79769313486232e+308,1.79769313486232e+308,1.79769313486232e+308,1.79769313486232e+308,1.79769313486232e+308
111,"7/15/99",1,2320931,1.79769313486232e+308,1.79769313486232e+308,1.79769313486232e+308,1.79769313486232e+308,1.79769313486232e+308,1.79769313486232e+308,1.79769313486232e+308
112,"7/15/99",1,2320932,1.79769313486232e+308,1.79769313486232e+308,1.79769313486232e+308,1.79769313486232e+308,1.79769313486232e+308,1.79769313486232e+308,1.79769313486232e+308
113,"7/15/99",1,2321031,1.79769313486232e+308,1.79769313486232e+308,1.79769313486232e+308,1.79769313486232e+308,1.79769313486232e+308,1.79769313486232e+308,1.79769313486232e+308
114,"7/15/99",1,2321131,1.79769313486232e+308,1.79769313486232e+308,1.79769313486232e+308,1.79769313486232e+308,1.79769313486232e+308,1.79769313486232e+308,1.79769313486232e+308
115,"7/15/99",1,2321132,1,101,1,15,4,2,7
116,"7/15/99",1,2321132,2,104,12,30,6,30,6
117,"7/15/99",1,2321231,1.79769313486232e+308,1.79769313486232e+308,1.79769313486232e+308,1.79769313486232e+308,1.79769313486232e+308,1.79769313486232e+308,1.79769313486232e+308
118,"7/15/99",1,2321232,1.79769313486232e+308,1.79769313486232e+308,1.79769313486232e+308,1.79769313486232e+308,1.79769313486232e+308,1.79769313486232e+308,1.79769313486232e+308
119,"7/15/99",1,2321339,1.79769313486232e+308,1.79769313486232e+308,1.79769313486232e+308,1.79769313486232e+308,1.79769313486232e+308,1.79769313486232e+308,1.79769313486232e+308
120,"7/15/99",1,2321439,1,101,4,10,8,1.79769313486232e+308,1.79769313486232e+308
121,"7/18/99",1,2321439,2,101,4,12,4,1.79769313486232e+308,1.79769313486232e+308
122,"7/18/99",1,2321439,3,101,4,10,8,1.79769313486232e+308,1.79769313486232e+308
123,"7/18/99",1,2321439,4,101,4,10,8,1.79769313486232e+308,1.79769313486232e+308
124,"7/18/99",1,2321539,1.79769313486232e+308,1.79769313486232e+308,1.79769313486232e+308,1.79769313486232e+308,1.79769313486232e+308,1.79769313486232e+308,1.79769313486232e+308
125,"7/18/99",1,2321639,1.79769313486232e+308,1.79769313486232e+308,1.79769313486232e+308,1.79769313486232e+308,1.79769313486232e+308,1.79769313486232e+308,1.79769313486232e+308
126,"7/18/99",1,2321739,1.79769313486232e+308,1.79769313486232e+308,1.79769313486232e+308,1.79769313486232e+308,1.79769313486232e+308,1.79769313486232e+308,1.79769313486232e+308
128,"7/18/99",1,2321839,1,101,6,10,6,1.79769313486232e+308,1.79769313486232e+308
127,"7/18/99",1,2321839,2,104,12,30,4,30,4
129,"7/18/99",1,2321939,1,101,3,7,6,4,6
50,"9/06/95",1,2330131,1.79769313486232e+308,1.79769313486232e+308,1.79769313486232e+308,1.79769313486232e+308,1.79769313486232e+308,1.79769313486232e+308,1.79769313486232e+308
79,"9/16/95",1,2330141,1.79769313486232e+308,1.79769313486232e+308,1.79769313486232e+308,1.79769313486232e+308,1.79769313486232e+308,1.79769313486232e+308,1.79769313486232e+308
84,"9/16/95",1,2330151,1.79769313486232e+308,1.79769313486232e+308,1.79769313486232e+308,1.79769313486232e+308,1.79769313486232e+308,1.79769313486232e+308,1.79769313486232e+308
51,"9/06/95",1,2330231,1.79769313486232e+308,1.79769313486232e+308,1.79769313486232e+308,1.79769313486232e+308,1.79769313486232e+308,1.79769313486232e+308,1.79769313486232e+308
80,"9/16/95",1,2330241,1.79769313486232e+308,1.79769313486232e+308,1.79769313486232e+308,1.79769313486232e+308,1.79769313486232e+308,1.79769313486232e+308,1.79769313486232e+308
85,"9/16/95",1,2330251,1.79769313486232e+308,1.79769313486232e+308,1.79769313486232e+308,1.79769313486232e+308,1.79769313486232e+308,1.79769313486232e+308,1.79769313486232e+308
52,"9/06/95",1,2330331,1.79769313486232e+308,1.79769313486232e+308,1.79769313486232e+308,1.79769313486232e+308,1.79769313486232e+308,1.79769313486232e+308,1.79769313486232e+308
81,"9/16/95",1,2330341,1.79769313486232e+308,1.79769313486232e+308,1.79769313486232e+308,1.79769313486232e+308,1.79769313486232e+308,1.79769313486232e+308,1.79769313486232e+308
86,"9/16/95",1,2330351,1.79769313486232e+308,1.79769313486232e+308,1.79769313486232e+308,1.79769313486232e+308,1.79769313486232e+308,1.79769313486232e+308,1.79769313486232e+308
53,"9/06/95",1,2330431,1.79769313486232e+308,1.79769313486232e+308,1.79769313486232e+308,1.79769313486232e+308,1.79769313486232e+308,1.79769313486232e+308,1.79769313486232e+308
82,"9/16/95",1,2330441,1.79769313486232e+308,1.79769313486232e+308,1.79769313486232e+308,1.79769313486232e+308,1.79769313486232e+308,1.79769313486232e+308,1.79769313486232e+308
87,"9/16/95",1,2330459,1.79769313486232e+308,1.79769313486232e+308,1.79769313486232e+308,1.79769313486232e+308,1.79769313486232e+308,1.79769313486232e+308,1.79769313486232e+308
54,"9/06/95",1,2330531,7,101,3,20,3,1.79769313486232e+308,1.79769313486232e+308
83,"9/16/95",1,2330541,1,101,2,6,5,1.79769313486232e+308,1.79769313486232e+308
55,"9/06/95",1,2330631,1,101,5,10,2,1.79769313486232e+308,1.79769313486232e+308
56,"9/06/95",1,2330631,2,104,12,30,2,30,2
57,"9/06/95",1,2330731,1.79769313486232e+308,1.79769313486232e+308,1.79769313486232e+308,1.79769313486232e+308,1.79769313486232e+308,1.79769313486232e+308,1.79769313486232e+308
58,"9/06/95",1,2330831,1,101,3,6,6,1.79769313486232e+308,1.79769313486232e+308
59,"9/06/95",1,2330931,2,104,12,25,2,25,2
60,"9/06/95",1,2331031,1.79769313486232e+308,1.79769313486232e+308,1.79769313486232e+308,1.79769313486232e+308,1.79769313486232e+308,1.79769313486232e+308,1.79769313486232e+308
61,"9/06/95",1,2331131,1.79769313486232e+308,1.79769313486232e+308,1.79769313486232e+308,1.79769313486232e+308,1.79769313486232e+308,1.79769313486232e+308,1.79769313486232e+308
62,"9/06/95",1,2331231,1.79769313486232e+308,1.79769313486232e+308,1.79769313486232e+308,1.79769313486232e+308,1.79769313486232e+308,1.79769313486232e+308,1.79769313486232e+308
64,"9/06/95",1,2331339,1,101,3,15,3,15,3
63,"9/06/95",1,2331339,1,104,12,30,5,30,5
67,"9/06/95",1,2331439,1,104,6,15,3,15,3
65,"9/06/95",1,2331439,1,101,5,12,3,1.79769313486232e+308,1.79769313486232e+308
68,"9/06/95",1,2331439,2,104,6,15,3,15,3
66,"9/06/95",1,2331439,2,101,5,10,3,1.79769313486232e+308,1.79769313486232e+308
69,"9/06/95",1,2331539,2,104,12,30,2,30,2
70,"9/06/95",1,2331639,1.79769313486232e+308,1.79769313486232e+308,1.79769313486232e+308,1.79769313486232e+308,1.79769313486232e+308,1.79769313486232e+308,1.79769313486232e+308
71,"9/16/95",1,2331739,1,101,3,8,8,1.79769313486232e+308,1.79769313486232e+308
72,"9/16/95",1,2331839,1.79769313486232e+308,1.79769313486232e+308,1.79769313486232e+308,1.79769313486232e+308,1.79769313486232e+308,1.79769313486232e+308,1.79769313486232e+308
73,"9/16/95",1,2331939,1.79769313486232e+308,1.79769313486232e+308,1.79769313486232e+308,1.79769313486232e+308,1.79769313486232e+308,1.79769313486232e+308,1.79769313486232e+308
74,"9/16/95",1,2332039,1.79769313486232e+308,1.79769313486232e+308,1.79769313486232e+308,1.79769313486232e+308,1.79769313486232e+308,1.79769313486232e+308,1.79769313486232e+308
75,"9/16/95",1,2332139,1,101,3,3,6,1.79769313486232e+308,1.79769313486232e+308
76,"9/16/95",1,2332139,4,101,3,7,8,1.79769313486232e+308,1.79769313486232e+308
77,"9/16/95",1,2332239,1.79769313486232e+308,1.79769313486232e+308,1.79769313486232e+308,1.79769313486232e+308,1.79769313486232e+308,1.79769313486232e+308,1.79769313486232e+308
78,"9/16/95",1,2332339,2,104,12,30,4,30,4
1,"5/10/99",1,2410131,1.79769313486232e+308,1.79769313486232e+308,1.79769313486232e+308,1.79769313486232e+308,1.79769313486232e+308,1.79769313486232e+308,1.79769313486232e+308
24,"2/10/99",1,2410141,1.79769313486232e+308,1.79769313486232e+308,1.79769313486232e+308,1.79769313486232e+308,1.79769313486232e+308,1.79769313486232e+308,1.79769313486232e+308
28,"2/10/99",1,2410151,1,101,8,14,5,14,5
2,"2/10/99",1,2410231,1.79769313486232e+308,1.79769313486232e+308,1.79769313486232e+308,1.79769313486232e+308,1.79769313486232e+308,1.79769313486232e+308,1.79769313486232e+308
25,"2/10/99",1,2410241,1.79769313486232e+308,1.79769313486232e+308,1.79769313486232e+308,1.79769313486232e+308,1.79769313486232e+308,1.79769313486232e+308,1.79769313486232e+308
3,"2/10/99",1,2410331,1,101,6,10,7,10,7
26,"2/10/99",1,2410341,1.79769313486232e+308,1.79769313486232e+308,1.79769313486232e+308,1.79769313486232e+308,1.79769313486232e+308,1.79769313486232e+308,1.79769313486232e+308
29,"2/10/99",1,2410351,2,104,12,30,1,30,1
4,"2/10/99",1,2410431,1,101,6,2,1,2,2
30,"2/10/99",1,2410459,1,101,9,5,3,3,2
5,"2/10/99",1,2410531,1,101,6,20,3,20,2
27,"2/10/99",1,2410541,1,101,8,5,8,5,8
6,"2/10/99",1,2410631,1,101,6,4,2,4,2
7,"2/10/99",1,2410731,1,101,6,10,2,10,2
8,"2/10/99",1,2410931,1.79769313486232e+308,1.79769313486232e+308,1.79769313486232e+308,1.79769313486232e+308,1.79769313486232e+308,1.79769313486232e+308,1.79769313486232e+308
9,"2/10/99",1,2411031,1,101,6,7,3,7,3
10,"2/10/99",1,2411231,1,101,6,14,8,15,2
11,"2/10/99",1,2411231,3,101,7,16,9,12,9
12,"2/10/99",1,2411231,4,101,8,16,9,12,9
13,"2/10/99",1,2411339,1,101,6,10,1,4,5
14,"2/10/99",1,2411439,1.79769313486232e+308,1.79769313486232e+308,1.79769313486232e+308,1.79769313486232e+308,1.79769313486232e+308,1.79769313486232e+308,1.79769313486232e+308
15,"2/10/99",1,2411539,1,101,5,8,7,8,8
16,"2/10/99",1,2411639,1,101,8,10,6,15,6
17,"2/10/99",1,2411739,1.79769313486232e+308,1.79769313486232e+308,1.79769313486232e+308,1.79769313486232e+308,1.79769313486232e+308,1.79769313486232e+308,1.79769313486232e+308
18,"2/10/99",1,2411839,1,101,8,4,8,4,8
19,"2/10/99",1,2411839,3,101,8,1,9,1,9
20,"2/10/99",1,2411839,5,101,8,1,9,1,9
21,"2/10/99",1,2411939,1.79769313486232e+308,1.79769313486232e+308,1.79769313486232e+308,1.79769313486232e+308,1.79769313486232e+308,1.79769313486232e+308,1.79769313486232e+308
22,"2/10/99",1,2412039,1.79769313486232e+308,1.79769313486232e+308,1.79769313486232e+308,1.79769313486232e+308,1.79769313486232e+308,1.79769313486232e+308,1.79769313486232e+308
23,"2/10/99",1,2412139,1.79769313486232e+308,1.79769313486232e+308,1.79769313486232e+308,1.79769313486232e+308,1.79769313486232e+308,1.79769313486232e+308,1.79769313486232e+308
38,"8/06/99",1,2420131,1,101,7,14,2,13,4
39,"8/06/99",1,2420131,7,101,7,5,6,6,6
68,"8/06/99",1,2420141,1.79769313486232e+308,1.79769313486232e+308,1.79769313486232e+308,1.79769313486232e+308,1.79769313486232e+308,1.79769313486232e+308,1.79769313486232e+308
72,"8/06/99",1,2420151,1.79769313486232e+308,1.79769313486232e+308,1.79769313486232e+308,1.79769313486232e+308,1.79769313486232e+308,1.79769313486232e+308,1.79769313486232e+308
40,"8/06/99",1,2420231,1.79769313486232e+308,1.79769313486232e+308,1.79769313486232e+308,1.79769313486232e+308,1.79769313486232e+308,1.79769313486232e+308,1.79769313486232e+308
69,"8/06/99",1,2420241,1,101,4,9,5,10,5
73,"8/06/99",1,2420251,1,101,8,16,5,17,6
41,"8/06/99",1,2420331,1,101,7,10,4,10,8
42,"8/06/99",1,2420331,5,101,7,18,3,10,4
43,"8/06/99",1,2420331,9,101,7,10,2,10,2
74,"8/06/99",1,2420351,1,101,8,22,8,21,10
44,"8/06/99",1,2420431,1,101,8,12,5,12,6
45,"8/06/99",1,2420431,4,101,8,10,8,14,8
70,"8/06/99",1,2420441,1.79769313486232e+308,1.79769313486232e+308,1.79769313486232e+308,1.79769313486232e+308,1.79769313486232e+308,1.79769313486232e+308,1.79769313486232e+308
75,"8/06/99",1,2420459,4,101,8,18,6,22,7
46,"8/06/99",1,2420531,1,101,8,10,4,10,3
71,"8/06/99",1,2420541,1,101,4,8,7,7,8
47,"8/06/99",1,2420631,1,101,4,8,6,11,5
48,"8/06/99",1,2420731,1,101,8,10,3,15,8
49,"8/06/99",1,2420831,1,101,4,20,8,22,8
50,"8/06/99",1,2420931,1,101,7,9,5,10,6
51,"8/06/99",1,2420931,2,104,12,30,2,30,2
52,"8/06/99",1,2421031,1,101,8,5,3,5,4
53,"8/06/99",1,2421031,3,101,8,2,5,4,5
54,"8/06/99",1,2421031,7,101,8,2,4,5,4
55,"8/06/99",1,2421131,1,101,7,15,6,16,6
56,"8/06/99",1,2421132,1.79769313486232e+308,1.79769313486232e+308,1.79769313486232e+308,1.79769313486232e+308,1.79769313486232e+308,1.79769313486232e+308,1.79769313486232e+308
57,"8/06/99",1,2421231,1,101,6,11,5,10,6
58,"8/06/99",1,2421232,1.79769313486232e+308,1.79769313486232e+308,1.79769313486232e+308,1.79769313486232e+308,1.79769313486232e+308,1.79769313486232e+308,1.79769313486232e+308
59,"8/06/99",1,2421339,1,101,8,20,5,20,5
60,"8/06/99",1,2421439,1,101,7,23,7,24,8
61,"8/06/99",1,2421539,1,101,7,10,7,12,7
62,"8/06/99",1,2421639,1,101,8,23,8,26,7
63,"8/06/99",1,2421739,1,101,5,5,4,3,4
64,"8/06/99",1,2421739,3,101,5,5,2,1.79769313486232e+308,1.79769313486232e+308
65,"8/06/99",1,2421839,1,101,8,10,3,10,3
66,"8/06/99",1,2421839,3,101,8,16,7,14,8
67,"8/06/99",1,2421839,4,101,8,12,7,13,7
174,"8/13/99",1,2430131,1.79769313486232e+308,1.79769313486232e+308,1.79769313486232e+308,1.79769313486232e+308,1.79769313486232e+308,1.79769313486232e+308,1.79769313486232e+308
198,"8/13/99",1,2430141,1.79769313486232e+308,1.79769313486232e+308,1.79769313486232e+308,1.79769313486232e+308,1.79769313486232e+308,1.79769313486232e+308,1.79769313486232e+308
199,"8/13/99",1,2430142,1.79769313486232e+308,1.79769313486232e+308,1.79769313486232e+308,1.79769313486232e+308,1.79769313486232e+308,1.79769313486232e+308,1.79769313486232e+308
200,"8/13/99",1,2430143,1.79769313486232e+308,1.79769313486232e+308,1.79769313486232e+308,1.79769313486232e+308,1.79769313486232e+308,1.79769313486232e+308,1.79769313486232e+308
205,"8/13/99",1,2430151,2,101,12,10,2,7,2
175,"8/13/99",1,2430231,1,101,10,6,4,5,3
201,"8/13/99",1,2430241,1,101,8,9,4,5,3
202,"8/13/99",1,2430242,1.79769313486232e+308,1.79769313486232e+308,1.79769313486232e+308,1.79769313486232e+308,1.79769313486232e+308,1.79769313486232e+308,1.79769313486232e+308
206,"8/13/99",1,2430251,1,101,8,20,7,19,7
207,"8/13/99",1,2430251,2,101,8,22,8,21,8
176,"8/13/99",1,2430331,1,101,8,9,3,5,3
177,"8/13/99",1,2430331,3,101,8,12,4,6,2
208,"8/13/99",1,2430351,1,101,8,17,5,15,5
209,"8/13/99",1,2430351,3,101,8,19,6,18,7
178,"8/13/99",1,2430431,1,101,8,5,7,2,2
203,"8/13/99",1,2430441,1,101,8,7,4,2,3
210,"8/13/99",1,2430459,1,101,9,15,5,10,4
179,"8/13/99",1,2430531,1,101,8,5,8,5,7
180,"8/13/99",1,2430531,4,101,8,7,4,5,5
204,"8/13/99",1,2430541,1.79769313486232e+308,1.79769313486232e+308,1.79769313486232e+308,1.79769313486232e+308,1.79769313486232e+308,1.79769313486232e+308,1.79769313486232e+308
181,"8/13/99",1,2430631,1,101,3,10,3,1.79769313486232e+308,1.79769313486232e+308
182,"8/13/99",1,2430631,2,101,6,4,1,4,1
183,"8/13/99",1,2430731,1.79769313486232e+308,1.79769313486232e+308,1.79769313486232e+308,1.79769313486232e+308,1.79769313486232e+308,1.79769313486232e+308,1.79769313486232e+308
184,"8/13/99",1,2430831,1.79769313486232e+308,1.79769313486232e+308,1.79769313486232e+308,1.79769313486232e+308,1.79769313486232e+308,1.79769313486232e+308,1.79769313486232e+308
185,"8/13/99",1,2430931,1,102,12,15,4,16,4
186,"8/13/99",1,2430931,3,101,12,9,4,8,4
187,"8/13/99",1,2430932,1.79769313486232e+308,1.79769313486232e+308,1.79769313486232e+308,1.79769313486232e+308,1.79769313486232e+308,1.79769313486232e+308,1.79769313486232e+308
188,"8/13/99",1,2431031,1,101,10,5,2,4,3
189,"8/13/99",1,2431031,3,101,10,13,4,5,3
190,"8/13/99",1,2431131,1,101,12,9,3,5,4
191,"8/13/99",1,2431231,1.79769313486232e+308,1.79769313486232e+308,1.79769313486232e+308,1.79769313486232e+308,1.79769313486232e+308,1.79769313486232e+308,1.79769313486232e+308
192,"8/13/99",1,2431339,1,101,8,13,6,7,5
193,"8/13/99",1,2431439,1,101,8,7,8,4,8
194,"8/13/99",1,2431439,4,101,8,5,8,3,7
195,"8/13/99",1,2431539,2,101,8,19,6,7,6
196,"8/13/99",1,2431639,1.79769313486232e+308,1.79769313486232e+308,1.79769313486232e+308,1.79769313486232e+308,1.79769313486232e+308,1.79769313486232e+308,1.79769313486232e+308
197,"8/13/99",1,2431739,1.79769313486232e+308,1.79769313486232e+308,1.79769313486232e+308,1.79769313486232e+308,1.79769313486232e+308,1.79769313486232e+308,1.79769313486232e+308
1,"7/07/99",1,2510141,1.79769313486232e+308,1.79769313486232e+308,1.79769313486232e+308,1.79769313486232e+308,1.79769313486232e+308,1.79769313486232e+308,1.79769313486232e+308
28,"7/29/99",1,2510151,3,101,12,22,8,28,8
2,"7/29/99",1,2510241,1.79769313486232e+308,1.79769313486232e+308,1.79769313486232e+308,1.79769313486232e+308,1.79769313486232e+308,1.79769313486232e+308,1.79769313486232e+308
29,"7/29/99",1,2510251,4,101,6,7,6,1.79769313486232e+308,1.79769313486232e+308
30,"7/29/99",1,2510251,5,101,6,7,6,1.79769313486232e+308,1.79769313486232e+308
3,"7/29/99",1,2510341,1,101,8,6,6,5,6
4,"7/29/99",1,2510341,3,101,8,5,4,5,4
31,"7/29/99",1,2510351,1,101,8,6,8,10,8
32,"7/29/99",1,2510351,3,101,8,5,8,6,8
5,"7/29/99",1,2510441,1,101,8,8,8,10,8
6,"7/29/99",1,2510441,1,101,8,8,8,10,8
7,"7/29/99",1,2510442,1,101,10,6,8,4,8
33,"7/29/99",1,2510459,1,101,10,20,8,25,8
8,"7/29/99",1,2510541,1,101,7,4,8,5,8
9,"7/29/99",1,2510641,1.79769313486232e+308,1.79769313486232e+308,1.79769313486232e+308,1.79769313486232e+308,1.79769313486232e+308,1.79769313486232e+308,1.79769313486232e+308
10,"7/29/99",1,2510642,1.79769313486232e+308,1.79769313486232e+308,1.79769313486232e+308,1.79769313486232e+308,1.79769313486232e+308,1.79769313486232e+308,1.79769313486232e+308
11,"7/29/99",1,2510741,1.79769313486232e+308,1.79769313486232e+308,1.79769313486232e+308,1.79769313486232e+308,1.79769313486232e+308,1.79769313486232e+308,1.79769313486232e+308
14,"7/29/99",1,2510841,1,101,6,8,6,1.79769313486232e+308,1.79769313486232e+308
12,"7/29/99",1,2510841,1,101,8,10,8,5,8
13,"7/29/99",1,2510841,11,101,8,10,8,5,8
15,"7/29/99",1,2510941,1,101,8,10,4,8,4
16,"7/29/99",1,2511041,1.79769313486232e+308,1.79769313486232e+308,1.79769313486232e+308,1.79769313486232e+308,1.79769313486232e+308,1.79769313486232e+308,1.79769313486232e+308
17,"7/29/99",1,2511141,5,101,8,5,8,4,8
18,"7/29/99",1,2511241,1,101,3,4,3,1.79769313486232e+308,1.79769313486232e+308
19,"7/29/99",1,2511341,1.79769313486232e+308,1.79769313486232e+308,1.79769313486232e+308,1.79769313486232e+308,1.79769313486232e+308,1.79769313486232e+308,1.79769313486232e+308
20,"7/29/99",1,2511342,1.79769313486232e+308,1.79769313486232e+308,1.79769313486232e+308,1.79769313486232e+308,1.79769313486232e+308,1.79769313486232e+308,1.79769313486232e+308
21,"7/29/99",1,2511441,1,101,8,10,8,18,6
22,"7/29/99",1,2511541,1,101,6,10,8,6,8
23,"7/29/99",1,2511541,4,101,6,8,8,6,8
24,"7/29/99",1,2511641,1,101,2,8,8,1.79769313486232e+308,1.79769313486232e+308
25,"7/29/99",1,2511741,1,101,6,4,8,5,8
26,"7/29/99",1,2511741,4,101,8,10,8,12,8
27,"7/29/99",1,2511741,6,101,6,5,6,4,6
90,"2/13/99",1,2520141,1,101,6,5,6,1.79769313486232e+308,1.79769313486232e+308
91,"6/07/99",1,2520141,5,101,6,6,2,1.79769313486232e+308,1.79769313486232e+308
122,"6/07/99",1,2520151,1,101,6,10,8,6,8
123,"6/07/99",1,2520151,8,101,6,6,6,4,6
124,"6/07/99",1,2520151,10,104,12,30,3,12,3
125,"6/07/99",1,2520151,11,104,12,30,3,12,3
94,"6/07/99",1,2520241,1,104,12,30,2,30,2
92,"6/07/99",1,2520241,1,101,9,8,10,25,10
95,"6/07/99",1,2520241,5,104,12,30,1,30,1
93,"6/07/99",1,2520241,5,101,8,5,4,1.79769313486232e+308,1.79769313486232e+308
126,"6/07/99",1,2520251,1,101,7,5,8,1.79769313486232e+308,1.79769313486232e+308
97,"6/07/99",1,2520341,1,104,12,30,1,30,1
96,"6/07/99",1,2520341,1,101,3,8,4,1.79769313486232e+308,1.79769313486232e+308
98,"6/07/99",1,2520341,6,104,12,30,2,30,2
127,"6/07/99",1,2520351,1,101,6,5,6,6,6
99,"6/07/99",1,2520441,1,101,6,8,8,10,8
100,"6/07/99",1,2520441,4,101,6,12,6,15,6
101,"6/07/99",1,2520441,5,101,6,12,6,15,6
129,"6/07/99",1,2520459,1,104,12,30,2,30,2
128,"6/07/99",1,2520459,1,101,2,15,4,4,4
102,"6/07/99",1,2520541,1.79769313486232e+308,1.79769313486232e+308,1.79769313486232e+308,1.79769313486232e+308,1.79769313486232e+308,1.79769313486232e+308,1.79769313486232e+308
103,"6/07/99",1,2520542,1,101,3,8,3,5,3
104,"6/07/99",1,2520542,4,101,6,10,6,5,2
105,"6/07/99",1,2520641,1,101,10,6,6,20,8
106,"6/07/99",1,2520641,1,104,12,30,3,30,3
107,"6/07/99",1,2520741,1.79769313486232e+308,1.79769313486232e+308,1.79769313486232e+308,1.79769313486232e+308,1.79769313486232e+308,1.79769313486232e+308,1.79769313486232e+308
108,"6/07/99",1,2520841,1,101,6,6,10,3,10
109,"6/07/99",1,2520841,4,101,6,5,10,3,10
110,"6/07/99",1,2520941,1,101,2,5,6,1.79769313486232e+308,1.79769313486232e+308
111,"6/07/99",1,2521041,1.79769313486232e+308,1.79769313486232e+308,1.79769313486232e+308,1.79769313486232e+308,1.79769313486232e+308,1.79769313486232e+308,1.79769313486232e+308
1.79769313486232e+308,"8/09/99",1,2521141,1.79769313486232e+308,1.79769313486232e+308,1.79769313486232e+308,1.79769313486232e+308,1.79769313486232e+308,1.79769313486232e+308,1.79769313486232e+308
113,"6/07/99",1,2521241,1.79769313486232e+308,1.79769313486232e+308,1.79769313486232e+308,1.79769313486232e+308,1.79769313486232e+308,1.79769313486232e+308,1.79769313486232e+308
115,"6/07/99",1,2521341,1,101,3,2,8,1.79769313486232e+308,1.79769313486232e+308
116,"6/07/99",1,2521441,1,101,4,2,6,1.79769313486232e+308,1.79769313486232e+308
117,"6/07/99",1,2521441,2,101,6,10,6,15,6
118,"6/07/99",1,2521541,1.79769313486232e+308,1.79769313486232e+308,1.79769313486232e+308,1.79769313486232e+308,1.79769313486232e+308,1.79769313486232e+308,1.79769313486232e+308
117,"6/07/99",1,2521542,1,104,12,30,1,30,1
118,"6/07/99",1,2521542,3,104,12,30,2,30,2
119,"6/07/99",1,2521641,1,101,8,6,8,5,8
120,"6/07/99",1,2521641,2,104,12,30,2,30,2
121,"6/07/99",1,2521741,1,101,3,7,3,1.79769313486232e+308,1.79769313486232e+308
1,"5/10/99",1,2530141,1.79769313486232e+308,1.79769313486232e+308,1.79769313486232e+308,1.79769313486232e+308,1.79769313486232e+308,1.79769313486232e+308,1.79769313486232e+308
28,"5/12/99",1,2530151,3,101,8,6,8,2,8
2,"5/12/99",1,2530241,1.79769313486232e+308,1.79769313486232e+308,1.79769313486232e+308,1.79769313486232e+308,1.79769313486232e+308,1.79769313486232e+308,1.79769313486232e+308
29,"5/12/99",1,2530251,1,101,6,2,8,1.79769313486232e+308,1.79769313486232e+308
3,"5/12/99",1,2530341,1.79769313486232e+308,1.79769313486232e+308,1.79769313486232e+308,1.79769313486232e+308,1.79769313486232e+308,1.79769313486232e+308,1.79769313486232e+308
111,"9/10/99",1,2530351,2,104,12,30,0.5,30,1.79769313486232e+308
109,"9/10/99",1,2530351,5,104,12,25,1,30,1
110,"9/10/99",1,2530351,6,104,12,28,1.5,30,1.5
4,"5/12/99",1,2530441,1,101,4,4,5,7,5
30,"5/12/99",1,2530459,1.79769313486232e+308,1.79769313486232e+308,1.79769313486232e+308,1.79769313486232e+308,1.79769313486232e+308,1.79769313486232e+308,1.79769313486232e+308
5,"5/12/99",1,2530541,1.79769313486232e+308,1.79769313486232e+308,1.79769313486232e+308,1.79769313486232e+308,1.79769313486232e+308,1.79769313486232e+308,1.79769313486232e+308
6,"5/12/99",1,2530641,1,101,3,4,8,1.79769313486232e+308,1.79769313486232e+308
7,"5/12/99",1,2530641,4,101,6,5,8,3,8
8,"5/12/99",1,2530741,1,101,3,3,6,1.79769313486232e+308,1.79769313486232e+308
9,"5/12/99",1,2530841,1.79769313486232e+308,1.79769313486232e+308,1.79769313486232e+308,1.79769313486232e+308,1.79769313486232e+308,1.79769313486232e+308,1.79769313486232e+308
10,"5/12/99",1,2530941,1,101,2,5,8,1.79769313486232e+308,1.79769313486232e+308
11,"5/12/99",1,2530941,3,101,3,4,6,4,6
12,"5/12/99",1,2530941,4,101,2,4,6,4,2
13,"5/12/99",1,2530941,5,101,2,4,4,3,3
14,"5/12/99",1,2531041,1,101,8,7,4,15,5
15,"5/12/99",1,2531041,3,101,8,6,4,15,9
16,"5/12/99",1,2531041,6,101,4,8,5,10,5
17,"5/12/99",1,2531141,1,101,7,15,5,20,4
18,"5/12/99",1,2531141,4,101,8,10,4,6,5
19,"5/12/99",1,2531141,5,101,5,10,4,15,3
20,"5/12/99",1,2531241,1,101,7,7,4,30,4
21,"5/12/99",1,2531341,1.79769313486232e+308,1.79769313486232e+308,1.79769313486232e+308,1.79769313486232e+308,1.79769313486232e+308,1.79769313486232e+308,1.79769313486232e+308
22,"5/12/99",1,2531441,1,101,8,5,9,10,9
23,"5/12/99",1,2531441,4,101,8,5,9,10,9
24,"5/12/99",1,2531541,1.79769313486232e+308,1.79769313486232e+308,1.79769313486232e+308,1.79769313486232e+308,1.79769313486232e+308,1.79769313486232e+308,1.79769313486232e+308
25,"5/12/99",1,2531641,4,101,4,4,8,4,8
26,"5/12/99",1,2531741,5,101,4,15,3.5,7,7
27,"5/12/99",1,2531741,6,101,4,15,3,7,6
1,"7/07/99",1,2540149,1,101,4,3,6,1.79769313486232e+308,1.79769313486232e+308
17,"10/09/99",1,2540159,1,104,12,25,2,25,2
18,"10/09/99",1,2540159,4,104,10,20,2,20,2
2,"10/09/99",1,2540249,1,101,4,5,6,1.79769313486232e+308,1.79769313486232e+308
19,"10/09/99",1,2540259,1.79769313486232e+308,1.79769313486232e+308,1.79769313486232e+308,1.79769313486232e+308,1.79769313486232e+308,1.79769313486232e+308,1.79769313486232e+308
3,"10/09/99",1,2540349,1,101,4,5,8,5,6
4,"10/09/99",1,2540349,3,101,8,2,8,1.79769313486232e+308,1.79769313486232e+308
20,"10/09/99",1,2540359,1,101,8,6,8,4,8
21,"10/09/99",1,2540359,3,101,8,4,8,1.79769313486232e+308,1.79769313486232e+308
5,"10/09/99",1,2540449,1.79769313486232e+308,1.79769313486232e+308,1.79769313486232e+308,1.79769313486232e+308,1.79769313486232e+308,1.79769313486232e+308,1.79769313486232e+308
22,"10/09/99",1,2540459,1.79769313486232e+308,1.79769313486232e+308,1.79769313486232e+308,1.79769313486232e+308,1.79769313486232e+308,1.79769313486232e+308,1.79769313486232e+308
6,"10/09/99",1,2540549,1,101,4,4,6,4,6
23,"10/09/99",1,2540559,1,101,5,5,5,4,5
7,"10/09/99",1,2540649,1,101,4,6,6,1.79769313486232e+308,2
8,"10/09/99",1,2540749,1,101,4,3,4,8,6
9,"10/09/99",1,2540849,1.79769313486232e+308,1.79769313486232e+308,1.79769313486232e+308,1.79769313486232e+308,1.79769313486232e+308,1.79769313486232e+308,1.79769313486232e+308
10,"10/09/99",1,2540949,1.79769313486232e+308,1.79769313486232e+308,1.79769313486232e+308,1.79769313486232e+308,1.79769313486232e+308,1.79769313486232e+308,1.79769313486232e+308
11,"10/09/99",1,2541049,1,101,6,2,6,1.79769313486232e+308,1.79769313486232e+308
12,"10/09/99",1,2541149,1.79769313486232e+308,1.79769313486232e+308,1.79769313486232e+308,1.79769313486232e+308,1.79769313486232e+308,1.79769313486232e+308,1.79769313486232e+308
13,"10/09/99",1,2541249,1.79769313486232e+308,1.79769313486232e+308,1.79769313486232e+308,1.79769313486232e+308,1.79769313486232e+308,1.79769313486232e+308,1.79769313486232e+308
14,"10/09/99",1,2541349,1,101,4,4,8,7,10
15,"10/09/99",1,2541449,1,101,6,2,5,1.79769313486232e+308,1.79769313486232e+308
16,"10/09/99",1,2541549,1.79769313486232e+308,1.79769313486232e+308,1.79769313486232e+308,1.79769313486232e+308,1.79769313486232e+308,1.79769313486232e+308,1.79769313486232e+308
31,"7/12/99",1,2610141,1,101,2,4,8,1.79769313486232e+308,1.79769313486232e+308
32,"7/12/99",1,2610141,3,104,12,26,1.5,29,1.5
53,"7/12/99",1,2610151,4,101,5,18,8,20,5
54,"7/12/99",1,2610151,5,104,12,28,3,29,3
55,"7/12/99",1,2610152,1.79769313486232e+308,1.79769313486232e+308,1.79769313486232e+308,1.79769313486232e+308,1.79769313486232e+308,1.79769313486232e+308,1.79769313486232e+308
33,"7/12/99",1,2610241,1.79769313486232e+308,1.79769313486232e+308,1.79769313486232e+308,1.79769313486232e+308,1.79769313486232e+308,1.79769313486232e+308,1.79769313486232e+308
56,"7/12/99",1,2610251,8,101,3,12,8,2,8
57,"7/12/99",1,2610252,1,101,5,12,8,8,7
58,"7/12/99",1,2610253,1.79769313486232e+308,1.79769313486232e+308,1.79769313486232e+308,1.79769313486232e+308,1.79769313486232e+308,1.79769313486232e+308,1.79769313486232e+308
34,"7/12/99",1,2610341,1.79769313486232e+308,1.79769313486232e+308,1.79769313486232e+308,1.79769313486232e+308,1.79769313486232e+308,1.79769313486232e+308,1.79769313486232e+308
59,"7/12/99",1,2610351,1,101,4,14,9,14,8
61,"7/12/99",1,2610351,1,104,12,22,1,20,1
60,"7/12/99",1,2610351,2,104,12,25,2,28,2
35,"7/12/99",1,2610441,1.79769313486232e+308,1.79769313486232e+308,1.79769313486232e+308,1.79769313486232e+308,1.79769313486232e+308,1.79769313486232e+308,1.79769313486232e+308
62,"7/12/99",1,2610459,1,101,9,12,4,1.79769313486232e+308,1.79769313486232e+308
63,"7/12/99",1,2610459,2,101,9,16,5,12,8
36,"7/12/99",1,2610541,1.79769313486232e+308,1.79769313486232e+308,1.79769313486232e+308,1.79769313486232e+308,1.79769313486232e+308,1.79769313486232e+308,1.79769313486232e+308
37,"7/12/99",1,2610641,1,104,12,24,1,20,1
38,"7/12/99",1,2610741,1,101,4,8,7,4,3
39,"7/12/99",1,2610741,2,104,12,26,4,26,3
40,"7/12/99",1,2610841,1,104,12,21,1,20,2
41,"7/12/99",1,2610841,2,104,12,25,2,18,2
42,"7/12/99",1,2610941,1.79769313486232e+308,1.79769313486232e+308,1.79769313486232e+308,1.79769313486232e+308,1.79769313486232e+308,1.79769313486232e+308,1.79769313486232e+308
43,"7/12/99",1,2611041,1,101,3,5,8,1.79769313486232e+308,1.79769313486232e+308
44,"7/12/99",1,2611041,3,101,4,7,9,1.79769313486232e+308,1.79769313486232e+308
45,"7/12/99",1,2611141,1,101,2,10,9,1.79769313486232e+308,1.79769313486232e+308
46,"7/12/99",1,2611241,1.79769313486232e+308,1.79769313486232e+308,1.79769313486232e+308,1.79769313486232e+308,1.79769313486232e+308,1.79769313486232e+308,1.79769313486232e+308
47,"7/12/99",1,2611242,1.79769313486232e+308,1.79769313486232e+308,1.79769313486232e+308,1.79769313486232e+308,1.79769313486232e+308,1.79769313486232e+308,1.79769313486232e+308
48,"7/12/99",1,2611341,1,101,4,12,8,8,7
49,"7/12/99",1,2611441,1,101,4,12,8,5,8
50,"7/12/99",1,2611541,1.79769313486232e+308,1.79769313486232e+308,1.79769313486232e+308,1.79769313486232e+308,1.79769313486232e+308,1.79769313486232e+308,1.79769313486232e+308
51,"7/12/99",1,2611641,1,101,4,10,8,5,8
52,"7/12/99",1,2611741,1,101,5,12,8,10,8
1,"5/10/99",1,2620141,1,104,12,21,3,16,4
2,"5/16/99",1,2620141,3,101,2,4,8,1.79769313486232e+308,1.79769313486232e+308
3,"5/16/99",1,2620241,1.79769313486232e+308,1.79769313486232e+308,1.79769313486232e+308,1.79769313486232e+308,1.79769313486232e+308,1.79769313486232e+308,1.79769313486232e+308
19,"5/16/99",1,2620251,1.79769313486232e+308,1.79769313486232e+308,1.79769313486232e+308,1.79769313486232e+308,1.79769313486232e+308,1.79769313486232e+308,1.79769313486232e+308
4,"5/16/99",1,2620341,1.79769313486232e+308,1.79769313486232e+308,1.79769313486232e+308,1.79769313486232e+308,1.79769313486232e+308,1.79769313486232e+308,1.79769313486232e+308
20,"5/16/99",1,2620351,3,101,2,2,5,1.79769313486232e+308,1.79769313486232e+308
5,"5/16/99",1,2620441,1.79769313486232e+308,1.79769313486232e+308,1.79769313486232e+308,1.79769313486232e+308,1.79769313486232e+308,1.79769313486232e+308,1.79769313486232e+308
21,"5/16/99",1,2620459,1.79769313486232e+308,1.79769313486232e+308,1.79769313486232e+308,1.79769313486232e+308,1.79769313486232e+308,1.79769313486232e+308,1.79769313486232e+308
6,"5/16/99",1,2620541,1.79769313486232e+308,1.79769313486232e+308,1.79769313486232e+308,1.79769313486232e+308,1.79769313486232e+308,1.79769313486232e+308,1.79769313486232e+308
7,"5/16/99",1,2620641,1,104,12,26,2,28,2.5
8,"5/16/99",1,2620741,1.79769313486232e+308,1.79769313486232e+308,1.79769313486232e+308,1.79769313486232e+308,1.79769313486232e+308,1.79769313486232e+308,1.79769313486232e+308
9,"5/16/99",1,2620841,1.79769313486232e+308,1.79769313486232e+308,1.79769313486232e+308,1.79769313486232e+308,1.79769313486232e+308,1.79769313486232e+308,1.79769313486232e+308
10,"5/16/99",1,2620941,1.79769313486232e+308,1.79769313486232e+308,1.79769313486232e+308,1.79769313486232e+308,1.79769313486232e+308,1.79769313486232e+308,1.79769313486232e+308
11,"5/16/99",1,2621041,1.79769313486232e+308,1.79769313486232e+308,1.79769313486232e+308,1.79769313486232e+308,1.79769313486232e+308,1.79769313486232e+308,1.79769313486232e+308
12,"5/16/99",1,2621141,1.79769313486232e+308,1.79769313486232e+308,1.79769313486232e+308,1.79769313486232e+308,1.79769313486232e+308,1.79769313486232e+308,1.79769313486232e+308
13,"5/16/99",1,2621241,1.79769313486232e+308,1.79769313486232e+308,1.79769313486232e+308,1.79769313486232e+308,1.79769313486232e+308,1.79769313486232e+308,1.79769313486232e+308
14,"5/16/99",1,2621341,1,101,12,20,7,14,6
15,"5/16/99",1,2621441,1.79769313486232e+308,1.79769313486232e+308,1.79769313486232e+308,1.79769313486232e+308,1.79769313486232e+308,1.79769313486232e+308,1.79769313486232e+308
16,"5/16/99",1,2621541,1,104,12,27,5,28,6
17,"5/16/99",1,2621641,1.79769313486232e+308,1.79769313486232e+308,1.79769313486232e+308,1.79769313486232e+308,1.79769313486232e+308,1.79769313486232e+308,1.79769313486232e+308
18,"5/16/99",1,2621741,1.79769313486232e+308,1.79769313486232e+308,1.79769313486232e+308,1.79769313486232e+308,1.79769313486232e+308,1.79769313486232e+308,1.79769313486232e+308
228,"6/10/99",1,2630141,1,101,4,7,8,1.79769313486232e+308,1.79769313486232e+308
241,"6/10/99",1,2630151,1,101,6,6,7,4,6
242,"6/10/99",1,2630152,1,101,4,12,8,8,8
229,"6/10/99",1,2630241,1,101,6,8,7,2,6
243,"6/10/99",1,2630251,1,101,3,8,10,5,8
230,"6/10/99",1,2630341,1.79769313486232e+308,1.79769313486232e+308,1.79769313486232e+308,1.79769313486232e+308,1.79769313486232e+308,1.79769313486232e+308,1.79769313486232e+308
232,"6/10/99",1,2630441,1,104,10,21,8,21,8
231,"6/10/99",1,2630441,1,101,3,8,9,4,8
244,"6/10/99",1,2630459,1,103,6,24,10,1.79769313486232e+308,1.79769313486232e+308
233,"6/10/99",1,2630641,1.79769313486232e+308,1.79769313486232e+308,1.79769313486232e+308,1.79769313486232e+308,1.79769313486232e+308,1.79769313486232e+308,1.79769313486232e+308
234,"6/10/99",1,2630841,1.79769313486232e+308,1.79769313486232e+308,1.79769313486232e+308,1.79769313486232e+308,1.79769313486232e+308,1.79769313486232e+308,1.79769313486232e+308
235,"6/10/99",1,2631141,1.79769313486232e+308,1.79769313486232e+308,1.79769313486232e+308,1.79769313486232e+308,1.79769313486232e+308,1.79769313486232e+308,1.79769313486232e+308
236,"6/10/99",1,2631241,1.79769313486232e+308,1.79769313486232e+308,1.79769313486232e+308,1.79769313486232e+308,1.79769313486232e+308,1.79769313486232e+308,1.79769313486232e+308
237,"6/10/99",1,2631341,1.79769313486232e+308,1.79769313486232e+308,1.79769313486232e+308,1.79769313486232e+308,1.79769313486232e+308,1.79769313486232e+308,1.79769313486232e+308
238,"6/10/99",1,2631541,1,101,4,6,8,1.79769313486232e+308,1.79769313486232e+308
239,"6/10/99",1,2631741,1,101,2,6,8,4,8
1,"5/10/99",1,2710141,1,101,6,15,5,12,5
22,"5/04/99",1,2710151,1.79769313486232e+308,1.79769313486232e+308,1.79769313486232e+308,1.79769313486232e+308,1.79769313486232e+308,1.79769313486232e+308,1.79769313486232e+308
2,"5/04/99",1,2710241,1,101,10,25,7,30,8
23,"5/04/99",1,2710251,1,101,6,15,4,7,8
3,"5/04/99",1,2710341,1.79769313486232e+308,1.79769313486232e+308,1.79769313486232e+308,1.79769313486232e+308,1.79769313486232e+308,1.79769313486232e+308,1.79769313486232e+308
24,"5/04/99",1,2710351,1.79769313486232e+308,1.79769313486232e+308,1.79769313486232e+308,1.79769313486232e+308,1.79769313486232e+308,1.79769313486232e+308,1.79769313486232e+308
4,"5/04/99",1,2710441,1.79769313486232e+308,1.79769313486232e+308,1.79769313486232e+308,1.79769313486232e+308,1.79769313486232e+308,1.79769313486232e+308,1.79769313486232e+308
25,"5/04/99",1,2710459,1.79769313486232e+308,1.79769313486232e+308,1.79769313486232e+308,1.79769313486232e+308,1.79769313486232e+308,1.79769313486232e+308,1.79769313486232e+308
5,"5/04/99",1,2710541,1,101,7,25,6,28,6
6,"5/04/99",1,2710541,4,101,4,10,8,1.79769313486232e+308,1.79769313486232e+308
8,"5/04/99",1,2710641,1,101,10,25,2,30,2
7,"5/04/99",1,2710641,2,101,10,25,3,25,3
9,"5/04/99",1,2710642,1.79769313486232e+308,1.79769313486232e+308,1.79769313486232e+308,1.79769313486232e+308,1.79769313486232e+308,1.79769313486232e+308,1.79769313486232e+308
11,"5/04/99",1,2710741,1,101,10,12,3,10,3
13,"5/04/99",1,2710841,1,101,2,6,8,1.79769313486232e+308,1.79769313486232e+308
12,"5/04/99",1,2710841,3,101,6,20,6,20,6
14,"5/04/99",1,2710941,1,103,12,25,4,30,3
15,"5/04/99",1,2711041,1.79769313486232e+308,1.79769313486232e+308,1.79769313486232e+308,1.79769313486232e+308,1.79769313486232e+308,1.79769313486232e+308,1.79769313486232e+308
16,"5/04/99",1,2711141,1.79769313486232e+308,1.79769313486232e+308,1.79769313486232e+308,1.79769313486232e+308,1.79769313486232e+308,1.79769313486232e+308,1.79769313486232e+308
17,"5/04/99",1,2711241,1.79769313486232e+308,1.79769313486232e+308,1.79769313486232e+308,1.79769313486232e+308,1.79769313486232e+308,1.79769313486232e+308,1.79769313486232e+308
18,"5/04/99",1,2711341,1.79769313486232e+308,1.79769313486232e+308,1.79769313486232e+308,1.79769313486232e+308,1.79769313486232e+308,1.79769313486232e+308,1.79769313486232e+308
19,"5/04/99",1,2711541,1.79769313486232e+308,1.79769313486232e+308,1.79769313486232e+308,1.79769313486232e+308,1.79769313486232e+308,1.79769313486232e+308,1.79769313486232e+308
20,"5/04/99",1,2711641,1.79769313486232e+308,1.79769313486232e+308,1.79769313486232e+308,1.79769313486232e+308,1.79769313486232e+308,1.79769313486232e+308,1.79769313486232e+308
21,"5/04/99",1,2711741,1.79769313486232e+308,1.79769313486232e+308,1.79769313486232e+308,1.79769313486232e+308,1.79769313486232e+308,1.79769313486232e+308,1.79769313486232e+308
83,"6/15/99",1,2720141,1.79769313486232e+308,1.79769313486232e+308,1.79769313486232e+308,1.79769313486232e+308,1.79769313486232e+308,1.79769313486232e+308,1.79769313486232e+308
104,"6/25/99",1,2720151,1,101,9,15,6,15,7
84,"6/25/99",1,2720241,1.79769313486232e+308,1.79769313486232e+308,1.79769313486232e+308,1.79769313486232e+308,1.79769313486232e+308,1.79769313486232e+308,1.79769313486232e+308
105,"6/25/99",1,2720251,1,101,9,25,6,30,5
85,"6/25/99",1,2720341,1.79769313486232e+308,1.79769313486232e+308,1.79769313486232e+308,1.79769313486232e+308,1.79769313486232e+308,1.79769313486232e+308,1.79769313486232e+308
86,"6/25/99",1,2720342,1.79769313486232e+308,1.79769313486232e+308,1.79769313486232e+308,1.79769313486232e+308,1.79769313486232e+308,1.79769313486232e+308,1.79769313486232e+308
87,"6/25/99",1,2720343,1.79769313486232e+308,1.79769313486232e+308,1.79769313486232e+308,1.79769313486232e+308,1.79769313486232e+308,1.79769313486232e+308,1.79769313486232e+308
88,"6/25/99",1,2720344,1.79769313486232e+308,1.79769313486232e+308,1.79769313486232e+308,1.79769313486232e+308,1.79769313486232e+308,1.79769313486232e+308,1.79769313486232e+308
106,"6/25/99",1,2720351,1,101,4,10,8,1.79769313486232e+308,1.79769313486232e+308
89,"6/25/99",1,2720441,1.79769313486232e+308,1.79769313486232e+308,1.79769313486232e+308,1.79769313486232e+308,1.79769313486232e+308,1.79769313486232e+308,1.79769313486232e+308
107,"6/25/99",1,2720459,1.79769313486232e+308,1.79769313486232e+308,1.79769313486232e+308,1.79769313486232e+308,1.79769313486232e+308,1.79769313486232e+308,1.79769313486232e+308
90,"6/25/99",1,2720541,1.79769313486232e+308,1.79769313486232e+308,1.79769313486232e+308,1.79769313486232e+308,1.79769313486232e+308,1.79769313486232e+308,1.79769313486232e+308
91,"6/25/99",1,2720641,1.79769313486232e+308,1.79769313486232e+308,1.79769313486232e+308,1.79769313486232e+308,1.79769313486232e+308,1.79769313486232e+308,1.79769313486232e+308
92,"6/25/99",1,2720741,1.79769313486232e+308,1.79769313486232e+308,1.79769313486232e+308,1.79769313486232e+308,1.79769313486232e+308,1.79769313486232e+308,1.79769313486232e+308
93,"6/25/99",1,2720841,1.79769313486232e+308,1.79769313486232e+308,1.79769313486232e+308,1.79769313486232e+308,1.79769313486232e+308,1.79769313486232e+308,1.79769313486232e+308
94,"6/25/99",1,2720941,1.79769313486232e+308,1.79769313486232e+308,1.79769313486232e+308,1.79769313486232e+308,1.79769313486232e+308,1.79769313486232e+308,1.79769313486232e+308
95,"6/25/99",1,2720942,1,101,1,5,1,1.79769313486232e+308,1.79769313486232e+308
96,"6/25/99",1,2721041,1.79769313486232e+308,1.79769313486232e+308,1.79769313486232e+308,1.79769313486232e+308,1.79769313486232e+308,1.79769313486232e+308,1.79769313486232e+308
97,"6/25/99",1,2721141,1.79769313486232e+308,1.79769313486232e+308,1.79769313486232e+308,1.79769313486232e+308,1.79769313486232e+308,1.79769313486232e+308,1.79769313486232e+308
98,"6/25/99",1,2721241,1.79769313486232e+308,1.79769313486232e+308,1.79769313486232e+308,1.79769313486232e+308,1.79769313486232e+308,1.79769313486232e+308,1.79769313486232e+308
99,"6/25/99",1,2721341,1.79769313486232e+308,1.79769313486232e+308,1.79769313486232e+308,1.79769313486232e+308,1.79769313486232e+308,1.79769313486232e+308,1.79769313486232e+308
100,"6/25/99",1,2721441,1.79769313486232e+308,1.79769313486232e+308,1.79769313486232e+308,1.79769313486232e+308,1.79769313486232e+308,1.79769313486232e+308,1.79769313486232e+308
101,"6/25/99",1,2721541,1,101,6,10,6,8,6
102,"6/25/99",1,2721641,1.79769313486232e+308,1.79769313486232e+308,1.79769313486232e+308,1.79769313486232e+308,1.79769313486232e+308,1.79769313486232e+308,1.79769313486232e+308
103,"6/25/99",1,2721741,1.79769313486232e+308,1.79769313486232e+308,1.79769313486232e+308,1.79769313486232e+308,1.79769313486232e+308,1.79769313486232e+308,1.79769313486232e+308
1,"7/25/99",1,2730141,1.79769313486232e+308,1.79769313486232e+308,1.79769313486232e+308,1.79769313486232e+308,1.79769313486232e+308,1.79769313486232e+308,1.79769313486232e+308
15,"7/26/99",1,2730151,1,101,9,10,4,10,6
2,"7/26/99",1,2730241,1.79769313486232e+308,1.79769313486232e+308,1.79769313486232e+308,1.79769313486232e+308,1.79769313486232e+308,1.79769313486232e+308,1.79769313486232e+308
16,"7/26/99",1,2730251,1,101,9,15,4,1.79769313486232e+308,1.79769313486232e+308
3,"7/26/99",1,2730341,1.79769313486232e+308,1.79769313486232e+308,1.79769313486232e+308,1.79769313486232e+308,1.79769313486232e+308,1.79769313486232e+308,1.79769313486232e+308
17,"7/26/99",1,2730351,1.79769313486232e+308,1.79769313486232e+308,1.79769313486232e+308,1.79769313486232e+308,1.79769313486232e+308,1.79769313486232e+308,1.79769313486232e+308
4,"7/26/99",1,2730441,1.79769313486232e+308,1.79769313486232e+308,1.79769313486232e+308,1.79769313486232e+308,1.79769313486232e+308,1.79769313486232e+308,1.79769313486232e+308
18,"7/26/99",1,2730459,1,101,9,12,5,8,6
19,"7/26/99",1,2730459,6,101,9,10,3,4,6
20,"7/26/99",1,2730459,7,101,9,8,3,4,6
5,"7/26/99",1,2730641,1.79769313486232e+308,1.79769313486232e+308,1.79769313486232e+308,1.79769313486232e+308,1.79769313486232e+308,1.79769313486232e+308,1.79769313486232e+308
6,"7/26/99",1,2730841,1.79769313486232e+308,1.79769313486232e+308,1.79769313486232e+308,1.79769313486232e+308,1.79769313486232e+308,1.79769313486232e+308,1.79769313486232e+308
7,"7/26/99",1,2730941,1.79769313486232e+308,1.79769313486232e+308,1.79769313486232e+308,1.79769313486232e+308,1.79769313486232e+308,1.79769313486232e+308,1.79769313486232e+308
8,"7/26/99",1,2731041,1.79769313486232e+308,1.79769313486232e+308,1.79769313486232e+308,1.79769313486232e+308,1.79769313486232e+308,1.79769313486232e+308,1.79769313486232e+308
9,"7/26/99",1,2731141,1.79769313486232e+308,1.79769313486232e+308,1.79769313486232e+308,1.79769313486232e+308,1.79769313486232e+308,1.79769313486232e+308,1.79769313486232e+308
10,"7/26/99",1,2731241,1.79769313486232e+308,1.79769313486232e+308,1.79769313486232e+308,1.79769313486232e+308,1.79769313486232e+308,1.79769313486232e+308,1.79769313486232e+308
11,"7/26/99",1,2731341,1.79769313486232e+308,1.79769313486232e+308,1.79769313486232e+308,1.79769313486232e+308,1.79769313486232e+308,1.79769313486232e+308,1.79769313486232e+308
12,"7/26/99",1,2731541,1.79769313486232e+308,1.79769313486232e+308,1.79769313486232e+308,1.79769313486232e+308,1.79769313486232e+308,1.79769313486232e+308,1.79769313486232e+308
13,"7/26/99",1,2731641,1,101,9,14,5,25,5
14,"7/26/99",1,2731741,1,101,4,8,3,6,3
31,"6/09/99",1,2810141,1,101,1,3,8,5,8
49,"6/09/99",1,2810151,3,101,12,20,7,25,8
32,"6/09/99",1,2810241,1,101,7,16,8,15,8
33,"6/09/99",1,2810241,3,101,2,5,8,5,8
50,"6/09/99",1,2810251,1,101,2,5,6,5,6
51,"6/09/99",1,2810251,4,101,4,10,8,10,8
52,"6/09/99",1,2810252,1.79769313486232e+308,1.79769313486232e+308,1.79769313486232e+308,1.79769313486232e+308,1.79769313486232e+308,1.79769313486232e+308,1.79769313486232e+308
34,"6/09/99",1,2810341,1.79769313486232e+308,1.79769313486232e+308,1.79769313486232e+308,1.79769313486232e+308,1.79769313486232e+308,1.79769313486232e+308,1.79769313486232e+308
53,"6/09/99",1,2810351,1.79769313486232e+308,1.79769313486232e+308,1.79769313486232e+308,1.79769313486232e+308,1.79769313486232e+308,1.79769313486232e+308,1.79769313486232e+308
54,"6/09/99",1,2810459,1,101,9,10,8,15,10
55,"6/09/99",1,2810459,3,101,9,25,10,25,10
56,"6/09/99",1,2810459,5,101,9,25,10,25,10
57,"6/09/99",1,2810459,7,101,9,25,7,25,7
35,"6/09/99",1,2810541,1.79769313486232e+308,1.79769313486232e+308,1.79769313486232e+308,1.79769313486232e+308,1.79769313486232e+308,1.79769313486232e+308,1.79769313486232e+308
36,"6/09/99",1,2810641,1,101,9,15,7,17,8
37,"6/09/99",1,2810641,5,101,10,22,8,25,8
38,"6/09/99",1,2810641,6,101,8,20,8,20,8
39,"6/09/99",1,2810741,3,101,12,15,8,15,8
40,"6/09/99",1,2810741,4,101,12,15,8,15,8
41,"6/09/99",1,2810841,1,101,7,23,9,25,9
42,"6/09/99",1,2810941,1.79769313486232e+308,1.79769313486232e+308,1.79769313486232e+308,1.79769313486232e+308,1.79769313486232e+308,1.79769313486232e+308,1.79769313486232e+308
43,"6/09/99",1,2811041,1.79769313486232e+308,1.79769313486232e+308,1.79769313486232e+308,1.79769313486232e+308,1.79769313486232e+308,1.79769313486232e+308,1.79769313486232e+308
44,"6/09/99",1,2811141,1.79769313486232e+308,1.79769313486232e+308,1.79769313486232e+308,1.79769313486232e+308,1.79769313486232e+308,1.79769313486232e+308,1.79769313486232e+308
45,"6/09/99",1,2811341,1.79769313486232e+308,1.79769313486232e+308,1.79769313486232e+308,1.79769313486232e+308,1.79769313486232e+308,1.79769313486232e+308,1.79769313486232e+308
46,"6/09/99",1,2811441,1.79769313486232e+308,1.79769313486232e+308,1.79769313486232e+308,1.79769313486232e+308,1.79769313486232e+308,1.79769313486232e+308,1.79769313486232e+308
47,"6/09/99",1,2811741,1,101,4,7,8,7,8
48,"6/09/99",1,2811741,3,101,12,21,8,20,8
330,"7/04/99",1,2820141,1.79769313486232e+308,1.79769313486232e+308,1.79769313486232e+308,1.79769313486232e+308,1.79769313486232e+308,1.79769313486232e+308,1.79769313486232e+308
348,"7/04/99",1,2820151,1,101,12,5,3,25,3
331,"7/04/99",1,2820241,1,101,10,15,8,18,10
349,"7/04/99",1,2820251,1,101,10,20,4,10,3
350,"7/04/99",1,2820251,4,101,3,15,4,12,4
351,"7/04/99",1,2820351,1,101,9,5,6,5,6
352,"7/04/99",1,2820351,4,101,9,5,6,5,6
332,"7/04/99",1,2820441,1.79769313486232e+308,1.79769313486232e+308,1.79769313486232e+308,1.79769313486232e+308,1.79769313486232e+308,1.79769313486232e+308,1.79769313486232e+308
353,"7/04/99",1,2820459,3,101,12,8,6,5,8
333,"7/04/99",1,2820541,1,101,9,4,5,1.79769313486232e+308,1.79769313486232e+308
334,"7/04/99",1,2820741,1,101,9,15,7,7,7
335,"7/04/99",1,2820841,1,101,8,3,6,2,7
336,"7/04/99",1,2820941,1.79769313486232e+308,1.79769313486232e+308,1.79769313486232e+308,1.79769313486232e+308,1.79769313486232e+308,1.79769313486232e+308,1.79769313486232e+308
337,"7/04/99",1,2821041,1.79769313486232e+308,1.79769313486232e+308,1.79769313486232e+308,1.79769313486232e+308,1.79769313486232e+308,1.79769313486232e+308,1.79769313486232e+308
338,"7/04/99",1,2821141,1,101,6,11,8,5,6
339,"7/04/99",1,2821241,1.79769313486232e+308,1.79769313486232e+308,1.79769313486232e+308,1.79769313486232e+308,1.79769313486232e+308,1.79769313486232e+308,1.79769313486232e+308
340,"7/04/99",1,2821341,1.79769313486232e+308,1.79769313486232e+308,1.79769313486232e+308,1.79769313486232e+308,1.79769313486232e+308,1.79769313486232e+308,1.79769313486232e+308
341,"7/04/99",1,2821441,1.79769313486232e+308,1.79769313486232e+308,1.79769313486232e+308,1.79769313486232e+308,1.79769313486232e+308,1.79769313486232e+308,1.79769313486232e+308
342,"7/04/99",1,2821541,1.79769313486232e+308,1.79769313486232e+308,1.79769313486232e+308,1.79769313486232e+308,1.79769313486232e+308,1.79769313486232e+308,1.79769313486232e+308
343,"7/04/99",1,2821542,1.79769313486232e+308,1.79769313486232e+308,1.79769313486232e+308,1.79769313486232e+308,1.79769313486232e+308,1.79769313486232e+308,1.79769313486232e+308
344,"7/04/99",1,2821543,1.79769313486232e+308,1.79769313486232e+308,1.79769313486232e+308,1.79769313486232e+308,1.79769313486232e+308,1.79769313486232e+308,1.79769313486232e+308
345,"7/04/99",1,2821544,1,101,9,10,5,12,5
346,"7/04/99",1,2821641,1.79769313486232e+308,1.79769313486232e+308,1.79769313486232e+308,1.79769313486232e+308,1.79769313486232e+308,1.79769313486232e+308,1.79769313486232e+308
347,"7/04/99",1,2821741,1.79769313486232e+308,1.79769313486232e+308,1.79769313486232e+308,1.79769313486232e+308,1.79769313486232e+308,1.79769313486232e+308,1.79769313486232e+308
137,"6/07/99",1,2830141,1,101,12,10,8,10,8
161,"6/07/99",1,2830151,1,101,12,25,9,25,9
138,"6/07/99",1,2830241,1,101,12,5,6,2,9
139,"6/07/99",1,2830241,7,101,12,10,3,20,3
162,"6/07/99",1,2830251,6,101,12,10,3,12,3
163,"6/07/99",1,2830252,1,101,12,10,7,10,7
164,"6/07/99",1,2830253,1,101,4,3,8,5,7
140,"6/07/99",1,2830341,1,101,12,5,10,5,10
141,"6/07/99",1,2830341,5,101,8,5,10,5,10
142,"6/07/99",1,2830342,1,101,5,5,8,5,8
143,"6/07/99",1,2830343,1,101,4,2,4,1.79769313486232e+308,1.79769313486232e+308
165,"6/07/99",1,2830351,1.79769313486232e+308,1.79769313486232e+308,1.79769313486232e+308,1.79769313486232e+308,1.79769313486232e+308,1.79769313486232e+308,1.79769313486232e+308
144,"6/07/99",1,2830441,1,101,12,10,2,15,2
145,"6/07/99",1,2830441,3,101,6,10,2,10,3
166,"6/07/99",1,2830459,1,101,5,3,6,1.79769313486232e+308,1.79769313486232e+308
146,"6/07/99",1,2830541,1,101,4,5,10,5,10
147,"6/07/99",1,2830641,1,101,9,10,8,10,8
148,"6/07/99",1,2830641,3,101,9,3,8,3,8
149,"6/07/99",1,2830741,1,101,4,12,10,20,8
150,"6/07/99",1,2830841,1,101,4,15,10,1.79769313486232e+308,1.79769313486232e+308
151,"6/07/99",1,2830941,1,101,12,3,6,1.79769313486232e+308,3
152,"6/07/99",1,2831041,1,101,4,3,8,4,8
153,"6/07/99",1,2831141,1,101,1,15,8,5,8
154,"6/07/99",1,2831241,1,101,12,8,8,3,8
155,"6/07/99",1,2831341,1.79769313486232e+308,1.79769313486232e+308,1.79769313486232e+308,1.79769313486232e+308,1.79769313486232e+308,1.79769313486232e+308,1.79769313486232e+308
156,"6/07/99",1,2831441,1,101,5,3,7,1.79769313486232e+308,1.79769313486232e+308
157,"6/07/99",1,2831442,1,101,12,25,8,25,8
158,"6/07/99",1,2831541,1,101,12,26,9,26,9
159,"6/07/99",1,2831641,1,101,5,3,8,1.79769313486232e+308,1.79769313486232e+308
160,"6/07/99",1,2831741,1.79769313486232e+308,1.79769313486232e+308,1.79769313486232e+308,1.79769313486232e+308,1.79769313486232e+308,1.79769313486232e+308,1.79769313486232e+308
30,"6/25/99",1,2840149,1,101,7,10,5,10,6
45,"6/25/99",1,2840159,1,101,12,20,6,26,8
31,"6/25/99",1,2840249,1.79769313486232e+308,1.79769313486232e+308,1.79769313486232e+308,1.79769313486232e+308,1.79769313486232e+308,1.79769313486232e+308,1.79769313486232e+308
46,"6/25/99",1,2840259,1,101,7,14,8,10,6
32,"6/25/99",1,2840349,1.79769313486232e+308,1.79769313486232e+308,1.79769313486232e+308,1.79769313486232e+308,1.79769313486232e+308,1.79769313486232e+308,1.79769313486232e+308
47,"6/25/99",1,2840359,1,101,12,10,5,10,8
33,"6/25/99",1,2840449,1,101,7,8,6,6,6
48,"6/25/99",1,2840459,1,101,7,5,7,1.79769313486232e+308,1.79769313486232e+308
34,"6/25/99",1,2840549,1,101,3,10,7,1.79769313486232e+308,1.79769313486232e+308
49,"6/25/99",1,2840559,1,101,4,7,8,6,8
35,"6/25/99",1,2840649,1,101,3,10,3,10,3
36,"6/25/99",1,2840749,1,101,7,5,8,3,5
37,"6/25/99",1,2840849,1.79769313486232e+308,1.79769313486232e+308,1.79769313486232e+308,1.79769313486232e+308,1.79769313486232e+308,1.79769313486232e+308,1.79769313486232e+308
38,"6/25/99",1,2840949,1,101,9,8,6,12,6
39,"6/25/99",1,2841049,1,101,3,13,3,1.79769313486232e+308,1.79769313486232e+308
40,"6/25/99",1,2841149,1.79769313486232e+308,1.79769313486232e+308,1.79769313486232e+308,1.79769313486232e+308,1.79769313486232e+308,1.79769313486232e+308,1.79769313486232e+308
41,"6/25/99",1,2841249,1,101,8,10,7,20,8
42,"6/25/99",1,2841349,1,101,12,8,6,5,6
43,"6/25/99",1,2841449,1,101,5,10,8,12,8
44,"6/25/99",1,2841549,1.79769313486232e+308,1.79769313486232e+308,1.79769313486232e+308,1.79769313486232e+308,1.79769313486232e+308,1.79769313486232e+308,1.79769313486232e+308
261,"6/16/99",1,2910141,1,101,8,12,6,20,10
287,"6/21/99",1,2910151,1,101,8,5,5,12,8
262,"6/21/99",1,2910241,1,101,12,17,5,30,10
288,"6/21/99",1,2910251,1,101,6,5,6,10,8
289,"6/21/99",1,2910251,4,101,6,5,6,10,8
263,"6/21/99",1,2910341,1,101,8,8,7,12,10
290,"6/21/99",1,2910351,1,101,10,10,4,15,4
291,"6/21/99",1,2910351,3,101,3,12,8,16,8
264,"6/21/99",1,2910441,1.79769313486232e+308,1.79769313486232e+308,1.79769313486232e+308,1.79769313486232e+308,1.79769313486232e+308,1.79769313486232e+308,1.79769313486232e+308
293,"6/21/99",1,2910459,1,101,8,8,5,22,8
294,"6/21/99",1,2910459,3,101,8,8,5,22,8
295,"6/21/99",1,2910459,4,101,8,8,5,22,8
265,"6/21/99",1,2910541,2,101,6,8,3,10,2
266,"6/21/99",1,2910541,3,101,6,8,2,10,1
267,"6/21/99",1,2910641,1.79769313486232e+308,1.79769313486232e+308,1.79769313486232e+308,1.79769313486232e+308,1.79769313486232e+308,1.79769313486232e+308,1.79769313486232e+308
268,"6/21/99",1,2910741,1.79769313486232e+308,1.79769313486232e+308,1.79769313486232e+308,1.79769313486232e+308,1.79769313486232e+308,1.79769313486232e+308,1.79769313486232e+308
269,"6/21/99",1,2910841,1,101,9,3,4,3,10
270,"6/21/99",1,2911041,1,101,10,6,6,8,8
271,"6/21/99",1,2911141,1,101,7,10,5,15,8
272,"6/21/99",1,2911241,1.79769313486232e+308,1.79769313486232e+308,1.79769313486232e+308,1.79769313486232e+308,1.79769313486232e+308,1.79769313486232e+308,1.79769313486232e+308
273,"6/21/99",1,2911242,1,101,3,4,8,1.79769313486232e+308,1.79769313486232e+308
274,"6/21/99",1,2911243,1,101,7,4,8,5,8
275,"6/21/99",1,2911341,1,101,8,10,4,30,8
276,"6/21/99",1,2911341,3,101,8,5,2,7,3
277,"6/21/99",1,2911341,7,101,8,5,2,7,3
278,"6/21/99",1,2911441,1,101,10,8,3,15,10
279,"6/21/99",1,2911441,3,101,10,3,5,10,6
281,"6/21/99",1,2911541,1,101,10,10,4,6,4
280,"6/21/99",1,2911541,1,101,8,10,8,1.79769313486232e+308,1.79769313486232e+308
283,"6/21/99",1,2911541,5,101,10,5,6,4,6
282,"6/21/99",1,2911541,7,101,10,5,5,5,6
284,"6/21/99",1,2911641,1,101,6,2,4,1.79769313486232e+308,1.79769313486232e+308
285,"6/21/99",1,2911741,1,101,3,3,10,5,10
286,"6/21/99",1,2911741,3,101,3,3,10,5,10
31,"2/10/99",1,2920141,1.79769313486232e+308,1.79769313486232e+308,1.79769313486232e+308,1.79769313486232e+308,1.79769313486232e+308,1.79769313486232e+308,1.79769313486232e+308
32,"2/11/99",1,2920142,1.79769313486232e+308,1.79769313486232e+308,1.79769313486232e+308,1.79769313486232e+308,1.79769313486232e+308,1.79769313486232e+308,1.79769313486232e+308
54,"2/11/99",1,2920151,1,101,9,3,10,10,10
55,"2/11/99",1,2920152,1,101,6,10,10,15,10
33,"2/11/99",1,2920241,1.79769313486232e+308,1.79769313486232e+308,1.79769313486232e+308,1.79769313486232e+308,1.79769313486232e+308,1.79769313486232e+308,1.79769313486232e+308
34,"2/11/99",1,2920242,1.79769313486232e+308,1.79769313486232e+308,1.79769313486232e+308,1.79769313486232e+308,1.79769313486232e+308,1.79769313486232e+308,1.79769313486232e+308
56,"2/11/99",1,2920251,1.79769313486232e+308,1.79769313486232e+308,1.79769313486232e+308,1.79769313486232e+308,1.79769313486232e+308,1.79769313486232e+308,1.79769313486232e+308
35,"2/11/99",1,2920341,1.79769313486232e+308,1.79769313486232e+308,1.79769313486232e+308,1.79769313486232e+308,1.79769313486232e+308,1.79769313486232e+308,1.79769313486232e+308
36,"2/11/99",1,2920342,1.79769313486232e+308,1.79769313486232e+308,1.79769313486232e+308,1.79769313486232e+308,1.79769313486232e+308,1.79769313486232e+308,1.79769313486232e+308
37,"2/11/99",1,2920343,1.79769313486232e+308,1.79769313486232e+308,1.79769313486232e+308,1.79769313486232e+308,1.79769313486232e+308,1.79769313486232e+308,1.79769313486232e+308
57,"2/11/99",1,2920351,1,101,9,15,6,18,6
58,"2/11/99",1,2920351,4,101,9,5,7,4,7
59,"2/11/99",1,2920351,5,101,9,10,4,10,3
60,"2/11/99",1,2920351,6,101,9,10,3,10,3
38,"2/11/99",1,2920441,1.79769313486232e+308,1.79769313486232e+308,1.79769313486232e+308,1.79769313486232e+308,1.79769313486232e+308,1.79769313486232e+308,1.79769313486232e+308
61,"2/11/99",1,2920459,1,101,9,5,10,6,10
39,"2/11/99",1,2920541,1.79769313486232e+308,1.79769313486232e+308,1.79769313486232e+308,1.79769313486232e+308,1.79769313486232e+308,1.79769313486232e+308,1.79769313486232e+308
40,"2/11/99",1,2920641,1.79769313486232e+308,1.79769313486232e+308,1.79769313486232e+308,1.79769313486232e+308,1.79769313486232e+308,1.79769313486232e+308,1.79769313486232e+308
41,"2/11/99",1,2920741,1,101,2,4,10,5,8
42,"2/11/99",1,2920841,1,101,8,7,8,10,8
45,"2/11/99",1,2920941,1,101,4,5,8,4,8
43,"2/11/99",1,2920941,1,101,6,20,8,1.79769313486232e+308,1.79769313486232e+308
44,"2/11/99",1,2920941,3,101,4,5,8,5,9
46,"2/11/99",1,2921041,1,101,3,15,3,3,8
47,"2/11/99",1,2921141,4,101,5,2,8,2,8
48,"2/11/99",1,2921241,1.79769313486232e+308,1.79769313486232e+308,1.79769313486232e+308,1.79769313486232e+308,1.79769313486232e+308,1.79769313486232e+308,1.79769313486232e+308
49,"2/11/99",1,2921341,1.79769313486232e+308,1.79769313486232e+308,1.79769313486232e+308,1.79769313486232e+308,1.79769313486232e+308,1.79769313486232e+308,1.79769313486232e+308
50,"2/11/99",1,2921441,1.79769313486232e+308,1.79769313486232e+308,1.79769313486232e+308,1.79769313486232e+308,1.79769313486232e+308,1.79769313486232e+308,1.79769313486232e+308
51,"2/11/99",1,2921442,1,101,6,5,3,2,3
52,"2/11/99",1,2921541,1,101,3,4,10,15,10
53,"2/11/99",1,2921542,1,101,3,3,10,4,10
50,"8/05/99",1,2930141,1,101,7,4,8,4,10
79,"8/05/99",1,2930151,1,101,12,28,2,26,2
80,"8/05/99",1,2930151,8,101,1,30,8,30,8
51,"8/05/99",1,2930241,1,101,5,10,7,15,10
52,"8/05/99",1,2930241,4,101,5,8,7,13,10
53,"8/05/99",1,2930242,1,101,7,4,8,5,10
81,"8/05/99",1,2930251,3,101,12,28,3,30,7
82,"8/05/99",1,2930251,4,101,12,23,3,30,7
54,"8/05/99",1,2930341,1.79769313486232e+308,1.79769313486232e+308,1.79769313486232e+308,1.79769313486232e+308,1.79769313486232e+308,1.79769313486232e+308,1.79769313486232e+308
83,"8/05/99",1,2930351,1,101,12,10,5,20,8
84,"8/05/99",1,2930352,1,101,6,10,3,8,10
85,"8/05/99",1,2930353,1,101,4,10,8,20,8
55,"8/05/99",1,2930441,1,101,5,6,8,13,10
59,"8/05/99",1,2930441,3,101,5,4,6,7,6
56,"8/05/99",1,2930441,4,101,5,6,8,6,8
57,"8/05/99",1,2930441,5,101,5,6,8,6,8
58,"8/05/99",1,2930441,6,101,5,6,8,6,8
86,"8/05/99",1,2930459,1,101,3,3,6,3,6
60,"8/05/99",1,2930541,1,101,12,24,4,28,8
61,"8/05/99",1,2930541,3,101,12,8,3,20,5
62,"8/05/99",1,2930641,4,101,5,4,4,3,5
63,"8/05/99",1,2930641,5,101,5,4,4,3,5
64,"8/05/99",1,2930741,1,101,4,10,8,10,6
66,"8/05/99",1,2930741,3,101,4,10,8,10,8
67,"8/05/99",1,2930741,4,101,4,4,4,5,4
65,"8/05/99",1,2930741,5,101,4,10,8,10,8
68,"8/05/99",1,2930841,1,101,8,5,10,15,8
69,"8/05/99",1,2930941,1.79769313486232e+308,1.79769313486232e+308,1.79769313486232e+308,1.79769313486232e+308,1.79769313486232e+308,1.79769313486232e+308,1.79769313486232e+308
70,"8/05/99",1,2931041,1.79769313486232e+308,1.79769313486232e+308,1.79769313486232e+308,1.79769313486232e+308,1.79769313486232e+308,1.79769313486232e+308,1.79769313486232e+308
71,"8/05/99",1,2931141,2,101,7,4,6,6,8
72,"8/05/99",1,2931141,3,101,7,4,5,6,8
73,"8/05/99",1,2931241,1,101,5,3,8,4,8
74,"8/05/99",1,2931341,1,101,9,5,7,15,8
75,"8/05/99",1,2931341,3,101,3,4,3,8,4
76,"8/05/99",1,2931441,1,101,3,3,7,3,10
77,"8/05/99",1,2931541,1.79769313486232e+308,1.79769313486232e+308,1.79769313486232e+308,1.79769313486232e+308,1.79769313486232e+308,1.79769313486232e+308,1.79769313486232e+308
78,"8/05/99",1,2931641,1,101,7,6,8,8,10
1,"7/07/99",1,3010119,1,101,4,3,6,2,5
2,"8/16/99",1,3010119,2,104,12,28,1,28,1
3,"8/16/99",1,3010119,3,101,12,3,4,3,1
20,"8/16/99",1,3010149,1,104,12,20,2,15,2
21,"8/16/99",1,3010149,2,101,1,5,6,5,6
22,"8/16/99",1,3010149,3,101,1,5,4,5,3
23,"8/16/99",1,3010149,6,104,12,10,2,15,2
31,"8/16/99",1,3010159,1,101,12,2,2,20,4
32,"8/16/99",1,3010159,2,104,10,3,2,15,1
33,"8/16/99",1,3010159,4,101,12,1,2,10,1
34,"8/16/99",1,3010159,5,104,2,30,2,30,2.5
4,"8/16/99",1,3010219,1,101,3,5,8,2,4
5,"8/16/99",1,3010219,2,104,12,15,3,15,3
6,"8/16/99",1,3010219,4,104,12,5,1,5,1
7,"8/16/99",1,3010219,5,104,12,10,4,10,4
24,"8/16/99",1,3010249,1.79769313486232e+308,1.79769313486232e+308,1.79769313486232e+308,1.79769313486232e+308,1.79769313486232e+308,1.79769313486232e+308,1.79769313486232e+308
35,"8/16/99",1,3010259,1,104,12,30,2,30,2
36,"8/16/99",1,3010259,2,101,3,15,3,10,2
37,"8/16/99",1,3010259,7,101,3,5,3,20,3
8,"8/16/99",1,3010319,1,101,2,6,9,1.79769313486232e+308,1.79769313486232e+308
9,"8/16/99",1,3010319,3,104,1,3,6,1.79769313486232e+308,1.79769313486232e+308
25,"8/16/99",1,3010349,2,104,1,25,2,10,1
26,"8/16/99",1,3010349,3,101,12,28,1,18,1
38,"8/16/99",1,3010359,2,104,12,30,3,30,3
10,"8/16/99",1,3010419,1.79769313486232e+308,1.79769313486232e+308,1.79769313486232e+308,1.79769313486232e+308,1.79769313486232e+308,1.79769313486232e+308,1.79769313486232e+308
27,"8/16/99",1,3010449,1,104,12,30,2,30,2
28,"8/16/99",1,3010449,3,101,4,5,8,20,6
39,"8/16/99",1,3010459,2,104,12,30,2,30,2
40,"8/16/99",1,3010459,3,101,1,20,3,20,3
11,"8/16/99",1,3010519,1,101,4,5,9,10,2
29,"8/16/99",1,3010549,1.79769313486232e+308,1.79769313486232e+308,1.79769313486232e+308,1.79769313486232e+308,1.79769313486232e+308,1.79769313486232e+308,1.79769313486232e+308
12,"8/16/99",1,3010619,2,104,12,30,2,30,2
30,"8/16/99",1,3010649,1.79769313486232e+308,1.79769313486232e+308,1.79769313486232e+308,1.79769313486232e+308,1.79769313486232e+308,1.79769313486232e+308,1.79769313486232e+308
13,"8/16/99",1,3010719,1,101,4,8,4,10,2
14,"8/16/99",1,3010719,2,104,12,28,2,28,2
15,"8/16/99",1,3010839,1.79769313486232e+308,1.79769313486232e+308,1.79769313486232e+308,1.79769313486232e+308,1.79769313486232e+308,1.79769313486232e+308,1.79769313486232e+308
16,"8/16/99",1,3010919,1.79769313486232e+308,1.79769313486232e+308,1.79769313486232e+308,1.79769313486232e+308,1.79769313486232e+308,1.79769313486232e+308,1.79769313486232e+308
17,"8/16/99",1,3011019,1,101,4,2,7,1.79769313486232e+308,1.79769313486232e+308
18,"8/16/99",1,3011019,3,101,4,2,7,1.79769313486232e+308,1.79769313486232e+308
19,"8/16/99",1,3011119,2,104,12,30,2,30,2
41,"8/16/99",1,3020139,2,104,12,30,1,30,1
53,"8/18/99",1,3020149,2,104,12,30,2,30,2
62,"8/18/99",1,3020159,1,101,4,12,8,10,8
63,"8/18/99",1,3020159,2,104,12,30,2,28,2
42,"8/18/99",1,3020239,2,104,12,30,2,30,2
54,"8/18/99",1,3020249,1.79769313486232e+308,1.79769313486232e+308,1.79769313486232e+308,1.79769313486232e+308,1.79769313486232e+308,1.79769313486232e+308,1.79769313486232e+308
64,"8/18/99",1,3020259,2,104,12,30,1,30,1
43,"8/18/99",1,3020339,2,104,12,30,1.29999995231628,30,1.5
55,"8/18/99",1,3020349,2,104,12,30,2,30,2
65,"8/18/99",1,3020359,2,101,4,3,5,3,4
66,"8/18/99",1,3020359,3,104,12,30,1,30,1
67,"8/18/99",1,3020359,5,101,4,4,5,10,5
44,"8/18/99",1,3020439,2,104,12,30,2,30,2
56,"8/18/99",1,3020449,2,104,12,30,1,30,1
68,"8/18/99",1,3020459,1,101,4,5,7,10,8
69,"8/18/99",1,3020459,2,104,12,30,1,30,1
70,"8/18/99",1,3020459,5,101,4,5,6,10,8
45,"8/18/99",1,3020539,1,104,12,30,2,30,2
46,"8/18/99",1,3020539,2,101,3,2,3,1.79769313486232e+308,1.79769313486232e+308
57,"8/18/99",1,3020549,1,101,4,5,6,10,5
58,"8/18/99",1,3020549,2,104,12,30,2,30,2
59,"8/18/99",1,3020549,3,101,4,5,2,5,8
47,"8/18/99",1,3020639,1.79769313486232e+308,1.79769313486232e+308,1.79769313486232e+308,1.79769313486232e+308,1.79769313486232e+308,1.79769313486232e+308,1.79769313486232e+308
60,"8/18/99",1,3020649,2,104,12,30,1,30,1
48,"8/18/99",1,3020739,1,104,12,30,1,30,2
61,"8/18/99",1,3020749,1.79769313486232e+308,1.79769313486232e+308,1.79769313486232e+308,1.79769313486232e+308,1.79769313486232e+308,1.79769313486232e+308,1.79769313486232e+308
49,"8/18/99",1,3020839,1.79769313486232e+308,1.79769313486232e+308,1.79769313486232e+308,1.79769313486232e+308,1.79769313486232e+308,1.79769313486232e+308,1.79769313486232e+308
50,"8/18/99",1,3020939,1,101,4,5,7,5,6
52,"8/18/99",1,3021039,2,104,12,26,2,28,2
51,"8/18/99",1,3021039,3,101,4,7,8,6,6
110,"9/14/99",1,3030139,3,101,4,4,6,1.79769313486232e+308,1.79769313486232e+308
111,"9/19/99",1,3030139,5,101,4,4,6,1.79769313486232e+308,1.79769313486232e+308
118,"9/19/99",1,3030149,1.79769313486232e+308,1.79769313486232e+308,1.79769313486232e+308,1.79769313486232e+308,1.79769313486232e+308,1.79769313486232e+308,1.79769313486232e+308
132,"9/23/99",1,3030159,2,101,8,10,5,1,1
133,"9/23/99",1,3030159,2,104,12,30,3,30,4
112,"9/19/99",1,3030239,1,101,4,10,5,1.79769313486232e+308,1.79769313486232e+308
113,"9/19/99",1,3030239,1,103,8,10,3,10,3
114,"9/19/99",1,3030239,2,104,12,30,1,30,1
119,"9/19/99",1,3030249,1,101,3,5,8,1.79769313486232e+308,1.79769313486232e+308
134,"9/23/99",1,3030259,5,101,4,10,8,1.79769313486232e+308,1.79769313486232e+308
115,"9/19/99",1,3030339,1.79769313486232e+308,1.79769313486232e+308,1.79769313486232e+308,1.79769313486232e+308,1.79769313486232e+308,1.79769313486232e+308,1.79769313486232e+308
120,"9/19/99",1,3030349,1.79769313486232e+308,1.79769313486232e+308,1.79769313486232e+308,1.79769313486232e+308,1.79769313486232e+308,1.79769313486232e+308,1.79769313486232e+308
135,"9/23/99",1,3030359,2,101,8,5,4,10,4
116,"9/19/99",1,3030439,1,101,4,4,7,1.79769313486232e+308,1.79769313486232e+308
121,"9/19/99",1,3030449,3,101,3,4,3,1.79769313486232e+308,1.79769313486232e+308
138,"9/23/99",1,3030459,1,101,4,5,6,1.79769313486232e+308,1.79769313486232e+308
139,"9/23/99",1,3030459,2,104,12,15,1,15,1
140,"9/23/99",1,3030459,4,101,4,5,6,1.79769313486232e+308,1.79769313486232e+308
141,"9/23/99",1,3030459,5,101,4,5,6,1.79769313486232e+308,1.79769313486232e+308
117,"9/19/99",1,3030539,1.79769313486232e+308,1.79769313486232e+308,1.79769313486232e+308,1.79769313486232e+308,1.79769313486232e+308,1.79769313486232e+308,1.79769313486232e+308
122,"9/19/99",1,3030549,1.79769313486232e+308,1.79769313486232e+308,1.79769313486232e+308,1.79769313486232e+308,1.79769313486232e+308,1.79769313486232e+308,1.79769313486232e+308
123,"9/19/99",1,3030649,1,101,3,4,8,1.79769313486232e+308,1.79769313486232e+308
124,"9/19/99",1,3030749,1,103,6,10,3,10,3
125,"9/23/99",1,3030849,1,101,4,5,5,1.79769313486232e+308,1.79769313486232e+308
126,"9/23/99",1,3030949,1.79769313486232e+308,1.79769313486232e+308,1.79769313486232e+308,1.79769313486232e+308,1.79769313486232e+308,1.79769313486232e+308,1.79769313486232e+308
127,"9/23/99",1,3031049,1,101,4,6,6,1.79769313486232e+308,1.79769313486232e+308
128,"9/23/99",1,3031049,5,101,4,6,9,1.79769313486232e+308,1.79769313486232e+308
129,"9/23/99",1,3031149,1,103,4,7,6,10,6
130,"9/23/99",1,3031149,1,101,4,5,8,1.79769313486232e+308,1.79769313486232e+308
131,"9/23/99",1,3031249,1.79769313486232e+308,1.79769313486232e+308,1.79769313486232e+308,1.79769313486232e+308,1.79769313486232e+308,1.79769313486232e+308,1.79769313486232e+308
99,"8/05/99",1,3110139,1,101,12,25,8,30,5
100,"8/09/99",1,3110139,3,101,12,25,9,15,7
112,"8/09/99",1,3110149,3,103,5,15,3,1.79769313486232e+308,1.79769313486232e+308
111,"8/09/99",1,3110149,3,101,5,12,5,2,2
123,"8/09/99",1,3110159,1,101,5,15,4,7,4
124,"8/09/99",1,3110159,2,103,12,3,1,3,1
101,"8/09/99",1,3110239,1,101,12,7,5,8,9
122,"8/09/99",1,3110249,1.79769313486232e+308,1.79769313486232e+308,1.79769313486232e+308,1.79769313486232e+308,1.79769313486232e+308,1.79769313486232e+308,1.79769313486232e+308
125,"8/09/99",1,3110259,1,101,12,15,8,20,4
1.79769313486232e+308,".",1.79769313486232e+308,3110259,4,104,12,10,4,12,3
102,"8/09/99",1,3110339,1,101,8,15,8,20,8
103,"8/09/99",1,3110339,4,101,2,25,7,20,6
114,"8/09/99",1,3110349,1,101,4,10,5,1.79769313486232e+308,1.79769313486232e+308
126,"8/09/99",1,3110359,1,101,8,5,4,1.79769313486232e+308,1.79769313486232e+308
127,"8/09/99",1,3110359,3,101,8,4,4,1.79769313486232e+308,1.79769313486232e+308
128,"8/09/99",1,3110359,5,101,8,10,5,7,6
129,"8/09/99",1,3110359,5,103,12,15,1,1.79769313486232e+308,1.79769313486232e+308
130,"8/09/99",1,3110359,6,104,12,30,2,30,2
104,"8/09/99",1,3110439,1.79769313486232e+308,1.79769313486232e+308,1.79769313486232e+308,1.79769313486232e+308,1.79769313486232e+308,1.79769313486232e+308,1.79769313486232e+308
115,"8/09/99",1,3110449,1,101,8,15,5,15,6
117,"8/09/99",1,3110449,3,103,4,7,4,1.79769313486232e+308,1.79769313486232e+308
116,"8/09/99",1,3110449,3,101,8,15,5,30,6
131,"8/09/99",1,3110459,1.79769313486232e+308,1.79769313486232e+308,1.79769313486232e+308,1.79769313486232e+308,1.79769313486232e+308,1.79769313486232e+308,1.79769313486232e+308
105,"8/09/99",1,3110539,1,101,3,10,4,1.79769313486232e+308,1.79769313486232e+308
118,"8/09/99",1,3110549,1,101,5,6,6,15,3
119,"8/09/99",1,3110549,4,101,5,6,5,4,1
106,"8/09/99",1,3110639,1.79769313486232e+308,1.79769313486232e+308,1.79769313486232e+308,1.79769313486232e+308,1.79769313486232e+308,1.79769313486232e+308,1.79769313486232e+308
120,"8/09/99",1,3110649,1,101,6,8,9,1.79769313486232e+308,1.79769313486232e+308
121,"8/09/99",1,3110649,2,104,12,30,2,30,2
107,"8/09/99",1,3110739,1.79769313486232e+308,1.79769313486232e+308,1.79769313486232e+308,1.79769313486232e+308,1.79769313486232e+308,1.79769313486232e+308,1.79769313486232e+308
108,"8/09/99",1,3110839,1,101,5,10,9,1.79769313486232e+308,1.79769313486232e+308
109,"8/09/99",1,3110939,1,101,5,3,6,2,5
110,"8/09/99",1,3111039,1.79769313486232e+308,1.79769313486232e+308,1.79769313486232e+308,1.79769313486232e+308,1.79769313486232e+308,1.79769313486232e+308,1.79769313486232e+308
113,"8/09/99",1,3111139,1.79769313486232e+308,1.79769313486232e+308,1.79769313486232e+308,1.79769313486232e+308,1.79769313486232e+308,1.79769313486232e+308,1.79769313486232e+308
76,"8/24/99",1,3120139,1,101,5,5,7,1.79769313486232e+308,1.79769313486232e+308
88,"8/24/99",1,3120149,1.79769313486232e+308,1.79769313486232e+308,1.79769313486232e+308,1.79769313486232e+308,1.79769313486232e+308,1.79769313486232e+308,1.79769313486232e+308
98,"8/24/99",1,3120159,1,101,12,3,5,20,3
77,"8/24/99",1,3120239,1.79769313486232e+308,1.79769313486232e+308,1.79769313486232e+308,1.79769313486232e+308,1.79769313486232e+308,1.79769313486232e+308,1.79769313486232e+308
89,"8/24/99",1,3120249,1,101,8,12,6,30,2
90,"8/24/99",1,3120249,1,102,3,12,4,30,2
99,"8/24/99",1,3120259,1,101,12,10,5,7,3
78,"8/24/99",1,3120339,1.79769313486232e+308,1.79769313486232e+308,1.79769313486232e+308,1.79769313486232e+308,1.79769313486232e+308,1.79769313486232e+308,1.79769313486232e+308
91,"8/24/99",1,3120349,1,101,8,5,7,3,7
92,"8/24/99",1,3120349,1,103,12,30,5,30,5
100,"8/24/99",1,3120359,1,101,8,10,6,15,5
79,"8/24/99",1,3120439,1,101,8,5,8,10,8
93,"8/24/99",1,3120449,1,101,10,8,9,1.79769313486232e+308,1.79769313486232e+308
94,"8/24/99",1,3120449,4,101,8,3,8,1.79769313486232e+308,1.79769313486232e+308
101,"8/24/99",1,3120459,1,101,8,10,6,15,8
80,"8/24/99",1,3120539,1.79769313486232e+308,1.79769313486232e+308,1.79769313486232e+308,1.79769313486232e+308,1.79769313486232e+308,1.79769313486232e+308,1.79769313486232e+308
95,"8/24/99",1,3120549,1.79769313486232e+308,1.79769313486232e+308,1.79769313486232e+308,1.79769313486232e+308,1.79769313486232e+308,1.79769313486232e+308,1.79769313486232e+308
81,"8/24/99",1,3120639,1,101,4,5,4,1.79769313486232e+308,1.79769313486232e+308
82,"8/24/99",1,3120639,4,104,12,28,2,30,2
96,"8/24/99",1,3120649,1,101,4,5,8,1.79769313486232e+308,1.79769313486232e+308
83,"8/24/99",1,3120739,1.79769313486232e+308,1.79769313486232e+308,1.79769313486232e+308,1.79769313486232e+308,1.79769313486232e+308,1.79769313486232e+308,1.79769313486232e+308
97,"8/24/99",1,3120749,1,101,7,15,5,30,5
84,"8/24/99",1,3120839,1.79769313486232e+308,1.79769313486232e+308,1.79769313486232e+308,1.79769313486232e+308,1.79769313486232e+308,1.79769313486232e+308,1.79769313486232e+308
85,"8/24/99",1,3120939,1.79769313486232e+308,1.79769313486232e+308,1.79769313486232e+308,1.79769313486232e+308,1.79769313486232e+308,1.79769313486232e+308,1.79769313486232e+308
87,"8/24/99",1,3121039,1,104,3,4,2,1.79769313486232e+308,1.79769313486232e+308
86,"8/24/99",1,3121039,1,103,3,30,7,1.79769313486232e+308,1.79769313486232e+308
93,"8/31/99",1,3130139,1.79769313486232e+308,1.79769313486232e+308,1.79769313486232e+308,1.79769313486232e+308,1.79769313486232e+308,1.79769313486232e+308,1.79769313486232e+308
99,"9/05/99",1,3130149,1.79769313486232e+308,1.79769313486232e+308,1.79769313486232e+308,1.79769313486232e+308,1.79769313486232e+308,1.79769313486232e+308,1.79769313486232e+308
111,"9/05/99",1,3130159,1,101,9,7,8,10,8
94,"9/05/99",1,3130239,1.79769313486232e+308,1.79769313486232e+308,1.79769313486232e+308,1.79769313486232e+308,1.79769313486232e+308,1.79769313486232e+308,1.79769313486232e+308
100,"9/05/99",1,3130249,1,101,12,10,4,20,5
101,"9/05/99",1,3130249,4,101,3,10,4,12,4
112,"9/05/99",1,3130259,1,101,5,3,8,1.79769313486232e+308,1.79769313486232e+308
113,"9/05/99",1,3130259,6,101,5,3,8,1.79769313486232e+308,1.79769313486232e+308
95,"9/05/99",1,3130339,1.79769313486232e+308,1.79769313486232e+308,1.79769313486232e+308,1.79769313486232e+308,1.79769313486232e+308,1.79769313486232e+308,1.79769313486232e+308
102,"9/05/99",1,3130349,1.79769313486232e+308,1.79769313486232e+308,1.79769313486232e+308,1.79769313486232e+308,1.79769313486232e+308,1.79769313486232e+308,1.79769313486232e+308
114,"9/05/99",1,3130359,1.79769313486232e+308,1.79769313486232e+308,1.79769313486232e+308,1.79769313486232e+308,1.79769313486232e+308,1.79769313486232e+308,1.79769313486232e+308
96,"9/05/99",1,3130439,1.79769313486232e+308,1.79769313486232e+308,1.79769313486232e+308,1.79769313486232e+308,1.79769313486232e+308,1.79769313486232e+308,1.79769313486232e+308
103,"9/05/99",1,3130449,1.79769313486232e+308,1.79769313486232e+308,1.79769313486232e+308,1.79769313486232e+308,1.79769313486232e+308,1.79769313486232e+308,1.79769313486232e+308
115,"9/05/99",1,3130459,4,101,5,5,5,3,6
116,"9/05/99",1,3130459,6,101,5,5,5,3,6
117,"9/05/99",1,3130459,7,101,5,5,5,3,6
97,"9/05/99",1,3130539,1.79769313486232e+308,1.79769313486232e+308,1.79769313486232e+308,1.79769313486232e+308,1.79769313486232e+308,1.79769313486232e+308,1.79769313486232e+308
104,"9/05/99",1,3130549,1.79769313486232e+308,1.79769313486232e+308,1.79769313486232e+308,1.79769313486232e+308,1.79769313486232e+308,1.79769313486232e+308,1.79769313486232e+308
98,"9/05/99",1,3130629,1.79769313486232e+308,1.79769313486232e+308,1.79769313486232e+308,1.79769313486232e+308,1.79769313486232e+308,1.79769313486232e+308,1.79769313486232e+308
105,"9/05/99",1,3130649,1,101,5,3,9,1.79769313486232e+308,1.79769313486232e+308
106,"9/05/99",1,3130749,1.79769313486232e+308,1.79769313486232e+308,1.79769313486232e+308,1.79769313486232e+308,1.79769313486232e+308,1.79769313486232e+308,1.79769313486232e+308
107,"9/05/99",1,3130849,1.79769313486232e+308,1.79769313486232e+308,1.79769313486232e+308,1.79769313486232e+308,1.79769313486232e+308,1.79769313486232e+308,1.79769313486232e+308
108,"9/05/99",1,3130949,1.79769313486232e+308,1.79769313486232e+308,1.79769313486232e+308,1.79769313486232e+308,1.79769313486232e+308,1.79769313486232e+308,1.79769313486232e+308
109,"9/05/99",1,3131049,1.79769313486232e+308,1.79769313486232e+308,1.79769313486232e+308,1.79769313486232e+308,1.79769313486232e+308,1.79769313486232e+308,1.79769313486232e+308
110,"9/05/99",1,3131149,1.79769313486232e+308,1.79769313486232e+308,1.79769313486232e+308,1.79769313486232e+308,1.79769313486232e+308,1.79769313486232e+308,1.79769313486232e+308
121,"8/10/99",1,3210139,1.79769313486232e+308,1.79769313486232e+308,1.79769313486232e+308,1.79769313486232e+308,1.79769313486232e+308,1.79769313486232e+308,1.79769313486232e+308
133,"8/10/99",1,3210149,1.79769313486232e+308,1.79769313486232e+308,1.79769313486232e+308,1.79769313486232e+308,1.79769313486232e+308,1.79769313486232e+308,1.79769313486232e+308
140,"8/10/99",1,3210159,1.79769313486232e+308,1.79769313486232e+308,1.79769313486232e+308,1.79769313486232e+308,1.79769313486232e+308,1.79769313486232e+308,1.79769313486232e+308
122,"8/10/99",1,3210239,5,101,2,3,5,1.79769313486232e+308,1.79769313486232e+308
123,"8/10/99",1,3210239,7,101,3,5,6,1.79769313486232e+308,1.79769313486232e+308
134,"8/10/99",1,3210249,1.79769313486232e+308,1.79769313486232e+308,1.79769313486232e+308,1.79769313486232e+308,1.79769313486232e+308,1.79769313486232e+308,1.79769313486232e+308
141,"8/10/99",1,3210259,1.79769313486232e+308,1.79769313486232e+308,1.79769313486232e+308,1.79769313486232e+308,1.79769313486232e+308,1.79769313486232e+308,1.79769313486232e+308
124,"8/10/99",1,3210339,1,101,5,20,10,1.79769313486232e+308,1.79769313486232e+308
135,"8/10/99",1,3210349,1.79769313486232e+308,1.79769313486232e+308,1.79769313486232e+308,1.79769313486232e+308,1.79769313486232e+308,1.79769313486232e+308,1.79769313486232e+308
142,"8/10/99",1,3210359,1,101,8,6,7,8,7
143,"8/10/99",1,3210359,2,104,12,25,2,25,2
125,"8/10/99",1,3210439,1,101,5,20,8,1.79769313486232e+308,1.79769313486232e+308
136,"8/10/99",1,3210449,1.79769313486232e+308,1.79769313486232e+308,1.79769313486232e+308,1.79769313486232e+308,1.79769313486232e+308,1.79769313486232e+308,1.79769313486232e+308
144,"8/10/99",1,3210459,1.79769313486232e+308,1.79769313486232e+308,1.79769313486232e+308,1.79769313486232e+308,1.79769313486232e+308,1.79769313486232e+308,1.79769313486232e+308
126,"8/10/99",1,3210539,1.79769313486232e+308,1.79769313486232e+308,1.79769313486232e+308,1.79769313486232e+308,1.79769313486232e+308,1.79769313486232e+308,1.79769313486232e+308
137,"8/10/99",1,3210549,1.79769313486232e+308,1.79769313486232e+308,1.79769313486232e+308,1.79769313486232e+308,1.79769313486232e+308,1.79769313486232e+308,1.79769313486232e+308
127,"8/10/99",1,3210619,1,101,5,20,8,1.79769313486232e+308,1.79769313486232e+308
128,"8/10/99",1,3210619,4,101,3,20,8,1.79769313486232e+308,1.79769313486232e+308
138,"8/10/99",1,3210649,1.79769313486232e+308,1.79769313486232e+308,1.79769313486232e+308,1.79769313486232e+308,1.79769313486232e+308,1.79769313486232e+308,1.79769313486232e+308
129,"8/10/99",1,3210739,1.79769313486232e+308,1.79769313486232e+308,1.79769313486232e+308,1.79769313486232e+308,1.79769313486232e+308,1.79769313486232e+308,1.79769313486232e+308
139,"8/10/99",1,3210749,1.79769313486232e+308,1.79769313486232e+308,1.79769313486232e+308,1.79769313486232e+308,1.79769313486232e+308,1.79769313486232e+308,1.79769313486232e+308
130,"8/10/99",1,3210829,1.79769313486232e+308,1.79769313486232e+308,1.79769313486232e+308,1.79769313486232e+308,1.79769313486232e+308,1.79769313486232e+308,1.79769313486232e+308
131,"8/10/99",1,3210929,1,101,5,3,8,1.79769313486232e+308,1.79769313486232e+308
132,"8/10/99",1,3211039,1,101,5,20,9,1.79769313486232e+308,1.79769313486232e+308
22,"8/23/99",1,3220139,1.79769313486232e+308,1.79769313486232e+308,1.79769313486232e+308,1.79769313486232e+308,1.79769313486232e+308,1.79769313486232e+308,1.79769313486232e+308
36,"8/30/99",1,3220149,1,101,6,7,5,5,8
37,"8/30/99",1,3220149,3,101,3,6,5,1.79769313486232e+308,1.79769313486232e+308
42,"8/30/99",1,3220159,1,101,10,25,9,25,5
43,"8/30/99",1,3220159,2,104,12,30,2,30,2
23,"8/23/99",1,3220239,1.79769313486232e+308,1.79769313486232e+308,1.79769313486232e+308,1.79769313486232e+308,1.79769313486232e+308,1.79769313486232e+308,1.79769313486232e+308
38,"8/30/99",1,3220249,1.79769313486232e+308,1.79769313486232e+308,1.79769313486232e+308,1.79769313486232e+308,1.79769313486232e+308,1.79769313486232e+308,1.79769313486232e+308
44,"8/30/99",1,3220259,1.79769313486232e+308,1.79769313486232e+308,1.79769313486232e+308,1.79769313486232e+308,1.79769313486232e+308,1.79769313486232e+308,1.79769313486232e+308
24,"8/23/99",1,3220339,1.79769313486232e+308,1.79769313486232e+308,1.79769313486232e+308,1.79769313486232e+308,1.79769313486232e+308,1.79769313486232e+308,1.79769313486232e+308
39,"8/30/99",1,3220349,1.79769313486232e+308,1.79769313486232e+308,1.79769313486232e+308,1.79769313486232e+308,1.79769313486232e+308,1.79769313486232e+308,1.79769313486232e+308
45,"8/30/99",1,3220359,1,101,9,12,8,7,8
25,"8/23/99",1,3220419,1.79769313486232e+308,1.79769313486232e+308,1.79769313486232e+308,1.79769313486232e+308,1.79769313486232e+308,1.79769313486232e+308,1.79769313486232e+308
40,"8/30/99",1,3220449,1,101,9,10,10,12,8
46,"8/30/99",1,3220459,1.79769313486232e+308,1.79769313486232e+308,1.79769313486232e+308,1.79769313486232e+308,1.79769313486232e+308,1.79769313486232e+308,1.79769313486232e+308
26,"8/23/99",1,3220539,1.79769313486232e+308,1.79769313486232e+308,1.79769313486232e+308,1.79769313486232e+308,1.79769313486232e+308,1.79769313486232e+308,1.79769313486232e+308
41,"8/30/99",1,3220549,1.79769313486232e+308,1.79769313486232e+308,1.79769313486232e+308,1.79769313486232e+308,1.79769313486232e+308,1.79769313486232e+308,1.79769313486232e+308
27,"8/23/99",1,3220619,1,101,4,8,7,7,10
28,"8/23/99",1,3220619,2,101,3,7,5,7,5
29,"8/23/99",1,3220739,1.79769313486232e+308,1.79769313486232e+308,1.79769313486232e+308,1.79769313486232e+308,1.79769313486232e+308,1.79769313486232e+308,1.79769313486232e+308
30,"8/23/99",1,3220839,2,101,5,9,10,1.79769313486232e+308,1.79769313486232e+308
31,"8/23/99",1,3220839,3,101,5,8,10,1.79769313486232e+308,1.79769313486232e+308
32,"8/23/99",1,3220939,1.79769313486232e+308,1.79769313486232e+308,1.79769313486232e+308,1.79769313486232e+308,1.79769313486232e+308,1.79769313486232e+308,1.79769313486232e+308
33,"8/23/99",1,3221019,1.79769313486232e+308,1.79769313486232e+308,1.79769313486232e+308,1.79769313486232e+308,1.79769313486232e+308,1.79769313486232e+308,1.79769313486232e+308
34,"8/23/99",1,3221139,1.79769313486232e+308,1.79769313486232e+308,1.79769313486232e+308,1.79769313486232e+308,1.79769313486232e+308,1.79769313486232e+308,1.79769313486232e+308
35,"8/30/99",1,3221239,1.79769313486232e+308,1.79769313486232e+308,1.79769313486232e+308,1.79769313486232e+308,1.79769313486232e+308,1.79769313486232e+308,1.79769313486232e+308
47,"8/30/99",1,3230139,1.79769313486232e+308,1.79769313486232e+308,1.79769313486232e+308,1.79769313486232e+308,1.79769313486232e+308,1.79769313486232e+308,1.79769313486232e+308
57,"9/07/99",1,3230149,1,101,7,10,10,1.79769313486232e+308,1.79769313486232e+308
64,"9/08/99",1,3230159,4,101,9,7,8,1.79769313486232e+308,1.79769313486232e+308
48,"9/07/99",1,3230219,1.79769313486232e+308,1.79769313486232e+308,1.79769313486232e+308,1.79769313486232e+308,1.79769313486232e+308,1.79769313486232e+308,1.79769313486232e+308
58,"9/07/99",1,3230249,1.79769313486232e+308,1.79769313486232e+308,1.79769313486232e+308,1.79769313486232e+308,1.79769313486232e+308,1.79769313486232e+308,1.79769313486232e+308
65,"9/08/99",1,3230259,3,101,5,6,6,1.79769313486232e+308,1.79769313486232e+308
49,"9/07/99",1,3230339,1.79769313486232e+308,1.79769313486232e+308,1.79769313486232e+308,1.79769313486232e+308,1.79769313486232e+308,1.79769313486232e+308,1.79769313486232e+308
59,"9/08/99",1,3230349,1.79769313486232e+308,1.79769313486232e+308,1.79769313486232e+308,1.79769313486232e+308,1.79769313486232e+308,1.79769313486232e+308,1.79769313486232e+308
66,"9/08/99",1,3230359,1.79769313486232e+308,1.79769313486232e+308,1.79769313486232e+308,1.79769313486232e+308,1.79769313486232e+308,1.79769313486232e+308,1.79769313486232e+308
50,"9/07/99",1,3230439,1.79769313486232e+308,1.79769313486232e+308,1.79769313486232e+308,1.79769313486232e+308,1.79769313486232e+308,1.79769313486232e+308,1.79769313486232e+308
60,"9/08/99",1,3230449,1,104,12,30,12,30,12
67,"9/08/99",1,3230459,1,101,5,15,10,1.79769313486232e+308,1.79769313486232e+308
51,"9/07/99",1,3230539,1.79769313486232e+308,1.79769313486232e+308,1.79769313486232e+308,1.79769313486232e+308,1.79769313486232e+308,1.79769313486232e+308,1.79769313486232e+308
61,"9/08/99",1,3230549,1,101,5,2,8,1.79769313486232e+308,1.79769313486232e+308
52,"9/07/99",1,3230639,1.79769313486232e+308,1.79769313486232e+308,1.79769313486232e+308,1.79769313486232e+308,1.79769313486232e+308,1.79769313486232e+308,1.79769313486232e+308
62,"9/08/99",1,3230649,1,101,5,12,6,12,7
53,"9/07/99",1,3230719,1.79769313486232e+308,1.79769313486232e+308,1.79769313486232e+308,1.79769313486232e+308,1.79769313486232e+308,1.79769313486232e+308,1.79769313486232e+308
63,"9/08/99",1,3230749,1.79769313486232e+308,1.79769313486232e+308,1.79769313486232e+308,1.79769313486232e+308,1.79769313486232e+308,1.79769313486232e+308,1.79769313486232e+308
54,"9/07/99",1,3230839,1.79769313486232e+308,1.79769313486232e+308,1.79769313486232e+308,1.79769313486232e+308,1.79769313486232e+308,1.79769313486232e+308,1.79769313486232e+308
55,"9/07/99",1,3230939,1.79769313486232e+308,1.79769313486232e+308,1.79769313486232e+308,1.79769313486232e+308,1.79769313486232e+308,1.79769313486232e+308,1.79769313486232e+308
56,"9/07/99",1,3231039,1.79769313486232e+308,1.79769313486232e+308,1.79769313486232e+308,1.79769313486232e+308,1.79769313486232e+308,1.79769313486232e+308,1.79769313486232e+308